"row","stable","value","dbh_cm"
1,TRUE,3.28467019631625e-24,5
1,TRUE,1.51155430952135e-23,5.55555555555556
1,TRUE,5.80472475577676e-23,6.11111111111111
1,TRUE,2.03840171038971e-22,6.66666666666667
1,TRUE,6.7958611509271e-22,7.22222222222222
1,TRUE,2.18409788786578e-21,7.77777777777778
1,TRUE,6.81524388066014e-21,8.33333333333333
1,TRUE,2.07244093265563e-20,8.88888888888889
1,TRUE,6.15426006232659e-20,9.44444444444444
1,TRUE,1.78692974932585e-19,10
1,TRUE,5.07730344092203e-19,10.5555555555556
1,TRUE,1.41255059466468e-18,11.1111111111111
1,TRUE,3.84955772299825e-18,11.6666666666667
1,TRUE,1.02803495385978e-17,12.2222222222222
1,TRUE,2.69108089121858e-17,12.7777777777778
1,TRUE,6.90691965001472e-17,13.3333333333333
1,TRUE,1.73855328635812e-16,13.8888888888889
1,TRUE,4.29277367676477e-16,14.4444444444444
1,TRUE,1.03999204806177e-15,15
1,TRUE,2.47261370035591e-15,15.5555555555556
1,TRUE,5.7704058126344e-15,16.1111111111111
1,TRUE,1.3221110302124e-14,16.6666666666667
1,TRUE,2.97459017973865e-14,17.2222222222222
1,TRUE,6.57308089455508e-14,17.7777777777778
1,TRUE,1.42684735199322e-13,18.3333333333333
1,TRUE,3.04323930712319e-13,18.8888888888889
1,TRUE,6.3786319412273e-13,19.4444444444444
1,TRUE,1.31411745433818e-12,20
1,TRUE,2.66157092915515e-12,20.5555555555556
1,TRUE,5.30054947363755e-12,21.1111111111111
1,TRUE,1.0381600588301e-11,21.6666666666667
1,TRUE,2.00009114302668e-11,22.2222222222222
1,TRUE,3.79104300445301e-11,22.7777777777778
1,TRUE,7.07086392787422e-11,23.3333333333333
1,TRUE,1.29799347349701e-10,23.8888888888889
1,TRUE,2.34552613451316e-10,24.4444444444444
1,TRUE,4.17308621111197e-10,25
1,TRUE,7.31148260612907e-10,25.5555555555556
1,TRUE,1.26172995679706e-09,26.1111111111111
1,TRUE,2.14497522991627e-09,26.6666666666667
1,TRUE,3.59298404411971e-09,27.2222222222222
1,TRUE,5.93127275839347e-09,27.7777777777778
1,TRUE,9.65123312271237e-09,28.3333333333333
1,TRUE,1.5482567378593e-08,28.8888888888889
1,TRUE,2.44912893018388e-08,29.4444444444444
1,TRUE,3.82095863165426e-08,30
1,TRUE,5.88042693766323e-08,30.5555555555556
1,TRUE,8.929051743883e-08,31.1111111111111
1,TRUE,1.33796950474283e-07,31.6666666666667
1,TRUE,1.97886530988775e-07,32.2222222222222
1,TRUE,2.88935209581147e-07,32.7777777777778
1,TRUE,4.16566456717263e-07,33.3333333333333
1,TRUE,5.93134809581755e-07,33.8888888888889
1,TRUE,8.34245382502501e-07,34.4444444444444
1,TRUE,1.15928916994435e-06,35
1,TRUE,1.59196631454172e-06,35.5555555555556
1,TRUE,2.16076189644491e-06,36.1111111111111
1,TRUE,2.89933195503901e-06,36.6666666666667
1,TRUE,3.84675221625774e-06,37.2222222222222
1,TRUE,5.0475792381964e-06,37.7777777777778
1,TRUE,6.55167421598982e-06,38.3333333333333
1,TRUE,8.41374415390271e-06,38.8888888888889
1,TRUE,1.0692563904627e-05,39.4444444444444
1,TRUE,1.34498557282966e-05,40
1,TRUE,1.67488201621129e-05,40.5555555555556
1,TRUE,2.06523323116682e-05,41.1111111111111
1,TRUE,2.52208399705425e-05,41.6666666666667
1,TRUE,3.05100227111742e-05,42.2222222222222
1,TRUE,3.65682925217879e-05,42.7777777777778
1,TRUE,4.34342348814305e-05,43.3333333333333
1,TRUE,5.11341026542076e-05,43.8888888888889
1,TRUE,5.96794823813842e-05,44.4444444444444
1,TRUE,6.90652523718211e-05,45
1,TRUE,7.92679438173235e-05,45.5555555555556
1,TRUE,9.02445998646837e-05,46.1111111111111
1,TRUE,0.000101932203500796,46.6666666666667
1,TRUE,0.0001142477139714,47.2222222222222
1,TRUE,0.000127088714228506,47.7777777777778
1,TRUE,0.000140334629654566,48.3333333333333
1,TRUE,0.000153848432059046,48.8888888888889
1,TRUE,0.000167478693534834,49.4444444444444
1,TRUE,0.000181061802836507,50
1,TRUE,0.000194424102984834,50.5555555555556
1,TRUE,0.000207383653331931,51.1111111111111
1,TRUE,0.000219751263227899,51.6666666666667
1,TRUE,0.00023133038945578,52.2222222222222
1,TRUE,0.000241915438972865,52.7777777777778
1,TRUE,0.000251287977594702,53.3333333333333
1,TRUE,0.00025921032175345,53.8888888888889
1,TRUE,0.000265415993669194,54.4444444444444
1,TRUE,0.000269596568859495,55
1,TRUE,0.000271384603765072,55.5555555555556
1,TRUE,0.000270332654518747,56.1111111111111
1,TRUE,0.000265888171540888,56.6666666666667
1,TRUE,0.000257361020389804,57.2222222222222
1,TRUE,0.000243879820569313,57.7777777777778
1,TRUE,0.000224378856160164,58.3333333333333
1,TRUE,0.000197816245863546,58.8888888888889
1,TRUE,0.000163963931279437,59.4444444444444
1,TRUE,0.000124710557916551,60
2,TRUE,4.94797950802063e-25,5
2,TRUE,2.65106477537279e-24,5.55555555555556
2,TRUE,1.22978793707562e-23,6.11111111111111
2,TRUE,5.3320204139761e-23,6.66666666666667
2,TRUE,2.21599615601881e-22,7.22222222222222
2,TRUE,8.89592637189162e-22,7.77777777777778
2,TRUE,3.45876578328874e-21,8.33333333333333
2,TRUE,1.30390404178799e-20,8.88888888888889
2,TRUE,4.76896919466045e-20,9.44444444444444
2,TRUE,1.69292569352913e-19,10
2,TRUE,5.83493981683071e-19,10.5555555555556
2,TRUE,1.9532560590063e-18,11.1111111111111
2,TRUE,6.35244479294367e-18,11.6666666666667
2,TRUE,2.00777123340637e-17,12.2222222222222
2,TRUE,6.16894724975494e-17,12.7777777777778
2,TRUE,1.84315975094477e-16,13.3333333333333
2,TRUE,5.35675172661042e-16,13.8888888888889
2,TRUE,1.51481033400659e-15,14.4444444444444
2,TRUE,4.16931691911682e-15,15
2,TRUE,1.11725765728299e-14,15.5555555555556
2,TRUE,2.91578587002354e-14,16.1111111111111
2,TRUE,7.41317174830776e-14,16.6666666666667
2,TRUE,1.83667017872289e-13,17.2222222222222
2,TRUE,4.43577743323922e-13,17.7777777777778
2,TRUE,1.04460674772284e-12,18.3333333333333
2,TRUE,2.39946122879562e-12,18.8888888888889
2,TRUE,5.37757016190426e-12,19.4444444444444
2,TRUE,1.17626120579933e-11,20
2,TRUE,2.5118922328079e-11,20.5555555555556
2,TRUE,5.23856429346407e-11,21.1111111111111
2,TRUE,1.06726535883569e-10,21.6666666666667
2,TRUE,2.12479253023867e-10,22.2222222222222
2,TRUE,4.13504331956265e-10,22.7777777777778
2,TRUE,7.86862325146752e-10,23.3333333333333
2,TRUE,1.46456495916589e-09,23.8888888888889
2,TRUE,2.66714155571255e-09,24.4444444444444
2,TRUE,4.75387394048855e-09,25
2,TRUE,8.29564826844634e-09,25.5555555555556
2,TRUE,1.41772252293019e-08,26.1111111111111
2,TRUE,2.37360145645801e-08,26.6666666666667
2,TRUE,3.89437391536407e-08,27.2222222222222
2,TRUE,6.2635221435228e-08,27.7777777777778
2,TRUE,9.87844792530138e-08,28.3333333333333
2,TRUE,1.52822073405145e-07,28.8888888888889
2,TRUE,2.31979168894321e-07,29.4444444444444
2,TRUE,3.45633425214813e-07,30
2,TRUE,5.05620497161858e-07,30.5555555555556
2,TRUE,7.26464030910967e-07,31.1111111111111
2,TRUE,1.02546847994297e-06,31.6666666666667
2,TRUE,1.42261501984275e-06,32.2222222222222
2,TRUE,1.94020344628819e-06,32.7777777777778
2,TRUE,2.60219388035022e-06,33.3333333333333
2,TRUE,3.43322217452116e-06,33.8888888888889
2,TRUE,4.45729164371949e-06,34.4444444444444
2,TRUE,5.69617918839467e-06,35
2,TRUE,7.1676326162079e-06,35.5555555555556
2,TRUE,8.88347341398281e-06,36.1111111111111
2,TRUE,1.08477501624267e-05,36.6666666666667
2,TRUE,1.30551071431437e-05,37.2222222222222
2,TRUE,1.54895363392686e-05,37.7777777777778
2,TRUE,1.81236665704907e-05,38.3333333333333
2,TRUE,2.0918710776666e-05,38.8888888888889
2,TRUE,2.3825143779707e-05,39.4444444444444
2,TRUE,2.67841228015107e-05,40
2,TRUE,2.97295979176851e-05,40.5555555555556
2,TRUE,3.25909966956573e-05,41.1111111111111
2,TRUE,3.5296313616674e-05,41.6666666666667
2,TRUE,3.77753965567067e-05,42.2222222222222
2,TRUE,3.99632037672133e-05,42.7777777777778
2,TRUE,4.1802807232574e-05,43.3333333333333
2,TRUE,4.32479412306268e-05,43.8888888888889
2,TRUE,4.42649353079886e-05,44.4444444444444
2,TRUE,4.48339238225715e-05,45
2,TRUE,4.49492837441739e-05,45.5555555555556
2,TRUE,4.46193123104823e-05,46.1111111111111
2,TRUE,4.38652106720055e-05,46.6666666666667
2,TRUE,4.27194841977161e-05,47.2222222222222
2,TRUE,4.12239015437134e-05,47.7777777777778
2,TRUE,3.94271714861936e-05,48.3333333333333
2,TRUE,3.73824990894851e-05,48.8888888888889
2,TRUE,3.51451726018222e-05,49.4444444444444
2,TRUE,3.27703121363151e-05,50
2,TRUE,3.0310883872348e-05,50.5555555555556
2,TRUE,2.7816052530183e-05,51.1111111111111
2,TRUE,2.53299133458622e-05,51.6666666666667
2,TRUE,2.28906153358667e-05,52.2222222222222
2,TRUE,2.05298622678598e-05,52.7777777777778
2,TRUE,1.82727576969335e-05,53.3333333333333
2,TRUE,1.61379462050604e-05,53.8888888888889
2,TRUE,1.41379944645048e-05,54.4444444444444
2,TRUE,1.2279952718945e-05,55
2,TRUE,1.05660404571497e-05,55.5555555555556
2,TRUE,8.99440712706224e-06,56.1111111111111
2,TRUE,7.55990646614234e-06,56.6666666666667
2,TRUE,6.2547634359975e-06,57.2222222222222
2,TRUE,5.0690904073207e-06,57.7777777777778
2,TRUE,3.99205661909538e-06,58.3333333333333
2,TRUE,3.01607100444002e-06,58.8888888888889
2,TRUE,2.14526423233702e-06,59.4444444444444
2,TRUE,1.40211432768595e-06,60
3,TRUE,1.86096108702767e-31,5
3,TRUE,1.04075578777142e-30,5.55555555555556
3,TRUE,4.92593345014401e-30,6.11111111111111
3,TRUE,2.15329284968446e-29,6.66666666666667
3,TRUE,8.99000983960873e-29,7.22222222222222
3,TRUE,3.62952662361741e-28,7.77777777777778
3,TRUE,1.4244180967953e-27,8.33333333333333
3,TRUE,5.44716652803711e-27,8.88888888888889
3,TRUE,2.03226332425371e-26,9.44444444444444
3,TRUE,7.40224171683225e-26,10
3,TRUE,2.63334766756189e-25,10.5555555555556
3,TRUE,9.15266885490772e-25,11.1111111111111
3,TRUE,3.10875302768021e-24,11.6666666666667
3,TRUE,1.03207699786455e-23,12.2222222222222
3,TRUE,3.34968985572246e-23,12.7777777777778
3,TRUE,1.06300953654634e-22,13.3333333333333
3,TRUE,3.29897784589526e-22,13.8888888888889
3,TRUE,1.00137840435194e-21,14.4444444444444
3,TRUE,2.97343543108961e-21,15
3,TRUE,8.63820612523672e-21,15.5555555555556
3,TRUE,2.45558715422058e-20,16.1111111111111
3,TRUE,6.83147904687271e-20,16.6666666666667
3,TRUE,1.86020840098738e-19,17.2222222222222
3,TRUE,4.95855260817454e-19,17.7777777777778
3,TRUE,1.29405546927335e-18,18.3333333333333
3,TRUE,3.30683809326419e-18,18.8888888888889
3,TRUE,8.27545279306223e-18,19.4444444444444
3,TRUE,2.02836191813707e-17,20
3,TRUE,4.87000488568171e-17,20.5555555555556
3,TRUE,1.14550876973621e-16,21.1111111111111
3,TRUE,2.64001705093619e-16,21.6666666666667
3,TRUE,5.96221989438951e-16,22.2222222222222
3,TRUE,1.31963946319437e-15,22.7777777777778
3,TRUE,2.86286730819914e-15,23.3333333333333
3,TRUE,6.0883249052931e-15,23.8888888888889
3,TRUE,1.26939462695254e-14,24.4444444444444
3,TRUE,2.59506832733482e-14,25
3,TRUE,5.20241326571457e-14,25.5555555555556
3,TRUE,1.02285708786244e-13,26.1111111111111
3,TRUE,1.97255372255941e-13,26.6666666666667
3,TRUE,3.73160598681821e-13,27.2222222222222
3,TRUE,6.92571580911684e-13,27.7777777777778
3,TRUE,1.2612000923472e-12,28.3333333333333
3,TRUE,2.25373003116693e-12,28.8888888888889
3,TRUE,3.95244778152117e-12,29.4444444444444
3,TRUE,6.80337163019221e-12,30
3,TRUE,1.14953765523381e-11,30.5555555555556
3,TRUE,1.9068214596162e-11,31.1111111111111
3,TRUE,3.10549829209226e-11,31.6666666666667
3,TRUE,4.96630490143029e-11,32.2222222222222
3,TRUE,7.79942293363038e-11,32.7777777777778
3,TRUE,1.20299712766732e-10,33.3333333333333
3,TRUE,1.82257589411714e-10,33.8888888888889
3,TRUE,2.71251001942733e-10,34.4444444444444
3,TRUE,3.96613507533555e-10,35
3,TRUE,5.69796492601535e-10,35.5555555555556
3,TRUE,8.04403370200773e-10,36.1111111111111
3,TRUE,1.11602933853547e-09,36.6666666666667
3,TRUE,1.52184650684069e-09,37.2222222222222
3,TRUE,2.03988483460572e-09,37.7777777777778
3,TRUE,2.6879814044989e-09,38.3333333333333
3,TRUE,3.48240439420656e-09,38.8888888888889
3,TRUE,4.43620199350554e-09,39.4444444444444
3,TRUE,5.55737630835714e-09,40
3,TRUE,6.84703160097648e-09,40.5555555555556
3,TRUE,8.29768698081882e-09,41.1111111111111
3,TRUE,9.89196733260389e-09,41.6666666666667
3,TRUE,1.1601885323292e-08,42.2222222222222
3,TRUE,1.33888969404965e-08,42.7777777777778
3,TRUE,1.5204852476333e-08,43.3333333333333
3,TRUE,1.69938784579823e-08,43.8888888888889
3,TRUE,1.86951229778322e-08,44.4444444444444
3,TRUE,2.02461903861914e-08,45
3,TRUE,2.15869966143929e-08,45.5555555555556
3,TRUE,2.26637082598263e-08,46.1111111111111
3,TRUE,2.34323986368575e-08,46.6666666666667
3,TRUE,2.38620685821351e-08,47.2222222222222
3,TRUE,2.39367385167335e-08,47.7777777777778
3,TRUE,2.36564139032519e-08,48.3333333333333
3,TRUE,2.3036845879646e-08,48.8888888888889
3,TRUE,2.21081360478766e-08,49.4444444444444
3,TRUE,2.09123519235863e-08,50
3,TRUE,1.95004122603086e-08,50.5555555555556
3,TRUE,1.79285586077608e-08,51.1111111111111
3,TRUE,1.62547461551085e-08,51.6666666666667
3,TRUE,1.45352644175221e-08,52.2222222222222
3,TRUE,1.28218433151455e-08,52.7777777777778
3,TRUE,1.11594231222703e-08,53.3333333333333
3,TRUE,9.58467980209685e-09,53.8888888888889
3,TRUE,8.12531216445154e-09,54.4444444444444
3,TRUE,6.80002369753527e-09,55
3,TRUE,5.61907610419841e-09,55.5555555555556
3,TRUE,4.58525566322583e-09,56.1111111111111
3,TRUE,3.69507353287331e-09,56.6666666666667
3,TRUE,2.94000503661345e-09,57.2222222222222
3,TRUE,2.3075671345424e-09,57.7777777777778
3,TRUE,1.78216614955924e-09,58.3333333333333
3,TRUE,1.34619145365931e-09,58.8888888888889
3,TRUE,9.82567609410299e-10,59.4444444444444
3,TRUE,6.79283448557657e-10,60
4,TRUE,1.12012968062024e-30,5
4,TRUE,7.30356273166966e-30,5.55555555555556
4,TRUE,4.16809535094454e-29,6.11111111111111
4,TRUE,2.23276227741914e-28,6.66666666666667
4,TRUE,1.14652939716077e-27,7.22222222222222
4,TRUE,5.67585430774999e-27,7.77777777777778
4,TRUE,2.7136598571883e-26,8.33333333333333
4,TRUE,1.25391397821274e-25,8.88888888888889
4,TRUE,5.60197451656219e-25,9.44444444444444
4,TRUE,2.42050427139519e-24,10
4,TRUE,1.01176144924581e-23,10.5555555555556
4,TRUE,4.09231546664739e-23,11.1111111111111
4,TRUE,1.60209355463094e-22,11.6666666666667
4,TRUE,6.07215005979237e-22,12.2222222222222
4,TRUE,2.22864242329964e-21,12.7777777777778
4,TRUE,7.9229787692917e-21,13.3333333333333
4,TRUE,2.72893558431714e-20,13.8888888888889
4,TRUE,9.1087934633197e-20,14.4444444444444
4,TRUE,2.94711371949693e-19,15
4,TRUE,9.24499555204514e-19,15.5555555555556
4,TRUE,2.81251737470158e-18,16.1111111111111
4,TRUE,8.29978726210808e-18,16.6666666666667
4,TRUE,2.37643596671494e-17,17.2222222222222
4,TRUE,6.60353495567437e-17,17.7777777777778
4,TRUE,1.78123609590227e-16,18.3333333333333
4,TRUE,4.66513490579886e-16,18.8888888888889
4,TRUE,1.18660823072954e-15,19.4444444444444
4,TRUE,2.93192800152024e-15,20
4,TRUE,7.03888816146216e-15,20.5555555555556
4,TRUE,1.64233343982465e-14,21.1111111111111
4,TRUE,3.725001706556e-14,21.6666666666667
4,TRUE,8.21486691645386e-14,22.2222222222222
4,TRUE,1.76191212799843e-13,22.7777777777778
4,TRUE,3.67602167030353e-13,23.3333333333333
4,TRUE,7.46246237520091e-13,23.8888888888889
4,TRUE,1.47433584211232e-12,24.4444444444444
4,TRUE,2.83544041763491e-12,25
4,TRUE,5.30950317381754e-12,25.5555555555556
4,TRUE,9.68268298001889e-12,26.1111111111111
4,TRUE,1.72006568065511e-11,26.6666666666667
4,TRUE,2.97714981582385e-11,27.2222222222222
4,TRUE,5.02182293568432e-11,27.7777777777778
4,TRUE,8.25706561211408e-11,28.3333333333333
4,TRUE,1.32370802881567e-10,28.8888888888889
4,TRUE,2.06947044961692e-10,29.4444444444444
4,TRUE,3.15591439324848e-10,30
4,TRUE,4.69557257999482e-10,30.5555555555556
4,TRUE,6.81785401541338e-10,31.1111111111111
4,TRUE,9.66275892665492e-10,31.6666666666667
4,TRUE,1.33704960897233e-09,32.2222222222222
4,TRUE,1.80669817138647e-09,32.7777777777778
4,TRUE,2.38459357545863e-09,33.3333333333333
4,TRUE,3.07491440668586e-09,33.8888888888889
4,TRUE,3.87472688492239e-09,34.4444444444444
4,TRUE,4.77241727768874e-09,35
4,TRUE,5.74678840432068e-09,35.5555555555556
4,TRUE,6.76709336916721e-09,36.1111111111111
4,TRUE,7.79418078827651e-09,36.6666666666667
4,TRUE,8.78277715418071e-09,37.2222222222222
4,TRUE,9.68475609956483e-09,37.7777777777778
4,TRUE,1.04530729331885e-08,38.3333333333333
4,TRUE,1.10459103596656e-08,38.8888888888889
4,TRUE,1.14305168563958e-08,39.4444444444444
4,TRUE,1.15862392690468e-08,40
4,TRUE,1.15063552393446e-08,40.5555555555556
4,TRUE,1.11984811210312e-08,41.1111111111111
4,TRUE,1.06835356281004e-08,41.6666666666667
4,TRUE,9.99344085799585e-09,42.2222222222222
4,TRUE,9.16790497835483e-09,42.7777777777778
4,TRUE,8.25072889649922e-09,43.3333333333333
4,TRUE,7.28610123618533e-09,43.8888888888889
4,TRUE,6.31529599736686e-09,44.4444444444444
4,TRUE,5.37408235889704e-09,45
4,TRUE,4.49102099544922e-09,45.5555555555556
4,TRUE,3.68668253252884e-09,46.1111111111111
4,TRUE,2.97370410123219e-09,46.6666666666667
4,TRUE,2.35751462277473e-09,47.2222222222222
4,TRUE,1.83751474936476e-09,47.7777777777778
4,TRUE,1.40849135509347e-09,48.3333333333333
4,TRUE,1.06207111031351e-09,48.8888888888889
4,TRUE,7.88061849116612e-10,49.4444444444444
4,TRUE,5.75582673631549e-10,50
4,TRUE,4.13934337846145e-10,50.5555555555556
4,TRUE,2.93203707223165e-10,51.1111111111111
4,TRUE,2.04626559021876e-10,51.6666666666667
4,TRUE,1.40751095212028e-10,52.2222222222222
4,TRUE,9.54517652909464e-11,52.7777777777778
4,TRUE,6.38419606628866e-11,53.3333333333333
4,TRUE,4.21277943313494e-11,53.8888888888889
4,TRUE,2.74362086380548e-11,54.4444444444444
4,TRUE,1.76411564856342e-11,55
4,TRUE,1.12029735288147e-11,55.5555555555556
4,TRUE,7.02904503660577e-12,56.1111111111111
4,TRUE,4.35870411635117e-12,56.6666666666667
4,TRUE,2.6718670952213e-12,57.2222222222222
4,TRUE,1.61892996817774e-12,57.7777777777778
4,TRUE,9.68590962463262e-13,58.3333333333333
4,TRUE,5.70193593183591e-13,58.8888888888889
4,TRUE,3.27443889845442e-13,59.4444444444444
4,TRUE,1.80452267579898e-13,60
5,FALSE,5.27078914169523e-13,5
5,FALSE,1.49481604910878e-12,5.55555555555556
5,FALSE,3.59931356766441e-12,6.11111111111111
5,FALSE,8.00275124596762e-12,6.66666666666667
5,FALSE,1.69534409246475e-11,7.22222222222222
5,FALSE,3.46218342081411e-11,7.77777777777778
5,FALSE,6.85220224352267e-11,8.33333333333333
5,FALSE,1.31818246292647e-10,8.88888888888889
5,FALSE,2.46960837328881e-10,9.44444444444444
5,FALSE,4.51263092800835e-10,10
5,FALSE,8.05232202548953e-10,10.5555555555556
5,FALSE,1.40470318019249e-09,11.1111111111111
5,FALSE,2.3980877846099e-09,11.6666666666667
5,FALSE,4.01032947895329e-09,12.2222222222222
5,FALSE,6.57543430409208e-09,12.7777777777778
5,FALSE,1.05797051206013e-08,13.3333333333333
5,FALSE,1.67180180476736e-08,13.8888888888889
5,FALSE,2.59656175771464e-08,14.4444444444444
5,FALSE,3.96679424975262e-08,15
5,FALSE,5.96509015628257e-08,15.5555555555556
5,FALSE,8.83537726314085e-08,16.1111111111111
5,FALSE,1.28986484600348e-07,16.6666666666667
5,FALSE,1.85712448680551e-07,17.2222222222222
5,FALSE,2.63857334789462e-07,17.7777777777778
5,FALSE,3.7014325107873e-07,18.3333333333333
5,FALSE,5.12946701818143e-07,18.8888888888889
5,FALSE,7.02577503572077e-07,19.4444444444444
5,FALSE,9.51574573901347e-07,20
5,FALSE,1.27501322057863e-06,20.5555555555556
5,FALSE,1.69081730794147e-06,21.1111111111111
5,FALSE,2.22006851882668e-06,21.6666666666667
5,FALSE,2.88730392380908e-06,22.2222222222222
5,FALSE,3.72079226947415e-06,22.7777777777778
5,FALSE,4.75277885357274e-06,23.3333333333333
5,FALSE,6.01968860801967e-06,23.8888888888889
5,FALSE,7.56227709098403e-06,24.4444444444444
5,FALSE,9.42571951455409e-06,25
5,FALSE,1.16596287089377e-05,25.5555555555556
5,FALSE,1.43179940382574e-05,26.1111111111111
5,FALSE,1.74590347133964e-05,26.6666666666667
5,FALSE,2.11449626579018e-05,27.2222222222222
5,FALSE,2.5441652026126e-05,27.7777777777778
5,FALSE,3.04182145916032e-05,28.3333333333333
5,FALSE,3.61464824540456e-05,28.8888888888889
5,FALSE,4.27004017866929e-05,29.4444444444444
5,FALSE,5.01553435917144e-05,30
5,FALSE,5.85873395805569e-05,30.5555555555556
5,FALSE,6.80722532827753e-05,31.1111111111111
5,FALSE,7.86848982512406e-05,31.6666666666667
5,FALSE,9.04981167219748e-05,32.2222222222222
5,FALSE,0.000103581833261327,32.7777777777778
5,FALSE,0.000118002098760776,33.3333333333333
5,FALSE,0.000133820140601065,33.8888888888889
5,FALSE,0.000151091434895284,34.4444444444444
5,FALSE,0.000169864816439264,35
5,FALSE,0.000190181641362616,35.5555555555556
5,FALSE,0.000212075016510327,36.1111111111111
5,FALSE,0.000235569108327021,36.6666666666667
5,FALSE,0.00026067854250498,37.2222222222222
5,FALSE,0.000287407903939157,37.7777777777778
5,FALSE,0.000315751344657802,38.3333333333333
5,FALSE,0.000345692305417616,38.8888888888889
5,FALSE,0.000377203354619331,39.4444444444444
5,FALSE,0.000410246146163402,40
5,FALSE,0.000444771495873147,40.5555555555556
5,FALSE,0.00048071957420686,41.1111111111111
5,FALSE,0.000518020211198375,41.6666666666667
5,FALSE,0.000556593307937796,42.2222222222222
5,FALSE,0.000596349347453456,42.7777777777778
5,FALSE,0.000637189996596014,43.3333333333333
5,FALSE,0.00067900878945709,43.8888888888889
5,FALSE,0.000721691881962197,44.4444444444444
5,FALSE,0.000765118866518794,45
5,FALSE,0.00080916363488949,45.5555555555556
5,FALSE,0.00085369527663655,46.1111111111111
5,FALSE,0.00089857899925244,46.6666666666667
5,FALSE,0.000943677053918643,47.2222222222222
5,FALSE,0.00098884964676299,47.7777777777778
5,FALSE,0.00103395580780308,48.3333333333333
5,FALSE,0.00107885417543896,48.8888888888889
5,FALSE,0.00112340362807245,49.4444444444444
5,FALSE,0.00116746364694215,50
5,FALSE,0.00121089420970143,50.5555555555556
5,FALSE,0.00125355486570389,51.1111111111111
5,FALSE,0.00129530238630363,51.6666666666667
5,FALSE,0.00133598594225579,52.2222222222222
5,FALSE,0.00137543801437162,52.7777777777778
5,FALSE,0.00141345799894466,53.3333333333333
5,FALSE,0.00144978341969558,53.8888888888889
5,FALSE,0.00148404032528153,54.4444444444444
5,FALSE,0.00151565912332398,55
5,FALSE,0.0015437338486346,55.5555555555556
5,FALSE,0.00156679039777544,56.1111111111111
5,FALSE,0.00158240807747063,56.6666666666667
5,FALSE,0.00158659387086275,57.2222222222222
5,FALSE,0.00157274563173388,57.7777777777778
5,FALSE,0.00153019757955794,58.3333333333333
5,FALSE,0.00144345781503041,58.8888888888889
5,FALSE,0.00129554923124193,59.4444444444444
5,FALSE,0.00107902278451443,60
6,TRUE,1.04910049943119e-13,5
6,TRUE,3.35663390876093e-13,5.55555555555556
6,TRUE,9.44891401811968e-13,6.11111111111111
6,TRUE,2.49772768246109e-12,6.66666666666667
6,TRUE,6.3196177943022e-12,7.22222222222222
6,TRUE,1.53910084507219e-11,7.77777777777778
6,TRUE,3.61689232815986e-11,8.33333333333333
6,TRUE,8.21467223197582e-11,8.88888888888889
6,TRUE,1.80556644437953e-10,9.44444444444444
6,TRUE,3.84544397474973e-10,10
6,TRUE,7.94527754110504e-10,10.5555555555556
6,TRUE,1.59442832815488e-09,11.1111111111111
6,TRUE,3.11116579573115e-09,11.6666666666667
6,TRUE,5.90931850140354e-09,12.2222222222222
6,TRUE,1.09372005351077e-08,12.7777777777778
6,TRUE,1.97456812663832e-08,13.3333333333333
6,TRUE,3.48066153169985e-08,13.8888888888889
6,TRUE,5.99632989687945e-08,14.4444444444444
6,TRUE,1.01050250726426e-07,15
6,TRUE,1.66722956886159e-07,15.5555555555556
6,TRUE,2.69539002749169e-07,16.1111111111111
6,TRUE,4.27329135138563e-07,16.6666666666667
6,TRUE,6.64889235332602e-07,17.2222222222222
6,TRUE,1.01601108882512e-06,17.7777777777778
6,TRUE,1.52585074564496e-06,18.3333333333333
6,TRUE,2.25360820873095e-06,18.8888888888889
6,TRUE,3.27546183285123e-06,19.4444444444444
6,TRUE,4.68766652123768e-06,20
6,TRUE,6.60968861883917e-06,20.5555555555556
6,TRUE,9.1872149710967e-06,21.1111111111111
6,TRUE,1.25948420343236e-05,21.6666666666667
6,TRUE,1.70382264768795e-05,22.2222222222222
6,TRUE,2.27554645976578e-05,22.7777777777778
6,TRUE,3.00174669024716e-05,23.3333333333333
6,TRUE,3.91271083984534e-05,23.8888888888889
6,TRUE,5.0416965689658e-05,24.4444444444444
6,TRUE,6.42454987064279e-05,25
6,TRUE,8.09915965260713e-05,25.5555555555556
6,TRUE,0.000101047480632655,26.1111111111111
6,TRUE,0.000124810041377862,26.6666666666667
6,TRUE,0.000152670769706259,27.2222222222222
6,TRUE,0.000185004531187729,27.7777777777778
6,TRUE,0.000222157507656883,28.3333333333333
6,TRUE,0.000264434698108833,28.8888888888889
6,TRUE,0.000312087420366196,29.4444444444444
6,TRUE,0.000365301284793719,30
6,TRUE,0.000424185118601361,30.5555555555556
6,TRUE,0.000488761303051286,31.1111111111111
6,TRUE,0.000558957946638834,31.6666666666667
6,TRUE,0.000634603256935883,32.2222222222222
6,TRUE,0.00071542239541199,32.7777777777778
6,TRUE,0.00080103700735125,33.3333333333333
6,TRUE,0.000890967517847018,33.8888888888889
6,TRUE,0.000984638180048903,34.4444444444444
6,TRUE,0.00108138475865542,35
6,TRUE,0.00118046463509395,35.5555555555556
6,TRUE,0.00128106903532479,36.1111111111111
6,TRUE,0.0013823370103527,36.6666666666667
6,TRUE,0.00148337074595916,37.2222222222222
6,TRUE,0.00158325174345729,37.7777777777778
6,TRUE,0.00168105739792835,38.3333333333333
6,TRUE,0.00177587750392249,38.8888888888889
6,TRUE,0.00186683023959685,39.4444444444444
6,TRUE,0.00195307721657773,40
6,TRUE,0.00203383723175945,40.5555555555556
6,TRUE,0.00210839841570981,41.1111111111111
6,TRUE,0.00217612853707213,41.6666666666667
6,TRUE,0.00223648329006021,42.2222222222222
6,TRUE,0.00228901245969637,42.7777777777778
6,TRUE,0.00233336392396554,43.3333333333333
6,TRUE,0.00236928551101641,43.8888888888889
6,TRUE,0.00239662478079946,44.4444444444444
6,TRUE,0.00241532684237402,45
6,TRUE,0.00242543034924125,45.5555555555556
6,TRUE,0.00242706183455054,46.1111111111111
6,TRUE,0.00242042855531827,46.6666666666667
6,TRUE,0.00240581000962864,47.2222222222222
6,TRUE,0.00238354827316497,47.7777777777778
6,TRUE,0.00235403727159682,48.3333333333333
6,TRUE,0.00231771106381998,48.8888888888889
6,TRUE,0.00227503115857864,49.4444444444444
6,TRUE,0.00222647282469793,50
6,TRUE,0.00217251028457102,50.5555555555556
6,TRUE,0.00211360060381725,51.1111111111111
6,TRUE,0.00205016601006516,51.6666666666667
6,TRUE,0.00198257429451894,52.2222222222222
6,TRUE,0.00191111687661659,52.7777777777778
6,TRUE,0.00183598405150538,53.3333333333333
6,TRUE,0.00175723689776089,53.8888888888889
6,TRUE,0.00167477529800638,54.4444444444444
6,TRUE,0.00158830155395616,55
6,TRUE,0.00149727940575195,55.5555555555556
6,TRUE,0.00140088899938853,56.1111111111111
6,TRUE,0.00129797606011406,56.6666666666667
6,TRUE,0.00118697930628264,57.2222222222222
6,TRUE,0.00106581997973898,57.7777777777778
6,TRUE,0.000931922452874495,58.3333333333333
6,TRUE,0.000783103515018297,58.8888888888889
6,TRUE,0.000620390576381278,59.4444444444444
6,TRUE,0.000452097184339092,60
7,FALSE,1.01361584859692e-13,5
7,FALSE,3.02429980336235e-13,5.55555555555556
7,FALSE,7.31086263392693e-13,6.11111111111111
7,FALSE,1.57872873626993e-12,6.66666666666667
7,FALSE,3.18228595974553e-12,7.22222222222222
7,FALSE,6.11102870584491e-12,7.77777777777778
7,FALSE,1.13062093525871e-11,8.33333333333333
7,FALSE,2.02937784455029e-11,8.88888888888889
7,FALSE,3.55026953162778e-11,9.44444444444444
7,FALSE,6.07340561226938e-11,10
7,FALSE,1.01842024837417e-10,10.5555555555556
7,FALSE,1.67707906052875e-10,11.1111111111111
7,FALSE,2.71614155688473e-10,11.6666666666667
7,FALSE,4.33156455435047e-10,12.2222222222222
7,FALSE,6.80869853532223e-10,12.7777777777778
7,FALSE,1.05578992612742e-09,13.3333333333333
7,FALSE,1.61622224217359e-09,13.8888888888889
7,FALSE,2.44405309727177e-09,14.4444444444444
7,FALSE,3.65300106387734e-09,15
7,FALSE,5.39928139377169e-09,15.5555555555556
7,FALSE,7.8952320685686e-09,16.1111111111111
7,FALSE,1.14265289591936e-08,16.6666666666667
7,FALSE,1.63736949639998e-08,17.2222222222222
7,FALSE,2.323868016064e-08,17.7777777777778
7,FALSE,3.26773521337838e-08,18.3333333333333
7,FALSE,4.5538782198219e-08,18.8888888888889
7,FALSE,6.29122380942641e-08,19.4444444444444
7,FALSE,8.61827903643464e-08,20
7,FALSE,1.1709640137966e-07,20.5555555555556
7,FALSE,1.578352864451e-07,21.1111111111111
7,FALSE,2.11104209751674e-07,21.6666666666667
7,FALSE,2.80228199395789e-07,22.2222222222222
7,FALSE,3.69261931969131e-07,22.7777777777778
7,FALSE,4.8311074701017e-07,23.3333333333333
7,FALSE,6.2766290592091e-07,23.8888888888889
7,FALSE,8.09932312510174e-07,24.4444444444444
7,FALSE,1.03821046978875e-06,25
7,FALSE,1.32222596973292e-06,25.5555555555556
7,FALSE,1.67330931219686e-06,26.1111111111111
7,FALSE,2.10456034155786e-06,26.6666666666667
7,FALSE,2.63101509302584e-06,27.2222222222222
7,FALSE,3.2698083747259e-06,27.7777777777778
7,FALSE,4.04032799771078e-06,28.3333333333333
7,FALSE,4.96435622531805e-06,28.8888888888889
7,FALSE,6.06619376642322e-06,29.4444444444444
7,FALSE,7.37276150313342e-06,30
7,FALSE,8.91367513857827e-06,30.5555555555556
7,FALSE,1.07212880872477e-05,31.1111111111111
7,FALSE,1.283069821681e-05,31.6666666666667
7,FALSE,1.52797144892536e-05,32.2222222222222
7,FALSE,1.81087801375345e-05,32.7777777777778
7,FALSE,2.1360849742673e-05,33.3333333333333
7,FALSE,2.5081218430503e-05,33.8888888888889
7,FALSE,2.93173023664833e-05,34.4444444444444
7,FALSE,3.41183707655958e-05,35
7,FALSE,3.95352307227207e-05,35.5555555555556
7,FALSE,4.56198672743479e-05,36.1111111111111
7,FALSE,5.24250421906369e-05,36.6666666666667
7,FALSE,6.00038560329663e-05,37.2222222222222
7,FALSE,6.84092789625614e-05,37.7777777777778
7,FALSE,7.76936566194146e-05,38.3333333333333
7,FALSE,8.79081980801916e-05,38.8888888888889
7,FALSE,9.91024534267302e-05,39.4444444444444
7,FALSE,0.000111323788796576,40
7,FALSE,0.000124616866933705,40.5555555555556
7,FALSE,0.000139023141208,41.1111111111111
7,FALSE,0.0001545803708299,41.6666666666667
7,FALSE,0.000171322164562233,42.2222222222222
7,FALSE,0.000189277559640935,42.7777777777778
7,FALSE,0.000208470641881564,43.3333333333333
7,FALSE,0.000228920212094449,43.8888888888889
7,FALSE,0.00025063950298521,44.4444444444444
7,FALSE,0.000273635949705946,45
7,FALSE,0.000297911016167502,45.5555555555556
7,FALSE,0.000323460078134697,46.1111111111111
7,FALSE,0.000350272362987863,46.6666666666667
7,FALSE,0.000378330944775178,47.2222222222222
7,FALSE,0.0004076127916217,47.7777777777778
7,FALSE,0.000438088860303709,48.3333333333333
7,FALSE,0.00046972422900397,48.8888888888889
7,FALSE,0.00050247825223263,49.4444444444444
7,FALSE,0.000536304708238604,50
7,FALSE,0.00057115188230372,50.5555555555556
7,FALSE,0.000606962476289768,51.1111111111111
7,FALSE,0.000643673131346897,51.6666666666667
7,FALSE,0.00068121315125155,52.2222222222222
7,FALSE,0.000719501634647508,52.7777777777778
7,FALSE,0.000758441514008043,53.3333333333333
7,FALSE,0.000797907687923045,53.8888888888889
7,FALSE,0.000837724049901,54.4444444444444
7,FALSE,0.000877619960953833,55
7,FALSE,0.000917149308434808,55.5555555555556
7,FALSE,0.0009555427010304,56.1111111111111
7,FALSE,0.000991440893924943,56.6666666666667
7,FALSE,0.00102241247960618,57.2222222222222
7,FALSE,0.00104408526643102,57.7777777777778
7,FALSE,0.0010487610303516,58.3333333333333
7,FALSE,0.0010240996001065,58.8888888888889
7,FALSE,0.000954356984016307,59.4444444444444
7,FALSE,0.000827814755934055,60
8,FALSE,5.1646872711274e-14,5
8,FALSE,1.58102872295256e-13,5.55555555555556
8,FALSE,4.00459327399295e-13,6.11111111111111
8,FALSE,9.2194607012086e-13,6.66666666666667
8,FALSE,2.00775064112907e-12,7.22222222222222
8,FALSE,4.20723802448752e-12,7.77777777777778
8,FALSE,8.55642972008341e-12,8.33333333333333
8,FALSE,1.69697108299962e-11,8.88888888888889
8,FALSE,3.29153955864377e-11,9.44444444444444
8,FALSE,6.25580585904435e-11,10
8,FALSE,1.1665274222486e-10,10.5555555555556
8,FALSE,2.13626248070897e-10,11.1111111111111
8,FALSE,3.84495793403879e-10,11.6666666666667
8,FALSE,6.80576191556475e-10,12.2222222222222
8,FALSE,1.18533742108703e-09,12.7777777777778
8,FALSE,2.03232107586396e-09,13.3333333333333
8,FALSE,3.4317328396194e-09,13.8888888888889
8,FALSE,5.70922174122226e-09,14.4444444444444
8,FALSE,9.36145089326202e-09,15
8,FALSE,1.51343609166776e-08,15.5555555555556
8,FALSE,2.41315088300092e-08,16.1111111111111
8,FALSE,3.79614876291207e-08,16.6666666666667
8,FALSE,5.89351174083855e-08,17.2222222222222
8,FALSE,9.03247310010227e-08,17.7777777777778
8,FALSE,1.36699297064331e-07,18.3333333333333
8,FALSE,2.04350131359264e-07,18.8888888888889
8,FALSE,3.01822307165367e-07,19.4444444444444
8,FALSE,4.4056632885087e-07,20
8,FALSE,6.3572291302124e-07,20.5555555555556
8,FALSE,9.07050581653441e-07,21.1111111111111
8,FALSE,1.28000101002626e-06,21.6666666666667
8,FALSE,1.78694056607086e-06,22.2222222222222
8,FALSE,2.46850821361087e-06,22.7777777777778
8,FALSE,3.3750900539327e-06,23.3333333333333
8,FALSE,4.56837953015742e-06,23.8888888888889
8,FALSE,6.1229801659494e-06,24.4444444444444
8,FALSE,8.12799526516688e-06,25
8,FALSE,1.06885370139259e-05,25.5555555555556
8,FALSE,1.39270767560998e-05,26.1111111111111
8,FALSE,1.79845497626614e-05,26.6666666666667
8,FALSE,2.30211224752267e-05,27.2222222222222
8,FALSE,2.92165287794022e-05,27.7777777777778
8,FALSE,3.67698850004062e-05,28.3333333333333
8,FALSE,4.58989014336365e-05,28.8888888888889
8,FALSE,5.6838421469836e-05,29.4444444444444
8,FALSE,6.98382375786039e-05,30
8,FALSE,8.51601560802653e-05,30.5555555555556
8,FALSE,0.000103074308957359,31.1111111111111
8,FALSE,0.000123854739851659,31.6666666666667
8,FALSE,0.000147774321564841,32.2222222222222
8,FALSE,0.00017509909239822,32.7777777777778
8,FALSE,0.00020608212704931,33.3333333333333
8,FALSE,0.000240957083095035,33.8888888888889
8,FALSE,0.000279931585032236,34.4444444444444
8,FALSE,0.000323180623326872,35
8,FALSE,0.000370840155129859,35.5555555555556
8,FALSE,0.000423001095752086,36.1111111111111
8,FALSE,0.000479703885491453,36.6666666666667
8,FALSE,0.000540933805141733,37.2222222222222
8,FALSE,0.000606617195966278,37.7777777777778
8,FALSE,0.000676618716837563,38.3333333333333
8,FALSE,0.000750739743589047,38.8888888888889
8,FALSE,0.00082871798451363,39.4444444444444
8,FALSE,0.000910228352574068,40
8,FALSE,0.000994885100485323,40.5555555555556
8,FALSE,0.00108224519056441,41.1111111111111
8,FALSE,0.00117181283819555,41.6666666666667
8,FALSE,0.00126304513684929,42.2222222222222
8,FALSE,0.00135535864454379,42.7777777777778
8,FALSE,0.001448136786916,43.3333333333333
8,FALSE,0.00154073791085777,43.8888888888889
8,FALSE,0.00163250380479456,44.4444444444444
8,FALSE,0.00172276848655863,45
8,FALSE,0.00181086704635609,45.5555555555556
8,FALSE,0.00189614431886969,46.1111111111111
8,FALSE,0.00197796314266968,46.6666666666667
8,FALSE,0.00205571194352371,47.2222222222222
8,FALSE,0.00212881134652369,47.7777777777778
8,FALSE,0.00219671947451842,48.3333333333333
8,FALSE,0.00225893551999826,48.8888888888889
8,FALSE,0.00231500107550578,49.4444444444444
8,FALSE,0.00236449856328238,50
8,FALSE,0.00240704590597786,50.5555555555556
8,FALSE,0.00244228631329534,51.1111111111111
8,FALSE,0.0024698717102585,51.6666666666667
8,FALSE,0.00248943788789934,52.2222222222222
8,FALSE,0.00250056890593095,52.7777777777778
8,FALSE,0.00250274761448615,53.3333333333333
8,FALSE,0.00249528838928228,53.8888888888889
8,FALSE,0.00247724729497722,54.4444444444444
8,FALSE,0.00244730397140018,55
8,FALSE,0.00240360899477863,55.5555555555556
8,FALSE,0.00234359070033818,56.1111111111111
8,FALSE,0.00226371114874943,56.6666666666667
8,FALSE,0.00215913439884588,57.2222222222222
8,FALSE,0.00202325974054992,57.7777777777778
8,FALSE,0.00184742035356164,58.3333333333333
8,FALSE,0.00162233048074731,58.8888888888889
8,FALSE,0.00134415281514705,59.4444444444444
8,FALSE,0.00102517303191297,60
9,TRUE,0.0840970160592968,5
9,TRUE,0.0252325609759064,5.55555555555556
9,TRUE,0.0194622850714983,6.11111111111111
9,TRUE,0.0125357260647255,6.66666666666667
9,TRUE,0.0083709808068404,7.22222222222222
9,TRUE,0.00581966242947034,7.77777777777778
9,TRUE,0.00415655860458575,8.33333333333333
9,TRUE,0.00305181931200686,8.88888888888889
9,TRUE,0.00229916110527078,9.44444444444444
9,TRUE,0.00177392376947812,10
9,TRUE,0.00139930821320798,10.5555555555556
9,TRUE,0.00112661217010831,11.1111111111111
9,TRUE,0.000924309498515409,11.6666666666667
9,TRUE,0.000771568702480826,12.2222222222222
9,TRUE,0.000654353981330977,12.7777777777778
9,TRUE,0.000563034321883178,13.3333333333333
9,TRUE,0.000490886696006554,13.8888888888889
9,TRUE,0.000433141632894278,14.4444444444444
9,TRUE,0.000386363843093412,15
9,TRUE,0.000348043504448122,15.5555555555556
9,TRUE,0.000316322264202765,16.1111111111111
9,TRUE,0.000289806780868409,16.6666666666667
9,TRUE,0.000267440022093997,17.2222222222222
9,TRUE,0.000248411222852823,17.7777777777778
9,TRUE,0.000232092079526413,18.3333333333333
9,TRUE,0.000217990982214392,18.8888888888889
9,TRUE,0.000205719803943378,19.4444444444444
9,TRUE,0.000194969534983219,20
9,TRUE,0.000185492218250129,20.5555555555556
9,TRUE,0.00017708742200212,21.1111111111111
9,TRUE,0.0001695920135028,21.6666666666667
9,TRUE,0.000162872357954056,22.2222222222222
9,TRUE,0.000156818316207884,22.7777777777778
9,TRUE,0.000151338588753563,23.3333333333333
9,TRUE,0.000146357076135805,23.8888888888889
9,TRUE,0.000141810013243979,24.4444444444444
9,TRUE,0.000137643697580752,25
9,TRUE,0.000133812676999563,25.5555555555556
9,TRUE,0.000130278295534318,26.1111111111111
9,TRUE,0.000127007520329656,26.6666666666667
9,TRUE,0.000123971990764628,27.2222222222222
9,TRUE,0.000121147244375237,27.7777777777778
9,TRUE,0.000118512084351793,28.3333333333333
9,TRUE,0.000116048061096872,28.8888888888889
9,TRUE,0.000113739046215394,29.4444444444444
9,TRUE,0.000111570881832577,30
9,TRUE,0.00010953109163668,30.5555555555556
9,TRUE,0.000107608642770825,31.1111111111111
9,TRUE,0.000105793749836162,31.6666666666667
9,TRUE,0.000104077713954732,32.2222222222222
9,TRUE,0.000102452791177362,32.7777777777778
9,TRUE,0.000100912085587402,33.3333333333333
9,TRUE,9.94494633035547e-05,33.8888888888889
9,TRUE,9.8059484269177e-05,34.4444444444444
9,TRUE,9.67373492653937e-05,35
9,TRUE,9.54788600274577e-05,35.5555555555556
9,TRUE,9.42803906984474e-05,36.1111111111111
9,TRUE,9.31388691376416e-05,36.6666666666667
9,TRUE,9.20517668253753e-05,37.2222222222222
9,TRUE,9.10170962820174e-05,37.7777777777778
9,TRUE,9.00334150541563e-05,38.3333333333333
9,TRUE,8.90998354229536e-05,38.8888888888889
9,TRUE,8.82160390636827e-05,39.4444444444444
9,TRUE,8.73822959366449e-05,40
9,TRUE,8.65994867223075e-05,40.5555555555556
9,TRUE,8.58691281315093e-05,41.1111111111111
9,TRUE,8.51934004284739e-05,41.6666666666667
9,TRUE,8.45751765034075e-05,42.2222222222222
9,TRUE,8.40180518256483e-05,42.7777777777778
9,TRUE,8.35263746004968e-05,43.3333333333333
9,TRUE,8.31052754455763e-05,43.8888888888889
9,TRUE,8.27606958982541e-05,44.4444444444444
9,TRUE,8.24994150664312e-05,45
9,TRUE,8.23290737427289e-05,45.5555555555556
9,TRUE,8.22581953181336e-05,46.1111111111111
9,TRUE,8.22962028561119e-05,46.6666666666667
9,TRUE,8.24534317211233e-05,47.2222222222222
9,TRUE,8.27411371921213e-05,47.7777777777778
9,TRUE,8.31714965205714e-05,48.3333333333333
9,TRUE,8.37576048860287e-05,48.8888888888889
9,TRUE,8.4513464596423e-05,49.4444444444444
9,TRUE,8.54539665304835e-05,50
9,TRUE,8.65948619055212e-05,50.5555555555556
9,TRUE,8.7952720273328e-05,51.1111111111111
9,TRUE,8.95448646861324e-05,51.6666666666667
9,TRUE,9.13892640134344e-05,52.2222222222222
9,TRUE,9.35043386827159e-05,52.7777777777778
9,TRUE,9.59085857413832e-05,53.3333333333333
9,TRUE,9.86198237932091e-05,53.8888888888889
9,TRUE,0.000101653641374065,54.4444444444444
9,TRUE,0.000105020192639658,55
9,TRUE,0.000108717611997534,55.5555555555556
9,TRUE,0.000112718621390251,56.1111111111111
9,TRUE,0.000116943528216529,56.6666666666667
9,TRUE,0.000121205661708763,57.2222222222222
9,TRUE,0.000125101713187728,57.7777777777778
9,TRUE,0.000127810970635322,58.3333333333333
9,TRUE,0.000127831286694626,58.8888888888889
9,TRUE,0.000122923164489315,59.4444444444444
9,TRUE,0.000110822372194918,60
10,TRUE,0.138137511768098,5
10,TRUE,0.0348801834885676,5.55555555555556
10,TRUE,0.0244544789580871,6.11111111111111
10,TRUE,0.0140233515814186,6.66666666666667
10,TRUE,0.00834181850950396,7.22222222222222
10,TRUE,0.00519664279769427,7.77777777777778
10,TRUE,0.00333687096365749,8.33333333333333
10,TRUE,0.00221160382529552,8.88888888888889
10,TRUE,0.00151066412451069,9.44444444444444
10,TRUE,0.00106160074549804,10
10,TRUE,0.000766341475584372,10.5555555555556
10,TRUE,0.000567382730904355,11.1111111111111
10,TRUE,0.00043018743127138,11.6666666666667
10,TRUE,0.0003335164154285,12.2222222222222
10,TRUE,0.00026401065948817,12.7777777777778
10,TRUE,0.000213086988957612,13.3333333333333
10,TRUE,0.000175118481905617,13.8888888888889
10,TRUE,0.000146345283146712,14.4444444444444
10,TRUE,0.000124209422392209,15
10,TRUE,0.000106940739481171,15.5555555555556
10,TRUE,9.3294399967305e-05,16.1111111111111
10,TRUE,8.23816083135826e-05,16.6666666666667
10,TRUE,7.35586241427049e-05,17.2222222222222
10,TRUE,6.63528621371494e-05,17.7777777777778
10,TRUE,6.0412955449155e-05,18.3333333333333
10,TRUE,5.54745406251589e-05,18.8888888888889
10,TRUE,5.13365077174575e-05,19.4444444444444
10,TRUE,4.78443149458282e-05,20
10,TRUE,4.48781377313537e-05,20.5555555555556
10,TRUE,4.23443706276923e-05,21.1111111111111
10,TRUE,4.01694860464714e-05,21.6666666666667
10,TRUE,3.82955723384836e-05,22.2222222222222
10,TRUE,3.66770854910864e-05,22.7777777777778
10,TRUE,3.52784908540933e-05,23.3333333333333
10,TRUE,3.40725676450089e-05,23.8888888888889
10,TRUE,3.30392147467163e-05,24.4444444444444
10,TRUE,3.21646413974458e-05,25
10,TRUE,3.14408572975084e-05,25.5555555555556
10,TRUE,3.08653977626667e-05,26.1111111111111
10,TRUE,3.04412337803443e-05,26.6666666666667
10,TRUE,3.01768261995539e-05,27.2222222222222
10,TRUE,3.00862892380508e-05,27.7777777777778
10,TRUE,3.01896320560611e-05,28.3333333333333
10,TRUE,3.05130490976821e-05,28.8888888888889
10,TRUE,3.10892308334352e-05,29.4444444444444
10,TRUE,3.19576669208945e-05,30
10,TRUE,3.31649140139839e-05,30.5555555555556
10,TRUE,3.47648008026137e-05,31.1111111111111
10,TRUE,3.68185435984881e-05,31.6666666666667
10,TRUE,3.93947470891977e-05,32.2222222222222
10,TRUE,4.25692668952379e-05,32.7777777777778
10,TRUE,4.64249133630491e-05,33.3333333333333
10,TRUE,5.10509796370609e-05,33.8888888888889
10,TRUE,5.65425814476599e-05,34.4444444444444
10,TRUE,6.2999801152299e-05,35
10,TRUE,7.05266342501372e-05,35.5555555555556
10,TRUE,7.92297426935993e-05,36.1111111111111
10,TRUE,8.9217025648557e-05,36.6666666666667
10,TRUE,0.000100596024691924,37.2222222222222
10,TRUE,0.000113472186553287,37.7777777777778
10,TRUE,0.000127947012177169,38.3333333333333
10,TRUE,0.000144116125886417,38.8888888888889
10,TRUE,0.000162067302567203,39.4444444444444
10,TRUE,0.000181878493903932,40
10,TRUE,0.000203615896635803,40.5555555555556
10,TRUE,0.000227332106494864,41.1111111111111
10,TRUE,0.000253064400869595,41.6666666666667
10,TRUE,0.000280833191310432,42.2222222222222
10,TRUE,0.000310640683780634,42.7777777777778
10,TRUE,0.0003424697801064,43.3333333333333
10,TRUE,0.000376283248446117,43.8888888888889
10,TRUE,0.00041202318380596,44.4444444444444
10,TRUE,0.00044961077163307,45
10,TRUE,0.00048894635813771,45.5555555555556
10,TRUE,0.000529909819818301,46.1111111111111
10,TRUE,0.000572361210898278,46.6666666666667
10,TRUE,0.00061614164965532,47.2222222222222
10,TRUE,0.000661074380666672,47.7777777777778
10,TRUE,0.000706965916221775,48.3333333333333
10,TRUE,0.000753607111048877,48.8888888888889
10,TRUE,0.000800773951789975,49.4444444444444
10,TRUE,0.000848227734193897,50
10,TRUE,0.00089571413933715,50.5555555555556
10,TRUE,0.000942960480809233,51.1111111111111
10,TRUE,0.000989670044034997,51.6666666666667
10,TRUE,0.00103551193164322,52.2222222222222
10,TRUE,0.00108010410636929,52.7777777777778
10,TRUE,0.00112298631163993,53.3333333333333
10,TRUE,0.00116357815919766,53.8888888888889
10,TRUE,0.0012011157934103,54.4444444444444
10,TRUE,0.00123455807292027,55
10,TRUE,0.00126245022020663,55.5555555555556
10,TRUE,0.00128272954411499,56.1111111111111
10,TRUE,0.00129245137545591,56.6666666666667
10,TRUE,0.00128739238032485,57.2222222222222
10,TRUE,0.00126146897332393,57.7777777777778
10,TRUE,0.00120611211560172,58.3333333333333
10,TRUE,0.0011106785080797,58.8888888888889
10,TRUE,0.000966371974133666,59.4444444444444
10,TRUE,0.000775000155065829,60
11,TRUE,0.0263672348689772,5
11,TRUE,0.0134639695789313,5.55555555555556
11,TRUE,0.013290870895629,6.11111111111111
11,TRUE,0.0115850103332669,6.66666666666667
11,TRUE,0.0102291194677046,7.22222222222222
11,TRUE,0.00912803499994561,7.77777777777778
11,TRUE,0.00819423080508954,8.33333333333333
11,TRUE,0.00740418863802052,8.88888888888889
11,TRUE,0.00673107301223811,9.44444444444444
11,TRUE,0.00615387582401998,10
11,TRUE,0.0056560458868816,10.5555555555556
11,TRUE,0.00522422925802481,11.1111111111111
11,TRUE,0.0048476287510714,11.6666666666667
11,TRUE,0.00451745928047652,12.2222222222222
11,TRUE,0.00422653017604672,12.7777777777778
11,TRUE,0.00396892385567035,13.3333333333333
11,TRUE,0.00373974519925368,13.8888888888889
11,TRUE,0.00353492512168925,14.4444444444444
11,TRUE,0.00335106566156879,15
11,TRUE,0.00318531705801101,15.5555555555556
11,TRUE,0.0030352796397905,16.1111111111111
11,TRUE,0.00289892507296807,16.6666666666667
11,TRUE,0.0027745327993145,17.2222222222222
11,TRUE,0.00266063846238137,17.7777777777778
11,TRUE,0.00255599184543661,18.3333333333333
11,TRUE,0.00245952239724318,18.8888888888889
11,TRUE,0.00237031084250734,19.4444444444444
11,TRUE,0.00228756569653067,20
11,TRUE,0.00221060375233718,20.5555555555556
11,TRUE,0.00213883380123512,21.1111111111111
11,TRUE,0.00207174299777354,21.6666666666667
11,TRUE,0.00200888539738098,22.2222222222222
11,TRUE,0.00194987228717118,22.7777777777778
11,TRUE,0.00189436400317932,23.3333333333333
11,TRUE,0.00184206298499517,23.8888888888889
11,TRUE,0.001792707864706,24.4444444444444
11,TRUE,0.0017460684238002,25
11,TRUE,0.00170194128117707,25.5555555555556
11,TRUE,0.00166014619918125,26.1111111111111
11,TRUE,0.00162052291381627,26.6666666666667
11,TRUE,0.0015829284109157,27.2222222222222
11,TRUE,0.00154723458278962,27.7777777777778
11,TRUE,0.00151332621029028,28.3333333333333
11,TRUE,0.00148109922380839,28.8888888888889
11,TRUE,0.00145045920377952,29.4444444444444
11,TRUE,0.00142132008713695,30
11,TRUE,0.00139360305102286,30.5555555555556
11,TRUE,0.00136723554914856,31.1111111111111
11,TRUE,0.00134215047962585,31.6666666666667
11,TRUE,0.00131828546599486,32.2222222222222
11,TRUE,0.00129558223564724,32.7777777777778
11,TRUE,0.0012739860819642,33.3333333333333
11,TRUE,0.00125344539832166,33.8888888888889
11,TRUE,0.00123391127370957,34.4444444444444
11,TRUE,0.00121533714111158,35
11,TRUE,0.00119767847102689,35.5555555555556
11,TRUE,0.00118089250361499,36.1111111111111
11,TRUE,0.00116493801392671,36.6666666666667
11,TRUE,0.00114977510556752,37.2222222222222
11,TRUE,0.00113536502893368,37.7777777777778
11,TRUE,0.00112167002087808,38.3333333333333
11,TRUE,0.00110865316330658,38.8888888888889
11,TRUE,0.00109627825878233,39.4444444444444
11,TRUE,0.0010845097217283,40
11,TRUE,0.0010733124842677,40.5555555555556
11,TRUE,0.00106265191613098,41.1111111111111
11,TRUE,0.00105249375838514,41.6666666666667
11,TRUE,0.00104280407100808,42.2222222222222
11,TRUE,0.00103354919453688,42.7777777777778
11,TRUE,0.00102469572616519,43.3333333333333
11,TRUE,0.00101621051075218,43.8888888888889
11,TRUE,0.00100806064723517,44.4444444444444
11,TRUE,0.00100021351091309,45
11,TRUE,0.000992636791989961,45.5555555555556
11,TRUE,0.000985298550642664,46.1111111111111
11,TRUE,0.000978167288707766,46.6666666666667
11,TRUE,0.000971212037874091,47.2222222222222
11,TRUE,0.000964402464023616,47.7777777777778
11,TRUE,0.000957708987080917,48.3333333333333
11,TRUE,0.00095110291539318,48.8888888888889
11,TRUE,0.000944556593210011,49.4444444444444
11,TRUE,0.000938043559100985,50
11,TRUE,0.00093153871170946,50.5555555555556
11,TRUE,0.00092501847600583,51.1111111111111
11,TRUE,0.000918460955475381,51.6666666666667
11,TRUE,0.000911846036888596,52.2222222222222
11,TRUE,0.000905155368723745,52.7777777777778
11,TRUE,0.000898372024858935,53.3333333333333
11,TRUE,0.000891479405743793,53.8888888888889
11,TRUE,0.00088445832327654,54.4444444444444
11,TRUE,0.00087727982439157,55
11,TRUE,0.000869888186766057,55.5555555555556
11,TRUE,0.00086216164052215,56.1111111111111
11,TRUE,0.000853822876912592,56.6666666666667
11,TRUE,0.000844234848112316,57.2222222222222
11,TRUE,0.00083194054588864,57.7777777777778
11,TRUE,0.000813731303498075,58.3333333333333
11,TRUE,0.000783280105808061,58.8888888888889
11,TRUE,0.000730554018928375,59.4444444444444
11,TRUE,0.000644851028321399,60
12,TRUE,0.0510230987130396,5
12,TRUE,0.0246291826665501,5.55555555555556
12,TRUE,0.0232659419896312,6.11111111111111
12,TRUE,0.019384575420627,6.66666666666667
12,TRUE,0.0163772591791907,7.22222222222222
12,TRUE,0.0140037496678388,7.77777777777778
12,TRUE,0.0120618362163813,8.33333333333333
12,TRUE,0.0104713221633495,8.88888888888889
12,TRUE,0.00915835216739044,9.44444444444444
12,TRUE,0.00806655219203401,10
12,TRUE,0.00715257360789981,10.5555555555556
12,TRUE,0.00638252857404846,11.1111111111111
12,TRUE,0.00572978867753769,11.6666666666667
12,TRUE,0.00517328043165465,12.2222222222222
12,TRUE,0.00469621219501638,12.7777777777778
12,TRUE,0.00428511743647812,13.3333333333333
12,TRUE,0.00392912873105364,13.8888888888889
12,TRUE,0.0036194233713415,14.4444444444444
12,TRUE,0.00334879721592054,15
12,TRUE,0.00311133500394813,15.5555555555556
12,TRUE,0.00290215372549553,16.1111111111111
12,TRUE,0.00271720166850339,16.6666666666667
12,TRUE,0.00255310015839078,17.2222222222222
12,TRUE,0.00240701822882256,17.7777777777778
12,TRUE,0.00227657283979138,18.3333333333333
12,TRUE,0.00215974902446547,18.8888888888889
12,TRUE,0.00205483566477547,19.4444444444444
12,TRUE,0.0019603735862756,20
12,TRUE,0.00187511341120808,20.5555555555556
12,TRUE,0.00179798117725394,21.1111111111111
12,TRUE,0.00172805016373008,21.6666666666667
12,TRUE,0.00166451770049348,22.2222222222222
12,TRUE,0.00160668599231627,22.7777777777778
12,TRUE,0.00155394619142721,23.3333333333333
12,TRUE,0.00150576510705243,23.8888888888889
12,TRUE,0.00146167406348013,24.4444444444444
12,TRUE,0.00142125951522375,25
12,TRUE,0.00138415510517008,25.5555555555556
12,TRUE,0.00135003491364163,26.1111111111111
12,TRUE,0.00131860769645979,26.6666666666667
12,TRUE,0.00128961195091734,27.2222222222222
12,TRUE,0.00126281168196764,27.7777777777778
12,TRUE,0.0012379927683321,28.3333333333333
12,TRUE,0.00121495985065837,28.8888888888889
12,TRUE,0.00119353368208216,29.4444444444444
12,TRUE,0.00117354889609719,30
12,TRUE,0.00115485215791033,30.5555555555556
12,TRUE,0.00113730067374623,31.1111111111111
12,TRUE,0.00112076103810517,31.6666666666667
12,TRUE,0.0011051084019931,32.2222222222222
12,TRUE,0.00109022594586671,32.7777777777778
12,TRUE,0.00107600463973802,33.3333333333333
12,TRUE,0.00106234326987534,33.8888888888889
12,TRUE,0.00104914870718832,34.4444444444444
12,TRUE,0.00103633638710899,35
12,TRUE,0.00102383096503315,35.5555555555556
12,TRUE,0.0010115671056453,36.1111111111111
12,TRUE,0.000999490359194123,36.6666666666667
12,TRUE,0.000987558073472887,37.2222222222222
12,TRUE,0.000975740287298747,37.7777777777778
12,TRUE,0.000964020550017413,38.3333333333333
12,TRUE,0.000952396612230768,38.8888888888889
12,TRUE,0.000940880935695594,39.4444444444444
12,TRUE,0.000929500975192915,40
12,TRUE,0.000918299192021895,40.5555555555556
12,TRUE,0.000907332767415949,41.1111111111111
12,TRUE,0.000896672994293535,41.6666666666667
12,TRUE,0.00088640433693654,42.2222222222222
12,TRUE,0.000876623159963562,42.7777777777778
12,TRUE,0.000867436139818463,43.3333333333333
12,TRUE,0.000858958383389481,43.8888888888889
12,TRUE,0.000851311288768284,44.4444444444444
12,TRUE,0.000844620192009448,45
12,TRUE,0.000839011850505777,45.5555555555556
12,TRUE,0.000834611817650381,46.1111111111111
12,TRUE,0.000831541764079378,46.6666666666667
12,TRUE,0.000829916796972892,47.2222222222222
12,TRUE,0.000829842819121239,47.7777777777778
12,TRUE,0.000831413951339938,48.3333333333333
12,TRUE,0.000834710011490245,48.8888888888889
12,TRUE,0.000839793994673148,49.4444444444444
12,TRUE,0.000846709422406605,50
12,TRUE,0.000855477308744547,50.5555555555556
12,TRUE,0.000866092305571136,51.1111111111111
12,TRUE,0.000878517303897486,51.6666666666667
12,TRUE,0.000892675333853701,52.2222222222222
12,TRUE,0.000908436953772484,52.7777777777778
12,TRUE,0.000925600352525246,53.3333333333333
12,TRUE,0.00094385997978424,53.8888888888889
12,TRUE,0.000962757494592793,54.4444444444444
12,TRUE,0.00098160597970154,55
12,TRUE,0.000999374574510748,55.5555555555556
12,TRUE,0.00101451584255142,56.1111111111111
12,TRUE,0.00102471010127004,56.6666666666667
12,TRUE,0.00102648051349022,57.2222222222222
12,TRUE,0.0010146096226647,57.7777777777778
12,TRUE,0.000981435308011443,58.3333333333333
12,TRUE,0.000916874871109494,58.8888888888889
12,TRUE,0.00081134330282454,59.4444444444444
12,TRUE,0.000663195074989046,60
13,TRUE,0.248372626253409,5
13,TRUE,0.0109151851237134,5.55555555555556
13,TRUE,0.00352591910607876,6.11111111111111
13,TRUE,0.000769672131665167,6.66666666666667
13,TRUE,0.000175834103637591,7.22222222222222
13,TRUE,4.77880287454658e-05,7.77777777777778
13,TRUE,1.44539672085777e-05,8.33333333333333
13,TRUE,4.89148025130371e-06,8.88888888888889
13,TRUE,1.8505430937813e-06,9.44444444444444
13,TRUE,7.77954981504333e-07,10
13,TRUE,3.6299978580141e-07,10.5555555555556
13,TRUE,1.89321994928254e-07,11.1111111111111
13,TRUE,1.13353658254962e-07,11.6666666666667
13,TRUE,8.21455872081846e-08,12.2222222222222
13,TRUE,7.55109280104719e-08,12.7777777777778
13,TRUE,8.62294272673229e-08,13.3333333333333
13,TRUE,1.12755640398678e-07,13.8888888888889
13,TRUE,1.56320272226403e-07,14.4444444444444
13,TRUE,2.19669541716005e-07,15
13,TRUE,3.06448550309071e-07,15.5555555555556
13,TRUE,4.20852239835987e-07,16.1111111111111
13,TRUE,5.67396750229563e-07,16.6666666666667
13,TRUE,7.50752764547101e-07,17.2222222222222
13,TRUE,9.75617478047914e-07,17.7777777777778
13,TRUE,1.24661543051845e-06,18.3333333333333
13,TRUE,1.5682233391725e-06,18.8888888888889
13,TRUE,1.94471554018711e-06,19.4444444444444
13,TRUE,2.38012692541959e-06,20
13,TRUE,2.87823026981795e-06,20.5555555555556
13,TRUE,3.44252492168645e-06,21.1111111111111
13,TRUE,4.07623405137531e-06,21.6666666666667
13,TRUE,4.78230799949411e-06,22.2222222222222
13,TRUE,5.56343167814154e-06,22.7777777777778
13,TRUE,6.42203440450918e-06,23.3333333333333
13,TRUE,7.36030094595239e-06,23.8888888888889
13,TRUE,8.38018290532276e-06,24.4444444444444
13,TRUE,9.48340986439955e-06,25
13,TRUE,1.06714999305659e-05,25.5555555555556
13,TRUE,1.1945769502347e-05,26.1111111111111
13,TRUE,1.33073421910437e-05,26.6666666666667
13,TRUE,1.47571569175153e-05,27.2222222222222
13,TRUE,1.62959752539974e-05,27.7777777777778
13,TRUE,1.79243881085831e-05,28.3333333333333
13,TRUE,1.96428218612476e-05,28.8888888888889
13,TRUE,2.14515440603838e-05,29.4444444444444
13,TRUE,2.33506687818158e-05,30
13,TRUE,2.53401617411999e-05,30.5555555555556
13,TRUE,2.74198452377745e-05,31.1111111111111
13,TRUE,2.95894029940544e-05,31.6666666666667
13,TRUE,3.18483849432289e-05,32.2222222222222
13,TRUE,3.41962120042992e-05,32.7777777777778
13,TRUE,3.66321808746568e-05,33.3333333333333
13,TRUE,3.91554688609777e-05,33.8888888888889
13,TRUE,4.17651387619628e-05,34.4444444444444
13,TRUE,4.4460143810507e-05,35
13,TRUE,4.72393326781793e-05,35.5555555555556
13,TRUE,5.01014545413133e-05,36.1111111111111
13,TRUE,5.30451642053611e-05,36.6666666666667
13,TRUE,5.60690272823312e-05,37.2222222222222
13,TRUE,5.91715254149582e-05,37.7777777777778
13,TRUE,6.2351061540635e-05,38.3333333333333
13,TRUE,6.5605965187967e-05,38.8888888888889
13,TRUE,6.89344977990037e-05,39.4444444444444
13,TRUE,7.23348580706962e-05,40
13,TRUE,7.58051873098579e-05,40.5555555555556
13,TRUE,7.93435747968461e-05,41.1111111111111
13,TRUE,8.29480631542876e-05,41.6666666666667
13,TRUE,8.66166537184255e-05,42.2222222222222
13,TRUE,9.03473119120744e-05,42.7777777777778
13,TRUE,9.41379726197085e-05,43.3333333333333
13,TRUE,9.79865455668993e-05,43.8888888888889
13,TRUE,0.000101890920708174,44.4444444444444
13,TRUE,0.000105848973629395,45
13,TRUE,0.000109858570973025,45.5555555555556
13,TRUE,0.000113917575897102,46.1111111111111
13,TRUE,0.000118023853581576,46.6666666666667
13,TRUE,0.0001221752767987,47.2222222222222
13,TRUE,0.000126369731567565,47.7777777777778
13,TRUE,0.00013060512291632,48.3333333333333
13,TRUE,0.000134879380778371,48.8888888888889
13,TRUE,0.000139190466048533,49.4444444444444
13,TRUE,0.000143536376814476,50
13,TRUE,0.000147915154736803,50.5555555555556
13,TRUE,0.000152324891417332,51.1111111111111
13,TRUE,0.000156763734198027,51.6666666666667
13,TRUE,0.000161229889690618,52.2222222222222
13,TRUE,0.000165721620109768,52.7777777777778
13,TRUE,0.000170237218486734,53.3333333333333
13,TRUE,0.000174774924049778,53.8888888888889
13,TRUE,0.000179332671487704,54.4444444444444
13,TRUE,0.000183907386049693,55
13,TRUE,0.000188493056079051,55.5555555555556
13,TRUE,0.000193075562834046,56.1111111111111
13,TRUE,0.000197618940070564,56.6666666666667
13,TRUE,0.000202028721821608,57.2222222222222
13,TRUE,0.000206055185187635,57.7777777777778
13,TRUE,0.000209059904735809,58.3333333333333
13,TRUE,0.000209573067563736,58.8888888888889
13,TRUE,0.000204812053644799,59.4444444444444
13,TRUE,0.000190920761907322,60
14,FALSE,0.999315481570104,5
14,FALSE,0.00463375504173632,5.55555555555556
14,FALSE,0.00209799730370037,6.11111111111111
14,FALSE,0.000595429412587457,6.66666666666667
14,FALSE,0.000120668746967144,7.22222222222222
14,FALSE,2.11382438085093e-05,7.77777777777778
14,FALSE,4.57775650593491e-06,8.33333333333333
14,FALSE,2.1865772179727e-06,8.88888888888889
14,FALSE,2.67245056962368e-06,9.44444444444444
14,FALSE,4.47939422622575e-06,10
14,FALSE,7.61292912211029e-06,10.5555555555556
14,FALSE,1.24394939063962e-05,11.1111111111111
14,FALSE,1.94294757661263e-05,11.6666666666667
14,FALSE,2.90502342065029e-05,12.2222222222222
14,FALSE,4.16904505889057e-05,12.7777777777778
14,FALSE,5.7599254407994e-05,13.3333333333333
14,FALSE,7.68453172487521e-05,13.8888888888889
14,FALSE,9.93019950445894e-05,14.4444444444444
14,FALSE,0.000124659363973842,15
14,FALSE,0.000152458301762511,15.5555555555556
14,FALSE,0.000182138121802353,16.1111111111111
14,FALSE,0.000213088391929394,16.6666666666667
14,FALSE,0.000244696984592973,17.2222222222222
14,FALSE,0.000276389068940502,17.7777777777778
14,FALSE,0.000307654629731912,18.3333333333333
14,FALSE,0.000338064473931273,18.8888888888889
14,FALSE,0.000367276255544187,19.4444444444444
14,FALSE,0.000395032817825282,20
14,FALSE,0.000421155296616607,20.5555555555556
14,FALSE,0.000445533177345027,21.1111111111111
14,FALSE,0.000468113054676917,21.6666666666667
14,FALSE,0.000488887355357017,22.2222222222222
14,FALSE,0.00050788383984228,22.7777777777778
14,FALSE,0.000525156338260699,23.3333333333333
14,FALSE,0.000540776910541748,23.8888888888889
14,FALSE,0.000554829440910455,24.4444444444444
14,FALSE,0.000567404567063065,25
14,FALSE,0.00057859578641033,25.5555555555556
14,FALSE,0.000588496559697056,26.1111111111111
14,FALSE,0.000597198233106107,26.6666666666667
14,FALSE,0.000604788613964557,27.2222222222222
14,FALSE,0.000611351055654026,27.7777777777778
14,FALSE,0.000616963929892184,28.3333333333333
14,FALSE,0.00062170038654064,28.8888888888889
14,FALSE,0.000625628321062191,29.4444444444444
14,FALSE,0.000628810487055826,30
14,FALSE,0.000631304705796616,30.5555555555556
14,FALSE,0.000633164136541246,31.1111111111111
14,FALSE,0.000634437580814419,31.6666666666667
14,FALSE,0.000635169801308493,32.2222222222222
14,FALSE,0.000635401841752668,32.7777777777778
14,FALSE,0.000635171338457704,33.3333333333333
14,FALSE,0.000634512817496581,33.8888888888889
14,FALSE,0.000633457973877456,34.4444444444444
14,FALSE,0.00063203593079726,35
14,FALSE,0.000630273478289737,35.5555555555556
14,FALSE,0.000628195291425377,36.1111111111111
14,FALSE,0.00062582412878029,36.6666666666667
14,FALSE,0.000623181012242262,37.2222222222222
14,FALSE,0.000620285389422649,37.7777777777778
14,FALSE,0.000617155280036327,38.3333333333333
14,FALSE,0.000613807407631046,38.8888888888889
14,FALSE,0.000610257318016596,39.4444444444444
14,FALSE,0.000606519485680428,40
14,FALSE,0.000602607409392246,40.5555555555556
14,FALSE,0.000598533698103862,41.1111111111111
14,FALSE,0.000594310148147205,41.6666666666667
14,FALSE,0.000589947812624843,42.2222222222222
14,FALSE,0.000585457063772684,42.7777777777778
14,FALSE,0.000580847648949101,43.3333333333333
14,FALSE,0.00057612874075919,43.8888888888889
14,FALSE,0.000571308981640549,44.4444444444444
14,FALSE,0.000566396522989811,45
14,FALSE,0.000561399058551037,45.5555555555556
14,FALSE,0.000556323851241989,46.1111111111111
14,FALSE,0.00055117775173889,46.6666666666667
14,FALSE,0.000545967205772868,47.2222222222222
14,FALSE,0.000540698244885387,47.7777777777778
14,FALSE,0.000535376451816311,48.3333333333333
14,FALSE,0.000530006885904048,48.8888888888889
14,FALSE,0.000524593944492407,49.4444444444444
14,FALSE,0.000519141121173745,50
14,FALSE,0.000513650597267287,50.5555555555556
14,FALSE,0.000508122563709981,51.1111111111111
14,FALSE,0.00050255410781579,51.6666666666667
14,FALSE,0.000496937399595682,52.2222222222222
14,FALSE,0.000491256755017157,52.7777777777778
14,FALSE,0.000485483908397752,53.3333333333333
14,FALSE,0.000479570446206925,53.8888888888889
14,FALSE,0.000473435754362993,54.4444444444444
14,FALSE,0.000466947838334556,55
14,FALSE,0.000459892726487617,55.5555555555556
14,FALSE,0.00045192582845553,56.1111111111111
14,FALSE,0.000442496597635621,56.6666666666667
14,FALSE,0.00043073818777827,57.2222222222222
14,FALSE,0.000415318132253548,57.7777777777778
14,FALSE,0.000394267741369654,58.3333333333333
14,FALSE,0.000364918648303978,58.8888888888889
14,FALSE,0.000324369750195419,59.4444444444444
14,FALSE,0.000271111089146929,60
15,TRUE,0.18034050430971,5
15,TRUE,0.0294158560511793,5.55555555555556
15,TRUE,0.0147028820626991,6.11111111111111
15,TRUE,0.00619767186562292,6.66666666666667
15,TRUE,0.00284558093927716,7.22222222222222
15,TRUE,0.00142886953706086,7.77777777777778
15,TRUE,0.000770091280345406,8.33333333333333
15,TRUE,0.000444623423300277,8.88888888888889
15,TRUE,0.000273553234759904,9.44444444444444
15,TRUE,0.000178361769303199,10
15,TRUE,0.000122579350172462,10.5555555555556
15,TRUE,8.83143097301528e-05,11.1111111111111
15,TRUE,6.63503719156133e-05,11.6666666666667
15,TRUE,5.17195842634593e-05,12.2222222222222
15,TRUE,4.16298176551328e-05,12.7777777777778
15,TRUE,3.44505875913216e-05,13.3333333333333
15,TRUE,2.91958312912375e-05,13.8888888888889
15,TRUE,2.52498611704602e-05,14.4444444444444
15,TRUE,2.22169248157772e-05,15
15,TRUE,1.98358607576035e-05,15.5555555555556
15,TRUE,1.79301850475817e-05,16.1111111111111
15,TRUE,1.63780627578026e-05,16.6666666666667
15,TRUE,1.50937626632674e-05,17.2222222222222
15,TRUE,1.40159219984424e-05,17.7777777777778
15,TRUE,1.30999513805601e-05,18.3333333333333
15,TRUE,1.23130157422874e-05,18.8888888888889
15,TRUE,1.16306531355765e-05,19.4444444444444
15,TRUE,1.10344561977616e-05,20
15,TRUE,1.05104562139346e-05,20.5555555555556
15,TRUE,1.00479799454828e-05,21.1111111111111
15,TRUE,9.6388298056259e-06,21.6666666666667
15,TRUE,9.2766885468319e-06,22.2222222222222
15,TRUE,8.95668201407675e-06,22.7777777777778
15,TRUE,8.67505460785568e-06,23.3333333333333
15,TRUE,8.42892605390983e-06,23.8888888888889
15,TRUE,8.21610744834427e-06,24.4444444444444
15,TRUE,8.03496093190182e-06,25
15,TRUE,7.88429175631532e-06,25.5555555555556
15,TRUE,7.76326458902531e-06,26.1111111111111
15,TRUE,7.67133808432826e-06,26.6666666666667
15,TRUE,7.6082133098265e-06,27.2222222222222
15,TRUE,7.57379274496935e-06,27.7777777777778
15,TRUE,7.56814739117704e-06,28.3333333333333
15,TRUE,7.59149013824183e-06,28.8888888888889
15,TRUE,7.64415398036818e-06,29.4444444444444
15,TRUE,7.72657401018272e-06,30
15,TRUE,7.83927237072914e-06,30.5555555555556
15,TRUE,7.98284553566143e-06,31.1111111111111
15,TRUE,8.15795343233403e-06,31.6666666666667
15,TRUE,8.36531003276134e-06,32.2222222222222
15,TRUE,8.60567512194003e-06,32.7777777777778
15,TRUE,8.87984701805716e-06,33.3333333333333
15,TRUE,9.18865606931289e-06,33.8888888888889
15,TRUE,9.53295879096805e-06,34.4444444444444
15,TRUE,9.91363253642288e-06,35
15,TRUE,1.03315706196443e-05,35.5555555555556
15,TRUE,1.07876778246075e-05,36.1111111111111
15,TRUE,1.12828662517687e-05,36.6666666666667
15,TRUE,1.18180514628329e-05,37.2222222222222
15,TRUE,1.23941488939164e-05,37.7777777777778
15,TRUE,1.30120705141567e-05,38.3333333333333
15,TRUE,1.36727217123135e-05,38.8888888888889
15,TRUE,1.43769983982524e-05,39.4444444444444
15,TRUE,1.51257843096615e-05,40
15,TRUE,1.59199485171264e-05,40.5555555555556
15,TRUE,1.67603431229259e-05,41.1111111111111
15,TRUE,1.76478011507491e-05,41.6666666666667
15,TRUE,1.85831346250691e-05,42.2222222222222
15,TRUE,1.95671328402181e-05,42.7777777777778
15,TRUE,2.06005608203735e-05,43.3333333333333
15,TRUE,2.16841579727309e-05,43.8888888888889
15,TRUE,2.28186369371628e-05,44.4444444444444
15,TRUE,2.40046826366941e-05,45
15,TRUE,2.52429515341925e-05,45.5555555555556
15,TRUE,2.65340711018379e-05,46.1111111111111
15,TRUE,2.78786395112212e-05,46.6666666666667
15,TRUE,2.92772255533875e-05,47.2222222222222
15,TRUE,3.07303687998249e-05,47.7777777777778
15,TRUE,3.22385800173437e-05,48.3333333333333
15,TRUE,3.38023418520186e-05,48.8888888888889
15,TRUE,3.54221097997851e-05,49.4444444444444
15,TRUE,3.70983134834436e-05,50
15,TRUE,3.88313582560597e-05,50.5555555555556
15,TRUE,4.06216271433965e-05,51.1111111111111
15,TRUE,4.24694831046589e-05,51.6666666666667
15,TRUE,4.43752714726511e-05,52.2222222222222
15,TRUE,4.63393220467235e-05,52.7777777777778
15,TRUE,4.83619490822737e-05,53.3333333333333
15,TRUE,5.0443443599199e-05,53.8888888888889
15,TRUE,5.25840407417354e-05,54.4444444444444
15,TRUE,5.47838097487076e-05,55
15,TRUE,5.70423103611488e-05,55.5555555555556
15,TRUE,5.93575582878749e-05,56.1111111111111
15,TRUE,6.17229595515357e-05,56.6666666666667
15,TRUE,6.411822968466e-05,57.2222222222222
15,TRUE,6.64829078028468e-05,57.7777777777778
15,TRUE,6.86458066222658e-05,58.3333333333333
15,TRUE,7.01743916389657e-05,58.8888888888889
15,TRUE,7.0168792917885e-05,59.4444444444444
15,TRUE,6.72279832530139e-05,60
16,TRUE,0.257808729771843,5
16,TRUE,0.03264451504844,5.55555555555556
16,TRUE,0.0143457700731912,6.11111111111111
16,TRUE,0.00510493179008307,6.66666666666667
16,TRUE,0.00197034837074531,7.22222222222222
16,TRUE,0.000838107143363115,7.77777777777778
16,TRUE,0.000383659456603344,8.33333333333333
16,TRUE,0.000189053323473919,8.88888888888889
16,TRUE,9.98783789759447e-05,9.44444444444444
16,TRUE,5.63211525535632e-05,10
16,TRUE,3.37560519647562e-05,10.5555555555556
16,TRUE,2.14151698902765e-05,11.1111111111111
16,TRUE,1.43278070739607e-05,11.6666666666667
16,TRUE,1.00805768733989e-05,12.2222222222222
16,TRUE,7.44664228542851e-06,12.7777777777778
16,TRUE,5.77655846989813e-06,13.3333333333333
16,TRUE,4.71476246251471e-06,13.8888888888889
16,TRUE,4.06179733252336e-06,14.4444444444444
16,TRUE,3.70457358328204e-06,15
16,TRUE,3.57967172610677e-06,15.5555555555556
16,TRUE,3.65329058328555e-06,16.1111111111111
16,TRUE,3.90987392401656e-06,16.6666666666667
16,TRUE,4.34541052941344e-06,17.2222222222222
16,TRUE,4.96333096235602e-06,17.7777777777778
16,TRUE,5.77189290647501e-06,18.3333333333333
16,TRUE,6.78244786640453e-06,18.8888888888889
16,TRUE,8.00824800894124e-06,19.4444444444444
16,TRUE,9.46359654852211e-06,20
16,TRUE,1.11632254139481e-05,20.5555555555556
16,TRUE,1.31218294442496e-05,21.1111111111111
16,TRUE,1.53537126439768e-05,21.6666666666667
16,TRUE,1.78725175158322e-05,22.2222222222222
16,TRUE,2.06910178283128e-05,22.7777777777778
16,TRUE,2.38209609673773e-05,23.3333333333333
16,TRUE,2.72729497355958e-05,23.8888888888889
16,TRUE,3.10563559402425e-05,24.4444444444444
16,TRUE,3.51792598368056e-05,25
16,TRUE,3.96484107463299e-05,25.5555555555556
16,TRUE,4.44692051074319e-05,26.1111111111111
16,TRUE,4.96456789536718e-05,26.6666666666667
16,TRUE,5.51805123831544e-05,27.2222222222222
16,TRUE,6.10750440470322e-05,27.7777777777778
16,TRUE,6.73292940518607e-05,28.3333333333333
16,TRUE,7.39419939652854e-05,28.8888888888889
16,TRUE,8.09106228488118e-05,29.4444444444444
16,TRUE,8.82314484262815e-05,30
16,TRUE,9.58995726411836e-05,30.5555555555556
16,TRUE,0.000103908980967709,31.1111111111111
16,TRUE,0.000112252594926078,31.6666666666667
16,TRUE,0.000120922327317665,32.2222222222222
16,TRUE,0.000129909139744533,32.7777777777778
16,TRUE,0.000139203102015069,33.3333333333333
16,TRUE,0.000148793453065736,33.8888888888889
16,TRUE,0.00015866866305104,34.4444444444444
16,TRUE,0.00016881649627183,35
16,TRUE,0.000179224074627509,35.5555555555556
16,TRUE,0.000189877941291879,36.1111111111111
16,TRUE,0.000200764124326068,36.6666666666667
16,TRUE,0.000211868199955878,37.2222222222222
16,TRUE,0.00022317535525541,37.7777777777778
16,TRUE,0.000234670449994116,38.3333333333333
16,TRUE,0.000246338077420751,38.8888888888889
16,TRUE,0.000258162623774864,39.4444444444444
16,TRUE,0.000270128326334694,40
16,TRUE,0.000282219329829229,40.5555555555556
16,TRUE,0.00029441974106186,41.1111111111111
16,TRUE,0.000306713681613274,41.6666666666667
16,TRUE,0.000319085338511803,42.2222222222222
16,TRUE,0.000331519012780346,42.7777777777778
16,TRUE,0.000343999165789944,43.3333333333333
16,TRUE,0.000356510463371051,43.8888888888889
16,TRUE,0.000369037817654212,44.4444444444444
16,TRUE,0.00038156642663184,45
16,TRUE,0.000394081811451216,45.5555555555556
16,TRUE,0.000406569851463715,46.1111111111111
16,TRUE,0.000419016817062154,46.6666666666667
16,TRUE,0.000431409400326718,47.2222222222222
16,TRUE,0.000443734743447088,47.7777777777778
16,TRUE,0.000455980464741843,48.3333333333333
16,TRUE,0.00046813468173972,48.8888888888889
16,TRUE,0.000480186029963196,49.4444444444444
16,TRUE,0.000492123674197616,50
16,TRUE,0.000503937304906736,50.5555555555556
16,TRUE,0.000515617103408118,51.1111111111111
16,TRUE,0.000527153639757209,51.6666666666667
16,TRUE,0.000538537624944209,52.2222222222222
16,TRUE,0.000549759348681711,52.7777777777778
16,TRUE,0.000560807443255861,53.3333333333333
16,TRUE,0.000571666214824414,53.8888888888889
16,TRUE,0.000582309957145548,54.4444444444444
16,TRUE,0.000592690972712768,55
16,TRUE,0.0006027146349677,55.5555555555556
16,TRUE,0.000612188123380406,56.1111111111111
16,TRUE,0.000620715782099214,56.6666666666667
16,TRUE,0.000627484027369657,57.2222222222222
16,TRUE,0.000630820763316292,57.7777777777778
16,TRUE,0.000627381698954118,58.3333333333333
16,TRUE,0.000611105644521016,58.8888888888889
16,TRUE,0.00057313409255656,59.4444444444444
16,TRUE,0.000505039831933973,60
17,TRUE,6.27280074458894e-26,5
17,TRUE,6.95786131545706e-25,5.55555555555556
17,TRUE,7.01513154017688e-24,6.11111111111111
17,TRUE,6.60991824939961e-23,6.66666666666667
17,TRUE,5.84846349618233e-22,7.22222222222222
17,TRUE,4.86472925787086e-21,7.77777777777778
17,TRUE,3.8067750107882e-20,8.33333333333333
17,TRUE,2.8043239557501e-19,8.88888888888889
17,TRUE,1.94607654635468e-18,9.44444444444444
17,TRUE,1.27303517028747e-17,10
17,TRUE,7.85520539633326e-17,10.5555555555556
17,TRUE,4.57508565487766e-16,11.1111111111111
17,TRUE,2.51682666717332e-15,11.6666666666667
17,TRUE,1.30860206671537e-14,12.2222222222222
17,TRUE,6.43502009559404e-14,12.7777777777778
17,TRUE,2.99480110381638e-13,13.3333333333333
17,TRUE,1.31992592603823e-12,13.8888888888889
17,TRUE,5.51292801854049e-12,14.4444444444444
17,TRUE,2.18350365841335e-11,15
17,TRUE,8.20638666505366e-11,15.5555555555556
17,TRUE,2.92862689524885e-10,16.1111111111111
17,TRUE,9.93064959951465e-10,16.6666666666667
17,TRUE,3.20169742635833e-09,17.2222222222222
17,TRUE,9.82108247901395e-09,17.7777777777778
17,TRUE,2.86815254509736e-08,18.3333333333333
17,TRUE,7.97987830325935e-08,18.8888888888889
17,TRUE,2.11655074935836e-07,19.4444444444444
17,TRUE,5.3553357086738e-07,20
17,TRUE,1.29347324195602e-06,20.5555555555556
17,TRUE,2.98420052850915e-06,21.1111111111111
17,TRUE,6.58090111888608e-06,21.6666666666667
17,TRUE,1.38808629679629e-05,22.2222222222222
17,TRUE,2.80225829260071e-05,22.7777777777778
17,TRUE,5.41810267694319e-05,23.3333333333333
17,TRUE,0.000100396914568605,23.8888888888889
17,TRUE,0.000178407940063347,24.4444444444444
17,TRUE,0.000304239214085601,25
17,TRUE,0.000498207006168765,25.5555555555556
17,TRUE,0.000783942902062541,26.1111111111111
17,TRUE,0.00118611071407738,26.6666666666667
17,TRUE,0.00172670580819865,27.2222222222222
17,TRUE,0.0024201919764953,27.7777777777778
17,TRUE,0.00326817677355124,28.3333333333333
17,TRUE,0.0042547231869257,28.8888888888889
17,TRUE,0.00534358597822553,29.4444444444444
17,TRUE,0.0064785163699105,30
17,TRUE,0.00758726064010396,30.5555555555556
17,TRUE,0.00858907533038481,31.1111111111111
17,TRUE,0.00940469957916992,31.6666666666667
17,TRUE,0.00996702496025673,32.2222222222222
17,TRUE,0.0102304117554842,32.7777777777778
17,TRUE,0.0101768253192691,33.3333333333333
17,TRUE,0.00981765334082099,33.8888888888889
17,TRUE,0.00919101750217233,34.4444444444444
17,TRUE,0.00835534152460056,35
17,TRUE,0.00738063178903415,35.5555555555556
17,TRUE,0.00633921398802237,36.1111111111111
17,TRUE,0.005297530321714,36.6666666666667
17,TRUE,0.00431013708042307,37.2222222222222
17,TRUE,0.00341642212456837,37.7777777777778
17,TRUE,0.00263996265637288,38.3333333333333
17,TRUE,0.00198999798827519,38.8888888888889
17,TRUE,0.0014642614775072,39.4444444444444
17,TRUE,0.0010523933440876,40
17,TRUE,0.000739286996306976,40.5555555555556
17,TRUE,0.000507931755897733,41.1111111111111
17,TRUE,0.000341536030838423,41.6666666666667
17,TRUE,0.000224899149470457,42.2222222222222
17,TRUE,0.000145124320552795,42.7777777777778
17,TRUE,9.18278390803851e-05,43.3333333333333
17,TRUE,5.70125777957005e-05,43.8888888888889
17,TRUE,3.47543515076564e-05,44.4444444444444
17,TRUE,2.08146741456527e-05,45
17,TRUE,1.22555084024196e-05,45.5555555555556
17,TRUE,7.09861056797949e-06,46.1111111111111
17,TRUE,4.04738313232796e-06,46.6666666666667
17,TRUE,2.27306831119626e-06,47.2222222222222
17,TRUE,1.25824646029574e-06,47.7777777777778
17,TRUE,6.86928356986663e-07,48.3333333333333
17,TRUE,3.70106466161292e-07,48.8888888888889
17,TRUE,1.96919148560171e-07,49.4444444444444
17,TRUE,1.03531223176099e-07,50
17,TRUE,5.3821081988818e-08,50.5555555555556
17,TRUE,2.768255711878e-08,51.1111111111111
17,TRUE,1.40963635666469e-08,51.6666666666667
17,TRUE,7.11096870962392e-09,52.2222222222222
17,TRUE,3.55585435700604e-09,52.7777777777778
17,TRUE,1.76369718873584e-09,53.3333333333333
17,TRUE,8.68236316511852e-10,53.8888888888889
17,TRUE,4.24473324002334e-10,54.4444444444444
17,TRUE,2.06213628407324e-10,55
17,TRUE,9.96039745054856e-11,55.5555555555556
17,TRUE,4.78550035033799e-11,56.1111111111111
17,TRUE,2.28762092027157e-11,56.6666666666667
17,TRUE,1.08786166797951e-11,57.2222222222222
17,TRUE,5.14039144749678e-12,57.7777777777778
17,TRUE,2.40548707141138e-12,58.3333333333333
17,TRUE,1.10627991910845e-12,58.8888888888889
17,TRUE,4.92771413170327e-13,59.4444444444444
17,TRUE,2.07810506705983e-13,60
18,TRUE,5.85830083650317e-24,5
18,TRUE,7.15305233373493e-23,5.55555555555556
18,TRUE,7.89976697841867e-22,6.11111111111111
18,TRUE,8.07631704414038e-21,6.66666666666667
18,TRUE,7.67356726008381e-20,7.22222222222222
18,TRUE,6.78341226834619e-19,7.77777777777778
18,TRUE,5.58377595931211e-18,8.33333333333333
18,TRUE,4.28337968938612e-17,8.88888888888889
18,TRUE,3.06459129831361e-16,9.44444444444444
18,TRUE,2.04660651822449e-15,10
18,TRUE,1.27679238159181e-14,10.5555555555556
18,TRUE,7.44695381418718e-14,11.1111111111111
18,TRUE,4.06403798774826e-13,11.6666666666667
18,TRUE,2.07685327140934e-12,12.2222222222222
18,TRUE,9.94651699633635e-12,12.7777777777778
18,TRUE,4.46788064736569e-11,13.3333333333333
18,TRUE,1.88384661475751e-10,13.8888888888889
18,TRUE,7.46192771885261e-10,14.4444444444444
18,TRUE,2.77885635237127e-09,15
18,TRUE,9.73730359367169e-09,15.5555555555556
18,TRUE,3.21304512794376e-08,16.1111111111111
18,TRUE,9.99190600361338e-08,16.6666666666667
18,TRUE,2.9307657215288e-07,17.2222222222222
18,TRUE,8.11452145610463e-07,17.7777777777778
18,TRUE,2.12246976254461e-06,18.3333333333333
18,TRUE,5.24885514296289e-06,18.8888888888889
18,TRUE,1.22823019106664e-05,19.4444444444444
18,TRUE,2.72166472281036e-05,20
18,TRUE,5.71579521052322e-05,20.5555555555556
18,TRUE,0.000113855317155525,21.1111111111111
18,TRUE,0.000215284106487445,21.6666666666667
18,TRUE,0.000386722924539615,22.2222222222222
18,TRUE,0.000660487180113941,22.7777777777778
18,TRUE,0.00107337764957391,23.3333333333333
18,TRUE,0.00166115997539863,23.8888888888889
18,TRUE,0.00245012429659774,24.4444444444444
18,TRUE,0.00344690592857309,25
18,TRUE,0.00462894712026513,25.5555555555556
18,TRUE,0.00593872492510849,26.1111111111111
18,TRUE,0.00728465574512544,26.6666666666667
18,TRUE,0.00855019896796367,27.2222222222222
18,TRUE,0.00961039422516733,27.7777777777778
18,TRUE,0.0103526206423799,28.3333333333333
18,TRUE,0.0106966976930032,28.8888888888889
18,TRUE,0.0106092714749782,29.4444444444444
18,TRUE,0.0101088975342879,30
18,TRUE,0.00926083754297436,30.5555555555556
18,TRUE,0.00816339278919258,31.1111111111111
18,TRUE,0.00692963978019628,31.6666666666667
18,TRUE,0.0056691194072404,32.2222222222222
18,TRUE,0.004473328818098,32.7777777777778
18,TRUE,0.00340723003920098,33.3333333333333
18,TRUE,0.00250710479453805,33.8888888888889
18,TRUE,0.00178356415507533,34.4444444444444
18,TRUE,0.00122770732630472,35
18,TRUE,0.00081834284920138,35.5555555555556
18,TRUE,0.000528633099077631,36.1111111111111
18,TRUE,0.000331204415660526,36.6666666666667
18,TRUE,0.000201420876032681,37.2222222222222
18,TRUE,0.000118993467432504,37.7777777777778
18,TRUE,6.83432300368953e-05,38.3333333333333
18,TRUE,3.81913368575255e-05,38.8888888888889
18,TRUE,2.07813713974883e-05,39.4444444444444
18,TRUE,1.10196116461317e-05,40
18,TRUE,5.69880270628326e-06,40.5555555555556
18,TRUE,2.87652691633675e-06,41.1111111111111
18,TRUE,1.41828240745546e-06,41.6666666666667
18,TRUE,6.83609552166904e-07,42.2222222222222
18,TRUE,3.22363634869828e-07,42.7777777777778
18,TRUE,1.48839277405566e-07,43.3333333333333
18,TRUE,6.73384940063795e-08,43.8888888888889
18,TRUE,2.98761064971245e-08,44.4444444444444
18,TRUE,1.30088653471555e-08,45
18,TRUE,5.56351627124367e-09,45.5555555555556
18,TRUE,2.33880039731161e-09,46.1111111111111
18,TRUE,9.67185424774733e-10,46.6666666666667
18,TRUE,3.93765482462758e-10,47.2222222222222
18,TRUE,1.57948302415276e-10,47.7777777777778
18,TRUE,6.2471130371504e-11,48.3333333333333
18,TRUE,2.43819284435653e-11,48.8888888888889
18,TRUE,9.39761727523957e-12,49.4444444444444
18,TRUE,3.57984893824756e-12,50
18,TRUE,1.34879084004459e-12,50.5555555555556
18,TRUE,5.03028572970704e-13,51.1111111111111
18,TRUE,1.85841824715016e-13,51.6666666666667
18,TRUE,6.8066130946384e-14,52.2222222222222
18,TRUE,2.47336887577855e-14,52.7777777777778
18,TRUE,8.92379759375291e-15,53.3333333333333
18,TRUE,3.19923071893428e-15,53.8888888888889
18,TRUE,1.14053222468121e-15,54.4444444444444
18,TRUE,4.04636835072587e-16,55
18,TRUE,1.42970360747461e-16,55.5555555555556
18,TRUE,5.03465050072737e-17,56.1111111111111
18,TRUE,1.76821996832601e-17,56.6666666666667
18,TRUE,6.19714864190573e-18,57.2222222222222
18,TRUE,2.16776550813202e-18,57.7777777777778
18,TRUE,7.56106396331325e-19,58.3333333333333
18,TRUE,2.61964930853761e-19,58.8888888888889
18,TRUE,8.92911701874784e-20,59.4444444444444
18,TRUE,2.93980407050409e-20,60
19,FALSE,5.73132772852679e-34,5
19,FALSE,9.51369488426567e-33,5.55555555555556
19,FALSE,1.44850896157741e-31,6.11111111111111
19,FALSE,2.05934943611648e-30,6.66666666666667
19,FALSE,2.74126944292667e-29,7.22222222222222
19,FALSE,3.41934085210113e-28,7.77777777777778
19,FALSE,3.99937843813038e-27,8.33333333333333
19,FALSE,4.38921788247821e-26,8.88888888888889
19,FALSE,4.52283507937791e-25,9.44444444444444
19,FALSE,4.37872354226839e-24,10
19,FALSE,3.98548728997834e-23,10.5555555555556
19,FALSE,3.41268490360889e-22,11.1111111111111
19,FALSE,2.75090314467831e-21,11.6666666666667
19,FALSE,2.08882461175729e-20,12.2222222222222
19,FALSE,1.49506185962957e-19,12.7777777777778
19,FALSE,1.00932145332055e-18,13.3333333333333
19,FALSE,6.43124909686635e-18,13.8888888888889
19,FALSE,3.8702465817764e-17,14.4444444444444
19,FALSE,2.20110648729373e-16,15
19,FALSE,1.18381500522835e-15,15.5555555555556
19,FALSE,6.02487230265655e-15,16.1111111111111
19,FALSE,2.90344425250225e-14,16.6666666666667
19,FALSE,1.32574726076218e-13,17.2222222222222
19,FALSE,5.73943393112145e-13,17.7777777777778
19,FALSE,2.35731388745903e-12,18.3333333333333
19,FALSE,9.19145368604092e-12,18.8888888888889
19,FALSE,3.40445220728009e-11,19.4444444444444
19,FALSE,1.19862607233257e-10,20
19,FALSE,4.01393339590657e-10,20.5555555555556
19,FALSE,1.27932940259281e-09,21.1111111111111
19,FALSE,3.8832507792512e-09,21.6666666666667
19,FALSE,1.12326852091852e-08,22.2222222222222
19,FALSE,3.09827692306095e-08,22.7777777777778
19,FALSE,8.15413431306577e-08,23.3333333333333
19,FALSE,2.04893412281012e-07,23.8888888888889
19,FALSE,4.91859570529975e-07,24.4444444444444
19,FALSE,1.12872111046648e-06,25
19,FALSE,2.47760909698157e-06,25.5555555555556
19,FALSE,5.2053091816937e-06,26.1111111111111
19,FALSE,1.04735412233279e-05,26.6666666666667
19,FALSE,2.01947323043147e-05,27.2222222222222
19,FALSE,3.73373052625066e-05,27.7777777777778
19,FALSE,6.62322260759769e-05,28.3333333333333
19,FALSE,0.000112791601499097,28.8888888888889
19,FALSE,0.000184511288578715,29.4444444444444
19,FALSE,0.000290110694822208,30
19,FALSE,0.000438685224775771,30.5555555555556
19,FALSE,0.000638325924048126,31.1111111111111
19,FALSE,0.000894296773650438,31.6666666666667
19,FALSE,0.00120702894922129,32.2222222222222
19,FALSE,0.00157034541046768,32.7777777777778
19,FALSE,0.00197040809886825,33.3333333333333
19,FALSE,0.00238583228205033,33.8888888888889
19,FALSE,0.00278921955068855,34.4444444444444
19,FALSE,0.0031500527791281,35
19,FALSE,0.00343855025537041,35.5555555555556
19,FALSE,0.0036297947429272,36.1111111111111
19,FALSE,0.00370732912041458,36.6666666666667
19,FALSE,0.00366549140461167,37.2222222222222
19,FALSE,0.00351003208721346,37.7777777777778
19,FALSE,0.00325693964195922,38.3333333333333
19,FALSE,0.00292978647369694,38.8888888888889
19,FALSE,0.00255619283564577,39.4444444444444
19,FALSE,0.00216412401731343,40
19,FALSE,0.00177867556662462,40.5555555555556
19,FALSE,0.00141980329558788,41.1111111111111
19,FALSE,0.00110119141997793,41.6666666666667
19,FALSE,0.000830199688080386,42.2222222222222
19,FALSE,0.000608646191298611,42.7777777777778
19,FALSE,0.0004340931880684,43.3333333333333
19,FALSE,0.000301304494301928,43.8888888888889
19,FALSE,0.000203609276787272,44.4444444444444
19,FALSE,0.000134004577652036,45
19,FALSE,8.59268634791692e-05,45.5555555555556
19,FALSE,5.37006196452832e-05,46.1111111111111
19,FALSE,3.27206111972217e-05,46.6666666666667
19,FALSE,1.9444800217845e-05,47.2222222222222
19,FALSE,1.12738347025253e-05,47.7777777777778
19,FALSE,6.3792640455842e-06,48.3333333333333
19,FALSE,3.52406585850463e-06,48.8888888888889
19,FALSE,1.90123415756823e-06,49.4444444444444
19,FALSE,1.00205048873446e-06,50
19,FALSE,5.16121195008716e-07,50.5555555555556
19,FALSE,2.59878221461271e-07,51.1111111111111
19,FALSE,1.27966244273133e-07,51.6666666666667
19,FALSE,6.16429963297712e-08,52.2222222222222
19,FALSE,2.90599878952773e-08,52.7777777777778
19,FALSE,1.34121135279036e-08,53.3333333333333
19,FALSE,6.06265641679232e-09,53.8888888888889
19,FALSE,2.68518693326571e-09,54.4444444444444
19,FALSE,1.16579648215103e-09,55
19,FALSE,4.96372909452723e-10,55.5555555555556
19,FALSE,2.0736762723735e-10,56.1111111111111
19,FALSE,8.50434222333777e-11,56.6666666666667
19,FALSE,3.42553936416206e-11,57.2222222222222
19,FALSE,1.35581530296521e-11,57.7777777777778
19,FALSE,5.27368348689174e-12,58.3333333333333
19,FALSE,2.01396985970899e-12,58.8888888888889
19,FALSE,7.52199997731757e-13,59.4444444444444
19,FALSE,2.72107727172248e-13,60
20,FALSE,8.98876404971753e-31,5
20,FALSE,1.60947705639866e-29,5.55555555555556
20,FALSE,2.62573178846468e-28,6.11111111111111
20,FALSE,3.96073409369398e-27,6.66666666666667
20,FALSE,5.53691244740842e-26,7.22222222222222
20,FALSE,7.17991422284783e-25,7.77777777777778
20,FALSE,8.64329334617995e-24,8.33333333333333
20,FALSE,9.66703206235288e-23,8.88888888888889
20,FALSE,1.00532394972817e-21,9.44444444444444
20,FALSE,9.7288760679528e-21,10
20,FALSE,8.76814360756886e-20,10.5555555555556
20,FALSE,7.36521268574908e-19,11.1111111111111
20,FALSE,5.7708479350437e-18,11.6666666666667
20,FALSE,4.22099099636704e-17,12.2222222222222
20,FALSE,2.88438434592379e-16,12.7777777777778
20,FALSE,1.84288769076596e-15,13.3333333333333
20,FALSE,1.10177883047406e-14,13.8888888888889
20,FALSE,6.16853741826189e-14,14.4444444444444
20,FALSE,3.23671325344298e-13,15
20,FALSE,1.5929497989662e-12,15.5555555555556
20,FALSE,7.35896850832178e-12,16.1111111111111
20,FALSE,3.19366578548857e-11,16.6666666666667
20,FALSE,1.30304621598135e-10,17.2222222222222
20,FALSE,5.00227576906937e-10,17.7777777777778
20,FALSE,1.80822281341369e-09,18.3333333333333
20,FALSE,6.15958128957125e-09,18.8888888888889
20,FALSE,1.97880565252037e-08,19.4444444444444
20,FALSE,5.99991181167753e-08,20
20,FALSE,1.71835418707425e-07,20.5555555555556
20,FALSE,4.65202583620095e-07,21.1111111111111
20,FALSE,1.19142808135332e-06,21.6666666666667
20,FALSE,2.88884063419224e-06,22.2222222222222
20,FALSE,6.63654678254994e-06,22.7777777777778
20,FALSE,1.44562386459665e-05,23.3333333333333
20,FALSE,2.9880900017124e-05,23.8888888888889
20,FALSE,5.86525260176288e-05,24.4444444444444
20,FALSE,0.000109411420349655,25
20,FALSE,0.000194110195604734,25.5555555555556
20,FALSE,0.000327770024936089,26.1111111111111
20,FALSE,0.00052716823706874,26.6666666666667
20,FALSE,0.00080818474688029,27.2222222222222
20,FALSE,0.0011818818216916,27.7777777777778
20,FALSE,0.00164990214823143,28.3333333333333
20,FALSE,0.00220028961936133,28.8888888888889
20,FALSE,0.00280513498355821,29.4444444444444
20,FALSE,0.00342131028143552,30
20,FALSE,0.0039949021599928,30.5555555555556
20,FALSE,0.00446891976665759,31.1111111111111
20,FALSE,0.0047927726046827,31.6666666666667
20,FALSE,0.00493129886137057,32.2222222222222
20,FALSE,0.00487108296739678,32.7777777777778
20,FALSE,0.00462248853914863,33.3333333333333
20,FALSE,0.00421701808720301,33.8888888888889
20,FALSE,0.00370087317638964,34.4444444444444
20,FALSE,0.0031264993076871,35
20,FALSE,0.0025441953123417,35.5555555555556
20,FALSE,0.00199553462703256,36.1111111111111
20,FALSE,0.00150959180161886,36.6666666666667
20,FALSE,0.0011021020697617,37.2222222222222
20,FALSE,0.000776984669818314,37.7777777777778
20,FALSE,0.000529289580266476,38.3333333333333
20,FALSE,0.000348595618608512,38.8888888888889
20,FALSE,0.000222101266457954,39.4444444444444
20,FALSE,0.000136971082111191,40
20,FALSE,8.1808612576143e-05,40.5555555555556
20,FALSE,4.73478591693266e-05,41.1111111111111
20,FALSE,2.65685054442548e-05,41.6666666666667
20,FALSE,1.44620252329483e-05,42.2222222222222
20,FALSE,7.64032242430384e-06,42.7777777777778
20,FALSE,3.91954822908688e-06,43.3333333333333
20,FALSE,1.95352657131722e-06,43.8888888888889
20,FALSE,9.46401048917273e-07,44.4444444444444
20,FALSE,4.45875928593389e-07,45
20,FALSE,2.04382310043166e-07,45.5555555555556
20,FALSE,9.11944266944315e-08,46.1111111111111
20,FALSE,3.96271254467814e-08,46.6666666666667
20,FALSE,1.67771678604992e-08,47.2222222222222
20,FALSE,6.92386776318769e-09,47.7777777777778
20,FALSE,2.78667057990815e-09,48.3333333333333
20,FALSE,1.09429221802532e-09,48.8888888888889
20,FALSE,4.19467284620485e-10,49.4444444444444
20,FALSE,1.57032466673114e-10,50
20,FALSE,5.744086710237e-11,50.5555555555556
20,FALSE,2.05405187788633e-11,51.1111111111111
20,FALSE,7.18431725699693e-12,51.6666666666667
20,FALSE,2.45909374703263e-12,52.2222222222222
20,FALSE,8.241759120943e-13,52.7777777777778
20,FALSE,2.7062540750852e-13,53.3333333333333
20,FALSE,8.71122465523505e-14,53.8888888888889
20,FALSE,2.75055516806556e-14,54.4444444444444
20,FALSE,8.52454993552187e-15,55
20,FALSE,2.59491674028598e-15,55.5555555555556
20,FALSE,7.76388356223727e-16,56.1111111111111
20,FALSE,2.28482454768035e-16,56.6666666666667
20,FALSE,6.61866401053242e-17,57.2222222222222
20,FALSE,1.88868801315477e-17,57.7777777777778
20,FALSE,5.31273366816336e-18,58.3333333333333
20,FALSE,1.47352787104488e-18,58.8888888888889
20,FALSE,4.02493697676534e-19,59.4444444444444
20,FALSE,1.07734445069173e-19,60
21,TRUE,1.52989022005346e-14,5
21,TRUE,6.63744113437394e-14,5.55555555555556
21,TRUE,2.47887404705523e-13,6.11111111111111
21,TRUE,8.60017235057572e-13,6.66666666666667
21,TRUE,2.84282526302482e-12,7.22222222222222
21,TRUE,9.02323237021333e-12,7.77777777777778
21,TRUE,2.75778274092686e-11,8.33333333333333
21,TRUE,8.12618524206913e-11,8.88888888888889
21,TRUE,2.31025066528979e-10,9.44444444444444
21,TRUE,6.34037532612097e-10,10
21,TRUE,1.68059497209156e-09,10.5555555555556
21,TRUE,4.30428560373228e-09,11.1111111111111
21,TRUE,1.06566911793471e-08,11.6666666666667
21,TRUE,2.55163516210688e-08,12.2222222222222
21,TRUE,5.91126760203504e-08,12.7777777777778
21,TRUE,1.32555951068394e-07,13.3333333333333
21,TRUE,2.87849250285134e-07,13.8888888888889
21,TRUE,6.0557646644546e-07,14.4444444444444
21,TRUE,1.2348145360673e-06,15
21,TRUE,2.44148622069483e-06,15.5555555555556
21,TRUE,4.68292996994883e-06,16.1111111111111
21,TRUE,8.71732057241339e-06,16.6666666666667
21,TRUE,1.5755839000797e-05,17.2222222222222
21,TRUE,2.76620560772181e-05,17.7777777777778
21,TRUE,4.71957672433726e-05,18.3333333333333
21,TRUE,7.82868055833964e-05,18.8888888888889
21,TRUE,0.000126308402999747,19.4444444444444
21,TRUE,0.000198301142295401,20
21,TRUE,0.00030308087420679,20.5555555555556
21,TRUE,0.000451152208785469,21.1111111111111
21,TRUE,0.00065434923348068,21.6666666666667
21,TRUE,0.000925142314504754,22.2222222222222
21,TRUE,0.00127558716956924,22.7777777777778
21,TRUE,0.00171594863987715,23.3333333333333
21,TRUE,0.00225310020629653,23.8888888888889
21,TRUE,0.00288886958603253,24.4444444444444
21,TRUE,0.00361855557096939,25
21,TRUE,0.00442986623604117,25.5555555555556
21,TRUE,0.00530251209012183,26.1111111111111
21,TRUE,0.00620862542514801,26.6666666666667
21,TRUE,0.00711407450159993,27.2222222222222
21,TRUE,0.00798061341791611,27.7777777777778
21,TRUE,0.00876867775818713,28.3333333333333
21,TRUE,0.00944052705083456,28.8888888888889
21,TRUE,0.009963369256618,29.4444444444444
21,TRUE,0.0103120934098808,30
21,TRUE,0.0104712864556668,30.5555555555556
21,TRUE,0.0104363099573356,31.1111111111111
21,TRUE,0.0102133431062098,31.6666666666667
21,TRUE,0.00981843679200439,32.2222222222222
21,TRUE,0.00927574601931171,32.7777777777778
21,TRUE,0.00861519616589829,33.3333333333333
21,TRUE,0.00786988195697552,33.8888888888889
21,TRUE,0.00707349513177491,34.4444444444444
21,TRUE,0.00625803427324354,35
21,TRUE,0.00545198047160193,35.5555555555556
21,TRUE,0.00467904017006095,36.1111111111111
21,TRUE,0.00395747583773608,36.6666666666667
21,TRUE,0.00329997717872793,37.2222222222222
21,TRUE,0.00271397727080631,37.7777777777778
21,TRUE,0.00220229167810485,38.3333333333333
21,TRUE,0.00176395269929325,38.8888888888889
21,TRUE,0.00139512133744702,39.4444444444444
21,TRUE,0.00108998084402892,40
21,TRUE,0.000841542235817152,40.5555555555556
21,TRUE,0.000642319243217963,41.1111111111111
21,TRUE,0.000484854246151336,41.6666666666667
21,TRUE,0.000362095842193914,42.2222222222222
21,TRUE,0.000267642013753325,42.7777777777778
21,TRUE,0.000195870651063754,43.3333333333333
21,TRUE,0.000141982315704189,43.8888888888889
21,TRUE,0.000101979766883636,44.4444444444444
21,TRUE,7.26061289609016e-05,45
21,TRUE,5.12597231502535e-05,45.5555555555556
21,TRUE,3.58993564998718e-05,46.1111111111111
21,TRUE,2.49498369871961e-05,46.6666666666667
21,TRUE,1.72140081794573e-05,47.2222222222222
21,TRUE,1.17948226377251e-05,47.7777777777778
21,TRUE,8.02891567683717e-06,48.3333333333333
21,TRUE,5.43173045823554e-06,48.8888888888889
21,TRUE,3.65336873899123e-06,49.4444444444444
21,TRUE,2.44387353953429e-06,50
21,TRUE,1.62647241685305e-06,50.5555555555556
21,TRUE,1.07732271363133e-06,51.1111111111111
21,TRUE,7.10424667931082e-07,51.6666666666667
21,TRUE,4.66547555407694e-07,52.2222222222222
21,TRUE,3.05209588299117e-07,52.7777777777778
21,TRUE,1.98940350434648e-07,53.3333333333333
21,TRUE,1.29222227407453e-07,53.8888888888889
21,TRUE,8.36491940443457e-08,54.4444444444444
21,TRUE,5.39567858388402e-08,55
21,TRUE,3.46681486049584e-08,55.5555555555556
21,TRUE,2.2171053763676e-08,56.1111111111111
21,TRUE,1.40933736572611e-08,56.6666666666667
21,TRUE,8.88332338682635e-09,57.2222222222222
21,TRUE,5.52915411536537e-09,57.7777777777778
21,TRUE,3.3736915115115e-09,58.3333333333333
21,TRUE,1.99336059054748e-09,58.8888888888889
21,TRUE,1.11927466439167e-09,59.4444444444444
21,TRUE,5.82527928570603e-10,60
22,TRUE,1.55228056438972e-13,5
22,TRUE,7.40514501417505e-13,5.55555555555556
22,TRUE,3.06914475665259e-12,6.11111111111111
22,TRUE,1.18117056210121e-11,6.66666666666667
22,TRUE,4.3049879173812e-11,7.22222222222222
22,TRUE,1.49389435549795e-10,7.77777777777778
22,TRUE,4.94498422598348e-10,8.33333333333333
22,TRUE,1.56284695229501e-09,8.88888888888889
22,TRUE,4.71922668542232e-09,9.44444444444444
22,TRUE,1.36235630394418e-08,10
22,TRUE,3.76208046548117e-08,10.5555555555556
22,TRUE,9.94332088392348e-08,11.1111111111111
22,TRUE,2.51679619210895e-07,11.6666666666667
22,TRUE,6.10414112270769e-07,12.2222222222222
22,TRUE,1.41940871043675e-06,12.7777777777778
22,TRUE,3.16623436789118e-06,13.3333333333333
22,TRUE,6.77918581696438e-06,13.8888888888889
22,TRUE,1.39398145505794e-05,14.4444444444444
22,TRUE,2.75440262915805e-05,15
22,TRUE,5.23280693079963e-05,15.5555555555556
22,TRUE,9.56367127418117e-05,16.1111111111111
22,TRUE,0.000168245276887266,16.6666666666667
22,TRUE,0.000285059151971242,17.2222222222222
22,TRUE,0.000465421447994072,17.7777777777778
22,TRUE,0.000732693592755426,18.3333333333333
22,TRUE,0.00111277703436147,18.8888888888889
22,TRUE,0.00163135580513279,19.4444444444444
22,TRUE,0.0023098771207863,20
22,TRUE,0.00316062824221698,20.5555555555556
22,TRUE,0.00418164204320986,21.1111111111111
22,TRUE,0.00535246158103671,21.6666666666667
22,TRUE,0.00663189622406718,22.2222222222222
22,TRUE,0.00795872219953385,22.7777777777778
22,TRUE,0.00925580593822236,23.3333333333333
22,TRUE,0.0104374405508091,23.8888888888889
22,TRUE,0.0114189474042431,24.4444444444444
22,TRUE,0.012127006359539,25
22,TRUE,0.0125089134560036,25.5555555555556
22,TRUE,0.01253911176148,26.1111111111111
22,TRUE,0.0122218708162422,26.6666666666667
22,TRUE,0.0115897650688115,27.2222222222222
22,TRUE,0.0106984206403872,27.7777777777778
22,TRUE,0.00961866123780678,28.3333333333333
22,TRUE,0.0084275454950058,28.8888888888889
22,TRUE,0.00719980033891757,29.4444444444444
22,TRUE,0.00600086404339317,30
22,TRUE,0.00488227217267664,30.5555555555556
22,TRUE,0.00387958873273367,31.1111111111111
22,TRUE,0.00301262654868628,31.6666666666667
22,TRUE,0.0022873940303837,32.2222222222222
22,TRUE,0.00169907550344822,32.7777777777778
22,TRUE,0.00123537864937373,33.3333333333333
22,TRUE,0.000879716431036666,33.8888888888889
22,TRUE,0.000613874758364532,34.4444444444444
22,TRUE,0.000420001027888774,35
22,TRUE,0.000281898826495192,35.5555555555556
22,TRUE,0.000185715070556979,36.1111111111111
22,TRUE,0.000120157371622493,36.6666666666667
22,TRUE,7.63908457422385e-05,37.2222222222222
22,TRUE,4.77482973186932e-05,37.7777777777778
22,TRUE,2.93587796475092e-05,38.3333333333333
22,TRUE,1.77672142709669e-05,38.8888888888889
22,TRUE,1.05886217894926e-05,39.4444444444444
22,TRUE,6.2177843177379e-06,40
22,TRUE,3.59952507082957e-06,40.5555555555556
22,TRUE,2.05544164193545e-06,41.1111111111111
22,TRUE,1.15838366242965e-06,41.6666666666667
22,TRUE,6.4464974520641e-07,42.2222222222222
22,TRUE,3.54450826620385e-07,42.7777777777778
22,TRUE,1.92657316265287e-07,43.3333333333333
22,TRUE,1.03573532294776e-07,43.8888888888889
22,TRUE,5.51038780605421e-08,44.4444444444444
22,TRUE,2.90283171629566e-08,45
22,TRUE,1.51496988064315e-08,45.5555555555556
22,TRUE,7.83726647068704e-09,46.1111111111111
22,TRUE,4.02105157934012e-09,46.6666666666667
22,TRUE,2.04722201221626e-09,47.2222222222222
22,TRUE,1.03484730091623e-09,47.7777777777778
22,TRUE,5.19648047193471e-10,48.3333333333333
22,TRUE,2.59357967764709e-10,48.8888888888889
22,TRUE,1.28730839642702e-10,49.4444444444444
22,TRUE,6.35760599460671e-11,50
22,TRUE,3.12584672543106e-11,50.5555555555556
22,TRUE,1.53087425108658e-11,51.1111111111111
22,TRUE,7.47210987884289e-12,51.6666666666667
22,TRUE,3.63673762207815e-12,52.2222222222222
22,TRUE,1.7659440174209e-12,52.7777777777778
22,TRUE,8.55984714964077e-13,53.3333333333333
22,TRUE,4.14381907739177e-13,53.8888888888889
22,TRUE,2.00443063875926e-13,54.4444444444444
22,TRUE,9.69224108853573e-14,55
22,TRUE,4.68646530952041e-14,55.5555555555556
22,TRUE,2.26630854309719e-14,56.1111111111111
22,TRUE,1.09585958774869e-14,56.6666666666667
22,TRUE,5.2937248435157e-15,57.2222222222222
22,TRUE,2.54884536398438e-15,57.7777777777778
22,TRUE,1.21705509697701e-15,58.3333333333333
22,TRUE,5.70589694197877e-16,58.8888888888889
22,TRUE,2.58178544566816e-16,59.4444444444444
22,TRUE,1.09977766871086e-16,60
23,TRUE,3.41284338826771e-19,5
23,TRUE,1.85504294512418e-18,5.55555555555556
23,TRUE,8.84938425268755e-18,6.11111111111111
23,TRUE,3.95775034889505e-17,6.66666666666667
23,TRUE,1.69124333279558e-16,7.22222222222222
23,TRUE,6.93950696691691e-16,7.77777777777778
23,TRUE,2.73848885045082e-15,8.33333333333333
23,TRUE,1.0401096966313e-14,8.88888888888889
23,TRUE,3.80415671228262e-14,9.44444444444444
23,TRUE,1.34043383759127e-13,10
23,TRUE,4.55227297205389e-13,10.5555555555556
23,TRUE,1.49070884500356e-12,11.1111111111111
23,TRUE,4.70894887876246e-12,11.6666666666667
23,TRUE,1.4355113483473e-11,12.2222222222222
23,TRUE,4.22499088457643e-11,12.7777777777778
23,TRUE,1.20106513556527e-10,13.3333333333333
23,TRUE,3.29924308265783e-10,13.8888888888889
23,TRUE,8.76101783546733e-10,14.4444444444444
23,TRUE,2.24995083375291e-09,15
23,TRUE,5.59056387434138e-09,15.5555555555556
23,TRUE,1.34458547414961e-08,16.1111111111111
23,TRUE,3.13153811795959e-08,16.6666666666667
23,TRUE,7.06561410863988e-08,17.2222222222222
23,TRUE,1.54508241185614e-07,17.7777777777778
23,TRUE,3.27604341721119e-07,18.3333333333333
23,TRUE,6.73799665296173e-07,18.8888888888889
23,TRUE,1.34487546110127e-06,19.4444444444444
23,TRUE,2.60609701991853e-06,20
23,TRUE,4.90505068428967e-06,20.5555555555556
23,TRUE,8.97073585228176e-06,21.1111111111111
23,TRUE,1.59489306245135e-05,21.6666666666667
23,TRUE,2.7576636678788e-05,22.2222222222222
23,TRUE,4.63921546587163e-05,22.7777777777778
23,TRUE,7.59676272507654e-05,23.3333333333333
23,TRUE,0.000121138040292654,23.8888888888889
23,TRUE,0.000188186119111654,24.4444444444444
23,TRUE,0.000284929005832081,25
23,TRUE,0.000420643895227923,25.5555555555556
23,TRUE,0.000605770326729976,26.1111111111111
23,TRUE,0.00085134047623416,26.6666666666667
23,TRUE,0.00116811766887023,27.2222222222222
23,TRUE,0.00156546650418894,27.7777777777778
23,TRUE,0.0020500306922524,28.3333333333333
23,TRUE,0.00262434847042159,28.8888888888889
23,TRUE,0.00328557930627754,29.4444444444444
23,TRUE,0.00402453815047807,30
23,TRUE,0.00482522585099993,30.5555555555556
23,TRUE,0.00566500257090062,31.1111111111111
23,TRUE,0.00651547800567453,31.6666666666667
23,TRUE,0.00734409767732409,32.2222222222222
23,TRUE,0.00811630384907189,32.7777777777778
23,TRUE,0.00879806039435468,33.3333333333333
23,TRUE,0.00935846973111663,33.8888888888889
23,TRUE,0.00977218830109505,34.4444444444444
23,TRUE,0.0100213692586011,35
23,TRUE,0.0100969230518195,35.5555555555556
23,TRUE,0.00999897726177343,36.1111111111111
23,TRUE,0.00973652059480371,36.6666666666667
23,TRUE,0.00932631521986342,37.2222222222222
23,TRUE,0.00879124171827457,37.7777777777778
23,TRUE,0.0081582914922775,38.3333333333333
23,TRUE,0.00745643834213259,38.8888888888889
23,TRUE,0.00671460588967326,39.4444444444444
23,TRUE,0.00595990726132149,40
23,TRUE,0.00521627752133505,40.5555555555556
23,TRUE,0.00450355811656025,41.1111111111111
23,TRUE,0.00383703530217845,41.6666666666667
23,TRUE,0.00322738800178844,42.2222222222222
23,TRUE,0.00268096864920655,42.7777777777778
23,TRUE,0.00220032415694935,43.3333333333333
23,TRUE,0.00178486176118028,43.8888888888889
23,TRUE,0.00143157303589621,44.4444444444444
23,TRUE,0.00113574507395939,45
23,TRUE,0.000891606962873025,45.5555555555556
23,TRUE,0.000692879074663039,46.1111111111111
23,TRUE,0.000533210038178352,46.6666666666667
23,TRUE,0.000406500195129831,47.2222222222222
23,TRUE,0.000307120322190697,47.7777777777778
23,TRUE,0.000230040543249001,48.3333333333333
23,TRUE,0.000170887197340107,48.8888888888889
23,TRUE,0.000125945723574628,49.4444444444444
23,TRUE,9.2126175316411e-05,50
23,TRUE,6.69055115260305e-05,50.5555555555556
23,TRUE,4.82579257743797e-05,51.1111111111111
23,TRUE,3.45815939958927e-05,51.6666666666667
23,TRUE,2.46276267940278e-05,52.2222222222222
23,TRUE,1.74348465777526e-05,52.7777777777778
23,TRUE,1.22723207069095e-05,53.3333333333333
23,TRUE,8.59034912759021e-06,53.8888888888889
23,TRUE,5.97976984143932e-06,54.4444444444444
23,TRUE,4.13893206621556e-06,55
23,TRUE,2.84741719540246e-06,55.5555555555556
23,TRUE,1.94549002127343e-06,56.1111111111111
23,TRUE,1.31827520790075e-06,56.6666666666667
23,TRUE,8.83732064331859e-07,57.2222222222222
23,TRUE,5.83634153595263e-07,57.7777777777778
23,TRUE,3.76953033950684e-07,58.3333333333333
23,TRUE,2.35196203511115e-07,58.8888888888889
23,TRUE,1.39140612742699e-07,59.4444444444444
23,TRUE,7.61433198989352e-08,60
24,TRUE,1.19608024334621e-17,5
24,TRUE,7.24139314431705e-17,5.55555555555556
24,TRUE,3.88084028681162e-16,6.11111111111111
24,TRUE,1.94503214372372e-15,6.66666666666667
24,TRUE,9.24338810269891e-15,7.22222222222222
24,TRUE,4.17865358220446e-14,7.77777777777778
24,TRUE,1.79900309426534e-13,8.33333333333333
24,TRUE,7.38103682677775e-13,8.88888888888889
24,TRUE,2.88768239150257e-12,9.44444444444444
24,TRUE,1.07789037515455e-11,10
24,TRUE,3.840934502431e-11,10.5555555555556
24,TRUE,1.30731347266025e-10,11.1111111111111
24,TRUE,4.25251976560773e-10,11.6666666666667
24,TRUE,1.32275658648146e-09,12.2222222222222
24,TRUE,3.9366222599665e-09,12.7777777777778
24,TRUE,1.12155615980267e-08,13.3333333333333
24,TRUE,3.06065969155868e-08,13.8888888888889
24,TRUE,8.00477414446066e-08,14.4444444444444
24,TRUE,2.00755028168802e-07,15
24,TRUE,4.83070351483476e-07,15.5555555555556
24,TRUE,1.11589730374184e-06,16.1111111111111
24,TRUE,2.47600345506237e-06,16.6666666666667
24,TRUE,5.28000947796138e-06,17.2222222222222
24,TRUE,1.0827241826672e-05,17.7777777777778
24,TRUE,2.13620959814833e-05,18.3333333333333
24,TRUE,4.05747592838044e-05,18.8888888888889
24,TRUE,7.42330383274413e-05,19.4444444444444
24,TRUE,0.000130891303577493,20
24,TRUE,0.00022255617033684,20.5555555555556
24,TRUE,0.000365112520774156,21.1111111111111
24,TRUE,0.000578249050861797,21.6666666666667
24,TRUE,0.000884600209104655,22.2222222222222
24,TRUE,0.00130787354223725,22.7777777777778
24,TRUE,0.00186987975603753,23.3333333333333
24,TRUE,0.00258662403704903,23.8888888888889
24,TRUE,0.00346391337152166,24.4444444444444
24,TRUE,0.00449321373278281,25
24,TRUE,0.00564866219609078,25.5555555555556
24,TRUE,0.00688612009355642,26.1111111111111
24,TRUE,0.00814490255068515,26.6666666666667
24,TRUE,0.009352359702133,27.2222222222222
24,TRUE,0.0104309067252969,27.7777777777778
24,TRUE,0.0113065433211835,28.3333333333333
24,TRUE,0.0119175169857585,28.8888888888889
24,TRUE,0.0122216793060713,29.4444444444444
24,TRUE,0.012201297632079,30
24,TRUE,0.0118645662698764,30.5555555555556
24,TRUE,0.0112436911291574,31.1111111111111
24,TRUE,0.0103900452451722,31.6666666666667
24,TRUE,0.00936736763807759,32.2222222222222
24,TRUE,0.00824421278198148,32.7777777777778
24,TRUE,0.00708683021256024,33.3333333333333
24,TRUE,0.00595340708155243,33.8888888888889
24,TRUE,0.00489022851524885,34.4444444444444
24,TRUE,0.00392990320926321,35
24,TRUE,0.00309145253429281,35.5555555555556
24,TRUE,0.00238182604205957,36.1111111111111
24,TRUE,0.00179830239247021,36.6666666666667
24,TRUE,0.00133124787804127,37.2222222222222
24,TRUE,0.000966800257216621,37.7777777777778
24,TRUE,0.000689182290875761,38.3333333333333
24,TRUE,0.000482490415155751,38.8888888888889
24,TRUE,0.000331923508684296,39.4444444444444
24,TRUE,0.000224501578018474,40
24,TRUE,0.00014937226966025,40.5555555555556
24,TRUE,9.78197857107006e-05,41.1111111111111
24,TRUE,6.30850345700771e-05,41.6666666666667
24,TRUE,4.00871777301846e-05,42.2222222222222
24,TRUE,2.5113111554701e-05,42.7777777777778
24,TRUE,1.55184276121319e-05,43.3333333333333
24,TRUE,9.46418266376405e-06,43.8888888888889
24,TRUE,5.69957693112426e-06,44.4444444444444
24,TRUE,3.39126684225907e-06,45
24,TRUE,1.99469596835127e-06,45.5555555555556
24,TRUE,1.16043884825773e-06,46.1111111111111
24,TRUE,6.68088271111708e-07,46.6666666666667
24,TRUE,3.80843494591864e-07,47.2222222222222
24,TRUE,2.15077626821083e-07,47.7777777777778
24,TRUE,1.20396715629754e-07,48.3333333333333
24,TRUE,6.68404337014327e-08,48.8888888888889
24,TRUE,3.68216599071074e-08,49.4444444444444
24,TRUE,2.01391399773062e-08,50
24,TRUE,1.09417176201018e-08,50.5555555555556
24,TRUE,5.90840273312301e-09,51.1111111111111
24,TRUE,3.17268348588235e-09,51.6666666666667
24,TRUE,1.6950637110814e-09,52.2222222222222
24,TRUE,9.01521078929429e-10,52.7777777777778
24,TRUE,4.77550972849669e-10,53.3333333333333
24,TRUE,2.52076777036156e-10,53.8888888888889
24,TRUE,1.32652585560673e-10,54.4444444444444
24,TRUE,6.96212766706493e-11,55
24,TRUE,3.64532091141401e-11,55.5555555555556
24,TRUE,1.90427599291357e-11,56.1111111111111
24,TRUE,9.92172676931189e-12,56.6666666666667
24,TRUE,5.15048511246549e-12,57.2222222222222
24,TRUE,2.65718810588178e-12,57.7777777777778
24,TRUE,1.35517736564624e-12,58.3333333333333
24,TRUE,6.76247641051882e-13,58.8888888888889
24,TRUE,3.24503052283612e-13,59.4444444444444
24,TRUE,1.46083878687673e-13,60
25,TRUE,0.00193530012998441,5
25,TRUE,0.00119057955543658,5.55555555555556
25,TRUE,0.00136912891330962,6.11111111111111
25,TRUE,0.00139558623236452,6.66666666666667
25,TRUE,0.00142942913945308,7.22222222222222
25,TRUE,0.00146943791418017,7.77777777777778
25,TRUE,0.00151088443035501,8.33333333333333
25,TRUE,0.00155503559689735,8.88888888888889
25,TRUE,0.00160208276791888,9.44444444444444
25,TRUE,0.00165227024312154,10
25,TRUE,0.00170591922137019,10.5555555555556
25,TRUE,0.00176339611524815,11.1111111111111
25,TRUE,0.00182513661756629,11.6666666666667
25,TRUE,0.00189166806362627,12.2222222222222
25,TRUE,0.00196364150457969,12.7777777777778
25,TRUE,0.00204187743800519,13.3333333333333
25,TRUE,0.00212742906438239,13.8888888888889
25,TRUE,0.00222166738800208,14.4444444444444
25,TRUE,0.00232639151135566,15
25,TRUE,0.00244396507917703,15.5555555555556
25,TRUE,0.00257747547271866,16.1111111111111
25,TRUE,0.00273090574684836,16.6666666666667
25,TRUE,0.00290930058991982,17.2222222222222
25,TRUE,0.00311889756340473,17.7777777777778
25,TRUE,0.00336718513498834,18.3333333333333
25,TRUE,0.0036628419167925,18.8888888888889
25,TRUE,0.00401550992003921,19.4444444444444
25,TRUE,0.00443536134770209,20
25,TRUE,0.00493243545177107,20.5555555555556
25,TRUE,0.00551574959980929,21.1111111111111
25,TRUE,0.00619222490431005,21.6666666666667
25,TRUE,0.00696550696001962,22.2222222222222
25,TRUE,0.0078347996025616,22.7777777777778
25,TRUE,0.00879385622163855,23.3333333333333
25,TRUE,0.00983028162117397,23.8888888888889
25,TRUE,0.0109252826551003,24.4444444444444
25,TRUE,0.0120539667447951,25
25,TRUE,0.0131862275307436,25.5555555555556
25,TRUE,0.0142881844991458,26.1111111111111
25,TRUE,0.0153240698324749,26.6666666666667
25,TRUE,0.0162583933439812,27.2222222222222
25,TRUE,0.0170581759983922,27.7777777777778
25,TRUE,0.0176950311839098,28.3333333333333
25,TRUE,0.0181468922904336,28.8888888888889
25,TRUE,0.0183992314335615,29.4444444444444
25,TRUE,0.0184456789352858,30
25,TRUE,0.0182880253440407,30.5555555555556
25,TRUE,0.0179356559141379,31.1111111111111
25,TRUE,0.0174045219761574,31.6666666666667
25,TRUE,0.0167157883396016,32.2222222222222
25,TRUE,0.0158943086936824,32.7777777777778
25,TRUE,0.0149670736772407,33.3333333333333
25,TRUE,0.0139617535211889,33.8888888888889
25,TRUE,0.0129054250938013,34.4444444444444
25,TRUE,0.0118235380988161,35
25,TRUE,0.0107391423971033,35.5555555555556
25,TRUE,0.00967237158675598,36.1111111111111
25,TRUE,0.0086401588633957,36.6666666666667
25,TRUE,0.00765614991426829,37.2222222222222
25,TRUE,0.00673077310034694,37.7777777777778
25,TRUE,0.00587142772642193,38.3333333333333
25,TRUE,0.00508275492190202,38.8888888888889
25,TRUE,0.00436696091111523,39.4444444444444
25,TRUE,0.00372416802432757,40
25,TRUE,0.00315277394868377,40.5555555555556
25,TRUE,0.00264980411578822,41.1111111111111
25,TRUE,0.00221124573816647,41.6666666666667
25,TRUE,0.0018323549707658,42.2222222222222
25,TRUE,0.00150793116617175,42.7777777777778
25,TRUE,0.00123255436824782,43.3333333333333
25,TRUE,0.00100078414219291,43.8888888888889
25,TRUE,0.000807319598241178,44.4444444444444
25,TRUE,0.000647122011397085,45
25,TRUE,0.000515502726785227,45.5555555555556
25,TRUE,0.00040818002546355,46.1111111111111
25,TRUE,0.000321309282307939,46.6666666666667
25,TRUE,0.000251491075351376,47.2222222222222
25,TRUE,0.000195761931159987,47.7777777777778
25,TRUE,0.000151572161672861,48.3333333333333
25,TRUE,0.00011675482623271,48.8888888888889
25,TRUE,8.94893047606072e-05,49.4444444444444
25,TRUE,6.82623574818768e-05,50
25,TRUE,5.18289277153232e-05,50.5555555555556
25,TRUE,3.91743592730492e-05,51.1111111111111
25,TRUE,2.9479178097528e-05,51.6666666666667
25,TRUE,2.2087145569635e-05,52.2222222222222
25,TRUE,1.64769345876943e-05,52.7777777777778
25,TRUE,1.22375070649635e-05,53.3333333333333
25,TRUE,9.04707536334426e-06,53.8888888888889
25,TRUE,6.65539957397164e-06,54.4444444444444
25,TRUE,4.86909549473305e-06,55
25,TRUE,3.53959292725295e-06,55.5555555555556
25,TRUE,2.55337845526932e-06,56.1111111111111
25,TRUE,1.82416682592655e-06,56.6666666666667
25,TRUE,1.28666394916153e-06,57.2222222222222
25,TRUE,8.9164671196166e-07,57.7777777777778
25,TRUE,6.02240709553866e-07,58.3333333333333
25,TRUE,3.91382937547024e-07,58.8888888888889
25,TRUE,2.40113903325148e-07,59.4444444444444
25,TRUE,1.35680804905243e-07,60
26,TRUE,0.00281141842028018,5
26,TRUE,0.00182976113193439,5.55555555555556
26,TRUE,0.00209546241423349,6.11111111111111
26,TRUE,0.00217140425676663,6.66666666666667
26,TRUE,0.00226332541117755,7.22222222222222
26,TRUE,0.00236975973431338,7.77777777777778
26,TRUE,0.00248765793177395,8.33333333333333
26,TRUE,0.00262104660615014,8.88888888888889
26,TRUE,0.00277404453790995,9.44444444444444
26,TRUE,0.00295260265115451,10
26,TRUE,0.00316526129252939,10.5555555555556
26,TRUE,0.00342405079730582,11.1111111111111
26,TRUE,0.00374552419199985,11.6666666666667
26,TRUE,0.00415170303993422,12.2222222222222
26,TRUE,0.00467066328563125,12.7777777777778
26,TRUE,0.0053363831942217,13.3333333333333
26,TRUE,0.00618742763842679,13.8888888888889
26,TRUE,0.00726409190566043,14.4444444444444
26,TRUE,0.00860381028018633,15
26,TRUE,0.0102349590829025,15.5555555555556
26,TRUE,0.0121696146054638,16.1111111111111
26,TRUE,0.0143962770959731,16.6666666666667
26,TRUE,0.0168739183633544,17.2222222222222
26,TRUE,0.0195288219045426,17.7777777777778
26,TRUE,0.0222554667087058,18.3333333333333
26,TRUE,0.0249221424715718,18.8888888888889
26,TRUE,0.0273811572064771,19.4444444444444
26,TRUE,0.0294825798854002,20
26,TRUE,0.0310896701769467,20.5555555555556
26,TRUE,0.0320936894159421,21.1111111111111
26,TRUE,0.0324257898529418,21.6666666666667
26,TRUE,0.0320641544045551,22.2222222222222
26,TRUE,0.0310353971159983,22.7777777777778
26,TRUE,0.029410238092104,23.3333333333333
26,TRUE,0.027294408525007,23.8888888888889
26,TRUE,0.0248164269806617,24.4444444444444
26,TRUE,0.0221142023908299,25
26,TRUE,0.019322346281961,25.5555555555556
26,TRUE,0.0165616890798939,26.1111111111111
26,TRUE,0.013931921240095,26.6666666666667
26,TRUE,0.011507662884561,27.2222222222222
26,TRUE,0.00933772780565465,27.7777777777778
26,TRUE,0.00744696747081059,28.3333333333333
26,TRUE,0.00583988608278522,28.8888888888889
26,TRUE,0.00450519381607073,29.4444444444444
26,TRUE,0.00342056920508356,30
26,TRUE,0.00255707958739364,30.5555555555556
26,TRUE,0.00188291001323482,31.1111111111111
26,TRUE,0.00136623763526656,31.6666666666667
26,TRUE,0.000977237075516595,32.2222222222222
26,TRUE,0.000689303663232822,32.7777777777778
26,TRUE,0.000479637530253118,33.3333333333333
26,TRUE,0.000329350591461017,33.8888888888889
26,TRUE,0.00022325129227403,34.4444444444444
26,TRUE,0.000149439333924795,35
26,TRUE,9.88132001144685e-05,35.5555555555556
26,TRUE,6.45635143528796e-05,36.1111111111111
26,TRUE,4.1698909829126e-05,36.6666666666667
26,TRUE,2.66300243204631e-05,37.2222222222222
26,TRUE,1.68218244334185e-05,37.7777777777778
26,TRUE,1.05142058820264e-05,38.3333333333333
26,TRUE,6.50475693967892e-06,38.8888888888889
26,TRUE,3.98463648747731e-06,39.4444444444444
26,TRUE,2.41770792423473e-06,40
26,TRUE,1.45356225172893e-06,40.5555555555556
26,TRUE,8.66239649234096e-07,41.1111111111111
26,TRUE,5.11893695275695e-07,41.6666666666667
26,TRUE,3.00071084572284e-07,42.2222222222222
26,TRUE,1.74557720730695e-07,42.7777777777778
26,TRUE,1.00807965095746e-07,43.3333333333333
26,TRUE,5.78181370249457e-08,43.8888888888889
26,TRUE,3.29474252832528e-08,44.4444444444444
26,TRUE,1.86613733425438e-08,45
26,TRUE,1.05101462112106e-08,45.5555555555556
26,TRUE,5.88839270163022e-09,46.1111111111111
26,TRUE,3.2831349678762e-09,46.6666666666667
26,TRUE,1.82249709866751e-09,47.2222222222222
26,TRUE,1.00766012579383e-09,47.7777777777778
26,TRUE,5.55154555515753e-10,48.3333333333333
26,TRUE,3.04894773963406e-10,48.8888888888889
26,TRUE,1.66995820135971e-10,49.4444444444444
26,TRUE,9.12563590640323e-11,50
26,TRUE,4.9774069610384e-11,50.5555555555556
26,TRUE,2.7108354571444e-11,51.1111111111111
26,TRUE,1.47480910129964e-11,51.6666666666667
26,TRUE,8.01800228408198e-12,52.2222222222222
26,TRUE,4.35760271589343e-12,52.7777777777778
26,TRUE,2.36818471560547e-12,53.3333333333333
26,TRUE,1.2872938956144e-12,53.8888888888889
26,TRUE,7.0000152738532e-13,54.4444444444444
26,TRUE,3.80783316229017e-13,55
26,TRUE,2.07161467104542e-13,55.5555555555556
26,TRUE,1.12647681796658e-13,56.1111111111111
26,TRUE,6.11481870495957e-14,56.6666666666667
26,TRUE,3.30612691030496e-14,57.2222222222222
26,TRUE,1.77332994711638e-14,57.7777777777778
26,TRUE,9.36899490384142e-15,58.3333333333333
26,TRUE,4.81631035254947e-15,58.8888888888889
26,TRUE,2.36375264810866e-15,59.4444444444444
26,TRUE,1.07965279203097e-15,60
27,TRUE,1.89031681119947e-29,5
27,TRUE,1.36329913696389e-28,5.55555555555556
27,TRUE,8.77014654081271e-28,6.11111111111111
27,TRUE,5.33808525442846e-27,6.66666666666667
27,TRUE,3.12118729033757e-26,7.22222222222222
27,TRUE,1.75918057106726e-25,7.77777777777778
27,TRUE,9.56761954009894e-25,8.33333333333333
27,TRUE,5.02360276908317e-24,8.88888888888889
27,TRUE,2.54744796781536e-23,9.44444444444444
27,TRUE,1.24801983515264e-22,10
27,TRUE,5.90891829231512e-22,10.5555555555556
27,TRUE,2.70463222469715e-21,11.1111111111111
27,TRUE,1.19719658366919e-20,11.6666666666667
27,TRUE,5.12652500610626e-20,12.2222222222222
27,TRUE,2.12434239267663e-19,12.7777777777778
27,TRUE,8.52144766013098e-19,13.3333333333333
27,TRUE,3.31004143484231e-18,13.8888888888889
27,TRUE,1.24545653378316e-17,14.4444444444444
27,TRUE,4.54090993293822e-17,15
27,TRUE,1.60479885100673e-16,15.5555555555556
27,TRUE,5.49928377623878e-16,16.1111111111111
27,TRUE,1.82786469106896e-15,16.6666666666667
27,TRUE,5.89493601490032e-15,17.2222222222222
27,TRUE,1.84525426345924e-14,17.7777777777778
27,TRUE,5.60816162625131e-14,18.3333333333333
27,TRUE,1.655454707069e-13,18.8888888888889
27,TRUE,4.74779592461649e-13,19.4444444444444
27,TRUE,1.3233978065913e-12,20
27,TRUE,3.58639616140969e-12,20.5555555555556
27,TRUE,9.45239017560363e-12,21.1111111111111
27,TRUE,2.42374419450907e-11,21.6666666666667
27,TRUE,6.04839447798011e-11,22.2222222222222
27,TRUE,1.46942771873176e-10,22.7777777777778
27,TRUE,3.47662568232312e-10,23.3333333333333
27,TRUE,8.01338854132989e-10,23.8888888888889
27,TRUE,1.79999035974717e-09,24.4444444444444
27,TRUE,3.94155138412847e-09,25
27,TRUE,8.41694966325254e-09,25.5555555555556
27,TRUE,1.75339772208485e-08,26.1111111111111
27,TRUE,3.5644466031642e-08,26.6666666666667
27,TRUE,7.07355428887554e-08,27.2222222222222
27,TRUE,1.37077203174412e-07,27.7777777777778
27,TRUE,2.59491372025405e-07,28.3333333333333
27,TRUE,4.80019667050569e-07,28.8888888888889
27,TRUE,8.68004393518475e-07,29.4444444444444
27,TRUE,1.53482910338578e-06,30
27,TRUE,2.65473888672437e-06,30.5555555555556
27,TRUE,4.49320029377009e-06,31.1111111111111
27,TRUE,7.44406962831353e-06,31.6666666666667
27,TRUE,1.20763094104637e-05,32.2222222222222
27,TRUE,1.91900284984173e-05,32.7777777777778
27,TRUE,2.98801613600845e-05,33.3333333333333
27,TRUE,4.5604156500711e-05,33.8888888888889
27,TRUE,6.82477261263684e-05,34.4444444444444
27,TRUE,0.00010018025704158,35
27,TRUE,0.000144289262520174,35.5555555555556
27,TRUE,0.000203981734009801,36.1111111111111
27,TRUE,0.000283139940360458,36.6666666666667
27,TRUE,0.000386020585450141,37.2222222222222
27,TRUE,0.000517089585159418,37.7777777777778
27,TRUE,0.000680790117305821,38.3333333333333
27,TRUE,0.000881248753517577,38.8888888888889
27,TRUE,0.00112193275595795,39.4444444444444
27,TRUE,0.00140528004428613,40
27,TRUE,0.00173233072361756,40.5555555555556
27,TRUE,0.00210239418239988,41.1111111111111
27,TRUE,0.00251278755109079,41.6666666666667
27,TRUE,0.00295867905330393,42.2222222222222
27,TRUE,0.00343306329865215,42.7777777777778
27,TRUE,0.00392688528188153,43.3333333333333
27,TRUE,0.00442931676995141,43.8888888888889
27,TRUE,0.00492817434207655,44.4444444444444
27,TRUE,0.00541045431720237,45
27,TRUE,0.00586294788066886,45.5555555555556
27,TRUE,0.00627289137456288,46.1111111111111
27,TRUE,0.0066286029441972,46.6666666666667
27,TRUE,0.00692005793244954,47.2222222222222
27,TRUE,0.00713936133945605,47.7777777777778
27,TRUE,0.0072810854933398,48.3333333333333
27,TRUE,0.00734245354981567,48.8888888888889
27,TRUE,0.00732336305972436,49.4444444444444
27,TRUE,0.00722625709751175,50
27,TRUE,0.00705586198989296,50.5555555555556
27,TRUE,0.0068188195089563,51.1111111111111
27,TRUE,0.00652324689965139,51.6666666666667
27,TRUE,0.00617826013626918,52.2222222222222
27,TRUE,0.00579349458185149,52.7777777777778
27,TRUE,0.00537865330532863,53.3333333333333
27,TRUE,0.00494310742868466,53.8888888888889
27,TRUE,0.0044955658318493,54.4444444444444
27,TRUE,0.00404382425796389,55
27,TRUE,0.00359459764182458,55.5555555555556
27,TRUE,0.00315343442850617,56.1111111111111
27,TRUE,0.00272469949245118,56.6666666666667
27,TRUE,0.00231158189517741,57.2222222222222
27,TRUE,0.00191610703014003,57.7777777777778
27,TRUE,0.00153946618687735,58.3333333333333
27,TRUE,0.00118361753238827,58.8888888888889
27,TRUE,0.000854726469721494,59.4444444444444
27,TRUE,0.000565998132755069,60
28,TRUE,4.25775791811871e-27,5
28,TRUE,3.58344951695234e-26,5.55555555555556
28,TRUE,2.72777289456943e-25,6.11111111111111
28,TRUE,1.96090267240034e-24,6.66666666666667
28,TRUE,1.34327161977041e-23,7.22222222222222
28,TRUE,8.78444027891e-23,7.77777777777778
28,TRUE,5.48788855565889e-22,8.33333333333333
28,TRUE,3.27686023893078e-21,8.88888888888889
28,TRUE,1.87102236646314e-20,9.44444444444444
28,TRUE,1.02205210897632e-19,10
28,TRUE,5.34372720691177e-19,10.5555555555556
28,TRUE,2.67545022265216e-18,11.1111111111111
28,TRUE,1.2833203064344e-17,11.6666666666667
28,TRUE,5.90015168085542e-17,12.2222222222222
28,TRUE,2.60127109632055e-16,12.7777777777778
28,TRUE,1.1002892676937e-15,13.3333333333333
28,TRUE,4.46716031906916e-15,13.8888888888889
28,TRUE,1.741663542177e-14,14.4444444444444
28,TRUE,6.52393735182963e-14,15
28,TRUE,2.34894537507687e-13,15.5555555555556
28,TRUE,8.13314577117227e-13,16.1111111111111
28,TRUE,2.70939083859525e-12,16.6666666666667
28,TRUE,8.6879487003909e-12,17.2222222222222
28,TRUE,2.6828748440739e-11,17.7777777777778
28,TRUE,7.98226788741862e-11,18.3333333333333
28,TRUE,2.28928625286747e-10,18.8888888888889
28,TRUE,6.33179813223598e-10,19.4444444444444
28,TRUE,1.6897111155676e-09,20
28,TRUE,4.35272888433803e-09,20.5555555555556
28,TRUE,1.08287884720248e-08,21.1111111111111
28,TRUE,2.60299047489358e-08,21.6666666666667
28,TRUE,6.04846416080634e-08,22.2222222222222
28,TRUE,1.35926094311246e-07,22.7777777777778
28,TRUE,2.95563716787763e-07,23.3333333333333
28,TRUE,6.22150275754091e-07,23.8888888888889
28,TRUE,1.26835459974129e-06,24.4444444444444
28,TRUE,2.5054893719136e-06,25
28,TRUE,4.79795479487769e-06,25.5555555555556
28,TRUE,8.91120861845471e-06,26.1111111111111
28,TRUE,1.60597592147281e-05,26.6666666666667
28,TRUE,2.80975471222912e-05,27.2222222222222
28,TRUE,4.77451924235956e-05,27.7777777777778
28,TRUE,7.88365366793913e-05,28.3333333333333
28,TRUE,0.000126551337326964,28.8888888888889
28,TRUE,0.000197584001411347,29.4444444444444
28,TRUE,0.00030018364074236,30
28,TRUE,0.000443993565404322,30.5555555555556
28,TRUE,0.00063962402470724,31.1111111111111
28,TRUE,0.00089791479381687,31.6666666666667
28,TRUE,0.00122888538249731,32.2222222222222
28,TRUE,0.00164042706811396,32.7777777777778
28,TRUE,0.0021368544635914,33.3333333333333
28,TRUE,0.00271749252118306,33.8888888888889
28,TRUE,0.00337551339262702,34.4444444444444
28,TRUE,0.00409724352592612,35
28,TRUE,0.00486212705378705,35.5555555555556
28,TRUE,0.00564345725806836,36.1111111111111
28,TRUE,0.0064098831783122,36.6666666666667
28,TRUE,0.00712758067404547,37.2222222222222
28,TRUE,0.00776286828022273,37.7777777777778
28,TRUE,0.00828496939899071,38.3333333333333
28,TRUE,0.00866858971272154,38.8888888888889
28,TRUE,0.00889599899095732,39.4444444444444
28,TRUE,0.00895837585589133,40
28,TRUE,0.0088562791643824,40.5555555555556
28,TRUE,0.00859923077771441,41.1111111111111
28,TRUE,0.00820451017994707,41.6666666666667
28,TRUE,0.00769535300662673,42.2222222222222
28,TRUE,0.00709880063914469,42.7777777777778
28,TRUE,0.00644346213865025,43.3333333333333
28,TRUE,0.00575742620745048,43.8888888888889
28,TRUE,0.00506650879282812,44.4444444444444
28,TRUE,0.00439295384959839,45
28,TRUE,0.00375463350054262,45.5555555555556
28,TRUE,0.00316473024080921,46.1111111111111
28,TRUE,0.00263183531461365,46.6666666666667
28,TRUE,0.00216036737252628,47.2222222222222
28,TRUE,0.00175120380590631,47.7777777777778
28,TRUE,0.00140242087567898,48.3333333333333
28,TRUE,0.00111005350658748,48.8888888888889
28,TRUE,0.00086880659632511,49.4444444444444
28,TRUE,0.000672672540818588,50
28,TRUE,0.000515431045191614,50.5555555555556
28,TRUE,0.000391025018548312,51.1111111111111
28,TRUE,0.000293819431426143,51.6666666666667
28,TRUE,0.000218758367167677,52.2222222222222
28,TRUE,0.000161439677039457,52.7777777777778
28,TRUE,0.000118127551635011,53.3333333333333
28,TRUE,8.57219471857526e-05,53.8888888888889
28,TRUE,6.17010845227617e-05,54.4444444444444
28,TRUE,4.40499330250215e-05,55
28,TRUE,3.11842593319086e-05,55.5555555555556
28,TRUE,2.18768082922535e-05,56.1111111111111
28,TRUE,1.51896443636409e-05,56.6666666666667
28,TRUE,1.04146847526399e-05,57.2222222222222
28,TRUE,7.0232527143116e-06,57.7777777777778
28,TRUE,4.62536395626275e-06,58.3333333333333
28,TRUE,2.93935419316856e-06,58.8888888888889
28,TRUE,1.76955302149806e-06,59.4444444444444
28,TRUE,9.84867549827028e-07,60
29,TRUE,1.37851745759357e-11,5
29,TRUE,4.06677642229542e-11,5.55555555555556
29,TRUE,9.93998318946184e-11,6.11111111111111
29,TRUE,2.20581095473096e-10,6.66666666666667
29,TRUE,4.61732294333048e-10,7.22222222222222
29,TRUE,9.26603099105357e-10,7.77777777777778
29,TRUE,1.79743438351133e-09,8.33333333333333
29,TRUE,3.38643548684982e-09,8.88888888888889
29,TRUE,6.21589978107467e-09,9.44444444444444
29,TRUE,1.11400257986317e-08,10
29,TRUE,1.95259819824405e-08,10.5555555555556
29,TRUE,3.35171396326808e-08,11.1111111111111
29,TRUE,5.64075832452131e-08,11.6666666666667
29,TRUE,9.31637548550477e-08,12.2222222222222
29,TRUE,1.51135979883074e-07,12.7777777777778
29,TRUE,2.41009023469885e-07,13.3333333333333
29,TRUE,3.78045876586938e-07,13.8888888888889
29,TRUE,5.83681587821059e-07,14.4444444444444
29,TRUE,8.87522877309606e-07,15
29,TRUE,1.32980313180815e-06,15.5555555555556
29,TRUE,1.96432984464812e-06,16.1111111111111
29,TRUE,2.86194147586328e-06,16.6666666666667
29,TRUE,4.1144622867688e-06,17.2222222222222
29,TRUE,5.83910675278802e-06,17.7777777777778
29,TRUE,8.18324026012314e-06,18.3333333333333
29,TRUE,1.13293514648791e-05,18.8888888888889
29,TRUE,1.55000364831034e-05,19.4444444444444
29,TRUE,2.0962739551382e-05,20
29,TRUE,2.80339434063986e-05,20.5555555555556
29,TRUE,3.70824604696584e-05,21.1111111111111
29,TRUE,4.85314483361622e-05,21.6666666666667
29,TRUE,6.28587651707364e-05,22.2222222222222
29,TRUE,8.05952967584363e-05,22.7777777777778
29,TRUE,0.000102320930158639,23.3333333333333
29,TRUE,0.000128657920382347,23.8888888888889
29,TRUE,0.000160261495267068,24.4444444444444
29,TRUE,0.00019780766640209,25
29,TRUE,0.000241978354848364,25.5555555555556
29,TRUE,0.000293444091712787,26.1111111111111
29,TRUE,0.000352844706012108,26.6666666666667
29,TRUE,0.000420768555454854,27.2222222222222
29,TRUE,0.000497730979489854,27.7777777777778
29,TRUE,0.000584152748757067,28.3333333333333
29,TRUE,0.000680339343141258,28.8888888888889
29,TRUE,0.000786461906562075,29.4444444444444
29,TRUE,0.000902540697912532,30
29,TRUE,0.00102843178479129,30.5555555555556
29,TRUE,0.00116381761356968,31.1111111111111
29,TRUE,0.0013082019423843,31.6666666666667
29,TRUE,0.00146090945157534,32.2222222222222
29,TRUE,0.00162109015912823,32.7777777777778
29,TRUE,0.00178772857772215,33.3333333333333
29,TRUE,0.00195965736576622,33.8888888888889
29,TRUE,0.00213557505707963,34.4444444444444
29,TRUE,0.00231406731079749,35
29,TRUE,0.00249363101073843,35.5555555555556
29,TRUE,0.00267270046559106,36.1111111111111
29,TRUE,0.00284967491922048,36.6666666666667
29,TRUE,0.00302294657328282,37.2222222222222
29,TRUE,0.0031909283493539,37.7777777777778
29,TRUE,0.00335208067060312,38.3333333333333
29,TRUE,0.00350493661831388,38.8888888888889
29,TRUE,0.00364812491035722,39.4444444444444
29,TRUE,0.00378039025105849,40
29,TRUE,0.00390061070903769,40.5555555555556
29,TRUE,0.00400781188641767,41.1111111111111
29,TRUE,0.00410117774491999,41.6666666666667
29,TRUE,0.00418005804832278,42.2222222222222
29,TRUE,0.00424397246393615,42.7777777777778
29,TRUE,0.00429261143637646,43.3333333333333
29,TRUE,0.00432583400391847,43.8888888888889
29,TRUE,0.00434366277056428,44.4444444444444
29,TRUE,0.00434627627559897,45
29,TRUE,0.00433399901698794,45.5555555555556
29,TRUE,0.00430728938585575,46.1111111111111
29,TRUE,0.00426672575689755,46.6666666666667
29,TRUE,0.00421299095438571,47.2222222222222
29,TRUE,0.00414685527597623,47.7777777777778
29,TRUE,0.00406915820743836,48.3333333333333
29,TRUE,0.00398078890159641,48.8888888888889
29,TRUE,0.00388266542542117,49.4444444444444
29,TRUE,0.00377571270213004,50
29,TRUE,0.003660838992896,50.5555555555556
29,TRUE,0.00353891067884409,51.1111111111111
29,TRUE,0.00341072502311738,51.6666666666667
29,TRUE,0.00327698052097951,52.2222222222222
29,TRUE,0.0031382443909851,52.7777777777778
29,TRUE,0.00299491673165438,53.3333333333333
29,TRUE,0.00284719087193496,53.8888888888889
29,TRUE,0.00269500947487992,54.4444444444444
29,TRUE,0.00253801606606648,55
29,TRUE,0.00237550223193323,55.5555555555556
29,TRUE,0.00220635188804636,56.1111111111111
29,TRUE,0.00202898032699387,56.6666666666667
29,TRUE,0.00184124380939606,57.2222222222222
29,TRUE,0.00164029702898371,57.7777777777778
29,TRUE,0.00142266033123436,58.3333333333333
29,TRUE,0.00118560079422952,58.8888888888889
29,TRUE,0.000931334769602837,59.4444444444444
29,TRUE,0.000672870007556073,60
30,TRUE,1.74673634946115e-11,5
30,TRUE,5.66881853406812e-11,5.55555555555556
30,TRUE,1.55929494217075e-10,6.11111111111111
30,TRUE,3.94491246133513e-10,6.66666666666667
30,TRUE,9.46135909327635e-10,7.22222222222222
30,TRUE,2.17548024173791e-09,7.77777777777778
30,TRUE,4.82068239869462e-09,8.33333333333333
30,TRUE,1.03257020250638e-08,8.88888888888889
30,TRUE,2.14235233420745e-08,9.44444444444444
30,TRUE,4.31253010526677e-08,10
30,TRUE,8.43423775639126e-08,10.5555555555556
30,TRUE,1.60459409362695e-07,11.1111111111111
30,TRUE,2.97284632774178e-07,11.6666666666667
30,TRUE,5.36919363212039e-07,12.2222222222222
30,TRUE,9.46197600815869e-07,12.7777777777778
30,TRUE,1.62842394042566e-06,13.3333333333333
30,TRUE,2.73915103198148e-06,13.8888888888889
30,TRUE,4.50664705254051e-06,14.4444444444444
30,TRUE,7.25746721548749e-06,15
30,TRUE,1.14471244159194e-05,15.5555555555556
30,TRUE,1.76952304546399e-05,16.1111111111111
30,TRUE,2.68236541186255e-05,16.6666666666667
30,TRUE,3.98952545682073e-05,17.2222222222222
30,TRUE,5.82496793999506e-05,17.7777777777778
30,TRUE,8.35316914260942e-05,18.3333333333333
30,TRUE,0.000117706668129266,18.8888888888889
30,TRUE,0.000163057484544187,19.4444444444444
30,TRUE,0.000222157120808595,20
30,TRUE,0.000297812170989917,20.5555555555556
30,TRUE,0.000392974043453374,21.1111111111111
30,TRUE,0.000510617013212329,21.6666666666667
30,TRUE,0.00065358527980543,22.2222222222222
30,TRUE,0.000824414554210467,22.7777777777778
30,TRUE,0.00102513710460125,23.3333333333333
30,TRUE,0.00125708223457381,23.8888888888889
30,TRUE,0.00152068644201462,24.4444444444444
30,TRUE,0.00181532865448241,25
30,TRUE,0.00213920570453463,25.5555555555556
30,TRUE,0.00248926149039085,26.1111111111111
30,TRUE,0.0028611801303138,26.6666666666667
30,TRUE,0.00324944910204316,27.2222222222222
30,TRUE,0.00364749324830668,27.7777777777778
30,TRUE,0.00404787511474642,28.3333333333333
30,TRUE,0.0044425518985741,28.8888888888889
30,TRUE,0.00482317483302039,29.4444444444444
30,TRUE,0.00518141353881595,30
30,TRUE,0.00550928603318393,30.5555555555556
30,TRUE,0.00579947483321385,31.1111111111111
30,TRUE,0.00604561089159889,31.6666666666667
30,TRUE,0.00624250977355895,32.2222222222222
30,TRUE,0.00638634821789584,32.7777777777778
30,TRUE,0.00647477363719618,33.3333333333333
30,TRUE,0.00650694378532606,33.8888888888889
30,TRUE,0.00648349835181143,34.4444444444444
30,TRUE,0.00640646828258166,35
30,TRUE,0.00627913190588807,35.5555555555556
30,TRUE,0.00610582928862888,36.1111111111111
30,TRUE,0.00589174758950568,36.6666666666667
30,TRUE,0.00564269053191429,37.2222222222222
30,TRUE,0.0053648445892262,37.7777777777778
30,TRUE,0.00506455321320451,38.3333333333333
30,TRUE,0.00474810863241124,38.8888888888889
30,TRUE,0.00442156860412469,39.4444444444444
30,TRUE,0.00409060321675076,40
30,TRUE,0.00376037458492282,40.5555555555556
30,TRUE,0.00343545019970656,41.1111111111111
30,TRUE,0.00311974889752398,41.6666666666667
30,TRUE,0.00281651696088315,42.2222222222222
30,TRUE,0.00252833079253279,42.7777777777778
30,TRUE,0.00225712191124956,43.3333333333333
30,TRUE,0.00200421967564703,43.8888888888889
30,TRUE,0.00177040710730125,44.4444444444444
30,TRUE,0.00155598539984613,45
30,TRUE,0.00136084310522454,45.5555555555556
30,TRUE,0.00118452652107994,46.1111111111111
30,TRUE,0.00102630840797505,46.6666666666667
30,TRUE,0.000885252792795683,47.2222222222222
30,TRUE,0.000760274225532918,47.7777777777778
30,TRUE,0.000650190420577831,48.3333333333333
30,TRUE,0.000553767710186841,48.8888888888889
30,TRUE,0.000469759155034115,49.4444444444444
30,TRUE,0.000396935490327087,50
30,TRUE,0.000334109337322596,50.5555555555556
30,TRUE,0.000280153285152059,51.1111111111111
30,TRUE,0.000234012555507682,51.6666666666667
30,TRUE,0.000194713013493416,52.2222222222222
30,TRUE,0.000161365292954065,52.7777777777778
30,TRUE,0.000133165774763137,53.3333333333333
30,TRUE,0.000109395101716052,53.8888888888889
30,TRUE,8.94148423089008e-05,54.4444444444444
30,TRUE,7.26628373563839e-05,55
30,TRUE,5.86476922147951e-05,55.5555555555556
30,TRUE,4.69428068042559e-05,56.1111111111111
30,TRUE,3.71801592101451e-05,56.6666666666667
30,TRUE,2.90437015840596e-05,57.2222222222222
30,TRUE,2.22626015219581e-05,57.7777777777778
30,TRUE,1.66080048288463e-05,58.3333333333333
30,TRUE,1.1901789840188e-05,58.8888888888889
30,TRUE,8.03834691717876e-06,59.4444444444444
30,TRUE,4.99260851466425e-06,60
31,FALSE,1.99854443389538e-15,5
31,FALSE,6.8851793926506e-15,5.55555555555556
31,FALSE,1.93917622330195e-14,6.11111111111111
31,FALSE,4.91465781768995e-14,6.66666666666667
31,FALSE,1.16925620426319e-13,7.22222222222222
31,FALSE,2.66144433904046e-13,7.77777777777778
31,FALSE,5.85440220279028e-13,8.33333333333333
31,FALSE,1.25191076105505e-12,8.88888888888889
31,FALSE,2.61225135481441e-12,9.44444444444444
31,FALSE,5.33210113325033e-12,10
31,FALSE,1.06658032802949e-11,10.5555555555556
31,FALSE,2.09347653653528e-11,11.1111111111111
31,FALSE,4.03605306500587e-11,11.6666666666667
31,FALSE,7.64900347345718e-11,12.2222222222222
31,FALSE,1.42591700013913e-10,12.7777777777778
31,FALSE,2.61614707411038e-10,13.3333333333333
31,FALSE,4.72620523292843e-10,13.8888888888889
31,FALSE,8.41055368070039e-10,14.4444444444444
31,FALSE,1.47488490472022e-09,15
31,FALSE,2.54951857260702e-09,15.5555555555556
31,FALSE,4.34568045649791e-09,16.1111111111111
31,FALSE,7.30601191350247e-09,16.6666666666667
31,FALSE,1.2118293436467e-08,17.2222222222222
31,FALSE,1.98358140967055e-08,17.7777777777778
31,FALSE,3.20486367375514e-08,18.3333333333333
31,FALSE,5.11233037641716e-08,18.8888888888889
31,FALSE,8.05328355046182e-08,19.4444444444444
31,FALSE,1.2530353597736e-07,20
31,FALSE,1.9260987250353e-07,20.5555555555556
31,FALSE,2.92553136390253e-07,21.1111111111111
31,FALSE,4.39163177534115e-07,21.6666666666667
31,FALSE,6.51664548076807e-07,22.2222222222222
31,FALSE,9.5604807653894e-07,22.7777777777778
31,FALSE,1.3869853292255e-06,23.3333333333333
31,FALSE,1.99011569068198e-06,23.8888888888889
31,FALSE,2.82472307897714e-06,24.4444444444444
31,FALSE,3.96680096814332e-06,25
31,FALSE,5.51248010624868e-06,25.5555555555556
31,FALSE,7.58176323491921e-06,26.1111111111111
31,FALSE,1.03224759476839e-05,26.6666666666667
31,FALSE,1.39143039388643e-05,27.2222222222222
31,FALSE,1.85727463487359e-05,27.7777777777778
31,FALSE,2.45527754144442e-05,28.3333333333333
31,FALSE,3.21519574388564e-05,28.8888888888889
31,FALSE,4.17127627830488e-05,29.4444444444444
31,FALSE,5.36237768348994e-05,30
31,FALSE,6.83195231088544e-05,30.5555555555556
31,FALSE,8.62786265723402e-05,31.1111111111111
31,FALSE,0.000108020081778554,31.6666666666667
31,FALSE,0.000134097446934483,32.2222222222222
31,FALSE,0.000165090860660245,32.7777777777778
31,FALSE,0.000201596870305427,33.3333333333333
31,FALSE,0.000244216165119157,33.8888888888889
31,FALSE,0.000293539418797041,34.4444444444444
31,FALSE,0.000350131557403938,35
31,FALSE,0.000414514873300909,35.5555555555556
31,FALSE,0.000487151496390147,36.1111111111111
31,FALSE,0.000568425804214081,36.6666666666667
31,FALSE,0.000658627396813789,37.2222222222222
31,FALSE,0.000757935276971654,37.7777777777778
31,FALSE,0.000866403859667983,38.3333333333333
31,FALSE,0.000983951386501506,38.8888888888889
31,FALSE,0.00111035124377085,39.4444444444444
31,FALSE,0.00124522658108508,40
31,FALSE,0.00138804850649181,40.5555555555556
31,FALSE,0.00153813800096007,41.1111111111111
31,FALSE,0.00169467155690616,41.6666666666667
31,FALSE,0.00185669040950188,42.2222222222222
31,FALSE,0.00202311310231395,42.7777777777778
31,FALSE,0.00219275101583152,43.3333333333333
31,FALSE,0.00236432639256286,43.8888888888889
31,FALSE,0.00253649231773802,44.4444444444444
31,FALSE,0.00270785406036529,45
31,FALSE,0.00287699114349858,45.5555555555556
31,FALSE,0.00304247949100311,46.1111111111111
31,FALSE,0.00320291298465953,46.6666666666667
31,FALSE,0.00335692375178466,47.2222222222222
31,FALSE,0.00350320047916088,47.7777777777778
31,FALSE,0.00364050400119171,48.3333333333333
31,FALSE,0.00376767932372826,48.8888888888889
31,FALSE,0.00388366310241542,49.4444444444444
31,FALSE,0.00398748537580136,50
31,FALSE,0.00407826403689724,50.5555555555556
31,FALSE,0.00415519008909615,51.1111111111111
31,FALSE,0.00421750115014499,51.6666666666667
31,FALSE,0.00426443992035417,52.2222222222222
31,FALSE,0.00429519340368398,52.7777777777778
31,FALSE,0.00430880755905294,53.3333333333333
31,FALSE,0.00430407077165368,53.8888888888889
31,FALSE,0.00427935808255781,54.4444444444444
31,FALSE,0.00423242662027654,55
31,FALSE,0.00416015186207274,55.5555555555556
31,FALSE,0.00405819488632403,56.1111111111111
31,FALSE,0.00392058346392065,56.6666666666667
31,FALSE,0.00373914434041633,57.2222222222222
31,FALSE,0.00350270708903807,57.7777777777778
31,FALSE,0.0031966020097193,58.3333333333333
31,FALSE,0.00280518274075676,58.8888888888889
31,FALSE,0.00232230020029465,59.4444444444444
31,FALSE,0.00176964171720684,60
32,TRUE,1.59895025481288e-14,5
32,TRUE,5.74334450521325e-14,5.55555555555556
32,TRUE,1.73259381084532e-13,6.11111111111111
32,TRUE,4.79725729948422e-13,6.66666666666667
32,TRUE,1.26270201831418e-12,7.22222222222222
32,TRUE,3.2028157402343e-12,7.77777777777778
32,TRUE,7.87663487782408e-12,8.33333333333333
32,TRUE,1.88394666842931e-11,8.88888888888889
32,TRUE,4.39009772388701e-11,9.44444444444444
32,TRUE,9.97793172150399e-11,10
32,TRUE,2.21366857224567e-10,10.5555555555556
32,TRUE,4.79691418637598e-10,11.1111111111111
32,TRUE,1.01582416580595e-09,11.6666666666667
32,TRUE,2.10323180970293e-09,12.2222222222222
32,TRUE,4.25947585010365e-09,12.7777777777778
32,TRUE,8.44116983605238e-09,13.3333333333333
32,TRUE,1.63755250942745e-08,13.8888888888889
32,TRUE,3.11097206351715e-08,14.4444444444444
32,TRUE,5.78978176282688e-08,15
32,TRUE,1.05595660803624e-07,15.5555555555556
32,TRUE,1.88797686533309e-07,16.1111111111111
32,TRUE,3.31024212975764e-07,16.6666666666667
32,TRUE,5.69348806924422e-07,17.2222222222222
32,TRUE,9.60933484526302e-07,17.7777777777778
32,TRUE,1.592000257745e-06,18.3333333333333
32,TRUE,2.5897906919005e-06,18.8888888888889
32,TRUE,4.1380255828788e-06,19.4444444444444
32,TRUE,6.49624673114815e-06,20
32,TRUE,1.00231752991697e-05,20.5555555555556
32,TRUE,1.52038361495884e-05,21.1111111111111
32,TRUE,2.2679667816299e-05,21.6666666666667
32,TRUE,3.32801763680181e-05,22.2222222222222
32,TRUE,4.80539372378226e-05,22.7777777777778
32,TRUE,6.82959698727976e-05,23.3333333333333
32,TRUE,9.55678012502102e-05,23.8888888888889
32,TRUE,0.000131706012384686,24.4444444444444
32,TRUE,0.000178814852000428,25
32,TRUE,0.000239238719865395,25.5555555555556
32,TRUE,0.000315511056034944,26.1111111111111
32,TRUE,0.000410277459183312,26.6666666666667
32,TRUE,0.000526192669222421,27.2222222222222
32,TRUE,0.000665793283628122,27.7777777777778
32,TRUE,0.000831350557007299,28.3333333333333
32,TRUE,0.00102471012280458,28.8888888888889
32,TRUE,0.00124712770183819,29.4444444444444
32,TRUE,0.00149911154807791,30
32,TRUE,0.00178028328401239,30.5555555555556
32,TRUE,0.00208926872002309,31.1111111111111
32,TRUE,0.00242362915372964,31.6666666666667
32,TRUE,0.00277984153708194,32.2222222222222
32,TRUE,0.00315333292477703,32.7777777777778
32,TRUE,0.00353857102046727,33.3333333333333
32,TRUE,0.0039292087329025,33.8888888888889
32,TRUE,0.00431827679487107,34.4444444444444
32,TRUE,0.00469841503222805,35
32,TRUE,0.00506213010482221,35.5555555555556
32,TRUE,0.00540206570779815,36.1111111111111
32,TRUE,0.00571127045650127,36.6666666666667
32,TRUE,0.00598344901157027,37.2222222222222
32,TRUE,0.00621318336108705,37.7777777777778
32,TRUE,0.0063961134042776,38.3333333333333
32,TRUE,0.00652906885122134,38.8888888888889
32,TRUE,0.00661014770214742,39.4444444444444
32,TRUE,0.0066387399250961,40
32,TRUE,0.0066154981550978,40.5555555555556
32,TRUE,0.0065422600721711,41.1111111111111
32,TRUE,0.00642192941245288,41.6666666666667
32,TRUE,0.00625832422024084,42.2222222222222
32,TRUE,0.0060560019140462,42.7777777777778
32,TRUE,0.00582007102961845,43.3333333333333
32,TRUE,0.00555599917838452,43.8888888888889
32,TRUE,0.00526942591851062,44.4444444444444
32,TRUE,0.00496598799904683,45
32,TRUE,0.00465116293715876,45.5555555555556
32,TRUE,0.00433013525500663,46.1111111111111
32,TRUE,0.00400768805640438,46.6666666666667
32,TRUE,0.00368812106614361,47.2222222222222
32,TRUE,0.00337519486664602,47.7777777777778
32,TRUE,0.0030720999030095,48.3333333333333
32,TRUE,0.00278144792015949,48.8888888888889
32,TRUE,0.00250528285440945,49.4444444444444
32,TRUE,0.00224510781737578,50
32,TRUE,0.00200192465945498,50.5555555555556
32,TRUE,0.00177628264935214,51.1111111111111
32,TRUE,0.00156833301590287,51.6666666666667
32,TRUE,0.00137788642700015,52.2222222222222
32,TRUE,0.00120447088734667,52.7777777777778
32,TRUE,0.00104738798496438,53.3333333333333
32,TRUE,0.000905765872199128,53.8888888888889
32,TRUE,0.000778607800636783,54.4444444444444
32,TRUE,0.000664835439364257,55
32,TRUE,0.000563326663817365,55.5555555555556
32,TRUE,0.000472947926985641,56.1111111111111
32,TRUE,0.000392580548562155,56.6666666666667
32,TRUE,0.000321136955393247,57.2222222222222
32,TRUE,0.000257566744004217,57.7777777777778
32,TRUE,0.000200894982027786,58.3333333333333
32,TRUE,0.000150410388697014,58.8888888888889
32,TRUE,0.000106060046675004,59.4444444444444
32,TRUE,6.87363047854353e-05,60
33,TRUE,0.032209222559552,5
33,TRUE,0.0186402567567567,5.55555555555556
33,TRUE,0.0157296745737711,6.11111111111111
33,TRUE,0.0129273408135307,6.66666666666667
33,TRUE,0.0108528309710276,7.22222222222222
33,TRUE,0.00926112808514685,7.77777777777778
33,TRUE,0.00801052309200871,8.33333333333333
33,TRUE,0.00700981723329852,8.88888888888889
33,TRUE,0.00619548430343858,9.44444444444444
33,TRUE,0.0055229004951548,10
33,TRUE,0.00496004145752386,10.5555555555556
33,TRUE,0.00448348805892195,11.1111111111111
33,TRUE,0.00407581575816494,11.6666666666667
33,TRUE,0.00372385066638309,12.2222222222222
33,TRUE,0.00341748398798673,12.7777777777778
33,TRUE,0.00314885196818156,13.3333333333333
33,TRUE,0.00291175941468434,13.8888888888889
33,TRUE,0.00270126825269751,14.4444444444444
33,TRUE,0.00251339965467677,15
33,TRUE,0.00234491549024747,15.5555555555556
33,TRUE,0.00219315594680919,16.1111111111111
33,TRUE,0.00205591745134993,16.6666666666667
33,TRUE,0.00193135986663859,17.2222222222222
33,TRUE,0.00181793520126307,17.7777777777778
33,TRUE,0.00171433230523491,18.3333333333333
33,TRUE,0.00161943356762192,18.8888888888889
33,TRUE,0.0015322807144032,19.4444444444444
33,TRUE,0.00145204757082835,20
33,TRUE,0.00137801820095364,20.5555555555556
33,TRUE,0.00130956923360372,21.1111111111111
33,TRUE,0.00124615547358984,21.6666666666667
33,TRUE,0.00118729811043182,22.2222222222222
33,TRUE,0.00113257499550299,22.7777777777778
33,TRUE,0.00108161257747978,23.3333333333333
33,TRUE,0.00103407917588587,23.8888888888889
33,TRUE,0.000989679340988192,24.4444444444444
33,TRUE,0.000948149100825954,25
33,TRUE,0.000909251936725402,25.5555555555556
33,TRUE,0.000872775360203527,26.1111111111111
33,TRUE,0.0008385279888545,26.6666666666667
33,TRUE,0.000806337038253587,27.2222222222222
33,TRUE,0.00077604616231019,27.7777777777778
33,TRUE,0.000747513586764279,28.3333333333333
33,TRUE,0.000720610490339251,28.8888888888889
33,TRUE,0.000695219595966997,29.4444444444444
33,TRUE,0.000671233940892992,30
33,TRUE,0.000648555799663995,30.5555555555556
33,TRUE,0.00062709573824211,31.1111111111111
33,TRUE,0.000606771780966718,31.6666666666667
33,TRUE,0.000587508674949748,32.2222222222222
33,TRUE,0.000569237238857809,32.7777777777778
33,TRUE,0.000551893785000456,33.3333333333333
33,TRUE,0.000535419605281832,33.8888888888889
33,TRUE,0.00051976051294278,34.4444444444444
33,TRUE,0.000504866433170162,35
33,TRUE,0.000490691036618243,35.5555555555556
33,TRUE,0.000477191410704984,36.1111111111111
33,TRUE,0.000464327764239327,36.6666666666667
33,TRUE,0.000452063161525027,37.2222222222222
33,TRUE,0.000440363282589114,37.7777777777778
33,TRUE,0.000429196206612903,38.3333333333333
33,TRUE,0.000418532216012024,38.8888888888889
33,TRUE,0.00040834361892885,39.4444444444444
33,TRUE,0.000398604588173937,40
33,TRUE,0.000389291014889195,40.5555555555556
33,TRUE,0.000380380375410155,41.1111111111111
33,TRUE,0.00037185160998233,41.6666666666667
33,TRUE,0.000363685012141422,42.2222222222222
33,TRUE,0.000355862127702072,42.7777777777778
33,TRUE,0.000348365662417899,43.3333333333333
33,TRUE,0.000341179397479027,43.8888888888889
33,TRUE,0.000334288112104178,44.4444444444444
33,TRUE,0.000327677512564381,45
33,TRUE,0.000321334167045944,45.5555555555556
33,TRUE,0.0003152454458227,46.1111111111111
33,TRUE,0.000309399466262862,46.6666666666667
33,TRUE,0.000303785042244918,47.2222222222222
33,TRUE,0.000298391637600746,47.7777777777778
33,TRUE,0.000293209323243204,48.3333333333333
33,TRUE,0.000288228737670448,48.8888888888889
33,TRUE,0.000283441050570663,49.4444444444444
33,TRUE,0.000278837929279342,50
33,TRUE,0.000274411507866936,50.5555555555556
33,TRUE,0.0002701543586582,51.1111111111111
33,TRUE,0.000266059466005817,51.6666666666667
33,TRUE,0.000262120202159491,52.2222222222222
33,TRUE,0.000258330305083095,52.7777777777778
33,TRUE,0.000254683858054256,53.3333333333333
33,TRUE,0.000251175270722421,53.8888888888889
33,TRUE,0.000247799260477098,54.4444444444444
33,TRUE,0.000244550829047729,55
33,TRUE,0.000241425211184859,55.5555555555556
33,TRUE,0.000238417690092933,56.1111111111111
33,TRUE,0.000235522793937447,56.6666666666667
33,TRUE,0.000232730622164718,57.2222222222222
33,TRUE,0.000230010582317558,57.7777777777778
33,TRUE,0.000227247939451447,58.3333333333333
33,TRUE,0.00022404574541549,58.8888888888889
33,TRUE,0.00021928000193336,59.4444444444444
33,TRUE,0.000210520333714154,60
34,TRUE,0.0633794372161531,5
34,TRUE,0.0341612703146909,5.55555555555556
34,TRUE,0.0271137263132958,6.11111111111111
34,TRUE,0.020964736108923,6.66666666666667
34,TRUE,0.0166023817414893,7.22222222222222
34,TRUE,0.0134041742376285,7.77777777777778
34,TRUE,0.0110041749566777,8.33333333333333
34,TRUE,0.00916901894189702,8.88888888888889
34,TRUE,0.0077409930398918,9.44444444444444
34,TRUE,0.00661212000395001,10
34,TRUE,0.00570694827205904,10.5555555555556
34,TRUE,0.00497177097309735,11.1111111111111
34,TRUE,0.00436769895269332,11.6666666666667
34,TRUE,0.00386611962915594,12.2222222222222
34,TRUE,0.00344566711779587,12.7777777777778
34,TRUE,0.0030901659569097,13.3333333333333
34,TRUE,0.00278721301734088,13.8888888888889
34,TRUE,0.00252718461647535,14.4444444444444
34,TRUE,0.0023025313477504,15
34,TRUE,0.00210727046823814,15.5555555555556
34,TRUE,0.00193661583521411,16.1111111111111
34,TRUE,0.00178670487866851,16.6666666666667
34,TRUE,0.00165439488731134,17.2222222222222
34,TRUE,0.00153710939316627,17.7777777777778
34,TRUE,0.00143272117320545,18.3333333333333
34,TRUE,0.00133946229884891,18.8888888888889
34,TRUE,0.00125585436589885,19.4444444444444
34,TRUE,0.00118065392452366,20
34,TRUE,0.00111280946127385,20.5555555555556
34,TRUE,0.00105142723561328,21.1111111111111
34,TRUE,0.000995743958244636,21.6666666666667
34,TRUE,0.000945104796536484,22.2222222222222
34,TRUE,0.000898945557821777,22.7777777777778
34,TRUE,0.000856778171829279,23.3333333333333
34,TRUE,0.000818178795352979,23.8888888888889
34,TRUE,0.000782778014063975,24.4444444444444
34,TRUE,0.000750252731387146,25
34,TRUE,0.000720319422137299,25.5555555555556
34,TRUE,0.000692728496048388,26.1111111111111
34,TRUE,0.000667259568484144,26.6666666666667
34,TRUE,0.00064371747620522,27.2222222222222
34,TRUE,0.0006219289078415,27.7777777777778
34,TRUE,0.000601739543734657,28.3333333333333
34,TRUE,0.000583011619620301,28.8888888888889
34,TRUE,0.000565621844379386,29.4444444444444
34,TRUE,0.00054945961469373,30
34,TRUE,0.000534425479570745,30.5555555555556
34,TRUE,0.000520429815881334,31.1111111111111
34,TRUE,0.000507391682687485,31.6666666666667
34,TRUE,0.000495237827537643,32.2222222222222
34,TRUE,0.000483901822324778,32.7777777777778
34,TRUE,0.000473323309927989,33.3333333333333
34,TRUE,0.000463447345846166,33.8888888888889
34,TRUE,0.000454223821503088,34.4444444444444
34,TRUE,0.000445606957953684,35
34,TRUE,0.000437554860428472,35.5555555555556
34,TRUE,0.000430029125579225,36.1111111111111
34,TRUE,0.000422994494483875,36.6666666666667
34,TRUE,0.000416418545472871,37.2222222222222
34,TRUE,0.000410271421685633,37.7777777777778
34,TRUE,0.000404525588981101,38.3333333333333
34,TRUE,0.000399155620432635,38.8888888888889
34,TRUE,0.000394138004152655,39.4444444444444
34,TRUE,0.00038945097163122,40
34,TRUE,0.000385074344147423,40.5555555555556
34,TRUE,0.000380989395133257,41.1111111111111
34,TRUE,0.000377178726644774,41.6666666666667
34,TRUE,0.000373626158332045,42.2222222222222
34,TRUE,0.000370316627503398,42.7777777777778
34,TRUE,0.00036723609905567,43.3333333333333
34,TRUE,0.00036437148419477,43.8888888888889
34,TRUE,0.000361710567003323,44.4444444444444
34,TRUE,0.00035924193802738,45
34,TRUE,0.000356954934154688,45.5555555555556
34,TRUE,0.000354839584144927,46.1111111111111
34,TRUE,0.000352886559249459,46.6666666666667
34,TRUE,0.000351087128426008,47.2222222222222
34,TRUE,0.000349433117713704,47.7777777777778
34,TRUE,0.000347916873387159,48.3333333333333
34,TRUE,0.000346531228555649,48.8888888888889
34,TRUE,0.000345269472915634,49.4444444444444
34,TRUE,0.000344125325401408,50
34,TRUE,0.000343092909506617,50.5555555555556
34,TRUE,0.000342166731056346,51.1111111111111
34,TRUE,0.000341341658152942,51.6666666666667
34,TRUE,0.000340612902755773,52.2222222222222
34,TRUE,0.000339976002416378,52.7777777777778
34,TRUE,0.000339426797552305,53.3333333333333
34,TRUE,0.000338961389418898,53.8888888888889
34,TRUE,0.000338576031147405,54.4444444444444
34,TRUE,0.000338266800712167,55
34,TRUE,0.000338028584270905,55.5555555555556
34,TRUE,0.000337851919218174,56.1111111111111
34,TRUE,0.000337713210702939,56.6666666666667
34,TRUE,0.000337544212208466,57.2222222222222
34,TRUE,0.000337138355647329,57.7777777777778
34,TRUE,0.00033589032697788,58.3333333333333
34,TRUE,0.000332220497898842,58.8888888888889
34,TRUE,0.000322758900672595,59.4444444444444
34,TRUE,0.000302162400177662,60
35,TRUE,0.0148986379769513,5
35,TRUE,0.0096034585206077,5.55555555555556
35,TRUE,0.00901842971545738,6.11111111111111
35,TRUE,0.00812314942039721,6.66666666666667
35,TRUE,0.00740253819362755,7.22222222222222
35,TRUE,0.0068003120929146,7.77777777777778
35,TRUE,0.00628739922730499,8.33333333333333
35,TRUE,0.0058459812577518,8.88888888888889
35,TRUE,0.00546191203294423,9.44444444444444
35,TRUE,0.00512447254567342,10
35,TRUE,0.00482539342400054,10.5555555555556
35,TRUE,0.00455821366529933,11.1111111111111
35,TRUE,0.00431782970422058,11.6666666666667
35,TRUE,0.00410016731376724,12.2222222222222
35,TRUE,0.00390194159711092,12.7777777777778
35,TRUE,0.00372047922688978,13.3333333333333
35,TRUE,0.00355358533450357,13.8888888888889
35,TRUE,0.00339944281240058,14.4444444444444
35,TRUE,0.0032565353966562,15
35,TRUE,0.00312358837614065,15.5555555555556
35,TRUE,0.00299952249374841,16.1111111111111
35,TRUE,0.00288341781131515,16.6666666666667
35,TRUE,0.00277448516520743,17.2222222222222
35,TRUE,0.00267204345229246,17.7777777777778
35,TRUE,0.00257550142914424,18.3333333333333
35,TRUE,0.00248434303078345,18.8888888888889
35,TRUE,0.00239811545337556,19.4444444444444
35,TRUE,0.00231641942208021,20
35,TRUE,0.00223890119750139,20.5555555555556
35,TRUE,0.00216524597388572,21.1111111111111
35,TRUE,0.00209517239790917,21.6666666666667
35,TRUE,0.00202842799475519,22.2222222222222
35,TRUE,0.00196478533270916,22.7777777777778
35,TRUE,0.00190403879196561,23.3333333333333
35,TRUE,0.00184600183019565,23.8888888888889
35,TRUE,0.00179050465845601,24.4444444444444
35,TRUE,0.00173739225759096,25
35,TRUE,0.00168652267839926,25.5555555555556
35,TRUE,0.00163776557928201,26.1111111111111
35,TRUE,0.00159100096344035,26.6666666666667
35,TRUE,0.00154611808440414,27.2222222222222
35,TRUE,0.00150301449409212,27.7777777777778
35,TRUE,0.00146159521199667,28.3333333333333
35,TRUE,0.00142177199766422,28.8888888888889
35,TRUE,0.00138346271156614,29.4444444444444
35,TRUE,0.00134659075185577,30
35,TRUE,0.00131108455648413,30.5555555555556
35,TRUE,0.00127687716178258,31.1111111111111
35,TRUE,0.00124390580997711,31.6666666666667
35,TRUE,0.00121211159922923,32.2222222222222
35,TRUE,0.0011814391707421,32.7777777777778
35,TRUE,0.001151836428262,33.3333333333333
35,TRUE,0.00112325428597004,33.8888888888889
35,TRUE,0.00109564644132049,34.4444444444444
35,TRUE,0.00106896916985616,35
35,TRUE,0.00104318113943381,35.5555555555556
35,TRUE,0.00101824324163494,36.1111111111111
35,TRUE,0.000994118438429003,36.6666666666667
35,TRUE,0.000970771622405808,37.2222222222222
35,TRUE,0.000948169489107748,37.7777777777778
35,TRUE,0.000926280420176304,38.3333333333333
35,TRUE,0.000905074376185622,38.8888888888889
35,TRUE,0.000884522798172664,39.4444444444444
35,TRUE,0.000864598516991733,40
35,TRUE,0.000845275669723762,40.5555555555556
35,TRUE,0.000826529622459937,41.1111111111111
35,TRUE,0.000808336898856889,41.6666666666667
35,TRUE,0.000790675113928501,42.2222222222222
35,TRUE,0.000773522912598678,42.7777777777778
35,TRUE,0.000756859912591453,43.3333333333333
35,TRUE,0.000740666651280416,43.8888888888889
35,TRUE,0.000724924536159727,44.4444444444444
35,TRUE,0.000709615798634373,45
35,TRUE,0.000694723450858747,45.5555555555556
35,TRUE,0.0006802312453804,46.1111111111111
35,TRUE,0.0006661236373705,46.6666666666667
35,TRUE,0.000652385749244547,47.2222222222222
35,TRUE,0.000639003337496548,47.7777777777778
35,TRUE,0.000625962761587446,48.3333333333333
35,TRUE,0.000613250954744477,48.8888888888889
35,TRUE,0.000600855396542448,49.4444444444444
35,TRUE,0.000588764087150929,50
35,TRUE,0.000576965523143238,50.5555555555556
35,TRUE,0.000565448674774047,51.1111111111111
35,TRUE,0.000554202964642502,51.6666666666667
35,TRUE,0.000543218247666684,52.2222222222222
35,TRUE,0.000532484792300964,52.7777777777778
35,TRUE,0.000521993262917475,53.3333333333333
35,TRUE,0.000511734703176539,53.8888888888889
35,TRUE,0.000501700519651804,54.4444444444444
35,TRUE,0.000491882461993494,55
35,TRUE,0.000482272580559841,55.5555555555556
35,TRUE,0.000472863064003983,56.1111111111111
35,TRUE,0.000463645450621922,56.6666666666667
35,TRUE,0.000454606590445187,57.2222222222222
35,TRUE,0.000445708872340115,57.7777777777778
35,TRUE,0.000436806047879812,58.3333333333333
35,TRUE,0.00042735804008763,58.8888888888889
35,TRUE,0.000415728935718371,59.4444444444444
35,TRUE,0.000398124601551933,60
36,TRUE,0.0274498698672136,5
36,TRUE,0.0175769290218873,5.55555555555556
36,TRUE,0.016108800316801,6.11111111111111
36,TRUE,0.0142531815513754,6.66666666666667
36,TRUE,0.0127677873267011,7.22222222222222
36,TRUE,0.0115391467120899,7.77777777777778
36,TRUE,0.0105044776770853,8.33333333333333
36,TRUE,0.00962301636979401,8.88888888888889
36,TRUE,0.00886360035993784,9.44444444444444
36,TRUE,0.00820283811937952,10
36,TRUE,0.00762285965325422,10.5555555555556
36,TRUE,0.00710981693279812,11.1111111111111
36,TRUE,0.00665283845265207,11.6666666666667
36,TRUE,0.00624328356945137,12.2222222222222
36,TRUE,0.00587420506794631,12.7777777777778
36,TRUE,0.00553995673212139,13.3333333333333
36,TRUE,0.00523590330453924,13.8888888888889
36,TRUE,0.00495820363864902,14.4444444444444
36,TRUE,0.00470364678224878,15
36,TRUE,0.00446952676740337,15.5555555555556
36,TRUE,0.00425354600688006,16.1111111111111
36,TRUE,0.00405374004808357,16.6666666666667
36,TRUE,0.0038684184277001,17.2222222222222
36,TRUE,0.00369611777712732,17.7777777777778
36,TRUE,0.00353556433232703,18.3333333333333
36,TRUE,0.00338564372455661,18.8888888888889
36,TRUE,0.00324537645389637,19.4444444444444
36,TRUE,0.00311389783289097,20
36,TRUE,0.00299044147271703,20.5555555555556
36,TRUE,0.00287432559691742,21.1111111111111
36,TRUE,0.00276494162757391,21.6666666666667
36,TRUE,0.00266174460984577,22.2222222222222
36,TRUE,0.00256424513315444,22.7777777777778
36,TRUE,0.00247200247824286,23.3333333333333
36,TRUE,0.00238461877420864,23.8888888888889
36,TRUE,0.0023017339923208,24.4444444444444
36,TRUE,0.00222302163688132,25
36,TRUE,0.00214818501975039,25.5555555555556
36,TRUE,0.00207695402604044,26.1111111111111
36,TRUE,0.00200908229512859,26.6666666666667
36,TRUE,0.00194434475447116,27.2222222222222
36,TRUE,0.00188253545444201,27.7777777777778
36,TRUE,0.0018234656611077,28.3333333333333
36,TRUE,0.00176696217091992,28.8888888888889
36,TRUE,0.00171286581708171,29.4444444444444
36,TRUE,0.00166103014208392,30
36,TRUE,0.00161132021481709,30.5555555555556
36,TRUE,0.00156361157390009,31.1111111111111
36,TRUE,0.00151778928155737,31.6666666666667
36,TRUE,0.00147374707462334,32.2222222222222
36,TRUE,0.00143138660113476,32.7777777777778
36,TRUE,0.00139061673255609,33.3333333333333
36,TRUE,0.00135135294302043,33.8888888888889
36,TRUE,0.00131351674810238,34.4444444444444
36,TRUE,0.00127703519660318,35
36,TRUE,0.00124184040965178,35.5555555555556
36,TRUE,0.00120786916212982,36.1111111111111
36,TRUE,0.0011750625020341,36.6666666666667
36,TRUE,0.00114336540391174,37.2222222222222
36,TRUE,0.0011127264529543,37.7777777777778
36,TRUE,0.00108309755672797,38.3333333333333
36,TRUE,0.00105443368185726,38.8888888888889
36,TRUE,0.00102669261327555,39.4444444444444
36,TRUE,0.000999834733915704,40
36,TRUE,0.00097382282294054,40.5555555555556
36,TRUE,0.000948621870813185,41.1111111111111
36,TRUE,0.00092419890968286,41.6666666666667
36,TRUE,0.00090052285771733,42.2222222222222
36,TRUE,0.000877564376150654,42.7777777777778
36,TRUE,0.000855295737937012,43.3333333333333
36,TRUE,0.000833690707009856,43.8888888888889
36,TRUE,0.000812724427242429,44.4444444444444
36,TRUE,0.000792373320292048,45
36,TRUE,0.000772614991587886,45.5555555555556
36,TRUE,0.000753428143791337,46.1111111111111
36,TRUE,0.000734792497120409,46.6666666666667
36,TRUE,0.000716688715985721,47.2222222222222
36,TRUE,0.000699098341436398,47.7777777777778
36,TRUE,0.000682003728960048,48.3333333333333
36,TRUE,0.000665387991222599,48.8888888888889
36,TRUE,0.000649234945371583,49.4444444444444
36,TRUE,0.000633529064560615,50
36,TRUE,0.000618255433382904,50.5555555555556
36,TRUE,0.000603399706924631,51.1111111111111
36,TRUE,0.000588948073152465,51.6666666666667
36,TRUE,0.000574887218285492,52.2222222222222
36,TRUE,0.000561204294492694,52.7777777777778
36,TRUE,0.000547886888050207,53.3333333333333
36,TRUE,0.000534922981627816,53.8888888888889
36,TRUE,0.000522300888231126,54.4444444444444
36,TRUE,0.000510009077095351,55
36,TRUE,0.000498035613323482,55.5555555555556
36,TRUE,0.000486366252855359,56.1111111111111
36,TRUE,0.000474977864785291,56.6666666666667
36,TRUE,0.000463815464414561,57.2222222222222
36,TRUE,0.00045271383780012,57.7777777777778
36,TRUE,0.000441158080314329,58.3333333333333
36,TRUE,0.000427703277736431,58.8888888888889
36,TRUE,0.000409040017779646,59.4444444444444
36,TRUE,0.000379510551221425,60
37,TRUE,0.139905126331443,5
37,TRUE,0.0289061316289691,5.55555555555556
37,TRUE,0.0114454828135024,6.11111111111111
37,TRUE,0.00441052117645513,6.66666666666667
37,TRUE,0.00186157675745545,7.22222222222222
37,TRUE,0.000862046619787832,7.77777777777778
37,TRUE,0.000441519768107988,8.33333333333333
37,TRUE,0.000252918597036224,8.88888888888889
37,TRUE,0.00016296627403694,9.44444444444444
37,TRUE,0.000117517100931873,10
37,TRUE,9.32929272988666e-05,10.5555555555556
37,TRUE,7.97359317833049e-05,11.1111111111111
37,TRUE,7.18091871479584e-05,11.6666666666667
37,TRUE,6.69924392085484e-05,12.2222222222222
37,TRUE,6.39671018684142e-05,12.7777777777778
37,TRUE,6.20139663298442e-05,13.3333333333333
37,TRUE,6.07252847567955e-05,13.8888888888889
37,TRUE,5.98614773869966e-05,14.4444444444444
37,TRUE,5.92770661030795e-05,15
37,TRUE,5.88810077302215e-05,15.5555555555556
37,TRUE,5.86147334714922e-05,16.1111111111111
37,TRUE,5.84396083045198e-05,16.6666666666667
37,TRUE,5.83295597625121e-05,17.2222222222222
37,TRUE,5.82666271078517e-05,17.7777777777778
37,TRUE,5.8238205806736e-05,18.3333333333333
37,TRUE,5.82353014643035e-05,18.8888888888889
37,TRUE,5.82513992851348e-05,19.4444444444444
37,TRUE,5.82817172737979e-05,20
37,TRUE,5.83227036802188e-05,20.5555555555556
37,TRUE,5.83716929395132e-05,21.1111111111111
37,TRUE,5.84266663356969e-05,21.6666666666667
37,TRUE,5.84860830373901e-05,22.2222222222222
37,TRUE,5.85487591722087e-05,22.7777777777778
37,TRUE,5.86137801799054e-05,23.3333333333333
37,TRUE,5.86804365380445e-05,23.8888888888889
37,TRUE,5.87481761146899e-05,24.4444444444444
37,TRUE,5.88165684919644e-05,25
37,TRUE,5.88852780052366e-05,25.5555555555556
37,TRUE,5.89540431945988e-05,26.1111111111111
37,TRUE,5.902266102035e-05,26.6666666666667
37,TRUE,5.90909746503558e-05,27.2222222222222
37,TRUE,5.91588639484212e-05,27.7777777777778
37,TRUE,5.92262380214827e-05,28.3333333333333
37,TRUE,5.92930293478497e-05,28.8888888888889
37,TRUE,5.93591891280726e-05,29.4444444444444
37,TRUE,5.94246835874367e-05,30
37,TRUE,5.94894910236623e-05,30.5555555555556
37,TRUE,5.95535994414894e-05,31.1111111111111
37,TRUE,5.96170046519229e-05,31.6666666666667
37,TRUE,5.96797087412025e-05,32.2222222222222
37,TRUE,5.97417188353344e-05,32.7777777777778
37,TRUE,5.98030461019378e-05,33.3333333333333
37,TRUE,5.9863704943432e-05,33.8888888888889
37,TRUE,5.99237123451078e-05,34.4444444444444
37,TRUE,5.99830873490511e-05,35
37,TRUE,6.00418506307105e-05,35.5555555555556
37,TRUE,6.01000241594891e-05,36.1111111111111
37,TRUE,6.01576309283808e-05,36.6666666666667
37,TRUE,6.02146947405633e-05,37.2222222222222
37,TRUE,6.02712400431812e-05,37.7777777777778
37,TRUE,6.03272918004115e-05,38.3333333333333
37,TRUE,6.03828753994109e-05,38.8888888888889
37,TRUE,6.04380165839652e-05,39.4444444444444
37,TRUE,6.04927414116579e-05,40
37,TRUE,6.05470762311965e-05,40.5555555555556
37,TRUE,6.06010476772108e-05,41.1111111111111
37,TRUE,6.06546826804027e-05,41.6666666666667
37,TRUE,6.07080084914027e-05,42.2222222222222
37,TRUE,6.07610527170935e-05,42.7777777777778
37,TRUE,6.081384336851e-05,43.3333333333333
37,TRUE,6.08664089197307e-05,43.8888888888889
37,TRUE,6.09187783774528e-05,44.4444444444444
37,TRUE,6.09709813611904e-05,45
37,TRUE,6.10230481942786e-05,45.5555555555556
37,TRUE,6.10750100060864e-05,46.1111111111111
37,TRUE,6.11268988460778e-05,46.6666666666667
37,TRUE,6.11787478105855e-05,47.2222222222222
37,TRUE,6.1230591183411e-05,47.7777777777778
37,TRUE,6.12824645916261e-05,48.3333333333333
37,TRUE,6.13344051782372e-05,48.8888888888889
37,TRUE,6.13864517937012e-05,49.4444444444444
37,TRUE,6.14386452086404e-05,50
37,TRUE,6.14910283505293e-05,50.5555555555556
37,TRUE,6.15436465676056e-05,51.1111111111111
37,TRUE,6.15965479238287e-05,51.6666666666667
37,TRUE,6.16497835293631e-05,52.2222222222222
37,TRUE,6.17034079117965e-05,52.7777777777778
37,TRUE,6.17574794338355e-05,53.3333333333333
37,TRUE,6.18120607617357e-05,53.8888888888889
37,TRUE,6.18672193734723e-05,54.4444444444444
37,TRUE,6.19230279944532e-05,55
37,TRUE,6.19795642270523e-05,55.5555555555556
37,TRUE,6.20369048483497e-05,56.1111111111111
37,TRUE,6.20950865402523e-05,56.6666666666667
37,TRUE,6.21538582594424e-05,57.2222222222222
37,TRUE,6.22112415041338e-05,57.7777777777778
37,TRUE,6.22563616071446e-05,58.3333333333333
37,TRUE,6.2241034658479e-05,58.8888888888889
37,TRUE,6.19961012741694e-05,59.4444444444444
37,TRUE,6.10663584622633e-05,60
38,TRUE,0.231574381305006,5
38,TRUE,0.0388043414097329,5.55555555555556
38,TRUE,0.0131638763697619,6.11111111111111
38,TRUE,0.00425557828290927,6.66666666666667
38,TRUE,0.00152717416006249,7.22222222222222
38,TRUE,0.000628590169302093,7.77777777777778
38,TRUE,0.000312585714643433,8.33333333333333
38,TRUE,0.000194831363787166,8.88888888888889
38,TRUE,0.000148480729560312,9.44444444444444
38,TRUE,0.000129346770695538,10
38,TRUE,0.000121162939350212,10.5555555555556
38,TRUE,0.000117614820890104,11.1111111111111
38,TRUE,0.000116123275627462,11.6666666666667
38,TRUE,0.000115582369354635,12.2222222222222
38,TRUE,0.000115495551506009,12.7777777777778
38,TRUE,0.000115630089857136,13.3333333333333
38,TRUE,0.000115872531411831,13.8888888888889
38,TRUE,0.00011616561501263,14.4444444444444
38,TRUE,0.000116479593710496,15
38,TRUE,0.000116798685480854,15.5555555555556
38,TRUE,0.000117114433118527,16.1111111111111
38,TRUE,0.000117422335940569,16.6666666666667
38,TRUE,0.000117720085039555,17.2222222222222
38,TRUE,0.000118006610477178,17.7777777777778
38,TRUE,0.000118281552443011,18.3333333333333
38,TRUE,0.000118544960300703,18.8888888888889
38,TRUE,0.000118797117500682,19.4444444444444
38,TRUE,0.000119038437795129,20
38,TRUE,0.000119269402803417,20.5555555555556
38,TRUE,0.000119490524078599,21.1111111111111
38,TRUE,0.000119702319975315,21.6666666666667
38,TRUE,0.000119905301613562,22.2222222222222
38,TRUE,0.000120099964513962,22.7777777777778
38,TRUE,0.000120286783810665,23.3333333333333
38,TRUE,0.000120466211739513,23.8888888888889
38,TRUE,0.000120638676578761,24.4444444444444
38,TRUE,0.000120804582515512,25
38,TRUE,0.000120964310096443,25.5555555555556
38,TRUE,0.000121118217039468,26.1111111111111
38,TRUE,0.000121266639259141,26.6666666666667
38,TRUE,0.000121409892008416,27.2222222222222
38,TRUE,0.000121548271072313,27.7777777777778
38,TRUE,0.000121682053971041,28.3333333333333
38,TRUE,0.000121811501144945,28.8888888888889
38,TRUE,0.000121936857103698,29.4444444444444
38,TRUE,0.000122058351529018,30
38,TRUE,0.000122176200324857,30.5555555555556
38,TRUE,0.000122290606612223,31.1111111111111
38,TRUE,0.000122401761667963,31.6666666666667
38,TRUE,0.000122509845808306,32.2222222222222
38,TRUE,0.000122615029218934,32.7777777777778
38,TRUE,0.000122717472733982,33.3333333333333
38,TRUE,0.000122817328566752,33.8888888888889
38,TRUE,0.000122914740995166,34.4444444444444
38,TRUE,0.00012300984700506,35
38,TRUE,0.00012310277689447,35.5555555555556
38,TRUE,0.000123193654842045,36.1111111111111
38,TRUE,0.000123282599442634,36.6666666666667
38,TRUE,0.000123369724213052,37.2222222222222
38,TRUE,0.000123455138070936,37.7777777777778
38,TRUE,0.000123538945789494,38.3333333333333
38,TRUE,0.000123621248430919,38.8888888888889
38,TRUE,0.000123702143761102,39.4444444444444
38,TRUE,0.000123781726648283,40
38,TRUE,0.000123860089448185,40.5555555555556
38,TRUE,0.000123937322378176,41.1111111111111
38,TRUE,0.000124013513882971,41.6666666666667
38,TRUE,0.000124088750994432,42.2222222222222
38,TRUE,0.000124163119688025,42.7777777777778
38,TRUE,0.000124236705238584,43.3333333333333
38,TRUE,0.000124309592578116,43.8888888888889
38,TRUE,0.000124381866658509,44.4444444444444
38,TRUE,0.000124453612822167,45
38,TRUE,0.000124524917183832,45.5555555555556
38,TRUE,0.000124595867027063,46.1111111111111
38,TRUE,0.000124666551219215,46.6666666666667
38,TRUE,0.000124737060649101,47.2222222222222
38,TRUE,0.000124807488691997,47.7777777777778
38,TRUE,0.000124877931707199,48.3333333333333
38,TRUE,0.000124948489573993,48.8888888888889
38,TRUE,0.000125019266272682,49.4444444444444
38,TRUE,0.000125090370518232,50
38,TRUE,0.000125161916455175,50.5555555555556
38,TRUE,0.000125234024423532,51.1111111111111
38,TRUE,0.000125306821806304,51.6666666666667
38,TRUE,0.000125380443967309,52.2222222222222
38,TRUE,0.000125455035274783,52.7777777777778
38,TRUE,0.000125530750141395,53.3333333333333
38,TRUE,0.000125607753727036,53.8888888888889
38,TRUE,0.000125686220740001,54.4444444444444
38,TRUE,0.000125766325720731,55
38,TRUE,0.000125848197535251,55.5555555555556
38,TRUE,0.00012593172698523,56.1111111111111
38,TRUE,0.000126015769511141,56.6666666666667
38,TRUE,0.000126094828687137,57.2222222222222
38,TRUE,0.000126145656312593,57.7777777777778
38,TRUE,0.000126078939028662,58.3333333333333
38,TRUE,0.000125599128337189,58.8888888888889
38,TRUE,0.000123914879708704,59.4444444444444
38,TRUE,0.000119416070945836,60
39,TRUE,0.0896939150586677,5
39,TRUE,0.0291521632001825,5.55555555555556
39,TRUE,0.0160630163887893,6.11111111111111
39,TRUE,0.00879377591551778,6.66666666666667
39,TRUE,0.00515774970800735,7.22222222222222
39,TRUE,0.00321400504546328,7.77777777777778
39,TRUE,0.00211504359366063,8.33333333333333
39,TRUE,0.00146212784683738,8.88888888888889
39,TRUE,0.0010559790116991,9.44444444444444
39,TRUE,0.000792584873310728,10
39,TRUE,0.000615235586065611,10.5555555555556
39,TRUE,0.000491739843854274,11.1111111111111
39,TRUE,0.000403129471817909,11.6666666666667
39,TRUE,0.000337835744471259,12.2222222222222
39,TRUE,0.000288575285438624,12.7777777777778
39,TRUE,0.000250626952347448,13.3333333333333
39,TRUE,0.000220847495265137,13.8888888888889
39,TRUE,0.000197092284572129,14.4444444444444
39,TRUE,0.000177864857152711,15
39,TRUE,0.000162099371910699,15.5555555555556
39,TRUE,0.000149022302456018,16.1111111111111
39,TRUE,0.000138062531825784,16.6666666666667
39,TRUE,0.000128791692527498,17.2222222222222
39,TRUE,0.000120883811022299,17.7777777777778
39,TRUE,0.000114087519722778,18.3333333333333
39,TRUE,0.00010820660323448,18.8888888888889
39,TRUE,0.000103086167747067,19.4444444444444
39,TRUE,9.86026660986613e-05,20
39,TRUE,9.46566067909152e-05,20.5555555555556
39,TRUE,9.11671578899548e-05,21.1111111111111
39,TRUE,8.80681065465794e-05,21.6666666666667
39,TRUE,8.5304800444693e-05,22.2222222222222
39,TRUE,8.28318088269191e-05,22.7777777777778
39,TRUE,8.06111166388915e-05,23.3333333333333
39,TRUE,7.86107177311434e-05,23.8888888888889
39,TRUE,7.68035096739139e-05,24.4444444444444
39,TRUE,7.51664186228583e-05,25
39,TRUE,7.3679701168131e-05,25.5555555555556
39,TRUE,7.2326383450693e-05,26.1111111111111
39,TRUE,7.10918075622505e-05,26.6666666666667
39,TRUE,6.99632624054858e-05,27.2222222222222
39,TRUE,6.89296815053005e-05,27.7777777777778
39,TRUE,6.79813942385729e-05,28.3333333333333
39,TRUE,6.71099199495573e-05,28.8888888888889
39,TRUE,6.6307796697693e-05,29.4444444444444
39,TRUE,6.55684381295024e-05,30
39,TRUE,6.48860133110171e-05,30.5555555555556
39,TRUE,6.42553454003067e-05,31.1111111111111
39,TRUE,6.36718258538936e-05,31.6666666666667
39,TRUE,6.31313415001451e-05,32.2222222222222
39,TRUE,6.26302123175642e-05,32.7777777777778
39,TRUE,6.21651381567142e-05,33.3333333333333
39,TRUE,6.17331529644016e-05,33.8888888888889
39,TRUE,6.13315853253182e-05,34.4444444444444
39,TRUE,6.09580243431238e-05,35
39,TRUE,6.06102900503685e-05,35.5555555555556
39,TRUE,6.02864076727971e-05,36.1111111111111
39,TRUE,5.99845851847619e-05,36.6666666666667
39,TRUE,5.97031936836401e-05,37.2222222222222
39,TRUE,5.94407501862019e-05,37.7777777777778
39,TRUE,5.91959025118939e-05,38.3333333333333
39,TRUE,5.89674159694362e-05,38.8888888888889
39,TRUE,5.87541616059404e-05,39.4444444444444
39,TRUE,5.85551058135043e-05,40
39,TRUE,5.83693011181953e-05,40.5555555555556
39,TRUE,5.81958780015096e-05,41.1111111111111
39,TRUE,5.80340376256292e-05,41.6666666666667
39,TRUE,5.78830453517545e-05,42.2222222222222
39,TRUE,5.77422249560237e-05,42.7777777777778
39,TRUE,5.76109534604942e-05,43.3333333333333
39,TRUE,5.74886565077215e-05,43.8888888888889
39,TRUE,5.73748042169395e-05,44.4444444444444
39,TRUE,5.72689074679762e-05,45
39,TRUE,5.71705145660398e-05,45.5555555555556
39,TRUE,5.70792082465588e-05,46.1111111111111
39,TRUE,5.69946029845094e-05,46.6666666666667
39,TRUE,5.69163425772306e-05,47.2222222222222
39,TRUE,5.68440979737214e-05,47.7777777777778
39,TRUE,5.67775653269286e-05,48.3333333333333
39,TRUE,5.67164642486393e-05,48.8888888888889
39,TRUE,5.66605362493588e-05,49.4444444444444
39,TRUE,5.66095433480408e-05,50
39,TRUE,5.65632668387969e-05,50.5555555555556
39,TRUE,5.65215062037862e-05,51.1111111111111
39,TRUE,5.64840781634274e-05,51.6666666666667
39,TRUE,5.64508158569194e-05,52.2222222222222
39,TRUE,5.64215681478356e-05,52.7777777777778
39,TRUE,5.63961990512477e-05,53.3333333333333
39,TRUE,5.63745872799852e-05,53.8888888888889
39,TRUE,5.63566259047404e-05,54.4444444444444
39,TRUE,5.63422220911716e-05,55
39,TRUE,5.63312966490542e-05,55.5555555555556
39,TRUE,5.63237815371088e-05,56.1111111111111
39,TRUE,5.63196021495093e-05,56.6666666666667
39,TRUE,5.6318552790222e-05,57.2222222222222
39,TRUE,5.631949588965e-05,57.7777777777778
39,TRUE,5.63160075774952e-05,58.3333333333333
39,TRUE,5.62776222108806e-05,58.8888888888889
39,TRUE,5.60894859121391e-05,59.4444444444444
39,TRUE,5.54188586748819e-05,60
40,TRUE,0.160165388980574,5
40,TRUE,0.0442821736191444,5.55555555555556
40,TRUE,0.0214645157863024,6.11111111111111
40,TRUE,0.0101847054189148,6.66666666666667
40,TRUE,0.00518135696719314,7.22222222222222
40,TRUE,0.00281563053607302,7.77777777777778
40,TRUE,0.001633215364668,8.33333333333333
40,TRUE,0.00101184724530705,8.88888888888889
40,TRUE,0.000669273714785173,9.44444444444444
40,TRUE,0.000471743265181296,10
40,TRUE,0.000353001364546919,10.5555555555556
40,TRUE,0.00027882843996164,11.1111111111111
40,TRUE,0.000230840423786977,11.6666666666667
40,TRUE,0.000198787833846677,12.2222222222222
40,TRUE,0.000176754478687416,12.7777777777778
40,TRUE,0.00016121284961166,13.3333333333333
40,TRUE,0.000149995181561871,13.8888888888889
40,TRUE,0.000141731406600375,14.4444444444444
40,TRUE,0.000135532801295623,15
40,TRUE,0.000130808837163899,15.5555555555556
40,TRUE,0.000127158306479302,16.1111111111111
40,TRUE,0.000124302976829907,16.6666666666667
40,TRUE,0.000122046211937661,17.2222222222222
40,TRUE,0.000120246596751132,17.7777777777778
40,TRUE,0.000118800780948179,18.3333333333333
40,TRUE,0.000117632104708937,18.8888888888889
40,TRUE,0.000116682922737436,19.4444444444444
40,TRUE,0.000115909337273953,20
40,TRUE,0.000115277527474151,20.5555555555556
40,TRUE,0.000114761153856927,21.1111111111111
40,TRUE,0.000114339497811425,21.6666666666667
40,TRUE,0.000113996110898661,22.2222222222222
40,TRUE,0.000113717822485268,22.7777777777778
40,TRUE,0.000113494002441433,23.3333333333333
40,TRUE,0.000113316007562664,23.8888888888889
40,TRUE,0.000113176761815854,24.4444444444444
40,TRUE,0.00011307043509516,25
40,TRUE,0.000112992195216473,25.5555555555556
40,TRUE,0.000112938014875502,26.1111111111111
40,TRUE,0.000112904520221862,26.6666666666667
40,TRUE,0.00011288887120824,27.2222222222222
40,TRUE,0.000112888666394042,27.7777777777778
40,TRUE,0.000112901866711509,28.3333333333333
40,TRUE,0.000112926734040852,28.8888888888889
40,TRUE,0.000112961781429181,29.4444444444444
40,TRUE,0.000113005732523553,30
40,TRUE,0.000113057488340114,30.5555555555556
40,TRUE,0.000113116099908171,31.1111111111111
40,TRUE,0.000113180745645173,31.6666666666667
40,TRUE,0.000113250712561572,32.2222222222222
40,TRUE,0.00011332538058181,32.7777777777778
40,TRUE,0.000113404209412998,33.3333333333333
40,TRUE,0.000113486727506194,33.8888888888889
40,TRUE,0.000113572522744148,34.4444444444444
40,TRUE,0.000113661234559554,35
40,TRUE,0.000113752547243494,35.5555555555556
40,TRUE,0.000113846184248089,36.1111111111111
40,TRUE,0.000113941903322919,36.6666666666667
40,TRUE,0.000114039492353307,37.2222222222222
40,TRUE,0.000114138765791688,37.7777777777778
40,TRUE,0.000114239561591987,38.3333333333333
40,TRUE,0.000114341738572241,38.8888888888889
40,TRUE,0.000114445174143207,39.4444444444444
40,TRUE,0.000114549762350945,40
40,TRUE,0.000114655412189903,40.5555555555556
40,TRUE,0.000114762046150049,41.1111111111111
40,TRUE,0.000114869598967443,41.6666666666667
40,TRUE,0.000114978016552592,42.2222222222222
40,TRUE,0.000115087255075013,42.7777777777778
40,TRUE,0.000115197280185969,43.3333333333333
40,TRUE,0.000115308066364294,43.8888888888889
40,TRUE,0.00011541959637278,44.4444444444444
40,TRUE,0.000115531860814833,45
40,TRUE,0.00011564485778304,45.5555555555556
40,TRUE,0.000115758592592993,46.1111111111111
40,TRUE,0.000115873077597309,46.6666666666667
40,TRUE,0.00011598833207618,47.2222222222222
40,TRUE,0.000116104382202137,47.7777777777778
40,TRUE,0.000116221261078013,48.3333333333333
40,TRUE,0.000116339008848334,48.8888888888889
40,TRUE,0.00011645767288567,49.4444444444444
40,TRUE,0.000116577308054794,50
40,TRUE,0.000116697977058922,50.5555555555556
40,TRUE,0.000116819750873831,51.1111111111111
40,TRUE,0.000116942709277226,51.6666666666667
40,TRUE,0.000117066941482105,52.2222222222222
40,TRUE,0.00011719254688193,52.7777777777778
40,TRUE,0.000117319635902598,53.3333333333333
40,TRUE,0.000117448330883024,53.8888888888889
40,TRUE,0.00011757876653988,54.4444444444444
40,TRUE,0.00011771108781367,55
40,TRUE,0.00011784543467545,55.5555555555556
40,TRUE,0.000117981865361864,56.1111111111111
40,TRUE,0.000118119989160248,56.6666666666667
40,TRUE,0.000118257221476438,57.2222222222222
40,TRUE,0.000118380835845885,57.7777777777778
40,TRUE,0.000118436065509511,58.3333333333333
40,TRUE,0.000118223338831718,58.8888888888889
40,TRUE,0.000117157968079142,59.4444444444444
40,TRUE,0.000113932951561451,60
41,TRUE,0.047847058669824,5
41,TRUE,0.0182134694904892,5.55555555555556
41,TRUE,0.0114702690059463,6.11111111111111
41,TRUE,0.0071825301128856,6.66666666666667
41,TRUE,0.00478070900644543,7.22222222222222
41,TRUE,0.0033478964750412,7.77777777777778
41,TRUE,0.00244875336350849,8.33333333333333
41,TRUE,0.00185952787342315,8.88888888888889
41,TRUE,0.00145789283920039,9.44444444444444
41,TRUE,0.00117437737966905,10
41,TRUE,0.000967938199603611,10.5555555555556
41,TRUE,0.000813442255914914,11.1111111111111
41,TRUE,0.00069498684823934,11.6666666666667
41,TRUE,0.000602203789557837,12.2222222222222
41,TRUE,0.000528145965050603,12.7777777777778
41,TRUE,0.000468041000553124,13.3333333333333
41,TRUE,0.000418535054077695,13.8888888888889
41,TRUE,0.000377221738616189,14.4444444444444
41,TRUE,0.000342341423631547,15
41,TRUE,0.00031258491296364,15.5555555555556
41,TRUE,0.000286962563404204,16.1111111111111
41,TRUE,0.000264715325925544,16.6666666666667
41,TRUE,0.000245253187239259,17.2222222222222
41,TRUE,0.000228111857412343,17.7777777777778
41,TRUE,0.000212921820815964,18.3333333333333
41,TRUE,0.000199385901318042,18.8888888888889
41,TRUE,0.000187262780420998,19.4444444444444
41,TRUE,0.000176354736849899,20
41,TRUE,0.000166498419603949,20.5555555555556
41,TRUE,0.000157557827986279,21.1111111111111
41,TRUE,0.000149418916073752,21.6666666666667
41,TRUE,0.000141985405964129,22.2222222222222
41,TRUE,0.000135175509766186,22.7777777777778
41,TRUE,0.000128919341393009,23.3333333333333
41,TRUE,0.00012315685674745,23.8888888888889
41,TRUE,0.000117836202143049,24.4444444444444
41,TRUE,0.000112912380691502,25
41,TRUE,0.0001083461682512,25.5555555555556
41,TRUE,0.00010410322667244,26.1111111111111
41,TRUE,0.000100153374095344,26.6666666666667
41,TRUE,9.64699810827164e-05,27.2222222222222
41,TRUE,9.30294682012321e-05,27.7777777777778
41,TRUE,8.98108858731772e-05,28.3333333333333
41,TRUE,8.67955613210313e-05,28.8888888888889
41,TRUE,8.39668005199942e-05,29.4444444444444
41,TRUE,8.13096354803683e-05,30
41,TRUE,7.88106090663321e-05,30.5555555555556
41,TRUE,7.64575910420929e-05,31.1111111111111
41,TRUE,7.42396202123043e-05,31.6666666666667
41,TRUE,7.21467684601595e-05,32.2222222222222
41,TRUE,7.01700232363331e-05,32.7777777777778
41,TRUE,6.83011856551767e-05,33.3333333333333
41,TRUE,6.65327818422388e-05,33.8888888888889
41,TRUE,6.48579855732257e-05,34.4444444444444
41,TRUE,6.32705505675805e-05,35
41,TRUE,6.17647510644998e-05,35.5555555555556
41,TRUE,6.03353295268838e-05,36.1111111111111
41,TRUE,5.89774504984596e-05,36.6666666666667
41,TRUE,5.76866597883092e-05,37.2222222222222
41,TRUE,5.64588482809786e-05,37.7777777777778
41,TRUE,5.52902197738204e-05,38.3333333333333
41,TRUE,5.41772623299063e-05,38.8888888888889
41,TRUE,5.31167227076941e-05,39.4444444444444
41,TRUE,5.21055834900587e-05,40
41,TRUE,5.11410425872423e-05,40.5555555555556
41,TRUE,5.0220494832341e-05,41.1111111111111
41,TRUE,4.93415154254298e-05,41.6666666666667
41,TRUE,4.85018450144061e-05,42.2222222222222
41,TRUE,4.76993762279824e-05,42.7777777777778
41,TRUE,4.69321414997229e-05,43.3333333333333
41,TRUE,4.61983020421902e-05,43.8888888888889
41,TRUE,4.54961378476623e-05,44.4444444444444
41,TRUE,4.48240386069093e-05,45
41,TRUE,4.41804954505425e-05,45.5555555555556
41,TRUE,4.35640934287594e-05,46.1111111111111
41,TRUE,4.29735046551528e-05,46.6666666666667
41,TRUE,4.24074820488482e-05,47.2222222222222
41,TRUE,4.18648536167523e-05,47.7777777777778
41,TRUE,4.13445172242937e-05,48.3333333333333
41,TRUE,4.08454358088396e-05,48.8888888888889
41,TRUE,4.03666329950949e-05,49.4444444444444
41,TRUE,3.99071890763245e-05,50
41,TRUE,3.9466237329269e-05,50.5555555555556
41,TRUE,3.90429606342233e-05,51.1111111111111
41,TRUE,3.86365883749725e-05,51.6666666666667
41,TRUE,3.82463935961966e-05,52.2222222222222
41,TRUE,3.78716903986056e-05,52.7777777777778
41,TRUE,3.75118315545001e-05,53.3333333333333
41,TRUE,3.71662063286952e-05,53.8888888888889
41,TRUE,3.68342384917e-05,54.4444444444444
41,TRUE,3.65153845124609e-05,55
41,TRUE,3.62091319050275e-05,55.5555555555556
41,TRUE,3.59149975641062e-05,56.1111111111111
41,TRUE,3.56325245654136e-05,56.6666666666667
41,TRUE,3.53612636496332e-05,57.2222222222222
41,TRUE,3.51006320799843e-05,57.7777777777778
41,TRUE,3.48489834646035e-05,58.3333333333333
41,TRUE,3.45987757088392e-05,58.8888888888889
41,TRUE,3.43176412599998e-05,59.4444444444444
41,TRUE,3.38953206520643e-05,60
42,TRUE,0.093627925677186,5
42,TRUE,0.031887203459728,5.55555555555556
42,TRUE,0.0184389408798413,6.11111111111111
42,TRUE,0.0105179087220456,6.66666666666667
42,TRUE,0.0063921153986896,7.22222222222222
42,TRUE,0.0041041552925718,7.77777777777778
42,TRUE,0.00276745470576201,8.33333333333333
42,TRUE,0.00195010683391982,8.88888888888889
42,TRUE,0.00142871610344449,9.44444444444444
42,TRUE,0.00108309266359505,10
42,TRUE,0.00084589424847342,10.5555555555556
42,TRUE,0.00067795138619461,11.1111111111111
42,TRUE,0.000555679005843063,11.6666666666667
42,TRUE,0.000464413944126614,12.2222222222222
42,TRUE,0.000394766760282051,12.7777777777778
42,TRUE,0.000340559284113963,13.3333333333333
42,TRUE,0.00029762337658227,13.8888888888889
42,TRUE,0.000263081578139467,14.4444444444444
42,TRUE,0.000234905032937113,15
42,TRUE,0.000211635182046263,15.5555555555556
42,TRUE,0.000192204578976846,16.1111111111111
42,TRUE,0.000175819087385458,16.6666666666667
42,TRUE,0.000161878911703592,17.2222222222222
42,TRUE,0.00014992469130435,17.7777777777778
42,TRUE,0.000139600076611855,18.3333333333333
42,TRUE,0.000130625335232128,18.8888888888889
42,TRUE,0.000122778461546637,19.4444444444444
42,TRUE,0.000115881469709672,20
42,TRUE,0.000109790319263983,20.5555555555556
42,TRUE,0.00010438742117433,21.1111111111111
42,TRUE,9.95760002486568e-05,21.6666666666667
42,TRUE,9.52758090867939e-05,22.2222222222222
42,TRUE,9.14198370966261e-05,22.7777777777778
42,TRUE,8.79517599130144e-05,23.3333333333333
42,TRUE,8.48239452443072e-05,23.8888888888889
42,TRUE,8.19958808339755e-05,24.4444444444444
42,TRUE,7.94329255013727e-05,25
42,TRUE,7.71053095460056e-05,25.5555555555556
42,TRUE,7.49873291546417e-05,26.1111111111111
42,TRUE,7.30566928817951e-05,26.6666666666667
42,TRUE,7.12939881905419e-05,27.2222222222222
42,TRUE,6.96822434244106e-05,27.7777777777778
42,TRUE,6.8206566123704e-05,28.3333333333333
42,TRUE,6.68538427922703e-05,28.8888888888889
42,TRUE,6.561248841562e-05,29.4444444444444
42,TRUE,6.44722364829168e-05,30
42,TRUE,6.3423962159308e-05,30.5555555555556
42,TRUE,6.24595327275166e-05,31.1111111111111
42,TRUE,6.1571680569433e-05,31.6666666666667
42,TRUE,6.07538948647055e-05,32.2222222222222
42,TRUE,6.00003289004102e-05,32.7777777777778
42,TRUE,5.93057204563086e-05,33.3333333333333
42,TRUE,5.8665323186335e-05,33.8888888888889
42,TRUE,5.80748472834814e-05,34.4444444444444
42,TRUE,5.75304080111931e-05,35
42,TRUE,5.70284809244159e-05,35.5555555555556
42,TRUE,5.65658627989916e-05,36.1111111111111
42,TRUE,5.61396374480782e-05,36.6666666666667
42,TRUE,5.57471457356907e-05,37.2222222222222
42,TRUE,5.53859592058397e-05,37.7777777777778
42,TRUE,5.50538568354644e-05,38.3333333333333
42,TRUE,5.47488044939004e-05,38.8888888888889
42,TRUE,5.4468936753775e-05,39.4444444444444
42,TRUE,5.42125407502271e-05,40
42,TRUE,5.39780418289977e-05,40.5555555555556
42,TRUE,5.37639907606969e-05,41.1111111111111
42,TRUE,5.35690523296099e-05,41.6666666666667
42,TRUE,5.33919951317133e-05,42.2222222222222
42,TRUE,5.32316824389404e-05,42.7777777777778
42,TRUE,5.30870640057951e-05,43.3333333333333
42,TRUE,5.29571687107088e-05,43.8888888888889
42,TRUE,5.28410979385067e-05,44.4444444444444
42,TRUE,5.27380196223626e-05,45
42,TRUE,5.26471628739825e-05,45.5555555555556
42,TRUE,5.25678131397184e-05,46.1111111111111
42,TRUE,5.24993078280935e-05,46.6666666666667
42,TRUE,5.24410323609969e-05,47.2222222222222
42,TRUE,5.2392416606724e-05,47.7777777777778
42,TRUE,5.23529316582476e-05,48.3333333333333
42,TRUE,5.23220869246907e-05,48.8888888888889
42,TRUE,5.22994275080513e-05,49.4444444444444
42,TRUE,5.22845318408713e-05,50
42,TRUE,5.22770095638307e-05,50.5555555555556
42,TRUE,5.22764996252425e-05,51.1111111111111
42,TRUE,5.22826685871849e-05,51.6666666666667
42,TRUE,5.22952091255954e-05,52.2222222222222
42,TRUE,5.2313838714081e-05,52.7777777777778
42,TRUE,5.23382984833683e-05,53.3333333333333
42,TRUE,5.2368352249094e-05,53.8888888888889
42,TRUE,5.24037856924121e-05,54.4444444444444
42,TRUE,5.24444056118832e-05,55
42,TRUE,5.24900387372392e-05,55.5555555555556
42,TRUE,5.25405268850154e-05,56.1111111111111
42,TRUE,5.25956977116127e-05,56.6666666666667
42,TRUE,5.26551789361058e-05,57.2222222222222
42,TRUE,5.27172948519569e-05,57.7777777777778
42,TRUE,5.27734611291721e-05,58.3333333333333
42,TRUE,5.27855483231711e-05,58.8888888888889
42,TRUE,5.26178781342006e-05,59.4444444444444
42,TRUE,5.18994561034487e-05,60
43,TRUE,0.0236059372498246,5
43,TRUE,0.0121940497121805,5.55555555555556
43,TRUE,0.00955950506769176,6.11111111111111
43,TRUE,0.00737387922876161,6.66666666666667
43,TRUE,0.00589027673965665,7.22222222222222
43,TRUE,0.00483433517474374,7.77777777777778
43,TRUE,0.00405687654294663,8.33333333333333
43,TRUE,0.00346865018589352,8.88888888888889
43,TRUE,0.00301251748486248,9.44444444444444
43,TRUE,0.00265111565334876,10
43,TRUE,0.00235930019043331,10.5555555555556
43,TRUE,0.00211971445963444,11.1111111111111
43,TRUE,0.00192009889098047,11.6666666666667
43,TRUE,0.00175161039587133,12.2222222222222
43,TRUE,0.00160774707431813,12.7777777777778
43,TRUE,0.0014836442388428,13.3333333333333
43,TRUE,0.00137560368246596,13.8888888888889
43,TRUE,0.00128077269171644,14.4444444444444
43,TRUE,0.00119692116535569,15
43,TRUE,0.00112228423196165,15.5555555555556
43,TRUE,0.00105544937220214,16.1111111111111
43,TRUE,0.000995274280209399,16.6666666666667
43,TRUE,0.000940826283128039,17.2222222222222
43,TRUE,0.000891337097232707,17.7777777777778
43,TRUE,0.000846168640991178,18.3333333333333
43,TRUE,0.000804786919739324,18.8888888888889
43,TRUE,0.000766741871926486,19.4444444444444
43,TRUE,0.000731651667007366,20
43,TRUE,0.000699190361864831,20.5555555555556
43,TRUE,0.000669078115692106,21.1111111111111
43,TRUE,0.000641073371677341,21.6666666666667
43,TRUE,0.000614966563679577,22.2222222222222
43,TRUE,0.000590575014935012,22.7777777777778
43,TRUE,0.000567738775675393,23.3333333333333
43,TRUE,0.000546317205648658,23.8888888888889
43,TRUE,0.000526186151674565,24.4444444444444
43,TRUE,0.000507235603608589,25
43,TRUE,0.000489367737316707,25.5555555555556
43,TRUE,0.000472495272556369,26.1111111111111
43,TRUE,0.000456540088517727,26.6666666666667
43,TRUE,0.000441432051300932,27.2222222222222
43,TRUE,0.000427108016597645,27.7777777777778
43,TRUE,0.000413510977906514,28.3333333333333
43,TRUE,0.000400589336190715,28.8888888888889
43,TRUE,0.00038829627131717,29.4444444444444
43,TRUE,0.000376589199156526,30
43,TRUE,0.000365429301064711,30.5555555555556
43,TRUE,0.000354781114759596,31.1111111111111
43,TRUE,0.00034461217746499,31.6666666666667
43,TRUE,0.000334892713707795,32.2222222222222
43,TRUE,0.000325595361392186,32.7777777777778
43,TRUE,0.000316694930791581,33.3333333333333
43,TRUE,0.000308168191937725,33.8888888888889
43,TRUE,0.000299993686580551,34.4444444444444
43,TRUE,0.000292151561469375,35
43,TRUE,0.000284623420187152,35.5555555555556
43,TRUE,0.000277392191172211,36.1111111111111
43,TRUE,0.000270442009899981,36.6666666666667
43,TRUE,0.000263758113482079,37.2222222222222
43,TRUE,0.000257326746180811,37.7777777777778
43,TRUE,0.000251135074541147,38.3333333333333
43,TRUE,0.00024517111101565,38.8888888888889
43,TRUE,0.000239423645105677,39.4444444444444
43,TRUE,0.000233882181168499,40
43,TRUE,0.000228536882148343,40.5555555555556
43,TRUE,0.000223378518582342,41.1111111111111
43,TRUE,0.000218398422312601,41.6666666666667
43,TRUE,0.000213588444404743,42.2222222222222
43,TRUE,0.00020894091683323,42.7777777777778
43,TRUE,0.000204448617545729,43.3333333333333
43,TRUE,0.000200104738563933,43.8888888888889
43,TRUE,0.000195902856817662,44.4444444444444
43,TRUE,0.000191836907443409,45
43,TRUE,0.000187901159308611,45.5555555555556
43,TRUE,0.000184090192549268,46.1111111111111
43,TRUE,0.000180398877931775,46.6666666666667
43,TRUE,0.000176822357870184,47.2222222222222
43,TRUE,0.000173356028948199,47.7777777777778
43,TRUE,0.000169995525811091,48.3333333333333
43,TRUE,0.000166736706306915,48.8888888888889
43,TRUE,0.000163575637768928,49.4444444444444
43,TRUE,0.000160508584342341,50
43,TRUE,0.000157531995268546,50.5555555555556
43,TRUE,0.000154642494048953,51.1111111111111
43,TRUE,0.000151836868418679,51.6666666666667
43,TRUE,0.000149112061067665,52.2222222222222
43,TRUE,0.000146465161053497,52.7777777777778
43,TRUE,0.000143893395856344,53.3333333333333
43,TRUE,0.000141394124032092,53.8888888888889
43,TRUE,0.000138964828424892,54.4444444444444
43,TRUE,0.0001366031099032,55
43,TRUE,0.000134306681565683,55.5555555555556
43,TRUE,0.000132073363126663,56.1111111111111
43,TRUE,0.000129901072601488,56.6666666666667
43,TRUE,0.000127787786908497,57.2222222222222
43,TRUE,0.000125731233853686,57.7777777777778
43,TRUE,0.000123726741907853,58.3333333333333
43,TRUE,0.000121755402440512,58.8888888888889
43,TRUE,0.000119734826493618,59.4444444444444
43,TRUE,0.000117371328722659,60
44,TRUE,0.0480747726942762,5
44,TRUE,0.0234394842241138,5.55555555555556
44,TRUE,0.0175295245708491,6.11111111111111
44,TRUE,0.0129189502059568,6.66666666666667
44,TRUE,0.00989571268624141,7.22222222222222
44,TRUE,0.00781762375473076,7.77777777777778
44,TRUE,0.00633780352559555,8.33333333333333
44,TRUE,0.00525273883621877,8.88888888888889
44,TRUE,0.0044356721125427,9.44444444444444
44,TRUE,0.00380573607657899,10
44,TRUE,0.0033098168675964,10.5555555555556
44,TRUE,0.0029121046237547,11.1111111111111
44,TRUE,0.00258787110845429,11.6666666666667
44,TRUE,0.00231966067708493,12.2222222222222
44,TRUE,0.00209490036686327,12.7777777777778
44,TRUE,0.00190436502505023,13.3333333333333
44,TRUE,0.00174116999958719,13.8888888888889
44,TRUE,0.00160009661443295,14.4444444444444
44,TRUE,0.00147713194454097,15
44,TRUE,0.00136914928225626,15.5555555555556
44,TRUE,0.0012736826532644,16.1111111111111
44,TRUE,0.0011887652739782,16.6666666666667
44,TRUE,0.00111281217353184,17.2222222222222
44,TRUE,0.00104453377545279,17.7777777777778
44,TRUE,0.000982871485492041,18.3333333333333
44,TRUE,0.00092694912631511,18.8888888888889
44,TRUE,0.000876035923912348,19.4444444444444
44,TRUE,0.000829518011923012,20
44,TRUE,0.000786876284965401,20.5555555555556
44,TRUE,0.000747669032636656,21.1111111111111
44,TRUE,0.000711518207865413,21.6666666666667
44,TRUE,0.00067809848321029,22.2222222222222
44,TRUE,0.000647128464113805,22.7777777777778
44,TRUE,0.000618363584420103,23.3333333333333
44,TRUE,0.000591590323961782,23.8888888888889
44,TRUE,0.000566621472662415,24.4444444444444
44,TRUE,0.000543292228714813,25
44,TRUE,0.000521456965844534,25.5555555555556
44,TRUE,0.000500986540620816,26.1111111111111
44,TRUE,0.000481766038222331,26.6666666666667
44,TRUE,0.00046369287616496,27.2222222222222
44,TRUE,0.000446675201830489,27.7777777777778
44,TRUE,0.000430630532357926,28.3333333333333
44,TRUE,0.000415484595432004,28.8888888888889
44,TRUE,0.000401170337366741,29.4444444444444
44,TRUE,0.000387627071117167,30
44,TRUE,0.000374799741823213,30.5555555555556
44,TRUE,0.000362638291473247,31.1111111111111
44,TRUE,0.000351097107482895,31.6666666666667
44,TRUE,0.000340134542580719,32.2222222222222
44,TRUE,0.000329712495502582,32.7777777777778
44,TRUE,0.000319796043719459,33.3333333333333
44,TRUE,0.000310353120836092,33.8888888888889
44,TRUE,0.000301354232460902,34.4444444444444
44,TRUE,0.000292772205308646,35
44,TRUE,0.000284581965094742,35.5555555555556
44,TRUE,0.000276760339443966,36.1111111111111
44,TRUE,0.000269285882590956,36.6666666666667
44,TRUE,0.000262138719114902,37.2222222222222
44,TRUE,0.000255300404341896,37.7777777777778
44,TRUE,0.000248753799378385,38.3333333333333
44,TRUE,0.000242482959018378,38.8888888888889
44,TRUE,0.000236473031004094,39.4444444444444
44,TRUE,0.000230710165321461,40
44,TRUE,0.000225181432384067,40.5555555555556
44,TRUE,0.000219874749106527,41.1111111111111
44,TRUE,0.000214778811994697,41.6666666666667
44,TRUE,0.000209883036488908,42.2222222222222
44,TRUE,0.00020517750189022,42.7777777777778
44,TRUE,0.000200652901280758,43.3333333333333
44,TRUE,0.000196300495919456,43.8888888888889
44,TRUE,0.000192112073655524,44.4444444444444
44,TRUE,0.000188079910955069,45
44,TRUE,0.000184196738182612,45.5555555555556
44,TRUE,0.00018045570781974,46.1111111111111
44,TRUE,0.000176850365338601,46.6666666666667
44,TRUE,0.000173374622479138,47.2222222222222
44,TRUE,0.000170022732706338,47.7777777777778
44,TRUE,0.000166789268648015,48.3333333333333
44,TRUE,0.00016366910133501,48.8888888888889
44,TRUE,0.000160657381084688,49.4444444444444
44,TRUE,0.000157749519885498,50
44,TRUE,0.00015494117515543,50.5555555555556
44,TRUE,0.000152228234760697,51.1111111111111
44,TRUE,0.000149606803193141,51.6666666666667
44,TRUE,0.000147073188815862,52.2222222222222
44,TRUE,0.000144623892096569,52.7777777777778
44,TRUE,0.000142255594757234,53.3333333333333
44,TRUE,0.000139965149776056,53.8888888888889
44,TRUE,0.000137749572177585,54.4444444444444
44,TRUE,0.000135606030495334,55
44,TRUE,0.000133531838383259,55.5555555555556
44,TRUE,0.00013152444290998,56.1111111111111
44,TRUE,0.000129581384613687,56.6666666666667
44,TRUE,0.000127700053062877,57.2222222222222
44,TRUE,0.000125876129880348,57.7777777777778
44,TRUE,0.000124095085922191,58.3333333333333
44,TRUE,0.000122295428403583,58.8888888888889
44,TRUE,0.000120250230765022,59.4444444444444
44,TRUE,0.000117305024227634,60
45,TRUE,0.129689336161903,5
45,TRUE,0.0112041534715264,5.55555555555556
45,TRUE,0.0026974703557143,6.11111111111111
45,TRUE,0.000597826480988757,6.66666666666667
45,TRUE,0.000153975549568569,7.22222222222222
45,TRUE,4.74490231926024e-05,7.77777777777778
45,TRUE,1.87424365225349e-05,8.33333333333333
45,TRUE,1.03053644208194e-05,8.88888888888889
45,TRUE,7.69373293252787e-06,9.44444444444444
45,TRUE,6.9203497975156e-06,10
45,TRUE,6.77462216101105e-06,10.5555555555556
45,TRUE,6.85499374399535e-06,11.1111111111111
45,TRUE,7.01711919773461e-06,11.6666666666667
45,TRUE,7.20538958755171e-06,12.2222222222222
45,TRUE,7.3972367221418e-06,12.7777777777778
45,TRUE,7.58328516841043e-06,13.3333333333333
45,TRUE,7.75976147533251e-06,13.8888888888889
45,TRUE,7.92539255807027e-06,14.4444444444444
45,TRUE,8.08005837307079e-06,15
45,TRUE,8.22417347961813e-06,15.5555555555556
45,TRUE,8.35838948144189e-06,16.1111111111111
45,TRUE,8.4834465894139e-06,16.6666666666667
45,TRUE,8.60009801439651e-06,17.2222222222222
45,TRUE,8.70907152795722e-06,17.7777777777778
45,TRUE,8.81105069536544e-06,18.3333333333333
45,TRUE,8.90666680288096e-06,18.8888888888889
45,TRUE,8.99649668092412e-06,19.4444444444444
45,TRUE,9.08106376672583e-06,20
45,TRUE,9.16084089362079e-06,20.5555555555556
45,TRUE,9.23625392800569e-06,21.1111111111111
45,TRUE,9.30768573819027e-06,21.6666666666667
45,TRUE,9.37548019339964e-06,22.2222222222222
45,TRUE,9.43994602010363e-06,22.7777777777778
45,TRUE,9.50136042167264e-06,23.3333333333333
45,TRUE,9.55997241589782e-06,23.8888888888889
45,TRUE,9.61600587473313e-06,24.4444444444444
45,TRUE,9.66966226867069e-06,25
45,TRUE,9.72112312873612e-06,25.5555555555556
45,TRUE,9.77055224488707e-06,26.1111111111111
45,TRUE,9.81809762234728e-06,26.6666666666667
45,TRUE,9.86389321823363e-06,27.2222222222222
45,TRUE,9.90806048047063e-06,27.7777777777778
45,TRUE,9.95070970991912e-06,28.3333333333333
45,TRUE,9.99194126519148e-06,28.8888888888889
45,TRUE,1.00318466279898e-05,29.4444444444444
45,TRUE,1.00705093451203e-05,30
45,TRUE,1.01080058616894e-05,30.5555555555556
45,TRUE,1.01444062584217e-05,31.1111111111111
45,TRUE,1.01797749045912e-05,31.6666666666667
45,TRUE,1.02141710367257e-05,32.2222222222222
45,TRUE,1.02476492720478e-05,32.7777777777778
45,TRUE,1.02802600645382e-05,33.3333333333333
45,TRUE,1.03120501105505e-05,33.8888888888889
45,TRUE,1.03430627100574e-05,34.4444444444444
45,TRUE,1.03733380888612e-05,35
45,TRUE,1.0402913686442e-05,35.5555555555556
45,TRUE,1.04318244135403e-05,36.1111111111111
45,TRUE,1.04601028830659e-05,36.6666666666667
45,TRUE,1.04877796174819e-05,37.2222222222222
45,TRUE,1.0514883235428e-05,37.7777777777778
45,TRUE,1.05414406200115e-05,38.3333333333333
45,TRUE,1.05674770708994e-05,38.8888888888889
45,TRUE,1.05930164420923e-05,39.4444444444444
45,TRUE,1.06180812670375e-05,40
45,TRUE,1.06426928725462e-05,40.5555555555556
45,TRUE,1.06668714828119e-05,41.1111111111111
45,TRUE,1.06906363146828e-05,41.6666666666667
45,TRUE,1.07140056652135e-05,42.2222222222222
45,TRUE,1.07369969924132e-05,42.7777777777778
45,TRUE,1.07596269900162e-05,43.3333333333333
45,TRUE,1.07819116570152e-05,43.8888888888889
45,TRUE,1.08038663626347e-05,44.4444444444444
45,TRUE,1.08255059073604e-05,45
45,TRUE,1.0846844580594e-05,45.5555555555556
45,TRUE,1.08678962154624e-05,46.1111111111111
45,TRUE,1.088867424128e-05,46.6666666666667
45,TRUE,1.0909191734138e-05,47.2222222222222
45,TRUE,1.09294614660795e-05,47.7777777777778
45,TRUE,1.09494959533099e-05,48.3333333333333
45,TRUE,1.09693075038882e-05,48.8888888888889
45,TRUE,1.09889082653561e-05,49.4444444444444
45,TRUE,1.10083102727678e-05,50
45,TRUE,1.10275254976121e-05,50.5555555555556
45,TRUE,1.10465658981464e-05,51.1111111111111
45,TRUE,1.10654434717046e-05,51.6666666666667
45,TRUE,1.10841703095956e-05,52.2222222222222
45,TRUE,1.11027586552776e-05,52.7777777777778
45,TRUE,1.11212209665748e-05,53.3333333333333
45,TRUE,1.11395699828118e-05,53.8888888888889
45,TRUE,1.11578187978577e-05,54.4444444444444
45,TRUE,1.11759809401822e-05,55
45,TRUE,1.11940704606009e-05,55.5555555555556
45,TRUE,1.1212102020949e-05,56.1111111111111
45,TRUE,1.12300908812458e-05,56.6666666666667
45,TRUE,1.1248051604078e-05,57.2222222222222
45,TRUE,1.12659842855805e-05,57.7777777777778
45,TRUE,1.12837648235714e-05,58.3333333333333
45,TRUE,1.1300467604355e-05,58.8888888888889
45,TRUE,1.131119402721e-05,59.4444444444444
45,TRUE,1.12961817888602e-05,60
46,TRUE,0.228350570018262,5
46,TRUE,0.0153093387574332,5.55555555555556
46,TRUE,0.00317813716971395,6.11111111111111
46,TRUE,0.000584654691571574,6.66666666666667
46,TRUE,0.000128285937283694,7.22222222222222
46,TRUE,3.82623744707207e-05,7.77777777777778
46,TRUE,1.87533461225652e-05,8.33333333333333
46,TRUE,1.45716868141507e-05,8.88888888888889
46,TRUE,1.40269266629063e-05,9.44444444444444
46,TRUE,1.44004211280999e-05,10
46,TRUE,1.49973950169246e-05,10.5555555555556
46,TRUE,1.56248378153574e-05,11.1111111111111
46,TRUE,1.62260319046758e-05,11.6666666666667
46,TRUE,1.67847119994402e-05,12.2222222222222
46,TRUE,1.72976755516822e-05,12.7777777777778
46,TRUE,1.77662424281253e-05,13.3333333333333
46,TRUE,1.81933392496776e-05,13.8888888888889
46,TRUE,1.85824060498031e-05,14.4444444444444
46,TRUE,1.89369478195348e-05,15
46,TRUE,1.9260337546768e-05,15.5555555555556
46,TRUE,1.95557280523016e-05,16.1111111111111
46,TRUE,1.98260158421643e-05,16.6666666666667
46,TRUE,2.00738319273241e-05,17.2222222222222
46,TRUE,2.03015473185882e-05,17.7777777777778
46,TRUE,2.05112865551784e-05,18.3333333333333
46,TRUE,2.07049454047567e-05,18.8888888888889
46,TRUE,2.08842103845602e-05,19.4444444444444
46,TRUE,2.1050578647535e-05,20
46,TRUE,2.12053773387023e-05,20.5555555555556
46,TRUE,2.13497818921736e-05,21.1111111111111
46,TRUE,2.14848329806076e-05,21.6666666666667
46,TRUE,2.16114519884758e-05,22.2222222222222
46,TRUE,2.17304549845857e-05,22.7777777777778
46,TRUE,2.18425652352756e-05,23.3333333333333
46,TRUE,2.19484243394524e-05,23.8888888888889
46,TRUE,2.2048602088492e-05,24.4444444444444
46,TRUE,2.21436051638005e-05,25
46,TRUE,2.22338847866559e-05,25.5555555555556
46,TRUE,2.23198434317114e-05,26.1111111111111
46,TRUE,2.2401840709239e-05,26.6666666666667
46,TRUE,2.24801985132208e-05,27.2222222222222
46,TRUE,2.25552055236738e-05,27.7777777777778
46,TRUE,2.2627121142754e-05,28.3333333333333
46,TRUE,2.2696178935599e-05,28.8888888888889
46,TRUE,2.2762589638786e-05,29.4444444444444
46,TRUE,2.2826543791822e-05,30
46,TRUE,2.28882140403023e-05,30.5555555555556
46,TRUE,2.29477571532871e-05,31.1111111111111
46,TRUE,2.3005315792018e-05,31.6666666666667
46,TRUE,2.30610200623051e-05,32.2222222222222
46,TRUE,2.31149888786925e-05,32.7777777777778
46,TRUE,2.31673311648192e-05,33.3333333333333
46,TRUE,2.32181469111646e-05,33.8888888888889
46,TRUE,2.32675281085658e-05,34.4444444444444
46,TRUE,2.33155595734511e-05,35
46,TRUE,2.33623196786284e-05,35.5555555555556
46,TRUE,2.34078810016307e-05,36.1111111111111
46,TRUE,2.34523109010448e-05,36.6666666666667
46,TRUE,2.34956720298781e-05,37.2222222222222
46,TRUE,2.35380227938419e-05,37.7777777777778
46,TRUE,2.35794177614049e-05,38.3333333333333
46,TRUE,2.36199080315982e-05,38.8888888888889
46,TRUE,2.36595415647881e-05,39.4444444444444
46,TRUE,2.36983634809848e-05,40
46,TRUE,2.3736416329687e-05,40.5555555555556
46,TRUE,2.37737403347806e-05,41.1111111111111
46,TRUE,2.38103736175913e-05,41.6666666666667
46,TRUE,2.38463524008314e-05,42.2222222222222
46,TRUE,2.38817111958748e-05,42.7777777777778
46,TRUE,2.39164829755325e-05,43.3333333333333
46,TRUE,2.39506993342762e-05,43.8888888888889
46,TRUE,2.39843906376689e-05,44.4444444444444
46,TRUE,2.40175861626057e-05,45
46,TRUE,2.40503142298353e-05,45.5555555555556
46,TRUE,2.40826023301286e-05,46.1111111111111
46,TRUE,2.41144772453805e-05,46.6666666666667
46,TRUE,2.41459651658667e-05,47.2222222222222
46,TRUE,2.41770918048433e-05,47.7777777777778
46,TRUE,2.4207882511653e-05,48.3333333333333
46,TRUE,2.42383623845062e-05,48.8888888888889
46,TRUE,2.42685563841272e-05,49.4444444444444
46,TRUE,2.42984894494998e-05,50
46,TRUE,2.43281866170164e-05,50.5555555555556
46,TRUE,2.43576731444303e-05,51.1111111111111
46,TRUE,2.4386974641137e-05,51.6666666666667
46,TRUE,2.44161172064719e-05,52.2222222222222
46,TRUE,2.44451275779108e-05,52.7777777777778
46,TRUE,2.44740332913058e-05,53.3333333333333
46,TRUE,2.45028628555364e-05,53.8888888888889
46,TRUE,2.45316459438644e-05,54.4444444444444
46,TRUE,2.45604136009724e-05,55
46,TRUE,2.45891984354175e-05,55.5555555555556
46,TRUE,2.46180345267666e-05,56.1111111111111
46,TRUE,2.46469547674907e-05,56.6666666666667
46,TRUE,2.46759672426817e-05,57.2222222222222
46,TRUE,2.47048803222606e-05,57.7777777777778
46,TRUE,2.47322320696937e-05,58.3333333333333
46,TRUE,2.47501284521677e-05,58.8888888888889
46,TRUE,2.47255286648363e-05,59.4444444444444
46,TRUE,2.45523133195615e-05,60
47,TRUE,0.088702663007146,5
47,TRUE,0.0148710165433768,5.55555555555556
47,TRUE,0.00527914515529179,6.11111111111111
47,TRUE,0.00183796283777357,6.66666666666667
47,TRUE,0.000719458567412654,7.22222222222222
47,TRUE,0.000314470973433848,7.77777777777778
47,TRUE,0.000153073612403836,8.33333333333333
47,TRUE,8.2975936359966e-05,8.88888888888889
47,TRUE,4.99593134110267e-05,9.44444444444444
47,TRUE,3.32099221409831e-05,10
47,TRUE,2.41240956065542e-05,10.5555555555556
47,TRUE,1.88929826258731e-05,11.1111111111111
47,TRUE,1.57199868275774e-05,11.6666666666667
47,TRUE,1.37067180845954e-05,12.2222222222222
47,TRUE,1.23792828413901e-05,12.7777777777778
47,TRUE,1.14752499664142e-05,13.3333333333333
47,TRUE,1.08427454651342e-05,13.8888888888889
47,TRUE,1.0390312265665e-05,14.4444444444444
47,TRUE,1.00608707431495e-05,15
47,TRUE,9.81763519569407e-06,15.5555555555556
47,TRUE,9.63620740728285e-06,16.1111111111111
47,TRUE,9.49998363388073e-06,16.6666666666667
47,TRUE,9.39740152569122e-06,17.2222222222222
47,TRUE,9.32024189868118e-06,17.7777777777778
47,TRUE,9.2625533175216e-06,18.3333333333333
47,TRUE,9.21995451317346e-06,18.8888888888889
47,TRUE,9.18917182110077e-06,19.4444444444444
47,TRUE,9.16772621673121e-06,20
47,TRUE,9.15371762082227e-06,20.5555555555556
47,TRUE,9.14567370470221e-06,21.1111111111111
47,TRUE,9.14244224794501e-06,21.6666666666667
47,TRUE,9.1431134008975e-06,22.2222222222222
47,TRUE,9.14696280169425e-06,22.7777777777778
47,TRUE,9.15340944644138e-06,23.3333333333333
47,TRUE,9.16198413587602e-06,23.8888888888889
47,TRUE,9.1723055982479e-06,24.4444444444444
47,TRUE,9.18406224756463e-06,25
47,TRUE,9.19699812316429e-06,25.5555555555556
47,TRUE,9.21090196260478e-06,26.1111111111111
47,TRUE,9.22559864429037e-06,26.6666666666667
47,TRUE,9.24094243783435e-06,27.2222222222222
47,TRUE,9.25681164458307e-06,27.7777777777778
47,TRUE,9.27310431527059e-06,28.3333333333333
47,TRUE,9.28973480818069e-06,28.8888888888889
47,TRUE,9.30663100754531e-06,29.4444444444444
47,TRUE,9.32373206382573e-06,30
47,TRUE,9.3409865489551e-06,30.5555555555556
47,TRUE,9.35835094337074e-06,31.1111111111111
47,TRUE,9.37578838973864e-06,31.6666666666667
47,TRUE,9.39326766212104e-06,32.2222222222222
47,TRUE,9.41076231001698e-06,32.7777777777778
47,TRUE,9.42824994499174e-06,33.3333333333333
47,TRUE,9.445711644076e-06,33.8888888888889
47,TRUE,9.46313144918931e-06,34.4444444444444
47,TRUE,9.48049594584414e-06,35
47,TRUE,9.49779390755845e-06,35.5555555555556
47,TRUE,9.51501599493182e-06,36.1111111111111
47,TRUE,9.53215450036138e-06,36.6666666666667
47,TRUE,9.54920313099886e-06,37.2222222222222
47,TRUE,9.56615682386101e-06,37.7777777777778
47,TRUE,9.58301158806846e-06,38.3333333333333
47,TRUE,9.59976437005241e-06,38.8888888888889
47,TRUE,9.61641293827454e-06,39.4444444444444
47,TRUE,9.6329557845849e-06,40
47,TRUE,9.64939203981849e-06,40.5555555555556
47,TRUE,9.66572140162531e-06,41.1111111111111
47,TRUE,9.68194407285507e-06,41.6666666666667
47,TRUE,9.69806070908967e-06,42.2222222222222
47,TRUE,9.71407237414447e-06,42.7777777777778
47,TRUE,9.72998050255022e-06,43.3333333333333
47,TRUE,9.74578686818977e-06,43.8888888888889
47,TRUE,9.76149355840078e-06,44.4444444444444
47,TRUE,9.77710295297374e-06,45
47,TRUE,9.79261770757616e-06,45.5555555555556
47,TRUE,9.808040741223e-06,46.1111111111111
47,TRUE,9.82337522749166e-06,46.6666666666667
47,TRUE,9.83862458925038e-06,47.2222222222222
47,TRUE,9.85379249673304e-06,47.7777777777778
47,TRUE,9.86888286885329e-06,48.3333333333333
47,TRUE,9.88389987770771e-06,48.8888888888889
47,TRUE,9.89884795627333e-06,49.4444444444444
47,TRUE,9.91373180936019e-06,50
47,TRUE,9.9285564279368e-06,50.5555555555556
47,TRUE,9.94332710700623e-06,51.1111111111111
47,TRUE,9.95804946727513e-06,51.6666666666667
47,TRUE,9.97272948092931e-06,52.2222222222222
47,TRUE,9.98737350190871e-06,52.7777777777778
47,TRUE,1.00019883011657e-05,53.3333333333333
47,TRUE,1.00165811074947e-05,53.8888888888889
47,TRUE,1.00311596546422e-05,54.4444444444444
47,TRUE,1.00457322355352e-05,55
47,TRUE,1.00603077644259e-05,55.5555555555556
47,TRUE,1.0074895844912e-05,56.1111111111111
47,TRUE,1.00895067991795e-05,56.6666666666667
47,TRUE,1.01041510849402e-05,57.2222222222222
47,TRUE,1.01188322098578e-05,57.7777777777778
47,TRUE,1.01334857996535e-05,58.3333333333333
47,TRUE,1.01475762641908e-05,58.8888888888889
47,TRUE,1.01580677619554e-05,59.4444444444444
47,TRUE,1.0151882518918e-05,60
48,TRUE,0.164906645159784,5
48,TRUE,0.0231608402799246,5.55555555555556
48,TRUE,0.00726100782441419,6.11111111111111
48,TRUE,0.00217529604312856,6.66666666666667
48,TRUE,0.000731042270352836,7.22222222222222
48,TRUE,0.000276225493343877,7.77777777777778
48,TRUE,0.000118960931416443,8.33333333333333
48,TRUE,5.99058237154667e-05,8.88888888888889
48,TRUE,3.59466190203703e-05,9.44444444444444
48,TRUE,2.55412136650034e-05,10
48,TRUE,2.07637951134985e-05,10.5555555555556
48,TRUE,1.84850275801571e-05,11.1111111111111
48,TRUE,1.73847986735669e-05,11.6666666666667
48,TRUE,1.68707785359157e-05,12.2222222222222
48,TRUE,1.66616292055344e-05,12.7777777777778
48,TRUE,1.66166163831202e-05,13.3333333333333
48,TRUE,1.66619940271501e-05,13.8888888888889
48,TRUE,1.67575124510649e-05,14.4444444444444
48,TRUE,1.68804293080032e-05,15
48,TRUE,1.70175274685207e-05,15.5555555555556
48,TRUE,1.71609619560258e-05,16.1111111111111
48,TRUE,1.73060153248213e-05,16.6666666666667
48,TRUE,1.74498415158361e-05,17.2222222222222
48,TRUE,1.75907402907129e-05,17.7777777777778
48,TRUE,1.7727726019825e-05,18.3333333333333
48,TRUE,1.78602648202713e-05,18.8888888888889
48,TRUE,1.79881107087303e-05,19.4444444444444
48,TRUE,1.81112014966873e-05,20
48,TRUE,1.82295915777698e-05,20.5555555555556
48,TRUE,1.83434079770192e-05,21.1111111111111
48,TRUE,1.84528213427125e-05,21.6666666666667
48,TRUE,1.8558026694432e-05,22.2222222222222
48,TRUE,1.8659230631126e-05,22.7777777777778
48,TRUE,1.87566428670215e-05,23.3333333333333
48,TRUE,1.88504706942271e-05,23.8888888888889
48,TRUE,1.8940915438132e-05,24.4444444444444
48,TRUE,1.90281702753632e-05,25
48,TRUE,1.91124189844045e-05,25.5555555555556
48,TRUE,1.91938353329835e-05,26.1111111111111
48,TRUE,1.92725828970911e-05,26.6666666666667
48,TRUE,1.93488151686545e-05,27.2222222222222
48,TRUE,1.94226758518715e-05,27.7777777777778
48,TRUE,1.94942992782019e-05,28.3333333333333
48,TRUE,1.95638108910757e-05,28.8888888888889
48,TRUE,1.96313277662697e-05,29.4444444444444
48,TRUE,1.96969591444675e-05,30
48,TRUE,1.97608069600454e-05,30.5555555555556
48,TRUE,1.98229663554843e-05,31.1111111111111
48,TRUE,1.98835261746298e-05,31.6666666666667
48,TRUE,1.99425694307342e-05,32.2222222222222
48,TRUE,2.00001737471292e-05,32.7777777777778
48,TRUE,2.00564117697204e-05,33.3333333333333
48,TRUE,2.0111351551415e-05,33.8888888888889
48,TRUE,2.01650569092231e-05,34.4444444444444
48,TRUE,2.0217587755176e-05,35
48,TRUE,2.0269000402459e-05,35.5555555555556
48,TRUE,2.03193478482961e-05,36.1111111111111
48,TRUE,2.03686800351854e-05,36.6666666666667
48,TRUE,2.0417044092094e-05,37.2222222222222
48,TRUE,2.04644845571888e-05,37.7777777777778
48,TRUE,2.05110435836293e-05,38.3333333333333
48,TRUE,2.05567611298788e-05,38.8888888888889
48,TRUE,2.06016751359125e-05,39.4444444444444
48,TRUE,2.06458216866234e-05,40
48,TRUE,2.06892351636462e-05,40.5555555555556
48,TRUE,2.07319483867404e-05,41.1111111111111
48,TRUE,2.07739927458048e-05,41.6666666666667
48,TRUE,2.08153983245227e-05,42.2222222222222
48,TRUE,2.08561940165799e-05,42.7777777777778
48,TRUE,2.08964076353404e-05,43.3333333333333
48,TRUE,2.0936066017819e-05,43.8888888888889
48,TRUE,2.09751951237477e-05,44.4444444444444
48,TRUE,2.10138201305007e-05,45
48,TRUE,2.10519655246206e-05,45.5555555555556
48,TRUE,2.10896551906671e-05,46.1111111111111
48,TRUE,2.11269124981061e-05,46.6666666666667
48,TRUE,2.11637603869553e-05,47.2222222222222
48,TRUE,2.12002214529137e-05,47.7777777777778
48,TRUE,2.12363180327235e-05,48.3333333333333
48,TRUE,2.12720722905471e-05,48.8888888888889
48,TRUE,2.13075063061845e-05,49.4444444444444
48,TRUE,2.13426421660199e-05,50
48,TRUE,2.13775020576603e-05,50.5555555555556
48,TRUE,2.14121083693288e-05,51.1111111111111
48,TRUE,2.14464837951892e-05,51.6666666666667
48,TRUE,2.14806514479307e-05,52.2222222222222
48,TRUE,2.15146349801129e-05,52.7777777777778
48,TRUE,2.154845871599e-05,53.3333333333333
48,TRUE,2.1582147795782e-05,53.8888888888889
48,TRUE,2.16157283345644e-05,54.4444444444444
48,TRUE,2.1649227597306e-05,55
48,TRUE,2.16826741826477e-05,55.5555555555556
48,TRUE,2.17160981202835e-05,56.1111111111111
48,TRUE,2.17495299394263e-05,56.6666666666667
48,TRUE,2.1782990104173e-05,57.2222222222222
48,TRUE,2.18164013405483e-05,57.7777777777778
48,TRUE,2.18490010888097e-05,58.3333333333333
48,TRUE,2.18762577648721e-05,58.8888888888889
48,TRUE,2.18776594600783e-05,59.4444444444444
48,TRUE,2.17820294427296e-05,60
49,TRUE,0.00376166724413615,5
49,TRUE,0.00232901719303375,5.55555555555556
49,TRUE,0.00252314282901005,6.11111111111111
49,TRUE,0.00245992749845364,6.66666666666667
49,TRUE,0.00240778031401039,7.22222222222222
49,TRUE,0.00236023121688445,7.77777777777778
49,TRUE,0.00231124587368195,8.33333333333333
49,TRUE,0.00226240654422287,8.88888888888889
49,TRUE,0.00221375800897759,9.44444444444444
49,TRUE,0.0021654131908564,10
49,TRUE,0.00211751484631337,10.5555555555556
49,TRUE,0.00207018949901383,11.1111111111111
49,TRUE,0.00202355674934086,11.6666666666667
49,TRUE,0.00197772773815253,12.2222222222222
49,TRUE,0.00193280423417044,12.7777777777778
49,TRUE,0.00188887821115231,13.3333333333333
49,TRUE,0.00184603153438284,13.8888888888889
49,TRUE,0.00180433581860806,14.4444444444444
49,TRUE,0.00176385243796902,15
49,TRUE,0.00172463266852583,15.5555555555556
49,TRUE,0.00168671794680339,16.1111111111111
49,TRUE,0.00165014022758495,16.6666666666667
49,TRUE,0.00161492242483088,17.2222222222222
49,TRUE,0.00158107892047743,17.7777777777778
49,TRUE,0.0015486161268823,18.3333333333333
49,TRUE,0.00151753308981046,18.8888888888889
49,TRUE,0.00148782212004931,19.4444444444444
49,TRUE,0.00145946944297073,20
49,TRUE,0.00143245585658754,20.5555555555556
49,TRUE,0.00140675738985822,21.1111111111111
49,TRUE,0.00138234595415506,21.6666666666667
49,TRUE,0.00135918998190857,22.2222222222222
49,TRUE,0.00133725504746267,22.7777777777778
49,TRUE,0.00131650446610885,23.3333333333333
49,TRUE,0.00129689986810621,23.8888888888889
49,TRUE,0.00127840174523315,24.4444444444444
49,TRUE,0.00126096996805207,25
49,TRUE,0.00124456427260245,25.5555555555556
49,TRUE,0.00122914471567023,26.1111111111111
49,TRUE,0.00121467209811806,26.6666666666667
49,TRUE,0.00120110835600719,27.2222222222222
49,TRUE,0.00118841691940534,27.7777777777778
49,TRUE,0.00117656303886505,28.3333333333333
49,TRUE,0.00116551407958509,28.8888888888889
49,TRUE,0.00115523978324405,29.4444444444444
49,TRUE,0.0011457124974345,30
49,TRUE,0.00113690737253999,30.5555555555556
49,TRUE,0.00112880252579965,31.1111111111111
49,TRUE,0.00112137917221036,31.6666666666667
49,TRUE,0.00111462172183494,32.2222222222222
49,TRUE,0.00110851784303164,32.7777777777778
49,TRUE,0.00110305849110291,33.3333333333333
49,TRUE,0.00109823790189079,33.8888888888889
49,TRUE,0.00109405354992922,34.4444444444444
49,TRUE,0.00109050607090332,35
49,TRUE,0.00108759914836654,35.5555555555556
49,TRUE,0.00108533936492667,36.1111111111111
49,TRUE,0.00108373601842847,36.6666666666667
49,TRUE,0.0010828009040294,37.2222222222222
49,TRUE,0.0010825480634761,37.7777777777778
49,TRUE,0.00108299350333469,38.3333333333333
49,TRUE,0.0010841548843939,38.8888888888889
49,TRUE,0.00108605118493497,39.4444444444444
49,TRUE,0.00108870234103025,40
49,TRUE,0.00109212886748048,40.5555555555556
49,TRUE,0.00109635146341291,41.1111111111111
49,TRUE,0.00110139060692621,41.6666666666667
49,TRUE,0.0011072661434696,42.2222222222222
49,TRUE,0.00111399687287293,42.7777777777778
49,TRUE,0.00112160014009145,43.3333333333333
49,TRUE,0.00113009143478705,43.8888888888889
49,TRUE,0.00113948400483098,44.4444444444444
49,TRUE,0.00114978848867591,45
49,TRUE,0.00116101257130076,45.5555555555556
49,TRUE,0.00117316066806213,46.1111111111111
49,TRUE,0.00118623364025349,46.6666666666667
49,TRUE,0.00120022854538688,47.2222222222222
49,TRUE,0.00121513842397277,47.7777777777778
49,TRUE,0.00123095212245258,48.3333333333333
49,TRUE,0.0012476541480336,48.8888888888889
49,TRUE,0.00126522454362843,49.4444444444444
49,TRUE,0.00128363875614262,50
49,TRUE,0.00130286744145827,50.5555555555556
49,TRUE,0.00132287608981734,51.1111111111111
49,TRUE,0.00134362423719582,51.6666666666667
49,TRUE,0.00136506379680499,52.2222222222222
49,TRUE,0.00138713559684525,52.7777777777778
49,TRUE,0.00140976235498761,53.3333333333333
49,TRUE,0.00143283470833787,53.8888888888889
49,TRUE,0.00145618392410677,54.4444444444444
49,TRUE,0.00147952944852693,55
49,TRUE,0.00150237970995885,55.5555555555556
49,TRUE,0.00152384759039774,56.1111111111111
49,TRUE,0.00154231082363944,56.6666666666667
49,TRUE,0.0015547837982321,57.2222222222222
49,TRUE,0.00155576070589523,57.7777777777778
49,TRUE,0.00153533265125398,58.3333333333333
49,TRUE,0.00147734393903542,58.8888888888889
49,TRUE,0.00136095090831668,59.4444444444444
49,TRUE,0.00117058396785674,60
50,TRUE,0.00421122482845128,5
50,TRUE,0.00290089711859354,5.55555555555556
50,TRUE,0.00310948820862784,6.11111111111111
50,TRUE,0.0031090847273957,6.66666666666667
50,TRUE,0.00312050337518958,7.22222222222222
50,TRUE,0.00313670550326481,7.77777777777778
50,TRUE,0.00315449176810583,8.33333333333333
50,TRUE,0.00317458797241127,8.88888888888889
50,TRUE,0.00319694799285781,9.44444444444444
50,TRUE,0.00322156094729257,10
50,TRUE,0.00324841301881443,10.5555555555556
50,TRUE,0.00327747335187409,11.1111111111111
50,TRUE,0.00330869467877618,11.6666666666667
50,TRUE,0.00334201046703988,12.2222222222222
50,TRUE,0.00337733208326842,12.7777777777778
50,TRUE,0.00341454589398453,13.3333333333333
50,TRUE,0.00345351038017689,13.8888888888889
50,TRUE,0.00349405343555636,14.4444444444444
50,TRUE,0.00353597003148437,15
50,TRUE,0.00357902045313562,15.5555555555556
50,TRUE,0.00362292932356593,16.1111111111111
50,TRUE,0.00366738563274758,16.6666666666667
50,TRUE,0.00371204397539366,17.2222222222222
50,TRUE,0.00375652717291042,17.7777777777778
50,TRUE,0.00380043041047825,18.3333333333333
50,TRUE,0.00384332696058032,18.8888888888889
50,TRUE,0.0038847754910442,19.4444444444444
50,TRUE,0.00392432887189094,20
50,TRUE,0.00396154430525277,20.5555555555556
50,TRUE,0.00399599451157299,21.1111111111111
50,TRUE,0.00402727961915825,21.6666666666667
50,TRUE,0.00405503932909678,22.2222222222222
50,TRUE,0.00407896486955526,22.7777777777778
50,TRUE,0.0040988102177839,23.3333333333333
50,TRUE,0.00411440205888186,23.8888888888889
50,TRUE,0.00412564797001314,24.4444444444444
50,TRUE,0.00413254236796383,25
50,TRUE,0.00413516983533271,25.5555555555556
50,TRUE,0.00413370554289354,26.1111111111111
50,TRUE,0.0041284126075962,26.6666666666667
50,TRUE,0.00411963636064465,27.2222222222222
50,TRUE,0.00410779564045306,27.7777777777778
50,TRUE,0.00409337136291551,28.3333333333333
50,TRUE,0.00407689274832873,28.8888888888889
50,TRUE,0.00405892169316625,29.4444444444444
50,TRUE,0.00404003585960044,30
50,TRUE,0.00402081111169531,30.5555555555556
50,TRUE,0.00400180395191499,31.1111111111111
50,TRUE,0.00398353460437527,31.6666666666667
50,TRUE,0.00396647135344034,32.2222222222222
50,TRUE,0.00395101668094906,32.7777777777778
50,TRUE,0.00393749565715065,33.3333333333333
50,TRUE,0.0039261469350377,33.8888888888889
50,TRUE,0.0039171165815435,34.4444444444444
50,TRUE,0.00391045485857706,35
50,TRUE,0.00390611594842639,35.5555555555556
50,TRUE,0.00390396050738194,36.1111111111111
50,TRUE,0.00390376083331403,36.6666666666667
50,TRUE,0.0039052083510571,37.2222222222222
50,TRUE,0.00390792305624748,37.7777777777778
50,TRUE,0.00391146451491848,38.3333333333333
50,TRUE,0.00391534399267502,38.8888888888889
50,TRUE,0.0039190372825995,39.4444444444444
50,TRUE,0.00392199781326018,40
50,TRUE,0.00392366964472644,40.5555555555556
50,TRUE,0.00392349999833125,41.1111111111111
50,TRUE,0.00392095101182226,41.6666666666667
50,TRUE,0.00391551046223895,42.2222222222222
50,TRUE,0.00390670125119069,42.7777777777778
50,TRUE,0.00389408949826876,43.3333333333333
50,TRUE,0.00387729113549373,43.8888888888889
50,TRUE,0.00385597693670426,44.4444444444444
50,TRUE,0.00382987594870704,45
50,TRUE,0.00379877731421498,45.5555555555556
50,TRUE,0.00376253048876822,46.1111111111111
50,TRUE,0.00372104385385522,46.6666666666667
50,TRUE,0.00367428171542801,47.2222222222222
50,TRUE,0.00362225965021965,47.7777777777778
50,TRUE,0.00356503812122186,48.3333333333333
50,TRUE,0.00350271422814464,48.8888888888889
50,TRUE,0.00343541138884881,49.4444444444444
50,TRUE,0.00336326666440948,50
50,TRUE,0.00328641534528626,50.5555555555556
50,TRUE,0.00320497231187799,51.1111111111111
50,TRUE,0.00311900957389687,51.6666666666667
50,TRUE,0.00302852928584402,52.2222222222222
50,TRUE,0.00293343143934597,52.7777777777778
50,TRUE,0.00283347535906073,53.3333333333333
50,TRUE,0.00272823408745395,53.8888888888889
50,TRUE,0.00261704073509046,54.4444444444444
50,TRUE,0.00249892595560644,55
50,TRUE,0.00237254627838571,55.5555555555556
50,TRUE,0.00223610429473484,56.1111111111111
50,TRUE,0.00208725808744758,56.6666666666667
50,TRUE,0.0019229939004219,57.2222222222222
50,TRUE,0.00173943459328127,57.7777777777778
50,TRUE,0.00153186161900843,58.3333333333333
50,TRUE,0.00129618637307066,58.8888888888889
50,TRUE,0.00103369701167148,59.4444444444444
50,TRUE,0.000758064203308437,60
51,TRUE,8.00468892447226e-20,5
51,TRUE,3.01046168608896e-19,5.55555555555556
51,TRUE,9.07220234025895e-19,6.11111111111111
51,TRUE,2.41812620855719e-18,6.66666666666667
51,TRUE,5.965897972233e-18,7.22222222222222
51,TRUE,1.39206187058529e-17,7.77777777777778
51,TRUE,3.10969802955403e-17,8.33333333333333
51,TRUE,6.7020278202993e-17,8.88888888888889
51,TRUE,1.40091553891104e-16,9.44444444444444
51,TRUE,2.85096533922521e-16,10
51,TRUE,5.6649922776135e-16,10.5555555555556
51,TRUE,1.1015802648415e-15,11.1111111111111
51,TRUE,2.10007248095087e-15,11.6666666666667
51,TRUE,3.93103923928802e-15,12.2222222222222
51,TRUE,7.23411709168128e-15,12.7777777777778
51,TRUE,1.31020503606288e-14,13.3333333333333
51,TRUE,2.33763406356388e-14,13.8888888888889
51,TRUE,4.11201919903604e-14,14.4444444444444
51,TRUE,7.13661060401005e-14,15
51,TRUE,1.22284153145098e-13,15.5555555555556
51,TRUE,2.06987584096901e-13,16.1111111111111
51,TRUE,3.46293879843134e-13,16.6666666666667
51,TRUE,5.72903485197153e-13,17.2222222222222
51,TRUE,9.37661249342531e-13,17.7777777777778
51,TRUE,1.5188480089577e-12,18.3333333333333
51,TRUE,2.43583922131981e-12,18.8888888888889
51,TRUE,3.8689994758457e-12,19.4444444444444
51,TRUE,6.08840123454416e-12,20
51,TRUE,9.4949202040074e-12,20.5555555555556
51,TRUE,1.46785392409467e-11,21.1111111111111
51,TRUE,2.250037488498e-11,21.6666666666667
51,TRUE,3.42071314409021e-11,22.2222222222222
51,TRUE,5.15895139009745e-11,22.7777777777778
51,TRUE,7.71997427179974e-11,23.3333333333333
51,TRUE,1.14647884620043e-10,23.8888888888889
51,TRUE,1.69002443203958e-10,24.4444444444444
51,TRUE,2.47327763892522e-10,25
51,TRUE,3.59399544461198e-10,25.5555555555556
51,TRUE,5.18650366016333e-10,26.1111111111111
51,TRUE,7.43409940614662e-10,26.6666666666667
51,TRUE,1.05851997964971e-09,27.2222222222222
51,TRUE,1.49742147430118e-09,27.7777777777778
51,TRUE,2.10483296271154e-09,28.3333333333333
51,TRUE,2.94016219531475e-09,28.8888888888889
51,TRUE,4.08182056806392e-09,29.4444444444444
51,TRUE,5.63263971788868e-09,30
51,TRUE,7.72662254740637e-09,30.5555555555556
51,TRUE,1.05372962419625e-08,31.1111111111111
51,TRUE,1.42879718830382e-08,31.6666666666667
51,TRUE,1.92642530667945e-08,32.2222222222222
51,TRUE,2.5829173172263e-08,32.7777777777778
51,TRUE,3.44413758596845e-08,33.3333333333333
51,TRUE,4.56767838460301e-08,33.8888888888889
51,TRUE,6.02542243612247e-08,34.4444444444444
51,TRUE,7.90654928040324e-08,35
51,TRUE,1.03210335366874e-07,35.5555555555556
51,TRUE,1.34036812684599e-07,36.1111111111111
51,TRUE,1.73187465351013e-07,36.6666666666667
51,TRUE,2.22651633544112e-07,37.2222222222222
51,TRUE,2.84824181851066e-07,37.7777777777778
51,TRUE,3.62570741406821e-07,38.3333333333333
51,TRUE,4.59299399421167e-07,38.8888888888889
51,TRUE,5.79038536086129e-07,39.4444444444444
51,TRUE,7.26520226241566e-07,40
51,TRUE,9.07268284316115e-07,40.5555555555556
51,TRUE,1.12768963331942e-06,41.1111111111111
51,TRUE,1.3951672208276e-06,41.6666666666667
51,TRUE,1.71815218755647e-06,42.2222222222222
51,TRUE,2.10625242002439e-06,42.7777777777778
51,TRUE,2.57031399334966e-06,43.3333333333333
51,TRUE,3.12249134185682e-06,43.8888888888889
51,TRUE,3.77630129588643e-06,44.4444444444444
51,TRUE,4.54665540910171e-06,45
51,TRUE,5.44986429240159e-06,45.5555555555556
51,TRUE,6.50360699428462e-06,46.1111111111111
51,TRUE,7.72685785507219e-06,46.6666666666667
51,TRUE,9.13976275222155e-06,47.2222222222222
51,TRUE,1.07634562914105e-05,47.7777777777778
51,TRUE,1.26198113352976e-05,48.3333333333333
51,TRUE,1.47311123559505e-05,48.8888888888889
51,TRUE,1.71196445040825e-05,49.4444444444444
51,TRUE,1.98071910480252e-05,50
51,TRUE,2.28144329318192e-05,50.5555555555556
51,TRUE,2.61602454707395e-05,51.1111111111111
51,TRUE,2.98608881166889e-05,51.6666666666667
51,TRUE,3.39290824073894e-05,52.2222222222222
51,TRUE,3.83729673503395e-05,52.7777777777778
51,TRUE,4.31949029765256e-05,53.3333333333333
51,TRUE,4.83900446616366e-05,53.8888888888889
51,TRUE,5.39444960781794e-05,54.4444444444444
51,TRUE,5.98325887776343e-05,55
51,TRUE,6.60122704047613e-05,55.5555555555556
51,TRUE,7.24163852393045e-05,56.1111111111111
51,TRUE,7.89350668019445e-05,56.6666666666667
51,TRUE,8.53787153358754e-05,57.2222222222222
51,TRUE,9.13993258619317e-05,57.7777777777778
51,TRUE,9.63368732848929e-05,58.3333333333333
51,TRUE,9.89969069655212e-05,58.8888888888889
51,TRUE,9.75509226721444e-05,59.4444444444444
51,TRUE,9.00170308967176e-05,60
52,FALSE,2.29795083929436e-18,5
52,FALSE,8.8309874444461e-18,5.55555555555556
52,FALSE,2.73949373490238e-17,6.11111111111111
52,FALSE,7.56334287105088e-17,6.66666666666667
52,FALSE,1.94270578354032e-16,7.22222222222222
52,FALSE,4.73976587277612e-16,7.77777777777778
52,FALSE,1.1111464815875e-15,8.33333333333333
52,FALSE,2.52093490490605e-15,8.88888888888889
52,FALSE,5.56171386019109e-15,9.44444444444444
52,FALSE,1.19724635050635e-14,10
52,FALSE,2.52099380756151e-14,10.5555555555556
52,FALSE,5.2023766456374e-14,11.1111111111111
52,FALSE,1.05371498648686e-13,11.6666666666667
52,FALSE,2.09728204372285e-13,12.2222222222222
52,FALSE,4.10609131635719e-13,12.7777777777778
52,FALSE,7.91392816343675e-13,13.3333333333333
52,FALSE,1.50260657816667e-12,13.8888888888889
52,FALSE,2.81217508153504e-12,14.4444444444444
52,FALSE,5.19042231774266e-12,15
52,FALSE,9.45186770129308e-12,15.5555555555556
52,FALSE,1.69885249124867e-11,16.1111111111111
52,FALSE,3.01485595899053e-11,16.6666666666667
52,FALSE,5.28426492529711e-11,17.2222222222222
52,FALSE,9.15021016138966e-11,17.7777777777778
52,FALSE,1.56572889649709e-10,18.3333333333333
52,FALSE,2.64814957204094e-10,18.8888888888889
52,FALSE,4.42794922570391e-10,19.4444444444444
52,FALSE,7.32123103634414e-10,20
52,FALSE,1.19720506314731e-09,20.5555555555556
52,FALSE,1.93656794528565e-09,21.1111111111111
52,FALSE,3.09919847802202e-09,21.6666666666667
52,FALSE,4.90780894583774e-09,22.2222222222222
52,FALSE,7.69154518899251e-09,22.7777777777778
52,FALSE,1.19313794825471e-08,23.3333333333333
52,FALSE,1.83222983017895e-08,23.8888888888889
52,FALSE,2.7857399070282e-08,24.4444444444444
52,FALSE,4.19401369379673e-08,25
52,FALSE,6.25321813779094e-08,25.5555555555556
52,FALSE,9.23456004010625e-08,26.1111111111111
52,FALSE,1.35089309394697e-07,26.6666666666667
52,FALSE,1.95780795195345e-07,27.2222222222222
52,FALSE,2.81134916966542e-07,27.7777777777778
52,FALSE,4.00041927356656e-07,28.3333333333333
52,FALSE,5.64146558544943e-07,28.8888888888889
52,FALSE,7.88538868989693e-07,29.4444444444444
52,FALSE,1.09256533349548e-06,30
52,FALSE,1.50076517825675e-06,30.5555555555556
52,FALSE,2.04393204194346e-06,31.1111111111111
52,FALSE,2.76029456668703e-06,31.6666666666667
52,FALSE,3.69680145180982e-06,32.2222222222222
52,FALSE,4.91048690528652e-06,32.7777777777778
52,FALSE,6.46988149569617e-06,33.3333333333333
52,FALSE,8.45642147431234e-06,33.8888888888889
52,FALSE,1.09657971845016e-05,34.4444444444444
52,FALSE,1.41091688292742e-05,35
52,FALSE,1.80141663803879e-05,35.5555555555556
52,FALSE,2.28255806333794e-05,36.1111111111111
52,FALSE,2.87056452450797e-05,36.6666666666667
52,FALSE,3.58338059346548e-05,37.2222222222222
52,FALSE,4.44058737224529e-05,37.7777777777778
52,FALSE,5.4632464828097e-05,38.3333333333333
52,FALSE,6.67366411595934e-05,38.8888888888889
52,FALSE,8.09506824552145e-05,39.4444444444444
52,FALSE,9.75119440502051e-05,40
52,FALSE,0.000116657782571407,40.5555555555556
52,FALSE,0.000138619564933249,41.1111111111111
52,FALSE,0.000163615812837269,41.6666666666667
52,FALSE,0.000191844574330173,42.2222222222222
52,FALSE,0.000223475154431748,42.7777777777778
52,FALSE,0.000258639376877995,43.3333333333333
52,FALSE,0.000297422587095189,43.8888888888889
52,FALSE,0.00033985464115591,44.4444444444444
52,FALSE,0.000385901155341089,45
52,FALSE,0.000435455314908185,45.5555555555556
52,FALSE,0.000488330557816931,46.1111111111111
52,FALSE,0.000544254458736868,46.6666666666667
52,FALSE,0.000602864139984734,47.2222222222222
52,FALSE,0.000663703528365461,47.7777777777778
52,FALSE,0.000726222759136722,48.3333333333333
52,FALSE,0.000789779998693151,48.8888888888889
52,FALSE,0.0008536459130193,49.4444444444444
52,FALSE,0.000917010944343993,50
52,FALSE,0.000978995465233083,50.5555555555556
52,FALSE,0.00103866274370929,51.1111111111111
52,FALSE,0.0010950344524419,51.6666666666667
52,FALSE,0.00114710815339014,52.2222222222222
52,FALSE,0.00119387572807063,52.7777777777778
52,FALSE,0.00123434100838384,53.3333333333333
52,FALSE,0.00126753374007992,53.8888888888889
52,FALSE,0.00129251522923626,54.4444444444444
52,FALSE,0.00130836818491379,55
52,FALSE,0.00131415882361634,55.5555555555556
52,FALSE,0.00130885234353324,56.1111111111111
52,FALSE,0.00129115004496431,56.6666666666667
52,FALSE,0.00125918711730738,57.2222222222222
52,FALSE,0.00120998882160457,57.7777777777778
52,FALSE,0.00113868613698808,58.3333333333333
52,FALSE,0.00103819396831375,58.8888888888889
52,FALSE,0.000901409341677778,59.4444444444444
52,FALSE,0.000727822516905195,60
53,FALSE,6.26199181502797e-06,5
53,FALSE,1.20339507696027e-05,5.55555555555556
53,FALSE,1.87355428081189e-05,6.11111111111111
53,FALSE,2.61166193245002e-05,6.66666666666667
53,FALSE,3.41115362333142e-05,7.22222222222222
53,FALSE,4.2647534756997e-05,7.77777777777778
53,FALSE,5.16522673411435e-05,8.33333333333333
53,FALSE,6.10566712327045e-05,8.88888888888889
53,FALSE,7.07953576190696e-05,9.44444444444444
53,FALSE,8.080716400878e-05,10
53,FALSE,9.10354735258121e-05,10.5555555555556
53,FALSE,0.000101428367183573,11.1111111111111
53,FALSE,0.000111938646461495,11.6666666666667
53,FALSE,0.000122523754602137,12.2222222222222
53,FALSE,0.000133145621791361,12.7777777777778
53,FALSE,0.000143770455226618,13.3333333333333
53,FALSE,0.000154368491421912,13.8888888888889
53,FALSE,0.000164913724865855,14.4444444444444
53,FALSE,0.000175383624327958,15
53,FALSE,0.000185758845683688,15.5555555555556
53,FALSE,0.000196022948072516,16.1111111111111
53,FALSE,0.000206162118481607,16.6666666666667
53,FALSE,0.00021616490842504,17.2222222222222
53,FALSE,0.000226021985228048,17.7777777777778
53,FALSE,0.000235725899492752,18.3333333333333
53,FALSE,0.000245270869583238,18.8888888888889
53,FALSE,0.000254652583393547,19.4444444444444
53,FALSE,0.000263868017225161,20
53,FALSE,0.000272915271276961,20.5555555555556
53,FALSE,0.000281793421019607,21.1111111111111
53,FALSE,0.000290502383569878,21.6666666666667
53,FALSE,0.000299042798083515,22.2222222222222
53,FALSE,0.000307415919134583,22.7777777777778
53,FALSE,0.000315623522034697,23.3333333333333
53,FALSE,0.000323667819057726,23.8888888888889
53,FALSE,0.000331551385567634,24.4444444444444
53,FALSE,0.000339277095093061,25
53,FALSE,0.000346848062447518,25.5555555555556
53,FALSE,0.000354267594054911,26.1111111111111
53,FALSE,0.000361539144703772,26.6666666666667
53,FALSE,0.000368666280017792,27.2222222222222
53,FALSE,0.000375652643993549,27.7777777777778
53,FALSE,0.000382501931017385,28.3333333333333
53,FALSE,0.000389217861831518,28.8888888888889
53,FALSE,0.000395804162974101,29.4444444444444
53,FALSE,0.000402264549268737,30
53,FALSE,0.000408602708985844,30.5555555555556
53,FALSE,0.000414822291341175,31.1111111111111
53,FALSE,0.000420926896035855,31.6666666666667
53,FALSE,0.000426920064577618,32.2222222222222
53,FALSE,0.000432805273154754,32.7777777777778
53,FALSE,0.000438585926862767,33.3333333333333
53,FALSE,0.000444265355109257,33.8888888888889
53,FALSE,0.000449846808045141,34.4444444444444
53,FALSE,0.000455333453890515,35
53,FALSE,0.000460728377041194,35.5555555555556
53,FALSE,0.000466034576857728,36.1111111111111
53,FALSE,0.000471254967052547,36.6666666666667
53,FALSE,0.000476392375603104,37.2222222222222
53,FALSE,0.000481449545129653,37.7777777777778
53,FALSE,0.000486429133685763,38.3333333333333
53,FALSE,0.000491333715918056,38.8888888888889
53,FALSE,0.000496165784559059,39.4444444444444
53,FALSE,0.000500927752223651,40
53,FALSE,0.000505621953485474,40.5555555555556
53,FALSE,0.00051025064721503,41.1111111111111
53,FALSE,0.00051481601916601,41.6666666666667
53,FALSE,0.000519320184800952,42.2222222222222
53,FALSE,0.000523765192351551,42.7777777777778
53,FALSE,0.000528153026113051,43.3333333333333
53,FALSE,0.000532485609976156,43.8888888888889
53,FALSE,0.000536764811203999,44.4444444444444
53,FALSE,0.00054099244446582,45
53,FALSE,0.0005451702761435,45.5555555555556
53,FALSE,0.000549300028931768,46.1111111111111
53,FALSE,0.000553383386758166,46.6666666666667
53,FALSE,0.0005574220000545,47.2222222222222
53,FALSE,0.000561417491417761,47.7777777777778
53,FALSE,0.000565371461704783,48.3333333333333
53,FALSE,0.000569285496609735,48.8888888888889
53,FALSE,0.000573161173771772,49.4444444444444
53,FALSE,0.000577000070435929,50
53,FALSE,0.000580803771596116,50.5555555555556
53,FALSE,0.000584573878244719,51.1111111111111
53,FALSE,0.000588312014431157,51.6666666666667
53,FALSE,0.000592019829119815,52.2222222222222
53,FALSE,0.00059569898100832,52.7777777777778
53,FALSE,0.000599351072185843,53.3333333333333
53,FALSE,0.000602977433910664,53.8888888888889
53,FALSE,0.00060657849410664,54.4444444444444
53,FALSE,0.000610151981475248,55
53,FALSE,0.000613687948644925,55.5555555555556
53,FALSE,0.000617155235505712,56.1111111111111
53,FALSE,0.000620464985062042,56.6666666666667
53,FALSE,0.000623371962791971,57.2222222222222
53,FALSE,0.000625211084625896,57.7777777777778
53,FALSE,0.000624258152844678,58.3333333333333
53,FALSE,0.000616520029922286,58.8888888888889
53,FALSE,0.000594442612901754,59.4444444444444
53,FALSE,0.000547647302621895,60
54,FALSE,2.26612256810681e-05,5
54,FALSE,4.27145182209744e-05,5.55555555555556
54,FALSE,6.53340381183059e-05,6.11111111111111
54,FALSE,8.95832826003936e-05,6.66666666666667
54,FALSE,0.00011521008247777,7.22222222222222
54,FALSE,0.000141958307912166,7.77777777777778
54,FALSE,0.000169590195019833,8.33333333333333
54,FALSE,0.000197893028639806,8.88888888888889
54,FALSE,0.000226677498157707,9.44444444444444
54,FALSE,0.000255776756014146,10
54,FALSE,0.000285044995031384,10.5555555555556
54,FALSE,0.000314355794250704,11.1111111111111
54,FALSE,0.000343600368779238,11.6666666666667
54,FALSE,0.000372685810681615,12.2222222222222
54,FALSE,0.000401533383002176,12.7777777777778
54,FALSE,0.000430076907024141,13.3333333333333
54,FALSE,0.000458261266493175,13.8888888888889
54,FALSE,0.000486041040514876,14.4444444444444
54,FALSE,0.000513379268265371,15
54,FALSE,0.000540246342778019,15.5555555555556
54,FALSE,0.000566619027249531,16.1111111111111
54,FALSE,0.000592479585025406,16.6666666666667
54,FALSE,0.00061781501326143,17.2222222222222
54,FALSE,0.00064261636988847,17.7777777777778
54,FALSE,0.000666878183679899,18.3333333333333
54,FALSE,0.000690597937744432,18.8888888888889
54,FALSE,0.000713775617500528,19.4444444444444
54,FALSE,0.000736413315029481,20
54,FALSE,0.000758514882580713,20.5555555555556
54,FALSE,0.000780085628865392,21.1111111111111
54,FALSE,0.00080113205259156,21.6666666666667
54,FALSE,0.000821661608446442,22.2222222222222
54,FALSE,0.000841682501409632,22.7777777777778
54,FALSE,0.000861203505881187,23.3333333333333
54,FALSE,0.000880233806632252,23.8888888888889
54,FALSE,0.000898782859036828,24.4444444444444
54,FALSE,0.00091686026642723,25
54,FALSE,0.000934475672739301,25.5555555555556
54,FALSE,0.000951638668883598,26.1111111111111
54,FALSE,0.000968358711502266,26.6666666666667
54,FALSE,0.00098464505295483,27.2222222222222
54,FALSE,0.00100050668152579,27.7777777777778
54,FALSE,0.00101595227096814,28.3333333333333
54,FALSE,0.00103099013859468,28.8888888888889
54,FALSE,0.00104562821120773,29.4444444444444
54,FALSE,0.00105987399822106,30
54,FALSE,0.00107373457137903,30.5555555555556
54,FALSE,0.00108721655051958,31.1111111111111
54,FALSE,0.00110032609486203,31.6666666666667
54,FALSE,0.00111306889932992,32.2222222222222
54,FALSE,0.00112545019544426,32.7777777777778
54,FALSE,0.00113747475634496,33.3333333333333
54,FALSE,0.00114914690551931,33.8888888888889
54,FALSE,0.00116047052883616,34.4444444444444
54,FALSE,0.00117144908950344,35
54,FALSE,0.0011820856455864,35.5555555555556
54,FALSE,0.00119238286974292,36.1111111111111
54,FALSE,0.00120234307085191,36.6666666666667
54,FALSE,0.00121196821723076,37.2222222222222
54,FALSE,0.0012212599611583,37.7777777777778
54,FALSE,0.00123021966443972,38.3333333333333
54,FALSE,0.00123884842477143,38.8888888888889
54,FALSE,0.00124714710268404,39.4444444444444
54,FALSE,0.00125511634886327,40
54,FALSE,0.00126275663166898,40.5555555555556
54,FALSE,0.00127006826469356,41.1111111111111
54,FALSE,0.00127705143422137,41.6666666666667
54,FALSE,0.00128370622647082,42.2222222222222
54,FALSE,0.00129003265452038,42.7777777777778
54,FALSE,0.00129603068483791,43.3333333333333
54,FALSE,0.00130170026334963,43.8888888888889
54,FALSE,0.00130704134099758,44.4444444444444
54,FALSE,0.00131205389874071,45
54,FALSE,0.00131673797194497,45.5555555555556
54,FALSE,0.00132109367406784,46.1111111111111
54,FALSE,0.00132512121943635,46.6666666666667
54,FALSE,0.00132882094467652,47.2222222222222
54,FALSE,0.00133219332782881,47.7777777777778
54,FALSE,0.00133523900308311,48.3333333333333
54,FALSE,0.00133795876678218,48.8888888888889
54,FALSE,0.00134035356565669,49.4444444444444
54,FALSE,0.00134242444872641,50
54,FALSE,0.00134417244508539,50.5555555555556
54,FALSE,0.00134559829133845,51.1111111111111
54,FALSE,0.0013467018561466,51.6666666666667
54,FALSE,0.00134748095916753,52.2222222222222
54,FALSE,0.0013479289887707,52.7777777777778
54,FALSE,0.00134803015692588,53.3333333333333
54,FALSE,0.00134775014636281,53.8888888888889
54,FALSE,0.00134701785134157,54.4444444444444
54,FALSE,0.0013456900680352,55
54,FALSE,0.001343483939688,55.5555555555556
54,FALSE,0.0013398492366461,56.1111111111111
54,FALSE,0.00133372833521118,56.6666666666667
54,FALSE,0.00132310049907836,57.2222222222222
54,FALSE,0.00130411764107973,57.7777777777778
54,FALSE,0.00126965366313402,58.3333333333333
54,FALSE,0.00120780759034125,58.8888888888889
54,FALSE,0.00110292103003734,59.4444444444444
54,FALSE,0.000943060815484078,60
55,FALSE,4.46573032002163e-08,5
55,FALSE,1.00786608342059e-07,5.55555555555556
55,FALSE,1.8279876556134e-07,6.11111111111111
55,FALSE,2.9461104434839e-07,6.66666666666667
55,FALSE,4.41895649160528e-07,7.22222222222222
55,FALSE,6.30568724285696e-07,7.77777777777778
55,FALSE,8.66770347584275e-07,8.33333333333333
55,FALSE,1.15682371470866e-06,8.88888888888889
55,FALSE,1.50716582782659e-06,9.44444444444444
55,FALSE,1.92428400592473e-06,10
55,FALSE,2.41465349063524e-06,10.5555555555556
55,FALSE,2.98467755054272e-06,11.1111111111111
55,FALSE,3.64063104034445e-06,11.6666666666667
55,FALSE,4.3886080921432e-06,12.2222222222222
55,FALSE,5.23447447314574e-06,12.7777777777778
55,FALSE,6.18382498067166e-06,13.3333333333333
55,FALSE,7.24194609726269e-06,13.8888888888889
55,FALSE,8.41378399625205e-06,14.4444444444444
55,FALSE,9.70391787233365e-06,15
55,FALSE,1.11165384732415e-05,15.5555555555556
55,FALSE,1.26554316275385e-05,16.1111111111111
55,FALSE,1.43239664991193e-05,16.6666666666667
55,FALSE,1.6125088250339e-05,17.2222222222222
55,FALSE,1.80613147613691e-05,17.7777777777778
55,FALSE,2.01347370319419e-05,18.3333333333333
55,FALSE,2.23470228814544e-05,18.8888888888889
55,FALSE,2.46994235628109e-05,19.4444444444444
55,FALSE,2.71927829127623e-05,20
55,FALSE,2.98275486753009e-05,20.5555555555556
55,FALSE,3.26037856534452e-05,21.1111111111111
55,FALSE,3.55211903671937e-05,21.6666666666667
55,FALSE,3.85791069203644e-05,22.2222222222222
55,FALSE,4.177654380546e-05,22.7777777777778
55,FALSE,4.51121914027343e-05,23.3333333333333
55,FALSE,4.85844399565759e-05,23.8888888888889
55,FALSE,5.21913978385747e-05,24.4444444444444
55,FALSE,5.59309099317604e-05,25
55,FALSE,5.98005759941414e-05,25.5555555555556
55,FALSE,6.37977688816035e-05,26.1111111111111
55,FALSE,6.7919652530295e-05,26.6666666666667
55,FALSE,7.21631996167444e-05,27.2222222222222
55,FALSE,7.6525208830125e-05,27.7777777777778
55,FALSE,8.10023217053216e-05,28.3333333333333
55,FALSE,8.55910389778521e-05,28.8888888888889
55,FALSE,9.02877364323327e-05,29.4444444444444
55,FALSE,9.50886802252081e-05,30
55,FALSE,9.9990041669991e-05,30.5555555555556
55,FALSE,0.000104987911479458,31.1111111111111
55,FALSE,0.000110078313464243,31.6666666666667
55,FALSE,0.000115257217691233,32.2222222222222
55,FALSE,0.000120520553108216,32.7777777777778
55,FALSE,0.000125864219643512,33.3333333333333
55,FALSE,0.000131284099790988,33.8888888888889
55,FALSE,0.000136776069691948,34.4444444444444
55,FALSE,0.000142336009726136,35
55,FALSE,0.00014795981462446,35.5555555555556
55,FALSE,0.000153643403116223,36.1111111111111
55,FALSE,0.000159382727123664,36.6666666666667
55,FALSE,0.000165173780516519,37.2222222222222
55,FALSE,0.000171012607439248,37.7777777777778
55,FALSE,0.000176895310223451,38.3333333333333
55,FALSE,0.000182818056898017,38.8888888888889
55,FALSE,0.000188777088309616,39.4444444444444
55,FALSE,0.000194768724866374,40
55,FALSE,0.00020078937291794,40.5555555555556
55,FALSE,0.000206835530785714,41.1111111111111
55,FALSE,0.000212903794457766,41.6666666666667
55,FALSE,0.000218990862963966,42.2222222222222
55,FALSE,0.000225093543448064,42.7777777777778
55,FALSE,0.000231208755954952,43.3333333333333
55,FALSE,0.000237333537953129,43.8888888888889
55,FALSE,0.00024346504861448,44.4444444444444
55,FALSE,0.000249600572875918,45
55,FALSE,0.000255737525310304,45.5555555555556
55,FALSE,0.000261873453837293,46.1111111111111
55,FALSE,0.000268006043308593,46.6666666666667
55,FALSE,0.000274133119006413,47.2222222222222
55,FALSE,0.000280252650098952,47.7777777777778
55,FALSE,0.000286362753102493,48.3333333333333
55,FALSE,0.00029246169540615,48.8888888888889
55,FALSE,0.000298547898922109,49.4444444444444
55,FALSE,0.000304619943929613,50
55,FALSE,0.000310676573178537,50.5555555555556
55,FALSE,0.00031671669628609,51.1111111111111
55,FALSE,0.00032273939432366,51.6666666666667
55,FALSE,0.000328743924006096,52.2222222222222
55,FALSE,0.000334729719273165,52.7777777777778
55,FALSE,0.000340696382778364,53.3333333333333
55,FALSE,0.000346643642984275,53.8888888888889
55,FALSE,0.000352571199838618,54.4444444444444
55,FALSE,0.000358478219691489,55
55,FALSE,0.000364361751321774,55.5555555555556
55,FALSE,0.000370211886932032,56.1111111111111
55,FALSE,0.000375997159751754,56.6666666666667
55,FALSE,0.000381620454529409,57.2222222222222
55,FALSE,0.000386788317434288,57.7777777777778
55,FALSE,0.000390659641717225,58.3333333333333
55,FALSE,0.000391095368109018,58.8888888888889
55,FALSE,0.000383646178268837,59.4444444444444
55,FALSE,0.00036144280817886,60
56,FALSE,2.15742963020893e-07,5
56,FALSE,4.85949340629523e-07,5.55555555555556
56,FALSE,8.8027613388814e-07,6.11111111111111
56,FALSE,1.41726672534792e-06,6.66666666666667
56,FALSE,2.12366381396381e-06,7.22222222222222
56,FALSE,3.02712222055566e-06,7.77777777777778
56,FALSE,4.15604984710144e-06,8.33333333333333
56,FALSE,5.53937580544921e-06,8.88888888888889
56,FALSE,7.20619267802127e-06,9.44444444444444
56,FALSE,9.18543510320237e-06,10
56,FALSE,1.15055727768326e-05,10.5555555555556
56,FALSE,1.4194323095371e-05,11.1111111111111
56,FALSE,1.72783864360896e-05,11.6666666666667
56,FALSE,2.07832056205714e-05,12.2222222222222
56,FALSE,2.47327504090353e-05,12.7777777777778
56,FALSE,2.91493272191684e-05,13.3333333333333
56,FALSE,3.40534137745174e-05,13.8888888888889
56,FALSE,3.94635180388783e-05,14.4444444444444
56,FALSE,4.5396060561132e-05,15
56,FALSE,5.18652792176265e-05,15.5555555555556
56,FALSE,5.88831552743799e-05,16.1111111111111
56,FALSE,6.6459359678696e-05,16.6666666666667
56,FALSE,7.4601218511329e-05,17.2222222222222
56,FALSE,8.33136965710633e-05,17.7777777777778
56,FALSE,9.25993981114522e-05,18.3333333333333
56,FALSE,0.00010245858379541,18.8888888888889
56,FALSE,0.000112889202970993,19.4444444444444
56,FALSE,0.000123886940397099,20
56,FALSE,0.000135445276559029,20.5555555555556
56,FALSE,0.000147555560710704,21.1111111111111
56,FALSE,0.000160207095763795,21.6666666666667
56,FALSE,0.000173387234116213,22.2222222222222
56,FALSE,0.000187081483475909,22.7777777777778
56,FALSE,0.000201273621693782,23.3333333333333
56,FALSE,0.000215945819574886,23.8888888888889
56,FALSE,0.000231078770593147,24.4444444444444
56,FALSE,0.000246651826394412,25
56,FALSE,0.000262643136938446,25.5555555555556
56,FALSE,0.000279029794104823,26.1111111111111
56,FALSE,0.000295787977572221,26.6666666666667
56,FALSE,0.000312893101776971,27.2222222222222
56,FALSE,0.000330319962765648,27.7777777777778
56,FALSE,0.000348042883778617,28.3333333333333
56,FALSE,0.000366035858436763,28.8888888888889
56,FALSE,0.000384272690451907,29.4444444444444
56,FALSE,0.000402727128841953,30
56,FALSE,0.000421372997703698,30.5555555555556
56,FALSE,0.00044018431967826,31.1111111111111
56,FALSE,0.000459135432334905,31.6666666666667
56,FALSE,0.00047820109679702,32.2222222222222
56,FALSE,0.000497356598037598,32.7777777777778
56,FALSE,0.000516577836379033,33.3333333333333
56,FALSE,0.000535841409841646,33.8888888888889
56,FALSE,0.00055512468709547,34.4444444444444
56,FALSE,0.000574405870878756,35
56,FALSE,0.000593664051852955,35.5555555555556
56,FALSE,0.000612879252966152,36.1111111111111
56,FALSE,0.000632032464493775,36.6666666666667
56,FALSE,0.000651105670015875,37.2222222222222
56,FALSE,0.000670081863673306,37.7777777777778
56,FALSE,0.000688945059120077,38.3333333333333
56,FALSE,0.000707680290655436,38.8888888888889
56,FALSE,0.000726273607076387,39.4444444444444
56,FALSE,0.000744712058839314,40
56,FALSE,0.00076298367915795,40.5555555555556
56,FALSE,0.000781077459694419,41.1111111111111
56,FALSE,0.000798983321520626,41.6666666666667
56,FALSE,0.00081669208203943,42.2222222222222
56,FALSE,0.000834195418559243,42.7777777777778
56,FALSE,0.000851485829212697,43.3333333333333
56,FALSE,0.000868556591900481,43.8888888888889
56,FALSE,0.000885401721926146,44.4444444444444
56,FALSE,0.000902015928967276,45
56,FALSE,0.000918394574003303,45.5555555555556
56,FALSE,0.000934533626789892,46.1111111111111
56,FALSE,0.00095042962443162,46.6666666666667
56,FALSE,0.000966079631550725,47.2222222222222
56,FALSE,0.000981481202459602,47.7777777777778
56,FALSE,0.000996632345567927,48.3333333333333
56,FALSE,0.00101153148987116,48.8888888888889
56,FALSE,0.00102617745249084,49.4444444444444
56,FALSE,0.0010405694042057,50
56,FALSE,0.00105470682520094,50.5555555555556
56,FALSE,0.00106858943239724,51.1111111111111
56,FALSE,0.0010822170348852,51.6666666666667
56,FALSE,0.00109558921778693,52.2222222222222
56,FALSE,0.00110870462906124,52.7777777777778
56,FALSE,0.00112155936537258,53.3333333333333
56,FALSE,0.00113414334423849,53.8888888888889
56,FALSE,0.0011464322336446,54.4444444444444
56,FALSE,0.00115836970637851,55
56,FALSE,0.00116982893139444,55.5555555555556
56,FALSE,0.0011805301856947,56.1111111111111
56,FALSE,0.00118986608433378,56.6666666666667
56,FALSE,0.00119652899786711,57.2222222222222
56,FALSE,0.001197722000051,57.7777777777778
56,FALSE,0.00118765160459844,58.3333333333333
56,FALSE,0.00115548207151064,58.8888888888889
56,FALSE,0.00108485115899214,59.4444444444444
56,FALSE,0.000959374420501308,60
57,TRUE,0.00526329871719415,5
57,TRUE,0.00347290646981801,5.55555555555556
57,TRUE,0.00350890681019291,6.11111111111111
57,TRUE,0.00332058245902054,6.66666666666667
57,TRUE,0.00315892494792666,7.22222222222222
57,TRUE,0.00301209079289665,7.77777777777778
57,TRUE,0.00287548394123268,8.33333333333333
57,TRUE,0.0027485002668362,8.88888888888889
57,TRUE,0.00262996880035083,9.44444444444444
57,TRUE,0.00251895788119539,10
57,TRUE,0.00241468852012877,10.5555555555556
57,TRUE,0.00231649757863928,11.1111111111111
57,TRUE,0.0022238195284542,11.6666666666667
57,TRUE,0.00213616897884846,12.2222222222222
57,TRUE,0.00205312683800364,12.7777777777778
57,TRUE,0.0019743291326329,13.3333333333333
57,TRUE,0.00189945789822371,13.8888888888889
57,TRUE,0.00182823373655668,14.4444444444444
57,TRUE,0.00176040970989174,15
57,TRUE,0.00169576631272257,15.5555555555556
57,TRUE,0.00163410731622895,16.1111111111111
57,TRUE,0.00157525632237409,16.6666666666667
57,TRUE,0.00151905389733725,17.2222222222222
57,TRUE,0.00146535517966932,17.7777777777778
57,TRUE,0.0014140278788274,18.3333333333333
57,TRUE,0.00136495059580898,18.8888888888889
57,TRUE,0.00131801141039194,19.4444444444444
57,TRUE,0.00127310668970723,20
57,TRUE,0.00123014008107279,20.5555555555556
57,TRUE,0.00118902165862547,21.1111111111111
57,TRUE,0.00114966719863202,21.6666666666667
57,TRUE,0.00111199756269835,22.2222222222222
57,TRUE,0.00107593817163088,22.7777777777778
57,TRUE,0.00104141855559414,23.3333333333333
57,TRUE,0.00100837196858076,23.8888888888889
57,TRUE,0.000976735057163274,24.4444444444444
57,TRUE,0.000946447575111826,25
57,TRUE,0.000917452136800655,25.5555555555556
57,TRUE,0.000889694003440269,26.1111111111111
57,TRUE,0.000863120897102334,26.6666666666667
57,TRUE,0.000837682838283052,27.2222222222222
57,TRUE,0.000813332003404942,27.7777777777778
57,TRUE,0.000790022599207905,28.3333333333333
57,TRUE,0.000767710751445633,28.8888888888889
57,TRUE,0.000746354405697223,29.4444444444444
57,TRUE,0.000725913238437795,30
57,TRUE,0.000706348576795693,30.5555555555556
57,TRUE,0.000687623325665324,31.1111111111111
57,TRUE,0.000669701901050414,31.6666666666667
57,TRUE,0.000652550168687853,32.2222222222222
57,TRUE,0.000636135387151966,32.7777777777778
57,TRUE,0.000620426154766702,33.3333333333333
57,TRUE,0.000605392359762123,33.8888888888889
57,TRUE,0.000591005133204459,34.4444444444444
57,TRUE,0.000577236804307967,35
57,TRUE,0.000564060857804161,35.5555555555556
57,TRUE,0.000551451893100945,36.1111111111111
57,TRUE,0.000539385585012587,36.6666666666667
57,TRUE,0.000527838645882222,37.2222222222222
57,TRUE,0.00051678878895296,37.7777777777778
57,TRUE,0.000506214692872472,38.3333333333333
57,TRUE,0.000496095967239959,38.8888888888889
57,TRUE,0.000486413119124412,39.4444444444444
57,TRUE,0.00047714752049952,40
57,TRUE,0.000468281376554162,40.5555555555556
57,TRUE,0.000459797694848399,41.1111111111111
57,TRUE,0.000451680255293786,41.6666666666667
57,TRUE,0.000443913580943936,42.2222222222222
57,TRUE,0.000436482909586903,42.7777777777778
57,TRUE,0.000429374166135345,43.3333333333333
57,TRUE,0.000422573935813873,43.8888888888889
57,TRUE,0.000416069438145577,44.4444444444444
57,TRUE,0.000409848501741768,45
57,TRUE,0.000403899539900499,45.5555555555556
57,TRUE,0.000398211527020694,46.1111111111111
57,TRUE,0.000392773975839737,46.6666666666667
57,TRUE,0.000387576915503385,47.2222222222222
57,TRUE,0.000382610870477867,47.7777777777778
57,TRUE,0.00037786684031524,48.3333333333333
57,TRUE,0.000373336280284494,48.8888888888889
57,TRUE,0.000369011082882685,49.4444444444444
57,TRUE,0.000364883560242618,50
57,TRUE,0.000360946427456046,50.5555555555556
57,TRUE,0.000357192786833192,51.1111111111111
57,TRUE,0.000353616113115994,51.6666666666667
57,TRUE,0.00035021023963515,52.2222222222222
57,TRUE,0.000346969345273972,52.7777777777778
57,TRUE,0.000343887941575449,53.3333333333333
57,TRUE,0.000340960857236648,53.8888888888889
57,TRUE,0.000338183209121063,54.4444444444444
57,TRUE,0.000335550318160247,55
57,TRUE,0.000333057414736382,55.5555555555556
57,TRUE,0.00033069856338804,56.1111111111111
57,TRUE,0.000328462706622189,56.6666666666667
57,TRUE,0.000326319024391233,57.2222222222222
57,TRUE,0.000324164230811483,57.7777777777778
57,TRUE,0.000321652871712019,58.3333333333333
57,TRUE,0.000317760510341923,58.8888888888889
57,TRUE,0.00031001229959019,59.4444444444444
57,TRUE,0.000293903470352554,60
58,TRUE,0.0101413454177195,5
58,TRUE,0.00686995282329031,5.55555555555556
58,TRUE,0.00687596972802239,6.11111111111111
58,TRUE,0.00650268369506315,6.66666666666667
58,TRUE,0.00617355392756291,7.22222222222222
58,TRUE,0.00586985706339818,7.77777777777778
58,TRUE,0.0055852855333162,8.33333333333333
58,TRUE,0.0053190542768753,8.88888888888889
58,TRUE,0.00506960012205549,9.44444444444444
58,TRUE,0.00483564030008396,10
58,TRUE,0.00461605841333493,10.5555555555556
58,TRUE,0.00440986020594613,11.1111111111111
58,TRUE,0.00421615114639042,11.6666666666667
58,TRUE,0.00403411695206746,12.2222222222222
58,TRUE,0.00386300921814521,12.7777777777778
58,TRUE,0.00370213467299538,13.3333333333333
58,TRUE,0.00355084712431995,13.8888888888889
58,TRUE,0.0034085414236783,14.4444444444444
58,TRUE,0.00327464892960368,15
58,TRUE,0.00314863407658942,15.5555555555556
58,TRUE,0.00302999175320004,16.1111111111111
58,TRUE,0.00291824526569086,16.6666666666667
58,TRUE,0.00281294471946585,17.2222222222222
58,TRUE,0.00271366569348917,17.7777777777778
58,TRUE,0.00262000811547447,18.3333333333333
58,TRUE,0.00253159527063805,18.8888888888889
58,TRUE,0.00244807289579427,19.4444444444444
58,TRUE,0.00236910832495512,20
58,TRUE,0.00229438966341624,20.5555555555556
58,TRUE,0.00222362497538035,21.1111111111111
58,TRUE,0.00215654147611285,21.6666666666667
58,TRUE,0.00209288472393305,22.2222222222222
58,TRUE,0.00203241781040005,22.7777777777778
58,TRUE,0.00197492054915178,23.3333333333333
58,TRUE,0.00192018866523349,23.8888888888889
58,TRUE,0.00186803298758892,24.4444444444444
58,TRUE,0.00181827864782552,25
58,TRUE,0.00177076428851503,25.5555555555556
58,TRUE,0.00172534128423637,26.1111111111111
58,TRUE,0.00168187297837555,26.6666666666667
58,TRUE,0.00164023393841586,27.2222222222222
58,TRUE,0.00160030923211884,27.7777777777778
58,TRUE,0.00156199372663953,28.3333333333333
58,TRUE,0.00152519141225881,28.8888888888889
58,TRUE,0.00148981475206458,29.4444444444444
58,TRUE,0.00145578405858276,30
58,TRUE,0.00142302689805301,30.5555555555556
58,TRUE,0.00139147752276789,31.1111111111111
58,TRUE,0.00136107633164813,31.6666666666667
58,TRUE,0.00133176935901084,32.2222222222222
58,TRUE,0.00130350779130158,32.7777777777778
58,TRUE,0.00127624751140309,33.3333333333333
58,TRUE,0.00124994867000076,33.8888888888889
58,TRUE,0.00122457528337606,34.4444444444444
58,TRUE,0.00120009485691124,35
58,TRUE,0.00117647803351902,35.5555555555556
58,TRUE,0.00115369826615809,36.1111111111111
58,TRUE,0.00113173151355647,36.6666666666667
58,TRUE,0.00111055595823785,37.2222222222222
58,TRUE,0.00109015174592964,37.7777777777778
58,TRUE,0.00107050074542391,38.3333333333333
58,TRUE,0.00105158632796153,38.8888888888889
58,TRUE,0.00103339316521592,39.4444444444444
58,TRUE,0.00101590704496258,40
58,TRUE,0.000999114703535688,40.5555555555556
58,TRUE,0.000983003674190225,41.1111111111111
58,TRUE,0.000967562150508831,41.6666666666667
58,TRUE,0.000952778864014762,42.2222222222222
58,TRUE,0.000938642975176656,42.7777777777778
58,TRUE,0.000925143977016304,43.3333333333333
58,TRUE,0.000912271610557413,43.8888888888889
58,TRUE,0.000900015791381132,44.4444444444444
58,TRUE,0.000888366546582841,45
58,TRUE,0.000877313961454322,45.5555555555556
58,TRUE,0.000866848135245972,46.1111111111111
58,TRUE,0.000856959145395017,46.6666666666667
58,TRUE,0.000847637019637616,47.2222222222222
58,TRUE,0.000838871715454396,47.7777777777778
58,TRUE,0.000830653106327589,48.3333333333333
58,TRUE,0.000822970974305655,48.8888888888889
58,TRUE,0.000815815008355666,49.4444444444444
58,TRUE,0.000809174807872793,50
58,TRUE,0.000803039890341349,50.5555555555556
58,TRUE,0.000797399701049298,51.1111111111111
58,TRUE,0.000792243619743388,51.6666666666667
58,TRUE,0.000787560951014675,52.2222222222222
58,TRUE,0.000783340863836979,52.7777777777778
58,TRUE,0.000779572190105492,53.3333333333333
58,TRUE,0.000776242849363704,53.8888888888889
58,TRUE,0.000773338305403767,54.4444444444444
58,TRUE,0.000770837558146963,55
58,TRUE,0.000768702966658014,55.5555555555556
58,TRUE,0.000766854880718637,56.1111111111111
58,TRUE,0.000765109021010261,56.6666666666667
58,TRUE,0.000763021381752779,57.2222222222222
58,TRUE,0.000759508336922487,57.7777777777778
58,TRUE,0.00075200265046566,58.3333333333333
58,TRUE,0.000735027041319937,58.8888888888889
58,TRUE,0.00069905329045454,59.4444444444444
58,TRUE,0.000632345050830201,60
59,TRUE,0.00282821558838048,5
59,TRUE,0.00177601362746082,5.55555555555556
59,TRUE,0.00187704774286528,6.11111111111111
59,TRUE,0.00180674377364608,6.66666666666667
59,TRUE,0.00174905856209789,7.22222222222222
59,TRUE,0.00169741498911272,7.77777777777778
59,TRUE,0.00164790962187441,8.33333333333333
59,TRUE,0.00160112226657859,8.88888888888889
59,TRUE,0.00155671039339403,9.44444444444444
59,TRUE,0.00151442853266013,10
59,TRUE,0.00147407862526506,10.5555555555556
59,TRUE,0.00143548235386245,11.1111111111111
59,TRUE,0.00139848412627977,11.6666666666667
59,TRUE,0.00136294755716592,12.2222222222222
59,TRUE,0.00132875281288355,12.7777777777778
59,TRUE,0.00129579447510634,13.3333333333333
59,TRUE,0.0012639796559107,13.8888888888889
59,TRUE,0.00123322637341604,14.4444444444444
59,TRUE,0.00120346214685836,15
59,TRUE,0.00117462277822612,15.5555555555556
59,TRUE,0.00114665129469712,16.1111111111111
59,TRUE,0.00111949702974923,16.6666666666667
59,TRUE,0.00109311482419034,17.2222222222222
59,TRUE,0.00106746433111929,17.7777777777778
59,TRUE,0.00104250941109672,18.3333333333333
59,TRUE,0.0010182176056994,18.8888888888889
59,TRUE,0.000994559679226504,19.4444444444444
59,TRUE,0.000971509219679661,20
59,TRUE,0.00094904229129604,20.5555555555556
59,TRUE,0.000927137131910034,21.1111111111111
59,TRUE,0.000905773889282231,21.6666666666667
59,TRUE,0.000884934391284944,22.2222222222222
59,TRUE,0.000864601945489067,22.7777777777778
59,TRUE,0.000844761164270695,23.3333333333333
59,TRUE,0.000825397812058913,23.8888888888889
59,TRUE,0.000806498671787453,24.4444444444444
59,TRUE,0.000788051428000046,25
59,TRUE,0.000770044564398808,25.5555555555556
59,TRUE,0.000752467273922258,26.1111111111111
59,TRUE,0.000735309379699535,26.6666666666667
59,TRUE,0.000718561265454221,27.2222222222222
59,TRUE,0.000702213814128635,27.7777777777778
59,TRUE,0.000686258353670995,28.3333333333333
59,TRUE,0.00067068660907638,28.8888888888889
59,TRUE,0.000655490659900658,29.4444444444444
59,TRUE,0.000640662902577045,30
59,TRUE,0.00062619601695972,30.5555555555556
59,TRUE,0.000612082936600119,31.1111111111111
59,TRUE,0.000598316822330738,31.6666666666667
59,TRUE,0.000584891038790226,32.2222222222222
59,TRUE,0.000571799133573524,32.7777777777778
59,TRUE,0.000559034818733139,33.3333333333333
59,TRUE,0.000546591954393354,33.8888888888889
59,TRUE,0.000534464534269333,34.4444444444444
59,TRUE,0.000522646672908396,35
59,TRUE,0.000511132594492129,35.5555555555556
59,TRUE,0.000499916623055906,36.1111111111111
59,TRUE,0.000488993173997558,36.6666666666667
59,TRUE,0.00047835674675971,37.2222222222222
59,TRUE,0.000468001918581135,37.7777777777778
59,TRUE,0.000457923339221754,38.3333333333333
59,TRUE,0.000448115726573867,38.8888888888889
59,TRUE,0.000438573863079072,39.4444444444444
59,TRUE,0.000429292592876457,40
59,TRUE,0.000420266819612968,40.5555555555556
59,TRUE,0.000411491504851783,41.1111111111111
59,TRUE,0.000402961667018913,41.6666666666667
59,TRUE,0.000394672380832395,42.2222222222222
59,TRUE,0.000386618777162318,42.7777777777778
59,TRUE,0.000378796043273592,43.3333333333333
59,TRUE,0.000371199423406961,43.8888888888889
59,TRUE,0.000363824219657173,44.4444444444444
59,TRUE,0.000356665793110648,45
59,TRUE,0.000349719565208319,45.5555555555556
59,TRUE,0.000342981019302684,46.1111111111111
59,TRUE,0.00033644570238143,46.6666666666667
59,TRUE,0.000330109226933387,47.2222222222222
59,TRUE,0.000323967272935995,47.7777777777778
59,TRUE,0.000318015589946946,48.3333333333333
59,TRUE,0.000312249999286297,48.8888888888889
59,TRUE,0.000306666396299068,49.4444444444444
59,TRUE,0.000301260752692258,50
59,TRUE,0.000296029118944336,50.5555555555556
59,TRUE,0.000290967626789496,51.1111111111111
59,TRUE,0.000286072491782891,51.6666666666667
59,TRUE,0.000281340015953843,52.2222222222222
59,TRUE,0.000276766590538828,52.7777777777778
59,TRUE,0.000272348698695304,53.3333333333333
59,TRUE,0.000268082917663729,53.8888888888889
59,TRUE,0.000263965917892239,54.4444444444444
59,TRUE,0.000259994448135447,55
59,TRUE,0.000256165259574193,55.5555555555556
59,TRUE,0.000252474772043623,56.1111111111111
59,TRUE,0.00024891765232956,56.6666666666667
59,TRUE,0.000245480794981305,57.2222222222222
59,TRUE,0.000242118851799956,57.7777777777778
59,TRUE,0.000238666370652949,58.3333333333333
59,TRUE,0.000234585963950816,58.8888888888889
59,TRUE,0.000228459002744028,59.4444444444444
59,TRUE,0.000217446448930254,60
60,TRUE,0.00568004248307739,5
60,TRUE,0.00368739475667973,5.55555555555556
60,TRUE,0.00388178501321034,6.11111111111111
60,TRUE,0.00376184763268705,6.66666666666667
60,TRUE,0.003662136968301,7.22222222222222
60,TRUE,0.00357061212276901,7.77777777777778
60,TRUE,0.00348125403532375,8.33333333333333
60,TRUE,0.00339502032713939,8.88888888888889
60,TRUE,0.00331147196370757,9.44444444444444
60,TRUE,0.00323031856032717,10
60,TRUE,0.00315133732462829,10.5555555555556
60,TRUE,0.00307433885095691,11.1111111111111
60,TRUE,0.00299916978140866,11.6666666666667
60,TRUE,0.00292570737080505,12.2222222222222
60,TRUE,0.00285385505792148,12.7777777777778
60,TRUE,0.00278353857576841,13.3333333333333
60,TRUE,0.00271470239648593,13.8888888888889
60,TRUE,0.00264730654592187,14.4444444444444
60,TRUE,0.00258132376495296,15
60,TRUE,0.00251673699597087,15.5555555555556
60,TRUE,0.00245353717308396,16.1111111111111
60,TRUE,0.00239172129358879,16.6666666666667
60,TRUE,0.002331290748135,17.2222222222222
60,TRUE,0.00227224988727443,17.7777777777778
60,TRUE,0.00221460480267763,18.3333333333333
60,TRUE,0.00215836230215432,18.8888888888889
60,TRUE,0.00210352905865473,19.4444444444444
60,TRUE,0.00205011091459328,20
60,TRUE,0.00199811232407256,20.5555555555556
60,TRUE,0.00194753591685176,21.1111111111111
60,TRUE,0.00189838216916752,21.6666666666667
60,TRUE,0.00185064916775118,22.2222222222222
60,TRUE,0.00180433245457911,22.7777777777778
60,TRUE,0.00175942494102928,23.3333333333333
60,TRUE,0.00171591688119122,23.8888888888889
60,TRUE,0.00167379589508441,24.4444444444444
60,TRUE,0.00163304703348068,25
60,TRUE,0.0015936528769003,25.5555555555556
60,TRUE,0.00155559366216066,26.1111111111111
60,TRUE,0.00151884743060353,26.6666666666667
60,TRUE,0.001483390192815,27.2222222222222
60,TRUE,0.00144919610528374,27.7777777777778
60,TRUE,0.00141623765502236,28.3333333333333
60,TRUE,0.00138448584870572,28.8888888888889
60,TRUE,0.00135391040336234,29.4444444444444
60,TRUE,0.00132447993609316,30
60,TRUE,0.00129616215068909,30.5555555555556
60,TRUE,0.00126892401937692,31.1111111111111
60,TRUE,0.00124273195824496,31.6666666666667
60,TRUE,0.00121755199518817,32.2222222222222
60,TRUE,0.00119334992946816,32.7777777777778
60,TRUE,0.00117009148221102,33.3333333333333
60,TRUE,0.00114774243736455,33.8888888888889
60,TRUE,0.00112626877281092,34.4444444444444
60,TRUE,0.00110563678148107,35
60,TRUE,0.00108581318244657,35.5555555555556
60,TRUE,0.0010667652220737,36.1111111111111
60,TRUE,0.00104846076541659,36.6666666666667
60,TRUE,0.00103086837810156,37.2222222222222
60,TRUE,0.00101395739901596,37.7777777777778
60,TRUE,0.000997698004162987,38.3333333333333
60,TRUE,0.000982061262080736,38.8888888888889
60,TRUE,0.000967019181250664,39.4444444444444
60,TRUE,0.000952544749938552,40
60,TRUE,0.000938611968921917,40.5555555555556
60,TRUE,0.000925195877562028,41.1111111111111
60,TRUE,0.000912272573677795,41.6666666666667
60,TRUE,0.000899819227673544,42.2222222222222
60,TRUE,0.000887814091363973,42.7777777777778
60,TRUE,0.000876236501928264,43.3333333333333
60,TRUE,0.000865066881411999,43.8888888888889
60,TRUE,0.000854286732180994,44.4444444444444
60,TRUE,0.00084387862871581,45
60,TRUE,0.000833826206120212,45.5555555555556
60,TRUE,0.000824114145701585,46.1111111111111
60,TRUE,0.00081472815796668,46.6666666666667
60,TRUE,0.000805654963362488,47.2222222222222
60,TRUE,0.000796882271079754,47.7777777777778
60,TRUE,0.000788398756225799,48.3333333333333
60,TRUE,0.000780194035663613,48.8888888888889
60,TRUE,0.000772258642803749,49.4444444444444
60,TRUE,0.000764584001617752,50
60,TRUE,0.000757162400094439,50.5555555555556
60,TRUE,0.000749986963211644,51.1111111111111
60,TRUE,0.000743051625020714,51.6666666666667
60,TRUE,0.000736351097941344,52.2222222222222
60,TRUE,0.000729880832713851,52.7777777777778
60,TRUE,0.000723636948275406,53.3333333333333
60,TRUE,0.000717616068262861,53.8888888888889
60,TRUE,0.000711814875074007,54.4444444444444
60,TRUE,0.000706228827497148,55
60,TRUE,0.000700848452608342,55.5555555555556
60,TRUE,0.000695648733608089,56.1111111111111
60,TRUE,0.000690558953909283,56.6666666666667
60,TRUE,0.000685376767130354,57.2222222222222
60,TRUE,0.000679527562071514,57.7777777777778
60,TRUE,0.000671455447297848,58.3333333333333
60,TRUE,0.000657419019250112,58.8888888888889
60,TRUE,0.000630096252334608,59.4444444444444
60,TRUE,0.000579047122113743,60
61,TRUE,0.0303252333710365,5
61,TRUE,0.0135799009697168,5.55555555555556
61,TRUE,0.00943882083560625,6.11111111111111
61,TRUE,0.00645323728731852,6.66666666666667
61,TRUE,0.00459628516460292,7.22222222222222
61,TRUE,0.00338718057459167,7.77777777777778
61,TRUE,0.00257138112470722,8.33333333333333
61,TRUE,0.00200415463002435,8.88888888888889
61,TRUE,0.00159875871346482,9.44444444444444
61,TRUE,0.00130180883628834,10
61,TRUE,0.00107946574200242,10.5555555555556
61,TRUE,0.000909693609694307,11.1111111111111
61,TRUE,0.000777781834207126,11.6666666666667
61,TRUE,0.000673681999202688,12.2222222222222
61,TRUE,0.000590383674019179,12.7777777777778
61,TRUE,0.000522899840913204,13.3333333333333
61,TRUE,0.000467618822370474,13.8888888888889
61,TRUE,0.00042188158423935,14.4444444444444
61,TRUE,0.000383700607184479,15
61,TRUE,0.000351569474974448,15.5555555555556
61,TRUE,0.000324331692706402,16.1111111111111
61,TRUE,0.000301088862497062,16.6666666666667
61,TRUE,0.000281135446673843,17.2222222222222
61,TRUE,0.000263911772204194,17.7777777777778
61,TRUE,0.000248969733497698,18.3333333333333
61,TRUE,0.00023594745661963,18.8888888888889
61,TRUE,0.00022455036944149,19.4444444444444
61,TRUE,0.000214536906626275,20
61,TRUE,0.000205707606344137,20.5555555555556
61,TRUE,0.000197896715725296,21.1111111111111
61,TRUE,0.000190965670733158,21.6666666666667
61,TRUE,0.000184797989896709,22.2222222222222
61,TRUE,0.000179295244110585,22.7777777777778
61,TRUE,0.000174373852377544,23.3333333333333
61,TRUE,0.000169962516599939,23.8888888888889
61,TRUE,0.000166000154571357,24.4444444444444
61,TRUE,0.000162434224153762,25
61,TRUE,0.000159219356702298,25.5555555555556
61,TRUE,0.00015631623653897,26.1111111111111
61,TRUE,0.000153690677389188,26.6666666666667
61,TRUE,0.000151312857402985,27.2222222222222
61,TRUE,0.000149156682564942,27.7777777777778
61,TRUE,0.000147199254591486,28.3333333333333
61,TRUE,0.000145420424288107,28.8888888888889
61,TRUE,0.000143802415136135,29.4444444444444
61,TRUE,0.000142329504854396,30
61,TRUE,0.000140987755026175,30.5555555555556
61,TRUE,0.00013976478074008,31.1111111111111
61,TRUE,0.000138649553673301,31.6666666666667
61,TRUE,0.000137632233230297,32.2222222222222
61,TRUE,0.000136704021302499,32.7777777777778
61,TRUE,0.000135857036984176,33.3333333333333
61,TRUE,0.000135084208203986,33.8888888888889
61,TRUE,0.00013437917774049,34.4444444444444
61,TRUE,0.000133736221506106,35
61,TRUE,0.000133150177325739,35.5555555555556
61,TRUE,0.00013261638271812,36.1111111111111
61,TRUE,0.0001321306204209,36.6666666666667
61,TRUE,0.000131689070594098,37.2222222222222
61,TRUE,0.000131288268797599,37.7777777777778
61,TRUE,0.000130925068973086,38.3333333333333
61,TRUE,0.000130596610773674,38.8888888888889
61,TRUE,0.000130300290679367,39.4444444444444
61,TRUE,0.000130033736416519,40
61,TRUE,0.000129794784267119,40.5555555555556
61,TRUE,0.00012958145891109,41.1111111111111
61,TRUE,0.000129391955493585,41.6666666666667
61,TRUE,0.000129224623650854,42.2222222222222
61,TRUE,0.000129077953263792,42.7777777777778
61,TRUE,0.000128950561738776,43.3333333333333
61,TRUE,0.000128841182641556,43.8888888888889
61,TRUE,0.000128748655532567,44.4444444444444
61,TRUE,0.000128671916871504,45
61,TRUE,0.000128609991875936,45.5555555555556
61,TRUE,0.000128561987233429,46.1111111111111
61,TRUE,0.000128527084579501,46.6666666666667
61,TRUE,0.000128504534664991,47.2222222222222
61,TRUE,0.000128493652146323,47.7777777777778
61,TRUE,0.000128493810940987,48.3333333333333
61,TRUE,0.000128504440098343,48.8888888888889
61,TRUE,0.000128525020142983,49.4444444444444
61,TRUE,0.000128555079854247,50
61,TRUE,0.000128594193451461,50.5555555555556
61,TRUE,0.000128641978159947,51.1111111111111
61,TRUE,0.000128698092138081,51.6666666666667
61,TRUE,0.000128762232750463,52.2222222222222
61,TRUE,0.000128834135175485,52.7777777777778
61,TRUE,0.00012891357133109,53.3333333333333
61,TRUE,0.000129000349057002,53.8888888888889
61,TRUE,0.000129094311235641,54.4444444444444
61,TRUE,0.000129195333221477,55
61,TRUE,0.000129303310467375,55.5555555555556
61,TRUE,0.000129418096532856,56.1111111111111
61,TRUE,0.000129539193611498,56.6666666666667
61,TRUE,0.000129664209148746,57.2222222222222
61,TRUE,0.000129781512758607,57.7777777777778
61,TRUE,0.000129839625093142,58.3333333333333
61,TRUE,0.000129644976044056,58.8888888888889
61,TRUE,0.000128612825107142,59.4444444444444
61,TRUE,0.000125393664733724,60
62,TRUE,0.0653234112271518,5
62,TRUE,0.0264544277520174,5.55555555555556
62,TRUE,0.0169459062598885,6.11111111111111
62,TRUE,0.0106203240725107,6.66666666666667
62,TRUE,0.00695007404630543,7.22222222222222
62,TRUE,0.00472613059026456,7.77777777777778
62,TRUE,0.00333070928278379,8.33333333333333
62,TRUE,0.00242834039993776,8.88888888888889
62,TRUE,0.00182808342567177,9.44444444444444
62,TRUE,0.00141833020671702,10
62,TRUE,0.0011319380653733,10.5555555555556
62,TRUE,0.000927420073495887,11.1111111111111
62,TRUE,0.000778493367676696,11.6666666666667
62,TRUE,0.000668113912345427,12.2222222222222
62,TRUE,0.000584985796934344,12.7777777777778
62,TRUE,0.000521469550502591,13.3333333333333
62,TRUE,0.000472300422089498,13.8888888888889
62,TRUE,0.000433786248847985,14.4444444444444
62,TRUE,0.000403295395116985,15
62,TRUE,0.000378923700596912,15.5555555555556
62,TRUE,0.000359274018989431,16.1111111111111
62,TRUE,0.000343307855195035,16.6666666666667
62,TRUE,0.000330243961092265,17.2222222222222
62,TRUE,0.000319488009364891,17.7777777777778
62,TRUE,0.000310583148341709,18.3333333333333
62,TRUE,0.000303174787936723,18.8888888888889
62,TRUE,0.000296985215857775,19.4444444444444
62,TRUE,0.000291795090882836,20
62,TRUE,0.000287429805169841,20.5555555555556
62,TRUE,0.00028374933309331,21.1111111111111
62,TRUE,0.000280640603451995,21.6666666666667
62,TRUE,0.000278011716484558,22.2222222222222
62,TRUE,0.000275787522529002,22.7777777777778
62,TRUE,0.000273906214812011,23.3333333333333
62,TRUE,0.000272316684021603,23.8888888888889
62,TRUE,0.000270976449753379,24.4444444444444
62,TRUE,0.000269850032164354,25
62,TRUE,0.000268907661995658,25.5555555555556
62,TRUE,0.000268124252485149,26.1111111111111
62,TRUE,0.000267478575309417,26.6666666666667
62,TRUE,0.000266952596471315,27.2222222222222
62,TRUE,0.000266530938319677,27.7777777777778
62,TRUE,0.000266200441599368,28.3333333333333
62,TRUE,0.000265949807259506,28.8888888888889
62,TRUE,0.000265769302183521,29.4444444444444
62,TRUE,0.000265650516401036,30
62,TRUE,0.000265586161957526,30.5555555555556
62,TRUE,0.00026556990564405,31.1111111111111
62,TRUE,0.000265596229367632,31.6666666666667
62,TRUE,0.000265660313178606,32.2222222222222
62,TRUE,0.000265757936943526,32.7777777777778
62,TRUE,0.000265885397421122,33.3333333333333
62,TRUE,0.000266039438109467,33.8888888888889
62,TRUE,0.00026621718971979,34.4444444444444
62,TRUE,0.000266416119522846,35
62,TRUE,0.000266633988127909,35.5555555555556
62,TRUE,0.000266868812508243,36.1111111111111
62,TRUE,0.000267118834292724,36.6666666666667
62,TRUE,0.000267382492510798,37.2222222222222
62,TRUE,0.000267658400114805,37.7777777777778
62,TRUE,0.000267945323715887,38.3333333333333
62,TRUE,0.000268242166061964,38.8888888888889
62,TRUE,0.000268547950862439,39.4444444444444
62,TRUE,0.000268861809627363,40
62,TRUE,0.000269182970241194,40.5555555555556
62,TRUE,0.000269510747034972,41.1111111111111
62,TRUE,0.000269844532157295,41.6666666666667
62,TRUE,0.000270183788075132,42.2222222222222
62,TRUE,0.000270528041061402,42.7777777777778
62,TRUE,0.000270876875548103,43.3333333333333
62,TRUE,0.000271229929242371,43.8888888888889
62,TRUE,0.000271586888918767,44.4444444444444
62,TRUE,0.00027194748681472,45
62,TRUE,0.000272311497567914,45.5555555555556
62,TRUE,0.000272678735644722,46.1111111111111
62,TRUE,0.000273049053217941,46.6666666666667
62,TRUE,0.00027342233846021,47.2222222222222
62,TRUE,0.00027379851422695,47.7777777777778
62,TRUE,0.000274177537109465,48.3333333333333
62,TRUE,0.000274559396845354,48.8888888888889
62,TRUE,0.000274944116079491,49.4444444444444
62,TRUE,0.000275331750474617,50
62,TRUE,0.000275722389175193,50.5555555555556
62,TRUE,0.000276116155628215,51.1111111111111
62,TRUE,0.000276513208747706,51.6666666666667
62,TRUE,0.000276913744329542,52.2222222222222
62,TRUE,0.000277317996315455,52.7777777777778
62,TRUE,0.0002777262363863,53.3333333333333
62,TRUE,0.000278138766391903,53.8888888888889
62,TRUE,0.000278555884226693,54.4444444444444
62,TRUE,0.000278977755902562,55
62,TRUE,0.000279403964923355,55.5555555555556
62,TRUE,0.00027983197043633,56.1111111111111
62,TRUE,0.000280251876430417,56.6666666666667
62,TRUE,0.000280628593585852,57.2222222222222
62,TRUE,0.000280842194286308,57.7777777777778
62,TRUE,0.000280507857118004,58.3333333333333
62,TRUE,0.000278540747273274,58.8888888888889
62,TRUE,0.000272449437097392,59.4444444444444
62,TRUE,0.000257941724830662,60
63,TRUE,0.0164870228317621,5
63,TRUE,0.00940148304939513,5.55555555555556
63,TRUE,0.00786529229667437,6.11111111111111
63,TRUE,0.00640267952105657,6.66666666666667
63,TRUE,0.00532764886096082,7.22222222222222
63,TRUE,0.00450811347656229,7.77777777777778
63,TRUE,0.0038681214349246,8.33333333333333
63,TRUE,0.00335904400549158,8.88888888888889
63,TRUE,0.00294718099898582,9.44444444444444
63,TRUE,0.00260896299868297,10
63,TRUE,0.002327537682241,10.5555555555556
63,TRUE,0.00209062073577078,11.1111111111111
63,TRUE,0.00188909864831826,11.6666666666667
63,TRUE,0.0017160994472961,12.2222222222222
63,TRUE,0.00156636330396011,12.7777777777778
63,TRUE,0.00143580852447401,13.3333333333333
63,TRUE,0.00132122724452793,13.8888888888889
63,TRUE,0.00122006871998285,14.4444444444444
63,TRUE,0.00113028273630779,15
63,TRUE,0.00105020490829256,15.5555555555556
63,TRUE,0.000978471586677245,16.1111111111111
63,TRUE,0.000913955971750565,16.6666666666667
63,TRUE,0.000855719609331808,17.2222222222222
63,TRUE,0.000802975177075262,17.7777777777778
63,TRUE,0.000755057650450259,18.3333333333333
63,TRUE,0.000711401753755333,18.8888888888889
63,TRUE,0.000671524172026477,19.4444444444444
63,TRUE,0.0006350094031753,20
63,TRUE,0.000601498418173143,20.5555555555556
63,TRUE,0.000570679505503254,21.1111111111111
63,TRUE,0.000542280828148182,21.6666666666667
63,TRUE,0.000516064333346451,22.2222222222222
63,TRUE,0.000491820738540834,22.7777777777778
63,TRUE,0.000469365379271275,23.3333333333333
63,TRUE,0.000448534751845349,23.8888888888889
63,TRUE,0.000429183619453129,24.4444444444444
63,TRUE,0.000411182577867638,25
63,TRUE,0.000394415998084363,25.5555555555556
63,TRUE,0.00037878027974011,26.1111111111111
63,TRUE,0.000364182362047283,26.6666666666667
63,TRUE,0.0003505384491282,27.2222222222222
63,TRUE,0.000337772914667088,27.7777777777778
63,TRUE,0.000325817357191566,28.3333333333333
63,TRUE,0.000314609782412205,28.8888888888889
63,TRUE,0.000304093893164445,29.4444444444444
63,TRUE,0.000294218470823848,30
63,TRUE,0.000284936834767363,30.5555555555556
63,TRUE,0.000276206368657344,31.1111111111111
63,TRUE,0.000267988104131035,31.6666666666667
63,TRUE,0.000260246353964145,32.2222222222222
63,TRUE,0.000252948388004768,32.7777777777778
63,TRUE,0.000246064146191961,33.3333333333333
63,TRUE,0.000239565983820827,33.8888888888889
63,TRUE,0.000233428444924002,34.4444444444444
63,TRUE,0.000227628060233056,35
63,TRUE,0.000222143166682661,35.5555555555556
63,TRUE,0.000216953745841785,36.1111111111111
63,TRUE,0.000212041279012884,36.6666666666667
63,TRUE,0.000207388617043024,37.2222222222222
63,TRUE,0.000202979863148799,37.7777777777778
63,TRUE,0.000198800267277238,38.3333333333333
63,TRUE,0.000194836130713586,38.8888888888889
63,TRUE,0.000191074719808802,39.4444444444444
63,TRUE,0.00018750418783916,40
63,TRUE,0.000184113504130624,40.5555555555556
63,TRUE,0.000180892389684886,41.1111111111111
63,TRUE,0.000177831258634198,41.6666666666667
63,TRUE,0.000174921164930678,42.2222222222222
63,TRUE,0.00017215375374414,42.7777777777778
63,TRUE,0.000169521217102207,43.3333333333333
63,TRUE,0.000167016253358756,43.8888888888889
63,TRUE,0.000164632030122544,44.4444444444444
63,TRUE,0.000162362150318159,45
63,TRUE,0.000160200621086952,45.5555555555556
63,TRUE,0.000158141825266891,46.1111111111111
63,TRUE,0.000156180495218068,46.6666666666667
63,TRUE,0.000154311688785149,47.2222222222222
63,TRUE,0.000152530767209966,47.7777777777778
63,TRUE,0.000150833374826986,48.3333333333333
63,TRUE,0.000149215420391874,48.8888888888889
63,TRUE,0.000147673059909082,49.4444444444444
63,TRUE,0.000146202680838587,50
63,TRUE,0.000144800887574784,50.5555555555556
63,TRUE,0.000143464488102313,51.1111111111111
63,TRUE,0.000142190481744385,51.6666666666667
63,TRUE,0.000140976047929227,52.2222222222222
63,TRUE,0.000139818535909164,52.7777777777778
63,TRUE,0.000138715455372862,53.3333333333333
63,TRUE,0.00013766446788207,53.8888888888889
63,TRUE,0.000136663378969882,54.4444444444444
63,TRUE,0.000135710130171186,55
63,TRUE,0.000134802787130563,55.5555555555556
63,TRUE,0.000133939502927721,56.1111111111111
63,TRUE,0.000133118341473436,56.6666666666667
63,TRUE,0.00013233632702689,57.2222222222222
63,TRUE,0.000131584518568487,57.7777777777778
63,TRUE,0.000130825829109461,58.3333333333333
63,TRUE,0.000129915313190929,58.8888888888889
63,TRUE,0.000128389618625,59.4444444444444
63,TRUE,0.000125110413737398,60
64,TRUE,0.0356339107232469,5
64,TRUE,0.0194001766628023,5.55555555555556
64,TRUE,0.0155587754660331,6.11111111111111
64,TRUE,0.0121549578938461,6.66666666666667
64,TRUE,0.00972319975615137,7.22222222222222
64,TRUE,0.00792537196353049,7.77777777777778
64,TRUE,0.00656414465536981,8.33333333333333
64,TRUE,0.00551380558783957,8.88888888888889
64,TRUE,0.00468909158281831,9.44444444444444
64,TRUE,0.0040314103466365,10
64,TRUE,0.00349962466446819,10.5555555555556
64,TRUE,0.00306429177959421,11.1111111111111
64,TRUE,0.00270396252088134,11.6666666666667
64,TRUE,0.00240275255785415,12.2222222222222
64,TRUE,0.00214871901285598,12.7777777777778
64,TRUE,0.00193275594524912,13.3333333333333
64,TRUE,0.00174783025462154,13.8888888888889
64,TRUE,0.00158844475320162,14.4444444444444
64,TRUE,0.00145025528340168,15
64,TRUE,0.00132979388908841,15.5555555555556
64,TRUE,0.00122426605233817,16.1111111111111
64,TRUE,0.00113140035915936,16.6666666666667
64,TRUE,0.00104933575462493,17.2222222222222
64,TRUE,0.000976536074628063,17.7777777777778
64,TRUE,0.000911724597299122,18.3333333333333
64,TRUE,0.000853833446633278,18.8888888888889
64,TRUE,0.00080196412719585,19.4444444444444
64,TRUE,0.000755356481576458,20
64,TRUE,0.000713364079372307,20.5555555555556
64,TRUE,0.000675434559592535,21.1111111111111
64,TRUE,0.00064109381921502,21.6666666666667
64,TRUE,0.000609933211210642,22.2222222222222
64,TRUE,0.000581599114583835,22.7777777777778
64,TRUE,0.000555784386952524,23.3333333333333
64,TRUE,0.000532221321005252,23.8888888888889
64,TRUE,0.000510675809816514,24.4444444444444
64,TRUE,0.000490942489612376,25
64,TRUE,0.000472840677303558,25.5555555555556
64,TRUE,0.00045621095768307,26.1111111111111
64,TRUE,0.000440912304360098,26.6666666666667
64,TRUE,0.00042681964129375,27.2222222222222
64,TRUE,0.000413821769702882,27.7777777777778
64,TRUE,0.000401819599287247,28.3333333333333
64,TRUE,0.000390724633948788,28.8888888888889
64,TRUE,0.000380457671193475,29.4444444444444
64,TRUE,0.000370947681614616,30
64,TRUE,0.000362130840684965,30.5555555555556
64,TRUE,0.000353949689808233,31.1111111111111
64,TRUE,0.000346352407426644,31.6666666666667
64,TRUE,0.00033929217412629,32.2222222222222
64,TRUE,0.000332726618264486,32.7777777777778
64,TRUE,0.000326617330772142,33.3333333333333
64,TRUE,0.000320929439545614,33.8888888888889
64,TRUE,0.000315631235305319,34.4444444444444
64,TRUE,0.000310693842017406,35
64,TRUE,0.000306090925994058,35.5555555555556
64,TRUE,0.00030179843864297,36.1111111111111
64,TRUE,0.000297794388556034,36.6666666666667
64,TRUE,0.000294058639234376,37.2222222222222
64,TRUE,0.000290572729260828,37.7777777777778
64,TRUE,0.000287319712167088,38.3333333333333
64,TRUE,0.000284284013614001,38.8888888888889
64,TRUE,0.00028145130382013,39.4444444444444
64,TRUE,0.000278808383444675,40
64,TRUE,0.000276343081363113,40.5555555555556
64,TRUE,0.0002740441629736,41.1111111111111
64,TRUE,0.000271901247844146,41.6666666666667
64,TRUE,0.000269904735659146,42.2222222222222
64,TRUE,0.000268045739552319,42.7777777777778
64,TRUE,0.000266316026024633,43.3333333333333
64,TRUE,0.000264707960742647,43.8888888888889
64,TRUE,0.000263214459597137,44.4444444444444
64,TRUE,0.000261828944475588,45
64,TRUE,0.000260545303266639,45.5555555555556
64,TRUE,0.000259357853671223,46.1111111111111
64,TRUE,0.00025826131044496,46.6666666666667
64,TRUE,0.000257250755740369,47.2222222222222
64,TRUE,0.000256321612256447,47.7777777777778
64,TRUE,0.000255469618937857,48.3333333333333
64,TRUE,0.000254690808996993,48.8888888888889
64,TRUE,0.00025398149006005,49.4444444444444
64,TRUE,0.000253338226263506,50
64,TRUE,0.000252757822150187,50.5555555555556
64,TRUE,0.000252237308234158,51.1111111111111
64,TRUE,0.000251773928118126,51.6666666666667
64,TRUE,0.000251365127043192,52.2222222222222
64,TRUE,0.000251008541676953,52.7777777777778
64,TRUE,0.00025070199059657,53.3333333333333
64,TRUE,0.000250443463496178,53.8888888888889
64,TRUE,0.000250231101556172,54.4444444444444
64,TRUE,0.000250063140028807,55
64,TRUE,0.000249937704180398,55.5555555555556
64,TRUE,0.000249852054758539,56.1111111111111
64,TRUE,0.000249799774455071,56.6666666666667
64,TRUE,0.000249760194164513,57.2222222222222
64,TRUE,0.000249659645835115,57.7777777777778
64,TRUE,0.000249244159098295,58.3333333333333
64,TRUE,0.000247743859775514,58.8888888888889
64,TRUE,0.000243259471982829,59.4444444444444
64,TRUE,0.000232250365414816,60
