"","Ploidy_leveltriploid","Ploidy_levelunknown","geneticSexIDmale","geneticSexIDunknown","Cos.aspect","Elevation","prefix_this","minsize","maxsize","n_iterations","size_mean_initial","size_sd_initial","n_S_initial","n_A_initial","size_mean_final","n_A_final","n_S_final","longevity_90_final","n_S_lag_factor","n_S_scale_factor","SWE.mean","Tmax.mean","basal_area_density_final","n_A_final_gt_30_cm","cv_n_A_final_ten","index","pixel","replicate_climate_resample","replicate_data_resample","Ploidy_level","geneticSexID"
"1","0","0","0","0",-0.811225295066833,3083.4375,"map_978_1_1",5,70,300,20,5,4.31039629854451,0.1,8.15960544889209,0.0739387758191486,3.5112349397656,8,0.2,1,64.4595073853616,20.4390106877087,0.000453813953319163,0.000213601535587245,0.539746854357518,1,978,1,"1","diploid","female"
"2","0","0","0","0",-0.811225295066833,3083.4375,"map_978_1_2",5,70,300,20,5,3.05181345447597,0.1,12.1614663402593,0.160104245161076,2.64058525026767,12,0.2,1,64.4595073853616,20.4390106877087,0.00281606901268326,0.0104353486196318,0.40996704206316,1,978,1,"2","diploid","female"
"3","0","0","0","0",-0.811225295066833,3083.4375,"map_978_1_3",5,70,300,20,5,6.2260989795951,0.1,6.57564397472023,0.0207873258892166,1.99153231158367,9,0.2,1,64.4595073853616,20.4390106877087,7.63381039784541e-05,3.08034423206202e-07,0.856528725978709,1,978,1,"3","diploid","female"
"4","0","0","0","0",-0.822242736816406,3114.07470703125,"map_979_1_1",5,70,300,20,5,4.32889983288557,0.1,8.62778723524271,0.0674364526304491,3.75944694949472,12,0.2,1,66.4092923676057,20.4360450034918,0.000469813018068921,0.000234002535090567,0.587429022942446,2,979,1,"1","diploid","female"
"5","0","0","0","0",-0.822242736816406,3114.07470703125,"map_979_1_2",5,70,300,20,5,3.15010197535896,0.1,13.185647233167,0.101832355145043,3.59058239678478,20,0.2,1,66.4092923676057,20.4360450034918,0.00193939584014475,0.00693333687856389,0.581326064617922,2,979,1,"2","diploid","female"
"6","0","0","0","0",-0.822242736816406,3114.07470703125,"map_979_1_3",5,70,300,20,5,6.0071822591823,0.1,6.99454190961032,0.0254109982363337,1.97266005784242,12,0.2,1,66.4092923676057,20.4360450034918,0.000106993658621909,1.13794546153398e-06,0.848681521727527,2,979,1,"3","diploid","female"
"7","0","0","0","0",-0.506825804710388,3098.98779296875,"map_2235_1_1",5,70,300,20,5,4.64249040685773,0.1,7.90351436174148,0.163277044205316,4.47765911790086,16,0.2,1,82.3077176116233,21.1292641017656,0.00106338806756695,0.00085285768241515,0.403776142549454,3,2235,1,"1","diploid","female"
"8","0","0","0","0",-0.506825804710388,3098.98779296875,"map_2235_1_2",5,70,300,20,5,4.33361091749625,0.1,11.6084047098071,0.229790726136542,2.28792517389845,18,0.2,1,82.3077176116233,21.1292641017656,0.00311833891849115,0.00390626624964303,0.318716656697569,3,2235,1,"2","diploid","female"
"9","0","0","0","0",-0.506825804710388,3098.98779296875,"map_2235_1_3",5,70,300,20,5,5.84465660037168,0.1,6.05891473529578,0.0697197407959986,3.51057845901466,18,0.2,1,82.3077176116233,21.1292641017656,0.000224283613037887,7.01984748134721e-06,0.72311184281708,3,2235,1,"3","diploid","female"
"10","0","0","0","0",-0.479843199253082,3196.03735351562,"map_2236_1_1",5,70,300,20,5,4.80307028449415,0.1,10.2709881209111,0.181254606297085,3.41444091640101,41,0.2,1,85.4516093960632,21.1173017402556,0.00195776249141564,0.0027531817894739,0.230288083912808,4,2236,1,"1","diploid","female"
"11","0","0","0","0",-0.479843199253082,3196.03735351562,"map_2236_1_2",5,70,300,20,5,4.81907984020243,0.1,8.96940136132774,0.14797315681024,2.89117801847537,35,0.2,1,85.4516093960632,21.1173017402556,0.00110196399434104,0.000544559083158753,0.384597063417506,4,2236,1,"2","diploid","female"
"12","0","0","0","0",-0.479843199253082,3196.03735351562,"map_2236_1_3",5,70,300,20,5,4.72887747927147,0.1,7.41344694209294,0.0461111916956222,3.51745204549331,34,0.2,1,85.4516093960632,21.1173017402556,0.000217621828842183,2.5302776311398e-06,0.604840439777726,4,2236,1,"3","diploid","female"
"13","0","0","0","0",-0.282683879137039,3021.76196289062,"map_2441_1_1",5,70,300,20,5,3.34985141151847,0.1,9.06891273757168,0.0781279890753066,4.02878263442955,6,0.2,1,50.4488311304999,21.7915046413079,0.000630633492524877,0.000201175736635211,0.276979650786895,5,2441,1,"1","diploid","female"
"14","0","0","0","0",-0.282683879137039,3021.76196289062,"map_2441_1_2",5,70,300,20,5,5.2813070719614,0.1,10.8188070264236,0.0837899597348355,4.53001523634217,6,0.2,1,50.4488311304999,21.7915046413079,0.00104086467692373,0.000465822382936474,0.325587594790266,5,2441,1,"2","diploid","female"
"15","0","0","0","0",-0.282683879137039,3021.76196289062,"map_2441_1_3",5,70,300,20,5,3.41206518894696,0.1,7.81676779270082,0.0347182631140718,3.60230008801275,6,0.2,1,50.4488311304999,21.7915046413079,0.000187779172299185,4.05149483540339e-06,0.383127190140096,5,2441,1,"3","diploid","female"
"16","0","0","0","0",-0.611876130104065,2994.529296875,"map_2545_1_1",5,70,300,20,5,3.56041104860304,0.1,7.24673865379933,0.103821106005294,3.11625971609202,20,0.2,1,45.932410604534,21.8311491994763,0.000538845236986624,0.000245480484139547,0.486893661565551,6,2545,1,"1","diploid","female"
"17","0","0","0","0",-0.611876130104065,2994.529296875,"map_2545_1_2",5,70,300,20,5,3.72196927147896,0.1,8.5313558958546,0.110784167987394,3.24746545680179,23,0.2,1,45.932410604534,21.8311491994763,0.000915065672051003,0.00133202023557146,0.666377887655963,6,2545,1,"2","diploid","female"
"18","0","0","0","0",-0.611876130104065,2994.529296875,"map_2545_1_3",5,70,300,20,5,4.62513822405236,0.1,5.90061832639925,0.0601891282332818,2.0976356386506,26,0.2,1,45.932410604534,21.8311491994763,0.000178699409450889,1.31848986786228e-07,0.896485717027409,6,2545,1,"3","diploid","female"
"19","0","0","0","0",-0.526411652565002,2959.6474609375,"map_2649_1_1",5,70,300,20,5,3.11659999401385,0.1,7.95602213810377,0.0864423099038003,3.38276339944146,11,0.2,1,48.6007291375601,20.9755797613235,0.000484081385336054,0.000142942342626747,0.558644944415602,7,2649,1,"1","diploid","female"
"20","0","0","0","0",-0.526411652565002,2959.6474609375,"map_2649_1_2",5,70,300,20,5,3.69650059705131,0.1,10.1157677318991,0.179017867521127,2.9418925732869,33,0.2,1,48.6007291375601,20.9755797613235,0.00208530226152429,0.00320254892841455,0.492239247769913,7,2649,1,"2","diploid","female"
"21","0","0","0","0",-0.526411652565002,2959.6474609375,"map_2649_1_3",5,70,300,20,5,3.18033652462669,0.1,6.94744605549236,0.0178951576805833,1.50142357131011,9,0.2,1,48.6007291375601,20.9755797613235,7.21092035878436e-05,3.59238162597022e-07,1.10825789511508,7,2649,1,"3","diploid","female"
"22","0","0","0","0",-0.385358780622482,3069.30419921875,"map_2651_1_1",5,70,300,20,5,4.09463948986916,0.1,7.93074303651774,0.1623050894916,4.01074296920953,8,0.2,1,75.0354551587786,21.5347712750187,0.000948289856915731,0.00055925400565621,0.29488280015947,8,2651,1,"1","diploid","female"
"23","0","0","0","0",-0.385358780622482,3069.30419921875,"map_2651_1_2",5,70,300,20,5,6.61698244346751,0.1,8.02878261060592,0.21484151695696,3.68391007142074,8,0.2,1,75.0354551587786,21.5347712750187,0.00135104613154617,0.00119869007650976,0.393576082605884,8,2651,1,"2","diploid","female"
"24","0","0","0","0",-0.385358780622482,3069.30419921875,"map_2651_1_3",5,70,300,20,5,3.9830706763411,0.1,6.95276030487414,0.0696851852209363,3.76503814566416,5,0.2,1,75.0354551587786,21.5347712750187,0.000279774771042465,1.185801092532e-05,0.588447267996351,8,2651,1,"3","diploid","female"
"25","0","0","0","0",-0.421152800321579,3145.412109375,"map_2652_1_1",5,70,300,20,5,2.33940671019793,0.1,8.92473673183125,0.187139182793602,4.76667204303452,31,0.2,1,75.0124716647836,21.5150359376588,0.00139316732911198,0.00073257081570506,0.46427579679046,9,2652,1,"1","diploid","female"
"26","0","0","0","0",-0.421152800321579,3145.412109375,"map_2652_1_2",5,70,300,20,5,7.4979971250565,0.1,9.22894244495932,0.236804047485789,3.71280550557479,26,0.2,1,75.0124716647836,21.5150359376588,0.00172063967208758,0.000267262463147224,0.923571556954274,9,2652,1,"2","diploid","female"
"27","0","0","0","0",-0.421152800321579,3145.412109375,"map_2652_1_3",5,70,300,20,5,2.04821013109153,0.1,7.28551298936518,0.12391267745966,3.86881338347396,55,0.2,1,75.0124716647836,21.5150359376588,0.000562597228311115,3.38099835902064e-06,0.736754301906845,9,2652,1,"3","diploid","female"
"28","0","0","0","0",-0.364836037158966,2984.22021484375,"map_2754_1_1",5,70,300,20,5,4.30785391639658,0.1,8.9238398031934,0.20452733229554,4.12576960482274,3,0.2,1,77.8009363313846,21.4825110081686,0.001513745512149,0.000763448524937687,0.361726752529541,10,2754,1,"1","diploid","female"
"29","0","0","0","0",-0.364836037158966,2984.22021484375,"map_2754_1_2",5,70,300,20,5,4.1828208177242,0.1,8.86309425837294,0.768353966513592,0.805997497199662,8,0.2,1,77.8009363313846,21.4825110081686,0.00590144484021542,0.00729338150375387,0.337873335928898,10,2754,1,"2","diploid","female"
"30","0","0","0","0",-0.364836037158966,2984.22021484375,"map_2754_1_3",5,70,300,20,5,5.1418737739614,0.1,6.52529402842602,0.10378726682927,2.64459451608938,2,0.2,1,77.8009363313846,21.4825110081686,0.000381871388312626,1.37962143160929e-05,0.88294979785881,10,2754,1,"3","diploid","female"
"31","0","0","0","0",-0.457350522279739,3038.85693359375,"map_2755_1_1",5,70,300,20,5,4.22182746350392,0.1,8.65470137674501,0.126879747036149,4.4493079928972,30,0.2,1,75.620063841937,21.5408620939962,0.000903833535443618,0.000471163283903304,0.323920938618879,11,2755,1,"1","diploid","female"
"32","0","0","0","0",-0.457350522279739,3038.85693359375,"map_2755_1_2",5,70,300,20,5,4.37073290715043,0.1,11.4428255439527,0.163268955366939,4.32222230721277,41,0.2,1,75.620063841937,21.5408620939962,0.00239596160466535,0.00530684950636878,0.449118332750149,11,2755,1,"2","diploid","female"
"33","0","0","0","0",-0.457350522279739,3038.85693359375,"map_2755_1_3",5,70,300,20,5,5.3036329118466,0.1,7.08410431190291,0.0777173645074669,3.48897767044275,63,0.2,1,75.620063841937,21.5408620939962,0.000330345631115809,3.08693218181554e-06,0.596899845162789,11,2755,1,"3","diploid","female"
"34","0","0","0","0",-0.486126601696014,3019.85473632812,"map_2859_1_1",5,70,300,20,5,2.11155524781817,0.1,8.99485256737726,0.165811176201753,3.96472988774299,3,0.2,1,80.4495393239779,21.4740015824108,0.00134238044786208,0.000716555209853686,0.259367899127908,12,2859,1,"1","diploid","female"
"35","0","0","0","0",-0.486126601696014,3019.85473632812,"map_2859_1_2",5,70,300,20,5,6.04627958348456,0.1,11.176918343299,0.212747559998803,3.36548545361528,3,0.2,1,80.4495393239779,21.4740015824108,0.00277311516345267,0.00246474990009304,0.267596437787471,12,2859,1,"2","diploid","female"
"36","0","0","0","0",-0.486126601696014,3019.85473632812,"map_2859_1_3",5,70,300,20,5,2.14958951468198,0.1,7.09689213886391,0.0877016853681211,3.55818732858322,2,0.2,1,80.4495393239779,21.4740015824108,0.000381610568462229,8.96924565813365e-06,0.596025354301576,12,2859,1,"3","diploid","female"
"37","0","0","0","0",-0.634523153305054,3053.2119140625,"map_2860_1_1",5,70,300,20,5,3.42059789220217,0.1,8.8087805206656,0.0792993255979037,3.49736531003434,73,0.2,1,76.8666189960467,21.503315000439,0.000602389241566217,0.000580003390832198,0.690867790532352,13,2860,1,"1","diploid","female"
"38","0","0","0","0",-0.634523153305054,3053.2119140625,"map_2860_1_2",5,70,300,20,5,5.50068423386335,0.1,10.6058907565695,0.223382482505075,2.66917563492299,150,0.2,1,76.8666189960467,21.503315000439,0.00273838286473667,0.00795062702960253,0.805615490389908,13,2860,1,"2","diploid","female"
"39","0","0","0","0",-0.634523153305054,3053.2119140625,"map_2860_1_3",5,70,300,20,5,3.59679111503176,0.1,6.82844148887497,0.0269247211590325,2.0677728060677,132,0.2,1,76.8666189960467,21.503315000439,0.000110090504235923,2.11103966220531e-06,1.24959456600281,13,2860,1,"3","diploid","female"
"40","0","0","0","0",-0.41746661067009,3135.35229492188,"map_2861_1_1",5,70,300,20,5,5.31994751287454,0.1,8.22887808839678,0.213216074171718,5.7249591781403,26,0.2,1,79.2809755509082,20.2576583997488,0.00126734400203183,0.000137003929588054,0.561381181716418,14,2861,1,"1","diploid","female"
"41","0","0","0","0",-0.41746661067009,3135.35229492188,"map_2861_1_2",5,70,300,20,5,6.21546238954572,0.1,7.3462557714167,0.808304767960266,1.2458814529854,34,0.2,1,79.2809755509082,20.2576583997488,0.00376644006101328,0.00103454353074855,0.663506566948835,14,2861,1,"2","diploid","female"
"42","0","0","0","0",-0.41746661067009,3135.35229492188,"map_2861_1_3",5,70,300,20,5,4.68042854226908,0.1,6.42956438866344,0.0819210188827619,3.61797431010765,49,0.2,1,79.2809755509082,20.2576583997488,0.000282203436797352,4.66938520355926e-07,0.833569374560715,14,2861,1,"3","diploid","female"
"43","0","0","0","0",-0.660919785499573,3022.91137695312,"map_2964_1_1",5,70,300,20,5,3.43329184351367,0.1,7.22551827312617,0.155950263192125,3.40533729523052,16,0.2,1,63.6496906276557,21.4648797678393,0.000815502927395045,0.000487328800277722,0.434759945230635,15,2964,1,"1","diploid","female"
"44","0","0","0","0",-0.660919785499573,3022.91137695312,"map_2964_1_2",5,70,300,20,5,5.30896714764898,0.1,10.1571834240535,0.248860580117483,3.26444569029906,21,0.2,1,63.6496906276557,21.4648797678393,0.00354438446615723,0.0147795967331282,0.30911691413315,15,2964,1,"2","diploid","female"
"45","0","0","0","0",-0.660919785499573,3022.91137695312,"map_2964_1_3",5,70,300,20,5,3.76826766354009,0.1,6.17341212432406,0.0630586172064199,2.4638954805356,17,0.2,1,63.6496906276557,21.4648797678393,0.000210892554208185,2.63215931017716e-06,0.905401629445459,15,2964,1,"3","diploid","female"
"46","0","0","0","0",-0.531648576259613,3076.76000976562,"map_2965_1_1",5,70,300,20,5,5.02578913698522,0.1,7.49408715548342,0.060370712023319,4.04109374443216,16,0.2,1,62.1018991696082,20.2902054834207,0.000299600208427734,5.30713647690784e-05,0.627584247556757,16,2965,1,"1","diploid","female"
"47","0","0","0","0",-0.531648576259613,3076.76000976562,"map_2965_1_2",5,70,300,20,5,5.56025183886806,0.1,9.20140187128566,0.112108979251031,3.66476186325339,40,0.2,1,62.1018991696082,20.2902054834207,0.000967455159961614,0.00151615968237155,0.598197736452544,16,2965,1,"2","diploid","female"
"48","0","0","0","0",-0.531648576259613,3076.76000976562,"map_2965_1_3",5,70,300,20,5,5.16572807435948,0.1,6.65135277657753,0.0124324567449885,2.11735278747144,32,0.2,1,62.1018991696082,20.2902054834207,4.74357142762251e-05,8.73838364193054e-07,0.968416150967597,16,2965,1,"3","diploid","female"
"49","0","0","0","0",-0.636561393737793,3003.02612304688,"map_3068_1_1",5,70,300,20,5,1.47861642187188,0.1,9.09068269491796,0.170160298261393,3.22401131102409,3,0.2,1,61.1609918294951,21.8356263560974,0.00138340143918968,0.00105546708154608,0.357098717401355,17,3068,1,"1","diploid","female"
"50","0","0","0","0",-0.636561393737793,3003.02612304688,"map_3068_1_2",5,70,300,20,5,3.91318379596346,0.1,11.9334203114128,0.262714501795942,2.09443021247195,3,0.2,1,61.1609918294951,21.8356263560974,0.00355488059855955,0.00459401512452498,0.341872110303696,17,3068,1,"2","diploid","female"
"51","0","0","0","0",-0.636561393737793,3003.02612304688,"map_3068_1_3",5,70,300,20,5,1.81296362313311,0.1,6.50197788570335,0.101683829283511,2.74422117747151,2,0.2,1,61.1609918294951,21.8356263560974,0.000366036463045553,7.69040602159175e-06,0.698627404243579,17,3068,1,"3","diploid","female"
"52","0","0","0","0",-0.55124819278717,3037.6044921875,"map_3069_1_1",5,70,300,20,5,3.65511777804413,0.1,8.10473583833944,0.157499081564771,3.46773435128351,28,0.2,1,60.6232760526809,21.6493539926354,0.000972955263199174,0.000449103666658278,0.343049335615712,18,3069,1,"1","diploid","female"
"53","0","0","0","0",-0.55124819278717,3037.6044921875,"map_3069_1_2",5,70,300,20,5,3.97845820631599,0.1,11.647062864395,0.20811657837281,2.99203274436169,37,0.2,1,60.6232760526809,21.6493539926354,0.00289750121339957,0.00330891769580849,0.327296495541104,18,3069,1,"2","diploid","female"
"54","0","0","0","0",-0.55124819278717,3037.6044921875,"map_3069_1_3",5,70,300,20,5,4.9606141611171,0.1,7.12260503024462,0.0650906767179383,3.28030508397546,36,0.2,1,60.6232760526809,21.6493539926354,0.000276054292122496,2.53275239006826e-06,0.573859642916748,18,3069,1,"3","diploid","female"
"55","0","0","0","0",-0.63727879524231,3102.81005859375,"map_3070_1_1",5,70,300,20,5,3.76547369759126,0.1,6.13033760714039,0.613854732168823,4.13030682410087,48,0.2,1,81.9802819565681,21.6499265267339,0.00236158192272054,0.00103846115543907,0.565172894158985,19,3070,1,"1","diploid","female"
"56","0","0","0","0",-0.63727879524231,3102.81005859375,"map_3070_1_2",5,70,300,20,5,4.46479292443411,0.1,8.36480856631726,0.722101686437354,0.959001315203908,65,0.2,1,81.9802819565681,21.6499265267339,0.00467500438211849,0.000876104363964534,0.302703828295559,19,3070,1,"2","diploid","female"
"57","0","0","0","0",-0.63727879524231,3102.81005859375,"map_3070_1_3",5,70,300,20,5,4.66918131817552,0.1,5.27516396707362,0.343118027490749,3.24206230797017,118,0.2,1,81.9802819565681,21.6499265267339,0.000796745459846767,2.64084315638328e-06,0.788136958062386,19,3070,1,"3","diploid","female"
"58","0","0","0","0",-0.450167804956436,3068.9248046875,"map_3074_1_1",5,70,300,20,5,4.8202880714535,0.1,7.9435902770589,0.300430288164687,4.89899301610571,30,0.2,1,80.111867312181,21.0182865624412,0.00176470391130613,0.0005251141207114,0.527211991619474,20,3074,1,"1","diploid","female"
"59","0","0","0","0",-0.450167804956436,3068.9248046875,"map_3074_1_2",5,70,300,20,5,4.58764345823012,0.1,8.71186794331694,0.587061230674628,1.81371730103877,72,0.2,1,80.111867312181,21.0182865624412,0.00439452756178404,0.00384250544993261,0.81643124830993,20,3074,1,"2","diploid","female"
"60","0","0","0","0",-0.450167804956436,3068.9248046875,"map_3074_1_3",5,70,300,20,5,5.54661827802406,0.1,8.42697192106532,0.0337134009381534,2.13393306285289,36,0.2,1,80.111867312181,21.0182865624412,0.000205289711624861,2.37707543523897e-06,1.00215207924069,20,3074,1,"3","diploid","female"
"61","0","0","0","0",-0.860665440559387,2974.61328125,"map_3172_1_1",5,70,300,20,5,2.66100357117655,0.1,8.40805399905936,0.291173246172811,2.35668667043603,4,0.2,1,60.4510087198593,21.8562155181783,0.00199151642854165,0.00104229011185079,0.55413301289026,21,3172,1,"1","diploid","female"
"62","0","0","0","0",-0.860665440559387,2974.61328125,"map_3172_1_2",5,70,300,20,5,2.96382316657149,0.1,8.29814900324295,0.787540623404875,1.47648782182934,8,0.2,1,60.4510087198593,21.8562155181783,0.00611143857303936,0.00742729573340398,0.856691791785114,21,3172,1,"2","diploid","female"
"63","0","0","0","0",-0.860665440559387,2974.61328125,"map_3172_1_3",5,70,300,20,5,3.7970479203234,0.1,6.37623340442927,0.0952862589519451,1.6861397316249,2,0.2,1,60.4510087198593,21.8562155181783,0.000325709624305193,5.63940213486271e-07,0.947114770587148,21,3172,1,"3","diploid","female"
"64","0","0","0","0",-0.776373386383057,3003.34985351562,"map_3173_1_1",5,70,300,20,5,3.0528354776313,0.1,8.04091299174201,0.151212437321772,2.80002489965791,7,0.2,1,63.3879402174902,21.5972565326712,0.000935881087481282,0.000548380428876805,0.352940989418057,22,3173,1,"1","diploid","female"
"65","0","0","0","0",-0.776373386383057,3003.34985351562,"map_3173_1_2",5,70,300,20,5,3.23380164153012,0.1,10.5024523257558,0.205889791574897,3.01857129489502,9,0.2,1,63.3879402174902,21.5972565326712,0.00297828922644816,0.00770710995192802,0.32346381767559,22,3173,1,"2","diploid","female"
"66","0","0","0","0",-0.776373386383057,3003.34985351562,"map_3173_1_3",5,70,300,20,5,4.36456840680092,0.1,6.88883558728341,0.0533464612864186,2.54494440154039,3,0.2,1,63.3879402174902,21.5972565326712,0.000207718704568152,6.03809377458444e-07,0.659342031256723,22,3173,1,"3","diploid","female"
"67","0","0","0","0",-0.844617307186127,3037.07885742188,"map_3174_1_1",5,70,300,20,5,1.75642510827536,0.1,9.35279952695924,0.122222394678888,3.05762073934099,7,0.2,1,79.0380131033964,21.60115019586,0.00104274047708545,0.000788725841183322,0.419223059029117,23,3174,1,"1","diploid","female"
"68","0","0","0","0",-0.844617307186127,3037.07885742188,"map_3174_1_2",5,70,300,20,5,5.47645006281082,0.1,10.727120308894,0.248146337779079,2.77156655025982,12,0.2,1,79.0380131033964,21.60115019586,0.00314347811135683,0.00552873438382166,0.43510457852253,23,3174,1,"2","diploid","female"
"69","0","0","0","0",-0.844617307186127,3037.07885742188,"map_3174_1_3",5,70,300,20,5,1.92806580816308,0.1,7.69775243115095,0.0407606040603919,2.62165709379389,5,0.2,1,79.0380131033964,21.60115019586,0.000201251717224747,6.07147303338807e-07,0.780272735787088,23,3174,1,"3","diploid","female"
"70","0","0","0","0",-0.925605535507202,2915.75537109375,"map_3275_1_1",5,70,300,20,5,2.38552591262081,0.1,10.529531456267,0.230076775228141,2.44615248398475,27,0.2,1,61.9927003363834,21.8332631268506,0.00288645737038216,0.0058046969171948,0.474485673706328,24,3275,1,"1","diploid","female"
"71","0","0","0","0",-0.925605535507202,2915.75537109375,"map_3275_1_2",5,70,300,20,5,2.47279303535883,0.1,17.0955971576327,0.42847624561489,0.796240853913087,71,0.2,1,61.9927003363834,21.8332631268506,0.0141880807854352,0.0565302611366199,0.24908042788474,24,3275,1,"2","diploid","female"
"72","0","0","0","0",-0.925605535507202,2915.75537109375,"map_3275_1_3",5,70,300,20,5,3.09802334736482,0.1,7.66083506635523,0.0191779961322184,1.01309144418132,17,0.2,1,61.9927003363834,21.8332631268506,9.53912753569018e-05,5.21899070345051e-07,1.36796196546442,24,3275,1,"3","diploid","female"
"73","0","0","0","0",-0.904919922351837,2932.15258789062,"map_3276_1_1",5,70,300,20,5,2.4135104340932,0.1,10.6389585471724,0.0797775610753787,2.47667235472754,38,0.2,1,63.7896067533778,21.8327116443469,0.000954868364849294,0.00183425255584905,0.484579084057168,25,3276,1,"1","diploid","female"
"74","0","0","0","0",-0.904919922351837,2932.15258789062,"map_3276_1_2",5,70,300,20,5,3.90856903453658,0.1,16.0744415315415,0.108759139465033,2.49483457158477,109,0.2,1,63.7896067533778,21.8327116443469,0.00328782617892796,0.016861710647076,0.479075998146729,25,3276,1,"2","diploid","female"
"75","0","0","0","0",-0.904919922351837,2932.15258789062,"map_3276_1_3",5,70,300,20,5,2.54461213191948,0.1,6.63425827826819,0.0213380797212659,1.29390418057404,75,0.2,1,63.7896067533778,21.8327116443469,8.19523654778457e-05,4.42451507458292e-07,1.18032980319579,25,3276,1,"3","diploid","female"
"76","0","0","0","0",-0.851982116699219,2953.86767578125,"map_3277_1_1",5,70,300,20,5,1.58860191476068,0.1,11.764093243982,0.10363478683763,2.74811583096506,35,0.2,1,62.9729300931443,21.5863007939403,0.00142473748760509,0.00204673862096273,0.577186335238046,26,3277,1,"1","diploid","female"
"77","0","0","0","0",-0.851982116699219,2953.86767578125,"map_3277_1_2",5,70,300,20,5,4.46948882245278,0.1,18.5087734528745,0.307610893540341,1.11083151349121,145,0.2,1,62.9729300931443,21.5863007939403,0.0106021961307449,0.0374983356165096,0.23930577638183,26,3277,1,"2","diploid","female"
"78","0","0","0","0",-0.851982116699219,2953.86767578125,"map_3277_1_3",5,70,300,20,5,1.6744490849183,0.1,6.93094581447578,0.0177319504608727,1.31074262490981,73,0.2,1,62.9729300931443,21.5863007939403,7.47364493804529e-05,4.48811137967321e-07,1.23233387632186,26,3277,1,"3","diploid","female"
"79","0","0","0","0",-0.233471482992172,2951.47045898438,"map_3486_1_1",5,70,300,20,5,4.35901743100752,0.1,10.5470513979686,0.18859688341809,3.51937714560665,36,0.2,1,72.8402597072513,21.6410228733473,0.00212758915376479,0.00258177910654243,0.406549022372517,27,3486,1,"1","diploid","female"
"80","0","0","0","0",-0.233471482992172,2951.47045898438,"map_3486_1_2",5,70,300,20,5,4.3385164006856,0.1,8.39221393261213,0.262701719242851,3.18829995996914,64,0.2,1,72.8402597072513,21.6410228733473,0.00179670306644342,0.00149375165595047,0.397016342017375,27,3486,1,"2","diploid","female"
"81","0","0","0","0",-0.233471482992172,2951.47045898438,"map_3486_1_3",5,70,300,20,5,4.68811701236411,0.1,6.98926037844671,0.0876599098873337,2.80156301408465,56,0.2,1,72.8402597072513,21.6410228733473,0.000355841369192494,1.42713391555557e-05,0.789226484293273,27,3486,1,"3","diploid","female"
"82","0","0","0","0",-0.592703223228455,2939.67944335938,"map_3590_1_1",5,70,300,20,5,3.36351478849812,0.1,7.5852339492448,0.474163734211163,3.30633154995233,19,0.2,1,71.0296828881451,21.6016064640691,0.00282892042955793,0.00259547896418919,0.542042353774171,28,3590,1,"1","diploid","female"
"83","0","0","0","0",-0.592703223228455,2939.67944335938,"map_3590_1_2",5,70,300,20,5,3.34967371295836,0.1,8.90750244974221,0.991624289542352,1.05133801114587,108,0.2,1,71.0296828881451,21.6016064640691,0.00964701354507185,0.0217520545814605,0.455915309018692,28,3590,1,"2","diploid","female"
"84","0","0","0","0",-0.592703223228455,2939.67944335938,"map_3590_1_3",5,70,300,20,5,3.90319324843926,0.1,7.91685846515263,0.0338584350041449,1.43669932414035,4,0.2,1,71.0296828881451,21.6016064640691,0.000183802760398258,2.53200796797001e-06,1.50323751755256,28,3590,1,"3","diploid","female"
"85","0","0","0","0",-0.353633195161819,2973.78076171875,"map_3591_1_1",5,70,300,20,5,4.10659831226499,0.1,12.0386849665778,0.112636298345629,3.72413578615413,13,0.2,1,70.7213663595459,21.6386153346808,0.00148676807334941,0.00132905374430278,0.282728903032346,29,3591,1,"1","diploid","female"
"86","0","0","0","0",-0.353633195161819,2973.78076171875,"map_3591_1_2",5,70,300,20,5,4.22234198592108,0.1,10.7109249114968,0.256228020329905,1.73040764418529,41,0.2,1,70.7213663595459,21.6386153346808,0.00265878380980339,0.00278754360771914,0.224336634881834,29,3591,1,"2","diploid","female"
"87","0","0","0","0",-0.353633195161819,2973.78076171875,"map_3591_1_3",5,70,300,20,5,4.7224683811999,0.1,9.32736786887131,0.0350075458782735,3.61033104594495,12,0.2,1,70.7213663595459,21.6386153346808,0.000261278951740199,2.18322429382658e-06,0.75873410534667,29,3591,1,"3","diploid","female"
"88","0","0","0","0",-0.329372704029083,3016.84985351562,"map_3592_1_1",5,70,300,20,5,4.94904163639952,0.1,6.6122013933953,0.135246779393156,4.51673245278405,24,0.2,1,74.1234686683579,20.9858967558226,0.000617511157134474,0.000487411610846848,0.449374800610851,30,3592,1,"1","diploid","female"
"89","0","0","0","0",-0.329372704029083,3016.84985351562,"map_3592_1_2",5,70,300,20,5,4.38274301091606,0.1,9.13858015792054,0.218247610112964,4.32074235333801,45,0.2,1,74.1234686683579,20.9858967558226,0.00266037068641222,0.00967719439264193,0.394515824308198,30,3592,1,"2","diploid","female"
"90","0","0","0","0",-0.329372704029083,3016.84985351562,"map_3592_1_3",5,70,300,20,5,5.81793190531353,0.1,6.40640869956032,0.058713013547232,2.89391559779311,136,0.2,1,74.1234686683579,20.9858967558226,0.000226525763907029,2.16832706132575e-05,0.557031511787359,30,3592,1,"3","diploid","female"
"91","0","0","0","0",-0.752954065799713,3046.1005859375,"map_3593_1_1",5,70,300,20,5,4.09613207311955,0.1,10.9643952856082,0.0807536113013732,3.8347620621278,31,0.2,1,92.1847380641291,21.0252533613777,0.000984426040590037,0.00151303564692011,0.356856670049833,31,3593,1,"1","diploid","female"
"92","0","0","0","0",-0.752954065799713,3046.1005859375,"map_3593_1_2",5,70,300,20,5,5.87724439685161,0.1,19.7495781367565,0.147021866855323,3.61626926431164,106,0.2,1,92.1847380641291,21.0252533613777,0.0065420620957597,0.038121724913619,0.253151716002019,31,3593,1,"2","diploid","female"
"93","0","0","0","0",-0.752954065799713,3046.1005859375,"map_3593_1_3",5,70,300,20,5,4.06117553306956,0.1,8.05108027215803,0.0221445326840858,2.84450497765135,68,0.2,1,92.1847380641291,21.0252533613777,0.000127613395121598,8.17487188179703e-06,0.769372686386028,31,3593,1,"3","diploid","female"
"94","0","0","0","0",-0.472372323274612,2957.31176757812,"map_3695_1_1",5,70,300,20,5,3.75091251291698,0.1,9.73071473808543,0.238782010758802,2.6498009771366,10,0.2,1,72.0212955791689,21.6232266135654,0.00225531370510596,0.00209918517193209,0.6072138866907,32,3695,1,"1","diploid","female"
"95","0","0","0","0",-0.472372323274612,2957.31176757812,"map_3695_1_2",5,70,300,20,5,5.80310615725757,0.1,10.2723833489421,0.613195979840146,0.965704145085142,42,0.2,1,72.0212955791689,21.6232266135654,0.00646248002980993,0.00567895418795005,0.505967690350747,32,3695,1,"2","diploid","female"
"96","0","0","0","0",-0.472372323274612,2957.31176757812,"map_3695_1_3",5,70,300,20,5,3.4006946054222,0.1,7.83712468492399,0.0250919249453361,2.05096384779286,7,0.2,1,72.0212955791689,21.6232266135654,0.000130884761282858,3.37881989614795e-06,0.929674998507883,32,3695,1,"3","diploid","female"
"97","0","0","0","0",-0.812907218933105,2984.13989257812,"map_3696_1_1",5,70,300,20,5,3.49757488299681,0.1,6.43962470104949,0.212107533410437,3.21984595673418,7,0.2,1,74.1863737233057,20.9794460288182,0.000875277228199156,0.000574470310738998,0.47775709648744,33,3696,1,"1","diploid","female"
"98","0","0","0","0",-0.812907218933105,2984.13989257812,"map_3696_1_2",5,70,300,20,5,4.63589030686337,0.1,13.8707360140271,0.384770888065187,1.34156265480883,9,0.2,1,74.1863737233057,20.9794460288182,0.00847809624345625,0.0302542696974236,0.319326880143013,33,3696,1,"2","diploid","female"
"99","0","0","0","0",-0.812907218933105,2984.13989257812,"map_3696_1_3",5,70,300,20,5,3.59070271681968,0.1,5.32011175660095,0.134633464622301,1.3564335888102,2,0.2,1,74.1863737233057,20.9794460288182,0.00031281352509068,1.01847265919787e-06,1.02485464192865,33,3696,1,"3","diploid","female"
"100","0","0","0","0",-0.861461460590363,3170.83911132812,"map_3701_1_1",5,70,300,20,5,5.03653866933425,0.1,11.3264884727737,0.247857145428026,5.47803328971961,75,0.2,1,167.727573851018,19.9083814473115,0.00354643412987388,0.00653404986069043,0.226494618799702,34,3701,1,"1","diploid","female"
"101","0","0","0","0",-0.861461460590363,3170.83911132812,"map_3701_1_2",5,70,300,20,5,3.92112519631135,0.1,14.5386145355814,0.388013797939489,2.35653577679331,95,0.2,1,167.727573851018,19.9083814473115,0.0096446065093225,0.0294715066865703,0.226496634907001,34,3701,1,"2","diploid","female"
"102","0","0","0","0",-0.861461460590363,3170.83911132812,"map_3701_1_3",5,70,300,20,5,4.89929167743237,0.1,8.61511400034091,0.0198486523194459,1.26200470219374,42,0.2,1,167.727573851018,19.9083814473115,0.000138543232600537,7.24484690343992e-06,0.805365568870478,34,3701,1,"3","diploid","female"
"103","0","0","0","0",-0.904599010944366,3197.70434570312,"map_3702_1_1",5,70,300,20,5,6.21516253274247,0.1,12.8914698521808,0.17995212227005,4.77063660938474,47,0.2,1,159.693643196081,18.7286904145977,0.00327467946464471,0.00773738451345423,0.18986900955845,35,3702,1,"1","diploid","female"
"104","0","0","0","0",-0.904599010944366,3197.70434570312,"map_3702_1_2",5,70,300,20,5,3.43194403548275,0.1,17.6611634423516,0.335117535684147,1.5495197610315,88,0.2,1,159.693643196081,18.7286904145977,0.010868794183544,0.0338251807221635,0.106940134199637,35,3702,1,"2","diploid","female"
"105","0","0","0","0",-0.904599010944366,3197.70434570312,"map_3702_1_3",5,70,300,20,5,5.51698489525658,0.1,7.67997337764243,0.00254453482310308,0.342331650959851,28,0.2,1,159.693643196081,18.7286904145977,1.35205777858854e-05,3.3617906085946e-06,0.719370278165047,35,3702,1,"3","diploid","female"
"106","0","0","0","0",-0.890967667102814,3228.64868164062,"map_3703_1_1",5,70,300,20,5,5.09287881952803,0.1,7.94127330409118,0.357626996650175,7.18683270604257,20,0.2,1,153.898534096753,18.7389595204942,0.00266172114701709,0.0040788618884957,0.265030900970214,36,3703,1,"1","diploid","female"
"107","0","0","0","0",-0.890967667102814,3228.64868164062,"map_3703_1_2",5,70,300,20,5,8.02171985246163,0.1,9.56511365756099,0.502012053458922,3.51492077421925,30,0.2,1,153.898534096753,18.7389595204942,0.00637470823784915,0.0174381494413498,0.288740926602541,36,3703,1,"2","diploid","female"
"108","0","0","0","0",-0.890967667102814,3228.64868164062,"map_3703_1_3",5,70,300,20,5,3.17788453324375,0.1,7.96801489502541,0.00696530513579653,0.29746573958773,48,0.2,1,153.898534096753,18.7389595204942,3.72519604402392e-05,1.26408957715553e-07,0.89034614596063,36,3703,1,"3","diploid","female"
"109","0","0","0","0",-0.920718967914581,3252.97436523438,"map_3704_1_1",5,70,300,20,5,6.07859741139471,0.1,10.2912502350636,0.389094023735907,3.55817425341043,8,0.2,1,157.534773741054,18.7422075810227,0.00440244289715304,0.00818630154118903,0.209778280012826,37,3704,1,"1","diploid","female"
"110","0","0","0","0",-0.920718967914581,3252.97436523438,"map_3704_1_2",5,70,300,20,5,3.46418171607046,0.1,10.3140765037907,0.670762127209272,0.556296144512086,11,0.2,1,157.534773741054,18.7422075810227,0.00781113972870399,0.0158735024588711,0.219815299356573,37,3704,1,"2","diploid","female"
"111","0","0","0","0",-0.920718967914581,3252.97436523438,"map_3704_1_3",5,70,300,20,5,0,0.1,6.61985399436198,0.00682279743298893,0.109663886712282,2,0.2,1,157.534773741054,18.7422075810227,2.5636258547617e-05,6.29667290935685e-08,0.149858097877987,37,3704,1,"3","diploid","female"
"112","0","0","0","0",-0.0775306895375252,3080.07177734375,"map_3791_1_1",5,70,300,20,5,7.57989389667387,0.1,8.30001387443847,0.060765133275829,6.62027627005071,14,0.2,1,79.7283365496765,20.1113273424168,0.000376167934240028,8.22471167228413e-05,0.438169604846802,38,3791,1,"1","diploid","female"
"113","0","0","0","0",-0.0775306895375252,3080.07177734375,"map_3791_1_2",5,70,300,20,5,5.31352776184846,0.1,13.0826695190049,0.113611438121208,3.97775092209312,32,0.2,1,79.7283365496765,20.1113273424168,0.00197411163224019,0.00431933364819704,0.488726763107496,38,3791,1,"2","diploid","female"
"114","0","0","0","0",-0.0775306895375252,3080.07177734375,"map_3791_1_3",5,70,300,20,5,8.07535407446347,0.1,7.55344418739972,0.0153940706287653,3.34094681888742,65,0.2,1,79.7283365496765,20.1113273424168,7.58315546501593e-05,4.29768228269148e-06,0.745307303472849,38,3791,1,"3","diploid","female"
"115","0","0","0","0",-0.150173261761665,2992.1298828125,"map_3792_1_1",5,70,300,20,5,3.54000406675668,0.1,9.16760982123439,0.112674682827102,5.54913270727183,18,0.2,1,82.2325029594954,20.0757691656896,0.000846876508722807,0.000415435798343337,0.493621145406792,39,3792,1,"1","diploid","female"
"116","0","0","0","0",-0.150173261761665,2992.1298828125,"map_3792_1_2",5,70,300,20,5,6.38859856387032,0.1,10.7839058299144,0.516879768232617,1.70625885411908,105,0.2,1,82.2325029594954,20.0757691656896,0.00717993089808157,0.0279220415888292,0.388357415271442,39,3792,1,"2","diploid","female"
"117","0","0","0","0",-0.150173261761665,2992.1298828125,"map_3792_1_3",5,70,300,20,5,3.13914584172333,0.1,8.30299344602895,0.0173863119955315,2.71961648051706,32,0.2,1,82.2325029594954,20.0757691656896,0.000104812989839667,1.07653786122209e-05,0.771738888034331,39,3792,1,"3","diploid","female"
"118","0","0","0","0",-0.884571433067322,2956.37036132812,"map_3800_1_1",5,70,300,20,5,3.24013903171692,0.1,8.32925336929972,0.189863700265212,2.87878743770911,4,0.2,1,69.7824196641231,21.0599975438081,0.00126743506692647,0.000629964771540254,0.449223377064454,40,3800,1,"1","diploid","female"
"119","0","0","0","0",-0.884571433067322,2956.37036132812,"map_3800_1_2",5,70,300,20,5,4.16624245246431,0.1,13.9941681530111,0.387320558403185,0.915341739411658,6,0.2,1,69.7824196641231,21.0599975438081,0.00852069820078138,0.018380448205646,0.192115796441627,40,3800,1,"2","diploid","female"
"120","0","0","0","0",-0.884571433067322,2956.37036132812,"map_3800_1_3",5,70,300,20,5,3.26641656111778,0.1,6.27480280392156,0.044836274285477,1.54188575515382,2,0.2,1,69.7824196641231,21.0599975438081,0.000144894246293381,2.9655500865286e-07,1.02735589882282,40,3800,1,"3","diploid","female"
"121","0","0","0","0",-0.945974707603455,2965.47583007812,"map_3801_1_1",5,70,300,20,5,3.21530442348707,0.1,10.6478535962378,0.0987617595531678,2.70291880122553,28,0.2,1,89.1937246100847,21.032174724017,0.00113039312456345,0.0019903751329679,0.616951723530197,41,3801,1,"1","diploid","female"
"122","0","0","0","0",-0.945974707603455,2965.47583007812,"map_3801_1_2",5,70,300,20,5,2.78750522528672,0.1,15.0830936296197,0.424014889236982,1.23571288888924,82,0.2,1,89.1937246100847,21.032174724017,0.0119028501803489,0.0746742478081677,0.506923663635373,41,3801,1,"2","diploid","female"
"123","0","0","0","0",-0.945974707603455,2965.47583007812,"map_3801_1_3",5,70,300,20,5,4.12338969105437,0.1,7.54819996254806,0.0107617428549418,1.39734964178726,21,0.2,1,89.1937246100847,21.032174724017,5.21460014759749e-05,7.2911804919551e-07,1.08263063531056,41,3801,1,"3","diploid","female"
"124","0","0","0","0",-0.835117936134338,3066.89721679688,"map_3804_1_1",5,70,300,20,5,4.66758294319602,0.1,8.02495815061572,0.112375650740357,3.94328811036052,5,0.2,1,87.8710293944096,19.9822496802836,0.000633285706954531,8.0071151180033e-05,0.404071548324263,42,3804,1,"1","diploid","female"
"125","0","0","0","0",-0.835117936134338,3066.89721679688,"map_3804_1_2",5,70,300,20,5,3.24015199314673,0.1,13.7812908106849,0.238501714147975,2.8245230610846,10,0.2,1,87.8710293944096,19.9822496802836,0.0051655224399831,0.0139109614231236,0.246068632962563,42,3804,1,"2","diploid","female"
"126","0","0","0","0",-0.835117936134338,3066.89721679688,"map_3804_1_3",5,70,300,20,5,5.95391629961157,0.1,7.11738478973524,0.0215764262003488,1.84888783596541,4,0.2,1,87.8710293944096,19.9822496802836,9.02929794265717e-05,1.28066651146568e-07,0.79439564580622,42,3804,1,"3","diploid","female"
"127","0","0","0","0",-0.911488592624664,3109.03979492188,"map_3805_1_1",5,70,300,20,5,7.01947440137294,0.1,10.8519657876617,0.173675632924891,5.43738955717232,62,0.2,1,158.707259130636,19.9653415986206,0.0024389549897537,0.0072566991840506,0.326572742640937,43,3805,1,"1","diploid","female"
"128","0","0","0","0",-0.911488592624664,3109.03979492188,"map_3805_1_2",5,70,300,20,5,8.14363860345486,0.1,21.3625809975305,0.292401773323696,3.04482446026766,86,0.2,1,158.707259130636,19.9653415986206,0.0146745573027411,0.0871076591059963,0.130261556442833,43,3805,1,"2","diploid","female"
"129","0","0","0","0",-0.911488592624664,3109.03979492188,"map_3805_1_3",5,70,300,20,5,5.73021165891003,0.1,9.07715794438834,0.0213920809738328,1.56440296254936,46,0.2,1,158.707259130636,19.9653415986206,0.000152010272897328,1.70208741454233e-05,0.87049490122043,43,3805,1,"3","diploid","female"
"130","0","0","0","0",-0.972898662090302,3131.078125,"map_3806_1_1",5,70,300,20,5,5.89878077662127,0.1,9.29581215459518,0.229240727001183,6.34679285213242,5,0.2,1,156.330917827315,18.7373072454172,0.0022284890892004,0.00484723839140132,0.286837874291425,44,3806,1,"1","diploid","female"
"131","0","0","0","0",-0.972898662090302,3131.078125,"map_3806_1_2",5,70,300,20,5,3.11531922238359,0.1,18.8453756496752,0.380229232472451,2.53624092327007,11,0.2,1,156.330917827315,18.7373072454172,0.0167805256090095,0.0851497585624367,0.126494921377027,44,3806,1,"2","diploid","female"
"132","0","0","0","0",-0.972898662090302,3131.078125,"map_3806_1_3",5,70,300,20,5,0,0.1,8.06812997176565,0.00163783523124068,0.082644674151304,3,0.2,1,156.330917827315,18.7373072454172,9.9574533269055e-06,1.17152585532658e-06,0.721180811814452,44,3806,1,"3","diploid","female"
"133","0","0","0","0",-0.936655461788177,3156.57373046875,"map_3807_1_1",5,70,300,20,5,8.94407779249809,0.1,10.3317944519553,0.252575515952203,6.99698212748189,66,0.2,1,160.27482057489,18.7369185455086,0.00271631189737506,0.00278725474022051,0.241817982435463,45,3807,1,"1","diploid","female"
"134","0","0","0","0",-0.936655461788177,3156.57373046875,"map_3807_1_2",5,70,300,20,5,7.44299888746789,0.1,17.5537963203064,0.457887144474306,1.71808133073486,240,0.2,1,160.27482057489,18.7369185455086,0.0135902989953956,0.033861337181899,0.0380625978762114,45,3807,1,"2","diploid","female"
"135","0","0","0","0",-0.936655461788177,3156.57373046875,"map_3807_1_3",5,70,300,20,5,0,0.1,8.8664822079294,0.00593809703821464,0.202495034396943,60,0.2,1,160.27482057489,18.7369185455086,3.97617087712069e-05,1.78138595173625e-06,0.541537569490909,45,3807,1,"3","diploid","female"
"136","0","0","0","0",-0.941332876682281,3183.19653320312,"map_3808_1_1",5,70,300,20,5,8.92868299158127,0.1,10.8114871216945,0.16264549958524,5.25439549573095,43,0.2,1,163.327759118571,18.7195541892997,0.00206235700723609,0.00406725264942033,0.293144071478082,46,3808,1,"1","diploid","female"
"137","0","0","0","0",-0.941332876682281,3183.19653320312,"map_3808_1_2",5,70,300,20,5,7.57129497478127,0.1,16.2675100273768,0.291478282187398,2.31246200963476,84,0.2,1,163.327759118571,18.7195541892997,0.00911399685076892,0.0397118692169551,0.178894787835549,46,3808,1,"2","diploid","female"
"138","0","0","0","0",-0.941332876682281,3183.19653320312,"map_3808_1_3",5,70,300,20,5,0,0.1,7.73379438471858,0.00207792237595291,0.306877814074425,28,0.2,1,163.327759118571,18.7195541892997,1.11287221263348e-05,1.28116830398628e-06,0.707057023285894,46,3808,1,"3","diploid","female"
"139","0","0","0","0",-0.667052984237671,3222.68359375,"map_3810_1_1",5,70,300,20,5,6.7218854132793,0.1,9.89670038673387,0.378287575537869,5.37072678605175,25,0.2,1,153.527805379063,19.0200282991395,0.00414875597215745,0.00704577373410198,0.225996412155711,47,3810,1,"1","diploid","female"
"140","0","0","0","0",-0.667052984237671,3222.68359375,"map_3810_1_2",5,70,300,20,5,4.01754991284944,0.1,10.7964364018067,0.577673579299925,1.10040629962216,40,0.2,1,153.527805379063,19.0200282991395,0.00749602120629291,0.0155163643469386,0.24695196965221,47,3810,1,"2","diploid","female"
"141","0","0","0","0",-0.667052984237671,3222.68359375,"map_3810_1_3",5,70,300,20,5,5.25840856228773,0.1,5.71902932386784,0.191072045229398,2.00604560233623,4,0.2,1,153.527805379063,19.0200282991395,0.000552883470978587,1.55973943401525e-05,0.828296971796836,47,3810,1,"3","diploid","female"
"142","0","0","0","0",-0.846039652824402,3245.07275390625,"map_3812_1_1",5,70,300,20,5,3.75238996549553,0.1,11.7678325593327,0.206846943705272,4.1000464594369,30,0.2,1,142.485432520261,19.005761403182,0.00335242270129087,0.0107933122744025,0.260277556662198,48,3812,1,"1","diploid","female"
"143","0","0","0","0",-0.846039652824402,3245.07275390625,"map_3812_1_2",5,70,300,20,5,6.293369112532,0.1,12.661613856369,0.27463725726975,1.8806798459607,55,0.2,1,142.485432520261,19.005761403182,0.00536746137187452,0.0205993287431873,0.332225273176832,48,3812,1,"2","diploid","female"
"144","0","0","0","0",-0.846039652824402,3245.07275390625,"map_3812_1_3",5,70,300,20,5,2.32638813905127,0.1,5.61070540164182,0.00885703352986564,0.246938056725598,31,0.2,1,142.485432520261,19.005761403182,2.3459438564465e-05,1.68960196699408e-07,0.328060747773768,48,3812,1,"3","diploid","female"
"145","0","0","0","0",0.192412167787552,2994.11791992188,"map_3896_1_1",5,70,300,20,5,8.56938395444871,0.1,9.76803002808987,0.0956673338416498,7.23842799507012,18,0.2,1,105.533850090052,20.1909275593552,0.000933059947712666,0.00162116205375069,0.340364911491278,49,3896,1,"1","diploid","female"
"146","0","0","0","0",0.192412167787552,2994.11791992188,"map_3896_1_2",5,70,300,20,5,5.71636589873737,0.1,15.2613099859345,0.224703619180094,3.89996543383232,64,0.2,1,105.533850090052,20.1909275593552,0.00680016839546194,0.0313500463209807,0.211839689580828,49,3896,1,"2","diploid","female"
"147","0","0","0","0",0.192412167787552,2994.11791992188,"map_3896_1_3",5,70,300,20,5,8.2686450232921,0.1,9.11857272420591,0.0312505383589693,5.20170393366329,107,0.2,1,105.533850090052,20.1909275593552,0.000254547083264521,0.000308251038265693,0.482002875496304,49,3896,1,"3","diploid","female"
"148","0","0","0","0",-0.92236864566803,2925.67700195312,"map_3904_1_1",5,70,300,20,5,2.49615067675154,0.1,6.71733024575174,0.250064334718056,2.26264905461474,14,0.2,1,30.6929367743061,21.6951922525467,0.0010752143763639,0.000359521705021522,0.380860152350487,50,3904,1,"1","diploid","female"
"149","0","0","0","0",-0.92236864566803,2925.67700195312,"map_3904_1_2",5,70,300,20,5,2.51120869568244,0.1,7.9442004338429,0.432733451253939,1.35345956924522,28,0.2,1,30.6929367743061,21.6951922525467,0.00296727734256291,0.0030728442301081,0.302541105400939,50,3904,1,"2","diploid","female"
"150","0","0","0","0",-0.92236864566803,2925.67700195312,"map_3904_1_3",5,70,300,20,5,3.28883347134538,0.1,5.35814461547962,0.0481461925479145,0.884144799521616,5,0.2,1,30.6929367743061,21.6951922525467,0.000114026747440092,5.2654472907776e-09,1.21655835805853,50,3904,1,"3","diploid","female"
"151","0","0","0","0",-0.920646369457245,2933.58349609375,"map_3906_1_1",5,70,300,20,5,2.51781014657137,0.1,9.94641447511193,0.0803671114411236,2.09341553774057,11,0.2,1,31.0036498389371,21.6491479208303,0.000735399947226749,0.00033124728099681,0.537688653963335,51,3906,1,"1","diploid","female"
"152","0","0","0","0",-0.920646369457245,2933.58349609375,"map_3906_1_2",5,70,300,20,5,2.54987675723752,0.1,11.7650048101622,0.325232682162803,0.839781945191753,62,0.2,1,31.0036498389371,21.6491479208303,0.00438792907083632,0.00406177796743203,0.357781373256488,51,3906,1,"2","diploid","female"
"153","0","0","0","0",-0.920646369457245,2933.58349609375,"map_3906_1_3",5,70,300,20,5,3.41543957030288,0.1,7.25596421736107,0.0100735369135478,1.12989917124767,9,0.2,1,31.0036498389371,21.6491479208303,4.45226394638953e-05,1.58103452316933e-08,1.45130847062072,51,3906,1,"3","diploid","female"
"154","0","0","0","0",-0.806814908981323,2960.16333007812,"map_3907_1_1",5,70,300,20,5,2.4218072700875,0.1,5.58016676450064,0.41341719276805,2.89163683718802,6,0.2,1,28.8615006521295,21.291999426131,0.00111280829075378,4.34055503799487e-05,0.596476956095528,52,3907,1,"1","diploid","female"
"155","0","0","0","0",-0.806814908981323,2960.16333007812,"map_3907_1_2",5,70,300,20,5,3.2578255503703,0.1,6.90688135774683,0.771927177047157,1.32422767303565,9,0.2,1,28.8615006521295,21.291999426131,0.00362797452909817,0.0011619198505437,0.38909428732137,52,3907,1,"2","diploid","female"
"156","0","0","0","0",-0.806814908981323,2960.16333007812,"map_3907_1_3",5,70,300,20,5,2.77662742573755,0.1,5.14237068314191,0.216969498147069,1.33950517180699,2,0.2,1,28.8615006521295,21.291999426131,0.000456096837433506,5.2764409037935e-09,1.33509063466171,52,3907,1,"3","diploid","female"
"157","0","0","0","0",-0.905501186847687,2995.88720703125,"map_3908_1_1",5,70,300,20,5,2.34128637063554,0.1,6.7646733990664,0.131157000290814,2.65364796743601,14,0.2,1,27.6116776119831,21.3104479326098,0.000537982813301848,2.59762496898525e-05,0.801644090022977,53,3908,1,"1","diploid","female"
"158","0","0","0","0",-0.905501186847687,2995.88720703125,"map_3908_1_2",5,70,300,20,5,3.29977430323932,0.1,9.97059971450721,0.327736627860986,1.35593416232975,31,0.2,1,27.6116776119831,21.3104479326098,0.00312040983685812,0.00263520531746869,0.446152589448419,53,3908,1,"2","diploid","female"
"159","0","0","0","0",-0.905501186847687,2995.88720703125,"map_3908_1_3",5,70,300,20,5,2.87806214993101,0.1,5.44699036322112,0.0425638021493712,1.23151841417618,13,0.2,1,27.6116776119831,21.3104479326098,0.000104379031414128,3.63476027260404e-09,1.5234268672877,53,3908,1,"3","diploid","female"
"160","0","0","0","0",-0.956486403942108,3022.45092773438,"map_3909_1_1",5,70,300,20,5,1.3792280321737,0.1,6.19356794228319,0.292909028369713,2.25434817173903,25,0.2,1,34.6873809934851,21.2932131335321,0.000943531882636474,2.87086279691445e-05,0.691926558873629,54,3909,1,"1","diploid","female"
"161","0","0","0","0",-0.956486403942108,3022.45092773438,"map_3909_1_2",5,70,300,20,5,3.73430515518338,0.1,5.8673885171854,1.02455168248063,1.82243468806676,87,0.2,1,34.6873809934851,21.2932131335321,0.00317470880745527,0.000880322722072366,1.11431299417693,54,3909,1,"2","diploid","female"
"162","0","0","0","0",-0.956486403942108,3022.45092773438,"map_3909_1_3",5,70,300,20,5,1.6739680454129,0.1,6.03189776122977,0.0633353231551167,1.77561690208818,20,0.2,1,34.6873809934851,21.2932131335321,0.000184919488556418,3.20284857158367e-09,0.911581630331615,54,3909,1,"3","diploid","female"
"163","0","0","0","0",-0.952602863311768,3047.53247070312,"map_3910_1_1",5,70,300,20,5,3.40664350215545,0.1,5.61905163153746,0.205395599191446,2.67749976071695,4,0.2,1,35.9059965460007,20.7562617896535,0.000546459540742187,6.13329688147758e-06,0.568566949281177,55,3910,1,"1","diploid","female"
"164","0","0","0","0",-0.952602863311768,3047.53247070312,"map_3910_1_2",5,70,300,20,5,2.8736689315253,0.1,5.93261088298541,0.322486413270694,2.61537482213267,4,0.2,1,35.9059965460007,20.7562617896535,0.00108946464799537,0.000503811844947429,0.674083966423351,55,3910,1,"2","diploid","female"
"165","0","0","0","0",-0.952602863311768,3047.53247070312,"map_3910_1_3",5,70,300,20,5,5.02754397401779,0.1,5.32114415992046,0.114762339316142,1.58311573943083,2,0.2,1,35.9059965460007,20.7562617896535,0.000261560009359934,9.24239948097512e-09,0.945332328088825,55,3910,1,"3","diploid","female"
"166","0","0","0","0",-0.944451749324799,3072.35961914062,"map_3911_1_1",5,70,300,20,5,1.61911562872626,0.1,8.19256445782363,0.0688504006474155,2.41395108980943,8,0.2,1,32.1830511639681,20.7545652273353,0.000379151069565914,7.68741066051288e-06,0.88503724828646,56,3911,1,"1","diploid","female"
"167","0","0","0","0",-0.944451749324799,3072.35961914062,"map_3911_1_2",5,70,300,20,5,3.84842835398327,0.1,7.2523795470567,0.81744158916829,0.946389467032011,123,0.2,1,32.1830511639681,20.7545652273353,0.00385644067747084,0.000779522459340573,0.8908762072166,56,3911,1,"2","diploid","female"
"168","0","0","0","0",-0.944451749324799,3072.35961914062,"map_3911_1_3",5,70,300,20,5,1.91754017204924,0.1,6.86677201806629,0.00671922256177667,1.51605312309303,9,0.2,1,32.1830511639681,20.7545652273353,2.63871053810421e-05,5.11318349526639e-09,1.41963579539494,56,3911,1,"3","diploid","female"
"169","0","0","0","0",-0.916541457176208,3101.38598632812,"map_3912_1_1",5,70,300,20,5,3.58709780210193,0.1,5.79667283954467,0.133166430041818,2.52441900300637,12,0.2,1,32.6899407725794,20.7588321151395,0.000391860287952318,6.22876951356282e-06,0.573935645424074,57,3912,1,"1","diploid","female"
"170","0","0","0","0",-0.916541457176208,3101.38598632812,"map_3912_1_2",5,70,300,20,5,3.17819725102842,0.1,8.19343265839341,0.173571521063921,1.80507166291724,16,0.2,1,32.6899407725794,20.7588321151395,0.00115261674956517,0.00021280108152871,0.546158564549949,57,3912,1,"2","diploid","female"
"171","0","0","0","0",-0.916541457176208,3101.38598632812,"map_3912_1_3",5,70,300,20,5,4.99838821866158,0.1,5.3771677774946,0.0356056795877406,1.49125232005791,12,0.2,1,32.6899407725794,20.7588321151395,8.46445076867561e-05,5.57722638749151e-09,1.08751833682355,57,3912,1,"3","diploid","female"
"172","0","0","0","0",-0.862296938896179,3138.79345703125,"map_3913_1_1",5,70,300,20,5,2.23335752789405,0.1,6.27397548514901,0.258627100774107,4.26559816981348,5,0.2,1,59.6639077940652,20.359727993624,0.000923418330288296,6.67257996413802e-05,0.481682298229408,58,3913,1,"1","diploid","female"
"173","0","0","0","0",-0.862296938896179,3138.79345703125,"map_3913_1_2",5,70,300,20,5,4.9640337496708,0.1,7.02307182436235,0.378014086783698,3.15193964352207,4,0.2,1,59.6639077940652,20.359727993624,0.00180244983459147,0.000401721083394916,0.526363155952641,58,3913,1,"2","diploid","female"
"174","0","0","0","0",-0.862296938896179,3138.79345703125,"map_3913_1_3",5,70,300,20,5,2.2218929794971,0.1,5.49081672744144,0.153631162991639,2.63636050040055,3,0.2,1,59.6639077940652,20.359727993624,0.000382788107762284,2.67844469883191e-07,0.868662640670568,58,3913,1,"3","diploid","female"
"175","0","0","0","0",-0.8231081366539,3154.34497070312,"map_3914_1_1",5,70,300,20,5,4.01174048595209,0.1,6.99650945961441,0.191186674954203,3.56852016770014,21,0.2,1,62.8283324732733,20.3432329733374,0.000827689534391239,0.000132769144887177,0.532671957479518,59,3914,1,"1","diploid","female"
"176","0","0","0","0",-0.8231081366539,3154.34497070312,"map_3914_1_2",5,70,300,20,5,4.86827980693871,0.1,6.96699971020385,0.313594257187107,2.78874609520094,35,0.2,1,62.8283324732733,20.3432329733374,0.00149097644418624,0.000951878271049466,0.729027349123055,59,3914,1,"2","diploid","female"
"177","0","0","0","0",-0.8231081366539,3154.34497070312,"map_3914_1_3",5,70,300,20,5,3.79866738059704,0.1,6.58265055885049,0.0397483699775547,2.50648215505075,27,0.2,1,62.8283324732733,20.3432329733374,0.000140097312917591,7.86438609321418e-08,0.884428302093502,59,3914,1,"3","diploid","female"
"178","0","0","0","0",-0.59453821182251,3222.84765625,"map_3919_1_1",5,70,300,20,5,5.83367018489722,0.1,12.7811646686088,0.268669004800099,5.18811206024857,85,0.2,1,142.749524861079,20.1515688320595,0.00536704867159604,0.0174362244771486,0.176950629326729,60,3919,1,"1","diploid","female"
"179","0","0","0","0",-0.59453821182251,3222.84765625,"map_3919_1_2",5,70,300,20,5,4.79381269968061,0.1,12.8536752823496,0.261061549808013,3.67573457349578,77,0.2,1,142.749524861079,20.1515688320595,0.00507807254749191,0.0140064439476851,0.261390629002902,60,3919,1,"2","diploid","female"
"180","0","0","0","0",-0.59453821182251,3222.84765625,"map_3919_1_3",5,70,300,20,5,4.37991820859439,0.1,6.80926562001457,0.139314424632026,3.99903998584533,64,0.2,1,142.749524861079,20.1515688320595,0.000594030095503454,8.48162982517376e-05,0.500320398572645,60,3919,1,"3","diploid","female"
"181","0","0","0","0",-0.865955233573914,3249.96875,"map_3920_1_1",5,70,300,20,5,6.12109689900653,0.1,15.7479678469053,0.340728670620896,2.66156937130839,66,0.2,1,149.028862278327,20.1567869788389,0.00940838268133324,0.0343537485773129,0.111296187828384,61,3920,1,"1","diploid","female"
"182","0","0","0","0",-0.865955233573914,3249.96875,"map_3920_1_2",5,70,300,20,5,7.66190603382672,0.1,14.6345808505702,0.385839706434017,1.262080173205,84,0.2,1,149.028862278327,20.1567869788389,0.00872083236671566,0.0270561218205947,0.181061972150481,61,3920,1,"2","diploid","female"
"183","0","0","0","0",-0.865955233573914,3249.96875,"map_3920_1_3",5,70,300,20,5,3.68797614337274,0.1,7.33143672387132,0.112489619682959,3.00545993569828,53,0.2,1,149.028862278327,20.1567869788389,0.000565612591798065,2.46517770041509e-05,0.388667801680113,61,3920,1,"3","diploid","female"
"184","0","0","0","0",0.179017141461372,3011.1748046875,"map_4000_1_1",5,70,300,20,5,8.61256427189502,0.1,9.53141738811861,0.155384375048324,8.85725814120772,30,0.2,1,106.296989073389,20.1638167794229,0.00141459415202702,0.000677242388529976,0.270348073710252,62,4000,1,"1","diploid","female"
"185","0","0","0","0",0.179017141461372,3011.1748046875,"map_4000_1_2",5,70,300,20,5,5.8596537209445,0.1,15.997049676493,0.30344806200344,3.4099937172902,64,0.2,1,106.296989073389,20.1638167794229,0.00822748657862165,0.02827121414968,0.200247664752174,62,4000,1,"2","diploid","female"
"186","0","0","0","0",0.179017141461372,3011.1748046875,"map_4000_1_3",5,70,300,20,5,8.43586155205666,0.1,9.0669202704332,0.0530641133968898,4.21839268657068,130,0.2,1,106.296989073389,20.1638167794229,0.000410968480205693,6.38420191049472e-05,0.487427817349765,62,4000,1,"3","diploid","female"
"187","0","0","0","0",0.310723572969437,2923.95434570312,"map_4001_1_1",5,70,300,20,5,8.64203493741463,0.1,11.5693667197737,0.196479637065735,8.91518631145859,54,0.2,1,109.838081714719,20.1621168945583,0.00295830344452137,0.00474136375621987,0.233874321201457,63,4001,1,"1","diploid","female"
"188","0","0","0","0",0.310723572969437,2923.95434570312,"map_4001_1_2",5,70,300,20,5,5.25996916794356,0.1,17.2542442920958,0.518568565444079,1.04278668580029,81,0.2,1,109.838081714719,20.1621168945583,0.0155816053242803,0.0582218452794624,0.111247003582681,63,4001,1,"2","diploid","female"
"189","0","0","0","0",0.310723572969437,2923.95434570312,"map_4001_1_3",5,70,300,20,5,7.21382831432544,0.1,6.90435451320146,0.0254144351258638,0.711043348879624,53,0.2,1,109.838081714719,20.1621168945583,0.000127696802231038,0.00010179052274789,0.453387893009158,63,4001,1,"3","diploid","female"
"190","0","0","0","0",-0.892697036266327,2934.44995117188,"map_4013_1_1",5,70,300,20,5,2.84751517532605,0.1,8.30644268687885,0.0526339068030087,2.29512278961817,19,0.2,1,31.7862317997752,21.2595796754062,0.000336853606833837,9.42657261506881e-05,0.59926557697092,64,4013,1,"1","diploid","female"
"191","0","0","0","0",-0.892697036266327,2934.44995117188,"map_4013_1_2",5,70,300,20,5,2.51869042785611,0.1,11.8492400065853,0.0764077923975841,2.26241390618656,56,0.2,1,31.7862317997752,21.2595796754062,0.00122586576116295,0.00308829438211215,0.578785265065093,64,4013,1,"2","diploid","female"
"192","0","0","0","0",-0.892697036266327,2934.44995117188,"map_4013_1_3",5,70,300,20,5,3.75460922395796,0.1,6.25295806634827,0.0122254176126458,0.950967403550866,34,0.2,1,31.7862317997752,21.2595796754062,4.07509031664644e-05,1.21010983260095e-08,1.41185172904629,64,4013,1,"3","diploid","female"
"193","0","0","0","0",-0.855232119560242,2970.0712890625,"map_4014_1_1",5,70,300,20,5,3.42181550750774,0.1,7.67231611715699,0.0340140264264722,2.3994431822175,9,0.2,1,35.4465989163548,20.7063348438521,0.000176685268615823,2.35896353439653e-05,0.433672489837739,65,4014,1,"1","diploid","female"
"194","0","0","0","0",-0.855232119560242,2970.0712890625,"map_4014_1_2",5,70,300,20,5,2.63809273574497,0.1,20.1144399573089,0.103744871257394,2.27843203535528,27,0.2,1,35.4465989163548,20.7063348438521,0.00410808320409859,0.012715362683705,0.327993557222172,65,4014,1,"2","diploid","female"
"195","0","0","0","0",-0.855232119560242,2970.0712890625,"map_4014_1_3",5,70,300,20,5,4.71876535816014,0.1,6.99288455845942,0.00537798412888751,1.31391037000383,10,0.2,1,35.4465989163548,20.7063348438521,2.19968592063393e-05,4.084554049972e-08,0.669547134640107,65,4014,1,"3","diploid","female"
"196","0","0","0","0",-0.892844378948212,3006.89379882812,"map_4015_1_1",5,70,300,20,5,2.78024204005857,0.1,6.76391542145666,0.0850694127143363,2.68709690149023,8,0.2,1,34.8649312293411,20.7584688813979,0.000347263143428494,1.19696816683345e-05,0.618049626031566,66,4015,1,"1","diploid","female"
"197","0","0","0","0",-0.892844378948212,3006.89379882812,"map_4015_1_2",5,70,300,20,5,3.32178947544326,0.1,9.58313813526945,0.120389867337169,2.56116991593417,11,0.2,1,34.8649312293411,20.7584688813979,0.00114302000358472,0.00155608254763054,0.5894876421389,66,4015,1,"2","diploid","female"
"198","0","0","0","0",-0.892844378948212,3006.89379882812,"map_4015_1_3",5,70,300,20,5,3.33444103863586,0.1,5.879915121106,0.0320141361309054,1.43481317036603,5,0.2,1,34.8649312293411,20.7584688813979,9.19248560416477e-05,5.95857411595622e-09,1.00238342942885,66,4015,1,"3","diploid","female"
"199","0","0","0","0",-0.943261563777924,3062.07446289062,"map_4017_1_1",5,70,300,20,5,3.86785952529827,0.1,8.8116334030117,0.0680494103638085,3.21546182772966,4,0.2,1,56.5830297913662,20.3622130323222,0.000467905376055551,4.11589359864537e-05,0.516601854667524,67,4017,1,"1","diploid","female"
"200","0","0","0","0",-0.943261563777924,3062.07446289062,"map_4017_1_2",5,70,300,20,5,2.91641708923171,0.1,14.3002039049165,0.157314209286594,1.92594675705232,7,0.2,1,56.5830297913662,20.3622130323222,0.00299803011589464,0.00283928261912857,0.326199327489727,67,4017,1,"2","diploid","female"
"201","0","0","0","0",-0.943261563777924,3062.07446289062,"map_4017_1_3",5,70,300,20,5,5.45679109784974,0.1,6.75359357481333,0.0117845370881941,1.82802248881705,3,0.2,1,56.5830297913662,20.3622130323222,4.46694006673292e-05,4.30959577785511e-08,0.947467391091162,67,4017,1,"3","diploid","female"
"202","0","0","0","0",-0.930176496505737,3081.70556640625,"map_4018_1_1",5,70,300,20,5,3.94208511876738,0.1,7.16195760402032,0.0848873269449451,3.47317936200516,12,0.2,1,56.1495566273053,20.3630790298563,0.000404611211952578,3.31741757475927e-05,0.445344459010907,68,4018,1,"1","diploid","female"
"203","0","0","0","0",-0.930176496505737,3081.70556640625,"map_4018_1_2",5,70,300,20,5,3.02646790323741,0.1,13.3385912234464,0.293371884343239,1.50701809995254,33,0.2,1,56.1495566273053,20.3630790298563,0.00443214536672586,0.00162224275983751,0.26629556269208,68,4018,1,"2","diploid","female"
"204","0","0","0","0",-0.930176496505737,3081.70556640625,"map_4018_1_3",5,70,300,20,5,5.45229731350376,0.1,6.26118737185468,0.0280281385628088,1.58536995940877,13,0.2,1,56.1495566273053,20.3630790298563,9.51122618067913e-05,6.31481519831613e-08,0.62311725316682,68,4018,1,"3","diploid","female"
"205","0","0","0","0",-0.805192470550537,3104.74584960938,"map_4019_1_1",5,70,300,20,5,4.33577478000577,0.1,6.84052332149781,0.131648506029368,3.59951145038357,3,0.2,1,56.7243619836446,20.369512034149,0.000543999643753063,3.53067070405431e-05,0.454133249401775,69,4019,1,"1","diploid","female"
"206","0","0","0","0",-0.805192470550537,3104.74584960938,"map_4019_1_2",5,70,300,20,5,3.37962129792122,0.1,7.640610340272,0.189724706610381,2.95207794051895,3,0.2,1,56.7243619836446,20.369512034149,0.00110016556093279,0.000603169568139984,0.45785134813381,69,4019,1,"2","diploid","female"
"207","0","0","0","0",-0.805192470550537,3104.74584960938,"map_4019_1_3",5,70,300,20,5,5.62570060384874,0.1,6.30509747482884,0.0431753965939002,2.44922889281879,2,0.2,1,56.7243619836446,20.369512034149,0.00014038630795524,1.41539244556449e-07,0.772047208948295,69,4019,1,"3","diploid","female"
"208","0","0","0","0",-0.740401744842529,3174.17333984375,"map_4022_1_1",5,70,300,20,5,2.62860219742885,0.1,7.60050451782599,0.178798421738096,4.85690690360781,22,0.2,1,78.9145480881498,20.3531200075202,0.000995202540020667,0.000282443796263134,0.387939388344793,70,4022,1,"1","diploid","female"
"209","0","0","0","0",-0.740401744842529,3174.17333984375,"map_4022_1_2",5,70,300,20,5,6.02086246770882,0.1,10.7478005021573,0.250466621030906,2.23546288879697,27,0.2,1,78.9145480881498,20.3531200075202,0.0025540564021676,0.00100424733840234,0.4126343732769,70,4022,1,"2","diploid","female"
"210","0","0","0","0",-0.740401744842529,3174.17333984375,"map_4022_1_3",5,70,300,20,5,2.24294231054411,0.1,6.05458476050709,0.0761906742140422,2.81815844370663,19,0.2,1,78.9145480881498,20.3531200075202,0.000240934958242607,5.46496871419809e-07,0.784128870507528,70,4022,1,"3","diploid","female"
"211","0","0","0","0",-0.863746285438538,3175.13598632812,"map_4023_1_1",5,70,300,20,5,4.52839225908595,0.1,5.78911826686669,0.536208520946581,4.54414512315424,12,0.2,1,74.6054689401012,20.1778301796644,0.00164537931709357,0.000361722413676715,0.612902472319256,71,4023,1,"1","diploid","female"
"212","0","0","0","0",-0.863746285438538,3175.13598632812,"map_4023_1_2",5,70,300,20,5,3.5139457978974,0.1,5.4307415740383,1.52886306017998,3.33854067526784,93,0.2,1,74.6054689401012,20.1778301796644,0.0041158875188832,0.00151015662566707,1.24195364100461,71,4023,1,"2","diploid","female"
"213","0","0","0","0",-0.863746285438538,3175.13598632812,"map_4023_1_3",5,70,300,20,5,4.91743568664914,0.1,5.28388010323065,0.263947911793137,2.91896417570203,2,0.2,1,74.6054689401012,20.1778301796644,0.000598010196832383,3.24664603729698e-07,0.938315669452964,71,4023,1,"3","diploid","female"
"214","0","0","0","0",-0.775563657283783,3197.00268554688,"map_4024_1_1",5,70,300,20,5,2.69262663062164,0.1,8.7568375574014,0.170703067672527,4.52298064940979,33,0.2,1,91.1671489956371,20.1506452233028,0.0012715350132184,0.00109404756971404,0.350001728379019,72,4024,1,"1","diploid","female"
"215","0","0","0","0",-0.775563657283783,3197.00268554688,"map_4024_1_2",5,70,300,20,5,5.85168940439803,0.1,9.31034139187359,0.238820288176419,2.91982110724877,58,0.2,1,91.1671489956371,20.1506452233028,0.0020461578389776,0.00172500615658392,0.492316414618142,72,4024,1,"2","diploid","female"
"216","0","0","0","0",-0.775563657283783,3197.00268554688,"map_4024_1_3",5,70,300,20,5,2.13610901513556,0.1,6.81517054450677,0.0503161702730783,2.88133543703742,31,0.2,1,91.1671489956371,20.1506452233028,0.000201268267508023,1.64330193084266e-06,0.833078181077465,72,4024,1,"3","diploid","female"
"217","0","0","0","0",-0.855206310749054,3225.14770507812,"map_4025_1_1",5,70,300,20,5,4.45423041012107,0.1,8.54648287487582,0.343184493612965,2.99304639527228,50,0.2,1,91.54414376864,20.1426828813183,0.00240613619948852,0.00232341961923042,0.520494029495244,73,4025,1,"1","diploid","female"
"218","0","0","0","0",-0.855206310749054,3225.14770507812,"map_4025_1_2",5,70,300,20,5,5.35596447481223,0.1,6.97344174588848,0.722785062036084,1.43364959475557,96,0.2,1,91.54414376864,20.1426828813183,0.00326271387449482,0.00189204878402201,0.988336354082286,73,4025,1,"2","diploid","female"
"219","0","0","0","0",-0.855206310749054,3225.14770507812,"map_4025_1_3",5,70,300,20,5,3.19105027927584,0.1,6.26299717454608,0.0595098388592407,2.78772758921718,28,0.2,1,91.54414376864,20.1426828813183,0.000197732008320497,3.07788803146295e-07,0.889936769429726,73,4025,1,"3","diploid","female"
"220","0","0","0","0",-0.548826575279236,3252.38427734375,"map_4026_1_1",5,70,300,20,5,5.45603801989466,0.1,10.1625650892769,0.244364919778802,3.66705338143528,40,0.2,1,88.3167595910867,20.1805234277499,0.00246278134328245,0.00208519389058843,0.220834075756094,74,4026,1,"1","diploid","female"
"221","0","0","0","0",-0.548826575279236,3252.38427734375,"map_4026_1_2",5,70,300,20,5,6.5673871013982,0.1,9.41883922901787,0.183612785469626,2.65891701100332,29,0.2,1,88.3167595910867,20.1805234277499,0.0014549569285933,0.000111521229672118,0.368230767620522,74,4026,1,"2","diploid","female"
"222","0","0","0","0",-0.548826575279236,3252.38427734375,"map_4026_1_3",5,70,300,20,5,3.18631428334957,0.1,7.05288679521606,0.0809583854041278,3.26839730758391,34,0.2,1,88.3167595910867,20.1805234277499,0.000344116678727782,1.23710824767208e-06,0.607284080878892,74,4026,1,"3","diploid","female"
"223","0","0","0","0",-0.284211128950119,2903.31689453125,"map_4078_1_1",5,70,300,20,5,5.50920011359644,0.1,9.78003092111214,0.275906277129319,5.23111611257156,32,0.2,1,123.805730008604,20.4756904371817,0.00385530150206788,0.0148104704130667,0.288686946478485,75,4078,1,"1","diploid","female"
"224","0","0","0","0",-0.284211128950119,2903.31689453125,"map_4078_1_2",5,70,300,20,5,3.32673842569305,0.1,16.4997089906114,0.418476412393733,2.20934966819569,47,0.2,1,123.805730008604,20.4756904371817,0.0151980353197246,0.0800917340394195,0.155969413542331,75,4078,1,"2","diploid","female"
"225","0","0","0","0",-0.284211128950119,2903.31689453125,"map_4078_1_3",5,70,300,20,5,0,0.1,8.7572541361241,0.00449832162123404,0.0839536073615443,5,0.2,1,123.805730008604,20.4756904371817,3.41487480052302e-05,4.18611908968544e-05,0.11116698124501,75,4078,1,"3","diploid","female"
"226","0","0","0","0",-0.94545716047287,3224.787109375,"map_4097_1_1",5,70,300,20,5,11.2397780117839,0.1,9.01919522473597,0.284686571557378,4.86699391477686,38,0.2,1,138.590818550896,17.6524990848529,0.00221644043616266,0.00221675161342683,0.367827519129295,76,4097,1,"1","diploid","female"
"227","0","0","0","0",-0.94545716047287,3224.787109375,"map_4097_1_2",5,70,300,20,5,7.02937520133045,0.1,11.8710083372389,0.612269704813769,1.01789581483297,60,0.2,1,138.590818550896,17.6524990848529,0.0113238103490102,0.0476715050296705,0.379453864583352,76,4097,1,"2","diploid","female"
"228","0","0","0","0",-0.94545716047287,3224.787109375,"map_4097_1_3",5,70,300,20,5,0,0.1,5.64901561864948,0.00382316154500651,0.0927965679831273,37,0.2,1,138.590818550896,17.6524990848529,1.01082779767846e-05,3.94677511410841e-08,0.394649357312524,76,4097,1,"3","diploid","female"
"229","0","0","0","0",-0.920151472091675,3243.17749023438,"map_4100_1_1",5,70,300,20,5,0,0.1,11.0443397747605,0.505164597933264,2.78618494242706,95,0.2,1,153.658894206202,20.1605908762445,0.00719322238415631,0.0176875756165816,0.204558497776845,77,4100,1,"1","diploid","female"
"230","0","0","0","0",-0.920151472091675,3243.17749023438,"map_4100_1_2",5,70,300,20,5,9.88437471527792,0.1,10.4353493923308,0.728272435139124,0.725368779300598,50,0.2,1,153.658894206202,20.1605908762445,0.00878634133435996,0.0176144284048799,0.267888755941369,77,4100,1,"2","diploid","female"
"231","0","0","0","0",-0.920151472091675,3243.17749023438,"map_4100_1_3",5,70,300,20,5,3.71777450945073,0.1,6.318210193942,0.524103511075366,1.66290249924341,46,0.2,1,153.658894206202,20.1605908762445,0.00171679688943092,4.77210632811815e-06,1.20906274220798,77,4100,1,"3","diploid","female"
"232","0","0","0","0",-0.776589393615723,3195.78515625,"map_4101_1_1",5,70,300,20,5,4.91638831936478,0.1,14.5521575486025,0.283323422314873,4.40935105970504,84,0.2,1,152.902726208253,20.1864900926947,0.00683779449271555,0.0238497415530441,0.170308106349673,78,4101,1,"1","diploid","female"
"233","0","0","0","0",-0.776589393615723,3195.78515625,"map_4101_1_2",5,70,300,20,5,4.21361204891311,0.1,15.7591988649904,0.555560172049468,0.761712942344897,113,0.2,1,152.902726208253,20.1864900926947,0.0152962699290329,0.0588686027480075,0.153918984787215,78,4101,1,"2","diploid","female"
"234","0","0","0","0",-0.776589393615723,3195.78515625,"map_4101_1_3",5,70,300,20,5,4.30187081556971,0.1,9.11409084500076,0.0573962110007925,3.03915918003319,58,0.2,1,152.902726208253,20.1864900926947,0.000462182640062036,0.000185657273620463,0.503918010239642,78,4101,1,"3","diploid","female"
"235","0","0","0","0",0.547783732414246,2960.46435546875,"map_4105_1_1",5,70,300,20,5,10.5894019556193,0.1,7.35769903519596,0.221164860064069,10.5678851271771,35,0.2,1,106.433255978201,20.1536971648798,0.00135606793052415,0.00252110488587761,0.360874183793334,79,4105,1,"1","diploid","female"
"236","0","0","0","0",0.547783732414246,2960.46435546875,"map_4105_1_2",5,70,300,20,5,6.68371695176262,0.1,11.9967846635627,0.35831441654819,5.3458149234735,66,0.2,1,106.433255978201,20.1536971648798,0.00776518761162914,0.034654637136733,0.255010402283752,79,4105,1,"2","diploid","female"
"237","0","0","0","0",0.547783732414246,2960.46435546875,"map_4105_1_3",5,70,300,20,5,8.90042007349054,0.1,9.31699980498361,0.0321441082972288,1.95684248537254,139,0.2,1,106.433255978201,20.1536971648798,0.00034013453851846,0.000782004464227461,0.317212579848803,79,4105,1,"3","diploid","female"
"238","0","0","0","0",0.543270885944366,2896.4189453125,"map_4106_1_1",5,70,300,20,5,6.30811791824648,0.1,6.4710222502675,0.47831533608617,6.98606319809638,9,0.2,1,39.185828874525,21.8227182548836,0.00204262233413908,0.00144160022883139,0.497790850593231,80,4106,1,"1","diploid","female"
"239","0","0","0","0",0.543270885944366,2896.4189453125,"map_4106_1_2",5,70,300,20,5,6.00567249751083,0.1,6.35850931950344,0.945606873337368,3.6230037424808,12,0.2,1,39.185828874525,21.8227182548836,0.00374741592703211,0.00026253723123659,0.598328197652342,80,4106,1,"2","diploid","female"
"240","0","0","0","0",0.543270885944366,2896.4189453125,"map_4106_1_3",5,70,300,20,5,5.27419082500463,0.1,5.48723149329549,0.594897127699443,3.19724848986865,4,0.2,1,39.185828874525,21.8227182548836,0.00159519640245194,0.000171036828141033,1.42819331208057,80,4106,1,"3","diploid","female"
"241","0","0","0","0",-0.303969889879227,2857.30078125,"map_4108_1_1",5,70,300,20,5,1.48870839985947,0.1,10.8786684640193,0.154042211980705,2.91537797058498,27,0.2,1,40.6569361299078,21.8241678419567,0.00190219451640165,0.00356664483410901,0.372354803819642,81,4108,1,"1","diploid","female"
"242","0","0","0","0",-0.303969889879227,2857.30078125,"map_4108_1_2",5,70,300,20,5,3.28955281093712,0.1,12.1151677874042,0.217255941306038,1.91808460802319,73,0.2,1,40.6569361299078,21.8241678419567,0.00344622588105539,0.0100671904047014,0.346328884770525,81,4108,1,"2","diploid","female"
"243","0","0","0","0",-0.303969889879227,2857.30078125,"map_4108_1_3",5,70,300,20,5,1.20422872802651,0.1,7.6484660501512,0.0352771458561442,1.4261152886403,24,0.2,1,40.6569361299078,21.8241678419567,0.000173683566007363,2.54333955266791e-06,1.11015342730748,81,4108,1,"3","diploid","female"
"244","0","0","0","0",-0.880662739276886,2951.16137695312,"map_4119_1_1",5,70,300,20,5,3.29789979082547,0.1,7.85887640777505,0.0514394603412758,2.5801036356963,14,0.2,1,33.171069291739,20.7561720819568,0.000287396123431606,3.32088106620004e-05,0.530641580935273,82,4119,1,"1","diploid","female"
"245","0","0","0","0",-0.880662739276886,2951.16137695312,"map_4119_1_2",5,70,300,20,5,2.48686856571851,0.1,14.2211921864009,0.283760935593481,0.789752236451898,81,0.2,1,33.171069291739,20.7561720819568,0.00554557802115811,0.0166543100392961,0.306119983386683,82,4119,1,"2","diploid","female"
"246","0","0","0","0",-0.880662739276886,2951.16137695312,"map_4119_1_3",5,70,300,20,5,4.44572257882767,0.1,6.13899017841695,0.00905531168946891,1.21829860625542,22,0.2,1,33.171069291739,20.7561720819568,2.87173707484094e-05,1.02621619764847e-08,1.02761724331268,82,4119,1,"3","diploid","female"
"247","0","0","0","0",-0.818437099456787,2982.07275390625,"map_4120_1_1",5,70,300,20,5,2.86318506919813,0.1,6.49140295753658,0.104838699031834,2.75378684272108,8,0.2,1,33.3110943133649,20.784792241068,0.000390263305754427,1.96480046072108e-05,0.543782218620274,83,4120,1,"1","diploid","female"
"248","0","0","0","0",-0.818437099456787,2982.07275390625,"map_4120_1_2",5,70,300,20,5,3.31447666949999,0.1,9.02263772556035,0.166072645799979,2.36249075239646,14,0.2,1,33.3110943133649,20.784792241068,0.00139641771974191,0.00150569159632341,0.41814643431429,83,4120,1,"2","diploid","female"
"249","0","0","0","0",-0.818437099456787,2982.07275390625,"map_4120_1_3",5,70,300,20,5,3.29524593090396,0.1,5.73933067683525,0.0306404090229744,0.983148002423995,5,0.2,1,33.3110943133649,20.784792241068,8.29702834875788e-05,2.07875932663293e-08,1.12626157082448,83,4120,1,"3","diploid","female"
"250","0","0","0","0",-0.812349498271942,3031.53491210938,"map_4122_1_1",5,70,300,20,5,4.15074074187105,0.1,8.0063808527189,0.0473630199933319,3.1315400201474,11,0.2,1,58.4872834183449,20.3628664111774,0.000259912134411023,2.04347649275125e-05,0.516196458376946,84,4122,1,"1","diploid","female"
"251","0","0","0","0",-0.812349498271942,3031.53491210938,"map_4122_1_2",5,70,300,20,5,3.01743457226774,0.1,9.8692187996762,0.105998218568482,2.90116883693817,28,0.2,1,58.4872834183449,20.3628664111774,0.00111017140507504,0.00184811812473759,0.444065036683215,84,4122,1,"2","diploid","female"
"252","0","0","0","0",-0.812349498271942,3031.53491210938,"map_4122_1_3",5,70,300,20,5,5.69949885070187,0.1,6.86982228022966,0.00631986567325541,1.43286161490401,19,0.2,1,58.4872834183449,20.3628664111774,2.46373839270045e-05,7.1488566253026e-08,0.955140544689725,84,4122,1,"3","diploid","female"
"253","0","0","0","0",-0.653793573379517,3126.47778320312,"map_4125_1_1",5,70,300,20,5,4.95361108090898,0.1,9.36026045535969,0.0638895687298543,4.12845614963227,13,0.2,1,75.5090145668714,20.4194622113723,0.000494161212060432,0.000108147967206299,0.446922756123247,85,4125,1,"1","diploid","female"
"254","0","0","0","0",-0.653793573379517,3126.47778320312,"map_4125_1_2",5,70,300,20,5,3.94322733093562,0.1,9.51524242004876,0.356065822998871,0.90814161755017,66,0.2,1,75.5090145668714,20.4194622113723,0.00276400091629226,0.000838465617204443,0.34737433871712,85,4125,1,"2","diploid","female"
"255","0","0","0","0",-0.653793573379517,3126.47778320312,"map_4125_1_3",5,70,300,20,5,5.76009502713701,0.1,7.2936344175039,0.0153382963900215,2.80545960148604,16,0.2,1,75.5090145668714,20.4194622113723,6.86546831007136e-05,2.27601680735609e-07,0.743101919668748,85,4125,1,"3","diploid","female"
"256","0","0","0","0",-0.95085197687149,3145.31982421875,"map_4126_1_1",5,70,300,20,5,3.9761238418825,0.1,7.29208960439572,0.185507658959056,3.46899022137605,25,0.2,1,75.4493772500377,20.3779871181264,0.00085936085735318,0.0001306971778569,0.437048070727781,86,4126,1,"1","diploid","female"
"257","0","0","0","0",-0.95085197687149,3145.31982421875,"map_4126_1_2",5,70,300,20,5,4.89096782669485,0.1,7.31931662768941,0.280754451906889,3.1228426417395,46,0.2,1,75.4493772500377,20.3779871181264,0.00140965369886618,0.000856775158167593,0.579516937847768,86,4126,1,"2","diploid","female"
"258","0","0","0","0",-0.95085197687149,3145.31982421875,"map_4126_1_3",5,70,300,20,5,3.81644075350154,0.1,6.68230664657962,0.0414819772966796,2.42122530828619,28,0.2,1,75.4493772500377,20.3779871181264,0.000150984493685732,1.10067650978031e-07,0.818004644863097,86,4126,1,"3","diploid","female"
"259","0","0","0","0",-0.45854640007019,3151.85131835938,"map_4128_1_1",5,70,300,20,5,6.02989280513651,0.1,6.58999283253895,0.319219952666216,6.37165463347105,7,0.2,1,90.2184534358028,20.1747471185222,0.00129783923243889,0.000310199723317896,0.369546427667598,87,4128,1,"1","diploid","female"
"260","0","0","0","0",-0.45854640007019,3151.85131835938,"map_4128_1_2",5,70,300,20,5,4.5300325762444,0.1,7.44164285092905,0.449942423896861,3.94925847416294,6,0.2,1,90.2184534358028,20.1747471185222,0.00249724296579623,0.00215206284663803,0.388249649698558,87,4128,1,"2","diploid","female"
"261","0","0","0","0",-0.45854640007019,3151.85131835938,"map_4128_1_3",5,70,300,20,5,6.22222596607686,0.1,5.89681785522502,0.185741564118395,4.12045606768139,3,0.2,1,90.2184534358028,20.1747471185222,0.000561013721203858,7.81796066702339e-06,0.659293318028507,87,4128,1,"3","diploid","female"
"262","0","0","0","0",-0.634115278720856,3185.69580078125,"map_4129_1_1",5,70,300,20,5,5.35704006489008,0.1,8.73607490156284,0.224530465601084,4.10846764028517,37,0.2,1,88.0070270715758,20.1787094568229,0.00156207111922828,0.00109239412729749,0.586273042552095,88,4129,1,"1","diploid","female"
"263","0","0","0","0",-0.634115278720856,3185.69580078125,"map_4129_1_2",5,70,300,20,5,4.15269826701331,0.1,7.18988892817315,0.778827082375335,1.39085050751031,120,0.2,1,88.0070270715758,20.1787094568229,0.00369655654486775,0.00291054608257725,0.78217351536864,88,4129,1,"2","diploid","female"
"264","0","0","0","0",-0.634115278720856,3185.69580078125,"map_4129_1_3",5,70,300,20,5,5.25519622839197,0.1,6.77815386134074,0.0446652469467364,3.07692030625669,36,0.2,1,88.0070270715758,20.1787094568229,0.000177531393383446,3.81248111923107e-06,1.02377911127213,88,4129,1,"3","diploid","female"
"265","0","0","0","0",-0.293218731880188,2876.2763671875,"map_4182_1_1",5,70,300,20,5,4.60434638175927,0.1,14.3553747322078,0.388556147907217,2.83198189275178,62,0.2,1,123.776973141388,21.1629032798252,0.00927665719624661,0.0335744404003269,0.302097072999691,89,4182,1,"1","diploid","female"
"266","0","0","0","0",-0.293218731880188,2876.2763671875,"map_4182_1_2",5,70,300,20,5,3.28379140182437,0.1,11.5929211329839,0.983014551467133,0.572828800586796,95,0.2,1,123.776973141388,21.1629032798252,0.0181569777165552,0.0674264702430114,0.418424854661338,89,4182,1,"2","diploid","female"
"267","0","0","0","0",-0.293218731880188,2876.2763671875,"map_4182_1_3",5,70,300,20,5,0,0.1,9.9424080684803,0.00955467956460692,0.100773299933745,51,0.2,1,123.776973141388,21.1629032798252,9.2422665655185e-05,0.000121388696061394,0.112327481552083,89,4182,1,"3","diploid","female"
"268","0","0","0","0",-0.341727435588837,2963.20581054688,"map_4183_1_1",5,70,300,20,5,6.8946454361133,0.1,10.1091268696199,0.253051128271181,5.51811741419613,28,0.2,1,116.725723139867,21.2003296549006,0.00347151773893031,0.0121256744168085,0.230331105206237,90,4183,1,"1","diploid","female"
"269","0","0","0","0",-0.341727435588837,2963.20581054688,"map_4183_1_2",5,70,300,20,5,8.66698749986678,0.1,20.8795041419184,0.380785657951083,3.23536169259989,39,0.2,1,116.725723139867,21.2003296549006,0.0216260224581286,0.113965072104238,0.124595586341576,90,4183,1,"2","diploid","female"
"270","0","0","0","0",-0.341727435588837,2963.20581054688,"map_4183_1_3",5,70,300,20,5,5.4571020907724,0.1,6.99558196215304,0.159345353172527,2.94127365466622,6,0.2,1,116.725723139867,21.2003296549006,0.000833469057540771,0.000620171069752207,0.487850771071283,90,4183,1,"3","diploid","female"
"271","0","0","0","0",-0.837248623371124,3152.1279296875,"map_4201_1_1",5,70,300,20,5,4.17991408467259,0.1,9.61581554918463,0.262511488920915,3.88772434297494,112,0.2,1,137.35003649436,20.5284225489214,0.00264819978294651,0.00418881201193254,0.217381326938837,91,4201,1,"1","diploid","female"
"272","0","0","0","0",-0.837248623371124,3152.1279296875,"map_4201_1_2",5,70,300,20,5,3.72849369304985,0.1,9.97770734478494,0.37160306748842,3.01655549967353,157,0.2,1,137.35003649436,20.5284225489214,0.00450262580741244,0.0102662449332908,0.261390177036674,91,4201,1,"2","diploid","female"
"273","0","0","0","0",-0.837248623371124,3152.1279296875,"map_4201_1_3",5,70,300,20,5,4.73849287975172,0.1,7.1039541503563,0.134171767264626,3.6883265403389,77,0.2,1,137.35003649436,20.5284225489214,0.000565865415119913,1.61644036558059e-05,0.500226296279396,91,4201,1,"3","diploid","female"
"274","0","0","0","0",-0.955699026584625,3169.22045898438,"map_4203_1_1",5,70,300,20,5,3.97423127252416,0.1,14.7188549063119,0.197611547107121,3.14862576662638,68,0.2,1,159.185608163625,20.6033558417792,0.00499191954905191,0.0197075267752544,0.241808203729033,92,4203,1,"1","diploid","female"
"275","0","0","0","0",-0.955699026584625,3169.22045898438,"map_4203_1_2",5,70,300,20,5,3.85503504773812,0.1,16.7951422122091,0.394191159780917,1.38098417874054,93,0.2,1,159.185608163625,20.6033558417792,0.0128940226101176,0.0607885162578945,0.241325553499227,92,4203,1,"2","diploid","female"
"276","0","0","0","0",-0.955699026584625,3169.22045898438,"map_4203_1_3",5,70,300,20,5,3.99511435641173,0.1,8.69881670957215,0.0233878322428262,3.26027760361252,50,0.2,1,159.185608163625,20.6033558417792,0.000166615980107202,4.47336918924042e-05,0.698882559784374,92,4203,1,"3","diploid","female"
"277","0","0","0","0",-0.969034194946289,3159.5244140625,"map_4204_1_1",5,70,300,20,5,3.4784775663414,0.1,11.105420671489,0.304573868454845,3.87626224439142,85,0.2,1,159.617011719764,20.5797356756555,0.00503952145702471,0.0209627216061242,0.324405795432586,93,4204,1,"1","diploid","female"
"278","0","0","0","0",-0.969034194946289,3159.5244140625,"map_4204_1_2",5,70,300,20,5,9.4216944000117,0.1,15.0413996202138,0.518751208864082,1.39379623411223,102,0.2,1,159.617011719764,20.5797356756555,0.0146923347747789,0.082565489435298,0.35093172372567,93,4204,1,"2","diploid","female"
"279","0","0","0","0",-0.969034194946289,3159.5244140625,"map_4204_1_3",5,70,300,20,5,2.87338702691318,0.1,6.1676298056941,0.118429980352869,2.893509990873,62,0.2,1,159.617011719764,20.5797356756555,0.000410919855309948,5.47776235480539e-05,0.80029872084189,93,4204,1,"3","diploid","female"
"280","0","0","0","0",-0.797347545623779,3134.8203125,"map_4205_1_1",5,70,300,20,5,4.40892580786164,0.1,13.2565132364288,0.204129720886986,4.11730502660736,42,0.2,1,152.188113697343,20.589247288498,0.00422366993713632,0.0123874987356676,0.268962921389874,94,4205,1,"1","diploid","female"
"281","0","0","0","0",-0.797347545623779,3134.8203125,"map_4205_1_2",5,70,300,20,5,4.14013037776316,0.1,16.5210148223871,0.531402999175967,1.68714313461694,182,0.2,1,152.188113697343,20.589247288498,0.0192122915392499,0.106815317063147,0.360157647067052,94,4205,1,"2","diploid","female"
"282","0","0","0","0",-0.797347545623779,3134.8203125,"map_4205_1_3",5,70,300,20,5,4.63382044560425,0.1,9.97572458640114,0.0271560888236292,3.25316680233294,98,0.2,1,152.188113697343,20.589247288498,0.000255822252724095,0.000104374628078762,0.565232169292797,94,4205,1,"3","diploid","female"
"283","0","0","0","0",0.530532717704773,2937.5556640625,"map_4210_1_1",5,70,300,20,5,6.57815932942452,0.1,6.36220837123432,0.271753392111697,7.00817277150417,25,0.2,1,40.1531509484762,21.8054103851318,0.00111036882775824,0.000509536504621055,0.441274807660968,95,4210,1,"1","diploid","female"
"284","0","0","0","0",0.530532717704773,2937.5556640625,"map_4210_1_2",5,70,300,20,5,6.62129210460598,0.1,5.83766715587196,0.573546507962372,5.17006909154062,27,0.2,1,40.1531509484762,21.8054103851318,0.00178748357019465,0.000338731692227343,0.620864744416544,95,4210,1,"2","diploid","female"
"285","0","0","0","0",0.530532717704773,2937.5556640625,"map_4210_1_3",5,70,300,20,5,6.11942998942553,0.1,6.54729304399344,0.145995409402037,4.96722080330421,181,0.2,1,40.1531509484762,21.8054103851318,0.000583137443541972,2.50511655005342e-05,0.501850996940703,95,4210,1,"3","diploid","female"
"286","0","0","0","0",-0.842052578926086,2931.89208984375,"map_4224_1_1",5,70,300,20,5,3.31424812834907,0.1,7.78939158471843,0.134158480620023,2.96730331374637,15,0.2,1,33.3298296302656,20.7549428517372,0.000716811193115078,9.24504130769785e-05,0.718068137153789,96,4224,1,"1","diploid","female"
"287","0","0","0","0",-0.842052578926086,2931.89208984375,"map_4224_1_2",5,70,300,20,5,2.43434933085296,0.1,8.14462398919063,0.87980403423177,0.77503056082712,157,0.2,1,33.3298296302656,20.7549428517372,0.0066484291506705,0.0203003718251949,0.664055765239382,96,4224,1,"2","diploid","female"
"288","0","0","0","0",-0.842052578926086,2931.89208984375,"map_4224_1_3",5,70,300,20,5,4.25521435705048,0.1,6.06641585213104,0.00585763465010624,0.313638715967161,14,0.2,1,33.3298296302656,20.7549428517372,1.79453190364329e-05,2.03573618265268e-08,1.20329856268463,96,4224,1,"3","diploid","female"
"289","0","0","0","0",-0.825347542762756,2965.74340820312,"map_4225_1_1",5,70,300,20,5,3.88971648225672,0.1,8.42998151186885,0.0906928358842411,3.69744186468647,14,0.2,1,59.7951097931973,20.3269572052053,0.000629155617956618,0.000240217071894056,0.480187564132562,97,4225,1,"1","diploid","female"
"290","0","0","0","0",-0.825347542762756,2965.74340820312,"map_4225_1_2",5,70,300,20,5,2.62604484826484,0.1,13.625360724662,0.530423685097032,0.612772381526823,99,0.2,1,59.7951097931973,20.3269572052053,0.010796677452532,0.0373832420798415,0.128564911819361,97,4225,1,"2","diploid","female"
"291","0","0","0","0",-0.825347542762756,2965.74340820312,"map_4225_1_3",5,70,300,20,5,5.10190392057221,0.1,7.05243071490957,0.00770127837743347,0.420091670687082,15,0.2,1,59.7951097931973,20.3269572052053,3.35665732588287e-05,1.04836838109011e-07,0.56317451093602,97,4225,1,"3","diploid","female"
"292","0","0","0","0",-0.765887200832367,2990.31201171875,"map_4226_1_1",5,70,300,20,5,2.20038481022117,0.1,7.98811668387178,0.0506506460037432,3.17986110903523,31,0.2,1,59.9091014339282,20.3446415988842,0.000302036565248775,6.39399374080457e-05,0.606828141052654,98,4226,1,"1","diploid","female"
"293","0","0","0","0",-0.765887200832367,2990.31201171875,"map_4226_1_2",5,70,300,20,5,4.21963986424124,0.1,13.318549064529,0.383428388971862,0.775277589957685,150,0.2,1,59.9091014339282,20.3446415988842,0.00624696162293025,0.00799145899656917,0.222329727785937,98,4226,1,"2","diploid","female"
"294","0","0","0","0",-0.765887200832367,2990.31201171875,"map_4226_1_3",5,70,300,20,5,2.354962624958,0.1,6.62325445597735,0.0104866360353279,1.16569811396945,83,0.2,1,59.9091014339282,20.3446415988842,3.96570334833481e-05,1.53839013544397e-07,1.10840985314903,98,4226,1,"3","diploid","female"
"295","0","0","0","0",-0.574953019618988,3085.05249023438,"map_4229_1_1",5,70,300,20,5,5.04985988354862,0.1,6.05448957436665,0.22445698093006,4.78698128020031,6,0.2,1,79.7484896650346,20.3467656364737,0.000747738643128998,0.000149827181846646,0.442836179756752,99,4229,1,"1","diploid","female"
"296","0","0","0","0",-0.574953019618988,3085.05249023438,"map_4229_1_2",5,70,300,20,5,5.81072009389169,0.1,7.13105663464755,0.361905880668426,3.71325413266721,7,0.2,1,79.7484896650346,20.3467656364737,0.00216282911785093,0.00393505970200526,0.423221890546857,99,4229,1,"2","diploid","female"
"297","0","0","0","0",-0.574953019618988,3085.05249023438,"map_4229_1_3",5,70,300,20,5,4.86253919725608,0.1,5.55908914748759,0.12756212211652,2.96588276229858,2,0.2,1,79.7484896650346,20.3467656364737,0.000331099799578775,4.22034199465076e-06,0.727905778461473,99,4229,1,"3","diploid","female"
"298","0","0","0","0",-0.627932786941528,3127.28784179688,"map_4232_1_1",5,70,300,20,5,5.34284249604463,0.1,7.69288943476207,0.128491049316405,5.31506983094944,16,0.2,1,93.2134973234513,20.1333694605864,0.000738476354417206,0.000358837931963461,0.420398728611624,100,4232,1,"1","diploid","female"
"299","0","0","0","0",-0.627932786941528,3127.28784179688,"map_4232_1_2",5,70,300,20,5,3.96705812654535,0.1,11.1137226722032,0.161876189725706,4.12004009124081,26,0.2,1,93.2134973234513,20.1333694605864,0.00235139499195935,0.00704501753911015,0.475597018543575,100,4232,1,"2","diploid","female"
"300","0","0","0","0",-0.627932786941528,3127.28784179688,"map_4232_1_3",5,70,300,20,5,6.10850765584941,0.1,6.46162518430057,0.0556676126732712,2.89421203747295,10,0.2,1,93.2134973234513,20.1333694605864,0.000202150155275818,1.86616085809966e-06,0.676613420193007,100,4232,1,"3","diploid","female"
"301","0","0","0","0",-0.850703835487366,3164.48266601562,"map_4235_1_1",5,70,300,20,5,5.14162822700187,0.1,9.28408859728765,0.142100136420862,5.16226039855739,24,0.2,1,102.9356791284,19.5625566153035,0.00116339367798376,0.00090360643985557,0.28938670526017,101,4235,1,"1","diploid","female"
"302","0","0","0","0",-0.850703835487366,3164.48266601562,"map_4235_1_2",5,70,300,20,5,5.01140541858974,0.1,11.6628391675447,0.252837590682007,2.87356001566217,85,0.2,1,102.9356791284,19.5625566153035,0.00388386949776499,0.0106916163294838,0.242802672722183,101,4235,1,"2","diploid","female"
"303","0","0","0","0",-0.850703835487366,3164.48266601562,"map_4235_1_3",5,70,300,20,5,4.45935039349213,0.1,7.15274672623946,0.0285652121803834,2.4509292959318,26,0.2,1,102.9356791284,19.5625566153035,0.000125274197168915,3.31869165076833e-07,0.747350721065851,101,4235,1,"3","diploid","female"
"304","0","0","0","0",-0.908679306507111,3074.32250976562,"map_4304_1_1",5,70,300,20,5,3.88251866803483,0.1,10.3839885791368,0.212458628087144,4.1606303093071,30,0.2,1,132.981973641735,20.5732575540131,0.00237946786595008,0.00299186584339934,0.253889651135052,102,4304,1,"1","diploid","female"
"305","0","0","0","0",-0.908679306507111,3074.32250976562,"map_4304_1_2",5,70,300,20,5,3.25348338435762,0.1,15.0561358427581,0.539382115145846,0.626238842092798,79,0.2,1,132.981973641735,20.5732575540131,0.012972459363075,0.0409608122390513,0.0955297872932813,102,4304,1,"2","diploid","female"
"306","0","0","0","0",-0.908679306507111,3074.32250976562,"map_4304_1_3",5,70,300,20,5,5.13030538493099,0.1,6.61386098944515,0.0481801026958966,1.92236697234761,121,0.2,1,132.981973641735,20.5732575540131,0.000194033190418396,9.02609044025174e-06,0.88556033037736,102,4304,1,"3","diploid","female"
"307","0","0","0","0",-0.877164304256439,3113.501953125,"map_4306_1_1",5,70,300,20,5,4.03139695063742,0.1,8.25836178117865,0.258939495398011,4.66279039719849,35,0.2,1,133.313437110166,20.563954115706,0.00208365361270756,0.00376246626265841,0.309803851471127,103,4306,1,"1","diploid","female"
"308","0","0","0","0",-0.877164304256439,3113.501953125,"map_4306_1_2",5,70,300,20,5,3.49356596559784,0.1,11.5645501037515,0.358040494732195,3.29472254778398,40,0.2,1,133.313437110166,20.563954115706,0.0066508684675085,0.0282341875386596,0.297817991128886,103,4306,1,"2","diploid","female"
"309","0","0","0","0",-0.877164304256439,3113.501953125,"map_4306_1_3",5,70,300,20,5,5.01856900582257,0.1,5.86338036711298,0.168622351116042,3.3073439605323,6,0.2,1,133.313437110166,20.563954115706,0.000499963133477587,1.10927039776239e-05,0.72320701164694,103,4306,1,"3","diploid","female"
"310","0","0","0","0",-0.818107068538666,3088.5712890625,"map_4308_1_1",5,70,300,20,5,3.78484468318881,0.1,10.2643389019464,0.250062156600443,3.68716120724555,46,0.2,1,156.37143702206,20.5878674580013,0.00308085274053531,0.0085202606248976,0.450308678754722,104,4308,1,"1","diploid","female"
"311","0","0","0","0",-0.818107068538666,3088.5712890625,"map_4308_1_2",5,70,300,20,5,9.61243360892157,0.1,12.4437064527872,0.669287152572215,1.66825745292713,90,0.2,1,156.37143702206,20.5878674580013,0.0149082746851885,0.0694891252971081,0.525023394261653,104,4308,1,"2","diploid","female"
"312","0","0","0","0",-0.818107068538666,3088.5712890625,"map_4308_1_3",5,70,300,20,5,3.44541913641189,0.1,7.89849276009994,0.0569445744468427,2.77071531435853,19,0.2,1,156.37143702206,20.5878674580013,0.000293749426829824,2.75461639827012e-05,0.822188631082117,104,4308,1,"3","diploid","female"
"313","0","0","0","0",-0.720339834690094,3086.19506835938,"map_4309_1_1",5,70,300,20,5,7.28554791309902,0.1,9.74366499046159,0.322260983839542,5.32984267412741,6,0.2,1,158.882356840115,20.5757378824261,0.00382650776002003,0.0113374432523636,0.343220019223418,105,4309,1,"1","diploid","female"
"314","0","0","0","0",-0.720339834690094,3086.19506835938,"map_4309_1_2",5,70,300,20,5,10.366348476483,0.1,15.1453696803336,0.540406055595784,1.68122494043383,10,0.2,1,158.882356840115,20.5757378824261,0.016526584199,0.0791484107733709,0.177637401843523,105,4309,1,"2","diploid","female"
"315","0","0","0","0",-0.720339834690094,3086.19506835938,"map_4309_1_3",5,70,300,20,5,5.68853932311918,0.1,6.65002694152823,0.0785557166150855,2.11792908458925,3,0.2,1,158.882356840115,20.5757378824261,0.00032457838666456,0.000106478978080335,1.05391620348056,105,4309,1,"3","diploid","female"
"316","0","0","0","0",-0.894158899784088,3096.01708984375,"map_4310_1_1",5,70,300,20,5,1.72977590467003,0.1,7.31572553010261,0.194768104437865,3.84744664986712,36,0.2,1,104.994881297267,20.569942741563,0.00106203706070436,0.000761242389443253,0.336036069955786,106,4310,1,"1","diploid","female"
"317","0","0","0","0",-0.894158899784088,3096.01708984375,"map_4310_1_2",5,70,300,20,5,3.47976169784783,0.1,12.8756033694257,0.324571045668739,1.74085466141454,69,0.2,1,104.994881297267,20.569942741563,0.00566612370120516,0.0122214186059689,0.247560592339573,106,4310,1,"2","diploid","female"
"318","0","0","0","0",-0.894158899784088,3096.01708984375,"map_4310_1_3",5,70,300,20,5,2.11609091108986,0.1,6.04550058716135,0.0665521599436594,2.63158308907679,75,0.2,1,104.994881297267,20.569942741563,0.000205596190900918,5.25726598026602e-07,0.706376669769307,106,4310,1,"3","diploid","female"
"319","0","0","0","0",0.748384952545166,2887.87841796875,"map_4316_1_1",5,70,300,20,5,8.44645219613558,0.1,7.68052177441092,0.234372290691311,7.42307132063681,25,0.2,1,38.4091282495827,21.0012331800999,0.00128966020144283,0.00038368789817464,0.382558094985957,107,4316,1,"1","diploid","female"
"320","0","0","0","0",0.748384952545166,2887.87841796875,"map_4316_1_2",5,70,300,20,5,6.17393110206225,0.1,9.70887322361104,0.299455664831511,2.40269754105145,32,0.2,1,38.4091282495827,21.0012331800999,0.0025757012169538,0.00123404346783731,0.276184065753083,107,4316,1,"2","diploid","female"
"321","0","0","0","0",0.748384952545166,2887.87841796875,"map_4316_1_3",5,70,300,20,5,6.44653583222298,0.1,7.15730322944875,0.0965984051247904,2.72873193468342,86,0.2,1,38.4091282495827,21.0012331800999,0.000453277388475478,3.60492659454927e-05,0.754536870996943,107,4316,1,"3","diploid","female"
"322","0","0","0","0",-0.25074514746666,2901.0126953125,"map_4328_1_1",5,70,300,20,5,3.58585927909119,0.1,9.00228824269346,0.193301576735602,2.84465592336451,33,0.2,1,34.1074561692552,22.2276875104091,0.00147692532465116,0.00102553630401759,0.464366804233786,108,4328,1,"1","diploid","female"
"323","0","0","0","0",-0.25074514746666,2901.0126953125,"map_4328_1_2",5,70,300,20,5,3.78561550922586,0.1,8.53628568160992,0.487788142520634,0.91797768814683,74,0.2,1,34.1074561692552,22.2276875104091,0.00316540519418015,0.00157928423464993,0.583880423729193,108,4328,1,"2","diploid","female"
"324","0","0","0","0",-0.25074514746666,2901.0126953125,"map_4328_1_3",5,70,300,20,5,3.67649757094038,0.1,6.8077935077554,0.0728948165403898,2.31266410208671,54,0.2,1,34.1074561692552,22.2276875104091,0.000278047419331894,2.55796715916667e-06,0.831944181038698,108,4328,1,"3","diploid","female"
"325","0","0","0","0",-0.258511573076248,2934.27270507812,"map_4329_1_1",5,70,300,20,5,4.33011787892279,0.1,10.7165013624612,0.16029758607552,3.61343840369087,26,0.2,1,58.4420244416525,21.6507936479773,0.00172247856768445,0.00140505158075745,0.338969629453772,109,4329,1,"1","diploid","female"
"326","0","0","0","0",-0.258511573076248,2934.27270507812,"map_4329_1_2",5,70,300,20,5,3.96797823464007,0.1,9.89132339612337,0.53501989668273,0.645047033787762,127,0.2,1,58.4420244416525,21.6507936479773,0.00498864960784007,0.00622959357593428,0.235033487292029,109,4329,1,"2","diploid","female"
"327","0","0","0","0",-0.258511573076248,2934.27270507812,"map_4329_1_3",5,70,300,20,5,4.65740359202997,0.1,7.42330497980812,0.0451129248614632,3.0800194052395,40,0.2,1,58.4420244416525,21.6507936479773,0.000216844596868864,6.73069225007556e-06,0.870549357911679,109,4329,1,"3","diploid","female"
"328","0","0","0","0",-0.573571443557739,3026.28247070312,"map_4332_1_1",5,70,300,20,5,3.89039490990589,0.1,7.21112648293885,0.348723114921884,3.55000727059713,50,0.2,1,79.7658089926076,21.6137881146977,0.00171954428710876,0.00131418570907391,0.704054249746657,110,4332,1,"1","diploid","female"
"329","0","0","0","0",-0.573571443557739,3026.28247070312,"map_4332_1_2",5,70,300,20,5,4.06619851393131,0.1,7.83216820216125,1.01905109999514,2.5546635485601,38,0.2,1,79.7658089926076,21.6137881146977,0.00722586924570918,0.00930192719945582,0.796987496855262,110,4332,1,"2","diploid","female"
"330","0","0","0","0",-0.573571443557739,3026.28247070312,"map_4332_1_3",5,70,300,20,5,4.92037068811334,0.1,6.65337987317108,0.109397931789959,3.07176599321551,60,0.2,1,79.7658089926076,21.6137881146977,0.000401380867217482,1.60192985023928e-05,0.904881994521189,110,4332,1,"3","diploid","female"
"331","0","0","0","0",-0.794133603572845,3126.3740234375,"map_4338_1_1",5,70,300,20,5,4.18258570497277,0.1,8.29487742046547,0.184835487963427,3.81647033137264,28,0.2,1,85.3305931503195,20.9106474397982,0.00120912351182961,0.000709800933104574,0.317437847151997,111,4338,1,"1","diploid","female"
"332","0","0","0","0",-0.794133603572845,3126.3740234375,"map_4338_1_2",5,70,300,20,5,3.80096857036332,0.1,9.18655978151792,0.247155712210575,3.44594912092846,44,0.2,1,85.3305931503195,20.9106474397982,0.00232590293608839,0.00489351480246815,0.406280869614324,111,4338,1,"2","diploid","female"
"333","0","0","0","0",-0.794133603572845,3126.3740234375,"map_4338_1_3",5,70,300,20,5,5.05110314023327,0.1,7.02303306300688,0.0556861674627163,3.126827203175,42,0.2,1,85.3305931503195,20.9106474397982,0.000230630021284004,1.02029660820153e-06,0.693335089678486,111,4338,1,"3","diploid","female"
"334","0","0","0","0",-0.391192227602005,3052.33544921875,"map_4393_1_1",5,70,300,20,5,4.24762758327786,0.1,12.4476425732436,0.300184141212976,4.24382176698689,47,0.2,1,132.479821778611,21.181971937583,0.00508814515332229,0.0150648232387141,0.378386091368884,112,4393,1,"1","diploid","female"
"335","0","0","0","0",-0.391192227602005,3052.33544921875,"map_4393_1_2",5,70,300,20,5,10.8815738782728,0.1,11.5723478648016,0.942233865061262,1.10564990219568,25,0.2,1,132.479821778611,21.181971937583,0.0181715055655684,0.0731531261917338,0.46887785419552,112,4393,1,"2","diploid","female"
"336","0","0","0","0",-0.391192227602005,3052.33544921875,"map_4393_1_3",5,70,300,20,5,3.64392724589505,0.1,10.5843051424348,0.12894267598446,5.82714187121197,117,0.2,1,132.479821778611,21.181971937583,0.00147899813370773,0.00236361630346783,0.405432689767828,112,4393,1,"3","diploid","female"
"337","0","0","0","0",-0.866042017936707,3044.26684570312,"map_4406_1_1",5,70,300,20,5,2.93940992361757,0.1,9.73397330917965,0.180393148790379,4.29493614933042,3,0.2,1,116.14982644268,20.8591656911941,0.00159416050301677,0.00107854918534276,0.492057569287634,113,4406,1,"1","diploid","female"
"338","0","0","0","0",-0.866042017936707,3044.26684570312,"map_4406_1_2",5,70,300,20,5,7.30395495443298,0.1,9.0895994655164,0.916201952396565,0.84209599916144,16,0.2,1,116.14982644268,20.8591656911941,0.00850509657660144,0.0263017992477336,0.454870641507179,113,4406,1,"2","diploid","female"
"339","0","0","0","0",-0.866042017936707,3044.26684570312,"map_4406_1_3",5,70,300,20,5,2.94331059849839,0.1,6.71975638959496,0.0916386372067717,2.85758145270009,2,0.2,1,116.14982644268,20.8591656911941,0.000365870462726763,5.69609669863897e-06,0.80062184346083,113,4406,1,"3","diploid","female"
"340","0","0","0","0",-0.90191376209259,3040.06298828125,"map_4407_1_1",5,70,300,20,5,6.50304062916451,0.1,7.10634724990607,0.212929129859795,3.78316361729513,37,0.2,1,110.574640863362,20.8382077602585,0.00116447978953367,0.00130356068755426,0.388678522865917,114,4407,1,"1","diploid","female"
"341","0","0","0","0",-0.90191376209259,3040.06298828125,"map_4407_1_2",5,70,300,20,5,9.03030854805584,0.1,12.2848484077592,0.312547417707984,3.17891677101723,43,0.2,1,110.574640863362,20.8382077602585,0.00726021409934955,0.0314961769804233,0.289021640886018,114,4407,1,"2","diploid","female"
"342","0","0","0","0",-0.90191376209259,3040.06298828125,"map_4407_1_3",5,70,300,20,5,5.93258693859135,0.1,5.68148949301125,0.131078485778463,2.06239602562501,7,0.2,1,110.574640863362,20.8382077602585,0.000365345319885714,3.15045372330415e-06,0.783567308668443,114,4407,1,"3","diploid","female"
"343","0","0","0","0",-0.714999079704285,3023.49072265625,"map_4408_1_1",5,70,300,20,5,4.291045469916,0.1,10.8450991970748,0.150565590795462,4.07262126132321,23,0.2,1,113.270136734972,20.5464613207947,0.00168688781039669,0.00112071656155666,0.458667081805694,115,4408,1,"1","diploid","female"
"344","0","0","0","0",-0.714999079704285,3023.49072265625,"map_4408_1_2",5,70,300,20,5,3.39203753764605,0.1,17.1250286511723,0.430362281620581,1.1322489839198,134,0.2,1,113.270136734972,20.5464613207947,0.0134851983705898,0.0521966872045801,0.195656149183534,115,4408,1,"2","diploid","female"
"345","0","0","0","0",-0.714999079704285,3023.49072265625,"map_4408_1_3",5,70,300,20,5,5.44765930801019,0.1,8.16993234444214,0.0229920148337786,2.21901170268185,31,0.2,1,113.270136734972,20.5464613207947,0.000136278536264915,4.01209997597514e-06,0.88527427447559,115,4408,1,"3","diploid","female"
"346","0","0","0","0",-0.849756836891174,3056.1572265625,"map_4410_1_1",5,70,300,20,5,3.99763710153267,0.1,12.6341812755082,0.123439422296793,2.8866644771923,25,0.2,1,116.121343055041,20.5138488972306,0.00171415964333073,0.00117238824117508,0.300743660653604,116,4410,1,"1","diploid","female"
"347","0","0","0","0",-0.849756836891174,3056.1572265625,"map_4410_1_2",5,70,300,20,5,3.28718819787673,0.1,9.79021330912593,0.869497419312083,0.384314817870611,145,0.2,1,116.121343055041,20.5138488972306,0.00846423001304189,0.0158576265497998,0.119002732106143,116,4410,1,"2","diploid","female"
"348","0","0","0","0",-0.849756836891174,3056.1572265625,"map_4410_1_3",5,70,300,20,5,5.242414643555,0.1,10.2242875965307,0.0152491595401681,2.74754447238216,26,0.2,1,116.121343055041,20.5138488972306,0.000139154698755088,1.04339426678704e-05,0.474137508674162,116,4410,1,"3","diploid","female"
"349","0","0","0","0",-0.743287324905396,3045.70751953125,"map_4411_1_1",5,70,300,20,5,4.09203167675229,0.1,9.72354113105932,0.229121415918696,3.52130620001648,6,0.2,1,124.12635639102,20.6210889552255,0.00209474735497999,0.00115511887796268,0.406720925906072,117,4411,1,"1","diploid","female"
"350","0","0","0","0",-0.743287324905396,3045.70751953125,"map_4411_1_2",5,70,300,20,5,9.96017729976398,0.1,15.868766413043,0.494656504693339,0.659086674620767,18,0.2,1,124.12635639102,20.6210889552255,0.0118773250744552,0.021732358543963,0.134218108692941,117,4411,1,"2","diploid","female"
"351","0","0","0","0",-0.743287324905396,3045.70751953125,"map_4411_1_3",5,70,300,20,5,3.75358307875636,0.1,8.31880909696152,0.0310577623136361,2.28775654780629,4,0.2,1,124.12635639102,20.6210889552255,0.000178897375596835,2.42297505242292e-06,0.654186003449238,117,4411,1,"3","diploid","female"
"352","0","0","0","0",-0.699229598045349,3045.1650390625,"map_4412_1_1",5,70,300,20,5,4.40465859650124,0.1,8.64616604914863,0.389469796729001,4.29499919242754,138,0.2,1,125.323785693146,20.6169549534355,0.00335850070667576,0.00588629684127333,0.537608976826812,118,4412,1,"1","diploid","female"
"353","0","0","0","0",-0.699229598045349,3045.1650390625,"map_4412_1_2",5,70,300,20,5,3.74743070950205,0.1,15.7686422994751,0.625501652252006,1.52086842589582,226,0.2,1,125.323785693146,20.6169549534355,0.0188914327631171,0.071432474189799,0.219920878534412,118,4412,1,"2","diploid","female"
"354","0","0","0","0",-0.699229598045349,3045.1650390625,"map_4412_1_3",5,70,300,20,5,5.24892713527964,0.1,7.20471297805042,0.13099907875105,3.42737880970547,90,0.2,1,125.323785693146,20.6169549534355,0.000604679283910779,0.000128677309643873,0.652232564589013,118,4412,1,"3","diploid","female"
"355","0","0","0","0",-0.633472621440887,2997.30932617188,"map_4436_1_1",5,70,300,20,5,3.46638844327157,0.1,7.23317981003949,0.15349680757314,3.15433379362472,4,0.2,1,43.35128801368,21.6583119262493,0.000723582744298687,0.00010659400872236,0.432400034216309,119,4436,1,"1","diploid","female"
"356","0","0","0","0",-0.633472621440887,2997.30932617188,"map_4436_1_2",5,70,300,20,5,3.43881042159383,0.1,7.72096949270659,0.200616875379206,3.19270366087819,3,0.2,1,43.35128801368,21.6583119262493,0.00111744390151176,0.000427332383952381,0.495271898663628,119,4436,1,"2","diploid","female"
"357","0","0","0","0",-0.633472621440887,2997.30932617188,"map_4436_1_3",5,70,300,20,5,4.72855966080672,0.1,5.98287651252005,0.0919358485667055,2.56136347191165,2,0.2,1,43.35128801368,21.6583119262493,0.000276444368828658,5.63522446184467e-07,0.744021685918404,119,4436,1,"3","diploid","female"
"358","0","0","0","0",0.226167351007462,3104.93701171875,"map_4442_1_1",5,70,300,20,5,8.30143919072986,0.1,7.7663507389561,0.19682081419425,8.57718862281191,29,0.2,1,81.6629273471642,20.8653827341952,0.00113572730064864,0.000425452821233787,0.365847803919512,120,4442,1,"1","diploid","female"
"359","0","0","0","0",0.226167351007462,3104.93701171875,"map_4442_1_2",5,70,300,20,5,7.13405168109673,0.1,7.5911044465092,0.297340296544993,6.86673241210564,40,0.2,1,81.6629273471642,20.8653827341952,0.0016571489832646,0.000765616675872532,0.455425913001376,120,4442,1,"2","diploid","female"
"360","0","0","0","0",0.226167351007462,3104.93701171875,"map_4442_1_3",5,70,300,20,5,7.71162075918188,0.1,8.06408088214999,0.127924857666175,6.62578699093432,126,0.2,1,81.6629273471642,20.8653827341952,0.000797154924782091,0.000289475004074873,0.431926582849555,120,4442,1,"3","diploid","female"
"361","0","0","0","0",-0.549995899200439,2875.46752929688,"map_4495_1_1",5,70,300,20,5,3.9090355369573,0.1,8.39557996659896,0.310291390089794,3.52671974753866,9,0.2,1,63.498609940277,21.1512543413198,0.00272886841311866,0.00652562716231443,0.329368457591016,121,4495,1,"1","diploid","female"
"362","0","0","0","0",-0.549995899200439,2875.46752929688,"map_4495_1_2",5,70,300,20,5,4.17099319400884,0.1,12.6303044908779,0.433747698187475,1.86356821664724,9,0.2,1,63.498609940277,21.1512543413198,0.00967945172900083,0.0420639015504344,0.255708392525207,121,4495,1,"2","diploid","female"
"363","0","0","0","0",-0.549995899200439,2875.46752929688,"map_4495_1_3",5,70,300,20,5,3.11368179047755,0.1,6.03217753558742,0.0250535272052805,0.177604500843365,3,0.2,1,63.498609940277,21.1512543413198,7.90954177733172e-05,4.16159623973985e-06,0.71853242931583,121,4495,1,"3","diploid","female"
"364","0","0","0","0",-0.571952760219574,2957.35864257812,"map_4496_1_1",5,70,300,20,5,4.26007539082055,0.1,8.64725470651906,0.0776463986958854,3.32200951992806,10,0.2,1,61.8508783210552,21.203132553354,0.000592495024889803,0.000822559661878269,0.460945318711425,122,4496,1,"1","diploid","female"
"365","0","0","0","0",-0.571952760219574,2957.35864257812,"map_4496_1_2",5,70,300,20,5,5.07812463828579,0.1,14.7526617015007,0.126634539941814,3.40745869546002,18,0.2,1,61.8508783210552,21.203132553354,0.00342741616114512,0.0155072914131098,0.408810579588258,122,4496,1,"2","diploid","female"
"366","0","0","0","0",-0.571952760219574,2957.35864257812,"map_4496_1_3",5,70,300,20,5,4.19689202805081,0.1,8.76580427726883,0.0102224082235863,1.56984512641288,13,0.2,1,61.8508783210552,21.203132553354,6.8134531165324e-05,2.35417905864354e-06,0.781025762956878,122,4496,1,"3","diploid","female"
"367","0","0","0","0",-0.617641985416412,3020.15869140625,"map_4497_1_1",5,70,300,20,5,4.4171546979526,0.1,15.434331917816,0.215137758671468,4.40323418765998,99,0.2,1,135.056097753024,21.1850937709196,0.00545584838562382,0.0204754771915476,0.191109772808905,123,4497,1,"1","diploid","female"
"368","0","0","0","0",-0.617641985416412,3020.15869140625,"map_4497_1_2",5,70,300,20,5,3.84723477659523,0.1,25.1179388659929,0.448604299221293,1.64252393584673,134,0.2,1,135.056097753024,21.1850937709196,0.0275713603678556,0.108933340866543,0.0866103689958545,123,4497,1,"2","diploid","female"
"369","0","0","0","0",-0.617641985416412,3020.15869140625,"map_4497_1_3",5,70,300,20,5,5.41582171164019,0.1,9.68726404401305,0.0994448564531726,4.26574456610607,94,0.2,1,135.056097753024,21.1850937709196,0.000897423209076077,0.000687623067211706,0.40678523860804,123,4497,1,"3","diploid","female"
"370","0","0","0","0",-0.85857081413269,3001.31591796875,"map_4511_1_1",5,70,300,20,5,1.73315937420914,0.1,11.5014980240474,0.134391947868586,3.66491302566442,29,0.2,1,107.014704118139,20.8358301297903,0.00185341861564522,0.00334771467502712,0.322897930699596,124,4511,1,"1","diploid","female"
"371","0","0","0","0",-0.85857081413269,3001.31591796875,"map_4511_1_2",5,70,300,20,5,3.1768684751657,0.1,15.5730965853504,0.294390324458196,2.69908556510953,79,0.2,1,107.014704118139,20.8358301297903,0.0079759553205395,0.0260209437371415,0.21528211881803,124,4511,1,"2","diploid","female"
"372","0","0","0","0",-0.85857081413269,3001.31591796875,"map_4511_1_3",5,70,300,20,5,2.20534366193955,0.1,8.84382511370393,0.0397122215878576,2.46766289788705,28,0.2,1,107.014704118139,20.8358301297903,0.000280826425104335,9.58334047926044e-05,0.657837081225486,124,4511,1,"3","diploid","female"
"373","0","0","0","0",-0.847593724727631,2987.60913085938,"map_4512_1_1",5,70,300,20,5,3.80458365123188,0.1,10.1372069305702,0.251297773027366,3.22341207606005,29,0.2,1,119.448721641718,20.5362431577934,0.00265533583927854,0.00357457346284209,0.438429555492645,125,4512,1,"1","diploid","female"
"374","0","0","0","0",-0.847593724727631,2987.60913085938,"map_4512_1_2",5,70,300,20,5,2.90611342295728,0.1,16.6431428400062,0.666964545398984,0.32446681784014,64,0.2,1,119.448721641718,20.5362431577934,0.0212459387218,0.0806248449489448,0.0719841494297131,125,4512,1,"2","diploid","female"
"375","0","0","0","0",-0.847593724727631,2987.60913085938,"map_4512_1_3",5,70,300,20,5,4.90169192825725,0.1,7.85100602189947,0.0532985068232988,2.67457434214398,115,0.2,1,119.448721641718,20.5362431577934,0.000289047539596164,2.11683493389142e-05,0.659001741170388,125,4512,1,"3","diploid","female"
"376","0","0","0","0",-0.807406902313232,3004.67553710938,"map_4515_1_1",5,70,300,20,5,3.97072860244764,0.1,10.4548591781887,0.0600597970199633,3.57250117672477,27,0.2,1,123.713797242935,20.5630579089801,0.000645705797283528,0.000890770293208219,0.5177289871038,126,4515,1,"1","diploid","female"
"377","0","0","0","0",-0.807406902313232,3004.67553710938,"map_4515_1_2",5,70,300,20,5,3.25066120730545,0.1,18.0928225576087,0.153441059730258,3.28110037539522,76,0.2,1,123.713797242935,20.5630579089801,0.00618610685408212,0.0280825959172326,0.329533720721542,126,4515,1,"2","diploid","female"
"378","0","0","0","0",-0.807406902313232,3004.67553710938,"map_4515_1_3",5,70,300,20,5,4.83784595005839,0.1,8.71011332489488,0.0104509227085433,1.49445089400778,40,0.2,1,123.713797242935,20.5630579089801,6.62057468107408e-05,1.07699530871986e-06,1.02517252277176,126,4515,1,"3","diploid","female"
"379","0","0","0","0",0.835663914680481,2930.01733398438,"map_4526_1_1",5,70,300,20,5,7.87205062350789,0.1,9.61581531282003,0.329776848554572,8.05465042597577,36,0.2,1,92.6400526560026,22.0483131440375,0.00375989767139519,0.00693905754121519,0.215933682310906,127,4526,1,"1","diploid","female"
"380","0","0","0","0",0.835663914680481,2930.01733398438,"map_4526_1_2",5,70,300,20,5,8.52661686343952,0.1,9.70632163019203,0.459666291411712,4.27121972667603,20,0.2,1,92.6400526560026,22.0483131440375,0.00491168546328059,0.00577294669463754,0.241917330498126,127,4526,1,"2","diploid","female"
"381","0","0","0","0",0.835663914680481,2930.01733398438,"map_4526_1_3",5,70,300,20,5,6.25567380841639,0.1,6.99244574903874,0.312683782106507,6.4638763325744,14,0.2,1,92.6400526560026,22.0483131440375,0.00158451339319315,0.00135063410961665,0.383928656153843,127,4526,1,"3","diploid","female"
"382","0","0","0","0",-0.798988938331604,2984.11499023438,"map_4542_1_1",5,70,300,20,5,2.73092430176032,0.1,6.69856859151637,0.222804056844349,2.93727054107001,6,0.2,1,47.9085015569414,21.622206703769,0.00104887926019794,0.000462677427268367,0.411249562398755,128,4542,1,"1","diploid","female"
"383","0","0","0","0",-0.798988938331604,2984.11499023438,"map_4542_1_2",5,70,300,20,5,4.03098570442499,0.1,12.7835208668033,0.403556491945327,0.945613016466147,5,0.2,1,47.9085015569414,21.622206703769,0.00596402598236206,0.00448366010869632,0.304049342737672,128,4542,1,"2","diploid","female"
"384","0","0","0","0",-0.798988938331604,2984.11499023438,"map_4542_1_3",5,70,300,20,5,3.11473874337098,0.1,5.50711814866036,0.167416355270348,2.255415656544,3,0.2,1,47.9085015569414,21.622206703769,0.000420181161274222,1.79376791236536e-06,0.781725893945441,128,4542,1,"3","diploid","female"
"385","0","0","0","0",-0.728797972202301,3016.68432617188,"map_4543_1_1",5,70,300,20,5,1.84759468260019,0.1,7.78422435461168,0.0954097407391093,2.74714726386053,6,0.2,1,46.4768801480037,21.3135841935708,0.000523736489147443,0.000247211508463933,0.553363931016671,129,4543,1,"1","diploid","female"
"386","0","0","0","0",-0.728797972202301,3016.68432617188,"map_4543_1_2",5,70,300,20,5,4.67893134123309,0.1,10.4931201552529,0.172436325367476,3.00952577970676,9,0.2,1,46.4768801480037,21.3135841935708,0.00278593143840216,0.0127472163064567,0.676098201190199,129,4543,1,"2","diploid","female"
"387","0","0","0","0",-0.728797972202301,3016.68432617188,"map_4543_1_3",5,70,300,20,5,2.05358916903714,0.1,7.11409265507864,0.0273203829719486,2.10944944705455,4,0.2,1,46.4768801480037,21.3135841935708,0.00011712352593831,1.67810196812084e-06,0.845435481084593,129,4543,1,"3","diploid","female"
"388","0","0","0","0",-0.589713633060455,3167.17895507812,"map_4547_1_1",5,70,300,20,5,4.91482478017255,0.1,6.86946520661633,0.325597237542087,4.84772061550059,9,0.2,1,86.0962362352796,20.9291391362119,0.00167284070775903,0.00250791866476182,0.381840418505289,130,4547,1,"1","diploid","female"
"389","0","0","0","0",-0.589713633060455,3167.17895507812,"map_4547_1_2",5,70,300,20,5,4.61213574338607,0.1,6.04608283235142,0.534330110141575,4.56144709286283,7,0.2,1,86.0962362352796,20.9291391362119,0.00199199858264422,0.00241445212581706,0.67030505493843,130,4547,1,"2","diploid","female"
"390","0","0","0","0",-0.589713633060455,3167.17895507812,"map_4547_1_3",5,70,300,20,5,4.91835666526811,0.1,5.70208578606005,0.260898979130936,3.77864704737429,3,0.2,1,86.0962362352796,20.9291391362119,0.000721138389931791,1.18602260795329e-05,0.706828782458077,130,4547,1,"3","diploid","female"
"391","0","0","0","0",-0.715584754943848,2964.35498046875,"map_4601_1_1",5,70,300,20,5,0,0.1,15.6232127146878,0.297539141233867,2.35993585333686,57,0.2,1,132.42927992938,22.4548081897554,0.00731584167234274,0.0182625720186862,0.0983262203342581,131,4601,1,"1","diploid","female"
"392","0","0","0","0",-0.715584754943848,2964.35498046875,"map_4601_1_2",5,70,300,20,5,8.14984656302264,0.1,10.9757587473571,1.08456523586591,0.208332315426194,85,0.2,1,132.42927992938,22.4548081897554,0.013529102305001,0.0231039441822424,0.0477294109436485,131,4601,1,"2","diploid","female"
"393","0","0","0","0",-0.715584754943848,2964.35498046875,"map_4601_1_3",5,70,300,20,5,3.72816648431406,0.1,10.1632118041307,0.176442601957769,3.78904586924403,49,0.2,1,132.42927992938,22.4548081897554,0.00167291943207507,0.00049683129648868,0.428896646253682,131,4601,1,"3","diploid","female"
"394","0","0","0","0",-0.566956579685211,3033.39331054688,"map_4602_1_1",5,70,300,20,5,3.56508894764346,0.1,19.2326242051321,0.170159392577309,3.19432024790515,45,0.2,1,140.157671690779,22.4505667153123,0.00718983180914973,0.0396390563326704,0.160665770359736,132,4602,1,"1","diploid","female"
"395","0","0","0","0",-0.566956579685211,3033.39331054688,"map_4602_1_2",5,70,300,20,5,4.62236243942369,0.1,30.5603357686262,0.246341996363118,3.66439902714133,62,0.2,1,140.157671690779,22.4505667153123,0.0232430105422236,0.143949167864725,0.14308015914199,132,4602,1,"2","diploid","female"
"396","0","0","0","0",-0.566956579685211,3033.39331054688,"map_4602_1_3",5,70,300,20,5,4.37933899758173,0.1,11.392582880026,0.106675765338022,3.98369990712084,136,0.2,1,140.157671690779,22.4505667153123,0.00157066136583942,0.00307013485482475,0.353025196406698,132,4602,1,"3","diploid","female"
"397","0","0","0","0",-0.632281005382538,2987.88061523438,"map_4614_1_1",5,70,300,20,5,3.53763720142041,0.1,14.9466076273091,0.14567054985884,3.93861911299818,51,0.2,1,116.129838316148,21.8152386653727,0.00401735694222578,0.0128646248336674,0.23620706857892,133,4614,1,"1","diploid","female"
"398","0","0","0","0",-0.632281005382538,2987.88061523438,"map_4614_1_2",5,70,300,20,5,3.87506161754768,0.1,27.6033073902938,0.304862187182919,2.06722620591041,77,0.2,1,116.129838316148,21.8152386653727,0.0237822378192036,0.11173398022968,0.187751390993798,133,4614,1,"2","diploid","female"
"399","0","0","0","0",-0.632281005382538,2987.88061523438,"map_4614_1_3",5,70,300,20,5,4.21039177420006,0.1,7.39747483776036,0.0818802974771877,3.22751255614946,62,0.2,1,116.129838316148,21.8152386653727,0.000434336646702013,0.000119148341900025,0.595399320458556,133,4614,1,"3","diploid","female"
"400","0","0","0","0",-0.695186614990234,2966.79931640625,"map_4615_1_1",5,70,300,20,5,0,0.1,14.68340006794,0.0917823722685481,2.79494604076886,36,0.2,1,105.1574524344,21.8099618047839,0.00233153396942908,0.00894779481345517,0.241909943211694,134,4615,1,"1","diploid","female"
"401","0","0","0","0",-0.695186614990234,2966.79931640625,"map_4615_1_2",5,70,300,20,5,9.83678118333529,0.1,26.275333477343,0.156602979160835,2.72922014239777,67,0.2,1,105.1574524344,21.8099618047839,0.0110402240625969,0.0698263542847732,0.190199791432691,134,4615,1,"2","diploid","female"
"402","0","0","0","0",-0.695186614990234,2966.79931640625,"map_4615_1_3",5,70,300,20,5,4.76701206637164,0.1,9.48485222262414,0.0188349072533343,3.05155599170486,40,0.2,1,105.1574524344,21.8099618047839,0.000153909991299438,3.6496518030802e-05,0.494658194123659,134,4615,1,"3","diploid","female"
"403","0","0","0","0",0.85246330499649,2910.52490234375,"map_4632_1_1",5,70,300,20,5,7.91355714156187,0.1,10.2537491124694,0.225425052741611,8.74353887147421,37,0.2,1,93.644355228969,22.0896077245837,0.00309916609384254,0.00969195661370977,0.233773428108385,135,4632,1,"1","diploid","female"
"404","0","0","0","0",0.85246330499649,2910.52490234375,"map_4632_1_2",5,70,300,20,5,8.03352672204525,0.1,9.38538575039655,0.294143817801949,6.96706148401161,31,0.2,1,93.644355228969,22.0896077245837,0.00384569003620488,0.0141924200891778,0.324443736030025,135,4632,1,"2","diploid","female"
"405","0","0","0","0",0.85246330499649,2910.52490234375,"map_4632_1_3",5,70,300,20,5,5.91504834699118,0.1,10.6346940056064,0.169711927071294,6.03437864476128,89,0.2,1,93.644355228969,22.0896077245837,0.00260439340916733,0.00799732398012602,0.316090417718782,135,4632,1,"3","diploid","female"
"406","0","0","0","0",-0.377169817686081,2978.74853515625,"map_4647_1_1",5,70,300,20,5,4.35885944935507,0.1,6.73459151734468,0.142751218990379,3.96979771788438,26,0.2,1,43.0973802143553,21.3550780920491,0.0006288917290994,0.0003149557531753,0.455034915637337,136,4647,1,"1","diploid","female"
"407","0","0","0","0",-0.377169817686081,2978.74853515625,"map_4647_1_2",5,70,300,20,5,3.77040928322998,0.1,9.69592784097263,0.20660395853601,3.71949829014377,36,0.2,1,43.0973802143553,21.3550780920491,0.00260311273516294,0.00640560460720043,0.410512598212069,136,4647,1,"2","diploid","female"
"408","0","0","0","0",-0.377169817686081,2978.74853515625,"map_4647_1_3",5,70,300,20,5,5.4235285181552,0.1,6.05047689312132,0.0723556565775714,2.57160641495738,94,0.2,1,43.0973802143553,21.3550780920491,0.000232632318944587,5.86750505201332e-06,0.726314689033713,136,4647,1,"3","diploid","female"
"409","0","0","0","0",0.173808470368385,3044.12036132812,"map_4648_1_1",5,70,300,20,5,7.07277901117522,0.1,9.3213796268012,0.101895481998435,6.50185666467502,18,0.2,1,83.5846090443507,21.3034180676026,0.000868286661858331,0.000858545015443956,0.402028491929131,137,4648,1,"1","diploid","female"
"410","0","0","0","0",0.173808470368385,3044.12036132812,"map_4648_1_2",5,70,300,20,5,6.62097821661316,0.1,12.6594327331249,0.125558107400664,5.64486647152879,23,0.2,1,83.5846090443507,21.3034180676026,0.00205533188285426,0.00344967117660631,0.382951007021275,137,4648,1,"2","diploid","female"
"411","0","0","0","0",0.173808470368385,3044.12036132812,"map_4648_1_3",5,70,300,20,5,7.07033723477438,0.1,8.81622537328995,0.0684543244816351,5.47702976953542,49,0.2,1,83.5846090443507,21.3034180676026,0.000500664837648348,0.000362412168590481,0.536324164581717,137,4648,1,"3","diploid","female"
"412","0","0","0","0",-0.0576749034225941,3096.27099609375,"map_4649_1_1",5,70,300,20,5,6.20037320990622,0.1,10.1766635816123,0.0664115838275529,5.82085467476437,18,0.2,1,77.0533199595455,21.3319928030899,0.000738138790484417,0.00127743731481645,0.31384271340117,138,4649,1,"1","diploid","female"
"413","0","0","0","0",-0.0576749034225941,3096.27099609375,"map_4649_1_2",5,70,300,20,5,6.16099872988511,0.1,11.0674540465466,0.051904156262423,6.42947858559312,22,0.2,1,77.0533199595455,21.3319928030899,0.000730957656724187,0.00176891790530161,0.446051140778455,138,4649,1,"2","diploid","female"
"414","0","0","0","0",-0.0576749034225941,3096.27099609375,"map_4649_1_3",5,70,300,20,5,6.33681830758217,0.1,9.65766484337576,0.0476744600017178,4.98598997296368,47,0.2,1,77.0533199595455,21.3319928030899,0.000451730694311792,0.000457285095664689,0.413548231968616,138,4649,1,"3","diploid","female"
"415","0","0","0","0",-0.923714399337769,3126.27368164062,"map_4650_1_1",5,70,300,20,5,3.79840299417702,0.1,7.60987227363595,0.207276644727926,3.80400103627792,3,0.2,1,88.7411911511342,20.820975196982,0.00113893330692569,0.000632689631644535,0.333189151485548,139,4650,1,"1","diploid","female"
"416","0","0","0","0",-0.923714399337769,3126.27368164062,"map_4650_1_2",5,70,300,20,5,3.49246452436617,0.1,7.89034741843894,0.260276476004358,3.49961334722861,3,0.2,1,88.7411911511342,20.820975196982,0.00162563784167485,0.00164672163520092,0.399483756196288,139,4650,1,"2","diploid","female"
"417","0","0","0","0",-0.923714399337769,3126.27368164062,"map_4650_1_3",5,70,300,20,5,4.65501579401379,0.1,6.04886251741608,0.118687763817427,2.99850312933724,2,0.2,1,88.7411911511342,20.820975196982,0.000363806159085773,9.17792573124935e-07,0.603478200451551,139,4650,1,"3","diploid","female"
"418","0","0","0","0",-0.886783540248871,3125.3603515625,"map_4651_1_1",5,70,300,20,5,3.98145267446533,0.1,8.90173869119266,0.218998553243385,3.5418813157685,4,0.2,1,87.4667498471333,20.8568290402063,0.00170975985601463,0.00225606453755158,0.467240197293079,140,4651,1,"1","diploid","female"
"419","0","0","0","0",-0.886783540248871,3125.3603515625,"map_4651_1_2",5,70,300,20,5,3.66633557927768,0.1,10.2386009608157,0.749238258403245,0.658074036577297,10,0.2,1,87.4667498471333,20.8568290402063,0.0089891005608906,0.0194892450529348,0.367852957411713,140,4651,1,"2","diploid","female"
"420","0","0","0","0",-0.886783540248871,3125.3603515625,"map_4651_1_3",5,70,300,20,5,4.78425405234063,0.1,5.97732533276327,0.114961598823521,2.92523554020489,2,0.2,1,87.4667498471333,20.8568290402063,0.000345835090406648,7.11425817713551e-06,0.819060243144827,140,4651,1,"3","diploid","female"
"421","0","0","0","0",-0.834280908107758,3206.32055664062,"map_4657_1_1",5,70,300,20,5,2.66343478979863,0.1,8.0800183375644,0.16473347756701,4.31082198071155,6,0.2,1,92.865477349671,19.3608580131995,0.00101910956289481,0.000635737781093239,0.358178314469271,141,4657,1,"1","diploid","female"
"422","0","0","0","0",-0.834280908107758,3206.32055664062,"map_4657_1_2",5,70,300,20,5,3.50305440948212,0.1,8.64797975930201,0.242652415643562,2.55855660885449,8,0.2,1,92.865477349671,19.3608580131995,0.00194708251100247,0.00358007984845627,0.444610998494842,141,4657,1,"2","diploid","female"
"423","0","0","0","0",-0.834280908107758,3206.32055664062,"map_4657_1_3",5,70,300,20,5,2.45492826295508,0.1,6.98301606470007,0.0254366787976463,2.84840928867509,4,0.2,1,92.865477349671,19.3608580131995,0.00010307281022184,3.36474005708658e-07,0.75252272495151,141,4657,1,"3","diploid","female"
"424","0","0","0","0",-0.477963477373123,3237.6689453125,"map_4658_1_1",5,70,300,20,5,3.93549670823962,0.1,9.52028801603206,0.210810945175672,4.3498948789975,19,0.2,1,95.8397707764888,19.3632345389686,0.00180907463188552,0.0014656109219563,0.357889796690319,142,4658,1,"1","diploid","female"
"425","0","0","0","0",-0.477963477373123,3237.6689453125,"map_4658_1_2",5,70,300,20,5,6.75909696781293,0.1,8.4142343783234,0.405910827242375,1.1360799287766,36,0.2,1,95.8397707764888,19.3632345389686,0.00259638885925102,0.000945182689989265,0.595292017422244,142,4658,1,"2","diploid","female"
"426","0","0","0","0",-0.477963477373123,3237.6689453125,"map_4658_1_3",5,70,300,20,5,2.41367151385696,0.1,7.31258612967361,0.057201886712047,3.19287313956643,15,0.2,1,95.8397707764888,19.3632345389686,0.000256723325474501,2.5526516276143e-06,0.798581443442425,142,4658,1,"3","diploid","female"
"427","0","0","0","0",-0.777981996536255,3304.48315429688,"map_4659_1_1",5,70,300,20,5,3.76659297785494,0.1,10.5435023579589,0.498813520390995,1.76480375408087,39,0.2,1,112.382439267992,19.3745102855982,0.00643051684515559,0.0164428806826701,0.193530108470625,143,4659,1,"1","diploid","female"
"428","0","0","0","0",-0.777981996536255,3304.48315429688,"map_4659_1_2",5,70,300,20,5,6.87418767506399,0.1,7.03094558568489,0.796940114574268,0.73591697686042,44,0.2,1,112.382439267992,19.3745102855982,0.00381114825567211,0.00236794075353627,0.634422238752689,143,4659,1,"2","diploid","female"
"429","0","0","0","0",-0.777981996536255,3304.48315429688,"map_4659_1_3",5,70,300,20,5,1.69751462357525,0.1,5.97594873626596,0.0286553742217047,0.717031679195666,6,0.2,1,112.382439267992,19.3745102855982,9.00322112330667e-05,6.94415954077796e-07,1.15755155195638,143,4659,1,"3","diploid","female"
"430","0","0","0","0",-0.585932731628418,2888.84814453125,"map_4705_1_1",5,70,300,20,5,3.03391049570841,0.1,17.8056578306218,0.292905900547286,2.34936073547935,152,0.2,1,131.98431493436,22.4767273092851,0.0120474049164988,0.0598673151057415,0.154419117232819,144,4705,1,"1","diploid","female"
"431","0","0","0","0",-0.585932731628418,2888.84814453125,"map_4705_1_2",5,70,300,20,5,3.29657254721943,0.1,28.4353370439095,0.406084089886998,2.06415846074979,159,0.2,1,131.98431493436,22.4767273092851,0.0328963721392161,0.249054031729592,0.104174660180842,144,4705,1,"2","diploid","female"
"432","0","0","0","0",-0.585932731628418,2888.84814453125,"map_4705_1_3",5,70,300,20,5,2.99050482865207,0.1,7.97485483572037,0.199314347473632,1.82830686660922,145,0.2,1,131.98431493436,22.4767273092851,0.00121834329410389,0.000738786872133019,0.587562980089492,144,4705,1,"3","diploid","female"
"433","0","0","0","0",-0.720766127109528,2971.7529296875,"map_4706_1_1",5,70,300,20,5,3.0475969143316,0.1,11.6440428225602,0.434318656930179,2.40108736420346,11,0.2,1,127.412287290706,22.471036294238,0.00788727647109567,0.0289648418746372,0.455257809753702,145,4706,1,"1","diploid","female"
"434","0","0","0","0",-0.720766127109528,2971.7529296875,"map_4706_1_2",5,70,300,20,5,3.71173570546138,0.1,15.5337077644963,0.772137919098587,1.28146681974908,19,0.2,1,127.412287290706,22.471036294238,0.0255704260093019,0.128852932748109,0.360816333977996,145,4706,1,"2","diploid","female"
"435","0","0","0","0",-0.720766127109528,2971.7529296875,"map_4706_1_3",5,70,300,20,5,3.74769247756962,0.1,7.6159343693708,0.276538948655201,3.30373943786389,3,0.2,1,127.412287290706,22.471036294238,0.00147351779420047,0.00052163952861138,0.592631958851125,145,4706,1,"3","diploid","female"
"436","0","0","0","0",-0.805969178676605,3028.92309570312,"map_4707_1_1",5,70,300,20,5,3.01674122615101,0.1,15.7872383754957,0.232266281969313,2.14503206868871,68,0.2,1,132.850661984314,22.4654006239848,0.00578128719245512,0.0128450324322412,0.17293999697798,146,4707,1,"1","diploid","female"
"437","0","0","0","0",-0.805969178676605,3028.92309570312,"map_4707_1_2",5,70,300,20,5,3.93351685341719,0.1,14.7860278882847,0.710778271010334,0.302030316929596,93,0.2,1,132.850661984314,22.4654006239848,0.0142861198348719,0.0179948299398365,0.0927512218421146,146,4707,1,"2","diploid","female"
"438","0","0","0","0",-0.805969178676605,3028.92309570312,"map_4707_1_3",5,70,300,20,5,3.95547969807636,0.1,10.3109678829685,0.103425677867745,3.37756887696622,62,0.2,1,132.850661984314,22.4654006239848,0.000981391981633253,0.00025772023612777,0.485931703938599,146,4707,1,"3","diploid","female"
"439","0","0","0","0",-0.796147465705872,3063.412109375,"map_4708_1_1",5,70,300,20,5,6.01501883220145,0.1,13.9384850139803,0.165648189602496,4.0013019769478,31,0.2,1,151.165892768936,21.2506031657374,0.00397621857527992,0.0171256497799043,0.207888608583969,147,4708,1,"1","diploid","female"
"440","0","0","0","0",-0.796147465705872,3063.412109375,"map_4708_1_2",5,70,300,20,5,8.94011025611895,0.1,22.0910416710522,0.267106354643492,3.13008925957287,71,0.2,1,151.165892768936,21.2506031657374,0.0138882814622313,0.079051421080135,0.133197029753611,147,4708,1,"2","diploid","female"
"441","0","0","0","0",-0.796147465705872,3063.412109375,"map_4708_1_3",5,70,300,20,5,5.52678335386401,0.1,8.28345658282091,0.0507239306936454,2.64148565681248,29,0.2,1,151.165892768936,21.2506031657374,0.000353191753914813,0.000253227269744703,0.559334348872709,147,4708,1,"3","diploid","female"
"442","0","0","0","0",0.738621234893799,2940.00439453125,"map_4737_1_1",5,70,300,20,5,4.76031924417021,0.1,8.70025635593601,0.141803669302524,7.65615363670245,20,0.2,1,43.5983878247366,21.4620173275801,0.000995560082074404,0.0008393792110511,0.52891418483759,148,4737,1,"1","diploid","female"
"443","0","0","0","0",0.738621234893799,2940.00439453125,"map_4737_1_2",5,70,300,20,5,11.3794674839967,0.1,8.36169553640816,0.372681452367392,2.9127475555091,39,0.2,1,43.5983878247366,21.4620173275801,0.00237476398286341,0.00178361332943267,0.530705720464018,148,4737,1,"2","diploid","female"
"444","0","0","0","0",0.738621234893799,2940.00439453125,"map_4737_1_3",5,70,300,20,5,3.18861479522637,0.1,9.11809245419827,0.0907263217805584,6.12346582257753,109,0.2,1,43.5983878247366,21.4620173275801,0.000703156950131381,0.000529865297144512,0.62938908504256,148,4737,1,"3","diploid","female"
"445","0","0","0","0",0.815302491188049,2889.84057617188,"map_4738_1_1",5,70,300,20,5,8.27415492807176,0.1,9.51418071193231,0.142219623588804,7.83686147425885,23,0.2,1,47.0396491429735,21.4820073699106,0.00135536324170388,0.00195060021451546,0.336077609147963,149,4738,1,"1","diploid","female"
"446","0","0","0","0",0.815302491188049,2889.84057617188,"map_4738_1_2",5,70,300,20,5,6.69159526968542,0.1,10.2622160476808,0.165339851357193,4.91004570279003,31,0.2,1,47.0396491429735,21.4820073699106,0.00182222837829569,0.00221563217417769,0.416565891455891,149,4738,1,"2","diploid","female"
"447","0","0","0","0",0.815302491188049,2889.84057617188,"map_4738_1_3",5,70,300,20,5,6.20882725278922,0.1,9.08198584305116,0.0856242717177565,4.79680829063332,114,0.2,1,47.0396491429735,21.4820073699106,0.000686211558877042,0.000637732915585558,0.531550058002328,149,4738,1,"3","diploid","female"
"448","0","0","0","0",-0.511481702327728,3036.04418945312,"map_4752_1_1",5,70,300,20,5,3.76974183918085,0.1,8.6982787321963,0.1366675442898,3.96009668748079,42,0.2,1,74.253309241957,22.1947791161859,0.00119315736868075,0.00211741574234519,0.199340007626861,150,4752,1,"1","diploid","female"
"449","0","0","0","0",-0.511481702327728,3036.04418945312,"map_4752_1_2",5,70,300,20,5,4.53835938234724,0.1,8.75001953042175,0.123283500610177,4.56584766503248,32,0.2,1,74.253309241957,22.1947791161859,0.00112878267019186,0.0022774286761226,0.240723838002931,150,4752,1,"2","diploid","female"
"450","0","0","0","0",-0.511481702327728,3036.04418945312,"map_4752_1_3",5,70,300,20,5,4.59000889184239,0.1,7.42679567457289,0.116096649440314,3.82454801531227,103,0.2,1,74.253309241957,22.1947791161859,0.000604762071655215,0.000114683914664964,0.371052996198529,150,4752,1,"3","diploid","female"
"451","0","0","0","0",-0.915229320526123,3138.4091796875,"map_4757_1_1",5,70,300,20,5,2.00173631191272,0.1,10.1759373792891,0.146497453183166,3.08901542493834,7,0.2,1,89.1593591556993,21.4231699439774,0.00163225877976391,0.00278331498321461,0.255659571936698,151,4757,1,"1","diploid","female"
"452","0","0","0","0",-0.915229320526123,3138.4091796875,"map_4757_1_2",5,70,300,20,5,5.91044186382303,0.1,10.0435240381755,0.141793212910196,3.44000544185727,6,0.2,1,89.1593591556993,21.4231699439774,0.00153039947663831,0.00240176971764892,0.374195359836054,151,4757,1,"2","diploid","female"
"453","0","0","0","0",-0.915229320526123,3138.4091796875,"map_4757_1_3",5,70,300,20,5,1.96015454197776,0.1,7.17107176845885,0.051019675165725,3.04984871620242,4,0.2,1,89.1593591556993,21.4231699439774,0.000227617680666275,1.43779940828859e-05,0.653659832134207,151,4757,1,"3","diploid","female"
"454","0","0","0","0",-0.806408226490021,3162.43188476562,"map_4759_1_1",5,70,300,20,5,3.96333963689445,0.1,11.5899118055971,0.170337151649953,3.59741482438577,8,0.2,1,97.3212804319058,21.1830759375858,0.00255297926067824,0.00436606585417847,0.200285297679865,152,4759,1,"1","diploid","female"
"455","0","0","0","0",-0.806408226490021,3162.43188476562,"map_4759_1_2",5,70,300,20,5,6.01766367331608,0.1,13.8638193597564,0.246246106208171,1.70560642390661,7,0.2,1,97.3212804319058,21.1830759375858,0.00429698791765819,0.00571387244441256,0.343132009484673,152,4759,1,"2","diploid","female"
"456","0","0","0","0",-0.806408226490021,3162.43188476562,"map_4759_1_3",5,70,300,20,5,3.38499164412435,0.1,7.47707338400024,0.0735008510771328,3.50039586989499,4,0.2,1,97.3212804319058,21.1830759375858,0.000361679358112934,1.57295556521393e-05,0.498509115814125,152,4759,1,"3","diploid","female"
"457","0","0","0","0",-0.481934785842896,3163.17651367188,"map_4761_1_1",5,70,300,20,5,2.9924736840387,0.1,8.26647081767658,0.377073706416382,3.88779271992464,33,0.2,1,92.9165637881257,20.8958631686594,0.00253001514927708,0.00207736518960885,0.312795615520867,153,4761,1,"1","diploid","female"
"458","0","0","0","0",-0.481934785842896,3163.17651367188,"map_4761_1_2",5,70,300,20,5,7.43637080081709,0.1,7.53932920566693,0.708376231611738,1.77930610312194,30,0.2,1,92.9165637881257,20.8958631686594,0.00368497170568703,0.0014487586848373,0.337995675674005,153,4761,1,"2","diploid","female"
"459","0","0","0","0",-0.481934785842896,3163.17651367188,"map_4761_1_3",5,70,300,20,5,2.43976253064111,0.1,6.93980035096884,0.134693280454897,3.90751213614316,67,0.2,1,92.9165637881257,20.8958631686594,0.000553802983492638,2.89728715903465e-05,0.761171748399155,153,4761,1,"3","diploid","female"
"460","0","0","0","0",-0.743525266647339,3196.962890625,"map_4762_1_1",5,70,300,20,5,4.47614235986399,0.1,8.16600204714997,0.487255228544185,3.20243182920744,10,0.2,1,93.2139333300416,20.8945320357516,0.00355212008174107,0.00557021714598982,0.458755093871096,154,4762,1,"1","diploid","female"
"461","0","0","0","0",-0.743525266647339,3196.962890625,"map_4762_1_2",5,70,300,20,5,4.22729452005335,0.1,6.45213105480304,1.11405968128321,2.35265944736826,20,0.2,1,93.2139333300416,20.8945320357516,0.00488605349235836,0.0050412114981795,1.04061649421374,154,4762,1,"2","diploid","female"
"462","0","0","0","0",-0.743525266647339,3196.962890625,"map_4762_1_3",5,70,300,20,5,4.23741785909986,0.1,6.33821284672724,0.211645280198778,3.53020696048091,3,0.2,1,93.2139333300416,20.8945320357516,0.000720775449942144,1.04019116588057e-05,0.704915577703058,154,4762,1,"3","diploid","female"
"463","0","0","0","0",-0.739355802536011,3230.44970703125,"map_4763_1_1",5,70,300,20,5,5.22609805791667,0.1,11.5123678962342,0.477583273939632,2.39637281260911,12,0.2,1,115.530797077572,20.8731333647059,0.00744703697030625,0.0190067907653951,0.20327211313635,155,4763,1,"1","diploid","female"
"464","0","0","0","0",-0.739355802536011,3230.44970703125,"map_4763_1_2",5,70,300,20,5,7.5900132551367,0.1,8.43670808774504,0.779272300601281,0.948389888553027,10,0.2,1,115.530797077572,20.8731333647059,0.00561546181491801,0.00526533694352241,0.29788018048867,155,4763,1,"2","diploid","female"
"465","0","0","0","0",-0.739355802536011,3230.44970703125,"map_4763_1_3",5,70,300,20,5,3.44374897395322,0.1,6.82095173035344,0.292198752916741,3.16969438331678,3,0.2,1,115.530797077572,20.8731333647059,0.00118890822042189,6.16363285092711e-05,0.560830648696806,155,4763,1,"3","diploid","female"
"466","0","0","0","0",-0.753512024879456,2888.05126953125,"map_4810_1_1",5,70,300,20,5,2.7274153686829,0.1,12.1646267613105,0.405664240421983,1.22090440410552,137,0.2,1,62.8149893141268,22.4764637614405,0.00730328500106955,0.0268420916436404,0.454857555684069,156,4810,1,"1","diploid","female"
"467","0","0","0","0",-0.753512024879456,2888.05126953125,"map_4810_1_2",5,70,300,20,5,4.42777597533495,0.1,10.9845872472674,1.04818568123491,0.469676624642138,31,0.2,1,62.8149893141268,22.4764637614405,0.0184290787833768,0.0859269423866105,0.571641066345585,156,4810,1,"2","diploid","female"
"468","0","0","0","0",-0.753512024879456,2888.05126953125,"map_4810_1_3",5,70,300,20,5,2.42771291303771,0.1,6.66208925761536,0.214922379606117,1.87573232100416,100,0.2,1,62.8149893141268,22.4764637614405,0.000786594784316907,1.66633220967401e-05,0.874255452928805,156,4810,1,"3","diploid","female"
"469","0","0","0","0",-0.818398594856262,3014.24096679688,"map_4812_1_1",5,70,300,20,5,3.57631446535972,0.1,8.32401073752519,0.232083294377915,3.81627884930542,26,0.2,1,109.780292726434,21.2726253032156,0.00218569977195497,0.00568979971281618,0.300977374730347,157,4812,1,"1","diploid","female"
"470","0","0","0","0",-0.818398594856262,3014.24096679688,"map_4812_1_2",5,70,300,20,5,3.12279395855851,0.1,15.7011934009349,0.354336957264993,3.14639350665499,37,0.2,1,109.780292726434,21.2726253032156,0.0131108632328677,0.0879960034146587,0.220777554892492,157,4812,1,"2","diploid","female"
"471","0","0","0","0",-0.818398594856262,3014.24096679688,"map_4812_1_3",5,70,300,20,5,5.07941174016759,0.1,5.68196978232636,0.140928174207112,2.56102580540058,5,0.2,1,109.780292726434,21.2726253032156,0.000393518785824145,2.19744753977828e-05,0.718584227029759,157,4812,1,"3","diploid","female"
"472","0","0","0","0",0.662158012390137,3011.61499023438,"map_4841_1_1",5,70,300,20,5,8.49072802106599,0.1,5.32557360161222,0.640378339967853,8.27498184812402,16,0.2,1,46.2526549308799,21.4509442224851,0.00152767539122007,0.000124239516314875,0.939916569934445,158,4841,1,"1","diploid","female"
"473","0","0","0","0",0.662158012390137,3011.61499023438,"map_4841_1_2",5,70,300,20,5,8.05314864895917,0.1,5.11770090260245,2.96105422179708,6.3895776287489,7,0.2,1,46.2526549308799,21.4509442224851,0.00625534024466748,8.56751139884189e-05,1.6367674867484,158,4841,1,"2","diploid","female"
"474","0","0","0","0",0.662158012390137,3011.61499023438,"map_4841_1_3",5,70,300,20,5,8.25505868321182,0.1,5.70780819884849,0.357243890947476,6.98350792442037,5,0.2,1,46.2526549308799,21.4509442224851,0.00103979926426859,0.000136558843089951,0.7962085052644,158,4841,1,"3","diploid","female"
"475","0","0","0","0",0.672016143798828,2961.0634765625,"map_4842_1_1",5,70,300,20,5,8.16442413458227,0.1,9.62053582997854,0.0749824672551683,7.17782073409389,15,0.2,1,47.9609497949927,21.4516142193529,0.000651407984900524,0.000537592151821853,0.418774152891427,159,4842,1,"1","diploid","female"
"476","0","0","0","0",0.672016143798828,2961.0634765625,"map_4842_1_2",5,70,300,20,5,7.29799389920254,0.1,9.58155482919249,0.120583456445216,5.57502035781697,24,0.2,1,47.9609497949927,21.4516142193529,0.00107502694195871,0.000990548211860302,0.553880046272763,159,4842,1,"2","diploid","female"
"477","0","0","0","0",0.672016143798828,2961.0634765625,"map_4842_1_3",5,70,300,20,5,7.52030229025612,0.1,9.65910207362311,0.0584789314617842,5.69485078582929,124,0.2,1,47.9609497949927,21.4516142193529,0.000510397969189015,0.000322993596590683,0.473827407381453,159,4842,1,"3","diploid","female"
"478","0","0","0","0",-0.742177248001099,3036.5390625,"map_4857_1_1",5,70,300,20,5,3.21930034582814,0.1,9.94988809845938,0.0848857925411668,3.13324623257893,84,0.2,1,79.5388600596558,22.1888898636152,0.00093369469954261,0.00144736533525627,0.326274001807403,160,4857,1,"1","diploid","female"
"479","0","0","0","0",-0.742177248001099,3036.5390625,"map_4857_1_2",5,70,300,20,5,3.91655704259218,0.1,10.8138483745159,0.0667012512608979,3.95406303363928,83,0.2,1,79.5388600596558,22.1888898636152,0.000861623226523498,0.00139030553588861,0.486645501854622,160,4857,1,"2","diploid","female"
"480","0","0","0","0",-0.742177248001099,3036.5390625,"map_4857_1_3",5,70,300,20,5,4.1752359897586,0.1,7.39049247623565,0.049308375424736,2.87589642062982,90,0.2,1,79.5388600596558,22.1888898636152,0.000253301851351257,1.52206148354286e-05,0.580606042558025,160,4857,1,"3","diploid","female"
"481","0","0","0","0",-0.694369554519653,3072.76025390625,"map_4858_1_1",5,70,300,20,5,1.86655436692051,0.1,9.26623524683809,0.14368574943584,3.49294998752543,6,0.2,1,77.426012240375,21.4911511253281,0.00116422162863957,0.000464801950633787,0.308191640676838,161,4858,1,"1","diploid","female"
"482","0","0","0","0",-0.694369554519653,3072.76025390625,"map_4858_1_2",5,70,300,20,5,3.96779137259101,0.1,11.0063999554387,0.435886064591651,0.932598040472903,11,0.2,1,77.426012240375,21.4911511253281,0.00443752420106583,0.00120275089709376,0.300120364700421,161,4858,1,"2","diploid","female"
"483","0","0","0","0",-0.694369554519653,3072.76025390625,"map_4858_1_3",5,70,300,20,5,2.32344897389208,0.1,7.37808484994162,0.0631294444300223,3.01079983344051,4,0.2,1,77.426012240375,21.4911511253281,0.000290841559288791,6.56625276726223e-06,0.655779256229376,161,4858,1,"3","diploid","female"
"484","0","0","0","0",-0.842748522758484,3124.52734375,"map_4862_1_1",5,70,300,20,5,2.21908351838379,0.1,11.6171653499376,0.141717771819833,3.86685298074273,30,0.2,1,82.9886168609822,21.2213207088568,0.00188150626154894,0.00206485763235196,0.281422979822343,162,4862,1,"1","diploid","female"
"485","0","0","0","0",-0.842748522758484,3124.52734375,"map_4862_1_2",5,70,300,20,5,5.9365816204244,0.1,11.8568762131362,0.507802733006075,0.817241183464172,79,0.2,1,82.9886168609822,21.2213207088568,0.0064221103460409,0.00897744031670384,0.198540446648228,162,4862,1,"2","diploid","female"
"486","0","0","0","0",-0.842748522758484,3124.52734375,"map_4862_1_3",5,70,300,20,5,2.18709865643398,0.1,7.60007427254024,0.0729426323984289,3.18344343275117,48,0.2,1,82.9886168609822,21.2213207088568,0.000372502211298482,5.99606099072976e-06,0.611587810983563,162,4862,1,"3","diploid","female"
"487","0","0","0","0",-0.693818807601929,3119.4931640625,"map_4863_1_1",5,70,300,20,5,2.42247429415269,0.1,9.31477575267224,0.184827391478874,3.94373704534987,4,0.2,1,91.4850514307371,21.2325277909356,0.00185320210921078,0.00317689163558488,0.256797937795293,163,4863,1,"1","diploid","female"
"488","0","0","0","0",-0.693818807601929,3119.4931640625,"map_4863_1_2",5,70,300,20,5,6.40304587411699,0.1,14.6616173927923,0.27885817474576,1.51362274776335,4,0.2,1,91.4850514307371,21.2325277909356,0.00624982601196937,0.0166858825320493,0.313066208481814,163,4863,1,"2","diploid","female"
"489","0","0","0","0",-0.693818807601929,3119.4931640625,"map_4863_1_3",5,70,300,20,5,2.32376676367276,0.1,6.70243472297355,0.098301464056351,3.59912797360498,2,0.2,1,91.4850514307371,21.2325277909356,0.000378905184650125,2.45495798540431e-05,0.568944633854367,163,4863,1,"3","diploid","female"
"490","0","0","0","0",-0.38486385345459,3113.2509765625,"map_4864_1_1",5,70,300,20,5,5.23859396508333,0.1,8.98872739884549,0.148711929772737,5.58195956937917,33,0.2,1,92.0297929630723,21.2329320115505,0.0012740560933401,0.00182630657927981,0.198285672439646,164,4864,1,"1","diploid","female"
"491","0","0","0","0",-0.38486385345459,3113.2509765625,"map_4864_1_2",5,70,300,20,5,7.51621253574086,0.1,10.3225008476051,0.147736048463304,5.78630213644177,30,0.2,1,92.0297929630723,21.2329320115505,0.00175764188376183,0.00392001624799277,0.247831326151099,164,4864,1,"2","diploid","female"
"492","0","0","0","0",-0.38486385345459,3113.2509765625,"map_4864_1_3",5,70,300,20,5,4.45263957720662,0.1,7.78440876111578,0.106749290382777,4.62052772595435,111,0.2,1,92.0297929630723,21.2329320115505,0.0006130193212511,0.000144639344229605,0.335303305410925,164,4864,1,"3","diploid","female"
"493","0","0","0","0",-0.718864440917969,3142.11669921875,"map_4865_1_1",5,70,300,20,5,4.45200717153185,0.1,9.88811286986019,0.214979689689576,3.97203953960368,34,0.2,1,94.9875839208052,20.8603426699887,0.00197565939670455,0.00176409216235773,0.478621729757036,165,4865,1,"1","diploid","female"
"494","0","0","0","0",-0.718864440917969,3142.11669921875,"map_4865_1_2",5,70,300,20,5,6.07604540374805,0.1,7.7967225073299,0.859691637660268,0.926379245856644,26,0.2,1,94.9875839208052,20.8603426699887,0.00473671028699537,0.00279400618434458,0.537329243445891,165,4865,1,"2","diploid","female"
"495","0","0","0","0",-0.718864440917969,3142.11669921875,"map_4865_1_3",5,70,300,20,5,3.89916584491598,0.1,6.83375654695586,0.090303497530239,3.5030372702434,79,0.2,1,94.9875839208052,20.8603426699887,0.000374720141688597,1.2710412852833e-05,0.805206417567339,165,4865,1,"3","diploid","female"
"496","0","0","0","0",-0.317398309707642,3166.98852539062,"map_4866_1_1",5,70,300,20,5,5.99514909644492,0.1,7.9244920457063,0.414690411975186,3.75262661924236,12,0.2,1,90.7801333836147,20.8971543951024,0.0025557492141857,0.00259686365827879,0.632638497811423,166,4866,1,"1","diploid","female"
"497","0","0","0","0",-0.317398309707642,3166.98852539062,"map_4866_1_2",5,70,300,20,5,5.44821554675367,0.1,6.37293552801758,0.699582988573949,2.91474309352048,18,0.2,1,90.7801333836147,20.8971543951024,0.00264741706976343,0.0013574619390953,1.23405357963598,166,4866,1,"2","diploid","female"
"498","0","0","0","0",-0.317398309707642,3166.98852539062,"map_4866_1_3",5,70,300,20,5,5.5587895581336,0.1,7.59869653700725,0.0971239315946643,4.3857601066455,6,0.2,1,90.7801333836147,20.8971543951024,0.00049261760621964,8.07141292109197e-05,0.649934839309725,166,4866,1,"3","diploid","female"
"499","0","0","0","0",-0.10347755998373,3160.68432617188,"map_4878_1_1",5,70,300,20,5,8.24609377696728,0.1,7.86809690399447,0.224133273394311,6.85149381745949,5,0.2,1,82.3312466326742,19.9433186162482,0.00133078873722673,0.000421189670092085,0.329005659619671,167,4878,1,"1","diploid","female"
"500","0","0","0","0",-0.10347755998373,3160.68432617188,"map_4878_1_2",5,70,300,20,5,5.57753285674745,0.1,9.17799328415108,0.280346064027017,2.79347794416402,4,0.2,1,82.3312466326742,19.9433186162482,0.0022283483099992,0.00123518447716866,0.380223825322741,167,4878,1,"2","diploid","female"
"501","0","0","0","0",-0.10347755998373,3160.68432617188,"map_4878_1_3",5,70,300,20,5,7.37710388496308,0.1,6.86113786371538,0.109860379157216,5.32520534011855,3,0.2,1,82.3312466326742,19.9433186162482,0.000448919358027779,1.491430884653e-05,0.560314030731519,167,4878,1,"3","diploid","female"
"502","0","0","0","0",-0.751388549804688,2865.4072265625,"map_4915_1_1",5,70,300,20,5,1.55977853167333,0.1,13.865980329613,0.2135736493256,2.15710675362696,31,0.2,1,61.9259310109275,22.4656863228427,0.00513382112101389,0.0183366126573499,0.217567127153278,168,4915,1,"1","diploid","female"
"503","0","0","0","0",-0.751388549804688,2865.4072265625,"map_4915_1_2",5,70,300,20,5,4.5078786763468,0.1,19.3153887720718,0.251349834352881,1.92038916526094,50,0.2,1,61.9259310109275,22.4656863228427,0.0121916015933978,0.0666218371946683,0.243482710408978,168,4915,1,"2","diploid","female"
"504","0","0","0","0",-0.751388549804688,2865.4072265625,"map_4915_1_3",5,70,300,20,5,1.23402769764094,0.1,9.12750729992615,0.0243435621886364,0.903752754495845,16,0.2,1,61.9259310109275,22.4656863228427,0.000170303466637996,9.08446574108648e-06,0.966137242490256,168,4915,1,"3","diploid","female"
"505","0","0","0","0",-0.729580044746399,2948.6787109375,"map_4916_1_1",5,70,300,20,5,5.12904129032685,0.1,8.2819938322164,0.423854684514855,3.09901962592239,10,0.2,1,110.315121875649,21.2173495456362,0.00311587199162775,0.00396342837013988,0.610711100724614,169,4916,1,"1","diploid","female"
"506","0","0","0","0",-0.729580044746399,2948.6787109375,"map_4916_1_2",5,70,300,20,5,6.49238235289208,0.1,8.27630274136635,1.07944190056996,1.83590357995577,80,0.2,1,110.315121875649,21.2173495456362,0.0104692342969612,0.0284828841134965,0.833629211216783,169,4916,1,"2","diploid","female"
"507","0","0","0","0",-0.729580044746399,2948.6787109375,"map_4916_1_3",5,70,300,20,5,4.7408789418617,0.1,7.16603720395724,0.128055395903328,1.18505183405024,3,0.2,1,110.315121875649,21.2173495456362,0.000554766253121933,1.89767790935884e-05,0.860435240333166,169,4916,1,"3","diploid","female"
"508","0","0","0","0",-0.349183619022369,3019.63403320312,"map_4917_1_1",5,70,300,20,5,4.95395811799028,0.1,13.0444189771441,0.124517941152456,4.70949282438121,15,0.2,1,112.278359245224,21.2386961838732,0.00300868091935504,0.0135028866737181,0.393921877145241,170,4917,1,"1","diploid","female"
"509","0","0","0","0",-0.349183619022369,3019.63403320312,"map_4917_1_2",5,70,300,20,5,4.26375904875964,0.1,23.3676455181153,0.24091298531902,3.52212969984355,25,0.2,1,112.278359245224,21.2386961838732,0.01637601330768,0.0947389934388778,0.305824356540166,170,4917,1,"2","diploid","female"
"510","0","0","0","0",-0.349183619022369,3019.63403320312,"map_4917_1_3",5,70,300,20,5,6.19972866627723,0.1,9.79423840734552,0.0643347208181066,4.30902739016974,23,0.2,1,112.278359245224,21.2386961838732,0.000750018994105918,0.00214998268948711,0.486630761867352,170,4917,1,"3","diploid","female"
"511","0","0","0","0",-0.55238139629364,3122.48559570312,"map_4918_1_1",5,70,300,20,5,4.54416890622956,0.1,8.03607280538517,0.301414714321967,4.69931189219432,8,0.2,1,109.746906546659,21.2656784332208,0.00243889454342166,0.0039425453543096,0.341108522295764,171,4918,1,"1","diploid","female"
"512","0","0","0","0",-0.55238139629364,3122.48559570312,"map_4918_1_2",5,70,300,20,5,4.35032335223604,0.1,11.3658147676376,0.396425876937076,2.33858111713224,5,0.2,1,109.746906546659,21.2656784332208,0.00537270170313936,0.0084261072284679,0.360951448348768,171,4918,1,"2","diploid","female"
"513","0","0","0","0",-0.55238139629364,3122.48559570312,"map_4918_1_3",5,70,300,20,5,5.53172401070579,0.1,6.00577321190231,0.226509242783797,4.10707700181521,4,0.2,1,109.746906546659,21.2656784332208,0.000745844102417284,8.18679857440301e-05,0.611793356166446,171,4918,1,"3","diploid","female"
"514","0","0","0","0",-0.154239818453789,3135.8623046875,"map_4934_1_1",5,70,300,20,5,7.79483853668131,0.1,14.1666941429131,0.262594829473579,4.7352624524254,7,0.2,1,219.304884672957,20.7766397355799,0.00618543820720575,0.0230211194801209,0.23425807206274,172,4934,1,"1","diploid","female"
"515","0","0","0","0",-0.154239818453789,3135.8623046875,"map_4934_1_2",5,70,300,20,5,8.03300272699901,0.1,15.12424962205,0.497172388391654,1.25532744333029,11,0.2,1,219.304884672957,20.7766397355799,0.0137435646870118,0.0501813081278247,0.244217354094984,172,4934,1,"2","diploid","female"
"516","0","0","0","0",-0.154239818453789,3135.8623046875,"map_4934_1_3",5,70,300,20,5,5.14133867577606,0.1,10.0826213465659,0.108228799098314,5.2711789697574,5,0.2,1,219.304884672957,20.7766397355799,0.0012142569022345,0.00234134773100598,0.476229170518647,172,4934,1,"3","diploid","female"
"517","0","0","0","0",-0.427926331758499,3234.9345703125,"map_4935_1_1",5,70,300,20,5,6.45069067750001,0.1,14.9249136700581,0.475778837944893,2.68734115167742,10,0.2,1,237.812155181783,20.7588169313348,0.0140631439271923,0.0686043253891758,0.253947480834052,173,4935,1,"1","diploid","female"
"518","0","0","0","0",-0.427926331758499,3234.9345703125,"map_4935_1_2",5,70,300,20,5,7.18130810837709,0.1,10.1955343339229,0.831087857016233,1.64783100906485,9,0.2,1,237.812155181783,20.7588169313348,0.0124012339467469,0.0477186991669463,0.655616298154811,173,4935,1,"2","diploid","female"
"519","0","0","0","0",-0.427926331758499,3234.9345703125,"map_4935_1_3",5,70,300,20,5,3.31572214493624,0.1,8.75383113616335,0.352710297217274,2.71862088053237,3,0.2,1,237.812155181783,20.7588169313348,0.0026758950744675,0.00341200340114628,0.331176693535864,173,4935,1,"3","diploid","female"
"520","0","0","0","0",0.0849150642752647,3097.5458984375,"map_4944_1_1",5,70,300,20,5,7.73370892635404,0.1,15.2591994075556,0.22943837441065,4.58697335551268,130,0.2,1,207.278965161092,21.47600071718,0.00647226819035287,0.0316549650048935,0.202797517640841,174,4944,1,"1","diploid","female"
"521","0","0","0","0",0.0849150642752647,3097.5458984375,"map_4944_1_2",5,70,300,20,5,9.40227986395657,0.1,15.3561069923943,0.446056616333527,4.38899678852787,167,0.2,1,207.278965161092,21.47600071718,0.0129696996781601,0.069096559836731,1.12059114396534,174,4944,1,"2","diploid","female"
"522","0","0","0","0",0.0849150642752647,3097.5458984375,"map_4944_1_3",5,70,300,20,5,5.44135011725409,0.1,8.7186750699248,0.332345028430356,4.76264860984306,152,0.2,1,207.278965161092,21.47600071718,0.00299069810589969,0.00809513768962324,0.49759615514599,174,4944,1,"3","diploid","female"
"523","0","0","0","0",0.192078590393066,3054.80322265625,"map_4945_1_1",5,70,300,20,5,7.02333431680889,0.1,9.45111049493551,0.227198416792496,6.36860623571913,81,0.2,1,117.274986064315,21.4830350527336,0.00226605465186843,0.00316277911492526,0.29409637769884,175,4945,1,"1","diploid","female"
"524","0","0","0","0",0.192078590393066,3054.80322265625,"map_4945_1_2",5,70,300,20,5,7.62762620571891,0.1,9.67564415629257,0.383241829474173,3.28619273915623,92,0.2,1,117.274986064315,21.4830350527336,0.0038151948144192,0.00428869113253752,0.270464367799692,175,4945,1,"2","diploid","female"
"525","0","0","0","0",0.192078590393066,3054.80322265625,"map_4945_1_3",5,70,300,20,5,6.19881183657802,0.1,7.69260631659403,0.124745878797266,6.20181957137944,80,0.2,1,117.274986064315,21.4830350527336,0.000748745331719185,0.000457399697398405,0.425648640786642,175,4945,1,"3","diploid","female"
"526","0","0","0","0",0.259244978427887,3002.54150390625,"map_4946_1_1",5,70,300,20,5,5.36719646518226,0.1,9.35646107540693,0.232303199232273,7.04853130451145,81,0.2,1,123.726595450873,21.4509364726932,0.00270520002860781,0.00920527216481673,0.295417437156451,176,4946,1,"1","diploid","female"
"527","0","0","0","0",0.259244978427887,3002.54150390625,"map_4946_1_2",5,70,300,20,5,14.7438134979828,0.1,11.4337703740097,0.427331515998026,4.56249435399869,97,0.2,1,123.726595450873,21.4509364726932,0.00773339058499871,0.0258637346486788,0.254087911054414,176,4946,1,"2","diploid","female"
"528","0","0","0","0",0.259244978427887,3002.54150390625,"map_4946_1_3",5,70,300,20,5,3.96095418791763,0.1,9.02681282567241,0.123296832908897,6.26701202608796,80,0.2,1,123.726595450873,21.4509364726932,0.00112573167849959,0.00236539592983122,0.432299264350277,176,4946,1,"3","diploid","female"
"529","0","0","0","0",0.67797189950943,2939.53466796875,"map_4947_1_1",5,70,300,20,5,7.67656159566265,0.1,12.5565997678092,0.287981086761006,7.38324382641222,41,0.2,1,116.254235543286,22.2704469864551,0.00555842454073777,0.0188161240326233,0.230105172627737,177,4947,1,"1","diploid","female"
"530","0","0","0","0",0.67797189950943,2939.53466796875,"map_4947_1_2",5,70,300,20,5,8.79539686031756,0.1,14.6715989754132,0.377644814682761,4.35008351695944,36,0.2,1,116.254235543286,22.2704469864551,0.00884787410750285,0.0173127841525066,0.30441098772019,177,4947,1,"2","diploid","female"
"531","0","0","0","0",0.67797189950943,2939.53466796875,"map_4947_1_3",5,70,300,20,5,5.42103761820673,0.1,9.42848082660073,0.295298096860302,6.37234909934928,28,0.2,1,116.254235543286,22.2704469864551,0.00337973024427731,0.00870677831972484,0.30908616513702,177,4947,1,"3","diploid","female"
"532","0","0","0","0",-0.727792859077454,2994.02490234375,"map_4961_1_1",5,70,300,20,5,2.29188672628049,0.1,7.30153326896714,0.154830867552379,2.37509946428756,3,0.2,1,25.4797126126052,22.1751168928009,0.000810779352840403,0.000452673010591079,0.488691156535228,178,4961,1,"1","diploid","female"
"533","0","0","0","0",-0.727792859077454,2994.02490234375,"map_4961_1_2",5,70,300,20,5,3.78640609966618,0.1,8.28549974570495,0.191125161087164,2.60834849562809,3,0.2,1,25.4797126126052,22.1751168928009,0.0015598249004863,0.00240547584151684,0.635418965444882,178,4961,1,"2","diploid","female"
"534","0","0","0","0",-0.727792859077454,2994.02490234375,"map_4961_1_3",5,70,300,20,5,2.76642511460458,0.1,6.48830213764327,0.0858178146414956,2.32704240311629,2,0.2,1,25.4797126126052,22.1751168928009,0.000299591541083781,2.53472538794769e-07,0.807743061837636,178,4961,1,"3","diploid","female"
"535","0","0","0","0",-0.6367307305336,3034.83447265625,"map_4962_1_1",5,70,300,20,5,3.76036565305293,0.1,6.91093467311346,0.268791412522541,2.53875397002939,7,0.2,1,26.131746765387,21.4431644114413,0.00106165735813494,2.88052549564585e-05,0.777135020635155,179,4962,1,"1","diploid","female"
"536","0","0","0","0",-0.6367307305336,3034.83447265625,"map_4962_1_2",5,70,300,20,5,3.50936653907342,0.1,5.90587611477957,1.3409353324996,1.86636487206267,91,0.2,1,26.131746765387,21.4431644114413,0.00409083352049557,0.000284653129550735,1.19907137742961,179,4962,1,"2","diploid","female"
"537","0","0","0","0",-0.6367307305336,3034.83447265625,"map_4962_1_3",5,70,300,20,5,5.33108393560714,0.1,6.7091360035206,0.0381804480430148,2.25949665133204,4,0.2,1,26.131746765387,21.4431644114413,0.000140844203963101,9.51686385924675e-08,1.00013158421967,179,4962,1,"3","diploid","female"
"538","0","0","0","0",-0.322354286909103,3125.50952148438,"map_4964_1_1",5,70,300,20,5,4.90398348694077,0.1,9.30102110718408,0.114203628906787,4.48886016537278,11,0.2,1,57.9379124166165,21.4341732629246,0.00098572329240824,0.000442289426019224,0.371682131142186,180,4964,1,"1","diploid","female"
"539","0","0","0","0",-0.322354286909103,3125.50952148438,"map_4964_1_2",5,70,300,20,5,4.93509636778873,0.1,8.39280204500656,0.0908918673925327,4.81262729922543,9,0.2,1,57.9379124166165,21.4341732629246,0.000626257406861758,0.000200822631628105,0.605662562488102,180,4964,1,"2","diploid","female"
"540","0","0","0","0",-0.322354286909103,3125.50952148438,"map_4964_1_3",5,70,300,20,5,5.72952337174479,0.1,7.48346553839018,0.0658765407804966,4.12023622156653,11,0.2,1,57.9379124166165,21.4341732629246,0.000325390652567628,1.629031310605e-05,0.56647318709927,180,4964,1,"3","diploid","female"
"541","0","0","0","0",-0.715540766716003,3084.49853515625,"map_4966_1_1",5,70,300,20,5,3.91950295048032,0.1,8.16155397049759,0.0940882390356372,3.57202484024595,13,0.2,1,56.0883397256021,21.1851689390434,0.000611167452036936,0.000448063593724516,0.473323575419423,181,4966,1,"1","diploid","female"
"542","0","0","0","0",-0.715540766716003,3084.49853515625,"map_4966_1_2",5,70,300,20,5,5.36558439610685,0.1,11.687200626051,0.111780374321567,3.54367705293183,15,0.2,1,56.0883397256021,21.1851689390434,0.00179462924831005,0.00546624094766589,0.600994786981799,181,4966,1,"2","diploid","female"
"543","0","0","0","0",-0.715540766716003,3084.49853515625,"map_4966_1_3",5,70,300,20,5,4.26563153093683,0.1,6.52106879386427,0.0507702434055524,2.62812534709006,9,0.2,1,56.0883397256021,21.1851689390434,0.000187519178934881,3.98801159625027e-06,0.714431778138704,181,4966,1,"3","diploid","female"
"544","0","0","0","0",-0.658994376659393,3086.6748046875,"map_4967_1_1",5,70,300,20,5,4.10255980464864,0.1,7.65676990666387,0.0924041828212885,3.6611900568083,22,0.2,1,50.8551821962147,21.2161180595491,0.00050476767308998,0.000214677661891289,0.336469441103195,182,4967,1,"1","diploid","female"
"545","0","0","0","0",-0.658994376659393,3086.6748046875,"map_4967_1_2",5,70,300,20,5,3.74261211971242,0.1,8.50542493111778,0.0888979189645548,3.96986357071428,29,0.2,1,50.8551821962147,21.2161180595491,0.000680539842234889,0.000865322510068783,0.462300320028642,182,4967,1,"2","diploid","female"
"546","0","0","0","0",-0.658994376659393,3086.6748046875,"map_4967_1_3",5,70,300,20,5,5.45396308988552,0.1,6.84082446073778,0.0483539325099699,2.66365793111062,48,0.2,1,50.8551821962147,21.2161180595491,0.000193087051631164,1.99599211312296e-06,0.562059978853248,182,4967,1,"3","diploid","female"
"547","0","0","0","0",-0.460387855768204,3092.982421875,"map_4968_1_1",5,70,300,20,5,4.71375783007134,0.1,8.03339813420526,0.250811612758348,4.11236303085823,5,0.2,1,50.2975871962962,21.2073838370187,0.00152030923317228,0.000474151001172532,0.509924827912869,183,4968,1,"1","diploid","female"
"548","0","0","0","0",-0.460387855768204,3092.982421875,"map_4968_1_2",5,70,300,20,5,4.28773348961632,0.1,9.88588343307892,0.34993910676775,2.36808061995737,4,0.2,1,50.2975871962962,21.2073838370187,0.00328898196366592,0.00198105928191887,0.326409346438315,183,4968,1,"2","diploid","female"
"549","0","0","0","0",-0.460387855768204,3092.982421875,"map_4968_1_3",5,70,300,20,5,5.889563455096,0.1,5.98472037779673,0.184351685477295,3.89351975494179,2,0.2,1,50.2975871962962,21.2073838370187,0.000582053224136851,1.00154504636175e-05,0.833673321078697,183,4968,1,"3","diploid","female"
"550","0","0","0","0",0.186097964644432,3170.97192382812,"map_4970_1_1",5,70,300,20,5,8.0167446810439,0.1,7.79307405658562,0.462570247815548,4.25342020962466,42,0.2,1,68.3882683804661,20.9069783431483,0.00254762269630873,0.000617531099988214,0.56641856017621,184,4970,1,"1","diploid","female"
"551","0","0","0","0",0.186097964644432,3170.97192382812,"map_4970_1_2",5,70,300,20,5,6.98945555144829,0.1,6.01319499514055,0.82643841830618,2.95360075347895,81,0.2,1,68.3882683804661,20.9069783431483,0.0024717784948959,3.74033375362943e-05,1.07086717132508,184,4970,1,"2","diploid","female"
"552","0","0","0","0",0.186097964644432,3170.97192382812,"map_4970_1_3",5,70,300,20,5,6.87298786183266,0.1,8.09606117464185,0.123344202501927,5.52159508686089,39,0.2,1,68.3882683804661,20.9069783431483,0.000707653173220849,0.000124259586785564,0.576990650599163,184,4970,1,"3","diploid","female"
"553","0","0","0","0",-0.76128488779068,3228.33984375,"map_4973_1_1",5,70,300,20,5,2.63579759407646,0.1,9.01847110748207,0.19429084442776,3.710148120111,16,0.2,1,68.7621042894763,20.113306321179,0.00149148336002101,0.000823660014045855,0.226195580694861,185,4973,1,"1","diploid","female"
"554","0","0","0","0",-0.76128488779068,3228.33984375,"map_4973_1_2",5,70,300,20,5,5.51975175697855,0.1,9.33584945865742,0.168676030232892,2.30072096333022,14,0.2,1,68.7621042894763,20.113306321179,0.00131019367402835,0.000394188967337715,0.3980771629177,185,4973,1,"2","diploid","female"
"555","0","0","0","0",-0.76128488779068,3228.33984375,"map_4973_1_3",5,70,300,20,5,1.90099386968718,0.1,6.78150962592737,0.0620883273798368,3.0396031260728,12,0.2,1,68.7621042894763,20.113306321179,0.000238190137088643,7.79764279356589e-07,0.684670720385829,185,4973,1,"3","diploid","female"
"556","0","0","0","0",-0.639778196811676,2971.75952148438,"map_5021_1_1",5,70,300,20,5,2.80010305142299,0.1,14.0434049422559,0.172785023808245,2.91047037259161,63,0.2,1,110.926962196629,22.9470947958438,0.00414256243790413,0.0160200688957131,0.250322683362095,186,5021,1,"1","diploid","female"
"557","0","0","0","0",-0.639778196811676,2971.75952148438,"map_5021_1_2",5,70,300,20,5,3.78019522824586,0.1,13.2034556089641,0.195950095792713,4.06583603605965,74,0.2,1,110.926962196629,22.9470947958438,0.00438079586295125,0.0155343549493352,0.417551000959738,186,5021,1,"2","diploid","female"
"558","0","0","0","0",-0.639778196811676,2971.75952148438,"map_5021_1_3",5,70,300,20,5,3.7140646693274,0.1,8.40494651027836,0.106975767782734,3.13521676340858,40,0.2,1,110.926962196629,22.9470947958438,0.000742243289555057,0.000491584702484531,0.593470354529912,186,5021,1,"3","diploid","female"
"559","0","0","0","0",-0.670611202716827,3044.7939453125,"map_5022_1_1",5,70,300,20,5,1.51553770399389,0.1,18.6454844002534,0.19577128053863,2.39541493514037,10,0.2,1,117.641574390703,22.9084702045023,0.00799471719760064,0.0331820845353723,0.121901934127492,187,5022,1,"1","diploid","female"
"560","0","0","0","0",-0.670611202716827,3044.7939453125,"map_5022_1_2",5,70,300,20,5,4.78322962014167,0.1,27.9053342328851,0.248692845311209,3.15360916880031,9,0.2,1,117.641574390703,22.9084702045023,0.019801564865071,0.101678725772437,0.126385026091567,187,5022,1,"2","diploid","female"
"561","0","0","0","0",-0.670611202716827,3044.7939453125,"map_5022_1_3",5,70,300,20,5,1.89578382289555,0.1,10.3432174456027,0.101181606532491,3.38049399723901,6,0.2,1,117.641574390703,22.9084702045023,0.00113851437615205,0.00170994204299345,0.335009235612938,187,5022,1,"3","diploid","female"
"562","0","0","0","0",-0.437946051359177,3014.42309570312,"map_5037_1_1",5,70,300,20,5,4.17983071634025,0.1,14.048620421997,0.10627090358667,3.82085389802206,15,0.2,1,100.532267434256,21.749437167399,0.00224418813409358,0.00549256485270377,0.29910136125787,188,5037,1,"1","diploid","female"
"563","0","0","0","0",-0.437946051359177,3014.42309570312,"map_5037_1_2",5,70,300,20,5,4.57104113272674,0.1,18.4546444657659,0.367974034880397,0.969101776288417,42,0.2,1,100.532267434256,21.749437167399,0.0119401565177913,0.0356707659968682,0.186886928384085,188,5037,1,"2","diploid","female"
"564","0","0","0","0",-0.437946051359177,3014.42309570312,"map_5037_1_3",5,70,300,20,5,4.76961585236037,0.1,9.42754280839764,0.0389234873601588,3.89171380274534,34,0.2,1,100.532267434256,21.749437167399,0.000325925329474714,8.06659878121175e-05,0.596287695977789,188,5037,1,"3","diploid","female"
"565","0","0","0","0",-0.565759062767029,3089.013671875,"map_5038_1_1",5,70,300,20,5,0,0.1,14.9073178941463,0.385351200091638,3.14334565921978,8,0.2,1,241.705734405011,21.7158335900122,0.00986007020276555,0.0347040054957104,0.146470147118562,189,5038,1,"1","diploid","female"
"566","0","0","0","0",-0.565759062767029,3089.013671875,"map_5038_1_2",5,70,300,20,5,0,0.1,22.2213489894442,0.656857985922925,1.29600636552835,9,0.2,1,241.705734405011,21.7158335900122,0.0333670815626704,0.199738021563274,0.0813486980551455,189,5038,1,"2","diploid","female"
"567","0","0","0","0",-0.565759062767029,3089.013671875,"map_5038_1_3",5,70,300,20,5,0,0.1,9.52226206582991,0.348605337744469,4.38006413518556,3,0.2,1,241.705734405011,21.7158335900122,0.00321727236141102,0.00427796872800082,0.35879172455975,189,5038,1,"3","diploid","female"
"568","0","0","0","0",-0.577181935310364,3173.5263671875,"map_5039_1_1",5,70,300,20,5,5.86046675422229,0.1,12.7070483273549,0.297513035020353,4.09847287351632,7,0.2,1,235.813190358818,20.7368446003691,0.00607424841830881,0.0213455717849878,0.299237544479809,190,5039,1,"1","diploid","female"
"569","0","0","0","0",-0.577181935310364,3173.5263671875,"map_5039_1_2",5,70,300,20,5,6.32427119358029,0.1,15.7937226210608,0.447901139464069,4.65164342659747,6,0.2,1,235.813190358818,20.7368446003691,0.0158899914931364,0.0850744837866135,0.357020511495704,190,5039,1,"2","diploid","female"
"570","0","0","0","0",-0.577181935310364,3173.5263671875,"map_5039_1_3",5,70,300,20,5,3.93340801363385,0.1,7.34798126363285,0.361673641384456,1.4740158176746,3,0.2,1,235.813190358818,20.7368446003691,0.00174812686041761,0.000570009014749178,1.02217669827617,190,5039,1,"3","diploid","female"
"571","0","0","0","0",-0.0172621458768845,2988.92651367188,"map_5051_1_1",5,70,300,20,5,0,0.1,17.6962117182702,0.101410779606972,4.1725836239915,30,0.2,1,115.596972734825,22.2539752166004,0.003788361084196,0.0161441411564378,0.276220832121585,191,5051,1,"1","diploid","female"
"572","0","0","0","0",-0.0172621458768845,2988.92651367188,"map_5051_1_2",5,70,300,20,5,12.7093013807379,0.1,23.1220616364521,0.22104513010375,2.3393475669149,67,0.2,1,115.596972734825,22.2539752166004,0.0126266838461758,0.0591826685798477,0.316964838717741,191,5051,1,"2","diploid","female"
"573","0","0","0","0",-0.0172621458768845,2988.92651367188,"map_5051_1_3",5,70,300,20,5,3.4043516961211,0.1,12.3118348300283,0.0638575383072491,4.27657798834237,62,0.2,1,115.596972734825,22.2539752166004,0.00111420141021575,0.00311703571680037,0.424924359730533,191,5051,1,"3","diploid","female"
"574","0","0","0","0",0.51125979423523,2947.48779296875,"map_5052_1_1",5,70,300,20,5,3.55548869013256,0.1,14.0239496824449,0.259648776021317,5.50737611101846,116,0.2,1,121.606558295975,22.2316507400732,0.00598994626136896,0.0216052541599273,0.223981742782086,192,5052,1,"1","diploid","female"
"575","0","0","0","0",0.51125979423523,2947.48779296875,"map_5052_1_2",5,70,300,20,5,8.12568678804123,0.1,16.6847579822653,0.374809364089817,3.87218131430474,129,0.2,1,121.606558295975,22.2316507400732,0.0109356423868169,0.044990624474987,0.266670396942741,192,5052,1,"2","diploid","female"
"576","0","0","0","0",0.51125979423523,2947.48779296875,"map_5052_1_3",5,70,300,20,5,2.9071782431001,0.1,11.2796542647266,0.253208553928312,5.7275115831377,129,0.2,1,121.606558295975,22.2316507400732,0.00385707680522089,0.0128379186717061,0.317016287807587,192,5052,1,"3","diploid","female"
"577","0","0","0","0",-0.41074600815773,3092.7392578125,"map_5069_1_1",5,70,300,20,5,4.83315109532769,0.1,7.26667725556277,0.175073696885169,4.00902348223871,4,0.2,1,52.8356301190449,21.2259707339974,0.00090727866034921,0.000150266471921851,0.451493257597562,193,5069,1,"1","diploid","female"
"578","0","0","0","0",-0.41074600815773,3092.7392578125,"map_5069_1_2",5,70,300,20,5,4.35820842824195,0.1,9.46035000779513,0.211895214171033,3.10213840140987,4,0.2,1,52.8356301190449,21.2259707339974,0.0018821951519069,0.000358854182620256,0.459261153550837,193,5069,1,"2","diploid","female"
"579","0","0","0","0",-0.41074600815773,3092.7392578125,"map_5069_1_3",5,70,300,20,5,6.0824518112489,0.1,6.76562452554394,0.0883172677023242,3.67062847156524,3,0.2,1,52.8356301190449,21.2259707339974,0.000352862227635148,1.0237604969696e-05,0.620094099414286,193,5069,1,"3","diploid","female"
"580","0","0","0","0",-0.774861752986908,3123.43872070312,"map_5075_1_1",5,70,300,20,5,2.25960999294303,0.1,9.61759251635177,0.138814612251336,3.51555054653723,6,0.2,1,68.9403079767956,20.8905564114897,0.00116081354605143,0.000387680030689863,0.502276307371336,194,5075,1,"1","diploid","female"
"581","0","0","0","0",-0.774861752986908,3123.43872070312,"map_5075_1_2",5,70,300,20,5,5.44792566705167,0.1,11.4216109723346,0.31866030792063,1.2048529015156,9,0.2,1,68.9403079767956,20.8905564114897,0.003840294522588,0.00143375786671605,0.389819334747284,194,5075,1,"2","diploid","female"
"582","0","0","0","0",-0.774861752986908,3123.43872070312,"map_5075_1_3",5,70,300,20,5,2.27475731760133,0.1,6.927631905953,0.0430608266274745,3.07239690088815,4,0.2,1,68.9403079767956,20.8905564114897,0.000174497687861357,9.30786667576969e-07,0.801200227172238,194,5075,1,"3","diploid","female"
"583","0","0","0","0",-0.489530265331268,3124.4013671875,"map_5076_1_1",5,70,300,20,5,5.78284230590266,0.1,8.90222731076767,0.0657636157257268,4.51154112652817,13,0.2,1,68.3565707111675,20.1175012525134,0.000489606025366711,0.000145350752635427,0.452462423104666,195,5076,1,"1","diploid","female"
"584","0","0","0","0",-0.489530265331268,3124.4013671875,"map_5076_1_2",5,70,300,20,5,4.0388960703577,0.1,12.2471349797471,0.107037921490226,3.31123205216243,26,0.2,1,68.3565707111675,20.1175012525134,0.00176255643052976,0.00438857072906389,0.441002387748187,195,5076,1,"2","diploid","female"
"585","0","0","0","0",-0.489530265331268,3124.4013671875,"map_5076_1_3",5,70,300,20,5,6.6341919685628,0.1,7.52941648180574,0.017268470150115,2.9440041643888,18,0.2,1,68.3565707111675,20.1175012525134,8.31556182780398e-05,1.81550597683276e-06,0.736797173025745,195,5076,1,"3","diploid","female"
"586","0","0","0","0",-0.4200479388237,3208.18090820312,"map_5079_1_1",5,70,300,20,5,6.84121662097256,0.1,8.52837847293462,0.27768936527222,5.60430337481267,6,0.2,1,111.737921496166,19.8233860212307,0.00217106067623122,0.0031090326317408,0.236142846707486,196,5079,1,"1","diploid","female"
"587","0","0","0","0",-0.4200479388237,3208.18090820312,"map_5079_1_2",5,70,300,20,5,4.7773385891079,0.1,8.20320322259601,0.342137714753141,3.40534936573181,4,0.2,1,111.737921496166,19.8233860212307,0.00252725594471719,0.00403349460654742,0.307147371116842,196,5079,1,"2","diploid","female"
"588","0","0","0","0",-0.4200479388237,3208.18090820312,"map_5079_1_3",5,70,300,20,5,5.54916069424716,0.1,6.78236407339568,0.132750308167408,4.44609039275661,3,0.2,1,111.737921496166,19.8233860212307,0.000527620079520899,2.00140357440704e-05,0.487974756388308,196,5079,1,"3","diploid","female"
"589","0","0","0","0",-0.639707684516907,3076.1669921875,"map_5127_1_1",5,70,300,20,5,6.03386219102814,0.1,10.1089195878298,0.132352989381331,4.17936626036935,15,0.2,1,110.768746537624,21.1956407963107,0.00144110115574823,0.00210944344467975,0.349793567949509,197,5127,1,"1","diploid","female"
"590","0","0","0","0",-0.639707684516907,3076.1669921875,"map_5127_1_2",5,70,300,20,5,8.73877356615149,0.1,11.1783094928015,0.220697374096429,3.52329664543158,20,0.2,1,110.768746537624,21.1956407963107,0.00311659013617855,0.00603503514760554,0.48322313119971,197,5127,1,"2","diploid","female"
"591","0","0","0","0",-0.639707684516907,3076.1669921875,"map_5127_1_3",5,70,300,20,5,5.76231397986018,0.1,7.68645175871234,0.0537007899186234,3.76825839161875,17,0.2,1,110.768746537624,21.1956407963107,0.000302924071801721,9.76666116421894e-05,0.508679798043354,197,5127,1,"3","diploid","female"
"592","0","0","0","0",-0.46103110909462,2983.03271484375,"map_5141_1_1",5,70,300,20,5,0,0.1,14.6814334414137,0.15202483565769,3.33559499918956,44,0.2,1,98.5189240319388,21.7487295368317,0.00351015926558437,0.0113102795102067,0.139831921478207,198,5141,1,"1","diploid","female"
"593","0","0","0","0",-0.46103110909462,2983.03271484375,"map_5141_1_2",5,70,300,20,5,9.97219071470834,0.1,20.9472702066608,0.463485678371002,1.10547945665873,90,0.2,1,98.5189240319388,21.7487295368317,0.0184881931071666,0.0500363773827049,0.0721617151013951,198,5141,1,"2","diploid","female"
"594","0","0","0","0",-0.46103110909462,2983.03271484375,"map_5141_1_3",5,70,300,20,5,4.75916693093584,0.1,10.7036208291172,0.0879935032950545,4.03607012620933,59,0.2,1,98.5189240319388,21.7487295368317,0.000930100778661198,0.000728562040437982,0.302548166807099,198,5141,1,"3","diploid","female"
"595","0","0","0","0",-0.657663822174072,3039.6396484375,"map_5142_1_1",5,70,300,20,5,0,0.1,17.600102339802,0.174366069995982,3.58349910286047,147,0.2,1,231.469254934115,21.7382887674461,0.00666434777498148,0.0250312445621069,0.165953007626743,199,5142,1,"1","diploid","female"
"596","0","0","0","0",-0.657663822174072,3039.6396484375,"map_5142_1_2",5,70,300,20,5,21.96543445151,0.1,25.2333076563557,0.617855446453515,0.982727601933588,235,0.2,1,231.469254934115,21.7382887674461,0.0371099830133383,0.142949444835035,0.0911096743611346,199,5142,1,"2","diploid","female"
"597","0","0","0","0",-0.657663822174072,3039.6396484375,"map_5142_1_3",5,70,300,20,5,0,0.1,11.5998717395771,0.121797396215694,3.15449577755373,135,0.2,1,231.469254934115,21.7382887674461,0.00178617086251288,0.00212145444068505,0.445223084743358,199,5142,1,"3","diploid","female"
"598","0","0","0","0",-0.560474216938019,3107.43798828125,"map_5143_1_1",5,70,300,20,5,4.8734565438899,0.1,14.1603903465969,0.211396194294166,3.84780485115495,164,0.2,1,234.781928648584,21.720061732025,0.00490124399861281,0.0136959733128071,0.183732366299851,200,5143,1,"1","diploid","female"
"599","0","0","0","0",-0.560474216938019,3107.43798828125,"map_5143_1_2",5,70,300,20,5,6.54859595638176,0.1,15.9429825969389,0.696667813410648,0.989562034904438,274,0.2,1,234.781928648584,21.720061732025,0.0191207192087813,0.0708796864767437,0.0767057780085906,200,5143,1,"2","diploid","female"
"600","0","0","0","0",-0.560474216938019,3107.43798828125,"map_5143_1_3",5,70,300,20,5,3.82345337333253,0.1,10.218119115611,0.268839261416452,5.32636129287359,167,0.2,1,234.781928648584,21.720061732025,0.00269477035205289,0.000810143241454611,0.406077135987183,200,5143,1,"3","diploid","female"
"601","0","0","0","0",-0.672857284545898,3198.90673828125,"map_5144_1_1",5,70,300,20,5,4.56744181830256,0.1,13.5808081712812,0.227820641858493,3.68109881779471,110,0.2,1,239.286911897881,21.7172610640922,0.00578164326932094,0.0212913243023423,0.211278309310149,201,5144,1,"1","diploid","female"
"602","0","0","0","0",-0.672857284545898,3198.90673828125,"map_5144_1_2",5,70,300,20,5,6.60003788870754,0.1,6.640625939899,0.228639877973811,4.39976240942215,99,0.2,1,239.286911897881,21.7172610640922,0.00124659158746732,0.0020616427410006,0.507477097425127,201,5144,1,"2","diploid","female"
"603","0","0","0","0",-0.672857284545898,3198.90673828125,"map_5144_1_3",5,70,300,20,5,2.91880589309422,0.1,7.60945787568365,0.142742627874292,3.02202585720069,96,0.2,1,239.286911897881,21.7172610640922,0.000786107966237809,0.000177465022909171,0.727816547431221,201,5144,1,"3","diploid","female"
"604","0","0","0","0",0.217398256063461,3021.82885742188,"map_5154_1_1",5,70,300,20,5,7.73871422649076,0.1,9.66633128924007,0.277401697907209,8.66436457272237,6,0.2,1,121.789010310886,21.1253383135875,0.00305947141579239,0.00526868829899662,0.300549526075866,202,5154,1,"1","diploid","female"
"605","0","0","0","0",0.217398256063461,3021.82885742188,"map_5154_1_2",5,70,300,20,5,6.97456475553621,0.1,16.1907608122124,0.511077855569623,1.91481872732699,7,0.2,1,121.789010310886,21.1253383135875,0.0144043518496182,0.0477896143928585,0.161880057164399,202,5154,1,"2","diploid","female"
"606","0","0","0","0",0.217398256063461,3021.82885742188,"map_5154_1_3",5,70,300,20,5,6.77106464197236,0.1,9.01093490664234,0.191781674913969,7.35478862553736,4,0.2,1,121.789010310886,21.1253383135875,0.00169467980582561,0.00193796737547182,0.324031708132084,202,5154,1,"3","diploid","female"
"607","0","0","0","0",0.577024102210999,2934.13671875,"map_5157_1_1",5,70,300,20,5,6.97682994781532,0.1,7.89435551592649,0.159379890478938,6.70604004793366,32,0.2,1,39.9512543448578,21.9858423171777,0.0010539093149489,0.00126302710381,0.345756503848456,203,5157,1,"1","diploid","female"
"608","0","0","0","0",0.577024102210999,2934.13671875,"map_5157_1_2",5,70,300,20,5,6.72972384970394,0.1,7.97769143529591,0.17159892342966,5.8024353678173,24,0.2,1,39.9512543448578,21.9858423171777,0.0010819443281674,0.000780817282233938,0.466858007012343,203,5157,1,"2","diploid","female"
"609","0","0","0","0",0.577024102210999,2934.13671875,"map_5157_1_3",5,70,300,20,5,6.20060561013599,0.1,8.37557881717044,0.133916751430194,5.48865273751997,129,0.2,1,39.9512543448578,21.9858423171777,0.00098209714919068,0.000896937508367577,0.396025354989675,203,5157,1,"3","diploid","female"
"610","0","0","0","0",-0.228993922472,3244.01782226562,"map_5182_1_1",5,70,300,20,5,6.46408713644894,0.1,14.6169171762055,0.344105917739406,3.693960019379,32,0.2,1,117.327812955229,20.806719320557,0.00794057398716982,0.0237021416339203,0.160164933608413,204,5182,1,"1","diploid","female"
"611","0","0","0","0",-0.228993922472,3244.01782226562,"map_5182_1_2",5,70,300,20,5,5.99666307322183,0.1,9.70277917696883,0.227933809365623,5.1725391768242,30,0.2,1,117.327812955229,20.806719320557,0.0020558030606648,0.00174631385485666,0.336843066796678,204,5182,1,"2","diploid","female"
"612","0","0","0","0",-0.228993922472,3244.01782226562,"map_5182_1_3",5,70,300,20,5,4.33922399267604,0.1,8.41372278177689,0.20068518276926,4.09158424037536,110,0.2,1,117.327812955229,20.806719320557,0.0013242175722153,0.000343638659079744,0.324735212040277,204,5182,1,"3","diploid","female"
"613","0","0","0","0",-0.451143354177475,3175.51904296875,"map_5183_1_1",5,70,300,20,5,2.56066150544451,0.1,13.119975751522,0.298819538589257,4.49160121666559,7,0.2,1,113.562876400361,21.5362299351993,0.00590034600980219,0.018424212976733,0.211809188044676,205,5183,1,"1","diploid","female"
"614","0","0","0","0",-0.451143354177475,3175.51904296875,"map_5183_1_2",5,70,300,20,5,5.792575324521,0.1,11.1430486153212,0.532467108328082,1.17105808120684,6,0.2,1,113.562876400361,21.5362299351993,0.00603037799232548,0.00650346049470424,0.239260174292695,205,5183,1,"2","diploid","female"
"615","0","0","0","0",-0.451143354177475,3175.51904296875,"map_5183_1_3",5,70,300,20,5,2.37031037896356,0.1,7.46680172519498,0.260790465360712,4.5755132192801,4,0.2,1,113.562876400361,21.5362299351993,0.00144665098564783,0.000526901148167546,0.406076142328053,205,5183,1,"3","diploid","female"
"616","0","0","0","0",-0.840107023715973,3211.080078125,"map_5185_1_1",5,70,300,20,5,3.77694144297639,0.1,12.1313285059391,0.356460640431247,3.06299567220837,9,0.2,1,111.672238758632,21.5097204928646,0.00676173812194172,0.0232710369677142,0.160807035545038,206,5185,1,"1","diploid","female"
"617","0","0","0","0",-0.840107023715973,3211.080078125,"map_5185_1_2",5,70,300,20,5,4.26329152439518,0.1,8.3427023167631,0.409164421613124,3.61430944121921,4,0.2,1,111.672238758632,21.5097204928646,0.00335149423846564,0.00778044873773082,0.359243830171179,206,5185,1,"2","diploid","female"
"618","0","0","0","0",-0.840107023715973,3211.080078125,"map_5185_1_3",5,70,300,20,5,3.46499554716556,0.1,6.22870454900378,0.316254615772562,3.18774324757768,3,0.2,1,111.672238758632,21.5097204928646,0.00110987831017758,7.96834490377792e-05,0.407779748775448,206,5185,1,"3","diploid","female"
"619","0","0","0","0",-0.876870512962341,3217.41796875,"map_5186_1_1",5,70,300,20,5,4.41173005537749,0.1,14.0494633815175,0.382340165826277,2.10781459519908,51,0.2,1,128.754700847638,21.4987614674954,0.00892963389888732,0.0337457517565412,0.257994008348426,207,5186,1,"1","diploid","female"
"620","0","0","0","0",-0.876870512962341,3217.41796875,"map_5186_1_2",5,70,300,20,5,7.7406185723216,0.1,8.31709535086599,0.837209711177748,0.749269451299689,28,0.2,1,128.754700847638,21.4987614674954,0.00591884235561423,0.0076707849740399,0.5978748970148,207,5186,1,"2","diploid","female"
"621","0","0","0","0",-0.876870512962341,3217.41796875,"map_5186_1_3",5,70,300,20,5,2.93484501655022,0.1,7.21575219100297,0.202069181443188,3.11039853399031,90,0.2,1,128.754700847638,21.4987614674954,0.000948969614184965,7.76252615120026e-05,0.71772330359041,207,5186,1,"3","diploid","female"
"622","0","0","0","0",-0.812707602977753,3233.08422851562,"map_5187_1_1",5,70,300,20,5,4.03763963373009,0.1,15.4207251384575,0.296924802246439,3.03183756457561,64,0.2,1,130.366759024585,21.5265964833341,0.00857074235358196,0.040575176208686,0.146900888201804,208,5187,1,"1","diploid","female"
"623","0","0","0","0",-0.812707602977753,3233.08422851562,"map_5187_1_2",5,70,300,20,5,4.66520291462324,0.1,9.97881220914017,0.197200610535791,4.63994906613919,43,0.2,1,130.366759024585,21.5265964833341,0.00225463519063364,0.00622399507535157,0.443759372725576,208,5187,1,"2","diploid","female"
"624","0","0","0","0",-0.812707602977753,3233.08422851562,"map_5187_1_3",5,70,300,20,5,3.2409416284807,0.1,7.26255142997396,0.202103984309081,2.88651914671329,83,0.2,1,130.366759024585,21.5265964833341,0.000950858665597103,0.000194407477184333,0.468848899257512,208,5187,1,"3","diploid","female"
"625","0","0","0","0",-0.88099879026413,3277.49926757812,"map_5188_1_1",5,70,300,20,5,0,0.1,18.8019666456604,0.386073049577022,1.91547611717247,109,0.2,1,131.032844758905,21.4739386515232,0.0148310245915322,0.063848108805493,0.0859306287810813,209,5188,1,"1","diploid","female"
"626","0","0","0","0",-0.88099879026413,3277.49926757812,"map_5188_1_2",5,70,300,20,5,0,0.1,12.3296821792118,0.213172930247271,3.68930396642894,25,0.2,1,131.032844758905,21.4739386515232,0.00325755718695855,0.0047505647971119,0.434727806785258,209,5188,1,"2","diploid","female"
"627","0","0","0","0",-0.88099879026413,3277.49926757812,"map_5188_1_3",5,70,300,20,5,2.18068695486565,0.1,8.30538758286366,0.21279551564493,2.18444587163833,29,0.2,1,131.032844758905,21.4739386515232,0.00129708802241164,0.000108358234445441,0.326985694815293,209,5188,1,"3","diploid","female"
"628","0","0","0","0",-0.507381677627563,2992.4033203125,"map_5231_1_1",5,70,300,20,5,6.23793962365137,0.1,11.7070403015696,0.156208616757334,4.83177771055224,33,0.2,1,117.789551136106,21.1770471781987,0.00231536967178577,0.00453148661778319,0.314999809363098,210,5231,1,"1","diploid","female"
"629","0","0","0","0",-0.507381677627563,2992.4033203125,"map_5231_1_2",5,70,300,20,5,8.23154924782692,0.1,15.15490284658,0.271032467546271,3.76943733147345,95,0.2,1,117.789551136106,21.1770471781987,0.00719772557106091,0.0234355120027094,0.248921710838695,210,5231,1,"2","diploid","female"
"630","0","0","0","0",-0.507381677627563,2992.4033203125,"map_5231_1_3",5,70,300,20,5,5.7537014495916,0.1,9.89097251703911,0.0505241679894572,3.09927958084541,30,0.2,1,117.789551136106,21.1770471781987,0.000482079858024712,0.000408352545706969,0.456054043470378,210,5231,1,"3","diploid","female"
"631","0","0","0","0",-0.592670440673828,2944.7802734375,"map_5245_1_1",5,70,300,20,5,3.52084755769212,0.1,11.5577595606698,0.211973144401842,2.88543969938803,108,0.2,1,102.285766668098,21.7496564301146,0.00354177094480186,0.009999197061983,0.261425529870352,211,5245,1,"1","diploid","female"
"632","0","0","0","0",-0.592670440673828,2944.7802734375,"map_5245_1_2",5,70,300,20,5,3.5701243630152,0.1,21.0465594993587,0.298311606473576,3.59682673351723,135,0.2,1,102.285766668098,21.7496564301146,0.0155083957287116,0.0871955334491683,0.169871633389357,211,5245,1,"2","diploid","female"
"633","0","0","0","0",-0.592670440673828,2944.7802734375,"map_5245_1_3",5,70,300,20,5,3.86603874809762,0.1,7.24797549387834,0.135728689218664,2.63685694002086,100,0.2,1,102.285766668098,21.7496564301146,0.000606578514617877,6.49457674352148e-05,0.608103345907205,211,5245,1,"3","diploid","female"
"634","0","0","0","0",-0.594928801059723,2992.01611328125,"map_5246_1_1",5,70,300,20,5,4.4338909588023,0.1,17.0179373784518,0.20657784543843,3.36716174013021,4,0.2,1,242.975708388015,21.7032123346001,0.00726772842410137,0.0336067836748642,0.175021087092597,212,5246,1,"1","diploid","female"
"635","0","0","0","0",-0.594928801059723,2992.01611328125,"map_5246_1_2",5,70,300,20,5,5.31422302351532,0.1,23.2656812934018,0.71343959482511,0.753525813741747,11,0.2,1,242.975708388015,21.7032123346001,0.0436400072866488,0.213075502268605,0.063365939771834,212,5246,1,"2","diploid","female"
"636","0","0","0","0",-0.594928801059723,2992.01611328125,"map_5246_1_3",5,70,300,20,5,0,0.1,10.2820227338156,0.0383330362432303,0.760765457598092,2,0.2,1,242.975708388015,21.7032123346001,0.000436587854314817,0.00089950379470292,0.294247218423452,212,5246,1,"3","diploid","female"
"637","0","0","0","0",-0.533792078495026,3049.91015625,"map_5247_1_1",5,70,300,20,5,4.82832809779658,0.1,15.5806268168391,0.309450622436368,3.54883362064853,97,0.2,1,242.610260313928,21.7154958287743,0.00806862635247912,0.0267302675818949,0.226847305793972,213,5247,1,"1","diploid","female"
"638","0","0","0","0",-0.533792078495026,3049.91015625,"map_5247_1_2",5,70,300,20,5,6.1428142140769,0.1,16.6403347193084,0.743600211134059,0.494784798166177,135,0.2,1,242.610260313928,21.7154958287743,0.0199799552644095,0.0606971952274139,0.0606179772655761,213,5247,1,"2","diploid","female"
"639","0","0","0","0",-0.533792078495026,3049.91015625,"map_5247_1_3",5,70,300,20,5,3.97718169189458,0.1,11.2331570327687,0.209178332378538,4.78155392858646,94,0.2,1,242.610260313928,21.7154958287743,0.0025694239568428,0.0037225640478933,0.372007322914223,213,5247,1,"3","diploid","female"
"640","0","0","0","0",-0.640262365341187,3120.35522460938,"map_5248_1_1",5,70,300,20,5,4.63287814451225,0.1,15.0315508493728,0.316186565873766,2.66852305180836,65,0.2,1,225.134632693573,21.7508214526002,0.00840024364040074,0.0289732237614052,0.197292019826839,214,5248,1,"1","diploid","female"
"641","0","0","0","0",-0.640262365341187,3120.35522460938,"map_5248_1_2",5,70,300,20,5,6.3150666612392,0.1,18.1283261278115,0.539421143976892,0.923069650752471,79,0.2,1,225.134632693573,21.7508214526002,0.0191588754751515,0.0605893254021033,0.160202306038105,214,5248,1,"2","diploid","female"
"642","0","0","0","0",-0.640262365341187,3120.35522460938,"map_5248_1_3",5,70,300,20,5,3.63275335106864,0.1,9.03418711529062,0.166776573614746,3.32221948467378,54,0.2,1,225.134632693573,21.7508214526002,0.00132623144806834,0.00142345392596647,0.556515460880448,214,5248,1,"3","diploid","female"
"643","0","0","0","0",0.358740299940109,3039.40698242188,"map_5258_1_1",5,70,300,20,5,8.63226287892696,0.1,8.98452896198544,0.263660857014047,9.23019615426954,22,0.2,1,121.766898196401,21.1146871370334,0.0028686090872656,0.00899619921308885,0.258038012109245,215,5258,1,"1","diploid","female"
"644","0","0","0","0",0.358740299940109,3039.40698242188,"map_5258_1_2",5,70,300,20,5,7.87678509134492,0.1,11.2084853135961,0.378342510879116,6.89247671389634,20,0.2,1,121.766898196401,21.1146871370334,0.00755793151148177,0.0355851616979127,0.272251022126935,215,5258,1,"2","diploid","female"
"645","0","0","0","0",0.358740299940109,3039.40698242188,"map_5258_1_3",5,70,300,20,5,7.27404149743208,0.1,8.61319105309546,0.241781332235602,7.97700598334012,9,0.2,1,121.766898196401,21.1146871370334,0.00244654810150991,0.00808950091729042,0.35851701819826,215,5258,1,"3","diploid","female"
"646","0","0","0","0",0.261160433292389,2995.96752929688,"map_5259_1_1",5,70,300,20,5,6.59374482807091,0.1,13.7445152608499,0.296620870180891,4.35163117658381,6,0.2,1,120.27667436568,21.9839253473123,0.00603645662166322,0.0166425005474943,0.203390672748415,216,5259,1,"1","diploid","female"
"647","0","0","0","0",0.261160433292389,2995.96752929688,"map_5259_1_2",5,70,300,20,5,7.42005591748712,0.1,15.0827546032572,0.621048341504346,1.14895554305537,8,0.2,1,120.27667436568,21.9839253473123,0.0157696416032711,0.0570998825207703,0.1795140306194,216,5259,1,"2","diploid","female"
"648","0","0","0","0",0.261160433292389,2995.96752929688,"map_5259_1_3",5,70,300,20,5,5.67352000377428,0.1,11.335121905323,0.248538502818742,5.68422384833578,4,0.2,1,120.27667436568,21.9839253473123,0.00337507800382418,0.00567827446634697,0.256424302196226,216,5259,1,"3","diploid","female"
"649","0","0","0","0",-0.788539409637451,3032.92553710938,"map_5277_1_1",5,70,300,20,5,3.16890185813527,0.1,7.80667532396783,0.224696854241767,2.91544899683119,7,0.2,1,54.9373675691725,21.8755431613521,0.00142494045835163,0.00134426793059723,0.398728190786619,217,5277,1,"1","diploid","female"
"650","0","0","0","0",-0.788539409637451,3032.92553710938,"map_5277_1_2",5,70,300,20,5,3.33093499562537,0.1,11.1422624448213,0.615796965596275,0.499636913046424,11,0.2,1,54.9373675691725,21.8755431613521,0.00749694000026803,0.00427386676500462,0.192533616286976,217,5277,1,"2","diploid","female"
"651","0","0","0","0",-0.788539409637451,3032.92553710938,"map_5277_1_3",5,70,300,20,5,4.62834586424554,0.1,5.63407301130494,0.186888239574551,2.81467653804193,2,0.2,1,54.9373675691725,21.8755431613521,0.000505813421289152,7.28748867234208e-06,0.62206682832957,217,5277,1,"3","diploid","female"
"652","0","0","0","0",-0.497709333896637,3206.37475585938,"map_5286_1_1",5,70,300,20,5,5.41728762362464,0.1,11.0090316932,0.313174879698865,4.37694461020208,46,0.2,1,112.063611775142,20.8439840008386,0.00475860211669441,0.0152734318601992,0.257859261777692,218,5286,1,"1","diploid","female"
"653","0","0","0","0",-0.497709333896637,3206.37475585938,"map_5286_1_2",5,70,300,20,5,4.97844934839864,0.1,8.05970857558117,0.501642556336701,3.83853521444934,55,0.2,1,112.063611775142,20.8439840008386,0.0037871450567605,0.00814132451363406,0.574087198435881,218,5286,1,"2","diploid","female"
"654","0","0","0","0",-0.497709333896637,3206.37475585938,"map_5286_1_3",5,70,300,20,5,4.57265841566366,0.1,7.44092535291699,0.139526296875558,3.78583263591292,104,0.2,1,112.063611775142,20.8439840008386,0.000693973928211705,0.000155591135678543,0.538637504445622,218,5286,1,"3","diploid","female"
"655","0","0","0","0",-0.561676561832428,3138.15869140625,"map_5287_1_1",5,70,300,20,5,4.56017262800522,0.1,12.8982060405798,0.176000837315968,4.50474354006282,26,0.2,1,115.600837346327,21.479878863887,0.00362235275463019,0.0131616954360033,0.184152294018646,219,5287,1,"1","diploid","female"
"656","0","0","0","0",-0.561676561832428,3138.15869140625,"map_5287_1_2",5,70,300,20,5,4.83724688015654,0.1,14.3129557728026,0.198730260341755,4.7285345043297,28,0.2,1,115.600837346327,21.479878863887,0.0052559873356428,0.0251666412140036,0.269728363741617,219,5287,1,"2","diploid","female"
"657","0","0","0","0",-0.561676561832428,3138.15869140625,"map_5287_1_3",5,70,300,20,5,4.83889645542881,0.1,8.82225420272176,0.0805540832958129,4.23301853233139,30,0.2,1,115.600837346327,21.479878863887,0.000605124055435264,0.000300457722615877,0.435473539746211,219,5287,1,"3","diploid","female"
"658","0","0","0","0",-0.816978991031647,3133.22802734375,"map_5289_1_1",5,70,300,20,5,2.38177358338899,0.1,11.0550855287909,0.280934230026031,2.83353745882378,104,0.2,1,113.300091176334,21.5223749821896,0.00382140425453328,0.0107559766545963,0.507834063734791,220,5289,1,"1","diploid","female"
"659","0","0","0","0",-0.816978991031647,3133.22802734375,"map_5289_1_2",5,70,300,20,5,6.97899304938546,0.1,8.27762850209428,1.0383919128839,1.39490210464116,299,0.2,1,113.300091176334,21.5223749821896,0.00931440232945135,0.0315841134684134,0.772655683314032,220,5289,1,"2","diploid","female"
"660","0","0","0","0",-0.816978991031647,3133.22802734375,"map_5289_1_3",5,70,300,20,5,2.24033312358165,0.1,7.87443645567279,0.0748487053857362,3.40593109670543,82,0.2,1,113.300091176334,21.5223749821896,0.000418167442850162,6.02201686264068e-05,0.844538328721262,220,5289,1,"3","diploid","female"
"661","0","0","0","0",-0.905277907848358,3130.048828125,"map_5290_1_1",5,70,300,20,5,3.78876040750952,0.1,10.2616814180149,0.313435438545108,3.24526523764661,17,0.2,1,123.007954809753,21.5203439558331,0.00410394966099493,0.0117550593357198,0.343397045300543,221,5290,1,"1","diploid","female"
"662","0","0","0","0",-0.905277907848358,3130.048828125,"map_5290_1_2",5,70,300,20,5,4.1022510237899,0.1,8.38882470600033,0.915593000558384,1.24354166819314,52,0.2,1,123.007954809753,21.5203439558331,0.00793342894129324,0.0199106538902907,0.59932540806397,221,5290,1,"2","diploid","female"
"663","0","0","0","0",-0.905277907848358,3130.048828125,"map_5290_1_3",5,70,300,20,5,4.33338287933815,0.1,6.1207351083884,0.244319399176303,3.69209910739815,3,0.2,1,123.007954809753,21.5203439558331,0.00080748607925157,8.04597582085028e-05,0.703003541129422,221,5290,1,"3","diploid","female"
"664","0","0","0","0",-0.687353074550629,3159.92553710938,"map_5291_1_1",5,70,300,20,5,4.42196201835093,0.1,15.7445318135204,0.222047147422094,3.72605257831917,103,0.2,1,130.887101043498,21.4948101973085,0.00615549693465407,0.0219389772795878,0.145391580538842,222,5291,1,"1","diploid","female"
"665","0","0","0","0",-0.687353074550629,3159.92553710938,"map_5291_1_2",5,70,300,20,5,4.85217258385905,0.1,14.6275284258599,0.553637905812735,0.668924696954038,141,0.2,1,130.887101043498,21.4948101973085,0.01184153535036,0.0371388093202504,0.150521052432149,222,5291,1,"2","diploid","female"
"666","0","0","0","0",-0.687353074550629,3159.92553710938,"map_5291_1_3",5,70,300,20,5,4.43463234064364,0.1,8.99479223796185,0.110892235786458,4.00091522616228,90,0.2,1,130.887101043498,21.4948101973085,0.000843783318606738,0.000298678520466326,0.430689331421973,222,5291,1,"3","diploid","female"
"667","0","0","0","0",-0.765075981616974,3204.55224609375,"map_5292_1_1",5,70,300,20,5,4.77149604767935,0.1,15.5779102475999,0.297232785693444,2.28880822027707,12,0.2,1,126.231635540427,21.5058467332707,0.00809931696048252,0.0291009182418071,0.130844369834009,223,5292,1,"1","diploid","female"
"668","0","0","0","0",-0.765075981616974,3204.55224609375,"map_5292_1_2",5,70,300,20,5,8.26794596800655,0.1,13.1117664825986,0.266286462434864,1.7711750933785,7,0.2,1,126.231635540427,21.5058467332707,0.00481552793123802,0.0145591729848318,0.27273728663617,223,5292,1,"2","diploid","female"
"669","0","0","0","0",-0.765075981616974,3204.55224609375,"map_5292_1_3",5,70,300,20,5,3.23376093388195,0.1,7.82882104036613,0.126684546950536,3.0206878529704,5,0.2,1,126.231635540427,21.5058467332707,0.000703133549482589,0.000125187686589044,0.429881826641489,223,5292,1,"3","diploid","female"
"670","0","0","0","0",-0.491004467010498,2835.20678710938,"map_5334_1_1",5,70,300,20,5,2.48232696765372,0.1,13.8666814829871,0.259982067372213,2.02952926238208,46,0.2,1,42.7916778854754,22.8952542449681,0.00579134685861669,0.0191440387847787,0.15924928693264,224,5334,1,"1","diploid","female"
"671","0","0","0","0",-0.491004467010498,2835.20678710938,"map_5334_1_2",5,70,300,20,5,2.72217395763633,0.1,11.4769880129483,0.294512185893873,1.90286278312696,51,0.2,1,42.7916778854754,22.8952542449681,0.00420549089731983,0.00956569588561206,0.295393361376174,224,5334,1,"2","diploid","female"
"672","0","0","0","0",-0.491004467010498,2835.20678710938,"map_5334_1_3",5,70,300,20,5,2.25111777644352,0.1,9.09827631644386,0.0795077519400278,1.15763723704295,22,0.2,1,42.7916778854754,22.8952542449681,0.000568387074282654,3.10447519463161e-05,0.620739046260046,224,5334,1,"3","diploid","female"
"673","0","0","0","0",-0.484031081199646,2943.03393554688,"map_5335_1_1",5,70,300,20,5,2.20510843717537,0.1,8.79674414857918,0.0855898545379664,3.61317760022127,14,0.2,1,43.7061705690286,21.1874048818121,0.000643178075054684,0.000360535536193942,0.453201963799277,225,5335,1,"1","diploid","female"
"674","0","0","0","0",-0.484031081199646,2943.03393554688,"map_5335_1_2",5,70,300,20,5,4.83576404037668,0.1,13.0636129296666,0.144797580478364,3.00261773481011,30,0.2,1,43.7061705690286,21.1874048818121,0.00295350477681801,0.00795933509047307,0.334146572911708,225,5335,1,"2","diploid","female"
"675","0","0","0","0",-0.484031081199646,2943.03393554688,"map_5335_1_3",5,70,300,20,5,2.07717278816687,0.1,7.07730726317138,0.029638958140159,2.21792007234195,16,0.2,1,43.7061705690286,21.1874048818121,0.000131010286553723,2.4474119721627e-06,0.760594324048665,225,5335,1,"3","diploid","female"
"676","0","0","0","0",-0.567287981510162,3011.931640625,"map_5351_1_1",5,70,300,20,5,3.75133595920243,0.1,12.0965922907971,0.353700690170717,2.9904476679048,144,0.2,1,125.464733839827,21.7554083747061,0.00600054719283671,0.0159761196982311,0.38650634246218,226,5351,1,"1","diploid","female"
"677","0","0","0","0",-0.567287981510162,3011.931640625,"map_5351_1_2",5,70,300,20,5,4.09585742372071,0.1,12.8171608210184,0.927849685606974,1.73461179257921,350,0.2,1,125.464733839827,21.7554083747061,0.020797873106363,0.109334427892402,0.591942854955393,226,5351,1,"2","diploid","female"
"678","0","0","0","0",-0.567287981510162,3011.931640625,"map_5351_1_3",5,70,300,20,5,4.4912734471338,0.1,10.0452261583707,0.171763761732799,4.51257377492527,120,0.2,1,125.464733839827,21.7554083747061,0.00155041120062354,0.000645895350054629,0.315959938621333,226,5351,1,"3","diploid","female"
"679","0","0","0","0",-0.692135155200958,3064.44750976562,"map_5352_1_1",5,70,300,20,5,3.566505232783,0.1,14.5682764304652,0.16659718235662,3.12455101641484,28,0.2,1,129.66352477343,21.6954803424552,0.0039963059353532,0.0163036335533108,0.285148198801958,227,5352,1,"1","diploid","female"
"680","0","0","0","0",-0.692135155200958,3064.44750976562,"map_5352_1_2",5,70,300,20,5,4.13333721278145,0.1,25.4063152299221,0.282542684839785,4.01525759323893,63,0.2,1,129.66352477343,21.6954803424552,0.0169574894035278,0.0586547680871769,0.23885242980735,227,5352,1,"2","diploid","female"
"681","0","0","0","0",-0.692135155200958,3064.44750976562,"map_5352_1_3",5,70,300,20,5,4.39493250917662,0.1,8.23138450464803,0.125496145009393,4.2114320052463,10,0.2,1,129.66352477343,21.6954803424552,0.000825325021874835,0.000504885003302201,0.517879687267649,227,5352,1,"3","diploid","female"
"682","0","0","0","0",-0.669309675693512,3128.16235351562,"map_5353_1_1",5,70,300,20,5,4.88317930463044,0.1,9.03904459851799,0.401635051952543,4.40912802944127,5,0.2,1,129.426500668953,20.3536528041328,0.00331093309248842,0.00269744546680743,0.411401591104373,228,5353,1,"1","diploid","female"
"683","0","0","0","0",-0.669309675693512,3128.16235351562,"map_5353_1_2",5,70,300,20,5,3.9789519259296,0.1,14.6492963331132,0.630061440527267,0.839545958430734,6,0.2,1,129.426500668953,20.3536528041328,0.0141213178414021,0.049736368162225,0.046472849561175,228,5353,1,"2","diploid","female"
"684","0","0","0","0",-0.669309675693512,3128.16235351562,"map_5353_1_3",5,70,300,20,5,5.40647022827363,0.1,7.95287356480303,0.179796907917421,4.70342402092796,2,0.2,1,129.426500668953,20.3536528041328,0.00100658575676233,2.78460223184168e-05,0.434770605185286,228,5353,1,"3","diploid","female"
"685","0","0","0","0",-0.662699997425079,3211.009765625,"map_5354_1_1",5,70,300,20,5,5.70024317434842,0.1,13.5345247243166,0.337254974429705,3.35360303401949,113,0.2,1,196.76618554505,20.360164426886,0.0064754322529943,0.0141769297732346,0.156009332695568,229,5354,1,"1","diploid","female"
"686","0","0","0","0",-0.662699997425079,3211.009765625,"map_5354_1_2",5,70,300,20,5,5.34110457940458,0.1,10.6353781549794,0.639149507687199,0.786097566898787,185,0.2,1,196.76618554505,20.360164426886,0.00699791588689856,0.00711671621113567,0.152995909842024,229,5354,1,"2","diploid","female"
"687","0","0","0","0",-0.662699997425079,3211.009765625,"map_5354_1_3",5,70,300,20,5,3.79868371458678,0.1,8.20316252630847,0.181562808592906,2.96292461851506,84,0.2,1,196.76618554505,20.360164426886,0.00102313555923037,5.84490287917822e-05,0.87575826663629,229,5354,1,"3","diploid","female"
"688","0","0","0","0",0.226648986339569,3061.06005859375,"map_5362_1_1",5,70,300,20,5,8.15900764664962,0.1,8.26105618021143,0.0991158670910069,6.94301862064766,18,0.2,1,81.7780615023996,21.097744731544,0.000669914465282428,0.000476319363851945,0.393505747674197,230,5362,1,"1","diploid","female"
"689","0","0","0","0",0.226648986339569,3061.06005859375,"map_5362_1_2",5,70,300,20,5,11.1638607118805,0.1,8.76942331030087,0.110417183353259,6.14966894757745,23,0.2,1,81.7780615023996,21.097744731544,0.000891907752305943,0.00115546313940582,0.48710222486512,230,5362,1,"2","diploid","female"
"690","0","0","0","0",0.226648986339569,3061.06005859375,"map_5362_1_3",5,70,300,20,5,6.2568227945753,0.1,8.3387482687346,0.0573704222515277,5.63925584493195,55,0.2,1,81.7780615023996,21.097744731544,0.000390534445999616,0.000252180272417769,0.513288201326197,230,5362,1,"3","diploid","female"
"691","0","0","0","0",0.321259260177612,3017.83935546875,"map_5363_1_1",5,70,300,20,5,6.61645096512284,0.1,10.0879016002637,0.131072747594453,6.26688097113663,29,0.2,1,84.576275112621,21.9783904877216,0.00133744465648912,0.00194025768630976,0.322761984878442,231,5363,1,"1","diploid","female"
"692","0","0","0","0",0.321259260177612,3017.83935546875,"map_5363_1_2",5,70,300,20,5,7.29874791860943,0.1,9.01924444227137,0.199299766894601,6.34690062787469,50,0.2,1,84.576275112621,21.9783904877216,0.00152536913904952,0.00122951925035739,0.488710702440688,231,5363,1,"2","diploid","female"
"693","0","0","0","0",0.321259260177612,3017.83935546875,"map_5363_1_3",5,70,300,20,5,6.48817653189392,0.1,10.1258799634907,0.116753390066269,5.68619409593047,71,0.2,1,84.576275112621,21.9783904877216,0.00116608038193408,0.0011286945157855,0.391980589497345,231,5363,1,"3","diploid","female"
"694","0","0","0","0",-0.442198544740677,3168.13354492188,"map_5390_1_1",5,70,300,20,5,3.49809895551326,0.1,10.733753818011,0.22015473271219,4.8624224545565,22,0.2,1,114.077935652875,20.8128843275812,0.00302396675519527,0.00943652341469112,0.292900312079269,232,5390,1,"1","diploid","female"
"695","0","0","0","0",-0.442198544740677,3168.13354492188,"map_5390_1_2",5,70,300,20,5,8.61342566713008,0.1,9.50344563139803,0.321477227254847,3.81507509045258,27,0.2,1,114.077935652875,20.8128843275812,0.00358605458227081,0.0113671266548856,0.624747909047055,232,5390,1,"2","diploid","female"
"696","0","0","0","0",-0.442198544740677,3168.13354492188,"map_5390_1_3",5,70,300,20,5,2.69893063094394,0.1,8.14857620380092,0.0983859598573415,4.50791362486506,14,0.2,1,114.077935652875,20.8128843275812,0.000634878676284701,0.00025312780445368,0.406360044821973,232,5390,1,"3","diploid","female"
"697","0","0","0","0",-0.834142029285431,3065.69067382812,"map_5394_1_1",5,70,300,20,5,2.50944111838912,0.1,9.60097582108098,0.343428780254093,3.31387251425268,19,0.2,1,129.363600201781,21.4887027824968,0.00413025213212435,0.0131614688675818,0.42964415088383,233,5394,1,"1","diploid","female"
"698","0","0","0","0",-0.834142029285431,3065.69067382812,"map_5394_1_2",5,70,300,20,5,7.04054910692692,0.1,10.6809971425041,0.852839578693569,1.29449967554118,52,0.2,1,129.363600201781,21.4887027824968,0.0141480732657185,0.0766785883401043,0.594216741792517,233,5394,1,"2","diploid","female"
"699","0","0","0","0",-0.834142029285431,3065.69067382812,"map_5394_1_3",5,70,300,20,5,2.49740989606527,0.1,5.71975432823464,0.293930124045899,3.80150211465974,4,0.2,1,129.363600201781,21.4887027824968,0.000851605001163351,0.000156231074106346,0.739945276341735,233,5394,1,"3","diploid","female"
"700","0","0","0","0",0.296198606491089,3006.4482421875,"map_5401_1_1",5,70,300,20,5,7.80569587922457,0.1,8.82566473298005,0.290445487449722,5.89667668189045,9,0.2,1,90.4733400439899,21.4672077385954,0.0022393727405306,0.00257248367544504,0.40103205669537,234,5401,1,"1","diploid","female"
"701","0","0","0","0",0.296198606491089,3006.4482421875,"map_5401_1_2",5,70,300,20,5,7.08727748357556,0.1,8.6612381774156,0.747318878472229,1.22608159758525,23,0.2,1,90.4733400439899,21.4672077385954,0.00538992713751812,0.00500891339005573,0.404704247466603,234,5401,1,"2","diploid","female"
"702","0","0","0","0",0.296198606491089,3006.4482421875,"map_5401_1_3",5,70,300,20,5,6.89662276776249,0.1,8.91656735593953,0.162791845368564,6.07616600954946,8,0.2,1,90.4733400439899,21.4672077385954,0.00135954309347447,0.00211551128588255,0.46740069471287,234,5401,1,"3","diploid","female"
"703","0","0","0","0",-0.579273283481598,3071.58935546875,"map_5441_1_1",5,70,300,20,5,3.33421328088399,0.1,11.6863909418751,0.341451606631813,2.91154401510778,10,0.2,1,107.33407674517,22.706754834417,0.00542728181539426,0.0115929352732881,0.307474230267415,235,5441,1,"1","diploid","female"
"704","0","0","0","0",-0.579273283481598,3071.58935546875,"map_5441_1_2",5,70,300,20,5,4.73589266180407,0.1,14.4194821637618,0.519177995577645,1.74501693069671,9,0.2,1,107.33407674517,22.706754834417,0.010962025370376,0.0193729417980883,0.17864989107604,235,5441,1,"2","diploid","female"
"705","0","0","0","0",-0.579273283481598,3071.58935546875,"map_5441_1_3",5,70,300,20,5,4.16342181374341,0.1,8.62980914554972,0.239567314524907,3.52887727831393,5,0.2,1,107.33407674517,22.706754834417,0.00169841877815267,0.00112653643798778,0.40166541868342,235,5441,1,"3","diploid","female"
"706","0","0","0","0",-0.513742566108704,2973.08056640625,"map_5455_1_1",5,70,300,20,5,3.48738024307851,0.1,11.655261036513,0.119146934219171,3.56099662088715,53,0.2,1,126.180217654206,22.2548930864133,0.00201490695647215,0.00675047817346145,0.213798413617156,236,5455,1,"1","diploid","female"
"707","0","0","0","0",-0.513742566108704,2973.08056640625,"map_5455_1_2",5,70,300,20,5,4.06279626024587,0.1,15.7011648371,0.13183618151782,4.98965082298575,63,0.2,1,126.180217654206,22.2548930864133,0.00460073107611936,0.018950084860133,0.227568803384865,236,5455,1,"2","diploid","female"
"708","0","0","0","0",-0.513742566108704,2973.08056640625,"map_5455_1_3",5,70,300,20,5,3.98957062565139,0.1,7.91560479901768,0.079235864748269,2.73777110850375,67,0.2,1,126.180217654206,22.2548930864133,0.000523374132943786,0.000537903951883435,0.419536960085818,236,5455,1,"3","diploid","female"
"709","0","0","0","0",-0.703641295433044,3021.51318359375,"map_5456_1_1",5,70,300,20,5,3.44173797443523,0.1,8.56112510340166,0.472454286481744,2.69404074335132,7,0.2,1,123.76934683917,21.7670872351392,0.00394333483882096,0.00961214632235285,0.706479738777998,237,5456,1,"1","diploid","female"
"710","0","0","0","0",-0.703641295433044,3021.51318359375,"map_5456_1_2",5,70,300,20,5,3.81963070841449,0.1,9.18285193275068,1.24035871487943,2.27769736186893,36,0.2,1,123.76934683917,21.7670872351392,0.0158159263352052,0.0914190912141231,0.900958987511689,237,5456,1,"2","diploid","female"
"711","0","0","0","0",-0.703641295433044,3021.51318359375,"map_5456_1_3",5,70,300,20,5,4.29215931969538,0.1,7.46639799963998,0.245146888224921,3.62693377795328,2,0.2,1,123.76934683917,21.7670872351392,0.00121274204383813,0.00021006736722683,0.667602265203637,237,5456,1,"3","diploid","female"
"712","0","0","0","0",-0.699574947357178,3067.98217773438,"map_5457_1_1",5,70,300,20,5,4.67206437741308,0.1,9.07392223034771,0.139422051548887,4.94537028453833,28,0.2,1,131.676269138374,20.3726040701797,0.00125502108304474,0.00268314393730696,0.601658655277643,238,5457,1,"1","diploid","female"
"713","0","0","0","0",-0.699574947357178,3067.98217773438,"map_5457_1_2",5,70,300,20,5,3.61507296610236,0.1,10.2451682535259,0.676167686553488,1.11965016928862,74,0.2,1,131.676269138374,20.3726040701797,0.00836533840426428,0.0276018175914725,0.505975383667869,238,5457,1,"2","diploid","female"
"714","0","0","0","0",-0.699574947357178,3067.98217773438,"map_5457_1_3",5,70,300,20,5,5.67147800060722,0.1,6.46298734040045,0.0445231336444476,2.34497471264526,74,0.2,1,131.676269138374,20.3726040701797,0.000168758119208901,5.37404272148231e-05,0.996311982071667,238,5457,1,"3","diploid","female"
"715","0","0","0","0",-0.807107090950012,3125.19213867188,"map_5458_1_1",5,70,300,20,5,5.1345846341812,0.1,13.2287051114335,0.233622886142511,5.57116837655991,59,0.2,1,193.599909392702,20.3195675060995,0.00489780013541151,0.0141063600888092,0.315295961136053,239,5458,1,"1","diploid","female"
"716","0","0","0","0",-0.807107090950012,3125.19213867188,"map_5458_1_2",5,70,300,20,5,4.55756521357325,0.1,20.1530556822066,0.393214190751585,2.17465265350499,66,0.2,1,193.599909392702,20.3195675060995,0.0167914216298676,0.0583126399797283,0.226497311240119,239,5458,1,"2","diploid","female"
"717","0","0","0","0",-0.807107090950012,3125.19213867188,"map_5458_1_3",5,70,300,20,5,4.56586450648214,0.1,7.00231841514916,0.115823866709438,4.23871894306901,60,0.2,1,193.599909392702,20.3195675060995,0.000576309552482396,0.000176556263971991,0.597765923297617,239,5458,1,"3","diploid","female"
"718","0","0","0","0",-0.746030867099762,3189.29833984375,"map_5459_1_1",5,70,300,20,5,0,0.1,11.932810136488,0.297873747552645,5.36264112615877,71,0.2,1,193.271386891108,20.3622696096055,0.00534458675091006,0.0196900627145609,0.272784703636842,240,5459,1,"1","diploid","female"
"719","0","0","0","0",-0.746030867099762,3189.29833984375,"map_5459_1_2",5,70,300,20,5,0,0.1,11.5251237704014,0.656350976285641,0.660700472897643,48,0.2,1,193.271386891108,20.3622696096055,0.00963990866557662,0.0307902953763692,0.229155934174115,240,5459,1,"2","diploid","female"
"720","0","0","0","0",-0.746030867099762,3189.29833984375,"map_5459_1_3",5,70,300,20,5,0,0.1,6.27213559843398,0.171887254955166,4.02639394347442,137,0.2,1,193.271386891108,20.3622696096055,0.000602794086239359,5.01141774299117e-05,0.609231884956866,240,5459,1,"3","diploid","female"
"721","0","0","0","0",-0.257853657007217,3075.72509765625,"map_5496_1_1",5,70,300,20,5,5.1443809967542,0.1,10.3554427788816,0.243052773298157,4.54190734639767,48,0.2,1,97.1054965174475,21.4972996695889,0.00258172309028907,0.00315919772994035,0.49067463770497,241,5496,1,"1","diploid","female"
"722","0","0","0","0",-0.257853657007217,3075.72509765625,"map_5496_1_2",5,70,300,20,5,7.67534336612154,0.1,12.6162332034952,0.410924475697013,1.99784759140075,71,0.2,1,97.1054965174475,21.4972996695889,0.00664540736620448,0.0107925653008488,0.318704648586602,241,5496,1,"2","diploid","female"
"723","0","0","0","0",-0.257853657007217,3075.72509765625,"map_5496_1_3",5,70,300,20,5,4.40538296688592,0.1,8.02242801812696,0.115609089180802,5.05526293402691,120,0.2,1,97.1054965174475,21.4972996695889,0.000685956254254611,0.000154610849132248,0.6544093669438,241,5496,1,"3","diploid","female"
"724","0","0","0","0",-0.608374118804932,2993.90649414062,"map_5545_1_1",5,70,300,20,5,2.5780769422297,0.1,14.4296092474515,0.233970044613087,2.85127222194981,8,0.2,1,117.805673878058,22.6511689943333,0.00543409960215517,0.017419833524473,0.231953072205179,242,5545,1,"1","diploid","female"
"725","0","0","0","0",-0.608374118804932,2993.90649414062,"map_5545_1_2",5,70,300,20,5,8.36557120452659,0.1,11.3279696362807,0.892347681781116,0.66477762578615,34,0.2,1,117.805673878058,22.6511689943333,0.013506281607762,0.060157958838856,0.1232781752292,242,5545,1,"2","diploid","female"
"726","0","0","0","0",-0.608374118804932,2993.90649414062,"map_5545_1_3",5,70,300,20,5,2.51519968866839,0.1,9.23481853826041,0.153206600929006,3.40725875616428,4,0.2,1,117.805673878058,22.6511689943333,0.00125020690204002,0.000931105309011455,0.421415908672776,242,5545,1,"3","diploid","female"
"727","0","0","0","0",-0.585331320762634,3105.60229492188,"map_5546_1_1",5,70,300,20,5,4.22502666144451,0.1,13.6171138119327,0.12878671421864,3.57812101425227,6,0.2,1,112.045802461745,21.5323640373458,0.00262129713251109,0.00695941260607073,0.232875146485202,243,5546,1,"1","diploid","female"
"728","0","0","0","0",-0.585331320762634,3105.60229492188,"map_5546_1_2",5,70,300,20,5,4.47526374684486,0.1,13.2526490993447,0.500412555003334,0.380020927036945,12,0.2,1,112.045802461745,21.5323640373458,0.00940696148076813,0.0271310767011653,0.169650960218237,243,5546,1,"2","diploid","female"
"729","0","0","0","0",-0.585331320762634,3105.60229492188,"map_5546_1_3",5,70,300,20,5,5.05904721830011,0.1,8.91632136374308,0.0454417139878486,3.92594533755278,5,0.2,1,112.045802461745,21.5323640373458,0.000334509830230922,6.73222457713719e-05,0.495590159796161,243,5546,1,"3","diploid","female"
"730","0","0","0","0",-0.702405691146851,3129.666015625,"map_5550_1_1",5,70,300,20,5,0,0.1,23.2407734896283,0.233251311347872,4.92991482583658,73,0.2,1,283.405154079298,21.3698555132083,0.0146574349413557,0.0729566647499292,0.0769060012791307,244,5550,1,"1","diploid","female"
"731","0","0","0","0",-0.702405691146851,3129.666015625,"map_5550_1_2",5,70,300,20,5,0,0.1,27.3865644756333,0.414759665017856,3.21110900110999,79,0.2,1,283.405154079298,21.3698555132083,0.0325908404363638,0.191955958494124,0.098950811710206,244,5550,1,"2","diploid","female"
"732","0","0","0","0",-0.702405691146851,3129.666015625,"map_5550_1_3",5,70,300,20,5,0,0.1,9.40511437627195,0.127414145352835,3.01036114051974,72,0.2,1,283.405154079298,21.3698555132083,0.00157115135800963,0.00506701204996593,0.348631895127625,244,5550,1,"3","diploid","female"
"733","0","0","0","0",-0.604670166969299,2982.10668945312,"map_5560_1_1",5,70,300,20,5,3.30480334014029,0.1,15.5191487599803,0.237905350322496,2.77312290484507,65,0.2,1,125.662816842925,22.2208775470687,0.00673027718274206,0.0291777973929034,0.131666828076336,245,5560,1,"1","diploid","female"
"734","0","0","0","0",-0.604670166969299,2982.10668945312,"map_5560_1_2",5,70,300,20,5,3.90687346178832,0.1,23.7029832230671,0.414074021463754,2.21045589231534,94,0.2,1,125.662816842925,22.2208775470687,0.0248642247845944,0.122650573700587,0.13226892087609,245,5560,1,"2","diploid","female"
"735","0","0","0","0",-0.604670166969299,2982.10668945312,"map_5560_1_3",5,70,300,20,5,3.91835084223271,0.1,8.74341826427804,0.182619286448062,3.74385847298994,19,0.2,1,125.662816842925,22.2208775470687,0.00131435875732299,0.000862591948551255,0.371271850473125,245,5560,1,"3","diploid","female"
"736","0","0","0","0",-0.609092891216278,3022.51586914062,"map_5561_1_1",5,70,300,20,5,0,0.1,9.01955399035193,0.141829695769407,3.72692779129777,54,0.2,1,131.827622651262,21.9946640031546,0.0015404757689035,0.00408482381025858,0.336703301538199,246,5561,1,"1","diploid","female"
"737","0","0","0","0",-0.609092891216278,3022.51586914062,"map_5561_1_2",5,70,300,20,5,12.239822101578,0.1,11.5808039277141,0.148368132536893,4.41295124525926,56,0.2,1,131.827622651262,21.9946640031546,0.00338062689708987,0.0137910837260553,0.447972213955051,246,5561,1,"2","diploid","female"
"738","0","0","0","0",-0.609092891216278,3022.51586914062,"map_5561_1_3",5,70,300,20,5,3.3495082191363,0.1,6.6764438263632,0.103414981800428,3.18463738035931,53,0.2,1,131.827622651262,21.9946640031546,0.000427502975795435,9.13706525385172e-05,0.638544280938684,246,5561,1,"3","diploid","female"
"739","0","0","0","0",-0.798336088657379,3062.111328125,"map_5562_1_1",5,70,300,20,5,0,0.1,21.0186359137949,0.111704242659849,2.67688057536643,8,0.2,1,192.575455332911,21.9788743712973,0.00591018036356775,0.0308687649621636,0.303602634299535,247,5562,1,"1","diploid","female"
"740","0","0","0","0",-0.798336088657379,3062.111328125,"map_5562_1_2",5,70,300,20,5,14.3930698741325,0.1,12.6727993811783,0.649629843874346,2.68813774984144,30,0.2,1,192.575455332911,21.9788743712973,0.0162712022063016,0.0928071357265649,0.585226048536711,247,5562,1,"2","diploid","female"
"741","0","0","0","0",-0.798336088657379,3062.111328125,"map_5562_1_3",5,70,300,20,5,3.49697186403767,0.1,10.9057974649208,0.0350199540873145,2.288749029817,5,0.2,1,192.575455332911,21.9788743712973,0.000480084766781088,0.00139426921013245,0.692748273743604,247,5562,1,"3","diploid","female"
"742","0","0","0","0",-0.720260322093964,3110.47631835938,"map_5563_1_1",5,70,300,20,5,0,0.1,19.3741678063169,0.190134639085858,2.95938088651963,140,0.2,1,192.894174607489,22.0262642139084,0.00844274172987783,0.0439390979727555,0.136731151588699,248,5563,1,"1","diploid","female"
"743","0","0","0","0",-0.720260322093964,3110.47631835938,"map_5563_1_2",5,70,300,20,5,17.9946128269888,0.1,21.0617980831457,0.386052416505368,4.65156776937841,145,0.2,1,192.894174607489,22.0262642139084,0.0212126957725561,0.136771775648015,0.158665738998853,248,5563,1,"2","diploid","female"
"744","0","0","0","0",-0.720260322093964,3110.47631835938,"map_5563_1_3",5,70,300,20,5,4.82485831004507,0.1,8.79577366405934,0.223886934230509,4.7830421771162,140,0.2,1,192.894174607489,22.0262642139084,0.00198761848869919,0.00266772553349664,0.375771903921185,248,5563,1,"3","diploid","female"
"745","0","0","0","0",-0.530690550804138,3191.32666015625,"map_5564_1_1",5,70,300,20,5,0,0.1,11.9213588985035,0.605414852658944,3.22181216509875,132,0.2,1,194.769453485939,21.4632167773917,0.0117465735984613,0.0395268833679523,0.436010554135424,249,5564,1,"1","diploid","female"
"746","0","0","0","0",-0.530690550804138,3191.32666015625,"map_5564_1_2",5,70,300,20,5,0,0.1,7.16214382277448,2.07863963468689,3.04865921569034,2,0.2,1,194.769453485939,21.4632167773917,0.0143963413172054,0.0419649968928236,1.04432223825358,249,5564,1,"2","diploid","female"
"747","0","0","0","0",-0.530690550804138,3191.32666015625,"map_5564_1_3",5,70,300,20,5,4.81093520690717,0.1,7.50353736683286,0.497857301011896,3.62937625996376,176,0.2,1,194.769453485939,21.4632167773917,0.00275182865865619,0.00227962948279135,0.628664673353601,249,5564,1,"3","diploid","female"
"748","0","0","0","0",-0.550361812114716,3219.63818359375,"map_5565_1_1",5,70,300,20,5,4.79877258252446,0.1,15.5949905728394,0.272681476148163,3.94589219164481,98,0.2,1,159.986387309838,21.4783662920642,0.00866232129546504,0.0392699342233681,0.182920255244532,250,5565,1,"1","diploid","female"
"749","0","0","0","0",-0.550361812114716,3219.63818359375,"map_5565_1_2",5,70,300,20,5,5.68526890103199,0.1,8.8726730088503,0.197302637763758,5.01404483914597,70,0.2,1,159.986387309838,21.4783662920642,0.0020622477642536,0.00604485173475786,0.497568035783785,250,5565,1,"2","diploid","female"
"750","0","0","0","0",-0.550361812114716,3219.63818359375,"map_5565_1_3",5,70,300,20,5,3.60754354542412,0.1,6.98911560471439,0.186137726910968,3.33771119214565,83,0.2,1,159.986387309838,21.4783662920642,0.000898282362925127,0.000564059794187132,0.505644511435683,250,5565,1,"3","diploid","female"
"751","0","0","0","0",-0.580001294612885,3143.38720703125,"map_5566_1_1",5,70,300,20,5,0,0.1,11.497542468564,0.448034564594914,3.45470191547863,9,0.2,1,161.023258931613,21.444244469255,0.00764465861783537,0.0297881829636413,0.321817640961973,251,5566,1,"1","diploid","female"
"752","0","0","0","0",-0.580001294612885,3143.38720703125,"map_5566_1_2",5,70,300,20,5,12.6929624269344,0.1,9.21275141034608,1.14174416016368,2.61844791789986,25,0.2,1,161.023258931613,21.444244469255,0.014432757117737,0.061674166170045,0.726635467040864,251,5566,1,"2","diploid","female"
"753","0","0","0","0",-0.580001294612885,3143.38720703125,"map_5566_1_3",5,70,300,20,5,4.90854511766042,0.1,8.18413262928281,0.310147877196374,4.29823748138693,3,0.2,1,161.023258931613,21.444244469255,0.00195662155500504,0.00104208782789899,0.400076028537368,251,5566,1,"3","diploid","female"
"754","0","0","0","0",-0.558310508728027,3084.20166015625,"map_5567_1_1",5,70,300,20,5,4.68351438360659,0.1,17.5458964870602,0.204510558864125,4.45936739172615,46,0.2,1,160.685586745557,21.4649299503297,0.0069153760256862,0.0309353671005755,0.138998881088517,252,5567,1,"1","diploid","female"
"755","0","0","0","0",-0.558310508728027,3084.20166015625,"map_5567_1_2",5,70,300,20,5,5.01818512290836,0.1,25.6613515912849,0.366728524186068,2.25215114823293,114,0.2,1,160.685586745557,21.4649299503297,0.0245981898953607,0.107021274573285,0.128878384759552,252,5567,1,"2","diploid","female"
"756","0","0","0","0",-0.558310508728027,3084.20166015625,"map_5567_1_3",5,70,300,20,5,4.98547499767488,0.1,10.0784964859863,0.112082635548928,4.78671966733459,158,0.2,1,160.685586745557,21.4649299503297,0.00119718588008788,0.0017301313647182,0.39462267932327,252,5567,1,"3","diploid","female"
"757","0","0","0","0",-0.937974452972412,2991.00439453125,"map_5570_1_1",5,70,300,20,5,2.68850158183766,0.1,12.3550271603074,0.136429838381789,2.86961535097884,52,0.2,1,88.6396157464316,22.1865698876703,0.00239281938248679,0.00704762766077633,0.251886263267656,253,5570,1,"1","diploid","female"
"758","0","0","0","0",-0.937974452972412,2991.00439453125,"map_5570_1_2",5,70,300,20,5,3.11027821995753,0.1,19.3173845904327,0.417151472084455,0.985928821779525,128,0.2,1,88.6396157464316,22.1865698876703,0.0129518543619219,0.00714399764645106,0.190394964293905,253,5570,1,"2","diploid","female"
"759","0","0","0","0",-0.937974452972412,2991.00439453125,"map_5570_1_3",5,70,300,20,5,3.66432469900308,0.1,7.23582844189318,0.0778765135298089,2.65398628836802,64,0.2,1,88.6396157464316,22.1865698876703,0.000357068708378305,3.73060872845923e-05,0.611223198371866,253,5570,1,"3","diploid","female"
"760","0","0","0","0",-0.830215573310852,2966.68774414062,"map_5592_1_1",5,70,300,20,5,2.69370341276787,0.1,8.31257846102893,0.092995486209269,2.30087857588326,11,0.2,1,20.694243116261,22.2751190633341,0.000654787428787041,0.000595067482880753,0.397199062692964,254,5592,1,"1","diploid","female"
"761","0","0","0","0",-0.830215573310852,2966.68774414062,"map_5592_1_2",5,70,300,20,5,2.88519287624808,0.1,13.4603099035066,0.115054172937096,2.55729757282786,13,0.2,1,20.694243116261,22.2751190633341,0.00217501717499542,0.00346383248504555,0.406511192401475,254,5592,1,"2","diploid","female"
"762","0","0","0","0",-0.830215573310852,2966.68774414062,"map_5592_1_3",5,70,300,20,5,3.9078741788682,0.1,6.58670755799548,0.038413543039763,1.91775824115024,9,0.2,1,20.694243116261,22.2751190633341,0.000142712782522723,5.16314068266725e-07,0.667750848625216,254,5592,1,"3","diploid","female"
"763","0","0","0","0",-0.0571692623198032,3001.42504882812,"map_5593_1_1",5,70,300,20,5,2.05498960197384,0.1,9.73126631840593,0.149815709112497,3.67049966978019,26,0.2,1,19.7896083034451,22.2984335805359,0.00126629357212405,0.000282254291232737,0.615131014607349,255,5593,1,"1","diploid","female"
"764","0","0","0","0",-0.0571692623198032,3001.42504882812,"map_5593_1_2",5,70,300,20,5,6.02035284893053,0.1,7.56491635931751,0.544173051216093,1.43519362012204,41,0.2,1,19.7896083034451,22.2984335805359,0.00265239748290694,0.000405897544969333,1.08521297178563,255,5593,1,"2","diploid","female"
"765","0","0","0","0",-0.0571692623198032,3001.42504882812,"map_5593_1_3",5,70,300,20,5,2.00348779753649,0.1,7.92237615621745,0.0723554036381965,3.95468885821451,144,0.2,1,19.7896083034451,22.2984335805359,0.000410320086967536,4.88057826092304e-05,0.88078852736455,255,5593,1,"3","diploid","female"
"766","0","0","0","0",-0.298453807830811,3145.67211914062,"map_5606_1_1",5,70,300,20,5,5.05068159451932,0.1,10.3697697553078,0.241098745640296,4.8483924587942,6,0.2,1,109.846520721714,21.8839783969512,0.00301962749711378,0.00843750921167595,0.231817882233162,256,5606,1,"1","diploid","female"
"767","0","0","0","0",-0.298453807830811,3145.67211914062,"map_5606_1_2",5,70,300,20,5,9.29347050609676,0.1,9.05529843963752,0.225877572075355,4.60977351265702,3,0.2,1,109.846520721714,21.8839783969512,0.00175643083448094,0.00113162588467411,0.474182435972501,256,5606,1,"2","diploid","female"
"768","0","0","0","0",-0.298453807830811,3145.67211914062,"map_5606_1_3",5,70,300,20,5,3.3507582121227,0.1,7.53917126251943,0.203266840386911,4.44678051236925,3,0.2,1,109.846520721714,21.8839783969512,0.00107091586756183,0.000289865335008754,0.424269864391577,256,5606,1,"3","diploid","female"
"769","0","0","0","0",0.125896453857422,3059.69067382812,"map_5609_1_1",5,70,300,20,5,6.82007393956701,0.1,6.09020025939485,0.251781050334592,6.3198876751971,5,0.2,1,57.3945314321803,21.453517829329,0.000891147378385981,0.000302207022850978,0.498441909458164,257,5609,1,"1","diploid","female"
"770","0","0","0","0",0.125896453857422,3059.69067382812,"map_5609_1_2",5,70,300,20,5,6.38729145954443,0.1,5.60688069321436,0.486352261254218,5.97746140631302,5,0.2,1,57.3945314321803,21.453517829329,0.00142777590276141,0.000550586320252372,1.02216153239279,257,5609,1,"2","diploid","female"
"771","0","0","0","0",0.125896453857422,3059.69067382812,"map_5609_1_3",5,70,300,20,5,7.00051669856003,0.1,6.66776756382421,0.22073840087567,5.81902990536559,3,0.2,1,57.3945314321803,21.453517829329,0.000965311248039134,0.000216785242549184,0.491048318691281,257,5609,1,"3","diploid","female"
"772","0","0","0","0",-0.645097851753235,2823.83032226562,"map_5648_1_1",5,70,300,20,5,2.43371841825056,0.1,20.4077448311484,0.399910427835414,0.809328589873187,105,0.2,1,112.011654172625,22.6836441035815,0.0192734843095466,0.113758498774074,0.202205275314717,258,5648,1,"1","diploid","female"
"773","0","0","0","0",-0.645097851753235,2823.83032226562,"map_5648_1_2",5,70,300,20,5,2.53583807909485,0.1,21.0801438630142,0.685772144591059,0.418370730860851,149,0.2,1,112.011654172625,22.6836441035815,0.0346016864569358,0.196186034826322,0.243032263547533,258,5648,1,"2","diploid","female"
"774","0","0","0","0",-0.645097851753235,2823.83032226562,"map_5648_1_3",5,70,300,20,5,0,0.1,7.75831316472123,0.0295607943038516,0.277570318458324,41,0.2,1,112.011654172625,22.6836441035815,0.000175888004944754,0.00016577885394986,0.110132619679777,258,5648,1,"3","diploid","female"
"775","0","0","0","0",-0.641028344631195,3016.28247070312,"map_5650_1_1",5,70,300,20,5,2.83742940776783,0.1,8.60700387083832,0.233260077133947,4.3933728677543,7,0.2,1,113.597515289966,21.5242510739619,0.00215229191590147,0.00424507050000265,0.261969594530678,259,5650,1,"1","diploid","female"
"776","0","0","0","0",-0.641028344631195,3016.28247070312,"map_5650_1_2",5,70,300,20,5,7.79431853911959,0.1,13.5506894172469,0.677877473390291,0.363774599878715,12,0.2,1,113.597515289966,21.5242510739619,0.0114575948281608,0.0185207268773993,0.0946496607163973,259,5650,1,"2","diploid","female"
"777","0","0","0","0",-0.641028344631195,3016.28247070312,"map_5650_1_3",5,70,300,20,5,2.73415736379766,0.1,6.40876627233761,0.184400094498749,3.81279968433339,4,0.2,1,113.597515289966,21.5242510739619,0.00070889606796378,0.000108605511863673,0.498800638396675,259,5650,1,"3","diploid","female"
"778","0","0","0","0",-0.760176956653595,3111.72680664062,"map_5651_1_1",5,70,300,20,5,5.37116139935748,0.1,13.2548306785322,0.453072682244653,4.9102118498976,48,0.2,1,295.298242562633,21.5232876094341,0.0122990460727964,0.0605391144164332,0.271350831406314,260,5651,1,"1","diploid","female"
"779","0","0","0","0",-0.760176956653595,3111.72680664062,"map_5651_1_2",5,70,300,20,5,6.82754852556456,0.1,16.0652034480192,0.809446581364006,2.63312136524313,55,0.2,1,295.298242562633,21.5232876094341,0.0311685420294546,0.14086795957001,0.252555807448304,260,5651,1,"2","diploid","female"
"780","0","0","0","0",-0.760176956653595,3111.72680664062,"map_5651_1_3",5,70,300,20,5,0,0.1,6.09238147200506,0.415056722133616,3.61040348517796,41,0.2,1,295.298242562633,21.5232876094341,0.00177195347599729,0.00334675526158844,0.865644559844906,260,5651,1,"3","diploid","female"
"781","0","0","0","0",-0.781871914863586,3105.98608398438,"map_5653_1_1",5,70,300,20,5,5.46038430087175,0.1,26.8988095538153,0.238116173159028,2.95400719722978,72,0.2,1,291.818584099957,21.3715852946538,0.0173639594498142,0.0882465051188315,0.0897842093266903,261,5653,1,"1","diploid","female"
"782","0","0","0","0",-0.781871914863586,3105.98608398438,"map_5653_1_2",5,70,300,20,5,6.57913017908045,0.1,29.4373282801942,0.448082334185478,1.91762793114415,84,0.2,1,291.818584099957,21.3715852946538,0.0378225865129372,0.214012995312133,0.0722841725524325,261,5653,1,"2","diploid","female"
"783","0","0","0","0",-0.781871914863586,3105.98608398438,"map_5653_1_3",5,70,300,20,5,0,0.1,18.5435451538391,0.0555435307651573,2.36016328109508,66,0.2,1,291.818584099957,21.3715852946538,0.00205874996782451,0.0065451962108638,0.326323455265294,261,5653,1,"3","diploid","female"
"784","0","0","0","0",-0.394487857818604,2946.60473632812,"map_5661_1_1",5,70,300,20,5,3.61342621304616,0.1,11.121384496948,0.178045656579146,3.38832528435653,17,0.2,1,66.9665588334549,22.2467225392659,0.00266246185462859,0.00693597804296676,0.291705929711803,262,5661,1,"1","diploid","female"
"785","0","0","0","0",-0.394487857818604,2946.60473632812,"map_5661_1_2",5,70,300,20,5,3.98348679414911,0.1,20.8553931606899,0.242588226871898,3.00327963083375,23,0.2,1,66.9665588334549,22.2467225392659,0.011790754040579,0.0609240197444915,0.273827792205805,262,5661,1,"2","diploid","female"
"786","0","0","0","0",-0.394487857818604,2946.60473632812,"map_5661_1_3",5,70,300,20,5,4.06044793829243,0.1,7.59907558478503,0.0896660605134804,3.15127561689615,11,0.2,1,66.9665588334549,22.2467225392659,0.000465190774212578,8.71666525455017e-05,0.593489354510253,262,5661,1,"3","diploid","female"
"787","0","0","0","0",-0.490346521139145,2987.00805664062,"map_5665_1_1",5,70,300,20,5,0,0.1,12.4967785809909,0.178595162710169,3.65089465166709,5,0.2,1,121.265670548246,21.9858267605635,0.00324820744370301,0.00780750526834699,0.146282517952286,263,5665,1,"1","diploid","female"
"788","0","0","0","0",-0.490346521139145,2987.00805664062,"map_5665_1_2",5,70,300,20,5,12.3303871912709,0.1,13.9669579619166,0.719814805217395,0.213247257604819,11,0.2,1,121.265670548246,21.9858267605635,0.0129050494609186,0.019040283364955,0.0666303075861991,263,5665,1,"2","diploid","female"
"789","0","0","0","0",-0.490346521139145,2987.00805664062,"map_5665_1_3",5,70,300,20,5,3.34185275387734,0.1,8.97230505209079,0.124540676613422,4.03334910811362,3,0.2,1,121.265670548246,21.9858267605635,0.000972297712440057,0.00041527083155035,0.294980985979667,263,5665,1,"3","diploid","female"
"790","0","0","0","0",-0.786131680011749,3012.65795898438,"map_5666_1_1",5,70,300,20,5,0,0.1,13.8397575905869,0.389392272862984,2.64421040484884,15,0.2,1,192.28004662143,21.9717315133096,0.00943179195478545,0.0369522547550251,0.399649950381868,264,5666,1,"1","diploid","female"
"791","0","0","0","0",-0.786131680011749,3012.65795898438,"map_5666_1_2",5,70,300,20,5,14.8473797856084,0.1,20.4086908308549,0.749744341332917,0.362534635360232,56,0.2,1,192.28004662143,21.9717315133096,0.0285761837551983,0.0571215695470759,0.0668431057168892,264,5666,1,"2","diploid","female"
"792","0","0","0","0",-0.786131680011749,3012.65795898438,"map_5666_1_3",5,70,300,20,5,0,0.1,8.66955967254592,0.275495583937734,3.23144239855862,7,0.2,1,192.28004662143,21.9717315133096,0.00211655919393428,0.00383322368595062,0.553177491021166,264,5666,1,"3","diploid","female"
"793","0","0","0","0",-0.56416130065918,3055.22607421875,"map_5667_1_1",5,70,300,20,5,4.3455597802923,0.1,18.7215125307102,0.151625072254299,3.62736620634249,75,0.2,1,201.271277975798,21.9586374023032,0.00757634468929322,0.0443600963142829,0.196862251048205,265,5667,1,"1","diploid","female"
"794","0","0","0","0",-0.56416130065918,3055.22607421875,"map_5667_1_2",5,70,300,20,5,5.63665635664533,0.1,34.7453958710269,0.276992768625808,3.35248202026026,78,0.2,1,201.271277975798,21.9586374023032,0.031969658586415,0.202389956454447,0.145350256649605,265,5667,1,"2","diploid","female"
"795","0","0","0","0",-0.56416130065918,3055.22607421875,"map_5667_1_3",5,70,300,20,5,4.00218705907263,0.1,10.1060627375732,0.0982159433282313,4.01497726401135,73,0.2,1,201.271277975798,21.9586374023032,0.00150397616521674,0.00576797929057177,0.574826172092238,265,5667,1,"3","diploid","female"
"796","0","0","0","0",-0.57792717218399,3133.88500976562,"map_5668_1_1",5,70,300,20,5,4.96664625613271,0.1,16.8732733765455,0.207343698533966,3.86951711779999,8,0.2,1,191.401989781579,21.4749930921451,0.00664838602147753,0.0281243139298839,0.155314817384298,266,5668,1,"1","diploid","female"
"797","0","0","0","0",-0.57792717218399,3133.88500976562,"map_5668_1_2",5,70,300,20,5,5.86258840648869,0.1,17.2349981380287,0.28965591353422,3.83669825494821,8,0.2,1,191.401989781579,21.4749930921451,0.00932355676280901,0.035294273476695,0.209268897718401,266,5668,1,"2","diploid","female"
"798","0","0","0","0",-0.57792717218399,3133.88500976562,"map_5668_1_3",5,70,300,20,5,4.11799917777861,0.1,10.974095739874,0.116280250922227,4.60243533208204,6,0.2,1,191.401989781579,21.4749930921451,0.0015227793514793,0.00304451811707676,0.390632150124138,266,5668,1,"3","diploid","female"
"799","0","0","0","0",-0.35502028465271,3105.52001953125,"map_5670_1_1",5,70,300,20,5,5.43064893639116,0.1,16.1522849812192,0.266475628101027,3.98672315621774,44,0.2,1,159.379829837634,21.4875977432741,0.00816627694821745,0.0268160893872787,0.106334383772582,267,5670,1,"1","diploid","female"
"800","0","0","0","0",-0.35502028465271,3105.52001953125,"map_5670_1_2",5,70,300,20,5,5.87815104663312,0.1,17.3414357508722,0.715184019452097,0.534843601320625,140,0.2,1,159.379829837634,21.4875977432741,0.0222573518454623,0.1107612981458,0.0630523515410227,267,5670,1,"2","diploid","female"
"801","0","0","0","0",-0.35502028465271,3105.52001953125,"map_5670_1_3",5,70,300,20,5,5.31579779890245,0.1,10.2850929469143,0.206172616978469,5.36393120579391,21,0.2,1,159.379829837634,21.4875977432741,0.00226682966885141,0.002386552117393,0.26740071282978,267,5670,1,"3","diploid","female"
"802","0","0","0","0",-0.620026290416718,3048.27587890625,"map_5671_1_1",5,70,300,20,5,0,0.1,12.6157818958969,0.245090748292195,4.6178549822118,37,0.2,1,158.519255831392,21.4620074887872,0.00486076533255427,0.0125659424908392,0.185028854530183,268,5671,1,"1","diploid","female"
"803","0","0","0","0",-0.620026290416718,3048.27587890625,"map_5671_1_2",5,70,300,20,5,10.8559702557761,0.1,15.7228754352147,0.709185868963324,0.368215900674694,53,0.2,1,158.519255831392,21.4620074887872,0.0178779000186627,0.0630612035288661,0.0943787606568196,268,5671,1,"2","diploid","female"
"804","0","0","0","0",-0.620026290416718,3048.27587890625,"map_5671_1_3",5,70,300,20,5,3.34514895642813,0.1,6.91289625242919,0.215561836336528,4.66155205030144,8,0.2,1,158.519255831392,21.4620074887872,0.00105837624925928,0.000576835891055929,0.443568201286727,268,5671,1,"3","diploid","female"
"805","0","0","0","0",-0.511472404003143,2979.65087890625,"map_5673_1_1",5,70,300,20,5,3.56457196044885,0.1,11.3258304479709,0.144155724999459,3.79408582964134,43,0.2,1,77.7301340324934,22.1930881555162,0.00247889934312143,0.0109376289182134,0.292291594960868,269,5673,1,"1","diploid","female"
"806","0","0","0","0",-0.511472404003143,2979.65087890625,"map_5673_1_2",5,70,300,20,5,3.99515354936811,0.1,16.2703055544963,0.158990505416829,4.31692314620411,42,0.2,1,77.7301340324934,22.1930881555162,0.00588053487378967,0.0312787994126651,0.376541984916367,269,5673,1,"2","diploid","female"
"807","0","0","0","0",-0.511472404003143,2979.65087890625,"map_5673_1_3",5,70,300,20,5,4.27231974063427,0.1,7.46696329437264,0.107750276180522,3.43263714037302,101,0.2,1,77.7301340324934,22.1930881555162,0.000597765601536888,0.000274724318226508,0.514563204676387,269,5673,1,"3","diploid","female"
"808","0","0","0","0",-0.579649686813354,2958.79907226562,"map_5674_1_1",5,70,300,20,5,2.08220132161605,0.1,12.2761594899159,0.24461013267524,2.18429194221943,6,0.2,1,83.2085390946398,22.1751346651502,0.00391322358139298,0.00992841427473428,0.303093512745269,270,5674,1,"1","diploid","female"
"809","0","0","0","0",-0.579649686813354,2958.79907226562,"map_5674_1_2",5,70,300,20,5,6.19686274019972,0.1,10.5622973997354,0.950114388300663,0.481515236221368,21,0.2,1,83.2085390946398,22.1751346651502,0.0142994839850748,0.0820222676660222,0.266774416402877,270,5674,1,"2","diploid","female"
"810","0","0","0","0",-0.579649686813354,2958.79907226562,"map_5674_1_3",5,70,300,20,5,1.98743822063889,0.1,7.48757752650747,0.113416795555065,3.10709219768817,3,0.2,1,83.2085390946398,22.1751346651502,0.000585895189042387,0.000211034773743823,0.675740379105317,270,5674,1,"3","diploid","female"
"811","0","0","0","0",-0.324502110481262,2993.4208984375,"map_5697_1_1",5,70,300,20,5,3.90688783054781,0.1,7.94961106602771,0.197335683644978,2.95290900184347,5,0.2,1,20.8449429840691,22.2951323613772,0.00114551486201978,0.000335236699372548,0.581146031390095,271,5697,1,"1","diploid","female"
"812","0","0","0","0",-0.324502110481262,2993.4208984375,"map_5697_1_2",5,70,300,20,5,4.22531201672354,0.1,7.94879865118538,0.683081053104123,0.736523008464563,9,0.2,1,20.8449429840691,22.2951323613772,0.00390981825914215,0.000410069559089764,0.619479943824049,271,5697,1,"2","diploid","female"
"813","0","0","0","0",-0.324502110481262,2993.4208984375,"map_5697_1_3",5,70,300,20,5,5.08922617444631,0.1,5.74644434142933,0.152064494162916,3.2220765112461,3,0.2,1,20.8449429840691,22.2951323613772,0.000427165983105746,1.83015898078359e-06,0.818760669427636,271,5697,1,"3","diploid","female"
"814","0","0","0","0",-0.482558816671371,3007.69287109375,"map_5708_1_1",5,70,300,20,5,2.33090574839769,0.1,9.97591428438198,0.0772476926889424,3.56543379240619,14,0.2,1,55.1361588996114,21.420493443807,0.000709616588728469,0.00034739603949238,0.416294474658106,272,5708,1,"1","diploid","female"
"815","0","0","0","0",-0.482558816671371,3007.69287109375,"map_5708_1_2",5,70,300,20,5,5.70214396230531,0.1,10.1508242255139,0.552663875368538,0.625973828963437,89,0.2,1,55.1361588996114,21.420493443807,0.00559218805696992,0.0106060225925515,0.222650490996704,272,5708,1,"2","diploid","female"
"816","0","0","0","0",-0.482558816671371,3007.69287109375,"map_5708_1_3",5,70,300,20,5,2.37372412683351,0.1,7.64883018593291,0.0300548079179575,2.97648988038232,17,0.2,1,55.1361588996114,21.420493443807,0.000151482002513214,4.60999527571252e-06,0.626229964623453,272,5708,1,"3","diploid","female"
"817","0","0","0","0",-0.24333767592907,3040.90209960938,"map_5709_1_1",5,70,300,20,5,5.02371103029131,0.1,11.4691012670444,0.154264412963231,4.26840235519351,13,0.2,1,113.87162826386,21.8347812707506,0.00215767232529659,0.00524094822696704,0.306622260873642,273,5709,1,"1","diploid","female"
"818","0","0","0","0",-0.24333767592907,3040.90209960938,"map_5709_1_2",5,70,300,20,5,8.3980521146341,0.1,10.9246112410294,0.656707663244044,0.651492443020397,61,0.2,1,113.87162826386,21.8347812707506,0.00819528214209617,0.0123419561911421,0.217144066559359,273,5709,1,"2","diploid","female"
"819","0","0","0","0",-0.24333767592907,3040.90209960938,"map_5709_1_3",5,70,300,20,5,3.75754686598411,0.1,8.06955925160437,0.0884004373790568,4.54972504547318,12,0.2,1,113.87162826386,21.8347812707506,0.000542458825441254,0.000297139385623763,0.422570610588655,273,5709,1,"3","diploid","female"
"820","0","0","0","0",-0.365786790847778,3054.01245117188,"map_5713_1_1",5,70,300,20,5,4.52190141624926,0.1,8.99794718090875,0.239461545979619,3.23758456783377,5,0.2,1,56.7776805213916,21.8608688827633,0.00169051124762146,0.000328809670075796,0.49650281980975,274,5713,1,"1","diploid","female"
"821","0","0","0","0",-0.365786790847778,3054.01245117188,"map_5713_1_2",5,70,300,20,5,4.78217920944582,0.1,7.20462554063513,0.77080209301264,0.966421730869763,10,0.2,1,56.7776805213916,21.8608688827633,0.00334499202325952,0.000284943069833891,0.680350078383995,274,5713,1,"2","diploid","female"
"822","0","0","0","0",-0.365786790847778,3054.01245117188,"map_5713_1_3",5,70,300,20,5,5.34792282588506,0.1,6.32096465243433,0.155457869540265,4.16279570543153,3,0.2,1,56.7776805213916,21.8608688827633,0.000552124291350556,2.81915758386155e-05,0.65066935445504,274,5713,1,"3","diploid","female"
"823","0","0","0","0",-0.767269909381866,2775.24560546875,"map_5752_1_1",5,70,300,20,5,0,0.1,13.4256983384189,0.589143864734191,0.673400756028113,46,0.2,1,36.7939652392634,22.6802276957735,0.014364699501147,0.0576978182305544,0.275344404693084,275,5752,1,"1","diploid","female"
"824","0","0","0","0",-0.767269909381866,2775.24560546875,"map_5752_1_2",5,70,300,20,5,2.65629172586427,0.1,9.57887115572746,1.05804882742435,0.294840581915454,65,0.2,1,36.7939652392634,22.6802276957735,0.0147659777598711,0.0574232952638037,0.549127014428205,275,5752,1,"2","diploid","female"
"825","0","0","0","0",-0.767269909381866,2775.24560546875,"map_5752_1_3",5,70,300,20,5,0.658431784583539,0.1,7.46134744251859,0.0287096330277386,0.155539132349109,3,0.2,1,36.7939652392634,22.6802276957735,0.000131440010409489,4.86023576549493e-07,0.63460193688139,275,5752,1,"3","diploid","female"
"826","0","0","0","0",-0.727047622203827,2828.17626953125,"map_5753_1_1",5,70,300,20,5,1.16591442333572,0.1,14.7226218068746,0.232707353439686,1.59000975586988,34,0.2,1,37.1563638048711,22.65310477788,0.0062471356168266,0.0277912145997494,0.185321810041898,276,5753,1,"1","diploid","female"
"827","0","0","0","0",-0.727047622203827,2828.17626953125,"map_5753_1_2",5,70,300,20,5,2.36133265893746,0.1,17.0786442698456,0.220185125249772,1.77181220368439,38,0.2,1,37.1563638048711,22.65310477788,0.00874407806154581,0.0437755700085649,0.293468868084849,276,5753,1,"2","diploid","female"
"828","0","0","0","0",-0.727047622203827,2828.17626953125,"map_5753_1_3",5,70,300,20,5,0.985144343275112,0.1,7.5638549388158,0.0573625444197384,0.991890774281661,15,0.2,1,37.1563638048711,22.65310477788,0.000286295332780838,5.29469668428625e-06,0.717329728018417,276,5753,1,"3","diploid","female"
"829","0","0","0","0",-0.846190333366394,3002.77172851562,"map_5755_1_1",5,70,300,20,5,2.39435289964557,0.1,9.34362217332984,0.148926349485172,3.4163453614309,4,0.2,1,75.295628050237,21.5537782206488,0.00141906023241832,0.0027036094698084,0.300551027795084,277,5755,1,"1","diploid","female"
"830","0","0","0","0",-0.846190333366394,3002.77172851562,"map_5755_1_2",5,70,300,20,5,6.51282016611959,0.1,18.0197287783741,0.215647696034417,3.33080695081776,4,0.2,1,75.295628050237,21.5537782206488,0.00741914816777368,0.0249091074080497,0.179553598814245,277,5755,1,"2","diploid","female"
"831","0","0","0","0",-0.846190333366394,3002.77172851562,"map_5755_1_3",5,70,300,20,5,2.45123537856503,0.1,6.63214429896576,0.114211680024707,2.78964580817532,2,0.2,1,75.295628050237,21.5537782206488,0.000456861575544675,1.20279840262919e-05,0.555134368856303,277,5755,1,"3","diploid","female"
"832","0","0","0","0",-0.897233605384827,3051.162109375,"map_5756_1_1",5,70,300,20,5,3.23792443310766,0.1,8.83187494538023,0.137082106114841,3.2744377517519,29,0.2,1,80.6593882538552,21.5320617046335,0.00115040482648213,0.00109336090282652,0.42335732840986,278,5756,1,"1","diploid","female"
"833","0","0","0","0",-0.897233605384827,3051.162109375,"map_5756_1_2",5,70,300,20,5,3.2558696064101,0.1,15.740264680186,0.29469440278925,1.67680582362896,46,0.2,1,80.6593882538552,21.5320617046335,0.00655025845131839,0.00659327356814629,0.241956844066081,278,5756,1,"2","diploid","female"
"834","0","0","0","0",-0.897233605384827,3051.162109375,"map_5756_1_3",5,70,300,20,5,4.6677917643001,0.1,6.25271099628494,0.082097630475041,2.60550931515214,64,0.2,1,80.6593882538552,21.5320617046335,0.000281322160032542,5.48375623160682e-06,0.751529644851105,278,5756,1,"3","diploid","female"
"835","0","0","0","0",-0.736628711223602,3011.15551757812,"map_5759_1_1",5,70,300,20,5,4.02060303982099,0.1,10.1432958006046,0.162377830599841,3.42206813293834,60,0.2,1,81.9685192488357,21.3595232578079,0.0016098336174487,0.00165309107098383,0.349657948596255,279,5759,1,"1","diploid","female"
"836","0","0","0","0",-0.736628711223602,3011.15551757812,"map_5759_1_2",5,70,300,20,5,5.65486762079504,0.1,11.4331943165221,0.722460286982271,0.490302791262873,195,0.2,1,81.9685192488357,21.3595232578079,0.010666901381934,0.0450394868985609,0.158318668829235,279,5759,1,"2","diploid","female"
"837","0","0","0","0",-0.736628711223602,3011.15551757812,"map_5759_1_3",5,70,300,20,5,4.13531938332436,0.1,7.11971955465954,0.0389062579960063,2.7793643847189,76,0.2,1,81.9685192488357,21.3595232578079,0.000171877750816473,4.23523946200253e-06,0.861647284637037,279,5759,1,"3","diploid","female"
"838","0","0","0","0",-0.597004771232605,3069.37646484375,"map_5761_1_1",5,70,300,20,5,2.41891066536925,0.1,8.86128798570423,0.178187314864719,3.72216339335735,17,0.2,1,83.0513578586008,21.8771558383507,0.00142517025744091,0.00148557425342782,0.305630793902458,280,5761,1,"1","diploid","female"
"839","0","0","0","0",-0.597004771232605,3069.37646484375,"map_5761_1_2",5,70,300,20,5,7.562801958812,0.1,9.94451875563675,0.220625561704025,4.29433711992586,20,0.2,1,83.0513578586008,21.8771558383507,0.00237495227446535,0.00189689338826297,0.31274265200513,280,5761,1,"2","diploid","female"
"840","0","0","0","0",-0.597004771232605,3069.37646484375,"map_5761_1_3",5,70,300,20,5,2.39981994374475,0.1,7.24636437630766,0.0868513955195171,3.51388497482962,10,0.2,1,83.0513578586008,21.8771558383507,0.00038445100602461,8.32725593293212e-06,0.555052836794781,280,5761,1,"3","diploid","female"
"841","0","0","0","0",-0.562310218811035,2985.5166015625,"map_5770_1_1",5,70,300,20,5,4.1292266139855,0.1,17.0443419807111,0.126462778199878,2.74429133123877,61,0.2,1,196.41064928378,21.9897769387246,0.00469325642320736,0.0208507504593037,0.212047522804303,281,5770,1,"1","diploid","female"
"842","0","0","0","0",-0.562310218811035,2985.5166015625,"map_5770_1_2",5,70,300,20,5,4.96794653718205,0.1,23.6291832843206,0.403687686699486,1.97777462737192,83,0.2,1,196.41064928378,21.9897769387246,0.0251666332598276,0.115388269982744,0.113231199283847,281,5770,1,"2","diploid","female"
"843","0","0","0","0",-0.562310218811035,2985.5166015625,"map_5770_1_3",5,70,300,20,5,3.72697352029404,0.1,9.73021581800435,0.0701766088519333,1.87057681615249,63,0.2,1,196.41064928378,21.9897769387246,0.000664498201026226,0.00108939820299292,0.559728109959613,281,5770,1,"3","diploid","female"
"844","0","0","0","0",-0.614170968532562,3016.67016601562,"map_5771_1_1",5,70,300,20,5,0,0.1,17.0813825409125,0.131387694351813,3.08209348431467,127,0.2,1,185.962308078905,22.0135831294266,0.0050306196515954,0.021777114983722,0.22072842651846,282,5771,1,"1","diploid","female"
"845","0","0","0","0",-0.614170968532562,3016.67016601562,"map_5771_1_2",5,70,300,20,5,16.7064341369267,0.1,15.7375988022999,0.341393608680587,5.34747589136709,141,0.2,1,185.962308078905,22.0135831294266,0.013238670344571,0.0650001226190729,0.274780086681158,282,5771,1,"2","diploid","female"
"846","0","0","0","0",-0.614170968532562,3016.67016601562,"map_5771_1_3",5,70,300,20,5,0,0.1,7.55695550764602,0.174718095461549,4.27559545530589,134,0.2,1,185.962308078905,22.0135831294266,0.00118726042320483,0.00245698337406706,0.532535184469793,282,5771,1,"3","diploid","female"
"847","0","0","0","0",-0.823947966098785,3066.11840820312,"map_5772_1_1",5,70,300,20,5,4.08886750499322,0.1,17.4157157631585,0.161967468728616,4.15180944461849,74,0.2,1,194.020910446826,21.4857051655039,0.00601864689125972,0.0267277592542782,0.225221725378391,283,5772,1,"1","diploid","female"
"848","0","0","0","0",-0.823947966098785,3066.11840820312,"map_5772_1_2",5,70,300,20,5,4.59689631676168,0.1,22.2669233105195,0.219502863923975,4.30913660869349,75,0.2,1,194.020910446826,21.4857051655039,0.0124695820595942,0.0648897589491472,0.211169361560326,283,5772,1,"2","diploid","female"
"849","0","0","0","0",-0.823947966098785,3066.11840820312,"map_5772_1_3",5,70,300,20,5,3.99637164982733,0.1,9.56266474267101,0.084910604131472,3.56498735126247,72,0.2,1,194.020910446826,21.4857051655039,0.000887361963493987,0.0016221429393703,0.554248687117063,283,5772,1,"3","diploid","female"
"850","0","0","0","0",-0.930358350276947,3103.43359375,"map_5773_1_1",5,70,300,20,5,3.65766511609275,0.1,16.1682062286485,0.21646592322049,4.01244501073518,71,0.2,1,158.125377591662,21.4531303904249,0.00656520595529504,0.0284616753269446,0.0991870998887728,284,5773,1,"1","diploid","female"
"851","0","0","0","0",-0.930358350276947,3103.43359375,"map_5773_1_2",5,70,300,20,5,4.05149000042315,0.1,24.349802799352,0.330419153989611,2.97557080128217,113,0.2,1,158.125377591662,21.4531303904249,0.0197685893869748,0.119132243357158,0.0667188776787545,284,5773,1,"2","diploid","female"
"852","0","0","0","0",-0.930358350276947,3103.43359375,"map_5773_1_3",5,70,300,20,5,4.20452590889,0.1,9.027650907819,0.146839246562676,4.5578403436047,107,0.2,1,158.125377591662,21.4531303904249,0.00117314309302946,0.000420937594284253,0.234530019266906,284,5773,1,"3","diploid","female"
"853","0","0","0","0",-0.213595151901245,3092.271484375,"map_5774_1_1",5,70,300,20,5,5.95312889197444,0.1,15.7297336312119,0.189834572236356,5.33638836606124,76,0.2,1,162.443552036222,21.4278867770139,0.00540206587899837,0.0227876550726807,0.171859454933059,285,5774,1,"1","diploid","female"
"854","0","0","0","0",-0.213595151901245,3092.271484375,"map_5774_1_2",5,70,300,20,5,6.33025252106414,0.1,15.2109048870116,0.259174415162061,5.73139362463293,89,0.2,1,162.443552036222,21.4278867770139,0.00691223746656832,0.0301822532579681,0.244922596443146,285,5774,1,"2","diploid","female"
"855","0","0","0","0",-0.213595151901245,3092.271484375,"map_5774_1_3",5,70,300,20,5,5.71158310300916,0.1,12.9946928091231,0.128800828616252,5.70137271153252,79,0.2,1,162.443552036222,21.4278867770139,0.00240557142660292,0.00752801439662463,0.260031823919373,285,5774,1,"3","diploid","female"
"856","0","0","0","0",-0.48900493979454,3021.95751953125,"map_5775_1_1",5,70,300,20,5,4.14716260064583,0.1,13.9243603624191,0.247610294573981,4.64289810081438,39,0.2,1,159.545452561489,22.1853561464734,0.00711682443458796,0.0388738945139511,0.220007261758379,286,5775,1,"1","diploid","female"
"857","0","0","0","0",-0.48900493979454,3021.95751953125,"map_5775_1_2",5,70,300,20,5,5.07134781147158,0.1,29.8218587422304,0.342636200454687,3.9060323087295,39,0.2,1,159.545452561489,22.1853561464734,0.0342111803565529,0.185100680293213,0.149210252464624,286,5775,1,"2","diploid","female"
"858","0","0","0","0",-0.48900493979454,3021.95751953125,"map_5775_1_3",5,70,300,20,5,4.47924959629996,0.1,7.56711481330479,0.256547064519693,4.58647711459114,10,0.2,1,159.545452561489,22.1853561464734,0.00180040403738329,0.00444822896555012,0.469316813568885,286,5775,1,"3","diploid","female"
"859","0","0","0","0",-0.900739073753357,2936.65942382812,"map_5778_1_1",5,70,300,20,5,2.80659601366725,0.1,12.1464976891206,0.117219105977249,2.28951426601864,8,0.2,1,81.4422410540406,22.1742642192481,0.00204205902943466,0.00522575924793048,0.259719328375629,287,5778,1,"1","diploid","female"
"860","0","0","0","0",-0.900739073753357,2936.65942382812,"map_5778_1_2",5,70,300,20,5,4.63080169722348,0.1,24.4511257203905,0.155874334989543,2.55835651064173,11,0.2,1,81.4422410540406,22.1742642192481,0.0105546635186228,0.070571845833239,0.235182701812198,287,5778,1,"2","diploid","female"
"861","0","0","0","0",-0.900739073753357,2936.65942382812,"map_5778_1_3",5,70,300,20,5,2.69475446331601,0.1,7.8769074309244,0.0325297569492772,2.23803807038453,5,0.2,1,81.4422410540406,22.1742642192481,0.000175350340043275,9.73420769254662e-06,0.652480716690141,287,5778,1,"3","diploid","female"
"862","0","0","0","0",-0.412609130144119,2956.77612304688,"map_5801_1_1",5,70,300,20,5,3.55056910941574,0.1,10.1791343988415,0.124300300630428,2.56693385415602,11,0.2,1,20.6976743407572,22.3043106539569,0.00114124380756086,0.000333788626201912,0.373767809623483,288,5801,1,"1","diploid","female"
"863","0","0","0","0",-0.412609130144119,2956.77612304688,"map_5801_1_2",5,70,300,20,5,3.68978014760988,0.1,10.0696835630746,0.271085908588848,1.10961357327463,17,0.2,1,20.6976743407572,22.3043106539569,0.00233374562066498,0.000565062158241189,0.371408994244934,288,5801,1,"2","diploid","female"
"864","0","0","0","0",-0.412609130144119,2956.77612304688,"map_5801_1_3",5,70,300,20,5,4.52460217635649,0.1,7.57333303257278,0.0453810714148502,2.80842833281333,14,0.2,1,20.6976743407572,22.3043106539569,0.000218576272317839,3.6062535485915e-06,0.927273900875204,288,5801,1,"3","diploid","female"
"865","0","0","0","0",0.0124342059716582,3033.669921875,"map_5813_1_1",5,70,300,20,5,3.26778549739938,0.1,10.2346948727593,0.195039468784229,7.09260050345403,53,0.2,1,112.517780516235,21.8807070870468,0.00243651459721428,0.0051312064736302,0.239819255799875,289,5813,1,"1","diploid","female"
"866","0","0","0","0",0.0124342059716582,3033.669921875,"map_5813_1_2",5,70,300,20,5,9.22632641154873,0.1,15.0298386958508,0.263005116467218,6.10981662652921,60,0.2,1,112.517780516235,21.8807070870468,0.00622399442874935,0.0130997378319529,0.182548869975712,289,5813,1,"2","diploid","female"
"867","0","0","0","0",0.0124342059716582,3033.669921875,"map_5813_1_3",5,70,300,20,5,2.78637667468671,0.1,8.90484078193047,0.163290859561843,6.24040455994272,33,0.2,1,112.517780516235,21.8807070870468,0.00134845813237351,0.000995262452730467,0.304240362941096,289,5813,1,"3","diploid","female"
"868","0","0","0","0",-0.418908834457397,3163.7802734375,"map_5815_1_1",5,70,300,20,5,5.11578590118862,0.1,12.7512280806392,0.259790901797778,4.5969323353325,83,0.2,1,113.38282042722,21.8560448368786,0.00479903718537895,0.0122746743558399,0.180648470565318,290,5815,1,"1","diploid","female"
"869","0","0","0","0",-0.418908834457397,3163.7802734375,"map_5815_1_2",5,70,300,20,5,6.40681456734766,0.1,9.29324472664909,0.265112060826524,5.46291518892373,60,0.2,1,113.38282042722,21.8560448368786,0.00259083201247328,0.00457748348004914,0.407931474890015,290,5815,1,"2","diploid","female"
"870","0","0","0","0",-0.418908834457397,3163.7802734375,"map_5815_1_3",5,70,300,20,5,4.14769468724041,0.1,7.37391162216467,0.215757725236966,4.59120098186678,148,0.2,1,113.38282042722,21.8560448368786,0.00114116656057477,0.000302887155127544,0.402294875225784,290,5815,1,"3","diploid","female"
"871","0","0","0","0",-0.611893117427826,2900.72534179688,"map_5859_1_1",5,70,300,20,5,0,0.1,11.85738940216,0.249223355839238,2.21690927239031,9,0.2,1,82.4814568579791,22.9853395903493,0.00442626321592086,0.0129882158481951,0.252244637284102,291,5859,1,"1","diploid","female"
"872","0","0","0","0",-0.611893117427826,2900.72534179688,"map_5859_1_2",5,70,300,20,5,6.69124024964128,0.1,20.0934251501727,0.355722667451136,1.74900027941223,7,0.2,1,82.4814568579791,22.9853395903493,0.0145090476289703,0.035579779714503,0.18767685637695,291,5859,1,"2","diploid","female"
"873","0","0","0","0",-0.611893117427826,2900.72534179688,"map_5859_1_3",5,70,300,20,5,1.83735667048273,0.1,7.61282203120872,0.229448927395548,2.51096791530933,4,0.2,1,82.4814568579791,22.9853395903493,0.00123628745100043,0.000324967484762122,0.396321538298592,291,5859,1,"3","diploid","female"
"874","0","0","0","0",-0.904054284095764,2983.18530273438,"map_5861_1_1",5,70,300,20,5,1.82510512581811,0.1,12.7632318295069,0.14181528128571,2.31468648747981,52,0.2,1,79.363707206574,22.7479275083489,0.00279161614311845,0.00887500909361014,0.276032558643112,292,5861,1,"1","diploid","female"
"875","0","0","0","0",-0.904054284095764,2983.18530273438,"map_5861_1_2",5,70,300,20,5,6.71098762893732,0.1,17.3109590611474,0.177944687364433,3.32975530496967,59,0.2,1,79.363707206574,22.7479275083489,0.00745954082973697,0.0367172487306227,0.340686222649317,292,5861,1,"2","diploid","female"
"876","0","0","0","0",-0.904054284095764,2983.18530273438,"map_5861_1_3",5,70,300,20,5,1.88910308988549,0.1,8.74792157512635,0.067141303658448,2.61188095019302,36,0.2,1,79.363707206574,22.7479275083489,0.000457441153424872,7.00069249725782e-05,0.583557582684183,292,5861,1,"3","diploid","female"
"877","0","0","0","0",-0.911300837993622,2974.29516601562,"map_5862_1_1",5,70,300,20,5,2.40048486962949,0.1,14.5155519593882,0.150438484650166,2.17751780135809,54,0.2,1,76.5053116364336,22.7937636137801,0.00336287908518406,0.0057976723929586,0.228263686343737,293,5862,1,"1","diploid","female"
"878","0","0","0","0",-0.911300837993622,2974.29516601562,"map_5862_1_2",5,70,300,20,5,3.11985834470129,0.1,18.8355368074979,0.311580883314202,1.3437612607485,68,0.2,1,76.5053116364336,22.7937636137801,0.0106087216080335,0.0262068918921746,0.293348265189064,293,5862,1,"2","diploid","female"
"879","0","0","0","0",-0.911300837993622,2974.29516601562,"map_5862_1_3",5,70,300,20,5,3.39401007745838,0.1,8.42502501208275,0.0627017958605536,2.43395953348122,36,0.2,1,76.5053116364336,22.7937636137801,0.000383950474064754,2.80757390255961e-05,0.565700855539269,293,5862,1,"3","diploid","female"
"880","0","0","0","0",-0.903569638729095,2972.44848632812,"map_5863_1_1",5,70,300,20,5,2.64772652294092,0.1,14.8572440942642,0.14377985105917,2.00631518206474,88,0.2,1,84.6420663535793,22.7267857696263,0.00377166328422016,0.0143717005090314,0.415967090817963,294,5863,1,"1","diploid","female"
"881","0","0","0","0",-0.903569638729095,2972.44848632812,"map_5863_1_2",5,70,300,20,5,5.3304023013843,0.1,11.4111748406824,0.894249628105575,0.452872347071492,216,0.2,1,84.6420663535793,22.7267857696263,0.0155001649887443,0.0727841632085903,0.211649889330256,294,5863,1,"2","diploid","female"
"882","0","0","0","0",-0.903569638729095,2972.44848632812,"map_5863_1_3",5,70,300,20,5,2.78255057534721,0.1,7.6540702157764,0.0536446248104791,2.27729354055909,81,0.2,1,84.6420663535793,22.7267857696263,0.000284077240466386,5.61014455230837e-05,0.895888170678626,294,5863,1,"3","diploid","female"
"883","0","0","0","0",-0.779862642288208,2997.47802734375,"map_5865_1_1",5,70,300,20,5,2.82295833575893,0.1,12.0270665907736,0.0993641508797616,2.63373818604724,49,0.2,1,86.6319905911569,22.4783040085768,0.00152700682074037,0.00311237141561059,0.262463042306805,295,5865,1,"1","diploid","female"
"884","0","0","0","0",-0.779862642288208,2997.47802734375,"map_5865_1_2",5,70,300,20,5,3.52198897225662,0.1,11.9965237450595,0.098195995397055,3.63848749357013,57,0.2,1,86.6319905911569,22.4783040085768,0.00146955660162959,0.00243979098388009,0.351151598812539,295,5865,1,"2","diploid","female"
"885","0","0","0","0",-0.779862642288208,2997.47802734375,"map_5865_1_3",5,70,300,20,5,3.83384161207221,0.1,8.33657192673435,0.0415859826394909,2.8018375578657,47,0.2,1,86.6319905911569,22.4783040085768,0.000261317234817041,3.9270811106507e-05,0.581444864621531,295,5865,1,"3","diploid","female"
"886","0","0","0","0",-0.870465636253357,2950.28442382812,"map_5873_1_1",5,70,300,20,5,2.73586318920843,0.1,16.3972852659074,0.14518976227399,2.691584493818,31,0.2,1,90.29312230107,21.9750438090311,0.00431243807067175,0.0165572937384418,0.202265515668122,296,5873,1,"1","diploid","female"
"887","0","0","0","0",-0.870465636253357,2950.28442382812,"map_5873_1_2",5,70,300,20,5,2.8974491159228,0.1,25.9033042345095,0.335254930301485,1.30690091013707,76,0.2,1,90.29312230107,21.9750438090311,0.0208533896716277,0.104856213412948,0.150122193771893,296,5873,1,"2","diploid","female"
"888","0","0","0","0",-0.870465636253357,2950.28442382812,"map_5873_1_3",5,70,300,20,5,3.50394981711313,0.1,7.62777381700121,0.0593831055957061,2.22808123289214,31,0.2,1,90.29312230107,21.9750438090311,0.000320338226304271,5.37210660402238e-05,0.684794841495162,296,5873,1,"3","diploid","female"
"889","0","0","0","0",-0.806066393852234,2958.58618164062,"map_5874_1_1",5,70,300,20,5,2.82148830966866,0.1,13.4363117532738,0.11123868690765,3.08198127843468,20,0.2,1,66.0944401164387,21.9573759900639,0.0021263705620939,0.00331469862447307,0.199409373531532,297,5874,1,"1","diploid","female"
"890","0","0","0","0",-0.806066393852234,2958.58618164062,"map_5874_1_2",5,70,300,20,5,2.95668613943652,0.1,20.0313818388921,0.371928927692871,1.19914073484601,81,0.2,1,66.0944401164387,21.9573759900639,0.013940570117074,0.0336324087187974,0.117616576086602,297,5874,1,"2","diploid","female"
"891","0","0","0","0",-0.806066393852234,2958.58618164062,"map_5874_1_3",5,70,300,20,5,3.81894408221511,0.1,8.33117161793896,0.0525938920380544,2.5185268915389,18,0.2,1,66.0944401164387,21.9573759900639,0.000340678870278885,9.20590637129161e-06,0.203689547494083,297,5874,1,"3","diploid","female"
"892","0","0","0","0",-0.849452614784241,2975.453125,"map_5875_1_1",5,70,300,20,5,2.78531829375236,0.1,10.9726266438018,0.121815692956205,2.6276849888022,32,0.2,1,64.6349338312878,22.0296861409877,0.00167011136443417,0.00325657413206201,0.29046737176734,298,5875,1,"1","diploid","female"
"893","0","0","0","0",-0.849452614784241,2975.453125,"map_5875_1_2",5,70,300,20,5,2.98471438518648,0.1,20.6351386433636,0.203067545564723,2.0662416912657,40,0.2,1,64.6349338312878,22.0296861409877,0.0079934772430741,0.0174580429422751,0.289800105069101,298,5875,1,"2","diploid","female"
"894","0","0","0","0",-0.849452614784241,2975.453125,"map_5875_1_3",5,70,300,20,5,3.90828400602016,0.1,6.35323256835013,0.0711587177856197,2.31569294933599,66,0.2,1,64.6349338312878,22.0296861409877,0.0002573784971922,6.28169928158816e-06,0.662982241105376,298,5875,1,"3","diploid","female"
"895","0","0","0","0",-0.918882548809052,2999.05908203125,"map_5876_1_1",5,70,300,20,5,2.04530713730873,0.1,7.46484086009433,0.395350289139918,2.67507637522031,71,0.2,1,70.4159915328422,21.4828956113965,0.00218865482487357,0.00213677051915444,0.738659270224888,299,5876,1,"1","diploid","female"
"896","0","0","0","0",-0.918882548809052,2999.05908203125,"map_5876_1_2",5,70,300,20,5,5.36556777927383,0.1,15.9267365396238,0.566915857403148,0.530870035280283,177,0.2,1,70.4159915328422,21.4828956113965,0.0133413863029746,0.018283483632684,0.101375106393174,299,5876,1,"2","diploid","female"
"897","0","0","0","0",-0.918882548809052,2999.05908203125,"map_5876_1_3",5,70,300,20,5,2.21653650672309,0.1,6.82588079892233,0.0886857902504146,2.37669156757962,51,0.2,1,70.4159915328422,21.4828956113965,0.000346120019823516,1.25683120091584e-05,0.867203731543778,299,5876,1,"3","diploid","female"
"898","0","0","0","0",-0.952279388904572,3012.0205078125,"map_5877_1_1",5,70,300,20,5,2.9564825925865,0.1,8.48275461723733,0.116566951937337,2.87557348499681,24,0.2,1,52.0117088936492,21.4754194299776,0.000889451570288781,0.00077883908284954,0.291195270997433,300,5877,1,"1","diploid","female"
"899","0","0","0","0",-0.952279388904572,3012.0205078125,"map_5877_1_2",5,70,300,20,5,2.79671917847561,0.1,15.8849168845396,0.180741611584883,2.24417114404319,34,0.2,1,52.0117088936492,21.4754194299776,0.0046171955022185,0.012831096911932,0.341978847647552,300,5877,1,"2","diploid","female"
"900","0","0","0","0",-0.952279388904572,3012.0205078125,"map_5877_1_3",5,70,300,20,5,4.46572548051972,0.1,5.75516459346293,0.0580323188713073,1.85896680027701,49,0.2,1,52.0117088936492,21.4754194299776,0.000161897088789035,2.13247757832958e-07,0.818137611205267,300,5877,1,"3","diploid","female"
"901","0","0","0","0",-0.944848775863647,3026.81665039062,"map_5878_1_1",5,70,300,20,5,2.88551654118005,0.1,8.16587490448868,0.0790068792590628,2.50337131836954,5,0.2,1,50.8970092491454,21.4738602178833,0.000473700286514059,0.00013240288170809,0.44885993338358,301,5878,1,"1","diploid","female"
"902","0","0","0","0",-0.944848775863647,3026.81665039062,"map_5878_1_2",5,70,300,20,5,4.17358793008095,0.1,8.59664783225009,0.106884790807492,2.79362274559721,6,0.2,1,50.8970092491454,21.4738602178833,0.000755566101614375,0.000560846206048494,0.632072671991818,301,5878,1,"2","diploid","female"
"903","0","0","0","0",-0.944848775863647,3026.81665039062,"map_5878_1_3",5,70,300,20,5,3.47702655145651,0.1,6.81856675064839,0.0218651153007345,2.10290318886142,4,0.2,1,50.8970092491454,21.4738602178833,8.45978564265867e-05,4.04077221164274e-07,0.751045105876967,301,5878,1,"3","diploid","female"
"904","0","0","0","0",-0.827218413352966,3134.01806640625,"map_5910_1_1",5,70,300,20,5,3.63903654199081,0.1,7.7271642013341,0.0975270648526604,2.99673522043572,14,0.2,1,23.7582921330319,21.2844624461262,0.000497985606114123,3.74636372779195e-05,0.473521535204235,302,5910,1,"1","diploid","female"
"905","0","0","0","0",-0.827218413352966,3134.01806640625,"map_5910_1_2",5,70,300,20,5,3.4605238662203,0.1,7.86983114574104,0.0993960175211109,3.04334630068035,14,0.2,1,23.7582921330319,21.2844624461262,0.00051843770477626,3.37993244082702e-05,0.687229374185523,302,5910,1,"2","diploid","female"
"906","0","0","0","0",-0.827218413352966,3134.01806640625,"map_5910_1_3",5,70,300,20,5,4.86366940468731,0.1,6.65901453863733,0.0346668886991048,2.38707159659937,16,0.2,1,23.7582921330319,21.2844624461262,0.000126553099249195,5.20724145000225e-08,0.8273340472685,302,5910,1,"3","diploid","female"
"907","0","0","0","0",-0.226664051413536,3114.83227539062,"map_5918_1_1",5,70,300,20,5,5.78031336448173,0.1,12.4477879020081,0.183227526435119,4.46507794721863,40,0.2,1,113.248895176225,21.9107247898613,0.00287367980407004,0.00520314752808709,0.278433784783104,303,5918,1,"1","diploid","female"
"908","0","0","0","0",-0.226664051413536,3114.83227539062,"map_5918_1_2",5,70,300,20,5,6.91135453626473,0.1,9.55768432906215,0.588629809746155,0.911917541243313,44,0.2,1,113.248895176225,21.9107247898613,0.0047580973283521,0.00240094905236761,0.274370674237888,303,5918,1,"2","diploid","female"
"909","0","0","0","0",-0.226664051413536,3114.83227539062,"map_5918_1_3",5,70,300,20,5,4.97119083402443,0.1,8.59618757674596,0.120417805605987,4.91946247925695,163,0.2,1,113.248895176225,21.9107247898613,0.000876688476895538,0.000621486435417941,0.393444287514961,303,5918,1,"3","diploid","female"
"910","0","0","0","0",-0.438558220863342,3137.98193359375,"map_5919_1_1",5,70,300,20,5,5.02859696558445,0.1,9.74913928315801,0.265384553510196,4.46170962323922,6,0.2,1,113.911876482029,21.8722884641797,0.00281872932972008,0.00420026436924545,0.235179727161392,304,5919,1,"1","diploid","female"
"911","0","0","0","0",-0.438558220863342,3137.98193359375,"map_5919_1_2",5,70,300,20,5,6.18263929228467,0.1,10.9314751259601,0.330410412162962,2.69518687004137,4,0.2,1,113.911876482029,21.8722884641797,0.00363968066632331,0.000925314491518785,0.340370279418296,304,5919,1,"2","diploid","female"
"912","0","0","0","0",-0.438558220863342,3137.98193359375,"map_5919_1_3",5,70,300,20,5,4.37542164513315,0.1,6.54097367333211,0.228893841220304,4.31306191981259,3,0.2,1,113.911876482029,21.8722884641797,0.000891677971851457,0.000105829427710059,0.502090987311168,304,5919,1,"3","diploid","female"
"913","0","0","0","0",-0.835370182991028,2885.38208007812,"map_5964_1_1",5,70,300,20,5,2.17638969709255,0.1,18.1134127013872,0.222942130648594,1.75975326980127,9,0.2,1,80.1895337405791,23.0080461470392,0.00870839453826806,0.0522538890523724,0.139154896719229,305,5964,1,"1","diploid","female"
"914","0","0","0","0",-0.835370182991028,2885.38208007812,"map_5964_1_2",5,70,300,20,5,2.65161456400856,0.1,26.4810864444343,0.225545034869637,2.87522544768582,6,0.2,1,80.1895337405791,23.0080461470392,0.0168077398534036,0.111366956421455,0.188702750086816,305,5964,1,"2","diploid","female"
"915","0","0","0","0",-0.835370182991028,2885.38208007812,"map_5964_1_3",5,70,300,20,5,2.45461905593201,0.1,8.74975653068181,0.135332996279758,1.62928542968101,4,0.2,1,80.1895337405791,23.0080461470392,0.00100536896050685,0.000636358473920119,0.445962526657575,305,5964,1,"3","diploid","female"
"916","0","0","0","0",-0.942326784133911,2902.888671875,"map_5965_1_1",5,70,300,20,5,2.16765496555021,0.1,15.3177348764771,0.238268522666648,1.56370013341705,6,0.2,1,77.471980142435,22.7711611670645,0.00673598774230895,0.0288423264636394,0.259011006394438,306,5965,1,"1","diploid","female"
"917","0","0","0","0",-0.942326784133911,2902.888671875,"map_5965_1_2",5,70,300,20,5,2.5736844379081,0.1,15.5638421898415,0.692284363024344,0.201315504741743,12,0.2,1,77.471980142435,22.7711611670645,0.0184474993788174,0.0960844132028133,0.154023863609549,306,5965,1,"2","diploid","female"
"918","0","0","0","0",-0.942326784133911,2902.888671875,"map_5965_1_3",5,70,300,20,5,2.67116543987194,0.1,6.7094761276317,0.126100706314228,1.77293762072352,2,0.2,1,77.471980142435,22.7711611670645,0.000485911806715877,3.08570990947692e-05,0.646168092077194,306,5965,1,"3","diploid","female"
"919","0","0","0","0",-0.601273775100708,2921.88232421875,"map_5966_1_1",5,70,300,20,5,0,0.1,18.5125048095866,0.158485655883456,2.15154970057583,58,0.2,1,83.509941170778,22.7223892676606,0.00585861593604545,0.0175309716110356,0.181905874507206,307,5966,1,"1","diploid","female"
"920","0","0","0","0",-0.601273775100708,2921.88232421875,"map_5966_1_2",5,70,300,20,5,6.62018216413314,0.1,18.84327254792,0.170587867821912,2.71551844116914,62,0.2,1,83.509941170778,22.7223892676606,0.00616412106580867,0.013405514852896,0.21454466790294,307,5966,1,"2","diploid","female"
"921","0","0","0","0",-0.601273775100708,2921.88232421875,"map_5966_1_3",5,70,300,20,5,3.07706265338914,0.1,9.05340413379569,0.0611707170749742,2.55031999248845,52,0.2,1,83.509941170778,22.7223892676606,0.000473901067832506,0.000314769898533252,0.559679509728313,307,5966,1,"3","diploid","female"
"922","0","0","0","0",-0.841536223888397,2938.70068359375,"map_5967_1_1",5,70,300,20,5,2.66641367260541,0.1,13.3079821774001,0.278506721574084,1.54122322521053,66,0.2,1,87.7531713061158,22.7155487550585,0.00501467725353604,0.0117835856182632,0.204853983192018,308,5967,1,"1","diploid","female"
"923","0","0","0","0",-0.841536223888397,2938.70068359375,"map_5967_1_2",5,70,300,20,5,5.13386782546039,0.1,9.36389930380959,0.97551694392716,0.369951470431965,119,0.2,1,87.7531713061158,22.7155487550585,0.00821283796667626,0.0107276683249564,0.258258903574915,308,5967,1,"2","diploid","female"
"924","0","0","0","0",-0.841536223888397,2938.70068359375,"map_5967_1_3",5,70,300,20,5,2.6032976588966,0.1,8.33113425161112,0.110829554929448,2.43114643684602,50,0.2,1,87.7531713061158,22.7155487550585,0.000659579434901057,9.27547922038769e-05,0.6718419959244,308,5967,1,"3","diploid","female"
"925","0","0","0","0",-0.603221118450165,2949.52661132812,"map_5968_1_1",5,70,300,20,5,3.04181577762596,0.1,14.8806062390484,0.136857068060312,3.1013882370057,33,0.2,1,80.6161964264423,22.4717126341489,0.00357255360865302,0.0112044389402839,0.224686244119305,309,5968,1,"1","diploid","female"
"926","0","0","0","0",-0.603221118450165,2949.52661132812,"map_5968_1_2",5,70,300,20,5,3.55613627761903,0.1,16.9887845112594,0.513181857199051,0.539001918322593,94,0.2,1,80.6161964264423,22.4717126341489,0.0144699330108644,0.0617373718581594,0.193256623139609,309,5968,1,"2","diploid","female"
"927","0","0","0","0",-0.603221118450165,2949.52661132812,"map_5968_1_3",5,70,300,20,5,3.69958366251293,0.1,7.37513094749435,0.0796059471797107,2.71651791201818,43,0.2,1,80.6161964264423,22.4717126341489,0.000428370545800633,0.000102148751807309,0.54587454212634,309,5968,1,"3","diploid","female"
"928","0","0","0","0",-0.48116546869278,2958.791015625,"map_5969_1_1",5,70,300,20,5,3.33992752622577,0.1,10.4079803043683,0.223161436027088,3.35855038654745,4,0.2,1,85.9015293691641,22.4623527104408,0.00294211261127634,0.00824215575603058,0.208265907426186,310,5969,1,"1","diploid","female"
"929","0","0","0","0",-0.48116546869278,2958.791015625,"map_5969_1_2",5,70,300,20,5,3.92918209895528,0.1,10.2080239354598,0.279914385490319,3.93865348234089,4,0.2,1,85.9015293691641,22.4623527104408,0.00357349886953945,0.00995727760876245,0.274602300794527,310,5969,1,"2","diploid","female"
"930","0","0","0","0",-0.48116546869278,2958.791015625,"map_5969_1_3",5,70,300,20,5,3.99134515350146,0.1,7.12412921963263,0.189242174349762,3.43956995221464,2,0.2,1,85.9015293691641,22.4623527104408,0.000929366679054063,0.000468585266946118,0.433180046692011,310,5969,1,"3","diploid","female"
"931","0","0","0","0",-0.95382696390152,2947.76049804688,"map_5981_1_1",5,70,300,20,5,2.28174871085996,0.1,5.98611031717993,0.526180834064881,2.24304196967713,16,0.2,1,49.2067963732437,22.5505910622057,0.00213293480382186,0.00417555236095869,0.875821778463155,311,5981,1,"1","diploid","female"
"932","0","0","0","0",-0.95382696390152,2947.76049804688,"map_5981_1_2",5,70,300,20,5,2.65919905796174,0.1,5.51856404221173,1.77835669905835,2.59998230466074,166,0.2,1,49.2067963732437,22.5505910622057,0.00649999170023025,0.0164474235749593,1.94064897528801,311,5981,1,"2","diploid","female"
"933","0","0","0","0",-0.95382696390152,2947.76049804688,"map_5981_1_3",5,70,300,20,5,3.21245885872549,0.1,5.28059001776872,0.340530385392284,2.0292567162539,4,0.2,1,49.2067963732437,22.5505910622057,0.000780012435180452,8.86626311374923e-06,0.992281250099745,311,5981,1,"3","diploid","female"
"934","0","0","0","0",-0.98043555021286,3122.111328125,"map_6016_1_1",5,70,300,20,5,1.32087777749588,0.1,8.33291028325144,0.099330146949669,2.23001610724074,11,0.2,1,24.633298942021,22.5422187944583,0.000637104882738352,0.000266177119782725,0.467126750870993,312,6016,1,"1","diploid","female"
"935","0","0","0","0",-0.98043555021286,3122.111328125,"map_6016_1_2",5,70,300,20,5,3.76030395315115,0.1,7.96595418907593,0.0488521783613955,2.8770322141003,7,0.2,1,24.633298942021,22.5422187944583,0.000262541491650222,1.06350192463488e-05,1.00151458700513,312,6016,1,"2","diploid","female"
"936","0","0","0","0",-0.98043555021286,3122.111328125,"map_6016_1_3",5,70,300,20,5,1.72674006335445,0.1,6.49653795483036,0.0613018828499301,2.26541336032104,8,0.2,1,24.633298942021,22.5422187944583,0.000218762396990507,2.44275578370523e-07,0.847058129645945,312,6016,1,"3","diploid","female"
"937","0","0","0","0",-0.501658618450165,3104.83081054688,"map_6017_1_1",5,70,300,20,5,3.53952330485115,0.1,7.36685716041228,0.145940815519168,2.85745438706015,12,0.2,1,21.8576875291393,22.5760615613902,0.000713832630255466,0.000161715312901104,0.472016396112608,313,6017,1,"1","diploid","female"
"938","0","0","0","0",-0.501658618450165,3104.83081054688,"map_6017_1_2",5,70,300,20,5,4.6473867542598,0.1,6.41027591726511,0.162398542639732,3.42599080194986,8,0.2,1,21.8576875291393,22.5760615613902,0.000552069326697481,6.21423338539537e-06,0.967696373650089,313,6017,1,"2","diploid","female"
"939","0","0","0","0",-0.501658618450165,3104.83081054688,"map_6017_1_3",5,70,300,20,5,4.62383536277321,0.1,6.92152203130322,0.0573331306861327,3.07358408373911,12,0.2,1,21.8576875291393,22.5760615613902,0.000232015407877191,3.79675004885185e-06,0.755876873351842,313,6017,1,"3","diploid","female"
"940","0","0","0","0",-0.16765695810318,3022.61059570312,"map_6018_1_1",5,70,300,20,5,2.10295790187014,0.1,6.79490640445433,0.429448420538935,3.47357715026957,46,0.2,1,40.123632061125,22.5594214548172,0.00179013861421643,0.000797597645215833,0.774053033694053,314,6018,1,"1","diploid","female"
"941","0","0","0","0",-0.16765695810318,3022.61059570312,"map_6018_1_2",5,70,300,20,5,6.80260041254092,0.1,5.41314340649464,1.86559342362698,3.91073379714783,3,0.2,1,40.123632061125,22.5594214548172,0.00448479462933357,0.000292496872872793,1.54486134272844,314,6018,1,"2","diploid","female"
"942","0","0","0","0",-0.16765695810318,3022.61059570312,"map_6018_1_3",5,70,300,20,5,2.07349962061424,0.1,6.79089362772383,0.138086040839514,3.73473245915108,105,0.2,1,40.123632061125,22.5594214548172,0.000548203804688789,9.05839439288171e-05,0.737894874130762,314,6018,1,"3","diploid","female"
"943","0","0","0","0",-0.123544111847878,2981.578125,"map_6020_1_1",5,70,300,20,5,3.53272073921698,0.1,9.0085547789244,0.149030194646473,3.79618693665306,32,0.2,1,41.0459129160821,22.5414679961347,0.00134416341808821,0.00245658922429307,0.365540862848979,315,6020,1,"1","diploid","female"
"944","0","0","0","0",-0.123544111847878,2981.578125,"map_6020_1_2",5,70,300,20,5,6.00505577382575,0.1,8.47971880498393,0.19394522741394,4.50784123234946,34,0.2,1,41.0459129160821,22.5414679961347,0.00159093539849951,0.00296472564115785,0.563123652349726,315,6020,1,"2","diploid","female"
"945","0","0","0","0",-0.123544111847878,2981.578125,"map_6020_1_3",5,70,300,20,5,3.44042207381306,0.1,7.70573778955164,0.0761103887169411,3.72800514520647,102,0.2,1,41.0459129160821,22.5414679961347,0.000413770250515035,0.000105788044349573,0.580164866569249,315,6020,1,"3","diploid","female"
"946","0","0","0","0",-0.55692857503891,3037.66333007812,"map_6021_1_1",5,70,300,20,5,3.46879747457141,0.1,8.06973052325693,0.285386829787199,2.40938503353871,37,0.2,1,40.7199493412956,22.3513628831866,0.00159309697747577,0.000306211533261667,0.704019313173015,316,6021,1,"1","diploid","female"
"947","0","0","0","0",-0.55692857503891,3037.66333007812,"map_6021_1_2",5,70,300,20,5,4.04607009800447,0.1,6.34397430796306,1.04946055182269,1.53586830429274,27,0.2,1,40.7199493412956,22.3513628831866,0.00348059752874177,0.00015484428012864,1.033534985784,316,6021,1,"2","diploid","female"
"948","0","0","0","0",-0.55692857503891,3037.66333007812,"map_6021_1_3",5,70,300,20,5,4.7303960855215,0.1,7.14880115776618,0.10585558359249,3.20044029237403,87,0.2,1,40.7199493412956,22.3513628831866,0.000470835798969744,9.86042615218146e-06,0.813697852927059,316,6021,1,"3","diploid","female"
"949","0","0","0","0",-0.758329272270203,3090.41381835938,"map_6022_1_1",5,70,300,20,5,3.10996489565323,0.1,10.5575462112654,0.14095005313161,2.18346498544943,17,0.2,1,44.9739659165227,22.2918899595276,0.00138753722604177,0.000948726995775916,0.532592199890543,317,6022,1,"1","diploid","female"
"950","0","0","0","0",-0.758329272270203,3090.41381835938,"map_6022_1_2",5,70,300,20,5,3.85080488324215,0.1,8.3936825736585,0.549566519116879,0.708806162917603,55,0.2,1,44.9739659165227,22.2918899595276,0.0032273355432944,0.000279735593912869,0.678360300760112,317,6022,1,"2","diploid","female"
"951","0","0","0","0",-0.758329272270203,3090.41381835938,"map_6022_1_3",5,70,300,20,5,4.32845980471852,0.1,7.45998580621554,0.043401794795412,2.77065425194838,14,0.2,1,44.9739659165227,22.2918899595276,0.00020768196292173,4.47466985899811e-06,0.934823874413575,317,6022,1,"3","diploid","female"
"952","0","0","0","0",-0.656247496604919,3101.01318359375,"map_6023_1_1",5,70,300,20,5,3.64359097938718,0.1,8.85036778927074,0.0974513883485473,3.33199039473584,12,0.2,1,44.9294149297416,21.858805646928,0.000738885008243974,0.000695049599862682,0.414734104497959,318,6023,1,"1","diploid","female"
"953","0","0","0","0",-0.656247496604919,3101.01318359375,"map_6023_1_2",5,70,300,20,5,4.00029749552887,0.1,9.14675903305298,0.103070289565812,3.82017698625544,11,0.2,1,44.9294149297416,21.858805646928,0.000836727363874553,0.00114895379320164,0.65261480538756,318,6023,1,"2","diploid","female"
"954","0","0","0","0",-0.656247496604919,3101.01318359375,"map_6023_1_3",5,70,300,20,5,4.84092949542411,0.1,7.06203666135122,0.0505783456777501,2.89645064843142,12,0.2,1,44.9294149297416,21.858805646928,0.000220716566891986,6.36159011806743e-06,0.76100117709374,318,6023,1,"3","diploid","female"
"955","0","0","0","0",-0.0747066736221313,3009.75,"map_6024_1_1",5,70,300,20,5,4.62734249742174,0.1,9.67328929360307,0.0838987705092018,4.42054655556652,12,0.2,1,41.901475332108,21.9010150905199,0.000775549284071726,0.000486241281761379,0.364325001782684,319,6024,1,"1","diploid","female"
"956","0","0","0","0",-0.0747066736221313,3009.75,"map_6024_1_2",5,70,300,20,5,6.71835497026536,0.1,12.3795173793144,0.140030490627328,3.11351779754102,15,0.2,1,41.901475332108,21.9010150905199,0.00193908623611373,0.00238988021509773,0.491804734071107,319,6024,1,"2","diploid","female"
"957","0","0","0","0",-0.0747066736221313,3009.75,"map_6024_1_3",5,70,300,20,5,4.43472140039608,0.1,8.05753995303059,0.0591892021400283,4.0975050227546,20,0.2,1,41.901475332108,21.9010150905199,0.000350922354004166,6.01942851577388e-05,0.525832685646114,319,6024,1,"3","diploid","female"
"958","0","0","0","0",-0.574792087078094,2829.94287109375,"map_6068_1_1",5,70,300,20,5,2.39356474321015,0.1,12.7827082697168,0.508731218386158,0.975038083755172,104,0.2,1,79.7443509307811,22.9898988527317,0.0103104854393728,0.0376752310720297,0.420293627112014,320,6068,1,"1","diploid","female"
"959","0","0","0","0",-0.574792087078094,2829.94287109375,"map_6068_1_2",5,70,300,20,5,2.65488591036439,0.1,8.11557318069265,0.92938252571958,0.840431921943178,171,0.2,1,79.7443509307811,22.9898988527317,0.00721272293276369,0.0160608107062682,0.912395597166101,320,6068,1,"2","diploid","female"
"960","0","0","0","0",-0.574792087078094,2829.94287109375,"map_6068_1_3",5,70,300,20,5,2.03755780946462,0.1,6.62136150650874,0.0921842124642018,0.745954236242823,33,0.2,1,79.7443509307811,22.9898988527317,0.000442898170784763,0.000374748883212203,0.338930156835094,320,6068,1,"3","diploid","female"
"961","0","0","0","0",-0.637271165847778,2861.52197265625,"map_6069_1_1",5,70,300,20,5,2.52233684612727,0.1,15.1049144750018,0.469624298795932,0.9890629219269,9,0.2,1,74.9283278012196,22.7633870801788,0.0121565212621201,0.0619870269448047,0.13564705417802,321,6069,1,"1","diploid","female"
"962","0","0","0","0",-0.637271165847778,2861.52197265625,"map_6069_1_2",5,70,300,20,5,2.78602189681576,0.1,10.8577512663779,1.08416551788871,0.239709353855556,24,0.2,1,74.9283278012196,22.7633870801788,0.015320688451614,0.0336104381564303,0.241227194647456,321,6069,1,"2","diploid","female"
"963","0","0","0","0",-0.637271165847778,2861.52197265625,"map_6069_1_3",5,70,300,20,5,2.49857157552886,0.1,9.93987338751434,0.0187642599324291,0.388542906616558,2,0.2,1,74.9283278012196,22.7633870801788,0.000194665587459448,0.000159504478619543,0.590482403182954,321,6069,1,"3","diploid","female"
"964","0","0","0","0",-0.325841277837753,2898.72827148438,"map_6070_1_1",5,70,300,20,5,0,0.1,19.9486271702107,0.216380692505967,2.09830025432553,65,0.2,1,83.2578306831791,22.7403129015782,0.0084539241300785,0.0299326518282661,0.219663214606084,322,6070,1,"1","diploid","female"
"965","0","0","0","0",-0.325841277837753,2898.72827148438,"map_6070_1_2",5,70,300,20,5,7.94531378529584,0.1,13.4524800535128,0.60309099202003,0.453062907968217,93,0.2,1,83.2578306831791,22.7403129015782,0.0102163376462837,0.0116278366705678,0.137299895553025,322,6070,1,"2","diploid","female"
"966","0","0","0","0",-0.325841277837753,2898.72827148438,"map_6070_1_3",5,70,300,20,5,1.84287333758234,0.1,10.7134050475998,0.108492629385668,2.94874350812418,61,0.2,1,83.2578306831791,22.7403129015782,0.00119519629572833,0.00111674552200146,0.433282208834061,322,6070,1,"3","diploid","female"
"967","0","0","0","0",-0.749826192855835,2923.23706054688,"map_6072_1_1",5,70,300,20,5,1.73409256393928,0.1,12.7561424605872,0.170326809292312,2.45070166139354,8,0.2,1,81.8616078842518,22.4763438688428,0.00339286446448258,0.0104803858935852,0.230285135750636,323,6072,1,"1","diploid","female"
"968","0","0","0","0",-0.749826192855835,2923.23706054688,"map_6072_1_2",5,70,300,20,5,5.38518838741206,0.1,12.9915844979226,0.189002934385928,2.92493793176323,9,0.2,1,81.8616078842518,22.4763438688428,0.00407139676010654,0.0132659396347989,0.303915416345756,323,6072,1,"2","diploid","female"
"969","0","0","0","0",-0.749826192855835,2923.23706054688,"map_6072_1_3",5,70,300,20,5,1.60546463756589,0.1,7.67851125715011,0.0722025139126771,2.48205305643805,5,0.2,1,81.8616078842518,22.4763438688428,0.000378752492692673,5.7291006266577e-05,0.54479246938631,323,6072,1,"3","diploid","female"
"970","0","0","0","0",-0.669164419174194,2941.1591796875,"map_6073_1_1",5,70,300,20,5,2.88072037848254,0.1,13.8064460958796,0.131137303299105,2.78723038264352,7,0.2,1,85.7322574374684,22.4917968209268,0.0033702779828775,0.0162623888673782,0.277983463616125,324,6073,1,"1","diploid","female"
"971","0","0","0","0",-0.669164419174194,2941.1591796875,"map_6073_1_2",5,70,300,20,5,3.34177493339211,0.1,25.226825020218,0.164110340609368,3.1671403407631,8,0.2,1,85.7322574374684,22.4917968209268,0.011196536385284,0.0559913021098327,0.301985927623733,324,6073,1,"2","diploid","female"
"972","0","0","0","0",-0.669164419174194,2941.1591796875,"map_6073_1_3",5,70,300,20,5,3.51125346078634,0.1,7.51917618064486,0.0705370061086206,2.56698231785917,5,0.2,1,85.7322574374684,22.4917968209268,0.000361827826847965,0.000124502586711437,0.572353466171635,324,6073,1,"3","diploid","female"
"973","0","0","0","0",-0.842066049575806,2948.95556640625,"map_6074_1_1",5,70,300,20,5,2.58072944769829,0.1,12.1737389723627,0.185430983423933,2.5345961505697,4,0.2,1,85.3042307628746,22.4397303284469,0.00350553519853041,0.0100066508105151,0.233190083961759,325,6074,1,"1","diploid","female"
"974","0","0","0","0",-0.842066049575806,2948.95556640625,"map_6074_1_2",5,70,300,20,5,3.04622298563699,0.1,18.6587541500458,0.405475189593421,0.723529545493023,5,0.2,1,85.3042307628746,22.4397303284469,0.0121807773504252,0.017545049750392,0.171757182414409,325,6074,1,"2","diploid","female"
"975","0","0","0","0",-0.842066049575806,2948.95556640625,"map_6074_1_3",5,70,300,20,5,3.34743413932128,0.1,7.314817696707,0.114429944872868,2.62252248017741,2,0.2,1,85.3042307628746,22.4397303284469,0.000571035633676553,8.08231113509487e-05,0.50765280875945,325,6074,1,"3","diploid","female"
"976","0","0","0","0",-0.296961724758148,2977.56884765625,"map_6075_1_1",5,70,300,20,5,4.86261851344338,0.1,11.9602806092411,0.275146591173203,2.795352964667,31,0.2,1,85.2331591151481,22.3130183615954,0.00375312196066671,0.00499277029278872,0.287544996143246,326,6075,1,"1","diploid","female"
"977","0","0","0","0",-0.296961724758148,2977.56884765625,"map_6075_1_2",5,70,300,20,5,8.47550362811817,0.1,10.5116091470892,0.61234626882176,1.06548055362883,104,0.2,1,85.2331591151481,22.3130183615954,0.0078199369937762,0.022464781285972,0.734640879959909,326,6075,1,"2","diploid","female"
"978","0","0","0","0",-0.296961724758148,2977.56884765625,"map_6075_1_3",5,70,300,20,5,4.37870887325719,0.1,9.18089310102821,0.151785642627136,4.24286827051062,25,0.2,1,85.2331591151481,22.3130183615954,0.00114630592786131,0.000519438532442085,0.478752135870299,326,6075,1,"3","diploid","female"
"979","0","0","0","0",-0.944273591041565,3017.8212890625,"map_6120_1_1",5,70,300,20,5,2.48868314087452,0.1,7.98071963996636,0.0954150024601607,2.00385145923992,13,0.2,1,23.9465716069323,22.5496252298619,0.000578265010171366,0.000268348568897584,0.394851441800389,327,6120,1,"1","diploid","female"
"980","0","0","0","0",-0.944273591041565,3017.8212890625,"map_6120_1_2",5,70,300,20,5,3.06010487834002,0.1,8.97834992743289,0.0954503257523742,2.62981892424204,14,0.2,1,23.9465716069323,22.5496252298619,0.000825646699250522,0.000388651353440343,0.45922525091524,327,6120,1,"2","diploid","female"
"981","0","0","0","0",-0.944273591041565,3017.8212890625,"map_6120_1_3",5,70,300,20,5,3.86664824354664,0.1,6.50372630879035,0.0329111075943231,2.06805943788003,11,0.2,1,23.9465716069323,22.5496252298619,0.000114035559933156,1.3612315749918e-07,0.804485189248333,327,6120,1,"3","diploid","female"
"982","0","0","0","0",-0.97026801109314,3013.92163085938,"map_6121_1_1",5,70,300,20,5,2.03234649319976,0.1,7.1994682143111,0.185592005091472,2.22284027650821,5,0.2,1,39.6309027735181,22.5661889199799,0.000973927893690714,0.000666216324073217,0.423285913781061,328,6121,1,"1","diploid","female"
"983","0","0","0","0",-0.97026801109314,3013.92163085938,"map_6121_1_2",5,70,300,20,5,3.71752435628239,0.1,6.77769435634635,0.223298578954252,2.84338308849898,4,0.2,1,39.6309027735181,22.5661889199799,0.00111197653349836,0.00135396590115185,0.721271152424258,328,6121,1,"2","diploid","female"
"984","0","0","0","0",-0.97026801109314,3013.92163085938,"map_6121_1_3",5,70,300,20,5,2.55852406467236,0.1,5.61720724882183,0.161223657259739,2.33656472198804,3,0.2,1,39.6309027735181,22.5661889199799,0.000429662270915061,2.09245593501295e-06,0.685046385408168,328,6121,1,"3","diploid","female"
"985","0","0","0","0",-0.677154898643494,2969.46704101562,"map_6122_1_1",5,70,300,20,5,2.3889780866115,0.1,10.1340800106963,0.0872472993561379,2.49140000068201,13,0.2,1,41.5592292123459,22.5178744019332,0.000959239808712558,0.00178981742044072,0.357427834905968,329,6122,1,"1","diploid","female"
"986","0","0","0","0",-0.677154898643494,2969.46704101562,"map_6122_1_2",5,70,300,20,5,4.09968053537346,0.1,12.5777618788174,0.0771447987583191,3.30641769269351,14,0.2,1,41.5592292123459,22.5178744019332,0.00147571721039497,0.00745201082928684,0.525615154268931,329,6122,1,"2","diploid","female"
"987","0","0","0","0",-0.677154898643494,2969.46704101562,"map_6122_1_3",5,70,300,20,5,2.66670188314113,0.1,7.35857810753245,0.0505749845742441,2.3158056992199,12,0.2,1,41.5592292123459,22.5178744019332,0.0002489040951604,1.62375155931413e-05,0.707748240953367,329,6122,1,"3","diploid","female"
"988","0","0","0","0",-0.615037083625793,3053.75830078125,"map_6126_1_1",5,70,300,20,5,3.36744070931207,0.1,9.55784875531397,0.197002666612635,2.51475570997815,31,0.2,1,42.9667767979378,22.3252576466811,0.00155721723894343,0.000482939257691554,0.599806862879151,330,6126,1,"1","diploid","female"
"989","0","0","0","0",-0.615037083625793,3053.75830078125,"map_6126_1_2",5,70,300,20,5,4.00250084823063,0.1,7.62310446581855,0.672633320188615,0.828991969583764,58,0.2,1,42.9667767979378,22.3252576466811,0.00324166416281443,0.000318068289831542,0.829606918171053,330,6126,1,"2","diploid","female"
"990","0","0","0","0",-0.615037083625793,3053.75830078125,"map_6126_1_3",5,70,300,20,5,4.64605591082997,0.1,6.92397698087112,0.0850475660580117,3.01126681833884,80,0.2,1,42.9667767979378,22.3252576466811,0.00036470705615415,8.33615438014625e-06,0.941882320139301,330,6126,1,"3","diploid","female"
"991","0","0","0","0",-0.832774579524994,3041.85205078125,"map_6127_1_1",5,70,300,20,5,1.46143735331532,0.1,8.88986545396133,0.239158630016907,1.97434416197249,39,0.2,1,42.8510968201976,22.3288290798994,0.00169687310966994,0.000648787073764514,0.549241936051477,331,6127,1,"1","diploid","female"
"992","0","0","0","0",-0.832774579524994,3041.85205078125,"map_6127_1_2",5,70,300,20,5,3.64339287399807,0.1,7.89531975742589,0.751532465350036,0.588830340530382,108,0.2,1,42.8510968201976,22.3288290798994,0.00405876556698511,0.000419331831991924,0.678836085207932,331,6127,1,"2","diploid","female"
"993","0","0","0","0",-0.832774579524994,3041.85205078125,"map_6127_1_3",5,70,300,20,5,1.98718832495257,0.1,6.55576060490286,0.0938399806028576,2.42018773807661,61,0.2,1,42.8510968201976,22.3288290798994,0.000330628817590212,1.55279848113517e-06,0.977867294885962,331,6127,1,"3","diploid","female"
"994","0","0","0","0",-0.723215937614441,2798.66162109375,"map_6172_1_1",5,70,300,20,5,2.04944480209355,0.1,18.2998638988074,0.300293622040411,1.43751073305314,82,0.2,1,75.6772521136211,23.0022377128221,0.0120072085330739,0.0563081399101533,0.111957964543761,332,6172,1,"1","diploid","female"
"995","0","0","0","0",-0.723215937614441,2798.66162109375,"map_6172_1_2",5,70,300,20,5,2.17614212696449,0.1,15.0405458611109,0.23812177659137,1.78151251016038,59,0.2,1,75.6772521136211,23.0022377128221,0.00693450132082349,0.0293363407206162,0.263758578288405,332,6172,1,"2","diploid","female"
"996","0","0","0","0",-0.723215937614441,2798.66162109375,"map_6172_1_3",5,70,300,20,5,0,0.1,8.03985376133703,0.0203318272687646,0.181365552606188,26,0.2,1,75.6772521136211,23.0022377128221,0.000113787902947238,1.77288832563344e-05,0.465616301086088,332,6172,1,"3","diploid","female"
"997","0","0","0","0",-0.818396151065826,2832.57055664062,"map_6173_1_1",5,70,300,20,5,2.12960509022214,0.1,12.4378426475302,0.57968143227519,0.991497620921483,74,0.2,1,82.2558699921516,22.7497315264223,0.0119206519286766,0.0523181885750465,0.42457860151092,333,6173,1,"1","diploid","female"
"998","0","0","0","0",-0.818396151065826,2832.57055664062,"map_6173_1_2",5,70,300,20,5,2.2688575352982,0.1,11.7336161726078,1.25704601744515,0.524820238828567,139,0.2,1,82.2558699921516,22.7497315264223,0.0244635124045447,0.0985903023410021,0.647100081659847,333,6173,1,"2","diploid","female"
"999","0","0","0","0",-0.818396151065826,2832.57055664062,"map_6173_1_3",5,70,300,20,5,0,0.1,6.27585604125654,0.0164725474802766,0.155068341199306,16,0.2,1,82.2558699921516,22.7497315264223,5.84983546385181e-05,2.95028459374508e-06,0.171689062684146,333,6173,1,"3","diploid","female"
"1000","0","0","0","0",-0.700584530830383,2868.64697265625,"map_6174_1_1",5,70,300,20,5,2.44065560534782,0.1,17.936770711994,0.206151808556091,2.17052976983586,61,0.2,1,80.888188482519,22.725997263675,0.00731762013534049,0.0301978553559448,0.140442674323312,334,6174,1,"1","diploid","female"
"1001","0","0","0","0",-0.700584530830383,2868.64697265625,"map_6174_1_2",5,70,300,20,5,2.73168107074149,0.1,19.1505617943005,0.199521636446471,2.90151224015834,95,0.2,1,80.888188482519,22.725997263675,0.00752987460268236,0.0301651284150389,0.213763339518646,334,6174,1,"2","diploid","female"
"1002","0","0","0","0",-0.700584530830383,2868.64697265625,"map_6174_1_3",5,70,300,20,5,2.52434916371707,0.1,8.67408860188817,0.133484146283816,2.15298312123839,149,0.2,1,80.888188482519,22.725997263675,0.000941225306356576,0.000280969765947799,0.323172109491605,334,6174,1,"3","diploid","female"
"1003","0","0","0","0",-0.514742314815521,2908.66796875,"map_6177_1_1",5,70,300,20,5,3.08055959762821,0.1,10.9612827378513,0.281004172027382,3.32203730831499,10,0.2,1,87.081966000934,22.4601046624506,0.00445453963819308,0.0145980999369581,0.199475006832705,335,6177,1,"1","diploid","female"
"1004","0","0","0","0",-0.514742314815521,2908.66796875,"map_6177_1_2",5,70,300,20,5,3.40081034035775,0.1,10.7797937754199,0.362648063219502,3.30036075072799,6,0.2,1,87.081966000934,22.4601046624506,0.00576759940182958,0.0190071516316579,0.288914662401858,335,6177,1,"2","diploid","female"
"1005","0","0","0","0",-0.514742314815521,2908.66796875,"map_6177_1_3",5,70,300,20,5,3.33599975076222,0.1,6.9798379267047,0.263550924332687,3.24243135366534,4,0.2,1,87.081966000934,22.4601046624506,0.00128272077280609,0.000335772406259235,0.438673432456096,335,6177,1,"3","diploid","female"
"1006","0","0","0","0",-0.906168580055237,2903.84204101562,"map_6178_1_1",5,70,300,20,5,2.26531484760183,0.1,15.6406019663049,0.270119438270136,2.29002043617428,7,0.2,1,84.3712778234007,22.4886296083233,0.00863326195190561,0.0412960003759854,0.136886871906179,336,6178,1,"1","diploid","female"
"1007","0","0","0","0",-0.906168580055237,2903.84204101562,"map_6178_1_2",5,70,300,20,5,2.49365886597491,0.1,20.7220828512523,0.32987560792046,2.24338043865741,6,0.2,1,84.3712778234007,22.4886296083233,0.0174213673301247,0.0972193077316242,0.118891958043051,336,6178,1,"2","diploid","female"
"1008","0","0","0","0",-0.906168580055237,2903.84204101562,"map_6178_1_3",5,70,300,20,5,2.80949443012117,0.1,8.03425034354338,0.121325242469079,1.43965962328699,3,0.2,1,84.3712778234007,22.4886296083233,0.000689163116055559,7.98580678975952e-05,0.507242462790404,336,6178,1,"3","diploid","female"
"1009","0","0","0","0",-0.631078124046326,2933.99731445312,"map_6179_1_1",5,70,300,20,5,3.6939510628808,0.1,7.05155555847588,0.585405856451205,3.06388723339322,20,0.2,1,77.3274346356376,22.3222974078072,0.00429298142434381,0.0163334982359771,0.645137936267602,337,6179,1,"1","diploid","female"
"1010","0","0","0","0",-0.631078124046326,2933.99731445312,"map_6179_1_2",5,70,300,20,5,6.18824634769992,0.1,9.20307191484376,1.33355811634253,2.26199932470947,87,0.2,1,77.3274346356376,22.3222974078072,0.0207869508233575,0.0957179099299588,0.785294201392116,337,6179,1,"2","diploid","female"
"1011","0","0","0","0",-0.631078124046326,2933.99731445312,"map_6179_1_3",5,70,300,20,5,3.38861390116153,0.1,5.51505641827359,0.411745569583762,2.92495663813699,5,0.2,1,77.3274346356376,22.3222974078072,0.00110338752515607,0.000192051194596772,0.791543229226759,337,6179,1,"3","diploid","female"
"1012","0","0","0","0",0.337110161781311,2946.58154296875,"map_6207_1_1",5,70,300,20,5,2.47699376004597,0.1,7.14670166915136,0.282751535472645,4.73390666090159,4,0.2,1,14.7271394281094,22.4188490558172,0.00144353298488134,0.000326348199471597,0.435932989229686,338,6207,1,"1","diploid","female"
"1013","0","0","0","0",0.337110161781311,2946.58154296875,"map_6207_1_2",5,70,300,20,5,6.84994264268061,0.1,5.49615841823954,0.615029358100387,4.81962080282851,4,0.2,1,14.7271394281094,22.4188490558172,0.00163041483963557,0.000156784574729654,0.723821308583654,338,6207,1,"2","diploid","female"
"1014","0","0","0","0",0.337110161781311,2946.58154296875,"map_6207_1_3",5,70,300,20,5,2.02670900802129,0.1,6.18836901955665,0.264129329169757,4.70784250066088,2,0.2,1,14.7271394281094,22.4188490558172,0.000933051989531961,0.000133173090618396,0.582026442874065,338,6207,1,"3","diploid","female"
"1015","0","0","0","0",-0.773738741874695,2938.90844726562,"map_6224_1_1",5,70,300,20,5,1.9545861052431,0.1,9.19068535966885,0.244207444939786,1.722742722437,19,0.2,1,22.7301346000247,22.5723262355969,0.00180954005607434,0.000738842232146416,0.645557178262884,339,6224,1,"1","diploid","female"
"1016","0","0","0","0",-0.773738741874695,2938.90844726562,"map_6224_1_2",5,70,300,20,5,3.18770932338852,0.1,7.0133309787329,0.979281491298284,0.915387727890044,144,0.2,1,22.7301346000247,22.5723262355969,0.00412415098243369,0.000894133155086895,0.871419459762133,339,6224,1,"2","diploid","female"
"1017","0","0","0","0",-0.773738741874695,2938.90844726562,"map_6224_1_3",5,70,300,20,5,2.23528018098761,0.1,7.02745932477128,0.0503835101677572,2.09275059253128,11,0.2,1,22.7301346000247,22.5723262355969,0.000213976230425115,1.49496551684759e-06,1.08949835342204,339,6224,1,"3","diploid","female"
"1018","0","0","0","0",0.490330785512924,2992.87231445312,"map_6227_1_1",5,70,300,20,5,3.37232613929184,0.1,7.14258442759556,0.228391839640809,6.05730596791236,5,0.2,1,40.8137904694706,22.5691446323331,0.00112521240510886,0.000570776807868503,0.374910276219521,340,6227,1,"1","diploid","female"
"1019","0","0","0","0",0.490330785512924,2992.87231445312,"map_6227_1_2",5,70,300,20,5,7.94301546649012,0.1,6.58983552864439,0.361318599135241,5.99537219166126,4,0.2,1,40.8137904694706,22.5691446323331,0.00138528071176072,0.000148299117330668,0.601305916881678,340,6227,1,"2","diploid","female"
"1020","0","0","0","0",0.490330785512924,2992.87231445312,"map_6227_1_3",5,70,300,20,5,3.13887488291299,0.1,7.56528377302269,0.215157456902817,5.74424373803849,4,0.2,1,40.8137904694706,22.5691446323331,0.00137573480036829,0.00191692957701753,0.388800814678908,340,6227,1,"3","diploid","female"
"1021","0","0","0","0",-0.529510378837585,2951.27734375,"map_6232_1_1",5,70,300,20,5,1.91134224718322,0.1,7.02448920839373,0.32614687879869,2.5408666930367,26,0.2,1,41.8611725612336,22.1923549668998,0.00154729661615105,0.00134619598683834,0.741872448218177,341,6232,1,"1","diploid","female"
"1022","0","0","0","0",-0.529510378837585,2951.27734375,"map_6232_1_2",5,70,300,20,5,4.87265277036139,0.1,6.86085977085838,1.0198471260467,2.51427641789501,160,0.2,1,41.8611725612336,22.1923549668998,0.00529818595586917,0.00496386163086919,1.10019633939338,341,6232,1,"2","diploid","female"
"1023","0","0","0","0",-0.529510378837585,2951.27734375,"map_6232_1_3",5,70,300,20,5,1.92562581569779,0.1,6.83120333607493,0.0976594847565879,2.501393779245,15,0.2,1,41.8611725612336,22.1923549668998,0.000397837867938814,6.57905818389311e-05,0.736974840333155,341,6232,1,"3","diploid","female"
"1024","0","0","0","0",-0.722663879394531,2916.65673828125,"map_6233_1_1",5,70,300,20,5,2.84700328778039,0.1,10.1545845079084,0.0967089901196627,2.47383016724052,28,0.2,1,31.3678998772884,22.1874369117509,0.00105534467375394,0.0014133675070515,0.362750084813513,342,6233,1,"1","diploid","female"
"1025","0","0","0","0",-0.722663879394531,2916.65673828125,"map_6233_1_2",5,70,300,20,5,2.76672954592387,0.1,17.3811312613322,0.0991534643897702,2.67836836669366,36,0.2,1,31.3678998772884,22.1874369117509,0.00321892400968498,0.0100693833114756,0.383194080760131,342,6233,1,"2","diploid","female"
"1026","0","0","0","0",-0.722663879394531,2916.65673828125,"map_6233_1_3",5,70,300,20,5,3.47535314721293,0.1,7.10367084788332,0.0546806239949545,2.02712993208631,43,0.2,1,31.3678998772884,22.1874369117509,0.00023991989152624,3.83413172700761e-06,0.6449348662126,342,6233,1,"3","diploid","female"
"1027","0","0","0","0",-0.484048455953598,2907.2724609375,"map_6234_1_1",5,70,300,20,5,3.31381696477527,0.1,10.1027065252818,0.150667114533154,2.64490080392458,7,0.2,1,30.8117754871267,22.1763029172439,0.00154931790653707,0.00219367655162882,0.291666235906774,343,6234,1,"1","diploid","female"
"1028","0","0","0","0",-0.484048455953598,2907.2724609375,"map_6234_1_2",5,70,300,20,5,3.14711983607778,0.1,12.8220651480819,0.399873050573398,0.690689175660333,11,0.2,1,30.8117754871267,22.1763029172439,0.00670794544219421,0.0114245016772962,0.227815428910427,343,6234,1,"2","diploid","female"
"1029","0","0","0","0",-0.484048455953598,2907.2724609375,"map_6234_1_3",5,70,300,20,5,3.69741257852851,0.1,7.02065610574866,0.0715940270310353,2.46346139214155,4,0.2,1,30.8117754871267,22.1763029172439,0.000305057183744525,1.82512901101885e-05,0.562817369840047,343,6234,1,"3","diploid","female"
"1030","0","0","0","0",-0.776300609111786,2888.451171875,"map_6283_1_1",5,70,300,20,5,1.82048742845508,0.1,9.51248099161926,0.143636379792202,2.40301755585149,19,0.2,1,29.2338651148138,22.322881022693,0.00130214442490018,0.00152832649924127,0.289450758394775,344,6283,1,"1","diploid","female"
"1031","0","0","0","0",-0.776300609111786,2888.451171875,"map_6283_1_2",5,70,300,20,5,2.70707039298978,0.1,10.3237167570344,0.150956424303842,2.47846814222158,21,0.2,1,29.2338651148138,22.322881022693,0.00176814639046067,0.00368407159998987,0.391671517888389,344,6283,1,"2","diploid","female"
"1032","0","0","0","0",-0.776300609111786,2888.451171875,"map_6283_1_3",5,70,300,20,5,1.83842580455812,0.1,6.62884035468424,0.0691480959665404,1.64787182105654,17,0.2,1,29.2338651148138,22.322881022693,0.000257022934681319,6.36526334547418e-07,0.81102436292563,344,6283,1,"3","diploid","female"
"1033","0","0","0","0",-0.728385806083679,2934.71166992188,"map_6284_1_1",5,70,300,20,5,1.1961174684833,0.1,8.44121072404866,0.122433263774204,2.57177691205158,31,0.2,1,27.8068731559372,22.3165299678562,0.000868736741959937,0.000770387754955971,0.36092002382932,345,6284,1,"1","diploid","female"
"1034","0","0","0","0",-0.728385806083679,2934.71166992188,"map_6284_1_2",5,70,300,20,5,3.44301557496052,0.1,9.37134313748182,0.113497740231621,2.8876088575935,27,0.2,1,27.8068731559372,22.3165299678562,0.00100987039761185,0.00121816984573573,0.546291367141744,345,6284,1,"2","diploid","female"
"1035","0","0","0","0",-0.728385806083679,2934.71166992188,"map_6284_1_3",5,70,300,20,5,1.27241821002929,0.1,6.44712146567665,0.0814888556693499,2.11218866743423,69,0.2,1,27.8068731559372,22.3165299678562,0.000289702125057143,1.88280844813949e-06,0.708432395011678,345,6284,1,"3","diploid","female"
"1036","0","0","0","0",0.193065002560616,2932.39697265625,"map_6287_1_1",5,70,300,20,5,2.59095084544173,0.1,8.63051308639457,0.364882242618362,3.24043652107607,19,0.2,1,37.2643641902759,22.3261778124939,0.00241532877132127,0.00113058592928054,0.567857882150715,346,6287,1,"1","diploid","female"
"1037","0","0","0","0",0.193065002560616,2932.39697265625,"map_6287_1_2",5,70,300,20,5,5.66969128387691,0.1,7.20032199076672,0.626885880465889,1.85244787194923,29,0.2,1,37.2643641902759,22.3261778124939,0.00286993929974324,0.00117389330517111,1.15545341559166,346,6287,1,"2","diploid","female"
"1038","0","0","0","0",0.193065002560616,2932.39697265625,"map_6287_1_3",5,70,300,20,5,2.36513111784576,0.1,7.06621888934399,0.143104565598663,4.29709248189849,10,0.2,1,37.2643641902759,22.3261778124939,0.000659299760545915,0.00018946662970267,0.66165227732825,346,6287,1,"3","diploid","female"
"1039","0","0","0","0",0.695025682449341,3017.05029296875,"map_6304_1_1",5,70,300,20,5,7.87655408099645,0.1,7.12095560976712,0.284716900450473,8.1317466977041,7,0.2,1,55.3229127987675,22.2981014420688,0.00158325058135824,0.00232759381612041,0.348274845280264,347,6304,1,"1","diploid","female"
"1040","0","0","0","0",0.695025682449341,3017.05029296875,"map_6304_1_2",5,70,300,20,5,12.5975762382621,0.1,6.23079063034685,0.508412135992273,7.60884667632592,5,0.2,1,55.3229127987675,22.2981014420688,0.00181777779104095,0.000296055388186162,0.584159892846583,347,6304,1,"2","diploid","female"
"1041","0","0","0","0",0.695025682449341,3017.05029296875,"map_6304_1_3",5,70,300,20,5,5.93655733313014,0.1,7.96842236939629,0.277617392882865,7.38787176924574,4,0.2,1,55.3229127987675,22.2981014420688,0.00202415600845486,0.00323787103084793,0.32846350709015,347,6304,1,"3","diploid","female"
"1042","0","0","0","0",-0.517848074436188,2894.09912109375,"map_6328_1_1",5,70,300,20,5,2.92767445214542,0.1,9.85331097048084,0.136469863011948,2.4965677828086,19,0.2,1,21.9706988112871,22.5732265654064,0.00147624351681423,0.00394347309615881,0.421903045951492,348,6328,1,"1","diploid","female"
"1043","0","0","0","0",-0.517848074436188,2894.09912109375,"map_6328_1_2",5,70,300,20,5,3.0310531603985,0.1,10.7066454268952,0.153082608416391,2.45760852939349,19,0.2,1,21.9706988112871,22.5732265654064,0.00201160666104066,0.00593726798450598,0.677577155813187,348,6328,1,"2","diploid","female"
"1044","0","0","0","0",-0.517848074436188,2894.09912109375,"map_6328_1_3",5,70,300,20,5,3.29195321870932,0.1,6.96882918278333,0.073611926292952,2.19569204931557,20,0.2,1,21.9706988112871,22.5732265654064,0.000309757642975627,9.08834928682511e-06,0.678816538303091,348,6328,1,"3","diploid","female"
"1045","0","0","0","0",0.0909290388226509,2929.435546875,"map_6329_1_1",5,70,300,20,5,4.70833953857254,0.1,8.13775769810514,0.236189170837044,4.72271851894192,5,0.2,1,40.3532491086725,22.5302896869275,0.00181181445288527,0.00297514570965457,0.287338056523859,349,6329,1,"1","diploid","female"
"1046","0","0","0","0",0.0909290388226509,2929.435546875,"map_6329_1_2",5,70,300,20,5,5.02362705291005,0.1,7.04027494139685,0.357823224797239,5.06038916840333,4,0.2,1,40.3532491086725,22.5302896869275,0.00195277518023387,0.00215691790684231,0.454183208388919,349,6329,1,"2","diploid","female"
"1047","0","0","0","0",0.0909290388226509,2929.435546875,"map_6329_1_3",5,70,300,20,5,4.78174331834292,0.1,7.15220241707186,0.208170413404497,4.20406834383537,3,0.2,1,40.3532491086725,22.5302896869275,0.00103044947838138,0.000362632003346113,0.405881626700472,349,6329,1,"3","diploid","female"
"1048","0","0","0","0",-0.165780991315842,2981.37182617188,"map_6330_1_1",5,70,300,20,5,2.03429289217034,0.1,7.29748365427401,0.200571561904123,3.95185679450442,6,0.2,1,40.653995235893,22.5316296658775,0.00122475188092893,0.00140687788200431,0.349506453683656,350,6330,1,"1","diploid","female"
"1049","0","0","0","0",-0.165780991315842,2981.37182617188,"map_6330_1_2",5,70,300,20,5,6.28179193598519,0.1,6.89433434713363,0.311269793323801,4.7188303759405,4,0.2,1,40.653995235893,22.5316296658775,0.00179157697611973,0.00141487550314852,0.559099724189087,350,6330,1,"2","diploid","female"
"1050","0","0","0","0",-0.165780991315842,2981.37182617188,"map_6330_1_3",5,70,300,20,5,1.94947215220739,0.1,6.90601986043383,0.186902392494044,3.99864744803285,4,0.2,1,40.653995235893,22.5316296658775,0.000884058426850391,0.000312637517644913,0.388428402841535,350,6330,1,"3","diploid","female"
"1051","0","0","0","0",-0.432417571544647,2999.318359375,"map_6331_1_1",5,70,300,20,5,3.52948959818894,0.1,9.99240095155644,0.175240312990716,2.66469527468264,14,0.2,1,39.4223629873852,22.5531556814876,0.00157817665033068,0.00065649198504957,0.322265370219898,351,6331,1,"1","diploid","female"
"1052","0","0","0","0",-0.432417571544647,2999.318359375,"map_6331_1_2",5,70,300,20,5,4.19479382307528,0.1,9.31413307436668,0.466975298688806,0.790482645157169,27,0.2,1,39.4223629873852,22.5531556814876,0.00338135510195838,0.000377894072332588,0.461593154299568,351,6331,1,"2","diploid","female"
"1053","0","0","0","0",-0.432417571544647,2999.318359375,"map_6331_1_3",5,70,300,20,5,4.59026653633774,0.1,7.9070846347888,0.0737010792815165,3.27534882556813,15,0.2,1,39.4223629873852,22.5531556814876,0.000390748802115392,1.16437150879322e-05,0.783948320986427,351,6331,1,"3","diploid","female"
"1054","0","0","0","0",-0.872067153453827,2985.13452148438,"map_6332_1_1",5,70,300,20,5,2.57848421537058,0.1,7.02573346592167,0.403944665972682,1.85007590976597,8,0.2,1,39.1774417015405,22.5903506020243,0.00182308651694419,0.000908628652655631,0.830694490080459,352,6332,1,"1","diploid","female"
"1055","0","0","0","0",-0.872067153453827,2985.13452148438,"map_6332_1_2",5,70,300,20,5,3.07284823872044,0.1,5.69241338491978,1.27895293542172,1.85766922796337,49,0.2,1,39.1774417015405,22.5903506020243,0.00357906932349117,0.000997056214149249,1.35633430908966,352,6332,1,"2","diploid","female"
"1056","0","0","0","0",-0.872067153453827,2985.13452148438,"map_6332_1_3",5,70,300,20,5,3.73501979564551,0.1,6.04076370054537,0.158214815635698,2.42557999132,3,0.2,1,39.1774417015405,22.5903506020243,0.000481149085432193,4.59119739618559e-06,0.931834874187015,352,6332,1,"3","diploid","female"
"1057","0","0","0","0",-0.646746814250946,2901.16674804688,"map_6337_1_1",5,70,300,20,5,2.48227010509863,0.1,9.64846159926394,0.109971510496811,2.40761976589769,17,0.2,1,31.0740161223269,22.1531157636167,0.00109700498788314,0.00175626728816155,0.330607316671684,353,6337,1,"1","diploid","female"
"1058","0","0","0","0",-0.646746814250946,2901.16674804688,"map_6337_1_2",5,70,300,20,5,3.31665660673284,0.1,12.7969831500292,0.114682585622893,2.54796841041855,19,0.2,1,31.0740161223269,22.1531157636167,0.00236022917159176,0.0107191374613313,0.400350807818887,353,6337,1,"2","diploid","female"
"1059","0","0","0","0",-0.646746814250946,2901.16674804688,"map_6337_1_3",5,70,300,20,5,2.41398084842738,0.1,6.83848396984142,0.0532439332513473,1.91475585081685,16,0.2,1,31.0740161223269,22.1531157636167,0.000222721257008184,7.99850160986268e-06,0.68266839434785,353,6337,1,"3","diploid","female"
"1060","0","0","0","0",-0.877058565616608,2811.3603515625,"map_6386_1_1",5,70,300,20,5,0.877157698251792,0.1,13.7690128463733,0.230012113956187,1.31004158565638,66,0.2,1,29.2326669258582,22.4865742215551,0.00521548728408662,0.0169722034126615,0.199027252385269,354,6386,1,"1","diploid","female"
"1061","0","0","0","0",-0.877058565616608,2811.3603515625,"map_6386_1_2",5,70,300,20,5,2.22359434086848,0.1,12.9981728938652,0.237120923818969,1.21692964074529,70,0.2,1,29.2326669258582,22.4865742215551,0.0049291084706506,0.0154264088002667,0.297898534144431,354,6386,1,"2","diploid","female"
"1062","0","0","0","0",-0.877058565616608,2811.3603515625,"map_6386_1_3",5,70,300,20,5,0.635160676334102,0.1,5.63004688001337,0.0274779325051655,0.219916807828708,24,0.2,1,29.2326669258582,22.4865742215551,7.18432196963429e-05,4.96566818834393e-08,0.468849605164502,354,6386,1,"3","diploid","female"
"1063","0","0","0","0",-0.820141851902008,2833.48754882812,"map_6387_1_1",5,70,300,20,5,2.21201948570049,0.1,11.6354843093802,0.230734914150252,1.64191725061107,11,0.2,1,29.9589345765817,22.3077714039242,0.00387543035509852,0.0146570373200499,0.193166398802271,355,6387,1,"1","diploid","female"
"1064","0","0","0","0",-0.820141851902008,2833.48754882812,"map_6387_1_2",5,70,300,20,5,2.05723615002817,0.1,12.2229334108956,0.252836786336807,1.41948370226763,12,0.2,1,29.9589345765817,22.3077714039242,0.0049140482917048,0.0253176458928234,0.259605439337609,355,6387,1,"2","diploid","female"
"1065","0","0","0","0",-0.820141851902008,2833.48754882812,"map_6387_1_3",5,70,300,20,5,0,0.1,5.28550980738171,0.00889587204990152,0.0577180450827232,4,0.2,1,29.9589345765817,22.3077714039242,2.03774785222976e-05,1.95907735352848e-08,0.81483222806073,355,6387,1,"3","diploid","female"
"1066","0","0","0","0",-0.704496920108795,2877.02075195312,"map_6388_1_1",5,70,300,20,5,2.55817141197009,0.1,9.14865175083443,0.184516909661981,2.65364736745468,43,0.2,1,30.0860518081194,22.3543816014118,0.00168902221087139,0.00250771211175461,0.282684879347159,356,6388,1,"1","diploid","female"
"1067","0","0","0","0",-0.704496920108795,2877.02075195312,"map_6388_1_2",5,70,300,20,5,2.52663259549782,0.1,10.1056126648841,0.181824588424957,2.52564501962549,39,0.2,1,30.0860518081194,22.3543816014118,0.00208081666563211,0.00383516196233422,0.377413222398725,356,6388,1,"2","diploid","female"
"1068","0","0","0","0",-0.704496920108795,2877.02075195312,"map_6388_1_3",5,70,300,20,5,2.87958728381859,0.1,7.09552933046813,0.0576670927998361,1.25301192955853,68,0.2,1,30.0860518081194,22.3543816014118,0.000249383289609252,1.0175502280611e-06,0.883338423765185,356,6388,1,"3","diploid","female"
"1069","0","0","0","0",0.663439095020294,2918.92407226562,"map_6400_1_1",5,70,300,20,5,6.30581187894268,0.1,9.82924757603027,0.183122601183372,5.00886068950816,8,0.2,1,19.9710256653123,22.8745413132812,0.00193691459550291,0.0021572220833088,0.266737849101229,357,6400,1,"1","diploid","female"
"1070","0","0","0","0",0.663439095020294,2918.92407226562,"map_6400_1_2",5,70,300,20,5,7.08377633188621,0.1,7.37914669833481,0.200719107146988,4.96154744862449,5,0.2,1,19.9710256653123,22.8745413132812,0.000964683297624123,0.000146892404477543,0.500924594661881,357,6400,1,"2","diploid","female"
"1071","0","0","0","0",0.663439095020294,2918.92407226562,"map_6400_1_3",5,70,300,20,5,5.61030208803,0.1,8.2564645124617,0.155130670846399,4.47225802970268,10,0.2,1,19.9710256653123,22.8745413132812,0.00109208899200444,0.000941150839273428,0.352118300371868,357,6400,1,"3","diploid","female"
"1072","0","0","0","0",0.321967393159866,2962.80859375,"map_6406_1_1",5,70,300,20,5,2.90919457949974,0.1,8.79643844116649,0.137082759783659,5.62888625380044,28,0.2,1,38.7459838759662,22.301914278455,0.00104060472433679,0.000760909563594636,0.337644473630682,358,6406,1,"1","diploid","female"
"1073","0","0","0","0",0.321967393159866,2962.80859375,"map_6406_1_2",5,70,300,20,5,7.97865438583423,0.1,9.22790101551939,0.158776415716286,5.4835917999169,22,0.2,1,38.7459838759662,22.301914278455,0.00126702729075004,0.000668670494265928,0.503872285772988,358,6406,1,"2","diploid","female"
"1074","0","0","0","0",0.321967393159866,2962.80859375,"map_6406_1_3",5,70,300,20,5,2.37179780794249,0.1,8.39335694104115,0.12638334995331,5.07365633303845,119,0.2,1,38.7459838759662,22.301914278455,0.000845956113874248,0.000386187650252846,0.379625005531719,358,6406,1,"3","diploid","female"
"1075","0","0","0","0",0.649745106697083,3007.70922851562,"map_6407_1_1",5,70,300,20,5,3.79489016818706,0.1,8.91990735031453,0.102551343075434,6.37076201999749,22,0.2,1,42.0342579482996,22.2466916626078,0.000765358129195418,0.000461933704799842,0.389405828856229,359,6407,1,"1","diploid","female"
"1076","0","0","0","0",0.649745106697083,3007.70922851562,"map_6407_1_2",5,70,300,20,5,10.8131997872941,0.1,8.06575491482112,0.152984513647134,6.20733736080417,21,0.2,1,42.0342579482996,22.2466916626078,0.000883050521316459,0.000243722590982021,0.615853609352538,359,6407,1,"2","diploid","female"
"1077","0","0","0","0",0.649745106697083,3007.70922851562,"map_6407_1_3",5,70,300,20,5,2.96336464999321,0.1,10.6744960138695,0.115492864650727,5.96650055869764,74,0.2,1,42.0342579482996,22.2466916626078,0.00141437144565532,0.00290718310915708,0.316592434917457,359,6407,1,"3","diploid","female"
"1078","0","0","0","0",0.162364661693573,3048.6748046875,"map_6408_1_1",5,70,300,20,5,6.05738864914428,0.1,10.0021602178038,0.121871329909063,5.79987751469921,12,0.2,1,66.1612099951684,22.2511512485982,0.00139462215694137,0.00310971328187862,0.294028927030271,360,6408,1,"1","diploid","female"
"1079","0","0","0","0",0.162364661693573,3048.6748046875,"map_6408_1_2",5,70,300,20,5,6.96193557780226,0.1,8.08016816009186,0.143285872706062,6.54289899569007,9,0.2,1,66.1612099951684,22.2511512485982,0.000884205968691241,0.000499252205461755,0.729367042952177,360,6408,1,"2","diploid","female"
"1080","0","0","0","0",0.162364661693573,3048.6748046875,"map_6408_1_3",5,70,300,20,5,6.06838616461786,0.1,10.1923524977189,0.119674423722127,5.65203080561506,17,0.2,1,66.1612099951684,22.2511512485982,0.00129811804375651,0.0012785188692423,0.23938910045367,360,6408,1,"3","diploid","female"
"1081","0","0","0","0",-0.784228563308716,3075.56958007812,"map_6409_1_1",5,70,300,20,5,3.46868433865767,0.1,7.43521581437103,0.206821596000399,3.33290203216896,5,0.2,1,65.8585576329912,21.9051503364166,0.00122463323371502,0.00164342929446183,0.298715258333209,361,6409,1,"1","diploid","female"
"1082","0","0","0","0",-0.784228563308716,3075.56958007812,"map_6409_1_2",5,70,300,20,5,3.80458836115636,0.1,7.05885903998329,0.290876481180937,3.94835151167377,4,0.2,1,65.8585576329912,21.9051503364166,0.00160914595147063,0.00270427892385583,0.425460850174177,361,6409,1,"2","diploid","female"
"1083","0","0","0","0",-0.784228563308716,3075.56958007812,"map_6409_1_3",5,70,300,20,5,4.41212649679352,0.1,5.77434169335867,0.160966564912594,3.13980096140071,3,0.2,1,65.8585576329912,21.9051503364166,0.000461747019535139,1.16365101782104e-05,0.562864797659446,361,6409,1,"3","diploid","female"
"1084","0","0","0","0",0.599822223186493,2966.71459960938,"map_6416_1_1",5,70,300,20,5,7.46015454741516,0.1,13.8708291664594,0.148053591943202,5.70784616637427,23,0.2,1,62.294264102695,22.3957371864868,0.00304593017800769,0.00754491315641544,0.197552088228425,362,6416,1,"1","diploid","female"
"1085","0","0","0","0",0.599822223186493,2966.71459960938,"map_6416_1_2",5,70,300,20,5,7.95693320965126,0.1,8.236506439095,0.183728679706359,5.86370977729053,22,0.2,1,62.294264102695,22.3957371864868,0.00114748112190962,0.000747155394112462,0.702042886776648,362,6416,1,"2","diploid","female"
"1086","0","0","0","0",0.599822223186493,2966.71459960938,"map_6416_1_3",5,70,300,20,5,6.56081339279108,0.1,12.0467137974319,0.136516459723526,5.59362066282522,72,0.2,1,62.294264102695,22.3957371864868,0.00223917699061814,0.0056214950106416,0.247016834913134,362,6416,1,"3","diploid","female"
"1087","0","0","0","0",-0.410787314176559,2867.06762695312,"map_6432_1_1",5,70,300,20,5,2.03991353934977,0.1,10.4450970333148,0.280849938568807,1.80370326555456,51,0.2,1,6.79897612108048,22.566353908805,0.00297333954406984,0.00499615591332539,0.439483784402031,363,6432,1,"1","diploid","female"
"1088","0","0","0","0",-0.410787314176559,2867.06762695312,"map_6432_1_2",5,70,300,20,5,2.91612614177647,0.1,8.07126401422985,0.84158390636806,0.533088642078038,80,0.2,1,6.79897612108048,22.566353908805,0.00538885571247009,0.00852506787307976,0.617849592024254,363,6432,1,"2","diploid","female"
"1089","0","0","0","0",-0.410787314176559,2867.06762695312,"map_6432_1_3",5,70,300,20,5,1.8145392001954,0.1,6.77087309073783,0.112532056450065,2.23664130774213,94,0.2,1,6.79897612108048,22.566353908805,0.000452225297609496,4.04713533561273e-06,0.92868885453067,363,6432,1,"3","diploid","female"
"1090","0","0","0","0",-0.425287216901779,2919.234375,"map_6433_1_1",5,70,300,20,5,3.20274633983695,0.1,10.520796494809,0.0939798481268244,2.69401169051978,26,0.2,1,11.5766028166807,22.5686961160282,0.00106223183499045,0.00153666594750487,0.342848760453723,364,6433,1,"1","diploid","female"
"1091","0","0","0","0",-0.425287216901779,2919.234375,"map_6433_1_2",5,70,300,20,5,3.39462295515769,0.1,13.3175660217059,0.0854988802764243,2.72465109991508,26,0.2,1,11.5766028166807,22.5686961160282,0.00143114079421701,0.00216186154139259,0.555168579812694,364,6433,1,"2","diploid","female"
"1092","0","0","0","0",-0.425287216901779,2919.234375,"map_6433_1_3",5,70,300,20,5,3.84577162037384,0.1,7.60336386156683,0.0585664308341154,2.52681750361181,76,0.2,1,11.5766028166807,22.5686961160282,0.000290932348472865,4.49319402811292e-06,0.617306198168065,364,6433,1,"3","diploid","female"
"1093","0","0","0","0",-0.0349403060972691,2925.5703125,"map_6443_1_1",5,70,300,20,5,4.57791237965826,0.1,7.33206747831892,0.383517138316451,3.21350355116031,5,0.2,1,14.1395891670299,22.1737127610351,0.00192460753797793,0.000611676136629594,0.603816083859519,365,6443,1,"1","diploid","female"
"1094","0","0","0","0",-0.0349403060972691,2925.5703125,"map_6443_1_2",5,70,300,20,5,4.29644460766736,0.1,7.36092420975157,0.746030203486199,0.988153470710631,6,0.2,1,14.1395891670299,22.1737127610351,0.00385437231253626,0.00187756626086176,0.868484119115084,365,6443,1,"2","diploid","female"
"1095","0","0","0","0",-0.0349403060972691,2925.5703125,"map_6443_1_3",5,70,300,20,5,4.94165538134814,0.1,5.53948258398098,0.369567782281476,3.65321111195126,2,0.2,1,14.1395891670299,22.1737127610351,0.000966667026228454,2.65284174015261e-05,0.887786713047902,365,6443,1,"3","diploid","female"
"1096","0","0","0","0",-0.673407673835754,2834.69873046875,"map_6492_1_1",5,70,300,20,5,2.45094290956421,0.1,13.6237568986871,0.218988380099469,2.12813433529538,28,0.2,1,31.0620879659869,22.3379463711186,0.00502891661811368,0.016919269083157,0.224015960668096,366,6492,1,"1","diploid","female"
"1097","0","0","0","0",-0.673407673835754,2834.69873046875,"map_6492_1_2",5,70,300,20,5,2.26927874989037,0.1,18.3485140182758,0.242893510808345,1.42365877000325,30,0.2,1,31.0620879659869,22.3379463711186,0.00906527930292845,0.0394340509893079,0.224486039535082,366,6492,1,"2","diploid","female"
"1098","0","0","0","0",-0.673407673835754,2834.69873046875,"map_6492_1_3",5,70,300,20,5,0,0.1,7.24717126474187,0.00366178074947696,0.0884370496553457,17,0.2,1,31.0620879659869,22.3379463711186,1.67111538034044e-05,6.51487110092462e-08,0.680471706057549,366,6492,1,"3","diploid","female"
"1099","0","0","0","0",-0.855038702487946,2873.05541992188,"map_6493_1_1",5,70,300,20,5,1.01264734499239,0.1,9.64653977519111,0.422630365210582,1.09063659697762,75,0.2,1,29.5231195081063,22.3011689254744,0.00425519854430062,0.00761595825068465,0.570974983151958,367,6493,1,"1","diploid","female"
"1100","0","0","0","0",-0.855038702487946,2873.05541992188,"map_6493_1_2",5,70,300,20,5,2.69299443506029,0.1,8.95690243332589,1.09859677301571,0.497536113833813,158,0.2,1,29.5231195081063,22.3011689254744,0.010472920291631,0.0214281357037974,0.671215234637804,367,6493,1,"2","diploid","female"
"1101","0","0","0","0",-0.855038702487946,2873.05541992188,"map_6493_1_3",5,70,300,20,5,0.938887206498629,0.1,5.56160522490136,0.0140337795444586,0.547966743626174,23,0.2,1,29.5231195081063,22.3011689254744,3.67277832734509e-05,1.45038611644037e-07,1.33504531238824,367,6493,1,"3","diploid","female"
"1102","0","0","0","0",-0.596209704875946,3048.8564453125,"map_6512_1_1",5,70,300,20,5,3.60121571141843,0.1,9.49861721407104,0.294855782481959,2.50519717677104,6,0.2,1,66.2209561718659,22.2662564696928,0.00255380226536258,0.00261535440947569,0.518734055194363,368,6512,1,"1","diploid","female"
"1103","0","0","0","0",-0.596209704875946,3048.8564453125,"map_6512_1_2",5,70,300,20,5,4.27779369352446,0.1,8.21970671121753,0.761346849191963,0.853336095880653,9,0.2,1,66.2209561718659,22.2662564696928,0.0052932802410277,0.00599764195544465,0.786002681971546,368,6512,1,"2","diploid","female"
"1104","0","0","0","0",-0.596209704875946,3048.8564453125,"map_6512_1_3",5,70,300,20,5,4.4402622308118,0.1,6.14191811184765,0.229972531279929,3.66200089001448,2,0.2,1,66.2209561718659,22.2662564696928,0.00077328739171261,5.15425812024952e-05,0.799430048553182,368,6512,1,"3","diploid","female"
"1105","0","0","0","0",-0.85686320066452,3048.32885742188,"map_6513_1_1",5,70,300,20,5,3.25042951485228,0.1,9.24963596725022,0.252118947357717,2.33500222000185,39,0.2,1,63.8180369918925,21.9625025291908,0.00187896923183754,0.000697431676018549,0.631915364927336,369,6513,1,"1","diploid","female"
"1106","0","0","0","0",-0.85686320066452,3048.32885742188,"map_6513_1_2",5,70,300,20,5,3.48290854702247,0.1,6.99975508577726,1.11314475320819,1.14426669370271,16,0.2,1,63.8180369918925,21.9625025291908,0.00465036962159987,0.000793187935380481,0.811403252445015,369,6513,1,"2","diploid","female"
"1107","0","0","0","0",-0.85686320066452,3048.32885742188,"map_6513_1_3",5,70,300,20,5,4.28863926766065,0.1,7.68286708891116,0.0616382458195612,2.7932822819668,66,0.2,1,63.8180369918925,21.9625025291908,0.000313323137709407,4.99511976249466e-06,0.934913578234409,369,6513,1,"3","diploid","female"
"1108","0","0","0","0",-0.775897741317749,3049.4609375,"map_6514_1_1",5,70,300,20,5,3.43838282669667,0.1,7.43987679833034,0.195388286045302,3.19399293718078,5,0.2,1,67.8048023417146,21.9163397475335,0.00117762701438358,0.00092751385316204,0.375687759037128,370,6514,1,"1","diploid","female"
"1109","0","0","0","0",-0.775897741317749,3049.4609375,"map_6514_1_2",5,70,300,20,5,3.67560943354369,0.1,13.6250248222324,0.289873027697336,2.15646781218129,5,0.2,1,67.8048023417146,21.9163397475335,0.00517677538655419,0.00190109257087388,0.220198744591809,370,6514,1,"2","diploid","female"
"1110","0","0","0","0",-0.775897741317749,3049.4609375,"map_6514_1_3",5,70,300,20,5,4.43549880275199,0.1,5.8509209322702,0.146282863683477,3.02203958657346,3,0.2,1,67.8048023417146,21.9163397475335,0.000439177004637464,8.50354183126166e-06,0.577938487615754,370,6514,1,"3","diploid","female"
"1111","0","0","0","0",-0.816702008247375,3073.87084960938,"map_6515_1_1",5,70,300,20,5,3.38943642198008,0.1,7.23874908287687,0.218759150518817,3.33691246356804,5,0.2,1,65.515765858647,21.9298912420093,0.00125351220688066,0.00141079754096073,0.346440445786317,371,6515,1,"1","diploid","female"
"1112","0","0","0","0",-0.816702008247375,3073.87084960938,"map_6515_1_2",5,70,300,20,5,3.71694939274104,0.1,6.86217196711942,0.30056523255697,3.91310914894136,4,0.2,1,65.515765858647,21.9298912420093,0.00158932789027917,0.0019965245288826,0.504197677301883,371,6515,1,"2","diploid","female"
"1113","0","0","0","0",-0.816702008247375,3073.87084960938,"map_6515_1_3",5,70,300,20,5,4.35639814728132,0.1,5.85655694364098,0.206069379102204,3.17541116675829,2,0.2,1,65.515765858647,21.9298912420093,0.000617521814793084,2.40830128542414e-05,0.695669938431274,371,6515,1,"3","diploid","female"
"1114","0","0","0","0",-0.866702795028687,3085.01318359375,"map_6516_1_1",5,70,300,20,5,1.63941667391709,0.1,8.77051383206158,0.124758479590053,3.01133722646782,31,0.2,1,55.7743044121321,21.9041426099944,0.000981397335312135,0.00143442519815858,0.348497744831746,372,6516,1,"1","diploid","female"
"1115","0","0","0","0",-0.866702795028687,3085.01318359375,"map_6516_1_2",5,70,300,20,5,4.89058978653777,0.1,9.251908494507,0.130719459707066,3.71289944890982,28,0.2,1,55.7743044121321,21.9041426099944,0.00119433048578278,0.0025219327688331,0.50759439937473,372,6516,1,"2","diploid","female"
"1116","0","0","0","0",-0.866702795028687,3085.01318359375,"map_6516_1_3",5,70,300,20,5,1.84295189534912,0.1,6.71831076039835,0.080768932316186,2.87328471669072,68,0.2,1,55.7743044121321,21.9041426099944,0.000312067134738032,1.88193527864154e-06,0.672730003314484,372,6516,1,"3","diploid","female"
"1117","0","0","0","0",0.405183672904968,3001.01782226562,"map_6520_1_1",5,70,300,20,5,3.42699856390767,0.1,12.5577365965293,0.19203991771898,4.26212906630173,39,0.2,1,62.8086151237108,22.398311944499,0.00289941893852105,0.00417360155664135,0.360380726689263,373,6520,1,"1","diploid","female"
"1118","0","0","0","0",0.405183672904968,3001.01782226562,"map_6520_1_2",5,70,300,20,5,10.3429847137907,0.1,9.0174750528951,0.138542936366363,6.56102880636541,26,0.2,1,62.8086151237108,22.398311944499,0.00102411425288373,0.000517174606864923,0.441850352476478,373,6520,1,"2","diploid","female"
"1119","0","0","0","0",0.405183672904968,3001.01782226562,"map_6520_1_3",5,70,300,20,5,2.7538744868926,0.1,9.98478410672811,0.129248431164563,5.61207207033221,82,0.2,1,62.8086151237108,22.398311944499,0.00133905697418138,0.00227465107255034,0.330291205255724,373,6520,1,"3","diploid","female"
"1120","0","0","0","0",-0.102594308555126,2921.73266601562,"map_6547_1_1",5,70,300,20,5,4.35032006945273,0.1,8.82311427952217,0.111176186276422,3.62629512655779,14,0.2,1,13.9098631024509,22.1693993354029,0.000868939903940928,0.00092093530995792,0.438261429993987,374,6547,1,"1","diploid","female"
"1121","0","0","0","0",-0.102594308555126,2921.73266601562,"map_6547_1_2",5,70,300,20,5,4.07407101600483,0.1,13.2126508824255,0.141248239404458,2.42219918375456,13,0.2,1,13.9098631024509,22.1693993354029,0.00234477914335383,0.00166112999843975,0.437771829941494,374,6547,1,"2","diploid","female"
"1122","0","0","0","0",-0.102594308555126,2921.73266601562,"map_6547_1_3",5,70,300,20,5,4.74053213037759,0.1,7.19341859227158,0.0685525114984496,3.04260191244681,22,0.2,1,13.9098631024509,22.1693993354029,0.000309516843398588,1.55120207278636e-05,0.638754878435336,374,6547,1,"3","diploid","female"
"1123","0","0","0","0",-0.808018267154694,2823.43334960938,"map_6597_1_1",5,70,300,20,5,2.19394538542394,0.1,12.848349428017,0.419813239816002,0.792103390155553,75,0.2,1,29.7955447585381,22.3292110396646,0.00782918865489616,0.0197740286489572,0.324615386013643,375,6597,1,"1","diploid","female"
"1124","0","0","0","0",-0.808018267154694,2823.43334960938,"map_6597_1_2",5,70,300,20,5,2.00753602967312,0.1,11.7067407109975,0.899326490415164,0.154820142125225,97,0.2,1,29.7955447585381,22.3292110396646,0.0147239680353537,0.0468519821400314,0.375808021902171,375,6597,1,"2","diploid","female"
"1125","0","0","0","0",-0.808018267154694,2823.43334960938,"map_6597_1_3",5,70,300,20,5,0,0.1,5.60060565819458,0.00479532581931114,0.0387328661769794,40,0.2,1,29.7955447585381,22.3292110396646,1.26139753488018e-05,3.04170782262292e-09,0.521227873626728,375,6597,1,"3","diploid","female"
"1126","0","0","0","0",0.46434560418129,2909.08715820312,"map_6601_1_1",5,70,300,20,5,2.72907831043395,0.1,11.5325705138207,0.371248601899904,2.59900958773787,52,0.2,1,36.6560639764779,22.779202069423,0.00476118506098622,0.00923863369934009,0.223651111542366,376,6601,1,"1","diploid","female"
"1127","0","0","0","0",0.46434560418129,2909.08715820312,"map_6601_1_2",5,70,300,20,5,8.16297972175506,0.1,8.38283942799139,0.238854014337736,5.39443632573605,25,0.2,1,36.6560639764779,22.779202069423,0.00154140417617694,0.000301441618772999,0.34130739996397,376,6601,1,"2","diploid","female"
"1128","0","0","0","0",0.46434560418129,2909.08715820312,"map_6601_1_3",5,70,300,20,5,1.92160246309206,0.1,8.78123871232642,0.190595652851826,4.45186174999726,127,0.2,1,36.6560639764779,22.779202069423,0.00146732115461089,0.00114458712418317,0.29062441081892,376,6601,1,"3","diploid","female"
"1129","0","0","0","0",-0.854218661785126,3021.16943359375,"map_6616_1_1",5,70,300,20,5,2.96081676061276,0.1,7.46741604399416,0.401897549335519,2.11390818846303,17,0.2,1,65.5874395196224,22.2770205779725,0.0021386868531001,0.0021897732860192,0.733173654509417,377,6616,1,"1","diploid","female"
"1130","0","0","0","0",-0.854218661785126,3021.16943359375,"map_6616_1_2",5,70,300,20,5,3.4555164759357,0.1,6.06337535642224,1.42727716780072,2.19320384846585,173,0.2,1,65.5874395196224,22.2770205779725,0.00544633134490662,0.0122662410598043,1.25124056965952,377,6616,1,"2","diploid","female"
"1131","0","0","0","0",-0.854218661785126,3021.16943359375,"map_6616_1_3",5,70,300,20,5,3.92147135108423,0.1,6.94829913647795,0.0911502616135295,2.65337410016243,6,0.2,1,65.5874395196224,22.2770205779725,0.000367238436848533,6.51501105520775e-06,0.868788876797161,377,6616,1,"3","diploid","female"
"1132","0","0","0","0",0.801839351654053,2844.04418945312,"map_6630_1_1",5,70,300,20,5,5.94370941614917,0.1,10.5256983245244,0.349642041327738,5.02568245204139,9,0.2,1,22.1491751285189,23.1292985850658,0.00515007601564066,0.0142134617648609,0.19234156785032,378,6630,1,"1","diploid","female"
"1133","0","0","0","0",0.801839351654053,2844.04418945312,"map_6630_1_2",5,70,300,20,5,0,0.1,5.99193637240582,0.131885354094146,2.85885232697267,3,0.2,1,22.1491751285189,23.1292985850658,0.000390849828726204,4.88652104052496e-07,0.704952487301149,378,6630,1,"2","diploid","female"
"1134","0","0","0","0",0.801839351654053,2844.04418945312,"map_6630_1_3",5,70,300,20,5,3.86728766853678,0.1,8.71446077381396,0.337234770660717,3.55726219293862,4,0.2,1,22.1491751285189,23.1292985850658,0.00301149241241551,0.00485659608402921,0.263001900426554,378,6630,1,"3","diploid","female"
"1135","0","0","0","0",-0.227207437157631,2881.20678710938,"map_6650_1_1",5,70,300,20,5,3.75332760007942,0.1,7.17967269763121,0.307828421435112,3.33022592516658,11,0.2,1,14.2892541873123,22.1826727899866,0.00173509932208731,0.00182431284004083,0.323013773708732,379,6650,1,"1","diploid","female"
"1136","0","0","0","0",-0.227207437157631,2881.20678710938,"map_6650_1_2",5,70,300,20,5,3.35899448898897,0.1,11.0349726553873,0.465704915033671,0.819189323441365,8,0.2,1,14.2892541873123,22.1826727899866,0.00562527071211345,0.00971984153862173,0.281221749105724,379,6650,1,"2","diploid","female"
"1137","0","0","0","0",-0.227207437157631,2881.20678710938,"map_6650_1_3",5,70,300,20,5,3.75069577392644,0.1,5.77147673739123,0.241937884192829,2.6769419274141,5,0.2,1,14.2892541873123,22.1826727899866,0.000694296333581327,1.67897966660726e-05,0.676842837053018,379,6650,1,"3","diploid","female"
"1138","0","0","0","0",-0.464925438165665,2874.86401367188,"map_6703_1_1",5,70,300,20,5,2.47851259512807,0.1,10.8077293499195,0.292678701696021,2.55354075736984,9,0.2,1,40.881977558136,22.6691623975008,0.00386943048942434,0.0069531813867511,0.204602308510173,380,6703,1,"1","diploid","female"
"1139","0","0","0","0",-0.464925438165665,2874.86401367188,"map_6703_1_2",5,70,300,20,5,3.71494838562767,0.1,10.4646816039307,0.710280873331345,0.289916840240149,13,0.2,1,40.881977558136,22.6691623975008,0.00693437591775075,0.00423513889571612,0.151374930088,380,6703,1,"2","diploid","female"
"1140","0","0","0","0",-0.464925438165665,2874.86401367188,"map_6703_1_3",5,70,300,20,5,2.16856485923356,0.1,6.23088357403772,0.255801235971761,2.53282282162977,3,0.2,1,40.881977558136,22.6691623975008,0.00089989430495528,4.98929693532861e-05,0.52093961033834,380,6703,1,"3","diploid","female"
"1141","0","0","0","0",-0.587254881858826,2930.1298828125,"map_6704_1_1",5,70,300,20,5,2.78435771550154,0.1,7.87529086267157,0.196085535670187,2.5632489122957,7,0.2,1,37.4782958616846,22.7076519409552,0.00135124636651687,0.00223968149842439,0.376984121410661,381,6704,1,"1","diploid","female"
"1142","0","0","0","0",-0.587254881858826,2930.1298828125,"map_6704_1_2",5,70,300,20,5,3.23535422425493,0.1,7.83976718451903,0.209713535555071,2.97815115978686,4,0.2,1,37.4782958616846,22.7076519409552,0.0016718120841124,0.00626917647366006,0.680026185026491,381,6704,1,"2","diploid","female"
"1143","0","0","0","0",-0.587254881858826,2930.1298828125,"map_6704_1_3",5,70,300,20,5,3.48659528185084,0.1,6.16781054920296,0.164658112890167,2.52708807621072,3,0.2,1,37.4782958616846,22.7076519409552,0.000548013777373345,2.19152719107843e-05,0.533900715894509,381,6704,1,"3","diploid","female"
"1144","0","0","0","0",-0.192572146654129,2937.89208984375,"map_6705_1_1",5,70,300,20,5,3.6523075238784,0.1,8.35481771495103,0.222963725550494,3.53694011365857,6,0.2,1,37.3404493648745,22.7799495747715,0.00178643945350839,0.00407833532385694,0.30344129225307,382,6705,1,"1","diploid","female"
"1145","0","0","0","0",-0.192572146654129,2937.89208984375,"map_6705_1_2",5,70,300,20,5,4.31578197007291,0.1,8.43043251603742,0.279407969522056,3.74980649422915,4,0.2,1,37.3404493648745,22.7799495747715,0.00233992364880645,0.00239108506297302,0.4470534391856,382,6705,1,"2","diploid","female"
"1146","0","0","0","0",-0.192572146654129,2937.89208984375,"map_6705_1_3",5,70,300,20,5,4.20834304079277,0.1,6.16144776663796,0.200186339640776,3.34294255688617,3,0.2,1,37.3404493648745,22.7799495747715,0.000680073276690461,7.20692082198584e-05,0.533915476664775,382,6705,1,"3","diploid","female"
"1147","0","0","0","0",0.645153164863586,2893.80883789062,"map_6706_1_1",5,70,300,20,5,6.11907085047866,0.1,11.170395392623,0.319753663855852,4.62390862084929,9,0.2,1,36.8594833891653,22.7658587632121,0.00435613589038571,0.00704205482771741,0.28843231329738,383,6706,1,"1","diploid","female"
"1148","0","0","0","0",0.645153164863586,2893.80883789062,"map_6706_1_2",5,70,300,20,5,6.57083011233799,0.1,5.94849502216466,0.65782031436527,5.75571114215524,7,0.2,1,36.8594833891653,22.7658587632121,0.00225633378722527,0.000404712409307571,0.62822929806713,383,6706,1,"2","diploid","female"
"1149","0","0","0","0",0.645153164863586,2893.80883789062,"map_6706_1_3",5,70,300,20,5,5.01632330418217,0.1,7.67288099090637,0.3251153844181,4.76498481310872,4,0.2,1,36.8594833891653,22.7658587632121,0.00204854634397413,0.0015091309123166,0.343898629541283,383,6706,1,"3","diploid","female"
"1150","0","0","0","0",0.763917505741119,2856.96508789062,"map_6707_1_1",5,70,300,20,5,6.29875111815294,0.1,11.2955525066655,0.309786929607343,6.24250799827301,6,0.2,1,38.0197687384694,22.7423737062304,0.00540603832856067,0.0150235721144261,0.168730893355968,384,6707,1,"1","diploid","female"
"1151","0","0","0","0",0.763917505741119,2856.96508789062,"map_6707_1_2",5,70,300,20,5,6.38017803244468,0.1,6.377704068381,0.499358451621547,6.79206982718739,5,0.2,1,38.0197687384694,22.7423737062304,0.00210229716423912,0.000750923266584425,0.558687672062935,384,6707,1,"2","diploid","female"
"1152","0","0","0","0",0.763917505741119,2856.96508789062,"map_6707_1_3",5,70,300,20,5,4.4089428944663,0.1,9.62201791082689,0.282061665108416,4.17649875653894,4,0.2,1,38.0197687384694,22.7423737062304,0.00298027813340979,0.00476674473026683,0.172424773340291,384,6707,1,"3","diploid","female"
"1153","0","0","0","0",0.81109082698822,2899.77783203125,"map_6734_1_1",5,70,300,20,5,6.48167674434504,0.1,11.6544505737328,0.143465126926482,5.44013588322625,14,0.2,1,21.9585537010946,23.1599287199948,0.00212828337233717,0.00376677897039817,0.250039270015863,385,6734,1,"1","diploid","female"
"1154","0","0","0","0",0.81109082698822,2899.77783203125,"map_6734_1_2",5,70,300,20,5,7.57964952739533,0.1,9.02119896265501,0.0816859720149777,6.66336029358068,8,0.2,1,21.9585537010946,23.1599287199948,0.000593827106268036,0.000122954706287549,0.54774634317372,385,6734,1,"2","diploid","female"
"1155","0","0","0","0",0.81109082698822,2899.77783203125,"map_6734_1_3",5,70,300,20,5,5.10727049143635,0.1,12.4477084219397,0.172967965794792,4.15226532345382,33,0.2,1,21.9585537010946,23.1599287199948,0.00289167594632591,0.00629096364677213,0.203918131804967,385,6734,1,"3","diploid","female"
"1156","0","0","0","0",0.70844954252243,2807.97802734375,"map_6736_1_1",5,70,300,20,5,5.40675795542332,0.1,8.2742159409056,0.662052541981119,3.41700512066239,49,0.2,1,10.1569086125869,22.9308334827951,0.00545824508926436,0.0123441801531233,0.495457266070288,386,6736,1,"1","diploid","female"
"1157","0","0","0","0",0.70844954252243,2807.97802734375,"map_6736_1_2",5,70,300,20,5,0,0.1,8.28047252963641,5.11500844888565e-05,0.00975591669227073,16,0.2,1,10.1569086125869,22.9308334827951,3.30923661848745e-07,1.35097104648918e-08,1.00099639249431,386,6736,1,"2","diploid","female"
"1158","0","0","0","0",0.70844954252243,2807.97802734375,"map_6736_1_3",5,70,300,20,5,3.15243013924984,0.1,11.8777230262232,0.0915653865636224,1.94998173761735,125,0.2,1,10.1569086125869,22.9308334827951,0.00134660192159093,0.00235114605618072,0.279803153283682,386,6736,1,"3","diploid","female"
"1159","0","0","0","0",0.793379664421082,2793.98852539062,"map_6797_1_1",5,70,300,20,5,0,0.1,19.6637995763948,0.123227625631043,0.939877705878855,136,0.2,1,179.145798794059,23.2390129009091,0.00502360432093616,0.0271343524894074,0.130652267990644,387,6797,1,"1","diploid","female"
"1160","0","0","0","0",0.793379664421082,2793.98852539062,"map_6797_1_2",5,70,300,20,5,0,0.1,50.8198112920059,1.0444476987365e-13,0,48,0.2,1,179.145798794059,23.2390129009091,2.11893859690674e-14,1.0444476987365e-13,0.295633369661849,387,6797,1,"2","diploid","female"
"1161","0","0","0","0",0.793379664421082,2793.98852539062,"map_6797_1_3",5,70,300,20,5,0,0.1,20.1626667192958,0.194775445452846,0.909056146487884,166,0.2,1,179.145798794059,23.2390129009091,0.00858243936000324,0.0417018121520559,0.0826655151208034,387,6797,1,"3","diploid","female"
"1162","0","0","0","0",-0.116548031568527,2859.23120117188,"map_6807_1_1",5,70,300,20,5,3.46787581599456,0.1,9.86680233329528,0.482562910277266,1.96850711703806,89,0.2,1,23.2484619792217,22.7118667420887,0.00555409316271728,0.012663273305895,0.494149219828509,388,6807,1,"1","diploid","female"
"1163","0","0","0","0",-0.116548031568527,2859.23120117188,"map_6807_1_2",5,70,300,20,5,3.55913129332749,0.1,7.52749449009215,0.886908314177133,1.66341036238323,105,0.2,1,23.2484619792217,22.7118667420887,0.00599364499922293,0.0149021836492965,1.15313289547458,388,6807,1,"2","diploid","female"
"1164","0","0","0","0",-0.116548031568527,2859.23120117188,"map_6807_1_3",5,70,300,20,5,3.13591158794921,0.1,8.18289452419012,0.173043029152658,2.29842038877974,72,0.2,1,23.2484619792217,22.7118667420887,0.00100883184281757,0.000176469690153363,0.57342139827162,388,6807,1,"3","diploid","female"
"1165","0","0","0","0",-0.692656219005585,2923.49633789062,"map_6809_1_1",5,70,300,20,5,1.92856669995103,0.1,13.4294821637601,0.129947906721021,2.16994591385251,16,0.2,1,23.1728124917544,22.6428600619666,0.00226692076936309,0.0040013930023888,0.405280963686223,389,6809,1,"1","diploid","female"
"1166","0","0","0","0",-0.692656219005585,2923.49633789062,"map_6809_1_2",5,70,300,20,5,3.16479299906486,0.1,13.1986819243968,0.326001530611158,1.00300730780943,26,0.2,1,23.1728124917544,22.6428600619666,0.00515149072656792,0.00788235449819531,0.354982027899385,389,6809,1,"2","diploid","female"
"1167","0","0","0","0",-0.692656219005585,2923.49633789062,"map_6809_1_3",5,70,300,20,5,2.12428115693348,0.1,7.16877128251438,0.0633598129422895,2.15754527540567,17,0.2,1,23.1728124917544,22.6428600619666,0.000291901014584027,7.62632638837001e-06,0.86176447124565,389,6809,1,"3","diploid","female"
"1168","0","0","0","0",-0.173753172159195,2911.83251953125,"map_6810_1_1",5,70,300,20,5,3.70288055305826,0.1,7.5660404039433,0.248787234774235,3.38140508598596,7,0.2,1,24.9040357271995,22.6781745796584,0.00160789493692925,0.00292259188420781,0.372222116928641,390,6810,1,"1","diploid","female"
"1169","0","0","0","0",-0.173753172159195,2911.83251953125,"map_6810_1_2",5,70,300,20,5,3.97065370580171,0.1,6.82999309336755,0.349920807417896,3.33647177154488,5,0.2,1,24.9040357271995,22.6781745796584,0.00165188494943208,0.00137443323578319,0.582769961921591,390,6810,1,"2","diploid","female"
"1170","0","0","0","0",-0.173753172159195,2911.83251953125,"map_6810_1_3",5,70,300,20,5,4.05447991660107,0.1,5.79441670815854,0.209653311218476,2.95578051976755,4,0.2,1,24.9040357271995,22.6781745796584,0.000615088842232641,1.6772374471088e-05,0.591437395870845,390,6810,1,"3","diploid","female"
"1171","0","0","0","0",0.185478806495667,2881.13720703125,"map_6811_1_1",5,70,300,20,5,1.93447493492573,0.1,7.53593334123361,0.287421223702977,3.95629566946801,8,0.2,1,24.3853275978882,22.6184470006662,0.00172992900451722,0.00202296003391702,0.338895260189568,391,6811,1,"1","diploid","female"
"1172","0","0","0","0",0.185478806495667,2881.13720703125,"map_6811_1_2",5,70,300,20,5,5.25084853137336,0.1,6.83481829972911,0.40369364810355,3.33713244692106,6,0.2,1,24.3853275978882,22.6184470006662,0.00181689227883865,0.00098620530788579,0.510690981325847,391,6811,1,"2","diploid","female"
"1173","0","0","0","0",0.185478806495667,2881.13720703125,"map_6811_1_3",5,70,300,20,5,1.40393989697705,0.1,5.95906401917115,0.241547652951254,3.2761761888353,5,0.2,1,24.3853275978882,22.6184470006662,0.000761809956582222,8.96303780348913e-05,0.577556246531663,391,6811,1,"3","diploid","female"
"1174","0","0","0","0",0.502340376377106,2799.689453125,"map_6946_1_1",5,70,300,20,5,3.41456169703624,0.1,13.7068559046528,0.283123723027375,3.28921982123929,17,0.2,1,9.8277323665314,22.9030938893062,0.006168766333991,0.0176849187645157,0.15142285524842,392,6946,1,"1","diploid","female"
"1175","0","0","0","0",0.502340376377106,2799.689453125,"map_6946_1_2",5,70,300,20,5,4.47279835674896,0.1,6.92638023750814,0.00104776477204814,0.0186547674990175,5,0.2,1,9.8277323665314,22.9030938893062,4.08716265727733e-06,2.47796887842308e-08,0.989853053274394,392,6946,1,"2","diploid","female"
"1176","0","0","0","0",0.502340376377106,2799.689453125,"map_6946_1_3",5,70,300,20,5,1.78357166505737,0.1,8.75530484826841,0.142936004023741,1.44990157296601,10,0.2,1,9.8277323665314,22.9030938893062,0.0010517887700882,0.000665671439660937,0.272650806148378,392,6946,1,"3","diploid","female"
"1177","0","0","0","0",0.561710774898529,2817.70336914062,"map_7007_1_1",5,70,300,20,5,0,0.1,10.2393514845462,0.860683356242301,0.528462513542151,97,0.2,1,91.6218075915627,23.2407482227482,0.0109072978637484,0.0493102393108589,0.153261896561362,393,7007,1,"1","diploid","female"
"1178","0","0","0","0",0.561710774898529,2817.70336914062,"map_7007_1_2",5,70,300,20,5,0,0.1,6.86414028982914,0.00154928407194331,0.22003615197277,7,0.2,1,91.6218075915627,23.2407482227482,7.67636273897148e-06,8.24324225762397e-06,0.871721665525378,393,7007,1,"2","diploid","female"
"1179","0","0","0","0",0.561710774898529,2817.70336914062,"map_7007_1_3",5,70,300,20,5,2.48194783383384,0.1,13.906180849588,0.193617094764781,1.67855060104438,28,0.2,1,91.6218075915627,23.2407482227482,0.00447395455587969,0.0177510545802268,0.316345244731253,393,7007,1,"3","diploid","female"
"1180","0","0","0","0",0.703229188919067,2922.77587890625,"map_7019_1_1",5,70,300,20,5,6.84744850850077,0.1,8.85644891031603,0.380702657385062,3.84624883508416,5,0.2,1,26.0706933162042,22.6588722748614,0.00276241035932604,0.0019001591493162,0.452579953739813,394,7019,1,"1","diploid","female"
"1181","0","0","0","0",0.703229188919067,2922.77587890625,"map_7019_1_2",5,70,300,20,5,7.17372226485774,0.1,7.39898144334135,0.443419726328124,3.17358292567946,3,0.2,1,26.0706933162042,22.6588722748614,0.00209808070274143,0.000289900482196494,1.32031448369762,394,7019,1,"2","diploid","female"
"1182","0","0","0","0",0.703229188919067,2922.77587890625,"map_7019_1_3",5,70,300,20,5,6.06097220556593,0.1,7.31883440634996,0.294823353097735,5.60795159850091,3,0.2,1,26.0706933162042,22.6588722748614,0.0015884776102253,0.00120604009113179,0.529676207435285,394,7019,1,"3","diploid","female"
"1183","0","0","0","0",0.268339335918427,2886.24194335938,"map_7020_1_1",5,70,300,20,5,4.74694119231376,0.1,9.28287898369054,0.348140611177353,2.78613613027112,10,0.2,1,25.1294591812002,22.6432744234239,0.00299687986048892,0.00262033756121611,0.395323163384194,395,7020,1,"1","diploid","female"
"1184","0","0","0","0",0.268339335918427,2886.24194335938,"map_7020_1_2",5,70,300,20,5,4.91402671647418,0.1,6.65753831757671,0.448965691976618,2.57976996820727,8,0.2,1,25.1294591812002,22.6432744234239,0.00175983369653634,0.000543161012493929,1.71086908968561,395,7020,1,"2","diploid","female"
"1185","0","0","0","0",0.268339335918427,2886.24194335938,"map_7020_1_3",5,70,300,20,5,4.24605692359683,0.1,7.96444540982176,0.152050292445633,3.36583499310683,6,0.2,1,25.1294591812002,22.6432744234239,0.000892249194547746,0.000390299996792103,0.574852468804157,395,7020,1,"3","diploid","female"
"1186","0","0","0","0",0.00658190483227372,3022.650390625,"map_7032_1_1",5,70,300,20,5,5.06752415925123,0.1,9.11200088632379,0.12955227924625,4.50509887218733,16,0.2,1,59.6081901974852,22.6363970924453,0.00117986818619572,0.00188431636530662,0.296134790668475,396,7032,1,"1","diploid","female"
"1187","0","0","0","0",0.00658190483227372,3022.650390625,"map_7032_1_2",5,70,300,20,5,5.97637759893903,0.1,8.54528558117238,0.121430866269909,5.51203570069173,11,0.2,1,59.6081901974852,22.6363970924453,0.000943907897227908,0.00123605973207326,0.500076686539135,396,7032,1,"2","diploid","female"
"1188","0","0","0","0",0.00658190483227372,3022.650390625,"map_7032_1_3",5,70,300,20,5,5.65808442715254,0.1,8.23269232401842,0.123434082724344,4.58848211358888,14,0.2,1,59.6081901974852,22.6363970924453,0.000852726408300939,0.000725341917478478,0.39680345730297,396,7032,1,"3","diploid","female"
"1189","0","0","0","0",0.520132839679718,2790.21850585938,"map_7112_1_1",5,70,300,20,5,0,0.1,33.6467999478551,0.292539466169721,1.08587194958,74,0.2,1,90.0588753517482,23.1609319558043,0.0270317571823175,0.222940711153665,0.0856422412709905,397,7112,1,"1","diploid","female"
"1190","0","0","0","0",0.520132839679718,2790.21850585938,"map_7112_1_2",5,70,300,20,5,0,0.1,16.852951093763,3.1404766834571e-06,2.09809339089783e-05,19,0.2,1,90.0588753517482,23.1609319558043,7.23422582772865e-08,5.28963662117667e-09,0.919026392428662,397,7112,1,"2","diploid","female"
"1191","0","0","0","0",0.520132839679718,2790.21850585938,"map_7112_1_3",5,70,300,20,5,0,0.1,10.2003814753546,0.0866626950940882,0.627847298336208,64,0.2,1,90.0588753517482,23.1609319558043,0.00116317235919904,0.00366214955143754,0.133827601366996,397,7112,1,"3","diploid","female"
"1192","0","0","0","0",0.113953143358231,2906.2021484375,"map_7124_1_1",5,70,300,20,5,3.30088447545674,0.1,9.61877197141845,0.126205228025431,4.20339500135893,34,0.2,1,25.6291051685216,22.6814095443269,0.00123569634721018,0.00207910839136179,0.323723407686894,398,7124,1,"1","diploid","female"
"1193","0","0","0","0",0.113953143358231,2906.2021484375,"map_7124_1_2",5,70,300,20,5,4.89634131982531,0.1,9.18112679309749,0.100540371908155,4.56789532756607,33,0.2,1,25.6291051685216,22.6814095443269,0.000799730303081604,0.00063697659167798,0.628244127547327,398,7124,1,"2","diploid","female"
"1194","0","0","0","0",0.113953143358231,2906.2021484375,"map_7124_1_3",5,70,300,20,5,2.86182496675728,0.1,8.00904811385905,0.106277131762182,3.44431572266711,154,0.2,1,25.6291051685216,22.6814095443269,0.000632434765494562,0.000147984268858668,0.433484144445338,398,7124,1,"3","diploid","female"
"1195","0","0","0","0",-0.349858462810516,3008.82250976562,"map_7136_1_1",5,70,300,20,5,3.92661795773076,0.1,10.487402875654,0.224034177655346,2.60029254450914,33,0.2,1,60.9653057434234,22.5963671949351,0.00254718159427942,0.00434906414879803,0.287444646929922,399,7136,1,"1","diploid","female"
"1196","0","0","0","0",-0.349858462810516,3008.82250976562,"map_7136_1_2",5,70,300,20,5,4.63245731294602,0.1,11.7776719477509,0.391184410117473,0.644013289711673,58,0.2,1,60.9653057434234,22.5963671949351,0.00509979950279947,0.00406996728761479,0.291036186561206,399,7136,1,"2","diploid","female"
"1197","0","0","0","0",-0.349858462810516,3008.82250976562,"map_7136_1_3",5,70,300,20,5,4.80817209221825,0.1,7.86682990979443,0.0827700006563872,3.75790791657514,40,0.2,1,60.9653057434234,22.5963671949351,0.000455894673236796,9.15373388388014e-05,0.637253043070377,399,7136,1,"3","diploid","female"
"1198","0","0","0","0",-0.0976355597376823,2880.83349609375,"map_7154_1_1",5,70,300,20,5,2.5741649900845,0.1,8.78861570252026,0.235935489045275,2.95553024712505,9,0.2,1,9.02015110969147,22.9427627571925,0.00211270664923065,0.00382576222375622,0.268540424710994,400,7154,1,"1","diploid","female"
"1199","0","0","0","0",-0.0976355597376823,2880.83349609375,"map_7154_1_2",5,70,300,20,5,3.91938103023493,0.1,7.21877318063584,0.27130897881375,3.27310314307749,5,0.2,1,9.02015110969147,22.9427627571925,0.00142168868760163,0.00113818126458332,0.484313786579429,400,7154,1,"2","diploid","female"
"1200","0","0","0","0",-0.0976355597376823,2880.83349609375,"map_7154_1_3",5,70,300,20,5,2.22140361238318,0.1,6.96825451933654,0.194160394801677,2.6902453324382,5,0.2,1,9.02015110969147,22.9427627571925,0.000827807545161965,8.3294975015002e-05,0.467889691338717,400,7154,1,"3","diploid","female"
"1201","0","0","0","0",0.213293075561523,2783.82641601562,"map_7155_1_1",5,70,300,20,5,1.66559786203496,0.1,17.478390040181,0.292592324818547,1.99392310758063,67,0.2,1,8.65355888464522,23.1938566945056,0.0103810750815021,0.0436600560698242,0.112225725691646,401,7155,1,"1","diploid","female"
"1202","0","0","0","0",0.213293075561523,2783.82641601562,"map_7155_1_2",5,70,300,20,5,3.92670273609725,0.1,7.45309332520013,0.000365035615385038,0.00313576375895245,19,0.2,1,8.65355888464522,23.1938566945056,1.66660065864288e-06,1.16825837609226e-08,0.579799209766963,401,7155,1,"2","diploid","female"
"1203","0","0","0","0",0.213293075561523,2783.82641601562,"map_7155_1_3",5,70,300,20,5,0.816228493906056,0.1,6.89517414897143,0.109731626715183,0.744491662178568,114,0.2,1,8.65355888464522,23.1938566945056,0.00046080363104959,2.29657875723608e-05,0.349762668178602,401,7155,1,"3","diploid","female"
"1204","0","0","0","0",-0.57151734828949,2855.20532226562,"map_7226_1_1",5,70,300,20,5,2.48252220287979,0.1,10.7185357205518,0.192366909992452,2.24242597291307,45,0.2,1,24.4095092917796,22.8946585692177,0.0026873231905756,0.00697660928472374,0.214439256512145,402,7226,1,"1","diploid","female"
"1205","0","0","0","0",-0.57151734828949,2855.20532226562,"map_7226_1_2",5,70,300,20,5,2.65314717529094,0.1,9.1755226043426,0.175092428013997,2.56014737355729,46,0.2,1,24.4095092917796,22.8946585692177,0.00167782297305893,0.00303762991558835,0.384062622411473,402,7226,1,"2","diploid","female"
"1206","0","0","0","0",-0.57151734828949,2855.20532226562,"map_7226_1_3",5,70,300,20,5,2.50976345150268,0.1,6.78726994386331,0.0982119216244017,1.91244291436284,32,0.2,1,24.4095092917796,22.8946585692177,0.000394050359795715,8.73342667011627e-06,0.541532310363361,402,7226,1,"3","diploid","female"
"1207","0","0","0","0",-0.10548435151577,2962.33666992188,"map_7239_1_1",5,70,300,20,5,1.73944582871305,0.1,12.4294073740765,0.119032701426903,3.04426701624716,26,0.2,1,17.0172642095144,22.5974681892268,0.00168350642885741,0.00114689354985195,0.390910289565728,403,7239,1,"1","diploid","female"
"1208","0","0","0","0",-0.10548435151577,2962.33666992188,"map_7239_1_2",5,70,300,20,5,5.10977685476491,0.1,10.6731361340896,0.314036566703631,1.23327923656847,40,0.2,1,17.0172642095144,22.5974681892268,0.00302458553946052,0.000373171244798307,0.378190977053101,403,7239,1,"2","diploid","female"
"1209","0","0","0","0",-0.10548435151577,2962.33666992188,"map_7239_1_3",5,70,300,20,5,1.66554761157236,0.1,9.36730174121029,0.0813250610474218,3.66898753146943,115,0.2,1,17.0172642095144,22.5974681892268,0.000620200810878305,9.04621370791949e-05,0.709658250473002,403,7239,1,"3","diploid","female"
"1210","0","0","0","0",0.263514459133148,3001.1533203125,"map_7240_1_1",5,70,300,20,5,5.38908569684294,0.1,11.6858228319583,0.16458916018679,5.13141537979884,12,0.2,1,61.5838995328377,22.6070827830537,0.00253195034190496,0.00698436886453789,0.22872191668578,404,7240,1,"1","diploid","female"
"1211","0","0","0","0",0.263514459133148,3001.1533203125,"map_7240_1_2",5,70,300,20,5,9.23450541345816,0.1,13.1831473014792,0.251365033885895,2.81444110165814,10,0.2,1,61.5838995328377,22.6070827830537,0.00408958519877487,0.00403417461383108,0.389719094818685,404,7240,1,"2","diploid","female"
"1212","0","0","0","0",0.263514459133148,3001.1533203125,"map_7240_1_3",5,70,300,20,5,4.45636111228941,0.1,9.584691736714,0.153722550693248,5.3912492189363,12,0.2,1,61.5838995328377,22.6070827830537,0.00152129413179614,0.0029630691112881,0.317615794268374,404,7240,1,"3","diploid","female"
"1213","0","0","0","0",-0.118819072842598,3065.33813476562,"map_7241_1_1",5,70,300,20,5,3.34973382577879,0.1,8.03040316109982,0.105855153430797,5.55458983248587,22,0.2,1,59.7007776779986,21.0935291298732,0.000652653412894615,0.000329942472773468,0.404997805849385,405,7241,1,"1","diploid","female"
"1214","0","0","0","0",-0.118819072842598,3065.33813476562,"map_7241_1_2",5,70,300,20,5,7.38838974001438,0.1,10.0323669765557,0.167612889013496,4.53475447272151,27,0.2,1,59.7007776779986,21.0935291298732,0.00175778534051625,0.00218097456517844,0.403980171490971,405,7241,1,"2","diploid","female"
"1215","0","0","0","0",-0.118819072842598,3065.33813476562,"map_7241_1_3",5,70,300,20,5,3.05276325021079,0.1,7.63367033419896,0.0675094288482228,4.6291187562008,108,0.2,1,59.7007776779986,21.0935291298732,0.00035771103677487,6.51027516141389e-05,0.482531000793327,405,7241,1,"3","diploid","female"
"1216","0","0","0","0",0.319468706846237,2893.60375976562,"map_7258_1_1",5,70,300,20,5,2.66508743787797,0.1,8.23590462848264,0.192689899569876,4.0180401214533,16,0.2,1,7.69309925997128,22.6433440722765,0.0013494198562215,0.00161394639667945,0.359760029633072,406,7258,1,"1","diploid","female"
"1217","0","0","0","0",0.319468706846237,2893.60375976562,"map_7258_1_2",5,70,300,20,5,5.58468506386264,0.1,6.74943498325735,0.350146380496671,3.6277915101082,18,0.2,1,7.69309925997128,22.6433440722765,0.00145725887332924,0.000373039989134744,0.616031328434402,406,7258,1,"2","diploid","female"
"1218","0","0","0","0",0.319468706846237,2893.60375976562,"map_7258_1_3",5,70,300,20,5,2.15993290953243,0.1,7.80801110956579,0.0840174357667217,3.44312552663683,27,0.2,1,7.69309925997128,22.6433440722765,0.000483431496096178,0.000174319356537348,0.520198812931485,406,7258,1,"3","diploid","female"
"1219","0","0","0","0",0.181136384606361,2802.94482421875,"map_7259_1_1",5,70,300,20,5,1.67627572672475,0.1,13.3137533858352,0.284659434810493,2.21899526674972,39,0.2,1,8.36936958653982,23.2838257866708,0.00608902000295075,0.0235895537219335,0.153064201248561,407,7259,1,"1","diploid","female"
"1220","0","0","0","0",0.181136384606361,2802.94482421875,"map_7259_1_2",5,70,300,20,5,4.128679941172,0.1,6.56258663240905,0.0299366231566453,1.58708496376432,11,0.2,1,8.36936958653982,23.2838257866708,0.000115307365345597,8.14764605938448e-07,0.866026195906835,407,7259,1,"2","diploid","female"
"1221","0","0","0","0",0.181136384606361,2802.94482421875,"map_7259_1_3",5,70,300,20,5,0.916212009057275,0.1,7.26903871105324,0.139599893048945,1.51744858774266,39,0.2,1,8.36936958653982,23.2838257866708,0.000703247468161056,0.00021901669740548,0.476980001018413,407,7259,1,"3","diploid","female"
"1222","0","0","0","0",-0.456278055906296,2925.91333007812,"map_7342_1_1",5,70,300,20,5,3.23962144503728,0.1,8.43558767433546,0.106740269755814,2.7610831113286,8,0.2,1,9.72447036226525,22.5975003057672,0.000767056976415385,0.000514552888143142,0.461279403466328,408,7342,1,"1","diploid","female"
"1223","0","0","0","0",-0.456278055906296,2925.91333007812,"map_7342_1_2",5,70,300,20,5,3.34790038163487,0.1,11.0564351242691,0.111592249308769,2.86334834270972,6,0.2,1,9.72447036226525,22.5975003057672,0.00129955864011666,0.00130141866300122,0.583139564231297,408,7342,1,"2","diploid","female"
"1224","0","0","0","0",-0.456278055906296,2925.91333007812,"map_7342_1_3",5,70,300,20,5,3.99548559271664,0.1,6.8339168954751,0.0833625878894527,2.49643042547093,5,0.2,1,9.72447036226525,22.5975003057672,0.000349728898520359,5.32280581265042e-06,0.607887388701941,408,7342,1,"3","diploid","female"
"1225","0","0","0","0",-0.419420510530472,2963.68798828125,"map_7343_1_1",5,70,300,20,5,2.28042324130009,0.1,8.00146684201208,0.113543567846319,2.70088854714085,25,0.2,1,9.45885302128883,22.5923629583314,0.000662525857677253,0.000199508684216467,0.39562328146561,409,7343,1,"1","diploid","female"
"1226","0","0","0","0",-0.419420510530472,2963.68798828125,"map_7343_1_2",5,70,300,20,5,3.62853965147341,0.1,8.81572736645559,0.118308913454294,2.48043445714145,27,0.2,1,9.45885302128883,22.5923629583314,0.000823908499022598,0.00021479202164027,0.476823717200956,409,7343,1,"2","diploid","female"
"1227","0","0","0","0",-0.419420510530472,2963.68798828125,"map_7343_1_3",5,70,300,20,5,2.59898259525782,0.1,7.15753691075461,0.0338516406196845,2.84077739619169,97,0.2,1,9.45885302128883,22.5923629583314,0.000146664952880429,1.05915506276978e-06,0.678721689988525,409,7343,1,"3","diploid","female"
"1228","0","0","0","0",-0.227719068527222,3005.44458007812,"map_7344_1_1",5,70,300,20,5,4.16610706824994,0.1,9.67376660575896,0.102002669225327,3.7267052464564,27,0.2,1,34.9067039085781,22.5977251194376,0.000933368123669707,0.00110579854284588,0.38155868617054,410,7344,1,"1","diploid","female"
"1229","0","0","0","0",-0.227719068527222,3005.44458007812,"map_7344_1_2",5,70,300,20,5,4.74630069015758,0.1,9.63812286928579,0.130671797086719,4.21060839103401,28,0.2,1,34.9067039085781,22.5977251194376,0.00109395173077731,0.000708900517409732,0.590160393360118,410,7344,1,"2","diploid","female"
"1230","0","0","0","0",-0.227719068527222,3005.44458007812,"map_7344_1_3",5,70,300,20,5,5.23782419801284,0.1,8.13757380314483,0.0743069744490814,3.78624821070083,112,0.2,1,34.9067039085781,22.5977251194376,0.000425857349557633,2.91834960591397e-05,0.560650445675529,410,7344,1,"3","diploid","female"
"1231","0","0","0","0",-0.152656435966492,3059.2724609375,"map_7345_1_1",5,70,300,20,5,2.60268876681026,0.1,6.81304320169439,0.16896295404656,4.77305525101212,5,0.2,1,37.4921294850764,21.0657184322015,0.000687327490007718,5.5380937053315e-05,0.439593100975309,411,7345,1,"1","diploid","female"
"1232","0","0","0","0",-0.152656435966492,3059.2724609375,"map_7345_1_2",5,70,300,20,5,5.58599789025874,0.1,7.36274661018381,0.266238461068626,3.92733166336694,5,0.2,1,37.4921294850764,21.0657184322015,0.00135066441530196,0.000507594760209973,0.460699605342226,411,7345,1,"2","diploid","female"
"1233","0","0","0","0",-0.152656435966492,3059.2724609375,"map_7345_1_3",5,70,300,20,5,2.55528998988318,0.1,6.82530372734415,0.0890965169532224,4.07910337492305,4,0.2,1,37.4921294850764,21.0657184322015,0.000357001940820802,1.05650765218375e-05,0.533947861368427,411,7345,1,"3","diploid","female"
"1234","0","0","0","0",0.401717782020569,2917.31005859375,"map_7362_1_1",5,70,300,20,5,2.29852826114899,0.1,6.85808581709296,0.273122952403673,4.90122884580787,7,0.2,1,9.39665624255506,22.6059298742385,0.00131116353642847,0.000895293588535021,0.449416838540079,412,7362,1,"1","diploid","female"
"1235","0","0","0","0",0.401717782020569,2917.31005859375,"map_7362_1_2",5,70,300,20,5,6.35511809536774,0.1,6.31856126897527,0.42991132828535,4.12929699031919,5,0.2,1,9.39665624255506,22.6059298742385,0.0015065200378477,0.000212311999230235,0.689838296106358,412,7362,1,"2","diploid","female"
"1236","0","0","0","0",0.401717782020569,2917.31005859375,"map_7362_1_3",5,70,300,20,5,1.76140665225647,0.1,6.01945986622608,0.231731372447042,4.17794889531504,5,0.2,1,9.39665624255506,22.6059298742385,0.000759208019140423,0.000133429911404806,0.598623942022627,412,7362,1,"3","diploid","female"
"1237","0","0","0","0",-0.622573792934418,2886.09912109375,"map_7446_1_1",5,70,300,20,5,2.74664368467118,0.1,12.8016841892247,0.111127827716936,2.03744585054721,9,0.2,1,9.23882143226672,22.5748890024483,0.00187062993800905,0.00298855025169106,0.409763809353852,413,7446,1,"1","diploid","female"
"1238","0","0","0","0",-0.622573792934418,2886.09912109375,"map_7446_1_2",5,70,300,20,5,2.70741571881123,0.1,14.0067417316901,0.214802081832734,1.24331886223506,11,0.2,1,9.23882143226672,22.5748890024483,0.00402726214162614,0.00789268932308866,0.420924613101209,413,7446,1,"2","diploid","female"
"1239","0","0","0","0",-0.622573792934418,2886.09912109375,"map_7446_1_3",5,70,300,20,5,3.17808508617555,0.1,6.94989874081148,0.0551395398727761,1.85783214768691,7,0.2,1,9.23882143226672,22.5748890024483,0.000233701167903707,3.29447290716791e-06,0.747859460407371,413,7446,1,"3","diploid","female"
"1240","0","0","0","0",-0.675151586532593,2929.10180664062,"map_7447_1_1",5,70,300,20,5,2.79869986955545,0.1,8.82722348413489,0.161514595039675,2.31258894896665,9,0.2,1,8.96399979892363,22.6230119259518,0.00125095136074803,0.00110250136175455,0.303739575668361,414,7447,1,"1","diploid","female"
"1241","0","0","0","0",-0.675151586532593,2929.10180664062,"map_7447_1_2",5,70,300,20,5,2.93199820739231,0.1,9.12010143676711,0.297573785157447,1.75876602371995,10,0.2,1,8.96399979892363,22.6230119259518,0.00252514515457889,0.00204792866975421,0.361642429148946,414,7447,1,"2","diploid","female"
"1242","0","0","0","0",-0.675151586532593,2929.10180664062,"map_7447_1_3",5,70,300,20,5,3.69162820630237,0.1,6.68023082211255,0.0856623193584434,2.29178803347829,5,0.2,1,8.96399979892363,22.6230119259518,0.000320777736601853,5.17100838453335e-07,0.659632713232207,414,7447,1,"3","diploid","female"
"1243","0","0","0","0",-0.327683120965958,2978.15502929688,"map_7448_1_1",5,70,300,20,5,2.63553910386916,0.1,6.04922154321495,0.231786105683638,4.11961802845633,3,0.2,1,35.4592337172689,21.0636143816402,0.000793369956153016,0.000193521468321414,0.528431939524098,415,7448,1,"1","diploid","female"
"1244","0","0","0","0",-0.327683120965958,2978.15502929688,"map_7448_1_2",5,70,300,20,5,3.93353082387124,0.1,7.41373786879385,0.418050085316128,3.70525770692709,4,0.2,1,35.4592337172689,21.0636143816402,0.00312282803144743,0.00928073119595273,0.481187707311343,415,7448,1,"2","diploid","female"
"1245","0","0","0","0",-0.327683120965958,2978.15502929688,"map_7448_1_3",5,70,300,20,5,2.99974065691277,0.1,5.92922466292028,0.117127929136655,2.84432340022528,2,0.2,1,35.4592337172689,21.0636143816402,0.000365402665716129,5.74332669085255e-06,0.615434096942649,415,7448,1,"3","diploid","female"
"1246","0","0","0","0",-0.175748720765114,3046.1513671875,"map_7449_1_1",5,70,300,20,5,5.91480811845218,0.1,7.96008745721897,0.0873644846841813,4.84760952465306,6,0.2,1,35.5386411589246,21.0568292159443,0.00052903244884663,0.000106162841076072,0.396998636545923,416,7449,1,"1","diploid","female"
"1247","0","0","0","0",-0.175748720765114,3046.1513671875,"map_7449_1_2",5,70,300,20,5,4.56940766935883,0.1,11.674619813995,0.169606312321185,3.2662163569487,7,0.2,1,35.5386411589246,21.0568292159443,0.00212460467300109,0.00191137169886496,0.4341401896962,416,7449,1,"2","diploid","female"
"1248","0","0","0","0",-0.175748720765114,3046.1513671875,"map_7449_1_3",5,70,300,20,5,7.2509419455945,0.1,7.45346573445133,0.0504455927991763,3.61521916412974,6,0.2,1,35.5386411589246,21.0568292159443,0.000256062994068597,1.34903472990258e-05,0.389597245635366,416,7449,1,"3","diploid","female"
"1249","0","0","0","0",-0.115989916026592,3127.62475585938,"map_7450_1_1",5,70,300,20,5,2.74500298972581,0.1,7.36319077937707,0.168600183926159,5.38108769098418,12,0.2,1,39.1654043308524,21.071268852631,0.00082398760550129,7.10612508151564e-05,0.397400332649421,417,7450,1,"1","diploid","female"
"1250","0","0","0","0",-0.115989916026592,3127.62475585938,"map_7450_1_2",5,70,300,20,5,6.25220928613901,0.1,7.22209596669183,0.297827409333209,3.34342006925602,12,0.2,1,39.1654043308524,21.071268852631,0.0013806201023032,0.000100273359374803,0.362608032897654,417,7450,1,"2","diploid","female"
"1251","0","0","0","0",-0.115989916026592,3127.62475585938,"map_7450_1_3",5,70,300,20,5,2.44253407679244,0.1,6.5521046334398,0.0872923920806468,4.50170449219948,12,0.2,1,39.1654043308524,21.071268852631,0.00031669630755293,3.1557074710828e-06,0.622714478586894,417,7450,1,"3","diploid","female"
"1252","0","0","0","0",-0.00405535567551851,2933.82006835938,"map_7466_1_1",5,70,300,20,5,4.33211721576465,0.1,6.65299095389797,0.287952470373035,3.77241445605502,10,0.2,1,8.90060480304087,22.6120982101457,0.00136494974229036,0.000656304861101028,0.487888662513843,418,7466,1,"1","diploid","female"
"1253","0","0","0","0",-0.00405535567551851,2933.82006835938,"map_7466_1_2",5,70,300,20,5,4.6401856440422,0.1,5.68868348204896,0.529528187808998,4.10980085146748,7,0.2,1,8.90060480304087,22.6120982101457,0.00155775823540751,0.000268551092816274,0.785252853945603,418,7466,1,"2","diploid","female"
"1254","0","0","0","0",-0.00405535567551851,2933.82006835938,"map_7466_1_3",5,70,300,20,5,4.78423779404792,0.1,6.22904169915406,0.26413104881939,3.65969603989834,6,0.2,1,8.90060480304087,22.6120982101457,0.00095408335461907,5.81486057601383e-05,0.587224030345139,418,7466,1,"3","diploid","female"
"1255","0","0","0","0",-0.445549845695496,2891.02026367188,"map_7551_1_1",5,70,300,20,5,3.1219773742795,0.1,9.93915720539823,0.124766383371172,2.58717058597156,16,0.2,1,9.45384240031638,22.5890318510408,0.00127244210311335,0.00175682721019361,0.338415030841747,419,7551,1,"1","diploid","female"
"1256","0","0","0","0",-0.445549845695496,2891.02026367188,"map_7551_1_2",5,70,300,20,5,3.07521318952189,0.1,10.5146998522721,0.144625419428075,2.67621877272943,16,0.2,1,9.45384240031638,22.5890318510408,0.00173829495305877,0.00352666880795689,0.500743870287967,419,7551,1,"2","diploid","female"
"1257","0","0","0","0",-0.445549845695496,2891.02026367188,"map_7551_1_3",5,70,300,20,5,3.49475494634578,0.1,7.07379814634601,0.0606270727241958,2.14639661213222,19,0.2,1,9.45384240031638,22.5890318510408,0.000261674090066597,5.49854969141878e-06,0.703172814301776,419,7551,1,"3","diploid","female"
"1258","0","0","0","0",-0.237847939133644,2959.94506835938,"map_7552_1_1",5,70,300,20,5,5.27627528048115,0.1,8.02100658299429,0.109755552605383,4.04429712791291,6,0.2,1,35.0630679225605,21.0990075146241,0.000642799733348159,0.000226074731374357,0.386676727509011,420,7552,1,"1","diploid","female"
"1259","0","0","0","0",-0.237847939133644,2959.94506835938,"map_7552_1_2",5,70,300,20,5,3.71034361958917,0.1,11.0370237534461,0.195333167242969,2.98111320176927,9,0.2,1,35.0630679225605,21.0990075146241,0.00283874242156687,0.00892218078139108,0.28274723591929,420,7552,1,"2","diploid","female"
"1260","0","0","0","0",-0.237847939133644,2959.94506835938,"map_7552_1_3",5,70,300,20,5,6.21764404952027,0.1,7.59758215915797,0.0408840234870034,3.01857626090818,6,0.2,1,35.0630679225605,21.0990075146241,0.000201797084982322,4.81126673518371e-06,0.544793707819439,420,7552,1,"3","diploid","female"
"1261","0","0","0","0",0.102394387125969,2956.06811523438,"map_7570_1_1",5,70,300,20,5,4.77573040514094,0.1,9.9492693509655,0.134680115236856,3.60444184409826,28,0.2,1,9.50710774300948,22.5971956622693,0.00120118827037239,0.00026204869144225,0.496940123310961,421,7570,1,"1","diploid","female"
"1262","0","0","0","0",0.102394387125969,2956.06811523438,"map_7570_1_2",5,70,300,20,5,5.23766006603209,0.1,9.74163190820793,0.227820886350327,2.32211496445249,23,0.2,1,9.50710774300948,22.5971956622693,0.00181043713321803,0.00014152849637112,0.567846044038168,421,7570,1,"2","diploid","female"
"1263","0","0","0","0",0.102394387125969,2956.06811523438,"map_7570_1_3",5,70,300,20,5,5.3447064477321,0.1,7.5108622738794,0.115958983974688,4.04388579266163,107,0.2,1,9.50710774300948,22.5971956622693,0.000579654556336329,4.26958857654198e-05,0.448816485725087,421,7570,1,"3","diploid","female"
"1264","0","0","0","0",0.0758097767829895,2760.29296875,"map_7572_1_1",5,70,300,20,5,0,0.1,11.5928100338422,0.212976126871061,1.24823982286258,15,0.2,1,8.83464979382844,23.2848235623517,0.00350297583122346,0.0113082864019867,0.174689577702021,422,7572,1,"1","diploid","female"
"1265","0","0","0","0",0.0758097767829895,2760.29296875,"map_7572_1_2",5,70,300,20,5,0,0.1,50.657999371416,2.83551361833912e-16,0,4,0.2,1,8.83464979382844,23.2848235623517,5.71600484622669e-17,2.83551361833912e-16,0.315401641770252,422,7572,1,"2","diploid","female"
"1266","0","0","0","0",0.0758097767829895,2760.29296875,"map_7572_1_3",5,70,300,20,5,0.865639316443429,0.1,8.24750082022853,0.0346967193394236,0.17873049620118,5,0.2,1,8.83464979382844,23.2848235623517,0.000216505931221032,2.0508342170043e-05,0.655342152412263,422,7572,1,"3","diploid","female"
"1267","0","0","0","0",-0.587381541728973,2858.2685546875,"map_7655_1_1",5,70,300,20,5,1.30036779267589,0.1,12.2568776909666,0.172503152956666,1.84367580955793,44,0.2,1,8.73198629186745,23.1553230264522,0.00297715149042742,0.0090687665196499,0.271794659616382,423,7655,1,"1","diploid","female"
"1268","0","0","0","0",-0.587381541728973,2858.2685546875,"map_7655_1_2",5,70,300,20,5,2.94099534257802,0.1,11.1036221388013,0.180640706230596,1.80020721372072,43,0.2,1,8.73198629186745,23.1553230264522,0.00223541656463929,0.00383086937627363,0.442316980179152,423,7655,1,"2","diploid","female"
"1269","0","0","0","0",-0.587381541728973,2858.2685546875,"map_7655_1_3",5,70,300,20,5,1.21659172171943,0.1,7.87009988687088,0.082312297753739,1.87490233512778,96,0.2,1,8.73198629186745,23.1553230264522,0.000435745526938579,2.71066393955422e-06,0.651295674117575,423,7655,1,"3","diploid","female"
"1270","0","0","0","0",-0.332930892705917,2923.0244140625,"map_7656_1_1",5,70,300,20,5,5.03957251775257,0.1,7.23095072188652,0.157525663326088,4.06204818944998,7,0.2,1,36.012689392432,20.6950836413986,0.000749319571859034,0.000295874106906897,0.392815464364918,424,7656,1,"1","diploid","female"
"1271","0","0","0","0",-0.332930892705917,2923.0244140625,"map_7656_1_2",5,70,300,20,5,3.09868467692141,0.1,10.0695343846983,0.314746697784752,2.23587237570411,15,0.2,1,36.012689392432,20.6950836413986,0.00405025593769211,0.0119082750156645,0.237400207694092,424,7656,1,"2","diploid","female"
"1272","0","0","0","0",-0.332930892705917,2923.0244140625,"map_7656_1_3",5,70,300,20,5,5.6438691675934,0.1,7.25094653782647,0.00974096501347511,1.20263900269845,5,0.2,1,36.012689392432,20.6950836413986,4.37000524243803e-05,7.34561167707128e-07,1.06798079528274,424,7656,1,"3","diploid","female"
"1273","0","0","0","0",-0.24688333272934,2998.6494140625,"map_7673_1_1",5,70,300,20,5,4.43623595612042,0.1,11.466575261637,0.120179967597643,3.24567906802707,21,0.2,1,58.4316224544943,22.3941069124545,0.00156896887772106,0.00197526987820711,0.377377814039504,425,7673,1,"1","diploid","female"
"1274","0","0","0","0",-0.24688333272934,2998.6494140625,"map_7673_1_2",5,70,300,20,5,5.03285085054647,0.1,9.69192978378349,0.568522484677202,0.635673160419378,85,0.2,1,58.4316224544943,22.3941069124545,0.00502982745227752,0.00464879232344609,0.276036496836948,425,7673,1,"2","diploid","female"
"1275","0","0","0","0",-0.24688333272934,2998.6494140625,"map_7673_1_3",5,70,300,20,5,5.13153251174442,0.1,8.11269042331378,0.0701782323732933,3.77969699712712,30,0.2,1,58.4316224544943,22.3941069124545,0.000417023464287323,8.34970740144838e-05,0.491240256038138,425,7673,1,"3","diploid","female"
"1276","0","0","0","0",-0.28179332613945,2955.81298828125,"map_7674_1_1",5,70,300,20,5,2.6248924018645,0.1,7.94863073974779,0.111386507938092,2.94466177106956,12,0.2,1,9.163716847603,22.3603051630233,0.000668530175758511,0.000218205284465013,0.450441040962266,426,7674,1,"1","diploid","female"
"1277","0","0","0","0",-0.28179332613945,2955.81298828125,"map_7674_1_2",5,70,300,20,5,3.98718702671214,0.1,7.51752400309784,0.197050592128785,2.96345009698819,15,0.2,1,9.163716847603,22.3603051630233,0.00104316902276289,0.000242903799666474,0.631235554592238,426,7674,1,"2","diploid","female"
"1278","0","0","0","0",-0.28179332613945,2955.81298828125,"map_7674_1_3",5,70,300,20,5,2.81781432327911,0.1,7.51751580105437,0.053470949790174,2.88005779924813,15,0.2,1,9.163716847603,22.3603051630233,0.000261439001238365,6.19538277809802e-06,0.53458687842061,426,7674,1,"3","diploid","female"
"1279","0","0","0","0",-0.0311179719865322,2763.06176757812,"map_7676_1_1",5,70,300,20,5,0,0.1,14.1766141724836,0.371437279748693,0.835728142926599,23,0.2,1,9.66793777372849,23.1997249810271,0.00892053405219721,0.033770962905345,0.18069357873426,427,7676,1,"1","diploid","female"
"1280","0","0","0","0",-0.0311179719865322,2763.06176757812,"map_7676_1_2",5,70,300,20,5,0,0.1,10.3406530341488,1.22652170058804e-06,8.46311173025044e-07,4,0.2,1,9.66793777372849,23.1997249810271,1.11147326301207e-08,5.37987872948134e-09,1.14195617077719,427,7676,1,"2","diploid","female"
"1281","0","0","0","0",-0.0311179719865322,2763.06176757812,"map_7676_1_3",5,70,300,20,5,0,0.1,5.97385159905573,0.180660976892398,0.298891315354926,6,0.2,1,9.66793777372849,23.1997249810271,0.00056981358736321,2.44323292504139e-05,0.564114359106406,427,7676,1,"3","diploid","female"
"1282","0","0","0","0",-0.207769855856895,2833.95922851562,"map_7759_1_1",5,70,300,20,5,3.00531123132153,0.1,15.8231781078668,0.304257501935185,1.41518891081156,18,0.2,1,3.9705898465335,23.1467527070579,0.00782180539762697,0.0207601492538676,0.186195046333779,428,7759,1,"1","diploid","female"
"1283","0","0","0","0",-0.207769855856895,2833.95922851562,"map_7759_1_2",5,70,300,20,5,3.1855997547194,0.1,6.66579522770169,1.00777433761765,1.73715581638845,70,0.2,1,3.9705898465335,23.1467527070579,0.00481102016758969,0.00894619724232532,0.924214833497668,428,7759,1,"2","diploid","female"
"1284","0","0","0","0",-0.207769855856895,2833.95922851562,"map_7759_1_3",5,70,300,20,5,2.56617251786533,0.1,6.47531516505019,0.115191130553056,1.41378250880399,8,0.2,1,3.9705898465335,23.1467527070579,0.000461321187609168,2.64926317224951e-05,0.447216965056877,428,7759,1,"3","diploid","female"
"1285","0","0","0","0",-0.338007837533951,2939.56616210938,"map_7778_1_1",5,70,300,20,5,1.48902314775463,0.1,8.68964559975565,0.329421188704918,1.87606958622166,42,0.2,1,9.37007816800495,22.3729851111225,0.00212411468249683,0.000564638025845834,0.637779164893026,429,7778,1,"1","diploid","female"
"1286","0","0","0","0",-0.338007837533951,2939.56616210938,"map_7778_1_2",5,70,300,20,5,4.08378212352522,0.1,7.33679876948971,0.661854862852186,0.977757060393017,71,0.2,1,9.37007816800495,22.3729851111225,0.0030832562166574,0.000778559798531017,1.16379266850169,429,7778,1,"2","diploid","female"
"1287","0","0","0","0",-0.338007837533951,2939.56616210938,"map_7778_1_3",5,70,300,20,5,1.46636057913196,0.1,6.97211151576118,0.0822809512227186,2.7363266849439,92,0.2,1,9.37007816800495,22.3729851111225,0.000351794036850815,4.73855214290114e-06,1.12646356380568,429,7778,1,"3","diploid","female"
"1288","0","0","0","0",-0.0184993930160999,2843.47412109375,"map_7779_1_1",5,70,300,20,5,3.33328852071903,0.1,11.4903069508231,0.235861525604402,2.5040064228462,48,0.2,1,9.68324194888142,23.1998800169986,0.00390827886430523,0.0157911260288917,0.203769456714713,430,7779,1,"1","diploid","female"
"1289","0","0","0","0",-0.0184993930160999,2843.47412109375,"map_7779_1_2",5,70,300,20,5,3.74536140120916,0.1,7.9049540588627,0.22280358039909,2.92988570462709,31,0.2,1,9.68324194888142,23.1998800169986,0.00141377625148287,0.00116289312264516,0.431463468522026,430,7779,1,"2","diploid","female"
"1290","0","0","0","0",-0.0184993930160999,2843.47412109375,"map_7779_1_3",5,70,300,20,5,2.77359664521923,0.1,7.87149742057712,0.115156467468477,2.19262388769995,103,0.2,1,9.68324194888142,23.1998800169986,0.000652326297333684,0.000149955327099053,0.434032735874801,430,7779,1,"3","diploid","female"
"1291","0","0","0","0",0.0785531774163246,2766.04858398438,"map_7780_1_1",5,70,300,20,5,0,0.1,17.4747754643084,0.245534747410694,1.2082099917153,44,0.2,1,9.18697266055401,23.2144415022131,0.00820258987954514,0.0313750057155053,0.154314096706905,431,7780,1,"1","diploid","female"
"1292","0","0","0","0",0.0785531774163246,2766.04858398438,"map_7780_1_2",5,70,300,20,5,0,0.1,5.05808060484917,3.54660217440626e-05,1.41334307689615e-05,12,0.2,1,9.18697266055401,23.2144415022131,7.31655073233909e-08,1.03490204014607e-09,1.79929686579176,431,7780,1,"2","diploid","female"
"1293","0","0","0","0",0.0785531774163246,2766.04858398438,"map_7780_1_3",5,70,300,20,5,0,0.1,8.01141928992202,0.0385884645353207,0.363444990215745,30,0.2,1,9.18697266055401,23.2144415022131,0.000222491069664132,1.06206092293374e-05,0.418443433311169,431,7780,1,"3","diploid","female"
"1294","0","0","0","0",0.207418069243431,2854.47290039062,"map_7883_1_1",5,70,300,20,5,3.95071655753533,0.1,8.8718218189303,0.318959241941627,3.24438928647021,13,0.2,1,12.8337237324033,23.2418235681646,0.00311404151642214,0.00698483992817777,0.191343090153651,432,7883,1,"1","diploid","female"
"1295","0","0","0","0",0.207418069243431,2854.47290039062,"map_7883_1_2",5,70,300,20,5,4.47124003025634,0.1,6.37761968821765,0.444419106234765,3.45942908423345,7,0.2,1,12.8337237324033,23.2418235681646,0.00170148459609822,0.00047940296765208,0.355509119320572,432,7883,1,"2","diploid","female"
"1296","0","0","0","0",0.207418069243431,2854.47290039062,"map_7883_1_3",5,70,300,20,5,3.22414710583863,0.1,6.36563436773288,0.313059937773207,2.81059240562584,8,0.2,1,12.8337237324033,23.2418235681646,0.00121455662914307,0.000469557080192129,0.385963924200586,432,7883,1,"3","diploid","female"
"1297","0","0","0","0",-0.556280076503754,3114.60791015625,"map_7935_1_1",5,70,300,20,5,0,0.1,16.8680834811955,0.329080601861183,3.36366082413568,212,0.2,1,196.169216422148,21.272579729623,0.0101966844139596,0.0324893418583659,0.188614997544632,433,7935,1,"1","diploid","female"
"1298","0","0","0","0",-0.556280076503754,3114.60791015625,"map_7935_1_2",5,70,300,20,5,19.8539849545015,0.1,20.4692945023672,0.543523616213409,2.00336404248655,292,0.2,1,196.169216422148,21.272579729623,0.0240507563556049,0.119280597512718,0.144170161992085,433,7935,1,"2","diploid","female"
"1299","0","0","0","0",-0.556280076503754,3114.60791015625,"map_7935_1_3",5,70,300,20,5,0,0.1,10.8470793426332,0.231331865345037,4.89562437464639,194,0.2,1,196.169216422148,21.272579729623,0.00285887236321756,0.00477482787925567,0.352029045325866,433,7935,1,"3","diploid","female"
"1300","0","0","0","0",-0.979458689689636,3119.40649414062,"map_7936_1_1",5,70,300,20,5,4.07045166693452,0.1,18.3367109445126,0.175956047314234,3.78277950733533,50,0.2,1,210.040138548791,21.2579274753135,0.00680014810739778,0.0326650398818828,0.164127101716291,434,7936,1,"1","diploid","female"
"1301","0","0","0","0",-0.979458689689636,3119.40649414062,"map_7936_1_2",5,70,300,20,5,4.38310817664829,0.1,19.3654521816225,0.423633173472392,1.4065264587505,149,0.2,1,210.040138548791,21.2579274753135,0.0154030610417189,0.0586660637910797,0.133363745417277,434,7936,1,"2","diploid","female"
"1302","0","0","0","0",-0.979458689689636,3119.40649414062,"map_7936_1_3",5,70,300,20,5,3.78063713791565,0.1,9.4021789288794,0.0755492092319741,2.83730022176261,138,0.2,1,210.040138548791,21.2579274753135,0.000782972863289716,0.00170010818036504,0.420916008742652,434,7936,1,"3","diploid","female"
"1303","0","0","0","0",0.252924978733063,2846.78369140625,"map_7948_1_1",5,70,300,20,5,0,0.1,15.9238650229934,0.308276192252831,2.08749395592066,15,0.2,1,76.3828204430615,22.9325996834046,0.00967093548289713,0.053872247569069,0.120674465555106,435,7948,1,"1","diploid","female"
"1304","0","0","0","0",0.252924978733063,2846.78369140625,"map_7948_1_2",5,70,300,20,5,0,0.1,12.8514869678082,0.426401133997301,3.33967674867435,9,0.2,1,76.3828204430615,22.9325996834046,0.00952988641610349,0.0413735204658519,0.160564613767206,435,7948,1,"2","diploid","female"
"1305","0","0","0","0",0.252924978733063,2846.78369140625,"map_7948_1_3",5,70,300,20,5,3.55494068939518,0.1,11.629258016748,0.260099393277198,2.09473173649633,8,0.2,1,76.3828204430615,22.9325996834046,0.00411709174756464,0.0128556085530642,0.202761413298502,435,7948,1,"3","diploid","female"
"1306","0","0","0","0",0.545628726482391,2773.4130859375,"map_7949_1_1",5,70,300,20,5,0,0.1,15.7884288467093,0.253218542663791,1.15868440436981,75,0.2,1,77.8118819731018,22.912478963402,0.0067476163193161,0.0178216244214226,0.107733282376817,436,7949,1,"1","diploid","female"
"1307","0","0","0","0",0.545628726482391,2773.4130859375,"map_7949_1_2",5,70,300,20,5,0,0.1,50.7130578128992,1.23079185075073e-14,0,20,0.2,1,77.8118819731018,22.912478963402,2.48651402159734e-15,1.23079185075073e-14,0.302534178655865,436,7949,1,"2","diploid","female"
"1308","0","0","0","0",0.545628726482391,2773.4130859375,"map_7949_1_3",5,70,300,20,5,0,0.1,13.9488336741359,0.078221722486603,0.29120331052293,131,0.2,1,77.8118819731018,22.912478963402,0.00163271432654754,0.00360509811482311,0.122875700814208,436,7949,1,"3","diploid","female"
"1309","0","0","0","0",-0.0963422134518623,2954.45141601562,"map_7986_1_1",5,70,300,20,5,3.01456112028054,0.1,6.48337052832795,0.517348505184005,3.16879073696224,29,0.2,1,11.561352915344,22.3528001707126,0.0019341467619115,0.000758068066901949,0.998037808788349,437,7986,1,"1","diploid","female"
"1310","0","0","0","0",-0.0963422134518623,2954.45141601562,"map_7986_1_2",5,70,300,20,5,4.54271453959375,0.1,5.40102041575948,1.4602993240109,3.28951264857125,14,0.2,1,11.561352915344,22.3528001707126,0.00364025906356507,0.00122298304703806,1.68830525982179,437,7986,1,"2","diploid","female"
"1311","0","0","0","0",-0.0963422134518623,2954.45141601562,"map_7986_1_3",5,70,300,20,5,3.05370246992294,0.1,6.52311785175678,0.0980767644483116,3.02155691515034,20,0.2,1,11.561352915344,22.3528001707126,0.000352425715564908,1.60611155979286e-05,0.973962518880024,437,7986,1,"3","diploid","female"
"1312","0","0","0","0",-0.0488034151494503,2862.42529296875,"map_7987_1_1",5,70,300,20,5,2.49522100012325,0.1,9.57901577683206,0.408872475442997,1.78566560429442,31,0.2,1,12.6100975553756,23.2205666471293,0.0040629583724245,0.0101841631074592,0.447613898167745,438,7987,1,"1","diploid","female"
"1313","0","0","0","0",-0.0488034151494503,2862.42529296875,"map_7987_1_2",5,70,300,20,5,3.9583928179956,0.1,6.66590593112764,0.968584982837748,1.32145776928459,85,0.2,1,12.6100975553756,23.2205666471293,0.00391275473614787,0.00324035736249536,0.932609600533055,438,7987,1,"2","diploid","female"
"1314","0","0","0","0",-0.0488034151494503,2862.42529296875,"map_7987_1_3",5,70,300,20,5,1.9879942502353,0.1,8.21868526201312,0.143978725288882,2.45734811750073,14,0.2,1,12.6100975553756,23.2205666471293,0.000856481569392988,0.000216128957440625,0.601896203120587,438,7987,1,"3","diploid","female"
"1315","0","0","0","0",-0.787878811359406,3053.568359375,"map_8041_1_1",5,70,300,20,5,4.12181426801528,0.1,15.472234989847,0.249808432445276,3.35448236671199,166,0.2,1,203.739392099982,21.7841756552425,0.00711274381809216,0.0284172464349328,0.238137791108776,439,8041,1,"1","diploid","female"
"1316","0","0","0","0",-0.787878811359406,3053.568359375,"map_8041_1_2",5,70,300,20,5,4.74564717596068,0.1,14.2384496938283,0.630437191473503,1.45151365337994,277,0.2,1,203.739392099982,21.7841756552425,0.0147560607500698,0.0507408454631167,0.265327077674174,439,8041,1,"2","diploid","female"
"1317","0","0","0","0",-0.787878811359406,3053.568359375,"map_8041_1_3",5,70,300,20,5,3.93894134437984,0.1,9.03905328836706,0.208602757660201,4.23331253495614,168,0.2,1,203.739392099982,21.7841756552425,0.00179001423605193,0.0025494369387953,0.52049093442206,439,8041,1,"3","diploid","female"
"1318","0","0","0","0",-0.492062151432037,2970.98828125,"map_8051_1_1",5,70,300,20,5,3.07376413445722,0.1,15.914384430689,0.102364208472262,2.79377879154812,20,0.2,1,81.1766768008768,22.8961256962942,0.002935583503308,0.00912339920582413,0.183631184967742,440,8051,1,"1","diploid","female"
"1319","0","0","0","0",-0.492062151432037,2970.98828125,"map_8051_1_2",5,70,300,20,5,3.87570809379304,0.1,16.9610449588595,0.425878572537635,0.876911835463514,42,0.2,1,81.1766768008768,22.8961256962942,0.0103218782034614,0.00701828497081912,0.188044447361651,440,8051,1,"2","diploid","female"
"1320","0","0","0","0",-0.492062151432037,2970.98828125,"map_8051_1_3",5,70,300,20,5,3.90233083335132,0.1,9.785435471761,0.0881325785225011,3.23912945183988,32,0.2,1,81.1766768008768,22.8961256962942,0.000900953228252112,0.00138143419076125,0.403860015031831,440,8051,1,"3","diploid","female"
"1321","0","0","0","0",-0.0498239621520042,2857.18920898438,"map_8052_1_1",5,70,300,20,5,0,0.1,15.9105338928617,0.250550110988421,1.73681488685753,32,0.2,1,82.5695203483303,22.9173394390119,0.0073395181783512,0.028993449477849,0.110363419770225,441,8052,1,"1","diploid","female"
"1322","0","0","0","0",-0.0498239621520042,2857.18920898438,"map_8052_1_2",5,70,300,20,5,0,0.1,12.660707056969,0.309825446640283,2.96203827598811,23,0.2,1,82.5695203483303,22.9173394390119,0.00582094555292007,0.018603551207153,0.146349142222787,441,8052,1,"2","diploid","female"
"1323","0","0","0","0",-0.0498239621520042,2857.18920898438,"map_8052_1_3",5,70,300,20,5,3.32107631070335,0.1,10.9132881364774,0.167813397924648,1.87547033505225,13,0.2,1,82.5695203483303,22.9173394390119,0.00204259952109241,0.00307040936535169,0.22884838973884,441,8052,1,"3","diploid","female"
"1324","0","0","0","0",-0.0517097897827625,2801.06298828125,"map_8053_1_1",5,70,300,20,5,0,0.1,20.4356685272273,0.410274768523314,1.07350619000828,35,0.2,1,79.365119789922,22.9347392131852,0.0174787834151606,0.0735852732368451,0.0961483814800961,442,8053,1,"1","diploid","female"
"1325","0","0","0","0",-0.0517097897827625,2801.06298828125,"map_8053_1_2",5,70,300,20,5,0,0.1,12.5253141177276,0.791367130869926,0.150096074457952,19,0.2,1,79.365119789922,22.9347392131852,0.0132132438894533,0.0385811259688352,0.102012971704719,442,8053,1,"2","diploid","female"
"1326","0","0","0","0",-0.0517097897827625,2801.06298828125,"map_8053_1_3",5,70,300,20,5,1.44930580890366,0.1,8.84198567658477,0.0863679890802756,0.56408818467159,171,0.2,1,79.365119789922,22.9347392131852,0.000745369846242657,0.00115676038618837,0.422712050415341,442,8053,1,"3","diploid","female"
"1327","0","0","0","0",-0.655654013156891,2789.29858398438,"map_8072_1_1",5,70,300,20,5,2.11263027579154,0.1,14.170101405658,0.440511572354235,1.214605190126,28,0.2,1,11.8203251606033,22.9164303856699,0.0118993391850524,0.0539603936881192,0.139921319493715,443,8072,1,"1","diploid","female"
"1328","0","0","0","0",-0.655654013156891,2789.29858398438,"map_8072_1_2",5,70,300,20,5,2.03055986657954,0.1,14.0246668987003,0.537084914053801,0.819024960551356,13,0.2,1,11.8203251606033,22.9164303856699,0.0135025372426309,0.0520696253922088,0.200679750743925,443,8072,1,"2","diploid","female"
"1329","0","0","0","0",-0.655654013156891,2789.29858398438,"map_8072_1_3",5,70,300,20,5,0,0.1,7.75925456070573,0.0316542756661868,0.188860989553734,4,0.2,1,11.8203251606033,22.9164303856699,0.000157948024568772,1.8457837782599e-07,0.52799031127441,443,8072,1,"3","diploid","female"
"1330","0","0","0","0",-0.0168644096702337,2941.57885742188,"map_8090_1_1",5,70,300,20,5,4.61691110321254,0.1,8.12339535510448,0.10787249522063,3.85429636719083,13,0.2,1,11.7469092660469,22.2589022825459,0.000666921309726717,0.000437874406929058,0.412841884552092,444,8090,1,"1","diploid","female"
"1331","0","0","0","0",-0.0168644096702337,2941.57885742188,"map_8090_1_2",5,70,300,20,5,4.52522236257081,0.1,7.95003985384555,0.194358080117753,3.44206411497343,14,0.2,1,11.7469092660469,22.2589022825459,0.00110002822092676,0.000331192984975813,0.538574635451485,444,8090,1,"2","diploid","female"
"1332","0","0","0","0",-0.0168644096702337,2941.57885742188,"map_8090_1_3",5,70,300,20,5,5.16848199718787,0.1,7.68681337051755,0.0677409662758391,3.38955764076025,25,0.2,1,11.7469092660469,22.2589022825459,0.000356756624080519,7.04714229231524e-05,0.499899075859698,444,8090,1,"3","diploid","female"
"1333","0","0","0","0",-0.0770692974328995,2852.52465820312,"map_8091_1_1",5,70,300,20,5,3.30475353045702,0.1,10.5238339489209,0.212912943941975,2.64812239081535,19,0.2,1,12.0167202756947,23.1485223886315,0.00273733483059603,0.00638477975384253,0.218930242000886,445,8091,1,"1","diploid","female"
"1334","0","0","0","0",-0.0770692974328995,2852.52465820312,"map_8091_1_2",5,70,300,20,5,3.67145916326085,0.1,8.28993681136763,0.204819963130825,2.95879228811158,13,0.2,1,12.0167202756947,23.1485223886315,0.00136729994886637,0.00121638833321856,0.456663218453234,445,8091,1,"2","diploid","female"
"1335","0","0","0","0",-0.0770692974328995,2852.52465820312,"map_8091_1_3",5,70,300,20,5,2.89279539570944,0.1,7.33012849549219,0.132539611088499,2.31160304561616,14,0.2,1,12.0167202756947,23.1485223886315,0.000635619856719414,0.000124117920084387,0.481012473395804,445,8091,1,"3","diploid","female"
"1336","0","0","0","0",-0.840635299682617,3175.95434570312,"map_8141_1_1",5,70,300,20,5,5.02318910398874,0.1,11.1917922720207,0.249484350775374,4.15801807495331,5,0.2,1,123.940796145569,20.0402918696271,0.00346900447552729,0.00705301479809835,0.16485129584703,446,8141,1,"1","diploid","female"
"1337","0","0","0","0",-0.840635299682617,3175.95434570312,"map_8141_1_2",5,70,300,20,5,3.65983825393763,0.1,16.8702236164928,0.367935388762305,1.6085753943916,5,0.2,1,123.940796145569,20.0402918696271,0.0105347283192336,0.0289863984585484,0.0672525555673661,446,8141,1,"2","diploid","female"
"1338","0","0","0","0",-0.840635299682617,3175.95434570312,"map_8141_1_3",5,70,300,20,5,5.09933942342044,0.1,7.87134789319195,0.1033676485442,4.18098615900189,3,0.2,1,123.940796145569,20.0402918696271,0.000579447399766672,6.09636696418663e-05,0.399806458619556,446,8141,1,"3","diploid","female"
"1339","0","0","0","0",-0.704714834690094,3137.01782226562,"map_8142_1_1",5,70,300,20,5,4.37576906526215,0.1,12.712708853957,0.190461632675643,3.91087070635706,58,0.2,1,121.057184194014,21.2744246553609,0.00328269401387806,0.00660711293778329,0.248355081825036,447,8142,1,"1","diploid","female"
"1340","0","0","0","0",-0.704714834690094,3137.01782226562,"map_8142_1_2",5,70,300,20,5,4.33069716384655,0.1,10.3188491281208,0.725331035771305,0.40733959141305,76,0.2,1,121.057184194014,21.2744246553609,0.00714434881374793,0.00650019526277787,0.1462767083662,447,8142,1,"2","diploid","female"
"1341","0","0","0","0",-0.704714834690094,3137.01782226562,"map_8142_1_3",5,70,300,20,5,4.811157021178,0.1,7.22273501369811,0.124068753818178,4.02017383655489,54,0.2,1,121.057184194014,21.2744246553609,0.00064343598806551,0.000205736932380576,0.433019119199132,447,8142,1,"3","diploid","female"
"1342","0","0","0","0",-0.535665452480316,3093.60424804688,"map_8143_1_1",5,70,300,20,5,4.58553489425125,0.1,10.1112507954615,0.158981711354622,5.33788659852038,77,0.2,1,97.4861379604403,21.2889396502726,0.00161642125122763,0.00146843226846875,0.326810048764462,448,8143,1,"1","diploid","female"
"1343","0","0","0","0",-0.535665452480316,3093.60424804688,"map_8143_1_2",5,70,300,20,5,4.28383124860635,0.1,11.6558543279574,0.208758304760675,5.59499438668435,140,0.2,1,97.4861379604403,21.2889396502726,0.0031507403688419,0.00739241662494089,0.477465187615211,448,8143,1,"2","diploid","female"
"1344","0","0","0","0",-0.535665452480316,3093.60424804688,"map_8143_1_3",5,70,300,20,5,5.42525014064945,0.1,8.66899477666849,0.106535557907503,4.68730495490522,136,0.2,1,97.4861379604403,21.2889396502726,0.000753232509383855,0.000146508896012853,0.415934647335147,448,8143,1,"3","diploid","female"
"1345","0","0","0","0",-0.818497657775879,3010.30126953125,"map_8146_1_1",5,70,300,20,5,3.28395028751462,0.1,10.2617649206813,0.188391052738731,3.28961047233955,125,0.2,1,95.5727345507802,21.8030505428547,0.00227501031861142,0.0054538206735847,0.257336686548829,449,8146,1,"1","diploid","female"
"1346","0","0","0","0",-0.818497657775879,3010.30126953125,"map_8146_1_2",5,70,300,20,5,3.27148864166053,0.1,16.0160092026913,0.275121830788646,4.01527921493064,146,0.2,1,95.5727345507802,21.8030505428547,0.00982917246851378,0.0581293527401741,0.245935160185548,449,8146,1,"2","diploid","female"
"1347","0","0","0","0",-0.818497657775879,3010.30126953125,"map_8146_1_3",5,70,300,20,5,4.36465725158527,0.1,7.56560841128807,0.105235152982197,2.61756647616733,125,0.2,1,95.5727345507802,21.8030505428547,0.000535582699206609,9.91737389014092e-05,0.541248965482819,449,8146,1,"3","diploid","female"
"1348","0","0","0","0",-0.70831423997879,2927.3720703125,"map_8155_1_1",5,70,300,20,5,0,0.1,13.5398559226109,0.230499170619714,2.33044384360193,38,0.2,1,78.3070619320157,22.9169651107535,0.00629170387332839,0.0343882076237859,0.187468864060032,450,8155,1,"1","diploid","female"
"1349","0","0","0","0",-0.70831423997879,2927.3720703125,"map_8155_1_2",5,70,300,20,5,6.92361147839022,0.1,21.2092249331123,0.275217808303746,2.63681512670847,33,0.2,1,78.3070619320157,22.9169651107535,0.016149259150075,0.100394884065958,0.202603717821934,450,8155,1,"2","diploid","female"
"1350","0","0","0","0",-0.70831423997879,2927.3720703125,"map_8155_1_3",5,70,300,20,5,2.11224924484023,0.1,6.23195510820467,0.22782441659063,2.49885033407336,8,0.2,1,78.3070619320157,22.9169651107535,0.000904234732500996,0.000823895894662882,0.476243320101641,450,8155,1,"3","diploid","female"
"1351","0","0","0","0",0.0821539834141731,2861.98266601562,"map_8156_1_1",5,70,300,20,5,0,0.1,16.3777351820037,0.283461246234177,1.99578047910416,8,0.2,1,78.6777389532704,22.9192486062794,0.0101319794891599,0.0506870583724853,0.133282481995065,451,8156,1,"1","diploid","female"
"1352","0","0","0","0",0.0821539834141731,2861.98266601562,"map_8156_1_2",5,70,300,20,5,0,0.1,14.5961566884328,0.401181837447729,3.47645132484561,5,0.2,1,78.6777389532704,22.9192486062794,0.0116644883108075,0.0704617374402877,0.157874046861813,451,8156,1,"2","diploid","female"
"1353","0","0","0","0",0.0821539834141731,2861.98266601562,"map_8156_1_3",5,70,300,20,5,3.59586831636971,0.1,11.1383606032572,0.238700562869749,2.14090481331299,3,0.2,1,78.6777389532704,22.9192486062794,0.00348520097929607,0.00949277844760389,0.230757761273136,451,8156,1,"3","diploid","female"
"1354","0","0","0","0",0.501127302646637,2771.54077148438,"map_8158_1_1",5,70,300,20,5,3.57397314996444,0.1,7.72787771886225,0.99769805584134,1.46003885914415,159,0.2,1,15.6074833924205,22.8869030995754,0.00620780521429166,0.00946054848208258,0.669763906403988,452,8158,1,"1","diploid","female"
"1355","0","0","0","0",0.501127302646637,2771.54077148438,"map_8158_1_2",5,70,300,20,5,0,0.1,51.0132597871107,3.38073569931989e-16,0,11,0.2,1,15.6074833924205,22.8869030995754,6.91104286887094e-17,3.38073569931989e-16,0.320688950893557,452,8158,1,"2","diploid","female"
"1356","0","0","0","0",0.501127302646637,2771.54077148438,"map_8158_1_3",5,70,300,20,5,1.58231103625871,0.1,6.91579304311826,0.086336934060546,0.636991783020368,27,0.2,1,15.6074833924205,22.8869030995754,0.000400929083312531,0.000176018258716526,0.278168298398637,452,8158,1,"3","diploid","female"
"1357","0","0","0","0",0.0304398108273745,2853.11279296875,"map_8195_1_1",5,70,300,20,5,1.68565831114633,0.1,11.8428144285503,0.213765947987948,2.81355512036293,26,0.2,1,11.7537171711458,23.1479542838907,0.00350791647089344,0.011720158121217,0.201330297355071,453,8195,1,"1","diploid","female"
"1358","0","0","0","0",0.0304398108273745,2853.11279296875,"map_8195_1_2",5,70,300,20,5,4.37153792535528,0.1,8.69340305656209,0.274964692392379,2.7972785023538,20,0.2,1,11.7537171711458,23.1479542838907,0.00208833267267258,0.00259773562367719,0.490503820908903,453,8195,1,"2","diploid","female"
"1359","0","0","0","0",0.0304398108273745,2853.11279296875,"map_8195_1_3",5,70,300,20,5,1.19485537401356,0.1,8.75922512175956,0.147353669918774,2.45828145860358,35,0.2,1,11.7537171711458,23.1479542838907,0.00104308233378797,0.000319142265107447,0.289750199014584,453,8195,1,"3","diploid","female"
"1360","0","0","0","0",-0.0926153659820557,2787.0751953125,"map_8196_1_1",5,70,300,20,5,2.92866795767409,0.1,12.0095040679221,0.421517803385561,1.90582099758886,23,0.2,1,11.9526170256526,23.1477106354165,0.00811113631029983,0.0294073917803652,0.143492544449623,454,8196,1,"1","diploid","female"
"1361","0","0","0","0",-0.0926153659820557,2787.0751953125,"map_8196_1_2",5,70,300,20,5,0,0.1,7.02052086694611,0.00695381634225877,0.150961518707991,4,0.2,1,11.9526170256526,23.1477106354165,2.92892835555209e-05,1.4993927727882e-06,0.668618684863413,454,8196,1,"2","diploid","female"
"1362","0","0","0","0",-0.0926153659820557,2787.0751953125,"map_8196_1_3",5,70,300,20,5,0,0.1,7.09835697259498,0.069585064448679,0.267127958042586,5,0.2,1,11.9526170256526,23.1477106354165,0.000315342270487771,2.18895045385832e-05,0.374541756260253,454,8196,1,"3","diploid","female"
"1363","0","0","0","0",-0.931695640087128,3183.69018554688,"map_8242_1_1",5,70,300,20,5,3.01941861686269,0.1,10.115946349776,0.140007778457558,4.84207994822956,56,0.2,1,143.663037810215,19.3133825215522,0.00166666680653478,0.00360608051263476,0.331866089817361,455,8242,1,"1","diploid","female"
"1364","0","0","0","0",-0.931695640087128,3183.69018554688,"map_8242_1_2",5,70,300,20,5,3.81406899345085,0.1,15.5827740289381,0.200108638810889,2.86726410126851,114,0.2,1,143.663037810215,19.3133825215522,0.00619850187508514,0.0242670655111136,0.272577217309122,455,8242,1,"2","diploid","female"
"1365","0","0","0","0",-0.931695640087128,3183.69018554688,"map_8242_1_3",5,70,300,20,5,2.99719544577736,0.1,6.75042412555686,0.0233156086914199,2.3212168817225,60,0.2,1,143.663037810215,19.3133825215522,9.47412390556914e-05,9.40871148198151e-06,0.72160301944047,455,8242,1,"3","diploid","female"
"1366","0","0","0","0",-0.909281253814697,3145.36865234375,"map_8244_1_1",5,70,300,20,5,4.77780367231753,0.1,9.26702186876507,0.275203431901032,4.7879521711885,8,0.2,1,121.294970889424,20.0403760210884,0.00274517412428048,0.00496848519149612,0.303360704460351,456,8244,1,"1","diploid","female"
"1367","0","0","0","0",-0.909281253814697,3145.36865234375,"map_8244_1_2",5,70,300,20,5,3.41510305468466,0.1,17.2503727890649,0.456930240546206,1.34134360338935,9,0.2,1,121.294970889424,20.0403760210884,0.0130044118530775,0.0263323107789985,0.0550824595250046,456,8244,1,"2","diploid","female"
"1368","0","0","0","0",-0.909281253814697,3145.36865234375,"map_8244_1_3",5,70,300,20,5,5.37434720327037,0.1,6.6493605513294,0.155458995351079,3.93917993957487,4,0.2,1,121.294970889424,20.0403760210884,0.000636592904919649,4.9488709896324e-05,0.493241330064763,456,8244,1,"3","diploid","female"
"1369","0","0","0","0",-0.892784297466278,3111.79028320312,"map_8245_1_1",5,70,300,20,5,8.05239020952672,0.1,8.0111259017427,0.237218734104359,4.52833052630376,7,0.2,1,119.65660704806,20.0369441221455,0.00168878068586158,0.00279433954985917,0.476634884299346,457,8245,1,"1","diploid","female"
"1370","0","0","0","0",-0.892784297466278,3111.79028320312,"map_8245_1_2",5,70,300,20,5,8.79713558757504,0.1,15.0172163462329,0.405179396665707,1.56986075129755,9,0.2,1,119.65660704806,20.0369441221455,0.0117739833259921,0.0539863280371547,0.240541316595603,457,8245,1,"2","diploid","female"
"1371","0","0","0","0",-0.892784297466278,3111.79028320312,"map_8245_1_3",5,70,300,20,5,6.72252831948933,0.1,5.55809465385833,0.106977275997791,2.24665884965701,4,0.2,1,119.65660704806,20.0369441221455,0.000276750865269871,5.2232106448392e-06,0.938561198499973,457,8245,1,"3","diploid","female"
"1372","0","0","0","0",-0.897129833698273,3082.30834960938,"map_8246_1_1",5,70,300,20,5,3.76514722411619,0.1,10.1278690319479,0.130074812378301,3.98670766060215,55,0.2,1,125.736014179217,21.2489174603096,0.00153529113617918,0.00302345835664465,0.327693566144345,458,8246,1,"1","diploid","female"
"1373","0","0","0","0",-0.897129833698273,3082.30834960938,"map_8246_1_2",5,70,300,20,5,3.58644336430779,0.1,18.0238416266845,0.143360555460681,4.51475295298137,58,0.2,1,125.736014179217,21.2489174603096,0.0057860300799079,0.0359051283452129,0.407652851965269,458,8246,1,"2","diploid","female"
"1374","0","0","0","0",-0.897129833698273,3082.30834960938,"map_8246_1_3",5,70,300,20,5,4.77375645438018,0.1,7.6401810298639,0.0786727596188631,3.20257414372387,51,0.2,1,125.736014179217,21.2489174603096,0.000416556672384176,3.42748142039854e-05,0.572037212529926,458,8246,1,"3","diploid","female"
"1375","0","0","0","0",-0.821509957313538,3050.83227539062,"map_8247_1_1",5,70,300,20,5,3.27323593275459,0.1,8.55901859271694,0.163947768527911,3.38734546020757,13,0.2,1,91.230432958698,21.2875487073051,0.00119512292300931,0.00140750541181792,0.4217901251897,459,8247,1,"1","diploid","female"
"1376","0","0","0","0",-0.821509957313538,3050.83227539062,"map_8247_1_2",5,70,300,20,5,8.43094143495363,0.1,12.5211016803991,0.249449238054008,3.61995603626474,23,0.2,1,91.230432958698,21.2875487073051,0.00456736534269038,0.00683872527035253,0.365455949879718,459,8247,1,"2","diploid","female"
"1377","0","0","0","0",-0.821509957313538,3050.83227539062,"map_8247_1_3",5,70,300,20,5,3.22582190441833,0.1,7.24550156183083,0.0834633489554394,2.57685669594857,8,0.2,1,91.230432958698,21.2875487073051,0.000367306477637113,1.24290920353345e-05,0.667130212772777,459,8247,1,"3","diploid","female"
"1378","0","0","0","0",-0.688515901565552,3034.74462890625,"map_8248_1_1",5,70,300,20,5,2.09447378535277,0.1,9.71215945313917,0.104964760686204,3.83164288599501,28,0.2,1,90.968246819569,21.2849440738344,0.00111427814826223,0.00205095289460384,0.377759465102821,460,8248,1,"1","diploid","female"
"1379","0","0","0","0",-0.688515901565552,3034.74462890625,"map_8248_1_2",5,70,300,20,5,3.84427096921399,0.1,19.1071623169215,0.15605175059414,3.79309754352562,42,0.2,1,90.968246819569,21.2849440738344,0.00632244668704047,0.039608420916415,0.30229232119359,460,8248,1,"2","diploid","female"
"1380","0","0","0","0",-0.688515901565552,3034.74462890625,"map_8248_1_3",5,70,300,20,5,2.65762232365696,0.1,7.42960895259798,0.0514827328858634,2.50179083948957,80,0.2,1,90.968246819569,21.2849440738344,0.00028036108925924,6.22436985756107e-05,0.621315589189125,460,8248,1,"3","diploid","female"
"1381","0","0","0","0",-0.45668762922287,2961.08984375,"map_8250_1_1",5,70,300,20,5,0,0.1,10.9915229556788,0.179346055350887,3.74936457981804,4,0.2,1,94.1888229569723,21.7920682343138,0.00275341064131933,0.00971653024729867,0.256818811192138,461,8250,1,"1","diploid","female"
"1382","0","0","0","0",-0.45668762922287,2961.08984375,"map_8250_1_2",5,70,300,20,5,9.10376071345493,0.1,20.4325983003179,0.262155465212331,3.06680190312582,4,0.2,1,94.1888229569723,21.7920682343138,0.0127324767292001,0.0572844346350904,0.175502229714469,461,8250,1,"2","diploid","female"
"1383","0","0","0","0",-0.45668762922287,2961.08984375,"map_8250_1_3",5,70,300,20,5,5.05430844495342,0.1,7.47735705481833,0.109950053617723,2.99456519126202,2,0.2,1,94.1888229569723,21.7920682343138,0.000599447008432352,0.000326107762878965,0.489824925202396,461,8250,1,"3","diploid","female"
"1384","0","0","0","0",-0.667356908321381,2992.63696289062,"map_8252_1_1",5,70,300,20,5,2.8171537800203,0.1,13.1144694584122,0.245185375274591,2.81898070502898,16,0.2,1,95.050212865652,21.992150166238,0.00430087590558776,0.0132419894811699,0.304968657980618,462,8252,1,"1","diploid","female"
"1385","0","0","0","0",-0.667356908321381,2992.63696289062,"map_8252_1_2",5,70,300,20,5,8.12237908305724,0.1,11.8368283127093,0.956242859435915,0.50239111850166,96,0.2,1,95.050212865652,21.992150166238,0.016030794778814,0.068101245148928,0.139170374455402,462,8252,1,"2","diploid","female"
"1386","0","0","0","0",-0.667356908321381,2992.63696289062,"map_8252_1_3",5,70,300,20,5,2.66592179516342,0.1,8.36658030681451,0.123995394290451,3.50355928601502,9,0.2,1,95.050212865652,21.992150166238,0.000812795471351959,0.000421608185813752,0.50344339696813,462,8252,1,"3","diploid","female"
"1387","0","0","0","0",-0.950933456420898,3020.55493164062,"map_8253_1_1",5,70,300,20,5,4.22930490394618,0.1,9.13954459885362,0.161068771758606,2.75500359583771,36,0.2,1,100.056367169187,21.9865665689259,0.00146472708473252,0.00229296711161959,0.399928045706228,463,8253,1,"1","diploid","female"
"1388","0","0","0","0",-0.950933456420898,3020.55493164062,"map_8253_1_2",5,70,300,20,5,7.46926031966512,0.1,9.76429451409151,0.19137313996103,3.95054259066703,75,0.2,1,100.056367169187,21.9865665689259,0.00236177510153253,0.00611655885955889,0.495742443757421,463,8253,1,"2","diploid","female"
"1389","0","0","0","0",-0.950933456420898,3020.55493164062,"map_8253_1_3",5,70,300,20,5,3.69178863024503,0.1,7.25544775352212,0.102341306065197,2.6467719677684,20,0.2,1,100.056367169187,21.9865665689259,0.000464083598085255,4.49488097559755e-05,0.671221821085836,463,8253,1,"3","diploid","female"
"1390","0","0","0","0",-0.702232360839844,2997.48608398438,"map_8254_1_1",5,70,300,20,5,3.45357501147789,0.1,13.0753212002834,0.132670717791452,2.72017583814047,63,0.2,1,83.316595637125,22.0299907211185,0.00222935213904405,0.00322023279135563,0.32578078038849,464,8254,1,"1","diploid","female"
"1391","0","0","0","0",-0.702232360839844,2997.48608398438,"map_8254_1_2",5,70,300,20,5,3.71585506828922,0.1,19.7861558838113,0.359597409383028,1.16230048965814,81,0.2,1,83.316595637125,22.0299907211185,0.014896749887638,0.0657559009258052,0.196853275206977,464,8254,1,"2","diploid","female"
"1392","0","0","0","0",-0.702232360839844,2997.48608398438,"map_8254_1_3",5,70,300,20,5,4.02781762381103,0.1,8.56782138714178,0.055775853175832,3.01071028377548,64,0.2,1,83.316595637125,22.0299907211185,0.000373119388527585,5.30397383877144e-05,0.739464742958452,464,8254,1,"3","diploid","female"
"1393","0","0","0","0",-0.0957024022936821,2941.2060546875,"map_8255_1_1",5,70,300,20,5,0,0.1,11.1301881933938,0.246278064336251,3.92481959241216,7,0.2,1,91.9251682619716,22.5127703285428,0.00370582800806657,0.0109406331082091,0.207785557452143,465,8255,1,"1","diploid","female"
"1394","0","0","0","0",-0.0957024022936821,2941.2060546875,"map_8255_1_2",5,70,300,20,5,11.2184844249535,0.1,9.93048259426909,0.32754297835428,5.22286007965954,5,0.2,1,91.9251682619716,22.5127703285428,0.0038282913279382,0.00939410566017082,0.276606997356091,465,8255,1,"2","diploid","female"
"1395","0","0","0","0",-0.0957024022936821,2941.2060546875,"map_8255_1_3",5,70,300,20,5,2.82529486664672,0.1,8.63183574137344,0.243548139684349,4.12071335545416,5,0.2,1,91.9251682619716,22.5127703285428,0.0019535902875104,0.00269220708416777,0.30672855265303,465,8255,1,"3","diploid","female"
"1396","0","0","0","0",-0.398537069559097,2901.19775390625,"map_8258_1_1",5,70,300,20,5,3.04180154836999,0.1,14.5671891608882,0.283761591516342,2.12188045009032,59,0.2,1,57.506943080729,22.9171124201676,0.00640874290406785,0.018811855280637,0.164519528239427,466,8258,1,"1","diploid","female"
"1397","0","0","0","0",-0.398537069559097,2901.19775390625,"map_8258_1_2",5,70,300,20,5,3.51639995806771,0.1,15.7034939864262,0.508459321142272,0.772438608780472,69,0.2,1,57.506943080729,22.9171124201676,0.013751111260267,0.0351221509051826,0.135095498653208,466,8258,1,"2","diploid","female"
"1398","0","0","0","0",-0.398537069559097,2901.19775390625,"map_8258_1_3",5,70,300,20,5,3.17423408418814,0.1,9.09647972337586,0.168971618663581,2.86526340405452,44,0.2,1,57.506943080729,22.9171124201676,0.00132363297006466,0.000639990769169645,0.411517653723736,466,8258,1,"3","diploid","female"
"1399","0","0","0","0",-0.605343461036682,2890.57080078125,"map_8259_1_1",5,70,300,20,5,2.60263632413004,0.1,15.2557530230965,0.179309729305831,2.71767470245297,49,0.2,1,54.3433899881622,22.9528754351543,0.00564301070245584,0.0308466345717192,0.124874975946391,467,8259,1,"1","diploid","female"
"1400","0","0","0","0",-0.605343461036682,2890.57080078125,"map_8259_1_2",5,70,300,20,5,2.99112346682131,0.1,24.3520877784604,0.184075973072382,3.06760177946495,39,0.2,1,54.3433899881622,22.9528754351543,0.0115819825776668,0.0680779087959843,0.16937701311606,467,8259,1,"2","diploid","female"
"1401","0","0","0","0",-0.605343461036682,2890.57080078125,"map_8259_1_3",5,70,300,20,5,2.78503553899377,0.1,7.74837024279127,0.135476223927305,2.47698076348618,81,0.2,1,54.3433899881622,22.9528754351543,0.000827331613588294,0.000544178389362015,0.265769813799665,467,8259,1,"3","diploid","female"
"1402","0","0","0","0",-0.400283545255661,2861.3701171875,"map_8260_1_1",5,70,300,20,5,1.65901790885147,0.1,15.790713319982,0.263285475362828,1.46834604087182,19,0.2,1,59.1203083604067,22.9023294438291,0.0067778148029286,0.0162353777672125,0.208853243813861,468,8260,1,"1","diploid","female"
"1403","0","0","0","0",-0.400283545255661,2861.3701171875,"map_8260_1_2",5,70,300,20,5,3.35565512859085,0.1,13.8212393679015,0.214974510012023,2.58794428247919,12,0.2,1,59.1203083604067,22.9023294438291,0.00483324317136298,0.012028010623724,0.309319149972947,468,8260,1,"2","diploid","female"
"1404","0","0","0","0",-0.400283545255661,2861.3701171875,"map_8260_1_3",5,70,300,20,5,1.48374973210317,0.1,8.59461861584599,0.0918803817449523,1.59818109274595,7,0.2,1,59.1203083604067,22.9023294438291,0.00062668580062541,0.000219506065385227,0.443472543273832,468,8260,1,"3","diploid","female"
"1405","0","0","0","0",-0.0263992287218571,2810.68286132812,"map_8261_1_1",5,70,300,20,5,0,0.1,18.3979530700173,0.301053188504808,1.71345523935325,63,0.2,1,60.8402037978408,22.9260537262639,0.0111187449700811,0.0405269494415955,0.0999510749226584,469,8261,1,"1","diploid","female"
"1406","0","0","0","0",-0.0263992287218571,2810.68286132812,"map_8261_1_2",5,70,300,20,5,0,0.1,14.7758192021364,0.268965812651174,1.98040840693901,41,0.2,1,60.8402037978408,22.9260537262639,0.00643208150616128,0.0146020067852708,0.212953735772501,469,8261,1,"2","diploid","female"
"1407","0","0","0","0",-0.0263992287218571,2810.68286132812,"map_8261_1_3",5,70,300,20,5,0,0.1,7.89864498591432,0.0565360402743551,0.691341715179911,26,0.2,1,60.8402037978408,22.9260537262639,0.00035466007501337,0.000173937347981364,0.182092711365259,469,8261,1,"3","diploid","female"
"1408","0","0","0","0",-0.196079686284065,2786.05786132812,"map_8262_1_1",5,70,300,20,5,2.85212975038048,0.1,14.4849057449254,0.427666463157771,1.89843348919951,14,0.2,1,20.5107560237356,22.9450814235514,0.0115133292455916,0.0407723334122087,0.119420212443506,470,8262,1,"1","diploid","female"
"1409","0","0","0","0",-0.196079686284065,2786.05786132812,"map_8262_1_2",5,70,300,20,5,0,0.1,7.28972562084647,0.159046664553271,1.89831935900594,4,0.2,1,20.5107560237356,22.9450814235514,0.000753121357563675,5.83889819565793e-05,0.525666186352013,470,8262,1,"2","diploid","female"
"1410","0","0","0","0",-0.196079686284065,2786.05786132812,"map_8262_1_3",5,70,300,20,5,0,0.1,8.44183733748837,0.0503639809177276,0.203230809925102,2,0.2,1,20.5107560237356,22.9450814235514,0.000312950752343033,2.07027153793149e-05,0.319971334938085,470,8262,1,"3","diploid","female"
"1411","0","0","0","0",0.373109579086304,2758.63647460938,"map_8263_1_1",5,70,300,20,5,0,0.1,16.5065575280454,0.157365433270586,0.918887877129458,13,0.2,1,19.8989157182137,22.9255941524062,0.00455090481438186,0.0148113822796628,0.229239712906456,471,8263,1,"1","diploid","female"
"1412","0","0","0","0",0.373109579086304,2758.63647460938,"map_8263_1_2",5,70,300,20,5,0,0.1,50.5982824687488,5.74243031616995e-16,0,4,0.2,1,19.8989157182137,22.9255941524062,1.15487066482886e-16,5.74243031616995e-16,0.312882005405855,471,8263,1,"2","diploid","female"
"1413","0","0","0","0",0.373109579086304,2758.63647460938,"map_8263_1_3",5,70,300,20,5,0,0.1,9.31751173037559,0.0463483471904139,0.280755261506879,6,0.2,1,19.8989157182137,22.9255941524062,0.000397114216684518,0.000243326184612674,0.257989447312171,471,8263,1,"3","diploid","female"
"1414","0","0","0","0",-0.408560425043106,2765.31494140625,"map_8281_1_1",5,70,300,20,5,2.38512843383799,0.1,17.837924616616,0.359640540239522,0.858030889547677,50,0.2,1,4.52028746391798,22.9387548621971,0.0128894630271116,0.0581636049369288,0.135442500592498,472,8281,1,"1","diploid","female"
"1415","0","0","0","0",-0.408560425043106,2765.31494140625,"map_8281_1_2",5,70,300,20,5,0,0.1,6.20784248667671,0.00212573128364848,0.0611732154573758,12,0.2,1,4.52028746391798,22.9387548621971,7.61032706657238e-06,3.55137324938977e-07,0.80743046699636,472,8281,1,"2","diploid","female"
"1416","0","0","0","0",-0.408560425043106,2765.31494140625,"map_8281_1_3",5,70,300,20,5,0,0.1,5.16149146632796,0.060201417702562,0.0535005795350982,13,0.2,1,4.52028746391798,22.9387548621971,0.000128095393301809,2.79578896743364e-08,1.05745580977433,472,8281,1,"3","diploid","female"
"1417","0","0","0","0",-0.325159847736359,2801.54443359375,"map_8282_1_1",5,70,300,20,5,2.70077307005234,0.1,11.2894476739225,0.645621847027197,0.958241872214144,35,0.2,1,5.41669831147721,22.9047791976337,0.0104595418168228,0.0307133814541392,0.440538506357779,473,8282,1,"1","diploid","female"
"1418","0","0","0","0",-0.325159847736359,2801.54443359375,"map_8282_1_2",5,70,300,20,5,2.61016035795878,0.1,7.52457855072298,0.868470514438162,0.854624965665799,35,0.2,1,5.41669831147721,22.9047791976337,0.00565167051664294,0.010076218700087,1.03375288981935,473,8282,1,"2","diploid","female"
"1419","0","0","0","0",-0.325159847736359,2801.54443359375,"map_8282_1_3",5,70,300,20,5,0,0.1,5.48899538616919,0.0432414733624873,0.300741107210235,5,0.2,1,5.41669831147721,22.9047791976337,0.000109134703083385,6.18541156140382e-07,0.672287678339257,473,8282,1,"3","diploid","female"
"1420","0","0","0","0",-0.699310123920441,2860.60278320312,"map_8283_1_1",5,70,300,20,5,2.30159185585021,0.1,11.4724987243256,0.217150527287945,1.60160592468736,26,0.2,1,9.38325762077919,22.9120206315388,0.00341438492973526,0.00987322417534467,0.240784661558406,474,8283,1,"1","diploid","female"
"1421","0","0","0","0",-0.699310123920441,2860.60278320312,"map_8283_1_2",5,70,300,20,5,2.47866759342994,0.1,15.04314626177,0.274830629783787,0.802889002113514,31,0.2,1,9.38325762077919,22.9120206315388,0.0063939875376995,0.018741286716496,0.281976783745709,474,8283,1,"2","diploid","female"
"1422","0","0","0","0",-0.699310123920441,2860.60278320312,"map_8283_1_3",5,70,300,20,5,2.4918881626255,0.1,6.86352439291121,0.0972111287675986,1.59588959391985,14,0.2,1,9.38325762077919,22.9120206315388,0.000374503981542023,4.59858252052066e-07,0.744663363677376,474,8283,1,"3","diploid","female"
"1423","0","0","0","0",0.017384298145771,2854.029296875,"map_8299_1_1",5,70,300,20,5,1.6264377572916,0.1,9.78438842832212,0.43563646034148,1.75100128294305,71,0.2,1,9.64473645152691,23.155160242801,0.00451069876499769,0.0107844593575848,0.46596985416854,475,8299,1,"1","diploid","female"
"1424","0","0","0","0",0.017384298145771,2854.029296875,"map_8299_1_2",5,70,300,20,5,4.21463692078417,0.1,7.13963048752578,0.7112801175194,1.27579781855744,65,0.2,1,9.64473645152691,23.155160242801,0.00321453586538443,0.00122780205249003,1.13636449522183,475,8299,1,"2","diploid","female"
"1425","0","0","0","0",0.017384298145771,2854.029296875,"map_8299_1_3",5,70,300,20,5,1.16955756806851,0.1,7.80467022445062,0.181569607886423,2.57275048086783,105,0.2,1,9.64473645152691,23.155160242801,0.000998579684856492,0.000198433999478619,0.666065596077861,475,8299,1,"3","diploid","female"
"1426","0","0","0","0",-0.070423536002636,2784.37231445312,"map_8300_1_1",5,70,300,20,5,1.71751959734347,0.1,14.0417867235819,0.509071507569674,0.711231487352062,24,0.2,1,8.93660507023186,23.2036774404025,0.0116331685018463,0.0451264603284874,0.208558147384364,476,8300,1,"1","diploid","female"
"1427","0","0","0","0",-0.070423536002636,2784.37231445312,"map_8300_1_2",5,70,300,20,5,3.18192032487165,0.1,7.37879948033588,0.00520905134634227,0.313218039407105,4,0.2,1,8.93660507023186,23.2036774404025,2.47750069943991e-05,9.23758982437926e-07,0.385162141158462,476,8300,1,"2","diploid","female"
"1428","0","0","0","0",-0.070423536002636,2784.37231445312,"map_8300_1_3",5,70,300,20,5,1.00047642705935,0.1,6.88124911424693,0.110291673359502,0.555416814492721,5,0.2,1,8.93660507023186,23.2036774404025,0.000465131955026203,1.97085387781575e-05,0.39093316253712,476,8300,1,"3","diploid","female"
"1429","0","0","0","0",-0.936058640480042,3203.21020507812,"map_8343_1_1",5,70,300,20,5,3.73614299053434,0.1,17.7564020232713,0.375858102278827,1.91561914069794,15,0.2,1,163.348234208319,21.4514436732363,0.0131761008496707,0.0529415986911708,0.129090587736662,477,8343,1,"1","diploid","female"
"1430","0","0","0","0",-0.936058640480042,3203.21020507812,"map_8343_1_2",5,70,300,20,5,4.07740544906985,0.1,13.1875960651584,0.760202114900389,0.473105801222357,17,0.2,1,163.348234208319,21.4514436732363,0.0150549930555023,0.0693758679554684,0.10939587868818,477,8343,1,"2","diploid","female"
"1431","0","0","0","0",-0.936058640480042,3203.21020507812,"map_8343_1_3",5,70,300,20,5,3.56616134121925,0.1,9.97367914235377,0.195018403722069,2.86114853836033,4,0.2,1,163.348234208319,21.4514436732363,0.00184548997610007,0.00100635036019479,0.447021864772323,477,8343,1,"3","diploid","female"
"1432","0","0","0","0",-0.943296253681183,3109.828125,"map_8346_1_1",5,70,300,20,5,3.54925739706176,0.1,14.5884708925917,0.205367061461204,2.61303837703032,31,0.2,1,154.560810526344,21.4329453359543,0.00486436669472709,0.0141168332515877,0.209945314308959,478,8346,1,"1","diploid","female"
"1433","0","0","0","0",-0.943296253681183,3109.828125,"map_8346_1_2",5,70,300,20,5,3.60694568929914,0.1,12.401676133001,0.768942674196046,0.313361505389122,83,0.2,1,154.560810526344,21.4329453359543,0.0120911767705322,0.0284932823943949,0.095853423642161,478,8346,1,"2","diploid","female"
"1434","0","0","0","0",-0.943296253681183,3109.828125,"map_8346_1_3",5,70,300,20,5,4.38382837015144,0.1,9.42566861082905,0.0779795044224761,2.70479374681573,12,0.2,1,154.560810526344,21.4329453359543,0.000630611713082787,0.000224128557032133,0.471430350226816,478,8346,1,"3","diploid","female"
"1435","0","0","0","0",-0.962443470954895,3087.16064453125,"map_8347_1_1",5,70,300,20,5,3.09038788826593,0.1,10.5931583413296,0.389822195154696,3.03229093784087,45,0.2,1,145.732805245738,22.086923077521,0.00577710605334849,0.0171559209354968,0.258635305791047,479,8347,1,"1","diploid","female"
"1436","0","0","0","0",-0.962443470954895,3087.16064453125,"map_8347_1_2",5,70,300,20,5,3.6706031763113,0.1,15.4379033150536,0.6084461333193,0.895650379503682,50,0.2,1,145.732805245738,22.086923077521,0.013855990236371,0.0204422221184858,0.0797111134712352,479,8347,1,"2","diploid","female"
"1437","0","0","0","0",-0.962443470954895,3087.16064453125,"map_8347_1_3",5,70,300,20,5,3.98874125678975,0.1,6.70199051383045,0.32663965420991,3.97947823330237,15,0.2,1,145.732805245738,22.086923077521,0.00145684695974455,0.000461987354043285,0.526374121787198,479,8347,1,"3","diploid","female"
"1438","0","0","0","0",-0.91678911447525,3073.67602539062,"map_8348_1_1",5,70,300,20,5,0,0.1,10.3763980967662,0.240959762859038,3.21394641678441,39,0.2,1,121.265832913674,22.0849917613523,0.00344374203360671,0.0105102340722299,0.267114743722226,480,8348,1,"1","diploid","female"
"1439","0","0","0","0",-0.91678911447525,3073.67602539062,"map_8348_1_2",5,70,300,20,5,10.1688804259326,0.1,17.3419969921858,0.497088374277508,0.848066147791524,45,0.2,1,121.265832913674,22.0849917613523,0.012997814539533,0.0139457168592166,0.162562573753858,480,8348,1,"2","diploid","female"
"1440","0","0","0","0",-0.91678911447525,3073.67602539062,"map_8348_1_3",5,70,300,20,5,2.89151375009271,0.1,6.4498351907766,0.229614786433758,3.55168356287345,8,0.2,1,121.265832913674,22.0849917613523,0.000915987657874485,0.000312818960242438,0.519577086341944,480,8348,1,"3","diploid","female"
"1441","0","0","0","0",-0.918850004673004,3046.2763671875,"map_8349_1_1",5,70,300,20,5,3.1594744520425,0.1,16.5685510205437,0.137458832215615,2.54947695613092,21,0.2,1,126.065026780696,22.0462686152157,0.0044588641779451,0.0161996557774697,0.201148120556534,481,8349,1,"1","diploid","female"
"1442","0","0","0","0",-0.918850004673004,3046.2763671875,"map_8349_1_2",5,70,300,20,5,3.59818373162437,0.1,25.8642708552484,0.189433906022551,2.72422988003621,29,0.2,1,126.065026780696,22.0462686152157,0.0130949870765625,0.0558626908284007,0.227621278107406,481,8349,1,"2","diploid","female"
"1443","0","0","0","0",-0.918850004673004,3046.2763671875,"map_8349_1_3",5,70,300,20,5,4.16524572749332,0.1,8.74432568864078,0.0565991557287004,3.02454734838096,10,0.2,1,126.065026780696,22.0462686152157,0.000434651767524157,0.000336387062436232,0.519891156880759,481,8349,1,"3","diploid","female"
"1444","0","0","0","0",-0.936977922916412,3020.93774414062,"map_8350_1_1",5,70,300,20,5,1.49360775600684,0.1,12.9767264231295,0.234943585172002,2.85483881352365,39,0.2,1,119.955719203252,22.4742078876179,0.00531823258299172,0.0197340851944814,0.20764614885611,482,8350,1,"1","diploid","female"
"1445","0","0","0","0",-0.936977922916412,3020.93774414062,"map_8350_1_2",5,70,300,20,5,3.77242455676161,0.1,20.3395789168142,0.524713551224465,0.698755666095536,47,0.2,1,119.955719203252,22.4742078876179,0.0186996758122256,0.0226193906036853,0.130232513739334,482,8350,1,"2","diploid","female"
"1446","0","0","0","0",-0.936977922916412,3020.93774414062,"map_8350_1_3",5,70,300,20,5,1.98174224100251,0.1,6.68374134598965,0.238820754447478,3.40881480348859,8,0.2,1,119.955719203252,22.4742078876179,0.00110660729012208,0.000738765605160573,0.497336453452207,482,8350,1,"3","diploid","female"
"1447","0","0","0","0",-0.851980626583099,2999.92138671875,"map_8351_1_1",5,70,300,20,5,0,0.1,11.0166882933523,0.193989776169361,2.09725253645675,136,0.2,1,97.5239354621532,22.4708103505216,0.00297685537467471,0.00993940643844912,0.288457284291444,483,8351,1,"1","diploid","female"
"1448","0","0","0","0",-0.851980626583099,2999.92138671875,"map_8351_1_2",5,70,300,20,5,8.14698002278752,0.1,14.7240918736363,0.260149239704852,4.02778988040613,134,0.2,1,97.5239354621532,22.4708103505216,0.00777099719820957,0.0508022916949742,0.31553993208263,483,8351,1,"2","diploid","female"
"1449","0","0","0","0",-0.851980626583099,2999.92138671875,"map_8351_1_3",5,70,300,20,5,4.12324714802963,0.1,7.964812498341,0.142893146283003,3.03257247641575,129,0.2,1,97.5239354621532,22.4708103505216,0.000815261670705202,0.000211393940997475,0.474342776291995,483,8351,1,"3","diploid","female"
"1450","0","0","0","0",-0.920054376125336,2988.07470703125,"map_8352_1_1",5,70,300,20,5,2.65769817754531,0.1,15.4925228863121,0.0948179232361733,2.35273819028626,29,0.2,1,92.6020358709798,22.4801702488828,0.00274157289020373,0.0139367635974962,0.226095943200954,484,8352,1,"1","diploid","female"
"1451","0","0","0","0",-0.920054376125336,2988.07470703125,"map_8352_1_2",5,70,300,20,5,3.11764396086411,0.1,24.5731834597483,0.349508998407595,1.40559260516476,72,0.2,1,92.6020358709798,22.4801702488828,0.0187581290026694,0.0401592183675178,0.173472436513452,484,8352,1,"2","diploid","female"
"1452","0","0","0","0",-0.920054376125336,2988.07470703125,"map_8352_1_3",5,70,300,20,5,3.59752537381579,0.1,8.58539577497947,0.0689407791922832,2.79483630697338,31,0.2,1,92.6020358709798,22.4801702488828,0.0004871123252859,0.000254284870403875,0.466909223336602,484,8352,1,"3","diploid","female"
"1453","0","0","0","0",-0.804414689540863,2982.8369140625,"map_8353_1_1",5,70,300,20,5,2.73716391104995,0.1,11.4752607662212,0.234877995221457,2.61893003826535,36,0.2,1,98.4703435375049,22.7500261325773,0.00406145564012919,0.0133578254129559,0.19405704001709,485,8353,1,"1","diploid","female"
"1454","0","0","0","0",-0.804414689540863,2982.8369140625,"map_8353_1_2",5,70,300,20,5,3.40458049055962,0.1,12.2753774270678,0.308307507285064,3.63353484937015,34,0.2,1,98.4703435375049,22.7500261325773,0.00717607568338844,0.0272541714824414,0.259075901849566,485,8353,1,"2","diploid","female"
"1455","0","0","0","0",-0.804414689540863,2982.8369140625,"map_8353_1_3",5,70,300,20,5,3.58478933289614,0.1,7.04713291407514,0.250584356159113,3.27650659276308,6,0.2,1,98.4703435375049,22.7500261325773,0.00130861855341625,0.000991364504181301,0.41994925055299,485,8353,1,"3","diploid","female"
"1456","0","0","0","0",-0.276134669780731,2953.60473632812,"map_8354_1_1",5,70,300,20,5,0,0.1,14.6934219637327,0.275528287408602,2.43794795161438,26,0.2,1,90.3804792692495,22.7748677706798,0.00637759358792897,0.0181212123472626,0.215576221699261,486,8354,1,"1","diploid","female"
"1457","0","0","0","0",-0.276134669780731,2953.60473632812,"map_8354_1_2",5,70,300,20,5,10.9459144095497,0.1,20.381086428031,0.439059968962778,1.6602335877928,38,0.2,1,90.3804792692495,22.7748677706798,0.0177975879653035,0.047675268880218,0.176578090222962,486,8354,1,"2","diploid","female"
"1458","0","0","0","0",-0.276134669780731,2953.60473632812,"map_8354_1_3",5,70,300,20,5,4.53221622245191,0.1,9.80537908005797,0.20714278262797,3.61179294077626,15,0.2,1,90.3804792692495,22.7748677706798,0.00210991547284457,0.00359537251532143,0.385118944347066,486,8354,1,"3","diploid","female"
"1459","0","0","0","0",-0.856953322887421,2833.48193359375,"map_8362_1_1",5,70,300,20,5,0,0.1,19.4559944300996,0.267412710601601,0.94499219892525,54,0.2,1,57.5969709084799,22.992753902279,0.0102376135262262,0.0361062102911318,0.156940528086718,487,8362,1,"1","diploid","female"
"1460","0","0","0","0",-0.856953322887421,2833.48193359375,"map_8362_1_2",5,70,300,20,5,3.73351272779937,0.1,18.0668886307579,0.479490278511707,0.268692527314509,74,0.2,1,57.5969709084799,22.992753902279,0.0142279706116283,0.0282413107481245,0.156802893184746,487,8362,1,"2","diploid","female"
"1461","0","0","0","0",-0.856953322887421,2833.48193359375,"map_8362_1_3",5,70,300,20,5,1.65446284829333,0.1,7.53023704448612,0.0632497126290644,1.14519740594696,13,0.2,1,57.5969709084799,22.992753902279,0.000301761837819371,9.13573073980251e-06,0.841894885967562,487,8362,1,"3","diploid","female"
"1462","0","0","0","0",-0.910201847553253,2817.07275390625,"map_8363_1_1",5,70,300,20,5,0,0.1,22.5913656138401,0.270342650279174,1.03735934569949,58,0.2,1,56.0635577687232,23.0020750643539,0.0146764252231634,0.0741570904013935,0.069033839599601,488,8363,1,"1","diploid","female"
"1463","0","0","0","0",-0.910201847553253,2817.07275390625,"map_8363_1_2",5,70,300,20,5,3.59922319298605,0.1,29.264947443526,0.292841568036604,1.23253177024138,60,0.2,1,56.0635577687232,23.0020750643539,0.0241735441057456,0.141446224874189,0.102285618058204,488,8363,1,"2","diploid","female"
"1464","0","0","0","0",-0.910201847553253,2817.07275390625,"map_8363_1_3",5,70,300,20,5,0.875538783139046,0.1,6.88185919030483,0.0375511956201963,0.205260745268153,13,0.2,1,56.0635577687232,23.0020750643539,0.000160550837030715,4.66518925987794e-06,0.461871440862001,488,8363,1,"3","diploid","female"
"1465","0","0","0","0",-0.740476489067078,2794.15380859375,"map_8365_1_1",5,70,300,20,5,2.04339998685327,0.1,18.3471961728792,0.424924096481515,0.581001445709292,98,0.2,1,56.9947706573887,23.0108336620817,0.0161874780708095,0.0670151008910612,0.109124510720841,489,8365,1,"1","diploid","female"
"1466","0","0","0","0",-0.740476489067078,2794.15380859375,"map_8365_1_2",5,70,300,20,5,2.05347473262796,0.1,12.9624434132536,0.952170824227727,0.130060935492445,182,0.2,1,56.9947706573887,23.0108336620817,0.0217211871487624,0.0913993974610347,0.12956582200385,489,8365,1,"2","diploid","female"
"1467","0","0","0","0",-0.740476489067078,2794.15380859375,"map_8365_1_3",5,70,300,20,5,0,0.1,7.47383014531821,0.0169358674380608,0.19725360571511,27,0.2,1,56.9947706573887,23.0108336620817,8.52193133471951e-05,5.23284248020743e-06,0.487941697813096,489,8365,1,"3","diploid","female"
"1468","0","0","0","0",-0.0675779283046722,2783.38354492188,"map_8366_1_1",5,70,300,20,5,1.45782024921379,0.1,10.3590566761972,0.765528543673528,1.71755925126578,31,0.2,1,18.1802185274463,23.0587328956241,0.0121117692886529,0.043742955213374,0.3000816167805,490,8366,1,"1","diploid","female"
"1469","0","0","0","0",-0.0675779283046722,2783.38354492188,"map_8366_1_2",5,70,300,20,5,3.60402478731721,0.1,5.96694586761181,0.0107541996744118,0.100326653354549,2,0.2,1,18.1802185274463,23.0587328956241,3.295793789916e-05,1.37894021759361e-06,0.685199909142728,490,8366,1,"2","diploid","female"
"1470","0","0","0","0",-0.0675779283046722,2783.38354492188,"map_8366_1_3",5,70,300,20,5,0.736629045439643,0.1,7.71927677702228,0.048387398622761,0.231463170455946,2,0.2,1,18.1802185274463,23.0587328956241,0.000247445428180437,1.24001190836814e-05,0.335364356767566,490,8366,1,"3","diploid","female"
"1471","0","0","0","0",0.191571965813637,2765.19799804688,"map_8367_1_1",5,70,300,20,5,0,0.1,9.9975675733423,0.283372439408339,1.88130970979946,9,0.2,1,19.3588035524733,23.0262832704969,0.003539327774703,0.0108189135613787,0.199794860384045,491,8367,1,"1","diploid","female"
"1472","0","0","0","0",0.191571965813637,2765.19799804688,"map_8367_1_2",5,70,300,20,5,0,0.1,50.5844589033407,3.10320344899149e-16,1.29494748449383e-29,2,0.2,1,19.3588035524733,23.0262832704969,6.2375704793704e-17,3.10320344899149e-16,0.317100604705361,491,8367,1,"2","diploid","female"
"1473","0","0","0","0",0.191571965813637,2765.19799804688,"map_8367_1_3",5,70,300,20,5,0,0.1,7.58992351517568,0.0558535077033841,0.140261666040504,2,0.2,1,19.3588035524733,23.0262832704969,0.000283002129216018,1.78949158927339e-05,0.293849470579665,491,8367,1,"3","diploid","female"
"1474","0","0","0","0",0.443325608968735,2750.95434570312,"map_8368_1_1",5,70,300,20,5,0,0.1,18.0110355367039,0.0554281281333459,0.267275915128464,6,0.2,1,20.7071505481396,22.9698812584016,0.0021821532013361,0.0102212182635255,0.13869357463239,492,8368,1,"1","diploid","female"
"1475","0","0","0","0",0.443325608968735,2750.95434570312,"map_8368_1_2",5,70,300,20,5,0,0.1,50.5443426109004,5.18753415762383e-16,0,2,0.2,1,20.7071505481396,22.9698812584016,1.04106549278912e-16,5.18753415762383e-16,0.310376386424382,492,8368,1,"2","diploid","female"
"1476","0","0","0","0",0.443325608968735,2750.95434570312,"map_8368_1_3",5,70,300,20,5,1.2533820392158,0.1,8.04467989580723,0.107300452624735,0.299440881984074,3,0.2,1,20.7071505481396,22.9698812584016,0.000600127085439464,0.000101940842690708,0.533430814373781,492,8368,1,"3","diploid","female"
"1477","0","0","0","0",-0.590919077396393,2778.4794921875,"map_8386_1_1",5,70,300,20,5,1.44751023054147,0.1,14.3144826898878,0.420932488628193,0.696050977842528,21,0.2,1,5.42110983440745,22.9117814250959,0.00963798751227007,0.0318946783094762,0.128900191900107,493,8386,1,"1","diploid","female"
"1478","0","0","0","0",-0.590919077396393,2778.4794921875,"map_8386_1_2",5,70,300,20,5,1.96967957190397,0.1,11.9263853435894,0.52877520976179,0.228192778911821,16,0.2,1,5.42110983440745,22.9117814250959,0.00777834066170897,0.0177985285990908,0.197420524986689,493,8386,1,"2","diploid","female"
"1479","0","0","0","0",-0.590919077396393,2778.4794921875,"map_8386_1_3",5,70,300,20,5,0.910361026373042,0.1,5.32936148362983,0.0554389557087355,0.192364551672725,4,0.2,1,5.42110983440745,22.9117814250959,0.000130851913582077,2.57466274654475e-07,0.516302700877726,493,8386,1,"3","diploid","female"
"1480","0","0","0","0",-0.779094398021698,2808.6591796875,"map_8387_1_1",5,70,300,20,5,2.00381654296279,0.1,11.5501772049251,0.513609223870887,0.65579166098333,12,0.2,1,9.35640723087463,22.9384170925102,0.00776581292302996,0.0209899076130748,0.241495762865509,494,8387,1,"1","diploid","female"
"1481","0","0","0","0",-0.779094398021698,2808.6591796875,"map_8387_1_2",5,70,300,20,5,1.99808059566853,0.1,8.92727171220324,0.948745802019531,0.19019721173653,19,0.2,1,9.35640723087463,22.9384170925102,0.00781242403266952,0.0128516326457489,0.350326778039119,494,8387,1,"2","diploid","female"
"1482","0","0","0","0",-0.779094398021698,2808.6591796875,"map_8387_1_3",5,70,300,20,5,0,0.1,5.426324070692,0.0760456326629461,0.135828129551817,2,0.2,1,9.35640723087463,22.9384170925102,0.000184478416070744,1.15641918843757e-07,0.72302648060971,494,8387,1,"3","diploid","female"
"1483","0","0","0","0",-0.594361007213593,2845.56103515625,"map_8388_1_1",5,70,300,20,5,0.989226445623965,0.1,10.7697663661509,0.239530822525629,1.59267360711791,30,0.2,1,10.3335870823195,22.9106895049677,0.00314812354970731,0.00623232056808868,0.202964694149759,495,8388,1,"1","diploid","female"
"1484","0","0","0","0",-0.594361007213593,2845.56103515625,"map_8388_1_2",5,70,300,20,5,2.71018225064467,0.1,9.37146346530569,0.336833251713898,1.28528413895565,39,0.2,1,10.3335870823195,22.9106895049677,0.00327846313560562,0.00421653241735598,0.307653194491147,495,8388,1,"2","diploid","female"
"1485","0","0","0","0",-0.594361007213593,2845.56103515625,"map_8388_1_3",5,70,300,20,5,0.798006707307324,0.1,6.5450645176021,0.0344924896742541,0.938343514601499,14,0.2,1,10.3335870823195,22.9106895049677,0.000126953745145433,1.39905788454977e-07,1.07578705028698,495,8388,1,"3","diploid","female"
"1486","0","0","0","0",-0.80910450220108,2897.84252929688,"map_8389_1_1",5,70,300,20,5,1.51067248157365,0.1,7.66961924808801,0.450499134403161,1.54523741101045,13,0.2,1,10.3392512614273,22.9120516307066,0.00278110611073911,0.00377841546408636,0.607454914551223,496,8389,1,"1","diploid","female"
"1487","0","0","0","0",-0.80910450220108,2897.84252929688,"map_8389_1_2",5,70,300,20,5,2.49425674921559,0.1,6.73053134353184,1.25145801634849,1.14746043963509,66,0.2,1,10.3392512614273,22.9120516307066,0.00642061562838102,0.0082438545181598,1.02319382141991,496,8389,1,"2","diploid","female"
"1488","0","0","0","0",-0.80910450220108,2897.84252929688,"map_8389_1_3",5,70,300,20,5,1.6656860537342,0.1,5.78955921099332,0.219780766481749,2.03938246055606,3,0.2,1,10.3392512614273,22.9120516307066,0.00060616281885132,8.88622068928287e-07,0.984653300162927,496,8389,1,"3","diploid","female"
"1489","0","0","0","0",0.128265500068665,2867.83984375,"map_8403_1_1",5,70,300,20,5,2.2595073522863,0.1,10.0779904361632,0.345103587477951,2.34764546136326,14,0.2,1,9.73705169742933,23.1810063080138,0.0037783600917634,0.00551452441658175,0.288657665761113,497,8403,1,"1","diploid","female"
"1490","0","0","0","0",0.128265500068665,2867.83984375,"map_8403_1_2",5,70,300,20,5,4.73136867075902,0.1,9.0704577256779,0.52364712861512,0.739146460045727,9,0.2,1,9.73705169742933,23.1810063080138,0.00391474930914981,0.00117389203650552,0.386595942471449,497,8403,1,"2","diploid","female"
"1491","0","0","0","0",0.128265500068665,2867.83984375,"map_8403_1_3",5,70,300,20,5,1.80986277957624,0.1,6.86294418078388,0.264393276209561,2.94221954328814,7,0.2,1,9.73705169742933,23.1810063080138,0.00113589362110156,0.000125466786463189,0.509246658958827,497,8403,1,"3","diploid","female"
"1492","0","0","0","0",-0.782135963439941,3180.759765625,"map_8446_1_1",5,70,300,20,5,2.34067043326187,0.1,19.9956990338392,0.271441535286101,3.23171672377068,46,0.2,1,164.15777600564,21.4160095544352,0.0119007279566301,0.0548918385031681,0.072598108798665,498,8446,1,"1","diploid","female"
"1493","0","0","0","0",-0.782135963439941,3180.759765625,"map_8446_1_2",5,70,300,20,5,5.22433870068512,0.1,17.6530999129468,0.639480729273221,0.546245875309564,54,0.2,1,164.15777600564,21.4160095544352,0.0203402655675278,0.0948850195598653,0.0853595990434778,498,8446,1,"2","diploid","female"
"1494","0","0","0","0",-0.782135963439941,3180.759765625,"map_8446_1_3",5,70,300,20,5,2.25035169497437,0.1,9.79632291541641,0.154954354224951,3.53722222955005,95,0.2,1,164.15777600564,21.4160095544352,0.00162342154683892,0.00178850532444223,0.189124321638892,498,8446,1,"3","diploid","female"
"1495","0","0","0","0",-0.858209311962128,3134.2470703125,"map_8447_1_1",5,70,300,20,5,3.92440868082751,0.1,11.1395124164806,0.39107005983592,3.42046927901428,46,0.2,1,165.789277466429,21.4601845831042,0.00648897116747209,0.022364204113791,0.232004812284711,499,8447,1,"1","diploid","female"
"1496","0","0","0","0",-0.858209311962128,3134.2470703125,"map_8447_1_2",5,70,300,20,5,4.06675464068893,0.1,11.01626988867,0.65214019797706,1.4989032917743,52,0.2,1,165.789277466429,21.4601845831042,0.00944246539101428,0.0262923847485792,0.344469828019975,499,8447,1,"2","diploid","female"
"1497","0","0","0","0",-0.858209311962128,3134.2470703125,"map_8447_1_3",5,70,300,20,5,4.48306787625208,0.1,6.1938517583771,0.350038816341548,4.10179850452862,16,0.2,1,165.789277466429,21.4601845831042,0.00133980313269794,0.000541014627301137,0.560446763263419,499,8447,1,"3","diploid","female"
"1498","0","0","0","0",-0.934596598148346,3115.94775390625,"map_8448_1_1",5,70,300,20,5,3.57750592980735,0.1,13.6939876380735,0.247854305849583,2.47501111195476,55,0.2,1,146.954906495307,21.4533019609758,0.00482548541385068,0.0100179431738023,0.233489648972119,500,8448,1,"1","diploid","female"
"1499","0","0","0","0",-0.934596598148346,3115.94775390625,"map_8448_1_2",5,70,300,20,5,3.65309363530098,0.1,11.5361038036909,0.853994703860078,0.186420305781259,142,0.2,1,146.954906495307,21.4533019609758,0.0103761977938643,0.0103445765181065,0.0813514542239405,500,8448,1,"2","diploid","female"
"1500","0","0","0","0",-0.934596598148346,3115.94775390625,"map_8448_1_3",5,70,300,20,5,4.36228903936071,0.1,8.96592294993681,0.0757330945560676,2.74673598868311,33,0.2,1,146.954906495307,21.4533019609758,0.000570335498575726,0.000217679323863837,0.674986208620494,500,8448,1,"3","diploid","female"
"1501","0","0","0","0",-0.778794229030609,3080.78369140625,"map_8449_1_1",5,70,300,20,5,3.92686652846704,0.1,14.206275274712,0.135305504885497,3.72191469123289,37,0.2,1,152.569796888535,21.4374492450938,0.00370178033619648,0.01583539732992,0.209619141126687,501,8449,1,"1","diploid","female"
"1502","0","0","0","0",-0.778794229030609,3080.78369140625,"map_8449_1_2",5,70,300,20,5,3.86151133471156,0.1,22.469829702851,0.175773608177594,5.10921160068016,48,0.2,1,152.569796888535,21.4374492450938,0.0111096497024946,0.0539445837433764,0.202723941412304,501,8449,1,"2","diploid","female"
"1503","0","0","0","0",-0.778794229030609,3080.78369140625,"map_8449_1_3",5,70,300,20,5,4.81955707142038,0.1,7.55613953758925,0.0675040624023557,2.62521896987793,91,0.2,1,152.569796888535,21.4374492450938,0.000445997665451851,0.000648221200336875,0.407823117227201,501,8449,1,"3","diploid","female"
"1504","0","0","0","0",-0.896135032176971,3052.67333984375,"map_8450_1_1",5,70,300,20,5,3.5691957351746,0.1,15.6345693432039,0.156216703687982,3.02207991500439,50,0.2,1,148.685966928932,21.438184548058,0.00483407652469341,0.0242954621320148,0.255856286910096,502,8450,1,"1","diploid","female"
"1505","0","0","0","0",-0.896135032176971,3052.67333984375,"map_8450_1_2",5,70,300,20,5,3.4336824127398,0.1,28.2633469758287,0.280371296693557,3.28406358656153,69,0.2,1,148.685966928932,21.438184548058,0.0226875600040844,0.116673035225693,0.103392737550498,502,8450,1,"2","diploid","female"
"1506","0","0","0","0",-0.896135032176971,3052.67333984375,"map_8450_1_3",5,70,300,20,5,4.61563561082889,0.1,9.84905673425529,0.0812820435824187,3.46917565158895,35,0.2,1,148.685966928932,21.438184548058,0.000821552735971441,0.00143293323092992,0.4662427753371,502,8450,1,"3","diploid","female"
"1507","0","0","0","0",-0.945234656333923,2947.33642578125,"map_8455_1_1",5,70,300,20,5,0,0.1,17.7847716657617,0.141106683016805,2.17401104280378,18,0.2,1,91.2046174290172,22.4574149798185,0.00540267178900127,0.0256481440552438,0.217843480916323,503,8455,1,"1","diploid","female"
"1508","0","0","0","0",-0.945234656333923,2947.33642578125,"map_8455_1_2",5,70,300,20,5,6.84780122106061,0.1,32.6329738901288,0.212469333130111,2.40496600075157,29,0.2,1,91.2046174290172,22.4574149798185,0.0225554932038327,0.114994740570308,0.149829831150704,503,8455,1,"2","diploid","female"
"1509","0","0","0","0",-0.945234656333923,2947.33642578125,"map_8455_1_3",5,70,300,20,5,3.5237738946114,0.1,8.0664105980002,0.050376023431765,1.74141637015796,10,0.2,1,91.2046174290172,22.4574149798185,0.000316095758542785,0.000130786993535258,0.703401035177615,503,8455,1,"3","diploid","female"
"1510","0","0","0","0",-0.939960360527039,2937.00927734375,"map_8456_1_1",5,70,300,20,5,0,0.1,15.8596698168832,0.130280920020389,2.2545510777084,75,0.2,1,98.294590571394,22.4288468661894,0.00409378942650102,0.0167484642985912,0.157332148475645,504,8456,1,"1","diploid","female"
"1511","0","0","0","0",-0.939960360527039,2937.00927734375,"map_8456_1_2",5,70,300,20,5,6.7035090719181,0.1,31.0751334607849,0.1798522708479,3.2860978370863,80,0.2,1,98.294590571394,22.4288468661894,0.0177851918941877,0.103119332452632,0.121090057983699,504,8456,1,"2","diploid","female"
"1512","0","0","0","0",-0.939960360527039,2937.00927734375,"map_8456_1_3",5,70,300,20,5,3.42083395332167,0.1,8.26803287124932,0.0477044650159532,1.88545762567872,65,0.2,1,98.294590571394,22.4288468661894,0.000346028118657015,0.000274676127980171,0.358403238053083,504,8456,1,"3","diploid","female"
"1513","0","0","0","0",-0.957299590110779,2925.97509765625,"map_8457_1_1",5,70,300,20,5,2.32094031850301,0.1,15.9162529685954,0.220172214651333,1.92825938584297,5,0.2,1,94.9299591229207,22.7592597910732,0.00659841101254892,0.0204505460525123,0.13857508783993,505,8457,1,"1","diploid","female"
"1514","0","0","0","0",-0.957299590110779,2925.97509765625,"map_8457_1_2",5,70,300,20,5,2.70739659953838,0.1,18.6090346822104,0.743528203007029,0.122258782537583,12,0.2,1,94.9299591229207,22.7592597910732,0.0267314018440332,0.0818572689359248,0.0698577792142539,505,8457,1,"2","diploid","female"
"1515","0","0","0","0",-0.957299590110779,2925.97509765625,"map_8457_1_3",5,70,300,20,5,2.87699504853012,0.1,7.70285423405213,0.146127536043926,2.350981349172,2,0.2,1,94.9299591229207,22.7592597910732,0.000826101686576397,0.000212715284527792,0.426632385066424,505,8457,1,"3","diploid","female"
"1516","0","0","0","0",-0.716870427131653,2803.21459960938,"map_8492_1_1",5,70,300,20,5,1.89643145419083,0.1,13.8376165129336,0.51907615217395,0.616775091653166,12,0.2,1,9.66417912740347,23.3632510217981,0.0113484359057599,0.0331592431783331,0.278718466627932,506,8492,1,"1","diploid","female"
"1517","0","0","0","0",-0.716870427131653,2803.21459960938,"map_8492_1_2",5,70,300,20,5,2.10046862340151,0.1,8.7624676980185,0.886309524030362,0.360343313526436,11,0.2,1,9.66417912740347,23.3632510217981,0.00723543108013377,0.00760259060632941,0.693947886400267,506,8492,1,"2","diploid","female"
"1518","0","0","0","0",-0.716870427131653,2803.21459960938,"map_8492_1_3",5,70,300,20,5,0,0.1,6.97015115031339,0.0776216496332337,0.41343943424899,2,0.2,1,9.66417912740347,23.3632510217981,0.00031238498453467,1.86887903046254e-06,0.437560571797765,506,8492,1,"3","diploid","female"
"1519","0","0","0","0",-0.361343741416931,3019.16796875,"map_8505_1_1",5,70,300,20,5,3.93290849920787,0.1,9.59648813479605,0.287237753431235,3.25425486602964,12,0.2,1,82.9896525005962,22.8278943713453,0.00262821281822727,0.00319771784537465,0.462483514790726,507,8505,1,"1","diploid","female"
"1520","0","0","0","0",-0.361343741416931,3019.16796875,"map_8505_1_2",5,70,300,20,5,5.36667991521442,0.1,7.2110517151605,1.04884697141621,1.32960403360338,29,0.2,1,82.9896525005962,22.8278943713453,0.00476697024850827,0.00134204418866049,0.609438409272316,507,8505,1,"2","diploid","female"
"1521","0","0","0","0",-0.361343741416931,3019.16796875,"map_8505_1_3",5,70,300,20,5,4.26584655444954,0.1,7.33036547765255,0.27257528030081,4.23601188766674,6,0.2,1,82.9896525005962,22.8278943713453,0.00136566799743967,0.000153117440691728,0.605591870866328,507,8505,1,"3","diploid","female"
"1522","0","0","0","0",-0.28636759519577,2937.46508789062,"map_8506_1_1",5,70,300,20,5,3.43532690260665,0.1,11.2066554556277,0.144199849648398,2.16467805106714,15,0.2,1,10.6275260983115,22.7971213901558,0.00163798462301212,0.00104908499774759,0.342796025102639,508,8506,1,"1","diploid","female"
"1523","0","0","0","0",-0.28636759519577,2937.46508789062,"map_8506_1_2",5,70,300,20,5,3.95482423842712,0.1,10.2531887668727,0.124499589577658,2.22725046392291,12,0.2,1,10.6275260983115,22.7971213901558,0.00118986867159498,0.000798091951919836,0.402222348172824,508,8506,1,"2","diploid","female"
"1524","0","0","0","0",-0.28636759519577,2937.46508789062,"map_8506_1_3",5,70,300,20,5,4.14980235106125,0.1,7.32838426341387,0.0471850483322043,2.83461931105862,19,0.2,1,10.6275260983115,22.7971213901558,0.000223342502347261,8.22166387939728e-06,0.603305469453645,508,8506,1,"3","diploid","female"
"1525","0","0","0","0",-0.106100879609585,2863.76123046875,"map_8507_1_1",5,70,300,20,5,3.17654421593487,0.1,10.8631047315804,0.209478037255903,2.428697345192,14,0.2,1,9.72022253461801,23.3499929970945,0.00298155374636831,0.00900298777715619,0.22143946461388,509,8507,1,"1","diploid","female"
"1526","0","0","0","0",-0.106100879609585,2863.76123046875,"map_8507_1_2",5,70,300,20,5,3.77135956582541,0.1,8.36733721290691,0.247612479866233,2.72637907596628,10,0.2,1,9.72022253461801,23.3499929970945,0.00192062677041848,0.00401271346247531,0.464673369644909,509,8507,1,"2","diploid","female"
"1527","0","0","0","0",-0.106100879609585,2863.76123046875,"map_8507_1_3",5,70,300,20,5,2.94026852571649,0.1,8.0785689859154,0.131824675303954,2.28545716697506,11,0.2,1,9.72022253461801,23.3499929970945,0.000772992018656993,0.000175815967331222,0.438140679473572,509,8507,1,"3","diploid","female"
"1528","0","0","0","0",-0.893353700637817,3118.966796875,"map_8550_1_1",5,70,300,20,5,3.81596238072925,0.1,12.9606309540017,0.382279700219722,2.97712645592173,15,0.2,1,169.668586604223,21.4342687190701,0.00826663294846429,0.0327519324636442,0.279923140388612,510,8550,1,"1","diploid","female"
"1529","0","0","0","0",-0.893353700637817,3118.966796875,"map_8550_1_2",5,70,300,20,5,3.91175044424939,0.1,12.5429421924763,0.793128663899327,2.23785004005011,30,0.2,1,169.668586604223,21.4342687190701,0.0184849058029325,0.111546076312831,0.504696188774134,510,8550,1,"2","diploid","female"
"1530","0","0","0","0",-0.893353700637817,3118.966796875,"map_8550_1_3",5,70,300,20,5,4.53837500745652,0.1,9.15798156268416,0.238960962036574,3.30909791285338,4,0.2,1,169.668586604223,21.4342687190701,0.00201605258709641,0.00262923922744676,0.365121050894828,510,8550,1,"3","diploid","female"
"1531","0","0","0","0",-0.639180123806,3080.5234375,"map_8551_1_1",5,70,300,20,5,4.47627351667809,0.1,12.4758629454452,0.386293267463969,4.50724590239477,46,0.2,1,167.35231851977,21.4262077737092,0.00931054471682441,0.0428654131757531,0.285498893580259,511,8551,1,"1","diploid","female"
"1532","0","0","0","0",-0.639180123806,3080.5234375,"map_8551_1_2",5,70,300,20,5,4.38805014049862,0.1,19.9697249519395,0.643228353068843,2.41571679831422,53,0.2,1,167.35231851977,21.4262077737092,0.0322034029478607,0.221340268803882,0.183486726931567,511,8551,1,"2","diploid","female"
"1533","0","0","0","0",-0.639180123806,3080.5234375,"map_8551_1_3",5,70,300,20,5,5.24602700942822,0.1,7.46079843677419,0.283006500146021,4.28182702840456,19,0.2,1,167.35231851977,21.4262077737092,0.00226841563623269,0.0062686072605457,0.559097298442713,511,8551,1,"3","diploid","female"
"1534","0","0","0","0",-0.959798395633698,3055.16943359375,"map_8552_1_1",5,70,300,20,5,0,0.1,14.0234984566207,0.152223030933536,2.87536519501041,145,0.2,1,153.947935421205,21.4298667295167,0.00331713208866945,0.0104559966389749,0.231990899505858,512,8552,1,"1","diploid","female"
"1535","0","0","0","0",-0.959798395633698,3055.16943359375,"map_8552_1_2",5,70,300,20,5,11.0512998888144,0.1,17.1532051740393,0.221383675855385,5.12150482086768,143,0.2,1,153.947935421205,21.4298667295167,0.00722751295598057,0.0295775752890255,0.214782389046476,512,8552,1,"2","diploid","female"
"1536","0","0","0","0",-0.959798395633698,3055.16943359375,"map_8552_1_3",5,70,300,20,5,3.67555210892995,0.1,8.39190275665778,0.0954944942170103,3.32464523264299,140,0.2,1,153.947935421205,21.4298667295167,0.000666066853747693,0.000369842017723366,0.482288564129493,512,8552,1,"3","diploid","female"
"1537","0","0","0","0",-0.800445854663849,3031.01928710938,"map_8553_1_1",5,70,300,20,5,3.75787999862172,0.1,12.4641764617803,0.123143910783962,3.77129696634783,55,0.2,1,157.175482936872,21.4171778846817,0.00265924955928673,0.0109891381498547,0.282730140596969,513,8553,1,"1","diploid","female"
"1538","0","0","0","0",-0.800445854663849,3031.01928710938,"map_8553_1_2",5,70,300,20,5,3.52135993195037,0.1,24.8085181543293,0.173810098292929,3.91286896907427,58,0.2,1,157.175482936872,21.4171778846817,0.0125494597046086,0.0683802444397617,0.226760106136322,513,8553,1,"2","diploid","female"
"1539","0","0","0","0",-0.800445854663849,3031.01928710938,"map_8553_1_3",5,70,300,20,5,4.75251333828687,0.1,7.54610097978529,0.0700417506649631,2.93723870119221,54,0.2,1,157.175482936872,21.4171778846817,0.00039740296906392,0.000273790897015078,0.572615628988996,513,8553,1,"3","diploid","female"
"1540","0","0","0","0",-0.872183620929718,2864.54443359375,"map_8599_1_1",5,70,300,20,5,2.06471274506282,0.1,13.8288407481706,0.190200044931815,1.60917339196528,46,0.2,1,19.0723271583798,22.9397625569357,0.00387597435532931,0.0111583011559348,0.250742105667131,514,8599,1,"1","diploid","female"
"1541","0","0","0","0",-0.872183620929718,2864.54443359375,"map_8599_1_2",5,70,300,20,5,2.2507257647443,0.1,14.8863341489872,0.471711018336087,0.40256551831076,89,0.2,1,19.0723271583798,22.9397625569357,0.00989327203280988,0.0174718344174676,0.218044609427062,514,8599,1,"2","diploid","female"
"1542","0","0","0","0",-0.872183620929718,2864.54443359375,"map_8599_1_3",5,70,300,20,5,2.31799006373298,0.1,6.19154428462782,0.112027129708822,1.38823987231291,49,0.2,1,19.0723271583798,22.9397625569357,0.000369357204932633,1.89565217104369e-06,0.7141822688639,514,8599,1,"3","diploid","female"
"1543","0","0","0","0",-0.572523355484009,2888.1064453125,"map_8600_1_1",5,70,300,20,5,2.62195366584472,0.1,13.6053823979039,0.182034866587898,1.93988169393836,25,0.2,1,20.290888222349,22.930728225877,0.00331341328322142,0.00781301970706084,0.314446063553155,515,8600,1,"1","diploid","female"
"1544","0","0","0","0",-0.572523355484009,2888.1064453125,"map_8600_1_2",5,70,300,20,5,2.91893877872061,0.1,9.77986861300236,0.734093406611384,0.334484668835533,111,0.2,1,20.290888222349,22.930728225877,0.00646171267689241,0.00875165263638241,0.15351789470131,515,8600,1,"2","diploid","female"
"1545","0","0","0","0",-0.572523355484009,2888.1064453125,"map_8600_1_3",5,70,300,20,5,2.9369161638388,0.1,8.14066183405838,0.0805619037481967,2.17826121764237,22,0.2,1,20.290888222349,22.930728225877,0.000501150282798249,6.43218255886619e-05,0.416017016948564,515,8600,1,"3","diploid","female"
"1546","0","0","0","0",-0.426106065511703,3031.54638671875,"map_8608_1_1",5,70,300,20,5,1.67470643452986,0.1,8.98678154633672,0.239724539414787,4.03844685041397,5,0.2,1,84.1151902968701,22.8284547241819,0.00218314254011494,0.0038117844650695,0.234887924610801,516,8608,1,"1","diploid","female"
"1547","0","0","0","0",-0.426106065511703,3031.54638671875,"map_8608_1_2",5,70,300,20,5,5.89266386942993,0.1,8.24115782166424,0.313143701277665,5.21134308983679,3,0.2,1,84.1151902968701,22.8284547241819,0.00209054423345549,0.00113275028899704,0.306638091171039,516,8608,1,"2","diploid","female"
"1548","0","0","0","0",-0.426106065511703,3031.54638671875,"map_8608_1_3",5,70,300,20,5,1.74760203525183,0.1,7.10234286145099,0.275822568105439,4.34637775430747,2,0.2,1,84.1151902968701,22.8284547241819,0.00133026060935191,0.000272578085537586,0.399393112383195,516,8608,1,"3","diploid","female"
"1549","0","0","0","0",0.187963843345642,2990.16015625,"map_8609_1_1",5,70,300,20,5,4.29493400863887,0.1,11.0045887945657,0.176722759166901,5.71869863464912,45,0.2,1,84.819618174404,22.7966906293022,0.00242065703567494,0.0056940736289297,0.223128709244737,517,8609,1,"1","diploid","female"
"1550","0","0","0","0",0.187963843345642,2990.16015625,"map_8609_1_2",5,70,300,20,5,8.16482160048115,0.1,9.56798240178688,0.248373768554959,6.22337951915017,45,0.2,1,84.819618174404,22.7966906293022,0.002210436172771,0.00266561253210102,0.40902248864604,517,8609,1,"2","diploid","female"
"1551","0","0","0","0",0.187963843345642,2990.16015625,"map_8609_1_3",5,70,300,20,5,3.31316233516461,0.1,9.5540770746649,0.163005073913159,5.11533270030735,123,0.2,1,84.819618174404,22.7966906293022,0.00157531404368385,0.00256399563424443,0.341559549284478,517,8609,1,"3","diploid","female"
"1552","0","0","0","0",-0.0975015833973885,2918.12890625,"map_8610_1_1",5,70,300,20,5,3.82199228015861,0.1,9.46013499400341,0.113128855698067,3.23470630674058,27,0.2,1,10.102064504217,22.8360428118363,0.000951388059680367,0.000538551658787456,0.348175615386601,518,8610,1,"1","diploid","female"
"1553","0","0","0","0",-0.0975015833973885,2918.12890625,"map_8610_1_2",5,70,300,20,5,4.25481030587354,0.1,9.16532352487462,0.155051069106707,3.12126123169504,26,0.2,1,10.102064504217,22.8360428118363,0.00112895004955207,0.000189036422835174,0.561589412970557,518,8610,1,"2","diploid","female"
"1554","0","0","0","0",-0.0975015833973885,2918.12890625,"map_8610_1_3",5,70,300,20,5,4.19539609309708,0.1,8.43488170773429,0.0803425040557432,3.1409306032466,101,0.2,1,10.102064504217,22.8360428118363,0.000506144546981314,1.69849374083315e-05,0.384892975494649,518,8610,1,"3","diploid","female"
"1555","0","0","0","0",-0.512972116470337,2814.5546875,"map_8611_1_1",5,70,300,20,5,2.22205255082625,0.1,11.1574193110464,0.48625627516176,0.913162809343894,112,0.2,1,10.3936063812619,23.3418556711867,0.00680054642080969,0.0175997108517992,0.35577336920737,519,8611,1,"1","diploid","female"
"1556","0","0","0","0",-0.512972116470337,2814.5546875,"map_8611_1_2",5,70,300,20,5,2.48938072587256,0.1,7.32181730324092,1.02306108364144,0.618932637399712,68,0.2,1,10.3936063812619,23.3418556711867,0.00512895319023774,0.0034028991876912,0.730709096577158,519,8611,1,"2","diploid","female"
"1557","0","0","0","0",-0.512972116470337,2814.5546875,"map_8611_1_3",5,70,300,20,5,1.87110978200513,0.1,5.9672581759877,0.181479297636421,1.20469665731112,69,0.2,1,10.3936063812619,23.3418556711867,0.000554563194314187,8.68565280998917e-06,0.364902705480504,519,8611,1,"3","diploid","female"
"1558","0","0","0","0",-0.909402012825012,3065.662109375,"map_8654_1_1",5,70,300,20,5,1.7972601542293,0.1,8.95985102830193,0.182555472168787,3.17571304284962,77,0.2,1,94.6498550972669,21.467183443663,0.00158059114373729,0.00330003656662864,0.344329899795808,520,8654,1,"1","diploid","female"
"1559","0","0","0","0",-0.909402012825012,3065.662109375,"map_8654_1_2",5,70,300,20,5,3.59488576175123,0.1,14.7885380352109,0.273064654088774,3.69375194737055,139,0.2,1,94.6498550972669,21.467183443663,0.00861351324337114,0.0402758065107509,0.303842270935903,520,8654,1,"2","diploid","female"
"1560","0","0","0","0",-0.909402012825012,3065.662109375,"map_8654_1_3",5,70,300,20,5,2.37473559691519,0.1,7.346914327527,0.0823706016604603,2.92946564584852,107,0.2,1,94.6498550972669,21.467183443663,0.000383785437566298,2.80403530571999e-05,0.585261587071012,520,8654,1,"3","diploid","female"
"1561","0","0","0","0",-0.652068197727203,3037.20532226562,"map_8655_1_1",5,70,300,20,5,4.06025059647992,0.1,8.06139536813802,0.372754782726874,3.49157687542302,6,0.2,1,96.6696251777319,21.4223008161103,0.00242967712509184,0.00241618430476942,0.515335799025914,521,8655,1,"1","diploid","female"
"1562","0","0","0","0",-0.652068197727203,3037.20532226562,"map_8655_1_2",5,70,300,20,5,3.74005175073071,0.1,7.14086030144745,1.07233962085188,2.42389132361718,29,0.2,1,96.6696251777319,21.4223008161103,0.00603702792274872,0.00941142178522263,0.862328680822914,521,8655,1,"2","diploid","female"
"1563","0","0","0","0",-0.652068197727203,3037.20532226562,"map_8655_1_3",5,70,300,20,5,5.20970553326579,0.1,6.91859524719447,0.167093099774726,3.93837198915758,2,0.2,1,96.6696251777319,21.4223008161103,0.000704663683156325,0.000113082423107489,0.529983965617194,521,8655,1,"3","diploid","female"
"1564","0","0","0","0",-0.68755966424942,2987.08618164062,"map_8657_1_1",5,70,300,20,5,3.68908935860148,0.1,10.8211698519247,0.139244013573599,3.30436395086651,6,0.2,1,76.9090479267792,21.4394525356863,0.00177922138976076,0.00380297769747528,0.313301005598271,522,8657,1,"1","diploid","female"
"1565","0","0","0","0",-0.68755966424942,2987.08618164062,"map_8657_1_2",5,70,300,20,5,3.17146277747991,0.1,15.0843562991752,0.620066853898608,0.323636264964849,23,0.2,1,76.9090479267792,21.4394525356863,0.0150367426373889,0.0657425853628738,0.109813699106681,522,8657,1,"2","diploid","female"
"1566","0","0","0","0",-0.68755966424942,2987.08618164062,"map_8657_1_3",5,70,300,20,5,4.90753312643476,0.1,8.43923754069203,0.0310969602123022,1.89752259633935,4,0.2,1,76.9090479267792,21.4394525356863,0.000194143183091722,3.00863821072626e-05,0.660463867660092,522,8657,1,"3","diploid","female"
"1567","0","0","0","0",-0.364114493131638,2805.49194335938,"map_8702_1_1",5,70,300,20,5,1.18841152034947,0.1,15.2104271078523,0.287617906092458,1.39481616265657,25,0.2,1,8.00865934603535,22.943167871283,0.00743056014462718,0.0249114911047676,0.135823028290892,523,8702,1,"1","diploid","female"
"1568","0","0","0","0",-0.364114493131638,2805.49194335938,"map_8702_1_2",5,70,300,20,5,2.72961056515642,0.1,12.8897837881453,0.493802814981789,0.346954605290491,33,0.2,1,8.00865934603535,22.943167871283,0.00825713771068707,0.0164323004250226,0.24608821291069,523,8702,1,"2","diploid","female"
"1569","0","0","0","0",-0.364114493131638,2805.49194335938,"map_8702_1_3",5,70,300,20,5,0.765825937752602,0.1,5.71105421403489,0.095577907863606,0.616472307589311,9,0.2,1,8.00865934603535,22.943167871283,0.000259393363579635,6.92053354535374e-07,0.425922581687253,523,8702,1,"3","diploid","female"
"1570","0","0","0","0",-0.502004206180573,2833.7333984375,"map_8703_1_1",5,70,300,20,5,1.46277488058728,0.1,11.2807793359975,0.365280562024484,1.18222614642654,64,0.2,1,19.0872500901206,22.9299563474433,0.00530815975438962,0.0138032915915023,0.284481720863687,524,8703,1,"1","diploid","female"
"1571","0","0","0","0",-0.502004206180573,2833.7333984375,"map_8703_1_2",5,70,300,20,5,2.79069513473016,0.1,8.65193262500683,0.81225747671709,0.491070745162091,95,0.2,1,19.0872500901206,22.9299563474433,0.00630332373873496,0.011028158189536,0.494492849882669,524,8703,1,"2","diploid","female"
"1572","0","0","0","0",-0.502004206180573,2833.7333984375,"map_8703_1_3",5,70,300,20,5,1.21516973519808,0.1,7.44449610055777,0.0172459272755753,0.80663991640351,65,0.2,1,19.0872500901206,22.9299563474433,8.61334654160879e-05,5.32556277080981e-06,0.306151468842242,524,8703,1,"3","diploid","female"
"1573","0","0","0","0",-0.641732335090637,2862.73193359375,"map_8704_1_1",5,70,300,20,5,2.41167084596833,0.1,11.054476176248,0.194506612422166,1.90850410984818,41,0.2,1,19.8250639315855,22.9303550255523,0.0028404684717064,0.00777580572124519,0.237357465551256,525,8704,1,"1","diploid","female"
"1574","0","0","0","0",-0.641732335090637,2862.73193359375,"map_8704_1_2",5,70,300,20,5,2.59592282893863,0.1,11.6545545276967,0.177146743268729,2.0829588574835,37,0.2,1,19.8250639315855,22.9303550255523,0.00298447549138315,0.00750179753217866,0.417531937609987,525,8704,1,"2","diploid","female"
"1575","0","0","0","0",-0.641732335090637,2862.73193359375,"map_8704_1_3",5,70,300,20,5,2.52515515597482,0.1,7.23532853571169,0.0631890469047519,1.87267680851865,60,0.2,1,19.8250639315855,22.9303550255523,0.000287258578736863,6.3986872045282e-06,0.540258848140144,525,8704,1,"3","diploid","female"
"1576","0","0","0","0",-0.441365391016006,3012.01733398438,"map_8712_1_1",5,70,300,20,5,3.70241366674643,0.1,10.3968971245203,0.127769872214997,3.12792912704793,27,0.2,1,83.367409538193,22.8358589586361,0.00157179648403547,0.00351828351201804,0.309216590608443,526,8712,1,"1","diploid","female"
"1577","0","0","0","0",-0.441365391016006,3012.01733398438,"map_8712_1_2",5,70,300,20,5,5.03030908939892,0.1,8.19029661763313,0.180779432705275,4.08405279640824,30,0.2,1,83.367409538193,22.8358589586361,0.00126571832557893,0.00172782384425443,0.640523778687013,526,8712,1,"2","diploid","female"
"1578","0","0","0","0",-0.441365391016006,3012.01733398438,"map_8712_1_3",5,70,300,20,5,4.0935027646591,0.1,7.9471251760588,0.0830121703710414,3.36190263485233,30,0.2,1,83.367409538193,22.8358589586361,0.000479069751888906,0.000149439188087407,0.539812242041045,526,8712,1,"3","diploid","female"
"1579","0","0","0","0",-0.636036813259125,2957.73852539062,"map_8713_1_1",5,70,300,20,5,2.36580997839405,0.1,12.3687718001459,0.192522344908266,2.3289088581327,56,0.2,1,85.4752468730128,22.8236363728841,0.00325765531771598,0.00870694153163706,0.4099451622113,527,8713,1,"1","diploid","female"
"1580","0","0","0","0",-0.636036813259125,2957.73852539062,"map_8713_1_2",5,70,300,20,5,4.48344579545228,0.1,8.55906558955559,0.899853715599448,0.853819100823899,166,0.2,1,85.4752468730128,22.8236363728841,0.00691697828657899,0.0115596174318624,0.575992790726444,527,8713,1,"2","diploid","female"
"1581","0","0","0","0",-0.636036813259125,2957.73852539062,"map_8713_1_3",5,70,300,20,5,2.19374707025008,0.1,7.62472537975777,0.0617911081240522,2.87332189720256,96,0.2,1,85.4752468730128,22.8236363728841,0.000317992975672381,6.26405287664432e-05,0.779318592103653,527,8713,1,"3","diploid","female"
"1582","0","0","0","0",-0.633110880851746,2863.11474609375,"map_8714_1_1",5,70,300,20,5,2.45726262529606,0.1,13.7576734198551,0.161633138989706,1.66555573518836,21,0.2,1,8.52230298303785,22.844167937472,0.00301714688869142,0.00454834779825509,0.251082579248051,528,8714,1,"1","diploid","female"
"1583","0","0","0","0",-0.633110880851746,2863.11474609375,"map_8714_1_2",5,70,300,20,5,2.59115008282343,0.1,14.3122401046006,0.150331777528481,1.55586107181401,18,0.2,1,8.52230298303785,22.844167937472,0.00283182043112239,0.00340831969342499,0.384200401526094,528,8714,1,"2","diploid","female"
"1584","0","0","0","0",-0.633110880851746,2863.11474609375,"map_8714_1_3",5,70,300,20,5,2.63686348250287,0.1,7.30317780133859,0.0686267686495864,1.63837700849396,18,0.2,1,8.52230298303785,22.844167937472,0.000325059458343414,1.70275216776896e-06,0.613211995798785,528,8714,1,"3","diploid","female"
"1585","0","0","0","0",-0.669612646102905,3003.14306640625,"map_8759_1_1",5,70,300,20,5,3.26100997109301,0.1,16.0177782961909,0.11958592234215,3.21733795344715,28,0.2,1,91.4426223906964,22.4788001748019,0.0032076620498028,0.00731965069648208,0.180619981080647,529,8759,1,"1","diploid","female"
"1586","0","0","0","0",-0.669612646102905,3003.14306640625,"map_8759_1_2",5,70,300,20,5,3.81042130545518,0.1,14.159735434158,0.688861574439948,0.260716886190051,107,0.2,1,91.4426223906964,22.4788001748019,0.0132926779195248,0.0257000759233636,0.107581434523827,529,8759,1,"2","diploid","female"
"1587","0","0","0","0",-0.669612646102905,3003.14306640625,"map_8759_1_3",5,70,300,20,5,4.21214395314714,0.1,9.05920651617559,0.0813334828365082,3.33287353706871,35,0.2,1,91.4426223906964,22.4788001748019,0.000668884817480925,0.000282514481602008,0.404450810011094,529,8759,1,"3","diploid","female"
"1588","0","0","0","0",-0.722272872924805,2975.02856445312,"map_8760_1_1",5,70,300,20,5,2.27154238781902,0.1,11.7598294001904,0.203131583396327,2.60838888702367,124,0.2,1,75.2864783198334,22.4869950865854,0.00336721482778828,0.00809512237533537,0.261483177733352,530,8760,1,"1","diploid","female"
"1589","0","0","0","0",-0.722272872924805,2975.02856445312,"map_8760_1_2",5,70,300,20,5,7.25764033628373,0.1,19.2773467920858,0.404899293914801,1.21715793566913,156,0.2,1,75.2864783198334,22.4869950865854,0.014944297196777,0.0606780498268952,0.227404765880636,530,8760,1,"2","diploid","female"
"1590","0","0","0","0",-0.722272872924805,2975.02856445312,"map_8760_1_3",5,70,300,20,5,2.22100706683686,0.1,7.56566382965167,0.123672025793269,2.78991273803812,122,0.2,1,75.2864783198334,22.4869950865854,0.000635249885157343,0.000105454831824133,0.577190159542744,530,8760,1,"3","diploid","female"
"1591","0","0","0","0",-0.532599091529846,2813.2900390625,"map_8807_1_1",5,70,300,20,5,1.07503307796142,0.1,12.3936472348046,0.277587885475531,1.48926214052104,40,0.2,1,7.19421579463538,22.9142132755926,0.00492621426843914,0.0138183384072911,0.154114313795838,531,8807,1,"1","diploid","female"
"1592","0","0","0","0",-0.532599091529846,2813.2900390625,"map_8807_1_2",5,70,300,20,5,2.51911868846759,0.1,10.5733925529905,0.301588064316696,1.24249993163157,34,0.2,1,7.19421579463538,22.9142132755926,0.00369110439703423,0.00663350318818598,0.241415548358651,531,8807,1,"2","diploid","female"
"1593","0","0","0","0",-0.532599091529846,2813.2900390625,"map_8807_1_3",5,70,300,20,5,0.752997097376485,0.1,5.31820030878948,0.0757383586440722,0.339248468101798,19,0.2,1,7.19421579463538,22.9142132755926,0.000175725824915201,1.54975894479265e-06,0.670555521744745,531,8807,1,"3","diploid","female"
"1594","0","0","0","0",-0.484334856271744,2839.34252929688,"map_8808_1_1",5,70,300,20,5,2.57374229672134,0.1,13.409782195586,0.248353153685974,1.44211878024464,48,0.2,1,7.54762790347155,22.936944173684,0.00470210667899677,0.0125208696448853,0.259701906361221,532,8808,1,"1","diploid","female"
"1595","0","0","0","0",-0.484334856271744,2839.34252929688,"map_8808_1_2",5,70,300,20,5,2.64123672764534,0.1,9.21462093817483,0.80516869657559,0.332468236441035,92,0.2,1,7.54762790347155,22.936944173684,0.00686737090292989,0.00848689426080839,0.440372241434662,532,8808,1,"2","diploid","female"
"1596","0","0","0","0",-0.484334856271744,2839.34252929688,"map_8808_1_3",5,70,300,20,5,2.39823972073224,0.1,6.7939347480252,0.08831493897902,1.49083512708309,71,0.2,1,7.54762790347155,22.936944173684,0.000343909927309585,1.95740933926381e-06,0.371423205500867,532,8808,1,"3","diploid","female"
"1597","0","0","0","0",-0.939366161823273,3002.47607421875,"map_8815_1_1",5,70,300,20,5,2.80588016807555,0.1,5.73187373290015,0.213459325341256,2.07562411706893,3,0.2,1,9.59860597732802,21.9098653613795,0.000611298070642396,2.39221940659379e-05,0.618281048163896,533,8815,1,"1","diploid","female"
"1598","0","0","0","0",-0.939366161823273,3002.47607421875,"map_8815_1_2",5,70,300,20,5,2.76887384259232,0.1,5.69069009774151,0.321572440399577,2.31400631424639,3,0.2,1,9.59860597732802,21.9098653613795,0.000940336657070699,0.000141304523903262,0.767461799540946,533,8815,1,"2","diploid","female"
"1599","0","0","0","0",-0.939366161823273,3002.47607421875,"map_8815_1_3",5,70,300,20,5,4.32419584272374,0.1,5.37781619906875,0.147711047532993,1.67982518639431,1,0.2,1,9.59860597732802,21.9098653613795,0.000348605543898845,7.1696972249962e-08,0.997094445446712,533,8815,1,"3","diploid","female"
"1600","0","0","0","0",-0.683966815471649,2953.69946289062,"map_8816_1_1",5,70,300,20,5,2.67309929942846,0.1,5.56785924944709,0.639277993950178,2.52567720771741,7,0.2,1,9.0498341073675,22.8259209752215,0.00175674647585538,0.00039444800166022,0.853458706018115,534,8816,1,"1","diploid","female"
"1601","0","0","0","0",-0.683966815471649,2953.69946289062,"map_8816_1_2",5,70,300,20,5,3.20994165530818,0.1,5.1950494073771,2.27726334816138,2.90806427970551,152,0.2,1,9.0498341073675,22.8259209752215,0.00508254608501577,0.000593444769701627,1.67820531525017,534,8816,1,"2","diploid","female"
"1602","0","0","0","0",-0.683966815471649,2953.69946289062,"map_8816_1_3",5,70,300,20,5,3.6596334993459,0.1,5.25845400100921,0.46531618997456,2.44587361541371,2,0.2,1,9.0498341073675,22.8259209752215,0.0010440292851195,1.19333734406064e-06,1.04463440484666,534,8816,1,"3","diploid","female"
"1603","0","0","0","0",-0.75722199678421,2877.85180664062,"map_8817_1_1",5,70,300,20,5,1.21434243216147,0.1,12.3530416798851,0.194584631220052,1.48641513752852,30,0.2,1,9.78781136464439,22.7880239243787,0.00276336707976826,0.00302419424873436,0.307175259407184,535,8817,1,"1","diploid","female"
"1604","0","0","0","0",-0.75722199678421,2877.85180664062,"map_8817_1_2",5,70,300,20,5,2.72064896397961,0.1,9.32920970994778,0.814790802033291,0.212635617692587,146,0.2,1,9.78781136464439,22.7880239243787,0.00637614388955119,0.00544627281082414,0.171403868189648,535,8817,1,"2","diploid","female"
"1605","0","0","0","0",-0.75722199678421,2877.85180664062,"map_8817_1_3",5,70,300,20,5,1.26174570434349,0.1,7.1131096475577,0.0732065673591519,1.83593708800156,22,0.2,1,9.78781136464439,22.7880239243787,0.000319713539677226,4.09844080993841e-06,0.568169344196363,535,8817,1,"3","diploid","female"
"1606","0","0","0","0",-0.806919157505035,3051.04125976562,"map_8859_1_1",5,70,300,20,5,3.04667446624102,0.1,18.9176387577806,0.184244182594979,3.76638497004345,54,0.2,1,130.412557075982,21.9695123944964,0.0074716678658863,0.0343348028914785,0.115712491811507,536,8859,1,"1","diploid","female"
"1607","0","0","0","0",-0.806919157505035,3051.04125976562,"map_8859_1_2",5,70,300,20,5,9.48048477075884,0.1,23.3210455028111,0.318718362704389,2.39284166265101,60,0.2,1,130.412557075982,21.9695123944964,0.017427132350977,0.081806791783394,0.140152380474221,536,8859,1,"2","diploid","female"
"1608","0","0","0","0",-0.806919157505035,3051.04125976562,"map_8859_1_3",5,70,300,20,5,2.95064430965385,0.1,9.60849814683547,0.120200691767883,4.09668715216662,49,0.2,1,130.412557075982,21.9695123944964,0.00123272133773028,0.00196674104623066,0.305773112139613,536,8859,1,"3","diploid","female"
"1609","0","0","0","0",-0.870215058326721,3042.72583007812,"map_8860_1_1",5,70,300,20,5,3.19089054668207,0.1,12.291729528719,0.225898706761004,3.03326201243982,7,0.2,1,93.7322580204454,21.9870317993502,0.00362881366768319,0.00594085010304867,0.248893548861293,537,8860,1,"1","diploid","female"
"1610","0","0","0","0",-0.870215058326721,3042.72583007812,"map_8860_1_2",5,70,300,20,5,3.44106848637411,0.1,10.7615812063862,0.922729234565893,0.224768417247778,26,0.2,1,93.7322580204454,21.9870317993502,0.00999879423744507,0.0119148108920303,0.0849354099609589,537,8860,1,"2","diploid","female"
"1611","0","0","0","0",-0.870215058326721,3042.72583007812,"map_8860_1_3",5,70,300,20,5,4.36706055291587,0.1,7.05454985294324,0.176353358005513,3.51122105532545,4,0.2,1,93.7322580204454,21.9870317993502,0.000845782519179215,0.000181832963218346,0.47232178690547,537,8860,1,"3","diploid","female"
"1612","0","0","0","0",-0.167170748114586,2801.0048828125,"map_8911_1_1",5,70,300,20,5,2.73716192482213,0.1,12.5714871460241,0.388930334409364,1.75716974657007,9,0.2,1,7.383094389301,23.3811678796644,0.00769411156641544,0.0240033735681048,0.13601561064308,538,8911,1,"1","diploid","female"
"1613","0","0","0","0",-0.167170748114586,2801.0048828125,"map_8911_1_2",5,70,300,20,5,2.97413474659991,0.1,8.03668170111039,0.482167688657638,2.08806153712161,4,0.2,1,7.383094389301,23.3811678796644,0.0037303253129527,0.00429700657210718,0.340464171314061,538,8911,1,"2","diploid","female"
"1614","0","0","0","0",-0.167170748114586,2801.0048828125,"map_8911_1_3",5,70,300,20,5,1.96382199085945,0.1,6.29515264838115,0.363508099928838,1.61220527272753,3,0.2,1,7.383094389301,23.3811678796644,0.0012840824683713,5.32771730989036e-05,0.440011780901888,538,8911,1,"3","diploid","female"
"1615","0","0","0","0",-0.877471745014191,2909.703125,"map_8919_1_1",5,70,300,20,5,0.96099182643819,0.1,9.76814293762352,0.120877200694137,1.65453468356662,14,0.2,1,9.09253331834444,23.1114436727294,0.00122713854393735,0.00238102239889516,0.282866061601126,539,8919,1,"1","diploid","female"
"1616","0","0","0","0",-0.877471745014191,2909.703125,"map_8919_1_2",5,70,300,20,5,2.74135759341254,0.1,10.475800162023,0.0813324412660024,2.43279487192857,11,0.2,1,9.09253331834444,23.1114436727294,0.00104323025189475,0.00280365936439828,0.447379917154132,539,8919,1,"2","diploid","female"
"1617","0","0","0","0",-0.877471745014191,2909.703125,"map_8919_1_3",5,70,300,20,5,1.05952006872602,0.1,7.45254376780064,0.0414178566061381,1.79015514266434,8,0.2,1,9.09253331834444,23.1114436727294,0.000190868777545154,8.56402611397804e-07,0.638961489921348,539,8919,1,"3","diploid","female"
"1618","0","0","0","0",-0.776371419429779,2874.25122070312,"map_8920_1_1",5,70,300,20,5,2.02101910107888,0.1,13.4486144915869,0.225669054022046,1.11330218895439,33,0.2,1,9.7097110402495,23.4433007837002,0.00410710086229742,0.0109597146053706,0.256768828160221,540,8920,1,"1","diploid","female"
"1619","0","0","0","0",-0.776371419429779,2874.25122070312,"map_8920_1_2",5,70,300,20,5,2.56258992407661,0.1,11.102839399663,0.395535850789359,0.509533338379327,43,0.2,1,9.7097110402495,23.4433007837002,0.00436819268226554,0.00408913687859591,0.281869112467728,540,8920,1,"2","diploid","female"
"1620","0","0","0","0",-0.776371419429779,2874.25122070312,"map_8920_1_3",5,70,300,20,5,2.29981007571541,0.1,7.16122069802863,0.113250290198531,1.60880595024699,19,0.2,1,9.7097110402495,23.4433007837002,0.000484956079353182,1.11547766646751e-05,0.591814193445016,540,8920,1,"3","diploid","female"
"1621","0","0","0","0",-0.697397232055664,2804.06958007812,"map_8921_1_1",5,70,300,20,5,1.90779334287833,0.1,14.8758695343705,0.292408366191503,1.14167732636587,74,0.2,1,9.07554076598382,23.4361911575131,0.00820562155580028,0.0370473168023083,0.134255754215576,541,8921,1,"1","diploid","female"
"1622","0","0","0","0",-0.697397232055664,2804.06958007812,"map_8921_1_2",5,70,300,20,5,2.16425152455651,0.1,10.7565786301795,0.23673575071598,1.63256692816588,46,0.2,1,9.07554076598382,23.4361911575131,0.00373464608988439,0.0152605566715731,0.328812387274187,541,8921,1,"2","diploid","female"
"1623","0","0","0","0",-0.697397232055664,2804.06958007812,"map_8921_1_3",5,70,300,20,5,0,0.1,7.40971745224196,0.0230668670958765,0.464483923056299,53,0.2,1,9.07554076598382,23.4361911575131,0.000110876411313821,9.51081180338627e-07,0.327144391185526,541,8921,1,"3","diploid","female"
"1624","0","0","0","0",-0.688515603542328,2748.84741210938,"map_8922_1_1",5,70,300,20,5,0,0.1,17.5382655402294,0.381899075874467,0.63691579251481,42,0.2,1,2.8471215910269,23.430136886546,0.0138433859123477,0.070584750865095,0.075397217225718,542,8922,1,"1","diploid","female"
"1625","0","0","0","0",-0.688515603542328,2748.84741210938,"map_8922_1_2",5,70,300,20,5,0,0.1,9.31866468053072,0.00105677254071585,0.0116971500109082,5,0.2,1,2.8471215910269,23.430136886546,7.85227093939058e-06,8.7903105083498e-07,0.559917960846987,542,8922,1,"2","diploid","female"
"1626","0","0","0","0",-0.688515603542328,2748.84741210938,"map_8922_1_3",5,70,300,20,5,0,0.1,7.64338492347029,0.0375154419263159,0.0224019095496782,5,0.2,1,2.8471215910269,23.430136886546,0.000183146429637399,3.81517530581763e-06,0.652285012165036,542,8922,1,"3","diploid","female"
"1627","0","0","0","0",-0.527506172657013,2969.32495117188,"map_8966_1_1",5,70,300,20,5,4.61021548050689,0.1,11.422441943644,0.387176116362701,2.90716877120392,98,0.2,1,95.9592063498259,22.4340227619226,0.00663960395909751,0.023465845053117,0.336731986275158,543,8966,1,"1","diploid","female"
"1628","0","0","0","0",-0.527506172657013,2969.32495117188,"map_8966_1_2",5,70,300,20,5,8.01827083404805,0.1,14.021512566808,0.774046456614266,1.78803071892121,179,0.2,1,95.9592063498259,22.4340227619226,0.0213762338420336,0.0921172637320929,0.392135209350883,543,8966,1,"2","diploid","female"
"1629","0","0","0","0",-0.527506172657013,2969.32495117188,"map_8966_1_3",5,70,300,20,5,4.05591062975557,0.1,7.8442532127019,0.22192397693224,3.38916242594839,44,0.2,1,95.9592063498259,22.4340227619226,0.00135052077141284,0.0011751039967054,0.509468431019571,543,8966,1,"3","diploid","female"
"1630","0","0","0","0",-0.675187230110168,2770.68701171875,"map_9015_1_1",5,70,300,20,5,1.82720292211416,0.1,17.088105882898,0.475295721496885,0.470559089400713,55,0.2,1,6.59887786994246,23.3844978442356,0.0158624819167985,0.0607268381457281,0.10306348711296,544,9015,1,"1","diploid","female"
"1631","0","0","0","0",-0.675187230110168,2770.68701171875,"map_9015_1_2",5,70,300,20,5,0,0.1,6.43555973924433,0.0206337959073008,0.46854991834218,9,0.2,1,6.59887786994246,23.3844978442356,9.12877025016212e-05,3.47006428943191e-05,0.512108223169643,544,9015,1,"2","diploid","female"
"1632","0","0","0","0",-0.675187230110168,2770.68701171875,"map_9015_1_3",5,70,300,20,5,0,0.1,6.28295399131551,0.0471514791570274,0.154097446594279,7,0.2,1,6.59887786994246,23.3844978442356,0.000157037789715259,4.08241255280232e-07,0.821006775421413,544,9015,1,"3","diploid","female"
"1633","0","0","0","0",-0.545965909957886,2834.72509765625,"map_9023_1_1",5,70,300,20,5,1.08283684853368,0.1,10.292970571009,0.412902188688119,1.19374043328387,31,0.2,1,10.0349656759678,23.0857371101084,0.00492395754987017,0.0124601990640215,0.390218130305561,545,9023,1,"1","diploid","female"
"1634","0","0","0","0",-0.545965909957886,2834.72509765625,"map_9023_1_2",5,70,300,20,5,2.73060826076656,0.1,7.04751208455253,1.09831644249239,0.797047864107395,142,0.2,1,10.0349656759678,23.0857371101084,0.00540507299344103,0.00765304540029411,0.784913903563901,545,9023,1,"2","diploid","female"
"1635","0","0","0","0",-0.545965909957886,2834.72509765625,"map_9023_1_3",5,70,300,20,5,0.840239958541804,0.1,6.58135175454344,0.105363343535013,1.34862831808685,9,0.2,1,10.0349656759678,23.0857371101084,0.000388473056617048,1.64591112531731e-05,0.655049660890287,545,9023,1,"3","diploid","female"
"1636","0","0","0","0",-0.818404316902161,2776.34936523438,"map_9024_1_1",5,70,300,20,5,0.776090066361648,0.1,15.6635823942382,0.356010134205443,0.809111688019565,102,0.2,1,9.1351235746669,23.4035688001056,0.0104975280501498,0.043271736538274,0.103489078056966,546,9024,1,"1","diploid","female"
"1637","0","0","0","0",-0.818404316902161,2776.34936523438,"map_9024_1_2",5,70,300,20,5,1.93178870479567,0.1,11.5226816194319,0.278297457236631,0.9579499639768,58,0.2,1,9.1351235746669,23.4035688001056,0.00417415803367335,0.0093865896736233,0.238947091659095,546,9024,1,"2","diploid","female"
"1638","0","0","0","0",-0.818404316902161,2776.34936523438,"map_9024_1_3",5,70,300,20,5,0.48960643679997,0.1,6.22689572766981,0.0231218885066582,0.166798596925736,45,0.2,1,9.1351235746669,23.4035688001056,8.10459850510503e-05,5.81162054803478e-07,0.485403809223563,546,9024,1,"3","diploid","female"
"1639","0","0","0","0",-0.891043126583099,2961.44555664062,"map_9069_1_1",5,70,300,20,5,0,0.1,16.6549590763366,0.329301571407184,1.74201197337651,46,0.2,1,167.833885420993,22.4428223433553,0.00999979438358809,0.0385739381920219,0.0935670570338443,547,9069,1,"1","diploid","female"
"1640","0","0","0","0",-0.891043126583099,2961.44555664062,"map_9069_1_2",5,70,300,20,5,13.2963548058344,0.1,11.4456852247957,1.10440646723525,0.279215797354721,57,0.2,1,167.833885420993,22.4428223433553,0.0161687822130639,0.0524558069270509,0.0435816210056302,547,9069,1,"2","diploid","female"
"1641","0","0","0","0",-0.891043126583099,2961.44555664062,"map_9069_1_3",5,70,300,20,5,5.83052966446675,0.1,10.2515466042454,0.230904985900004,3.28945389908105,36,0.2,1,167.833885420993,22.4428223433553,0.00273784288897215,0.00472908661624204,0.221129434302533,547,9069,1,"3","diploid","female"
"1642","0","0","0","0",-0.717113614082336,2926.599609375,"map_9070_1_1",5,70,300,20,5,0,0.1,19.2268673461084,0.310096227624114,1.55786387482229,60,0.2,1,160.37067554005,22.4455399243935,0.0125961016476133,0.0520452272596512,0.182849132527337,548,9070,1,"1","diploid","female"
"1643","0","0","0","0",-0.717113614082336,2926.599609375,"map_9070_1_2",5,70,300,20,5,0,0.1,23.9959930763444,0.559680090988829,0.771794513779804,96,0.2,1,160.37067554005,22.4455399243935,0.0334384920348617,0.113914710179742,0.0795399569879769,548,9070,1,"2","diploid","female"
"1644","0","0","0","0",-0.717113614082336,2926.599609375,"map_9070_1_3",5,70,300,20,5,0,0.1,12.3552703529318,0.128288546140862,2.55257926083274,33,0.2,1,160.37067554005,22.4455399243935,0.00201583059225576,0.00373783992891503,0.324502976358665,548,9070,1,"3","diploid","female"
"1645","0","0","0","0",0.797568619251251,2776.05639648438,"map_9103_1_1",5,70,300,20,5,0,0.1,6.94192566152611,0.296145870816595,3.34201700957547,61,0.2,1,9.22395300824331,23.0511689634946,0.00171421858391837,0.00304398278047566,0.403227363236919,549,9103,1,"1","diploid","female"
"1646","0","0","0","0",0.797568619251251,2776.05639648438,"map_9103_1_2",5,70,300,20,5,0,0.1,50.6624505808471,7.03439002617068e-17,0,15,0.2,1,9.22395300824331,23.0511689634946,1.41829732811961e-17,7.03439002617068e-17,0.325559333487425,549,9103,1,"2","diploid","female"
"1647","0","0","0","0",0.797568619251251,2776.05639648438,"map_9103_1_3",5,70,300,20,5,0,0.1,8.00349593559372,0.146290664542745,1.1214798109866,139,0.2,1,9.22395300824331,23.0511689634946,0.000896652873580815,0.000493725904988285,0.254024243456985,549,9103,1,"3","diploid","female"
"1648","0","0","0","0",-0.958408892154694,3041.75244140625,"map_9159_1_1",5,70,300,20,5,3.44507215516871,0.1,11.9395287262877,0.216470650566732,3.3629992563584,8,0.2,1,164.853217945542,21.3333959315438,0.00403567600121335,0.0175161483497975,0.292810152813633,550,9159,1,"1","diploid","female"
"1649","0","0","0","0",-0.958408892154694,3041.75244140625,"map_9159_1_2",5,70,300,20,5,3.22281973517081,0.1,20.2711077483812,0.310908569424378,4.24829877664298,9,0.2,1,164.853217945542,21.3333959315438,0.0147512824136487,0.0982730919086046,0.18215467876837,550,9159,1,"2","diploid","female"
"1650","0","0","0","0",-0.958408892154694,3041.75244140625,"map_9159_1_3",5,70,300,20,5,4.43818182602346,0.1,8.4043547121011,0.127854238416975,2.6206566369382,4,0.2,1,164.853217945542,21.3333959315438,0.000857869276778327,0.000757852789031925,0.528555084688929,550,9159,1,"3","diploid","female"
"1651","0","0","0","0",0.336060166358948,3066.74633789062,"map_9415_1_1",5,70,300,20,5,6.9133329084751,0.1,11.6974923534759,0.149934506943118,5.63698144432068,22,0.2,1,68.8784927624801,22.6322365525289,0.0022475953558487,0.00424204737646903,0.255600082508945,551,9415,1,"1","diploid","female"
"1652","0","0","0","0",0.336060166358948,3066.74633789062,"map_9415_1_2",5,70,300,20,5,12.5128417794617,0.1,9.38213061629281,0.159935630055616,6.33278608783954,13,0.2,1,68.8784927624801,22.6322365525289,0.00131338670263799,0.000744036244084782,0.622764973325465,551,9415,1,"2","diploid","female"
"1653","0","0","0","0",0.336060166358948,3066.74633789062,"map_9415_1_3",5,70,300,20,5,5.5348833200122,0.1,11.1320483987755,0.163436496166867,5.37902346237614,73,0.2,1,68.8784927624801,22.6322365525289,0.00213847928552504,0.00344861156861582,0.242236592386783,551,9415,1,"3","diploid","female"
"1654","0","0","0","0",-0.922872185707092,3051.07250976562,"map_9518_1_1",5,70,300,20,5,3.01439657476561,0.1,8.90356894273687,0.141143485578546,2.59426323174142,6,0.2,1,63.9061056007182,22.0777227501009,0.00118335297049706,0.00172200822833908,0.315912184344508,552,9518,1,"1","diploid","female"
"1655","0","0","0","0",-0.922872185707092,3051.07250976562,"map_9518_1_2",5,70,300,20,5,3.23955749524312,0.1,9.05432511631746,0.172078918019057,3.20153850039187,5,0.2,1,63.9061056007182,22.0777227501009,0.0015613871926261,0.00272641425687806,0.409967390970986,552,9518,1,"2","diploid","female"
"1656","0","0","0","0",-0.922872185707092,3051.07250976562,"map_9518_1_3",5,70,300,20,5,4.35720543126743,0.1,6.86752609906827,0.0785344523387681,2.78702710344552,3,0.2,1,63.9061056007182,22.0777227501009,0.000317196514840918,1.66393529944424e-05,0.572683194215628,552,9518,1,"3","diploid","female"
"1657","0","0","0","0",-0.804043889045715,3036.07104492188,"map_9519_1_1",5,70,300,20,5,2.90934783174708,0.1,13.3841603979581,0.129728937661884,2.47243727243754,22,0.2,1,67.1436199112192,22.6364082218141,0.00219055906047269,0.00308732548995736,0.350768542614363,553,9519,1,"1","diploid","female"
"1658","0","0","0","0",-0.804043889045715,3036.07104492188,"map_9519_1_2",5,70,300,20,5,3.59753348896836,0.1,9.44128119850428,0.837287273203644,0.401786801707607,126,0.2,1,67.1436199112192,22.6364082218141,0.00640315600390294,0.00195847786215885,0.146212171227543,553,9519,1,"2","diploid","female"
"1659","0","0","0","0",-0.804043889045715,3036.07104492188,"map_9519_1_3",5,70,300,20,5,4.10911014549039,0.1,8.49789168881188,0.0671926354504711,2.98859774867203,22,0.2,1,67.1436199112192,22.6364082218141,0.000457664580105876,9.05806549010603e-05,0.468154213634263,553,9519,1,"3","diploid","female"
"1660","0","0","0","0",-0.681767404079437,3157.85571289062,"map_9617_1_1",5,70,300,20,5,2.61260308288275,0.1,14.4732459917957,0.291725024838815,3.19859163974826,41,0.2,1,147.984204086354,21.2300140469573,0.00755698867288896,0.0284351377692041,0.286999162728875,554,9617,1,"1","diploid","female"
"1661","0","0","0","0",-0.681767404079437,3157.85571289062,"map_9617_1_2",5,70,300,20,5,5.13022560432697,0.1,9.6049958787613,0.875392043852949,1.45047928230248,139,0.2,1,147.984204086354,21.2300140469573,0.0105749016763227,0.0307057811410903,0.579350076705782,554,9617,1,"2","diploid","female"
"1662","0","0","0","0",-0.681767404079437,3157.85571289062,"map_9617_1_3",5,70,300,20,5,2.63543453861714,0.1,10.0948810168898,0.117377082244354,4.09068077102212,20,0.2,1,147.984204086354,21.2300140469573,0.00123830713376148,0.00188968960994288,0.462000589351686,554,9617,1,"3","diploid","female"
"1663","0","0","0","0",-0.541763246059418,3027.52563476562,"map_9619_1_1",5,70,300,20,5,6.86668205769967,0.1,15.8297500059953,0.213336323742133,4.80858097765139,70,0.2,1,155.966884651057,21.2143329861156,0.00590068332461883,0.017245816100721,0.10335219570789,555,9619,1,"1","diploid","female"
"1664","0","0","0","0",-0.541763246059418,3027.52563476562,"map_9619_1_2",5,70,300,20,5,9.38419739663594,0.1,23.3583174792651,0.377974217613336,2.61354009010393,127,0.2,1,155.966884651057,21.2143329861156,0.0217261943402168,0.0801507651801982,0.0750095252451334,555,9619,1,"2","diploid","female"
"1665","0","0","0","0",-0.541763246059418,3027.52563476562,"map_9619_1_3",5,70,300,20,5,5.05240832687082,0.1,9.98349232491995,0.12094632226254,4.72685248618241,65,0.2,1,155.966884651057,21.2143329861156,0.00129090362688114,0.00193815298480204,0.300389291265577,555,9619,1,"3","diploid","female"
"1666","0","0","0","0",-0.952667117118835,2992.546875,"map_9620_1_1",5,70,300,20,5,2.40256751740844,0.1,17.6895081061264,0.241962127269663,2.77964042265818,97,0.2,1,155.900711972056,22.0287415746307,0.00840804926516984,0.032357087096331,0.177820546387592,556,9620,1,"1","diploid","female"
"1667","0","0","0","0",-0.952667117118835,2992.546875,"map_9620_1_2",5,70,300,20,5,6.80281868645329,0.1,22.9851306968585,0.446764878709947,1.39610200985133,125,0.2,1,155.900711972056,22.0287415746307,0.0221444822683564,0.0736834463262831,0.0854866055376938,556,9620,1,"2","diploid","female"
"1668","0","0","0","0",-0.952667117118835,2992.546875,"map_9620_1_3",5,70,300,20,5,2.41937424662484,0.1,9.21640753620545,0.12320277230463,3.10334048855324,58,0.2,1,155.900711972056,22.0287415746307,0.00108376634925692,0.00114207270482947,0.450342106963933,556,9620,1,"3","diploid","female"
"1669","0","0","0","0",-0.988600611686707,2987.8798828125,"map_9621_1_1",5,70,300,20,5,2.7473273275607,0.1,7.02632761251388,0.208391675449694,2.25496792688441,8,0.2,1,61.344099154108,22.0971502111864,0.00116771679416847,0.0013057070675074,0.415949468353872,557,9621,1,"1","diploid","female"
"1670","0","0","0","0",-0.988600611686707,2987.8798828125,"map_9621_1_2",5,70,300,20,5,2.76557696012826,0.1,13.218140575406,0.301778984588326,1.63812122596712,7,0.2,1,61.344099154108,22.0971502111864,0.00548468586433283,0.0082826177353767,0.327354412280243,557,9621,1,"2","diploid","female"
"1671","0","0","0","0",-0.988600611686707,2987.8798828125,"map_9621_1_3",5,70,300,20,5,3.96697012872711,0.1,5.55246857655274,0.163612823675333,2.00421417037811,4,0.2,1,61.344099154108,22.0971502111864,0.000428670890814906,7.21664275470407e-06,0.793833371593494,557,9621,1,"3","diploid","female"
"1672","0","0","0","0",-0.95361202955246,2935.2548828125,"map_9623_1_1",5,70,300,20,5,1.30366153097178,0.1,11.6536794775176,0.200686233547657,2.21906370183029,8,0.2,1,69.0681882839266,22.631944189568,0.00320193529848549,0.00900947085869008,0.1793562781901,558,9623,1,"1","diploid","female"
"1673","0","0","0","0",-0.95361202955246,2935.2548828125,"map_9623_1_2",5,70,300,20,5,2.89871595502625,0.1,12.1795328257104,0.239155246582489,2.69861670015126,7,0.2,1,69.0681882839266,22.631944189568,0.00422699311835381,0.0131076988452112,0.220011101249523,558,9623,1,"2","diploid","female"
"1674","0","0","0","0",-0.95361202955246,2935.2548828125,"map_9623_1_3",5,70,300,20,5,1.6407513153715,0.1,7.09641180448692,0.122625992767314,2.39326697755553,4,0.2,1,69.0681882839266,22.631944189568,0.000563749394993617,7.08278149182895e-05,0.474345845952558,558,9623,1,"3","diploid","female"
"1675","0","0","0","0",-0.826072812080383,3107.85913085938,"map_9721_1_1",5,70,300,20,5,4.13594949680151,0.1,9.4464901646637,0.218373081404862,4.07172928363139,17,0.2,1,122.189260121596,21.2378590120166,0.00261554912676487,0.00623840422560318,0.275978399266553,559,9721,1,"1","diploid","female"
"1676","0","0","0","0",-0.826072812080383,3107.85913085938,"map_9721_1_2",5,70,300,20,5,3.96617955459072,0.1,17.197740209382,0.448969612506889,1.06128717758772,32,0.2,1,122.189260121596,21.2378590120166,0.0131825846436046,0.0319901090569974,0.203868390699847,559,9721,1,"2","diploid","female"
"1677","0","0","0","0",-0.826072812080383,3107.85913085938,"map_9721_1_3",5,70,300,20,5,4.49975625109115,0.1,6.21832250582832,0.189129773580714,3.59261341651721,4,0.2,1,122.189260121596,21.2378590120166,0.000716133769143921,0.000232243264687355,0.559590252844713,559,9721,1,"3","diploid","female"
"1678","0","0","0","0",-0.571958303451538,3081.1708984375,"map_9722_1_1",5,70,300,20,5,3.68703027197344,0.1,10.7728324934323,0.224193645495145,4.98863260112687,18,0.2,1,122.757475437912,21.2314913676823,0.00304994613298361,0.00649017103695721,0.19368813650191,560,9722,1,"1","diploid","female"
"1679","0","0","0","0",-0.571958303451538,3081.1708984375,"map_9722_1_2",5,70,300,20,5,8.99591645670334,0.1,12.4580876068406,0.630947298552871,0.662764321951758,46,0.2,1,122.757475437912,21.2314913676823,0.00941365376066382,0.0172977868123371,0.106531834698766,560,9722,1,"2","diploid","female"
"1680","0","0","0","0",-0.571958303451538,3081.1708984375,"map_9722_1_3",5,70,300,20,5,3.38569149121484,0.1,7.35866221053692,0.190587816880344,4.86022147011379,5,0.2,1,122.757475437912,21.2314913676823,0.00108831815774007,0.00068553057386028,0.380760098577093,560,9722,1,"3","diploid","female"
"1681","0","0","0","0",-0.475701838731766,3014.29370117188,"map_9826_1_1",5,70,300,20,5,4.98987277722384,0.1,12.4319788042815,0.123376672939544,4.89163337635658,17,0.2,1,126.885845412448,21.2197859395514,0.00241846820598217,0.00904903169313396,0.275926351424956,561,9826,1,"1","diploid","female"
"1682","0","0","0","0",-0.475701838731766,3014.29370117188,"map_9826_1_2",5,70,300,20,5,4.30226326268084,0.1,20.683291596848,0.209898332126991,4.75939394364933,40,0.2,1,126.885845412448,21.2197859395514,0.010920676918529,0.0717118823413064,0.211985117193727,561,9826,1,"2","diploid","female"
"1683","0","0","0","0",-0.475701838731766,3014.29370117188,"map_9826_1_3",5,70,300,20,5,5.21448636443846,0.1,11.1054895360427,0.0426419950077955,2.90742394373253,17,0.2,1,126.885845412448,21.2197859395514,0.000579821918861443,0.00159364589706774,0.454976990618346,561,9826,1,"3","diploid","female"
"1684","0","0","0","0",-0.693051278591156,2981.30078125,"map_9827_1_1",5,70,300,20,5,4.17933770564575,0.1,10.4947002801286,0.201621366121697,4.31088208983807,19,0.2,1,127.42367026497,21.2182466078174,0.00304934471855741,0.00994400514483728,0.230251665364887,562,9827,1,"1","diploid","female"
"1685","0","0","0","0",-0.693051278591156,2981.30078125,"map_9827_1_2",5,70,300,20,5,3.50374544379616,0.1,22.450969702543,0.313476714705337,2.91703643169138,36,0.2,1,127.42367026497,21.2182466078174,0.0181053860229853,0.0941519704369151,0.11106370537718,562,9827,1,"2","diploid","female"
"1686","0","0","0","0",-0.693051278591156,2981.30078125,"map_9827_1_3",5,70,300,20,5,4.51918989344522,0.1,6.43696762927274,0.139732398910363,2.74724761769912,5,0.2,1,127.42367026497,21.2182466078174,0.000573420661596662,0.000211951088820142,0.542173283967133,562,9827,1,"3","diploid","female"
"1687","0","0","0","0",0.900241076946259,2826.560546875,"map_9835_1_1",5,70,300,20,5,6.19938577016062,0.1,15.5420500972794,0.288766169145204,3.77098220072478,22,0.2,1,35.4190393492233,23.3123029854607,0.00792665971497815,0.0199470954246858,0.190149034498126,563,9835,1,"1","diploid","female"
"1688","0","0","0","0",0.900241076946259,2826.560546875,"map_9835_1_2",5,70,300,20,5,0,0.1,7.62943948796774,0.000716922717638245,0.0291107111993698,6,0.2,1,35.4190393492233,23.3123029854607,3.69966156696112e-06,1.60001746086479e-07,0.664094147202922,563,9835,1,"2","diploid","female"
"1689","0","0","0","0",0.900241076946259,2826.560546875,"map_9835_1_3",5,70,300,20,5,3.67577687481056,0.1,14.176720757953,0.255740839327334,2.67437179541547,24,0.2,1,35.4190393492233,23.3123029854607,0.00610250408661427,0.0209186422202901,0.123643542407392,563,9835,1,"3","diploid","female"
"1690","0","0","0","0",0.814348638057709,2783.20385742188,"map_9836_1_1",5,70,300,20,5,0,0.1,12.21854641867,0.121367290652172,1.44061194287994,16,0.2,1,10.6421762941981,23.2938655354784,0.00184530371554662,0.00192094107841596,0.280935526606407,564,9836,1,"1","diploid","female"
"1691","0","0","0","0",0.814348638057709,2783.20385742188,"map_9836_1_2",5,70,300,20,5,0,0.1,50.9077375323905,6.79939161092903e-17,0,6,0.2,1,10.6421762941981,23.2938655354784,1.38421419266288e-17,6.79939161092903e-17,0.32382999367922,564,9836,1,"2","diploid","female"
"1692","0","0","0","0",0.814348638057709,2783.20385742188,"map_9836_1_3",5,70,300,20,5,0,0.1,9.56036194189615,0.18027593988242,1.61538221648816,18,0.2,1,10.6421762941981,23.2938655354784,0.00168857615071815,0.00180724884958771,0.281657592349307,564,9836,1,"3","diploid","female"
"1693","0","0","0","0",0.736547291278839,2803.87353515625,"map_9941_1_1",5,70,300,20,5,0,0.1,10.2895857068302,0.25804617169159,3.06881375192794,61,0.2,1,10.7420619113303,23.603271951179,0.00388426190204703,0.0155057683159417,0.250327218922226,565,9941,1,"1","diploid","female"
"1694","0","0","0","0",0.736547291278839,2803.87353515625,"map_9941_1_2",5,70,300,20,5,0,0.1,14.2161553818264,1.28123169225691e-07,9.76011121456517e-06,13,0.2,1,10.7420619113303,23.603271951179,2.10411868446779e-09,4.76069927829524e-11,1.01731050203151,565,9941,1,"2","diploid","female"
"1695","0","0","0","0",0.736547291278839,2803.87353515625,"map_9941_1_3",5,70,300,20,5,2.83758174980814,0.1,10.1898011732007,0.261900849123484,2.03275177682456,142,0.2,1,10.7420619113303,23.603271951179,0.00282575991575111,0.00414006124010386,0.182466755915991,565,9941,1,"3","diploid","female"
"1696","0","0","0","0",0.811823427677155,2754.21850585938,"map_9942_1_1",5,70,300,20,5,0,0.1,50.8624266617566,5.56910534371695e-14,0,27,0.2,1,11.1018462386539,23.5977725370118,1.13172037135938e-14,5.56910534371695e-14,0.297994932928808,566,9942,1,"1","diploid","female"
"1697","0","0","0","0",0.811823427677155,2754.21850585938,"map_9942_1_2",5,70,300,20,5,0,0.1,50.8648660814481,5.02452424048994e-17,0,11,0.2,1,11.1018462386539,23.5977725370118,1.02116883095043e-17,5.02452424048994e-17,0.322756379216894,566,9942,1,"2","diploid","female"
"1698","0","0","0","0",0.811823427677155,2754.21850585938,"map_9942_1_3",5,70,300,20,5,0,0.1,7.99190074981794,0.204331803950134,1.03744412300826,92,0.2,1,11.1018462386539,23.5977725370118,0.00145665595108409,0.00250319601900117,0.250666748702938,566,9942,1,"3","diploid","female"
"1699","0","0","0","0",0.00629317341372371,3070.71606445312,"map_10032_1_1",5,70,300,20,5,7.05065959481655,0.1,18.108605553165,0.269105116806684,5.49776225913287,12,0.2,1,219.922386720727,21.6606563830032,0.0106093378670081,0.053988953674221,0.0968430745461273,567,10032,1,"1","diploid","female"
"1700","0","0","0","0",0.00629317341372371,3070.71606445312,"map_10032_1_2",5,70,300,20,5,7.38364748171148,0.1,18.5600115575411,0.409782547602692,6.67194206123831,12,0.2,1,219.922386720727,21.6606563830032,0.0168733201384817,0.0858930620472929,0.102387260141218,567,10032,1,"2","diploid","female"
"1701","0","0","0","0",0.00629317341372371,3070.71606445312,"map_10032_1_3",5,70,300,20,5,5.70040491405703,0.1,17.2681398913577,0.245485677445502,4.9222033974405,7,0.2,1,219.922386720727,21.6606563830032,0.00874643307010407,0.0426638949820862,0.15276915780433,567,10032,1,"3","diploid","female"
"1702","0","0","0","0",0.61858069896698,2808.45483398438,"map_10046_1_1",5,70,300,20,5,3.54355381301821,0.1,16.8606593372082,0.319123383710618,1.76021468832046,24,0.2,1,10.3709492100731,23.5968267920273,0.00930204250794067,0.0287854080358999,0.135060693072627,568,10046,1,"1","diploid","female"
"1703","0","0","0","0",0.61858069896698,2808.45483398438,"map_10046_1_2",5,70,300,20,5,5.3253718806202,0.1,8.1424386843709,0.000361388583527605,0.0332457042221325,6,0.2,1,10.3709492100731,23.5968267920273,1.99834735404248e-06,1.71823772816961e-08,0.944910450009533,568,10046,1,"2","diploid","female"
"1704","0","0","0","0",0.61858069896698,2808.45483398438,"map_10046_1_3",5,70,300,20,5,1.8768014512111,0.1,10.3624346696619,0.238834755728778,1.465594344935,17,0.2,1,10.3709492100731,23.5968267920273,0.00245594894064031,0.00311986417948665,0.421240619437393,568,10046,1,"3","diploid","female"
"1705","0","0","0","0",0.481994926929474,2760.36376953125,"map_10047_1_1",5,70,300,20,5,0,0.1,11.2478251980455,0.0314352680281641,0.150695450225293,15,0.2,1,2.16486027161049,23.5564214657839,0.000390558817122132,0.000485056648964613,0.353693838318514,569,10047,1,"1","diploid","female"
"1706","0","0","0","0",0.481994926929474,2760.36376953125,"map_10047_1_2",5,70,300,20,5,0,0.1,51.0676232775616,5.18959962740499e-17,0,6,0.2,1,2.16486027161049,23.5564214657839,1.06314255990782e-17,5.18959962740499e-17,0.335465345138991,569,10047,1,"2","diploid","female"
"1707","0","0","0","0",0.481994926929474,2760.36376953125,"map_10047_1_3",5,70,300,20,5,0,0.1,6.86843382246925,0.170528180332378,0.760624448927736,17,0.2,1,2.16486027161049,23.5564214657839,0.000754131321865475,0.000231310326171732,0.345411301583966,569,10047,1,"3","diploid","female"
"1708","0","0","0","0",0.448574513196945,2924.82348632812,"map_10149_1_1",5,70,300,20,5,2.63916391121552,0.1,8.51706251007932,0.145090152002674,4.57910611099558,11,0.2,1,10.0749958393186,22.9797281453248,0.00102280095890142,0.000754521249752587,0.310535631708321,570,10149,1,"1","diploid","female"
"1709","0","0","0","0",0.448574513196945,2924.82348632812,"map_10149_1_2",5,70,300,20,5,6.95227178225815,0.1,7.49440655941777,0.156621214802291,5.04397632247129,8,0.2,1,10.0749958393186,22.9797281453248,0.000752663259308774,6.16770599840413e-05,0.57247077628133,570,10149,1,"2","diploid","female"
"1710","0","0","0","0",0.448574513196945,2924.82348632812,"map_10149_1_3",5,70,300,20,5,2.07364054501621,0.1,8.70722445758958,0.125741868477244,4.14342772969108,16,0.2,1,10.0749958393186,22.9797281453248,0.000965667144998285,0.000894727328295912,0.326015818582468,570,10149,1,"3","diploid","female"
"1711","0","0","0","0",0.313930630683899,2855.6103515625,"map_10150_1_1",5,70,300,20,5,3.45212645870622,0.1,8.22270182052499,0.334201420255139,3.93307124549048,15,0.2,1,10.8958116924743,22.9765586747416,0.00271133001422749,0.00522002993192749,0.243238211782633,571,10150,1,"1","diploid","female"
"1712","0","0","0","0",0.313930630683899,2855.6103515625,"map_10150_1_2",5,70,300,20,5,4.82410301519703,0.1,6.05798492265869,0.583486292182621,4.00877348199954,12,0.2,1,10.8958116924743,22.9765586747416,0.00204907614040226,0.000796968468574671,0.502318783990468,571,10150,1,"2","diploid","female"
"1713","0","0","0","0",0.313930630683899,2855.6103515625,"map_10150_1_3",5,70,300,20,5,2.42346164976318,0.1,7.09292472583576,0.282772449302899,3.18718394310292,10,0.2,1,10.8958116924743,22.9765586747416,0.00138626178340732,0.00068046784676009,0.334462097573469,571,10150,1,"3","diploid","female"
"1714","0","0","0","0",0.464924961328506,2787.38256835938,"map_10151_1_1",5,70,300,20,5,4.49202026873089,0.1,15.7882034098881,0.291032349271454,2.15507756778339,36,0.2,1,2.1093622062083,22.9960581440466,0.00818510095635913,0.0313936023780137,0.124850898298929,572,10151,1,"1","diploid","female"
"1715","0","0","0","0",0.464924961328506,2787.38256835938,"map_10151_1_2",5,70,300,20,5,0,0.1,6.00044358148407,0.000533325059003521,0.00137021501803865,10,0.2,1,2.1093622062083,22.9960581440466,1.59372032782645e-06,9.55524252764895e-09,0.693624455338557,572,10151,1,"2","diploid","female"
"1716","0","0","0","0",0.464924961328506,2787.38256835938,"map_10151_1_3",5,70,300,20,5,0,0.1,7.7294757020953,0.131735261072332,1.36926060720218,40,0.2,1,2.1093622062083,22.9960581440466,0.000754481053581702,0.000277742346559384,0.127327322019059,572,10151,1,"3","diploid","female"
