"","Ploidy_leveltriploid","Ploidy_levelunknown","geneticSexIDmale","geneticSexIDunknown","Cos.aspect","Elevation","prefix_this","minsize","maxsize","n_iterations","size_mean_initial","size_sd_initial","n_S_initial","n_A_initial","size_mean_final","n_A_final","n_S_final","longevity_90_final","n_S_lag_factor","n_S_scale_factor","SWE.mean","Tmax.mean","basal_area_density_final","n_A_final_gt_30_cm","cv_n_A_final_ten","index","pixel","replicate_climate_resample","replicate_data_resample","Ploidy_level","geneticSexID"
"1","0","0","0","0",-0.811225295066833,3083.4375,"map_978_1_1",5,70,300,20,5,4.31039629854451,0.1,8.01981459609176,0.0638466844323057,1.70108633000467,7,0.2,0.5,64.4595073853616,20.4390106877087,0.000374016512000239,0.000138497395771473,0.554361514841941,1,978,1,"1","diploid","female"
"2","0","0","0","0",-0.811225295066833,3083.4375,"map_978_1_2",5,70,300,20,5,3.05181345447597,0.1,11.7478290101538,0.139982430494263,1.40650693960468,12,0.2,0.5,64.4595073853616,20.4390106877087,0.0022745148624483,0.0083199576805156,0.437593882902899,1,978,1,"2","diploid","female"
"3","0","0","0","0",-0.811225295066833,3083.4375,"map_978_1_3",5,70,300,20,5,6.2260989795951,0.1,6.57421937811657,0.0183921800627488,0.911964804874566,9,0.2,0.5,64.4595073853616,20.4390106877087,6.75042184193351e-05,2.60724185847209e-07,0.86557161975426,1,978,1,"3","diploid","female"
"4","0","0","0","0",-0.822242736816406,3114.07470703125,"map_979_1_1",5,70,300,20,5,4.32889983288557,0.1,8.4745342393557,0.0574315506801,1.76355623215485,12,0.2,0.5,66.4092923676057,20.4360450034918,0.000382212021595181,0.000155006996928917,0.613451728611789,2,979,1,"1","diploid","female"
"5","0","0","0","0",-0.822242736816406,3114.07470703125,"map_979_1_2",5,70,300,20,5,3.15010197535896,0.1,12.9410113396325,0.0847603829711025,1.8114025847137,19,0.2,0.5,66.4092923676057,20.4360450034918,0.00155380511899015,0.00548722034731761,0.630413417083265,2,979,1,"2","diploid","female"
"6","0","0","0","0",-0.822242736816406,3114.07470703125,"map_979_1_3",5,70,300,20,5,6.0071822591823,0.1,6.9881645810265,0.0229084642455692,0.908340688098634,12,0.2,0.5,66.4092923676057,20.4360450034918,9.62804199924805e-05,9.58128324514791e-07,0.860527741834457,2,979,1,"3","diploid","female"
"7","0","0","0","0",-0.506825804710388,3098.98779296875,"map_2235_1_1",5,70,300,20,5,4.64249040685773,0.1,7.69370312472193,0.142527274986769,2.22758633453765,15,0.2,0.5,82.3077176116233,21.1292641017656,0.00086605533294477,0.000573699732944147,0.411475741585419,3,2235,1,"1","diploid","female"
"8","0","0","0","0",-0.506825804710388,3098.98779296875,"map_2235_1_2",5,70,300,20,5,4.33361091749625,0.1,11.1995229368318,0.2079369224494,1.31563916212902,17,0.2,0.5,82.3077176116233,21.1292641017656,0.00265195862278651,0.00284267586644061,0.324796912562721,3,2235,1,"2","diploid","female"
"9","0","0","0","0",-0.506825804710388,3098.98779296875,"map_2235_1_3",5,70,300,20,5,5.84465660037168,0.1,6.07291087807952,0.0576676732274472,1.60857035059819,18,0.2,0.5,82.3077176116233,21.1292641017656,0.000186200158257123,5.50568692522499e-06,0.745441073942934,3,2235,1,"3","diploid","female"
"10","0","0","0","0",-0.479843199253082,3196.03735351562,"map_2236_1_1",5,70,300,20,5,4.80307028449415,0.1,10.0501876894972,0.162815710190516,1.83026960307513,38,0.2,0.5,85.4516093960632,21.1173017402556,0.00165837268526762,0.00205164986433509,0.242031412788619,4,2236,1,"1","diploid","female"
"11","0","0","0","0",-0.479843199253082,3196.03735351562,"map_2236_1_2",5,70,300,20,5,4.81907984020243,0.1,8.78871454007264,0.132065415013287,1.63340995604972,33,0.2,0.5,85.4516093960632,21.1173017402556,0.000930356175269531,0.000345556469148708,0.414122822212803,4,2236,1,"2","diploid","female"
"12","0","0","0","0",-0.479843199253082,3196.03735351562,"map_2236_1_3",5,70,300,20,5,4.72887747927147,0.1,7.40800764301917,0.0404699475845846,1.73641200856499,34,0.2,0.5,85.4516093960632,21.1173017402556,0.000190560650194535,2.08218916511807e-06,0.618511188366209,4,2236,1,"3","diploid","female"
"13","0","0","0","0",-0.282683879137039,3021.76196289062,"map_2441_1_1",5,70,300,20,5,3.34985141151847,0.1,8.82326226215894,0.0650235945852823,1.94236441669049,5,0.2,0.5,50.4488311304999,21.7915046413079,0.000492371992061203,0.000134288409641045,0.285914291024644,5,2441,1,"1","diploid","female"
"14","0","0","0","0",-0.282683879137039,3021.76196289062,"map_2441_1_2",5,70,300,20,5,5.2813070719614,0.1,10.5531576186339,0.0648521587144033,2.27925463876238,6,0.2,0.5,50.4488311304999,21.7915046413079,0.000778758285687125,0.00030289764636684,0.338620845543187,5,2441,1,"2","diploid","female"
"15","0","0","0","0",-0.282683879137039,3021.76196289062,"map_2441_1_3",5,70,300,20,5,3.41206518894696,0.1,7.81474914490829,0.029540581719584,1.65954322052505,6,0.2,0.5,50.4488311304999,21.7915046413079,0.000159649569881912,3.25690084209506e-06,0.385750971721936,5,2441,1,"3","diploid","female"
"16","0","0","0","0",-0.611876130104065,2994.529296875,"map_2545_1_1",5,70,300,20,5,3.56041104860304,0.1,7.16134236697191,0.0922059317948313,1.48613833078537,19,0.2,0.5,45.932410604534,21.8311491994763,0.000461800192872438,0.00017660021789093,0.498994955838254,6,2545,1,"1","diploid","female"
"17","0","0","0","0",-0.611876130104065,2994.529296875,"map_2545_1_2",5,70,300,20,5,3.72196927147896,0.1,8.43312677361621,0.0940075133275503,1.57597355859275,21,0.2,0.5,45.932410604534,21.8311491994763,0.000758753299207876,0.00109393941305261,0.684556648276982,6,2545,1,"2","diploid","female"
"18","0","0","0","0",-0.611876130104065,2994.529296875,"map_2545_1_3",5,70,300,20,5,4.62513822405236,0.1,5.88815423234955,0.0536991787894751,0.966978852228793,26,0.2,0.5,45.932410604534,21.8311491994763,0.000158702507167296,1.09535519474239e-07,0.914632066544256,6,2545,1,"3","diploid","female"
"19","0","0","0","0",-0.526411652565002,2959.6474609375,"map_2649_1_1",5,70,300,20,5,3.11659999401385,0.1,7.90020346194385,0.0739523542071331,1.61963885808169,11,0.2,0.5,48.6007291375601,20.9755797613235,0.000405520460137201,0.000103821119868996,0.57916484218756,7,2649,1,"1","diploid","female"
"20","0","0","0","0",-0.526411652565002,2959.6474609375,"map_2649_1_2",5,70,300,20,5,3.69650059705131,0.1,10.1009690845961,0.152619616052618,1.52775226809677,30,0.2,0.5,48.6007291375601,20.9755797613235,0.00177312465300779,0.00278619535837143,0.519173881768885,7,2649,1,"2","diploid","female"
"21","0","0","0","0",-0.526411652565002,2959.6474609375,"map_2649_1_3",5,70,300,20,5,3.18033652462669,0.1,6.94902680292458,0.0166997879436693,0.715452819991527,9,0.2,0.5,48.6007291375601,20.9755797613235,6.72719512575502e-05,3.21814942839512e-07,1.11542866922377,7,2649,1,"3","diploid","female"
"22","0","0","0","0",-0.385358780622482,3069.30419921875,"map_2651_1_1",5,70,300,20,5,4.09463948986916,0.1,7.80551484935365,0.14197209234988,2.00376298610845,7,0.2,0.5,75.0354551587786,21.5347712750187,0.000791380967668694,0.000397652484921551,0.310669831076709,8,2651,1,"1","diploid","female"
"23","0","0","0","0",-0.385358780622482,3069.30419921875,"map_2651_1_2",5,70,300,20,5,6.61698244346751,0.1,7.83908684407744,0.18318169524189,2.05195225972716,8,0.2,0.5,75.0354551587786,21.5347712750187,0.00106982645818506,0.000845027982637253,0.417313782728091,8,2651,1,"2","diploid","female"
"24","0","0","0","0",-0.385358780622482,3069.30419921875,"map_2651_1_3",5,70,300,20,5,3.9830706763411,0.1,6.93206093372928,0.060258718295134,1.7640392348243,5,0.2,0.5,75.0354551587786,21.5347712750187,0.000240119587550716,9.65626667299701e-06,0.609526327339409,8,2651,1,"3","diploid","female"
"25","0","0","0","0",-0.421152800321579,3145.412109375,"map_2652_1_1",5,70,300,20,5,2.33940671019793,0.1,8.76566674407951,0.163893934931674,2.43309959650671,30,0.2,0.5,75.0124716647836,21.5150359376588,0.00116678028242263,0.000516787974899306,0.477003972332646,9,2652,1,"1","diploid","female"
"26","0","0","0","0",-0.421152800321579,3145.412109375,"map_2652_1_2",5,70,300,20,5,7.4979971250565,0.1,9.29421168441358,0.230256450451279,1.85978035242427,26,0.2,0.5,75.0124716647836,21.5150359376588,0.00167925280192987,0.0002003667105541,0.822919454233658,9,2652,1,"2","diploid","female"
"27","0","0","0","0",-0.421152800321579,3145.412109375,"map_2652_1_3",5,70,300,20,5,2.04821013109153,0.1,7.28043056282654,0.109703977034091,1.85782065527874,55,0.2,0.5,75.0124716647836,21.5150359376588,0.000497449910813018,2.83832859633921e-06,0.744832530941093,9,2652,1,"3","diploid","female"
"28","0","0","0","0",-0.364836037158966,2984.22021484375,"map_2754_1_1",5,70,300,20,5,4.30785391639658,0.1,8.7119298713373,0.182779760526446,2.12032818412639,3,0.2,0.5,77.8009363313846,21.4825110081686,0.00127967857474766,0.000542642239424524,0.378553610852867,10,2754,1,"1","diploid","female"
"29","0","0","0","0",-0.364836037158966,2984.22021484375,"map_2754_1_2",5,70,300,20,5,4.1828208177242,0.1,8.95941285255919,0.69658960997285,0.43806162094566,7,0.2,0.5,77.8009363313846,21.4825110081686,0.00528848503101689,0.00541461233874854,0.345669807011595,10,2754,1,"2","diploid","female"
"30","0","0","0","0",-0.364836037158966,2984.22021484375,"map_2754_1_3",5,70,300,20,5,5.1418737739614,0.1,6.49717324284428,0.0938560568481443,1.25331417024986,2,0.2,0.5,77.8009363313846,21.4825110081686,0.000342093065786709,1.17327711869117e-05,0.89158557541798,10,2754,1,"3","diploid","female"
"31","0","0","0","0",-0.457350522279739,3038.85693359375,"map_2755_1_1",5,70,300,20,5,4.22182746350392,0.1,8.58484208179338,0.10953570774968,2.1704520915724,29,0.2,0.5,75.620063841937,21.5408620939962,0.000760671995109168,0.000326993331749722,0.336802130934281,11,2755,1,"1","diploid","female"
"32","0","0","0","0",-0.457350522279739,3038.85693359375,"map_2755_1_2",5,70,300,20,5,4.37073290715043,0.1,11.2340777203688,0.142743895619017,2.23793539461212,39,0.2,0.5,75.620063841937,21.5408620939962,0.00198326217395827,0.00428611325176177,0.474732577747797,11,2755,1,"2","diploid","female"
"33","0","0","0","0",-0.457350522279739,3038.85693359375,"map_2755_1_3",5,70,300,20,5,5.3036329118466,0.1,7.06833029660618,0.0673430933961967,1.60816005734729,62,0.2,0.5,75.620063841937,21.5408620939962,0.000284994198409604,2.52719695848386e-06,0.612682103418783,11,2755,1,"3","diploid","female"
"34","0","0","0","0",-0.486126601696014,3019.85473632812,"map_2859_1_1",5,70,300,20,5,2.11155524781817,0.1,8.8286745094354,0.144234508691353,1.98414682822219,3,0.2,0.5,80.4495393239779,21.4740015824108,0.00111456972425654,0.000520992372768984,0.272121682743806,12,2859,1,"1","diploid","female"
"35","0","0","0","0",-0.486126601696014,3019.85473632812,"map_2859_1_2",5,70,300,20,5,6.04627958348456,0.1,10.6469872600366,0.186302220611695,1.86463697247877,3,0.2,0.5,80.4495393239779,21.4740015824108,0.00221414135537774,0.00170374590880574,0.281724388545072,12,2859,1,"2","diploid","female"
"36","0","0","0","0",-0.486126601696014,3019.85473632812,"map_2859_1_3",5,70,300,20,5,2.14958951468198,0.1,7.09068573376193,0.0766415663052732,1.67783291598696,2,0.2,0.5,80.4495393239779,21.4740015824108,0.00033286549994585,7.49182535890799e-06,0.607599381979431,12,2859,1,"3","diploid","female"
"37","0","0","0","0",-0.634523153305054,3053.2119140625,"map_2860_1_1",5,70,300,20,5,3.42059789220217,0.1,8.66923719778763,0.0691535593151641,1.68899073476048,72,0.2,0.5,76.8666189960467,21.503315000439,0.000502281117015888,0.000415906260248015,0.706671819998496,13,2860,1,"1","diploid","female"
"38","0","0","0","0",-0.634523153305054,3053.2119140625,"map_2860_1_2",5,70,300,20,5,5.50068423386335,0.1,10.5422135893267,0.174086343419263,1.4927138132876,140,0.2,0.5,76.8666189960467,21.503315000439,0.00207092272805715,0.0059787990024731,0.842588754120229,13,2860,1,"2","diploid","female"
"39","0","0","0","0",-0.634523153305054,3053.2119140625,"map_2860_1_3",5,70,300,20,5,3.59679111503176,0.1,6.83510806203631,0.0240542203622108,0.966711642551646,132,0.2,0.5,76.8666189960467,21.503315000439,9.84089227408777e-05,1.74890733737753e-06,1.26454864347578,13,2860,1,"3","diploid","female"
"40","0","0","0","0",-0.41746661067009,3135.35229492188,"map_2861_1_1",5,70,300,20,5,5.31994751287454,0.1,7.98281050379284,0.18242178211945,2.99000308828632,25,0.2,0.5,79.2809755509082,20.2576583997488,0.00101967586847706,8.18047979899585e-05,0.582555487111994,14,2861,1,"1","diploid","female"
"41","0","0","0","0",-0.41746661067009,3135.35229492188,"map_2861_1_2",5,70,300,20,5,6.21546238954572,0.1,7.40269212769123,0.77227965878339,0.656054910076101,40,0.2,0.5,79.2809755509082,20.2576583997488,0.00360139526957929,0.000689658452416385,0.655783864521339,14,2861,1,"2","diploid","female"
"42","0","0","0","0",-0.41746661067009,3135.35229492188,"map_2861_1_3",5,70,300,20,5,4.68042854226908,0.1,7.42605063710385,0.0232289781506075,1.14200251282458,47,0.2,0.5,79.2809755509082,20.2576583997488,0.000110796321550764,3.63399186192299e-07,1.06110098983568,14,2861,1,"3","diploid","female"
"43","0","0","0","0",-0.660919785499573,3022.91137695312,"map_2964_1_1",5,70,300,20,5,3.43329184351367,0.1,7.12145479942837,0.138912154530083,1.64501711653674,15,0.2,0.5,63.6496906276557,21.4648797678393,0.000698320374103815,0.000372622589590283,0.449116514202851,15,2964,1,"1","diploid","female"
"44","0","0","0","0",-0.660919785499573,3022.91137695312,"map_2964_1_2",5,70,300,20,5,5.30896714764898,0.1,9.97832420775311,0.222054991560593,1.70301372800619,19,0.2,0.5,63.6496906276557,21.4648797678393,0.00307038444038139,0.0122014931839306,0.33982534438488,15,2964,1,"2","diploid","female"
"45","0","0","0","0",-0.660919785499573,3022.91137695312,"map_2964_1_3",5,70,300,20,5,3.76826766354009,0.1,6.18748841746571,0.0553273851249375,1.1436515335642,17,0.2,0.5,63.6496906276557,21.4648797678393,0.000185887527003048,2.25701524761606e-06,0.922259876361986,15,2964,1,"3","diploid","female"
"46","0","0","0","0",-0.531648576259613,3076.76000976562,"map_2965_1_1",5,70,300,20,5,5.02578913698522,0.1,7.39148969607805,0.0492973383994694,1.8553380804196,15,0.2,0.5,62.1018991696082,20.2902054834207,0.000236585041787042,3.45585749010701e-05,0.652764834915031,16,2965,1,"1","diploid","female"
"47","0","0","0","0",-0.531648576259613,3076.76000976562,"map_2965_1_2",5,70,300,20,5,5.56025183886806,0.1,8.92217375762481,0.090399196959095,1.85754923860945,37,0.2,0.5,62.1018991696082,20.2902054834207,0.000717836543675158,0.000992773234835637,0.651744116303824,16,2965,1,"2","diploid","female"
"48","0","0","0","0",-0.531648576259613,3076.76000976562,"map_2965_1_3",5,70,300,20,5,5.16572807435948,0.1,6.66536621832967,0.0108359265220369,0.963672919993271,32,0.2,0.5,62.1018991696082,20.2902054834207,4.14779188255441e-05,7.45915322577433e-07,0.97601045378322,16,2965,1,"3","diploid","female"
"49","0","0","0","0",-0.636561393737793,3003.02612304688,"map_3068_1_1",5,70,300,20,5,1.47861642187188,0.1,8.88083221548443,0.153678740514362,1.61523537620131,3,0.2,0.5,61.1609918294951,21.8356263560974,0.00118260499408183,0.000811051152967585,0.367509981980304,17,3068,1,"1","diploid","female"
"50","0","0","0","0",-0.636561393737793,3003.02612304688,"map_3068_1_2",5,70,300,20,5,3.91318379596346,0.1,11.7597735779536,0.270734434402815,0.991928756781021,3,0.2,0.5,61.1609918294951,21.8356263560974,0.00344887034337066,0.00350720447896151,0.339877942442742,17,3068,1,"2","diploid","female"
"51","0","0","0","0",-0.636561393737793,3003.02612304688,"map_3068_1_3",5,70,300,20,5,1.81296362313311,0.1,6.51035952487061,0.0918987395787932,1.31000331509429,2,0.2,0.5,61.1609918294951,21.8356263560974,0.000331271940399651,6.52176012076156e-06,0.71002592020387,17,3068,1,"3","diploid","female"
"52","0","0","0","0",-0.55124819278717,3037.6044921875,"map_3069_1_1",5,70,300,20,5,3.65511777804413,0.1,8.03285600046944,0.139721091711656,1.71810596125125,27,0.2,0.5,60.6232760526809,21.6493539926354,0.000841557775246338,0.000338074553190696,0.350201619887428,18,3069,1,"1","diploid","female"
"53","0","0","0","0",-0.55124819278717,3037.6044921875,"map_3069_1_2",5,70,300,20,5,3.97845820631599,0.1,11.2123156174485,0.187846898293529,1.6487003714762,34,0.2,0.5,60.6232760526809,21.6493539926354,0.00243036719390395,0.00256324985909428,0.339124360796082,18,3069,1,"2","diploid","female"
"54","0","0","0","0",-0.55124819278717,3037.6044921875,"map_3069_1_3",5,70,300,20,5,4.9606141611171,0.1,7.10636277794408,0.0575334810218083,1.54630907326682,36,0.2,0.5,60.6232760526809,21.6493539926354,0.000242739704536843,2.14675073961405e-06,0.587413550375763,18,3069,1,"3","diploid","female"
"55","0","0","0","0",-0.63727879524231,3102.81005859375,"map_3070_1_1",5,70,300,20,5,3.76547369759126,0.1,6.0303765462091,0.56288580220504,2.06497691426841,52,0.2,0.5,81.9802819565681,21.6499265267339,0.00206274430634673,0.000783537064239864,0.586179514898543,19,3070,1,"1","diploid","female"
"56","0","0","0","0",-0.63727879524231,3102.81005859375,"map_3070_1_2",5,70,300,20,5,4.46479292443411,0.1,8.38242397893258,0.714241272026198,0.497781771122739,65,0.2,0.5,81.9802819565681,21.6499265267339,0.00462212042307313,0.000614291722740407,0.301254539557119,19,3070,1,"2","diploid","female"
"57","0","0","0","0",-0.63727879524231,3102.81005859375,"map_3070_1_3",5,70,300,20,5,4.66918131817552,0.1,5.27134255359626,0.295433874748535,1.50569433415742,113,0.2,0.5,81.9802819565681,21.6499265267339,0.0006844816972603,2.23304016182509e-06,0.792710855811331,19,3070,1,"3","diploid","female"
"58","0","0","0","0",-0.450167804956436,3068.9248046875,"map_3074_1_1",5,70,300,20,5,4.8202880714535,0.1,7.68991023218479,0.274878754322772,2.51810998645727,29,0.2,0.5,80.111867312181,21.0182865624412,0.00149825489541173,0.00036868902779257,0.543866485132713,20,3074,1,"1","diploid","female"
"59","0","0","0","0",-0.450167804956436,3068.9248046875,"map_3074_1_2",5,70,300,20,5,4.58764345823012,0.1,8.7428406211809,0.58046270646648,0.885442680152212,71,0.2,0.5,80.111867312181,21.0182865624412,0.00430638677497565,0.00360140405978975,0.730946930568482,20,3074,1,"2","diploid","female"
"60","0","0","0","0",-0.450167804956436,3068.9248046875,"map_3074_1_3",5,70,300,20,5,5.54661827802406,0.1,8.38246616161684,0.0294160892757859,0.975599040437834,35,0.2,0.5,80.111867312181,21.0182865624412,0.000177494612386756,1.97612518787844e-06,1.01733708544013,20,3074,1,"3","diploid","female"
"61","0","0","0","0",-0.860665440559387,2974.61328125,"map_3172_1_1",5,70,300,20,5,2.66100357117655,0.1,8.36814994488627,0.264103585884082,1.20512210753106,3,0.2,0.5,60.4510087198593,21.8562155181783,0.00177472042535866,0.000857977405783316,0.556941081116446,21,3172,1,"1","diploid","female"
"62","0","0","0","0",-0.860665440559387,2974.61328125,"map_3172_1_2",5,70,300,20,5,2.96382316657149,0.1,8.33517778755641,0.764792239354603,0.755736015149084,8,0.2,0.5,60.4510087198593,21.8562155181783,0.00599548845786276,0.00718566167228418,0.836369522089014,21,3172,1,"2","diploid","female"
"63","0","0","0","0",-0.860665440559387,2974.61328125,"map_3172_1_3",5,70,300,20,5,3.7970479203234,0.1,6.35750642481923,0.0892668912379743,0.810659040494554,2,0.2,0.5,60.4510087198593,21.8562155181783,0.000303295880431581,5.16158629459304e-07,0.954682924814492,21,3172,1,"3","diploid","female"
"64","0","0","0","0",-0.776373386383057,3003.34985351562,"map_3173_1_1",5,70,300,20,5,3.0528354776313,0.1,7.95192703183309,0.137098364340283,1.38304857265166,7,0.2,0.5,63.3879402174902,21.5972565326712,0.000820740182586736,0.000428081349437271,0.362646178638902,22,3173,1,"1","diploid","female"
"65","0","0","0","0",-0.776373386383057,3003.34985351562,"map_3173_1_2",5,70,300,20,5,3.23380164153012,0.1,10.4798631106502,0.184128929995955,1.60038611594702,9,0.2,0.5,63.3879402174902,21.5972565326712,0.00265861371445974,0.00669808030876986,0.3254235601887,22,3173,1,"2","diploid","female"
"66","0","0","0","0",-0.776373386383057,3003.34985351562,"map_3173_1_3",5,70,300,20,5,4.36456840680092,0.1,6.88459066420707,0.0481589693756362,1.20951239523895,3,0.2,0.5,63.3879402174902,21.5972565326712,0.000187274286888886,5.26230578105177e-07,0.665905007687243,22,3173,1,"3","diploid","female"
"67","0","0","0","0",-0.844617307186127,3037.07885742188,"map_3174_1_1",5,70,300,20,5,1.75642510827536,0.1,9.30015679987075,0.108091560027425,1.51998991256359,7,0.2,0.5,79.0380131033964,21.60115019586,0.00090519988236111,0.000631845101126357,0.42823114608235,23,3174,1,"1","diploid","female"
"68","0","0","0","0",-0.844617307186127,3037.07885742188,"map_3174_1_2",5,70,300,20,5,5.47645006281082,0.1,10.800469243131,0.215799558242101,1.49154067571837,11,0.2,0.5,79.0380131033964,21.60115019586,0.00274365221856274,0.00455845703330165,0.435365115406328,23,3174,1,"2","diploid","female"
"69","0","0","0","0",-0.844617307186127,3037.07885742188,"map_3174_1_3",5,70,300,20,5,1.92806580816308,0.1,7.68673575914766,0.0366209459357742,1.2373482573206,5,0.2,0.5,79.0380131033964,21.60115019586,0.00018027321305556,5.30263339551984e-07,0.791517677137315,23,3174,1,"3","diploid","female"
"70","0","0","0","0",-0.925605535507202,2915.75537109375,"map_3275_1_1",5,70,300,20,5,2.38552591262081,0.1,10.3097177094738,0.216624310466835,1.25391158758477,26,0.2,0.5,61.9927003363834,21.8332631268506,0.00259741310076254,0.0049567932162563,0.482232575008832,24,3275,1,"1","diploid","female"
"71","0","0","0","0",-0.925605535507202,2915.75537109375,"map_3275_1_2",5,70,300,20,5,2.47279303535883,0.1,16.8471769978117,0.421184990388457,0.41326120254317,70,0.2,0.5,61.9927003363834,21.8332631268506,0.0135464527204621,0.0529043297513404,0.255775806434321,24,3275,1,"2","diploid","female"
"72","0","0","0","0",-0.925605535507202,2915.75537109375,"map_3275_1_3",5,70,300,20,5,3.09802334736482,0.1,7.67039994613626,0.0181098069927117,0.494287271686067,17,0.2,0.5,61.9927003363834,21.8332631268506,9.02512657758963e-05,4.75020313749463e-07,1.37306016013119,24,3275,1,"3","diploid","female"
"73","0","0","0","0",-0.904919922351837,2932.15258789062,"map_3276_1_1",5,70,300,20,5,2.4135104340932,0.1,10.4849294282166,0.0727424368591528,1.21862188535931,37,0.2,0.5,63.7896067533778,21.8327116443469,0.000837435335494568,0.0015020461026809,0.494335712595827,25,3276,1,"1","diploid","female"
"74","0","0","0","0",-0.904919922351837,2932.15258789062,"map_3276_1_2",5,70,300,20,5,3.90856903453658,0.1,16.2198552268691,0.097311810155958,1.27718706174772,107,0.2,0.5,63.7896067533778,21.8327116443469,0.00301465757983656,0.015802444325156,0.490803776534405,25,3276,1,"2","diploid","female"
"75","0","0","0","0",-0.904919922351837,2932.15258789062,"map_3276_1_3",5,70,300,20,5,2.54461213191948,0.1,6.65614865115397,0.0198759343436822,0.625315036940382,75,0.2,0.5,63.7896067533778,21.8327116443469,7.68654041121461e-05,4.09293820167469e-07,1.19434257068731,25,3276,1,"3","diploid","female"
"76","0","0","0","0",-0.851982116699219,2953.86767578125,"map_3277_1_1",5,70,300,20,5,1.58860191476068,0.1,11.5482655078314,0.092337702969111,1.37983371676615,34,0.2,0.5,62.9729300931443,21.5863007939403,0.00121476596250957,0.00160891802506514,0.594337187825784,26,3277,1,"1","diploid","female"
"77","0","0","0","0",-0.851982116699219,2953.86767578125,"map_3277_1_2",5,70,300,20,5,4.46948882245278,0.1,18.3289895406692,0.293061732834723,0.597166679157012,142,0.2,0.5,62.9729300931443,21.5863007939403,0.0099404773167166,0.0344872580990758,0.246684396020682,26,3277,1,"2","diploid","female"
"78","0","0","0","0",-0.851982116699219,2953.86767578125,"map_3277_1_3",5,70,300,20,5,1.6744490849183,0.1,6.94649974946779,0.0164923666638526,0.631389613261109,73,0.2,0.5,62.9729300931443,21.5863007939403,6.98299616868589e-05,4.13482294989272e-07,1.23432788643216,26,3277,1,"3","diploid","female"
"79","0","0","0","0",-0.233471482992172,2951.47045898438,"map_3486_1_1",5,70,300,20,5,4.35901743100752,0.1,9.85167425869354,0.168645285246693,1.85820855226725,35,0.2,0.5,72.8402597072513,21.6410228733473,0.00166192325690188,0.00185863944037041,0.39983476220212,27,3486,1,"1","diploid","female"
"80","0","0","0","0",-0.233471482992172,2951.47045898438,"map_3486_1_2",5,70,300,20,5,4.3385164006856,0.1,10.9327016773071,0.238863293642173,1.44966560522423,59,0.2,0.5,72.8402597072513,21.6410228733473,0.00312860673717456,0.00611492201798115,0.421279032144335,27,3486,1,"2","diploid","female"
"81","0","0","0","0",-0.233471482992172,2951.47045898438,"map_3486_1_3",5,70,300,20,5,4.68811701236411,0.1,6.99241474639943,0.0796703768244051,1.34564223141552,56,0.2,0.5,72.8402597072513,21.6410228733473,0.000323499715133586,1.21038753699483e-05,0.799202285131527,27,3486,1,"3","diploid","female"
"82","0","0","0","0",-0.592703223228455,2939.67944335938,"map_3590_1_1",5,70,300,20,5,3.36351478849812,0.1,7.44257571882704,0.446948679741911,1.68545627316478,18,0.2,0.5,71.0296828881451,21.6016064640691,0.00251554442231277,0.00202694749849657,0.562778571899301,28,3590,1,"1","diploid","female"
"83","0","0","0","0",-0.592703223228455,2939.67944335938,"map_3590_1_2",5,70,300,20,5,3.34967371295836,0.1,8.81092664620755,0.982227441030653,0.548713161371813,107,0.2,0.5,71.0296828881451,21.6016064640691,0.00926050261173005,0.0198467248046938,0.461232576936939,28,3590,1,"2","diploid","female"
"84","0","0","0","0",-0.592703223228455,2939.67944335938,"map_3590_1_3",5,70,300,20,5,3.90319324843926,0.1,7.87174456730019,0.0306878843655762,0.68269352125096,4,0.2,0.5,71.0296828881451,21.6016064640691,0.000165060796482505,2.20406824898485e-06,1.51626953901704,28,3590,1,"3","diploid","female"
"85","0","0","0","0",-0.353633195161819,2973.78076171875,"map_3591_1_1",5,70,300,20,5,4.10659831226499,0.1,11.7835009399935,0.10003923679879,1.94007877155724,13,0.2,0.5,70.7213663595459,21.6386153346808,0.00125221508464161,0.000890726129767016,0.298829822252346,29,3591,1,"1","diploid","female"
"86","0","0","0","0",-0.353633195161819,2973.78076171875,"map_3591_1_2",5,70,300,20,5,4.22234198592108,0.1,10.5540819700322,0.334111707508812,0.66941781973071,55,0.2,0.5,70.7213663595459,21.6386153346808,0.00337548744487951,0.00354509923194998,0.242838085807774,29,3591,1,"2","diploid","female"
"87","0","0","0","0",-0.353633195161819,2973.78076171875,"map_3591_1_3",5,70,300,20,5,4.7224683811999,0.1,9.34870430675718,0.0310587652591018,1.74296978739003,12,0.2,0.5,70.7213663595459,21.6386153346808,0.000232734841190888,1.92319130603569e-06,0.774052092194487,29,3591,1,"3","diploid","female"
"88","0","0","0","0",-0.329372704029083,3016.84985351562,"map_3592_1_1",5,70,300,20,5,4.94904163639952,0.1,6.52583838336905,0.111988877999457,2.06344613023112,24,0.2,0.5,74.1234686683579,20.9858967558226,0.000489255073184094,0.000330121406274648,0.459371118348687,30,3592,1,"1","diploid","female"
"89","0","0","0","0",-0.329372704029083,3016.84985351562,"map_3592_1_2",5,70,300,20,5,4.38274301091606,0.1,9.13438233130199,0.180710748117178,2.12792498531083,42,0.2,0.5,74.1234686683579,20.9858967558226,0.00220479956941698,0.00820766444602169,0.4008286439168,30,3592,1,"2","diploid","female"
"90","0","0","0","0",-0.329372704029083,3016.84985351562,"map_3592_1_3",5,70,300,20,5,5.81793190531353,0.1,6.40796980674375,0.0498740195551245,1.28901296616735,135,0.2,0.5,74.1234686683579,20.9858967558226,0.000192548115741607,1.81686966666622e-05,0.56279308295472,30,3592,1,"3","diploid","female"
"91","0","0","0","0",-0.752954065799713,3046.1005859375,"map_3593_1_1",5,70,300,20,5,4.09613207311955,0.1,10.7645121306554,0.0689814685337676,1.87297558621642,30,0.2,0.5,92.1847380641291,21.0252533613777,0.000802388967641136,0.00111715292332619,0.370945818986885,31,3593,1,"1","diploid","female"
"92","0","0","0","0",-0.752954065799713,3046.1005859375,"map_3593_1_2",5,70,300,20,5,5.87724439685161,0.1,18.9720810913173,0.123974417356335,1.93237273560534,102,0.2,0.5,92.1847380641291,21.0252533613777,0.00520047828638802,0.0301627443370036,0.275428607193279,31,3593,1,"2","diploid","female"
"93","0","0","0","0",-0.752954065799713,3046.1005859375,"map_3593_1_3",5,70,300,20,5,4.06117553306956,0.1,8.06721911570195,0.019058237086396,1.31185237914639,68,0.2,0.5,92.1847380641291,21.0252533613777,0.000110126124833749,6.9290439429511e-06,0.780938890529073,31,3593,1,"3","diploid","female"
"94","0","0","0","0",-0.472372323274612,2957.31176757812,"map_3695_1_1",5,70,300,20,5,3.75091251291698,0.1,9.74882882112339,0.199686492708924,1.40349350135116,9,0.2,0.5,72.0212955791689,21.6232266135654,0.00186654461044883,0.0015974752003602,0.603661659489493,32,3695,1,"1","diploid","female"
"95","0","0","0","0",-0.472372323274612,2957.31176757812,"map_3695_1_2",5,70,300,20,5,5.80310615725757,0.1,10.4803026912211,0.626830567091101,0.562987388755357,43,0.2,0.5,72.0212955791689,21.6232266135654,0.0074836334896237,0.00947971718980277,0.609049562922048,32,3695,1,"2","diploid","female"
"96","0","0","0","0",-0.472372323274612,2957.31176757812,"map_3695_1_3",5,70,300,20,5,3.4006946054222,0.1,7.82157538893927,0.0231979313895265,0.989304342222947,7,0.2,0.5,72.0212955791689,21.6232266135654,0.00012047912245108,2.97732382477896e-06,0.932009405378313,32,3695,1,"3","diploid","female"
"97","0","0","0","0",-0.812907218933105,2984.13989257812,"map_3696_1_1",5,70,300,20,5,3.49757488299681,0.1,6.36192640761868,0.193575558544861,1.55393098206547,6,0.2,0.5,74.1863737233057,20.9794460288182,0.000767280418511615,0.000432607934095587,0.48980959990213,33,3696,1,"1","diploid","female"
"98","0","0","0","0",-0.812907218933105,2984.13989257812,"map_3696_1_2",5,70,300,20,5,4.63589030686337,0.1,13.5180378261192,0.345287607286706,0.840538440705883,8,0.2,0.5,74.1863737233057,20.9794460288182,0.00738637925885172,0.0260020607561326,0.35257882526015,33,3696,1,"2","diploid","female"
"99","0","0","0","0",-0.812907218933105,2984.13989257812,"map_3696_1_3",5,70,300,20,5,3.59070271681968,0.1,5.31038279598906,0.127310428155502,0.638105045589094,2,0.2,0.5,74.1863737233057,20.9794460288182,0.000294385983857374,9.28377858239439e-07,1.03577313609629,33,3696,1,"3","diploid","female"
"100","0","0","0","0",-0.861461460590363,3170.83911132812,"map_3701_1_1",5,70,300,20,5,5.03653866933425,0.1,10.9844094602319,0.219607403435495,2.9173723092748,71,0.2,0.5,167.727573851018,19.9083814473115,0.00292474356250079,0.00484514948172815,0.239663314687668,34,3701,1,"1","diploid","female"
"101","0","0","0","0",-0.861461460590363,3170.83911132812,"map_3701_1_2",5,70,300,20,5,3.92112519631135,0.1,14.2848977006578,0.362051482018077,1.31442913665206,92,0.2,0.5,167.727573851018,19.9083814473115,0.00863250368797472,0.0251360190796978,0.233730192485013,34,3701,1,"2","diploid","female"
"102","0","0","0","0",-0.861461460590363,3170.83911132812,"map_3701_1_3",5,70,300,20,5,4.89929167743237,0.1,8.58372931608496,0.0179980551478683,0.58783892447903,42,0.2,0.5,167.727573851018,19.9083814473115,0.000124858099785233,6.4335058989958e-06,0.809478834012639,34,3701,1,"3","diploid","female"
"103","0","0","0","0",-0.904599010944366,3197.70434570312,"map_3702_1_1",5,70,300,20,5,6.21516253274247,0.1,12.4739400552474,0.155568650458058,2.59164746429235,43,0.2,0.5,159.693643196081,18.7286904145977,0.0026291781977647,0.00568251661492969,0.201367219969403,35,3702,1,"1","diploid","female"
"104","0","0","0","0",-0.904599010944366,3197.70434570312,"map_3702_1_2",5,70,300,20,5,3.43194403548275,0.1,17.3174515283891,0.319255433904993,0.839249959951876,87,0.2,0.5,159.693643196081,18.7286904145977,0.00993645033851713,0.0294135715543565,0.111308870124889,35,3702,1,"2","diploid","female"
"105","0","0","0","0",-0.904599010944366,3197.70434570312,"map_3702_1_3",5,70,300,20,5,5.51698489525658,0.1,7.6785832026144,0.00250647442302414,0.168684692836266,28,0.2,0.5,159.693643196081,18.7286904145977,1.33087701475294e-05,3.30612414006213e-06,0.721501590510953,35,3702,1,"3","diploid","female"
"106","0","0","0","0",-0.890967667102814,3228.64868164062,"map_3703_1_1",5,70,300,20,5,5.09287881952803,0.1,7.75947033720114,0.313038953241255,3.73731530286839,21,0.2,0.5,153.898534096753,18.7389595204942,0.00217775851677262,0.0029086794445259,0.272836368269282,36,3703,1,"1","diploid","female"
"107","0","0","0","0",-0.890967667102814,3228.64868164062,"map_3703_1_2",5,70,300,20,5,8.02171985246163,0.1,9.51417872521041,0.460984733961466,1.84825195893944,34,0.2,0.5,153.898534096753,18.7389595204942,0.00573315259859696,0.0149890977420838,0.283877822162098,36,3703,1,"2","diploid","female"
"108","0","0","0","0",-0.890967667102814,3228.64868164062,"map_3703_1_3",5,70,300,20,5,3.17788453324375,0.1,7.97052508595797,0.00684057392896038,0.146746210292049,48,0.2,0.5,153.898534096753,18.7389595204942,3.66100784742984e-05,1.23896282241296e-07,0.889791741456811,36,3703,1,"3","diploid","female"
"109","0","0","0","0",-0.920718967914581,3252.97436523438,"map_3704_1_1",5,70,300,20,5,6.07859741139471,0.1,9.95857241370848,0.364562444324017,2.00080338977915,8,0.2,0.5,157.534773741054,18.7422075810227,0.00381791128324202,0.00641364548772063,0.213415671219834,37,3704,1,"1","diploid","female"
"110","0","0","0","0",-0.920718967914581,3252.97436523438,"map_3704_1_2",5,70,300,20,5,3.46418171607046,0.1,10.2570712619745,0.651719410058333,0.304152614523015,11,0.2,0.5,157.534773741054,18.7422075810227,0.00739401203731719,0.0139737170911484,0.215487258497405,37,3704,1,"2","diploid","female"
"111","0","0","0","0",-0.920718967914581,3252.97436523438,"map_3704_1_3",5,70,300,20,5,0,0.1,6.61832753263915,0.00677565387244029,0.0544418526015207,2,0.2,0.5,157.534773741054,18.7422075810227,2.54476175538739e-05,6.26095136032406e-08,0.150283692053281,37,3704,1,"3","diploid","female"
"112","0","0","0","0",-0.0775306895375252,3080.07177734375,"map_3791_1_1",5,70,300,20,5,7.57989389667387,0.1,8.13311608842793,0.0459463703402202,3.17795472899567,14,0.2,0.5,79.7283365496765,20.1113273424168,0.000269146802064803,4.05923371431379e-05,0.47279063014761,38,3791,1,"1","diploid","female"
"113","0","0","0","0",-0.0775306895375252,3080.07177734375,"map_3791_1_2",5,70,300,20,5,5.31352776184846,0.1,12.7427280014667,0.104791556925667,2.0580299165423,32,0.2,0.5,79.7283365496765,20.1113273424168,0.00168780233825242,0.00330333177855998,0.509492118105006,38,3791,1,"2","diploid","female"
"114","0","0","0","0",-0.0775306895375252,3080.07177734375,"map_3791_1_3",5,70,300,20,5,8.07535407446347,0.1,7.53946802796119,0.0129595319269164,1.4787356430326,65,0.2,0.5,79.7283365496765,20.1113273424168,6.35053779011876e-05,3.31767931923501e-06,0.755643252413677,38,3791,1,"3","diploid","female"
"115","0","0","0","0",-0.150173261761665,2992.1298828125,"map_3792_1_1",5,70,300,20,5,3.54000406675668,0.1,9.09267374983783,0.0819877571868387,2.82916805288826,17,0.2,0.5,82.2325029594954,20.0757691656896,0.000598732854988404,0.000228497279247067,0.521911687703595,39,3792,1,"1","diploid","female"
"116","0","0","0","0",-0.150173261761665,2992.1298828125,"map_3792_1_2",5,70,300,20,5,6.38859856387032,0.1,10.415350689566,0.485892166507467,0.964498204615537,102,0.2,0.5,82.2325029594954,20.0757691656896,0.00619327036833403,0.0231950230039683,0.425866963001731,39,3792,1,"2","diploid","female"
"117","0","0","0","0",-0.150173261761665,2992.1298828125,"map_3792_1_3",5,70,300,20,5,3.13914584172333,0.1,8.30385163303394,0.0153108638134415,1.24747152738098,32,0.2,0.5,82.2325029594954,20.0757691656896,9.21768370299947e-05,9.08777663478365e-06,0.779825315157137,39,3792,1,"3","diploid","female"
"118","0","0","0","0",-0.884571433067322,2956.37036132812,"map_3800_1_1",5,70,300,20,5,3.24013903171692,0.1,8.24004723872653,0.173569276457498,1.45984360636038,4,0.2,0.5,69.7824196641231,21.0599975438081,0.00112444002234018,0.000497352439701051,0.463035748846511,40,3800,1,"1","diploid","female"
"119","0","0","0","0",-0.884571433067322,2956.37036132812,"map_3800_1_2",5,70,300,20,5,4.16624245246431,0.1,13.6328613812399,0.378581740581,0.479108382805164,6,0.2,0.5,69.7824196641231,21.0599975438081,0.00787179437018375,0.0158475030508001,0.212569152698772,40,3800,1,"2","diploid","female"
"120","0","0","0","0",-0.884571433067322,2956.37036132812,"map_3800_1_3",5,70,300,20,5,3.26641656111778,0.1,6.27234090835326,0.0408018841013463,0.732386239577053,2,0.2,0.5,69.7824196641231,21.0599975438081,0.000131696359445143,2.67068653744697e-07,1.03748432356174,40,3800,1,"3","diploid","female"
"121","0","0","0","0",-0.945974707603455,2965.47583007812,"map_3801_1_1",5,70,300,20,5,3.21530442348707,0.1,10.5637644640362,0.0850637363320595,1.3625900430993,27,0.2,0.5,89.1937246100847,21.032174724017,0.000950331072621032,0.00158185141909762,0.626722120600326,41,3801,1,"1","diploid","female"
"122","0","0","0","0",-0.945974707603455,2965.47583007812,"map_3801_1_2",5,70,300,20,5,2.78750522528672,0.1,14.8836980308019,0.390608910123682,0.673258844744801,80,0.2,0.5,89.1937246100847,21.032174724017,0.010706063843404,0.067631994969465,0.519905019938057,41,3801,1,"2","diploid","female"
"123","0","0","0","0",-0.945974707603455,2965.47583007812,"map_3801_1_3",5,70,300,20,5,4.12338969105437,0.1,7.55620986000922,0.0100646094212799,0.670345331107665,21,0.2,0.5,89.1937246100847,21.032174724017,4.88328173557011e-05,6.66739759450294e-07,1.0892681876955,41,3801,1,"3","diploid","female"
"124","0","0","0","0",-0.835117936134338,3066.89721679688,"map_3804_1_1",5,70,300,20,5,4.66758294319602,0.1,7.9783094452527,0.0960718013395612,1.90475870258266,5,0.2,0.5,87.8710293944096,19.9822496802836,0.000531931120541501,5.66756937586738e-05,0.418881244567186,42,3804,1,"1","diploid","female"
"125","0","0","0","0",-0.835117936134338,3066.89721679688,"map_3804_1_2",5,70,300,20,5,3.24015199314673,0.1,13.0340441721403,0.215379552771991,1.53014892892976,10,0.2,0.5,87.8710293944096,19.9822496802836,0.00419462040001759,0.00982685179143721,0.265344946607068,42,3804,1,"2","diploid","female"
"126","0","0","0","0",-0.835117936134338,3066.89721679688,"map_3804_1_3",5,70,300,20,5,5.95391629961157,0.1,7.12483001642954,0.0198606839991977,0.87340382175865,4,0.2,0.5,87.8710293944096,19.9822496802836,8.32792174926883e-05,1.17772786272484e-07,0.798161090293275,42,3804,1,"3","diploid","female"
"127","0","0","0","0",-0.911488592624664,3109.03979492188,"map_3805_1_1",5,70,300,20,5,7.01947440137294,0.1,10.5535435315929,0.149144822323029,2.71690121875712,58,0.2,0.5,158.707259130636,19.9653415986206,0.00196589044265509,0.00549060873421523,0.338799096183663,43,3805,1,"1","diploid","female"
"128","0","0","0","0",-0.911488592624664,3109.03979492188,"map_3805_1_2",5,70,300,20,5,8.14363860345486,0.1,21.3375094685808,0.27243599606275,1.63083564919814,84,0.2,0.5,158.707259130636,19.9653415986206,0.0136208532498488,0.0802817434736176,0.13171630668654,43,3805,1,"2","diploid","female"
"129","0","0","0","0",-0.911488592624664,3109.03979492188,"map_3805_1_3",5,70,300,20,5,5.73021165891003,0.1,9.07109726604811,0.0195426234375859,0.734242886935946,46,0.2,0.5,158.707259130636,19.9653415986206,0.000138383078473472,1.46255240299329e-05,0.882271013647608,43,3805,1,"3","diploid","female"
"130","0","0","0","0",-0.972898662090302,3131.078125,"map_3806_1_1",5,70,300,20,5,5.89878077662127,0.1,8.95329100343523,0.193485675276199,3.21742882597306,5,0.2,0.5,156.330917827315,18.7373072454172,0.00170651112559846,0.00333704722917545,0.304769267162201,44,3806,1,"1","diploid","female"
"131","0","0","0","0",-0.972898662090302,3131.078125,"map_3806_1_2",5,70,300,20,5,3.11531922238359,0.1,18.6363269594934,0.357261892543753,1.38741264768518,10,0.2,0.5,156.330917827315,18.7373072454172,0.0155232310010342,0.0785002471395068,0.13255559727323,44,3806,1,"2","diploid","female"
"132","0","0","0","0",-0.972898662090302,3131.078125,"map_3806_1_3",5,70,300,20,5,0,0.1,8.06739841103257,0.00162602121725625,0.0410527871909666,3,0.2,0.5,156.330917827315,18.7373072454172,9.88600796966182e-06,1.16657223601566e-06,0.722353816721001,44,3806,1,"3","diploid","female"
"133","0","0","0","0",-0.936655461788177,3156.57373046875,"map_3807_1_1",5,70,300,20,5,8.94407779249809,0.1,10.0024902316127,0.218726312617967,3.68696723433453,62,0.2,0.5,160.27482057489,18.7369185455086,0.00217061898603227,0.00186760000065612,0.259898657501142,45,3807,1,"1","diploid","female"
"134","0","0","0","0",-0.936655461788177,3156.57373046875,"map_3807_1_2",5,70,300,20,5,7.44299888746789,0.1,17.2241333488624,0.423832762016508,1.05256521078565,228,0.2,0.5,160.27482057489,18.7369185455086,0.0122801851976564,0.0294834369316325,0.0479624020031175,45,3807,1,"2","diploid","female"
"135","0","0","0","0",-0.936655461788177,3156.57373046875,"map_3807_1_3",5,70,300,20,5,0,0.1,8.86799663757868,0.00586403674893232,0.100126197351696,60,0.2,0.5,160.27482057489,18.7369185455086,3.9281251517293e-05,1.77001842906458e-06,0.541460245972339,45,3807,1,"3","diploid","female"
"136","0","0","0","0",-0.941332876682281,3183.19653320312,"map_3808_1_1",5,70,300,20,5,8.92868299158127,0.1,10.4976432698456,0.134459428819355,2.79909570516615,39,0.2,0.5,163.327759118571,18.7195541892997,0.00158271062676868,0.00281775770433315,0.312296603602263,46,3808,1,"1","diploid","female"
"137","0","0","0","0",-0.941332876682281,3183.19653320312,"map_3808_1_2",5,70,300,20,5,7.57129497478127,0.1,15.9672709356663,0.267851292412165,1.28249882595365,83,0.2,0.5,163.327759118571,18.7195541892997,0.00810769572871882,0.034868433200438,0.190449039557511,46,3808,1,"2","diploid","female"
"138","0","0","0","0",-0.941332876682281,3183.19653320312,"map_3808_1_3",5,70,300,20,5,0,0.1,7.73235512238633,0.00204745563488025,0.151239518508696,28,0.2,0.5,163.327759118571,18.7195541892997,1.09602418689071e-05,1.26885590401709e-06,0.708340368793975,46,3808,1,"3","diploid","female"
"139","0","0","0","0",-0.667052984237671,3222.68359375,"map_3810_1_1",5,70,300,20,5,6.7218854132793,0.1,9.47987947864892,0.34699160117179,3.0041044256062,22,0.2,0.5,153.527805379063,19.0200282991395,0.00344318620131579,0.00507842764448254,0.240594363199556,47,3810,1,"1","diploid","female"
"140","0","0","0","0",-0.667052984237671,3222.68359375,"map_3810_1_2",5,70,300,20,5,4.01754991284944,0.1,10.4904986453639,0.560835010784598,0.615970946254431,37,0.2,0.5,153.527805379063,19.0200282991395,0.00675834508818339,0.0125743334572503,0.259756408712354,47,3810,1,"2","diploid","female"
"141","0","0","0","0",-0.667052984237671,3222.68359375,"map_3810_1_3",5,70,300,20,5,5.25840856228773,0.1,5.69764997002415,0.179472134767751,0.959600418057328,4,0.2,0.5,153.527805379063,19.0200282991395,0.000514502318236775,1.43912795906339e-05,0.835108066442423,47,3810,1,"3","diploid","female"
"142","0","0","0","0",-0.846039652824402,3245.07275390625,"map_3812_1_1",5,70,300,20,5,3.75238996549553,0.1,11.4562090912944,0.184701895922273,2.21708347237611,29,0.2,0.5,142.485432520261,19.005761403182,0.00280021024591912,0.00845088040487899,0.271245678356078,48,3812,1,"1","diploid","female"
"143","0","0","0","0",-0.846039652824402,3245.07275390625,"map_3812_1_2",5,70,300,20,5,6.293369112532,0.1,12.5380232322884,0.255890080805804,1.02219441837587,53,0.2,0.5,142.485432520261,19.005761403182,0.00489249355357879,0.0188707242685129,0.34129970390111,48,3812,1,"2","diploid","female"
"144","0","0","0","0",-0.846039652824402,3245.07275390625,"map_3812_1_3",5,70,300,20,5,2.32638813905127,0.1,5.60825635868222,0.00874771017889111,0.121582885746886,31,0.2,0.5,142.485432520261,19.005761403182,2.31413970175098e-05,1.62025851495836e-07,0.32838348625631,48,3812,1,"3","diploid","female"
"145","0","0","0","0",0.192412167787552,2994.11791992188,"map_3896_1_1",5,70,300,20,5,8.56938395444871,0.1,9.42404653351141,0.0712993314311572,3.67198780912461,17,0.2,0.5,105.533850090052,20.1909275593552,0.000619762949613382,0.00084364692788294,0.364950022831496,49,3896,1,"1","diploid","female"
"146","0","0","0","0",0.192412167787552,2994.11791992188,"map_3896_1_2",5,70,300,20,5,5.71636589873737,0.1,14.9155622112737,0.19496295917836,2.22718912358831,61,0.2,0.5,105.533850090052,20.1909275593552,0.00567151644602517,0.0258445386108357,0.228514996013537,49,3896,1,"2","diploid","female"
"147","0","0","0","0",0.192412167787552,2994.11791992188,"map_3896_1_3",5,70,300,20,5,8.2686450232921,0.1,9.10460095282939,0.0244582219075203,2.2982846447092,107,0.2,0.5,105.533850090052,20.1909275593552,0.000198197595296442,0.00023664107633086,0.485958219837945,49,3896,1,"3","diploid","female"
"148","0","0","0","0",-0.92236864566803,2925.67700195312,"map_3904_1_1",5,70,300,20,5,2.49615067675154,0.1,6.68701919098056,0.231731620575798,1.13907423826095,14,0.2,0.5,30.6929367743061,21.6951922525467,0.000980870519521287,0.000297246293335422,0.382930056580272,50,3904,1,"1","diploid","female"
"149","0","0","0","0",-0.92236864566803,2925.67700195312,"map_3904_1_2",5,70,300,20,5,2.51120869568244,0.1,8.15354849679647,0.421938371063628,0.729509904183588,27,0.2,0.5,30.6929367743061,21.6951922525467,0.00335727327088051,0.00538515726490827,0.316709387781793,50,3904,1,"2","diploid","female"
"150","0","0","0","0",-0.92236864566803,2925.67700195312,"map_3904_1_3",5,70,300,20,5,3.28883347134538,0.1,5.36004198923593,0.0453599162563426,0.428904332659558,5,0.2,0.5,30.6929367743061,21.6951922525467,0.000107528601307363,4.87595554829875e-09,1.22964571612604,50,3904,1,"3","diploid","female"
"151","0","0","0","0",-0.920646369457245,2933.58349609375,"map_3906_1_1",5,70,300,20,5,2.51781014657137,0.1,9.80216066750935,0.0742799694266876,1.05202958100655,11,0.2,0.5,31.0036498389371,21.6491479208303,0.000653689703548031,0.000271711208977292,0.553838815137815,51,3906,1,"1","diploid","female"
"152","0","0","0","0",-0.920646369457245,2933.58349609375,"map_3906_1_2",5,70,300,20,5,2.54987675723752,0.1,12.3702031613235,0.293377095362336,0.43867538951467,56,0.2,0.5,31.0036498389371,21.6491479208303,0.00438388855474322,0.00431522822777677,0.332796522844334,51,3906,1,"2","diploid","female"
"153","0","0","0","0",-0.920646369457245,2933.58349609375,"map_3906_1_3",5,70,300,20,5,3.41543957030288,0.1,7.26379989509245,0.00953612095023972,0.552812318138332,9,0.2,0.5,31.0036498389371,21.6491479208303,4.22274924159679e-05,1.46463977525529e-08,1.45121531499447,51,3906,1,"3","diploid","female"
"154","0","0","0","0",-0.806814908981323,2960.16333007812,"map_3907_1_1",5,70,300,20,5,2.4218072700875,0.1,5.54746422882425,0.389330840534097,1.41880949141505,5,0.2,0.5,28.8615006521295,21.291999426131,0.00102930549329823,3.35872516952216e-05,0.618175653253468,52,3907,1,"1","diploid","female"
"155","0","0","0","0",-0.806814908981323,2960.16333007812,"map_3907_1_2",5,70,300,20,5,3.2578255503703,0.1,6.53310585270674,0.816844700198487,0.764503837201874,10,0.2,0.5,28.8615006521295,21.291999426131,0.00339507186981607,0.000894310845543254,0.430999710924483,52,3907,1,"2","diploid","female"
"156","0","0","0","0",-0.806814908981323,2960.16333007812,"map_3907_1_3",5,70,300,20,5,2.77662742573755,0.1,5.14052290361478,0.209114651740922,0.644857286716061,2,0.2,0.5,28.8615006521295,21.291999426131,0.000439204493623595,4.804643737233e-09,1.34356890220903,52,3907,1,"3","diploid","female"
"157","0","0","0","0",-0.905501186847687,2995.88720703125,"map_3908_1_1",5,70,300,20,5,2.34128637063554,0.1,6.7299412333648,0.119527792697816,1.28680199511932,14,0.2,0.5,27.6116776119831,21.3104479326098,0.000484638343675408,2.05191557593366e-05,0.820804839036614,53,3908,1,"1","diploid","female"
"158","0","0","0","0",-0.905501186847687,2995.88720703125,"map_3908_1_2",5,70,300,20,5,3.29977430323932,0.1,9.88221838331729,0.30526709371704,0.737068918732984,29,0.2,0.5,27.6116776119831,21.3104479326098,0.00283458312900838,0.00219734901393823,0.459844824932366,53,3908,1,"2","diploid","female"
"159","0","0","0","0",-0.905501186847687,2995.88720703125,"map_3908_1_3",5,70,300,20,5,2.87806214993101,0.1,5.44894696059747,0.0395231543372846,0.587267353535753,13,0.2,0.5,27.6116776119831,21.3104479326098,9.70305722384657e-05,3.30698509435467e-09,1.53839594675408,53,3908,1,"3","diploid","female"
"160","0","0","0","0",-0.956486403942108,3022.45092773438,"map_3909_1_1",5,70,300,20,5,1.3792280321737,0.1,6.19805478561995,0.262830523110177,1.11325879815293,24,0.2,0.5,34.6873809934851,21.2932131335321,0.0008461702772961,2.33271660071043e-05,0.689332663462478,54,3909,1,"1","diploid","female"
"161","0","0","0","0",-0.956486403942108,3022.45092773438,"map_3909_1_2",5,70,300,20,5,3.73430515518338,0.1,5.90259600053837,0.926228829934952,0.913753607852082,113,0.2,0.5,34.6873809934851,21.2932131335321,0.0028814986448372,0.000704323707327927,1.0942988268893,54,3909,1,"2","diploid","female"
"162","0","0","0","0",-0.956486403942108,3022.45092773438,"map_3909_1_3",5,70,300,20,5,1.6739680454129,0.1,6.03112899173444,0.0578053999666958,0.841475734428697,20,0.2,0.5,34.6873809934851,21.2932131335321,0.000168723150493588,2.87500677245547e-09,0.921610236039351,54,3909,1,"3","diploid","female"
"163","0","0","0","0",-0.952602863311768,3047.53247070312,"map_3910_1_1",5,70,300,20,5,3.40664350215545,0.1,5.6015720664132,0.188015868971896,1.2698683521949,3,0.2,0.5,35.9059965460007,20.7562617896535,0.000495919254174046,4.84252584970597e-06,0.578961931706675,55,3910,1,"1","diploid","female"
"164","0","0","0","0",-0.952602863311768,3047.53247070312,"map_3910_1_2",5,70,300,20,5,2.8736689315253,0.1,5.86145015477596,0.290951988867976,1.26264091225345,3,0.2,0.5,35.9059965460007,20.7562617896535,0.000941325955015405,0.000352203094561484,0.696658930723449,55,3910,1,"2","diploid","female"
"165","0","0","0","0",-0.952602863311768,3047.53247070312,"map_3910_1_3",5,70,300,20,5,5.02754397401779,0.1,5.31741769698401,0.10740123953098,0.743764089041722,2,0.2,0.5,35.9059965460007,20.7562617896535,0.000244370846315341,8.42368726186446e-09,0.95237915296022,55,3910,1,"3","diploid","female"
"166","0","0","0","0",-0.944451749324799,3072.35961914062,"map_3911_1_1",5,70,300,20,5,1.61911562872626,0.1,8.18956522077395,0.0603881484657097,1.19379685918954,8,0.2,0.5,32.1830511639681,20.7545652273353,0.000331917312367037,5.72128842479692e-06,0.908476002259393,56,3911,1,"1","diploid","female"
"167","0","0","0","0",-0.944451749324799,3072.35961914062,"map_3911_1_2",5,70,300,20,5,3.84842835398327,0.1,7.28751209028867,0.753744060769763,0.480272641364226,111,0.2,0.5,32.1830511639681,20.7545652273353,0.00354775817073486,0.000565778919778081,0.90639745499088,56,3911,1,"2","diploid","female"
"168","0","0","0","0",-0.944451749324799,3072.35961914062,"map_3911_1_3",5,70,300,20,5,1.91754017204924,0.1,6.88193026029615,0.00616154615363692,0.720308121801439,9,0.2,0.5,32.1830511639681,20.7545652273353,2.43031544952656e-05,4.61321647755749e-09,1.43358599902321,56,3911,1,"3","diploid","female"
"169","0","0","0","0",-0.916541457176208,3101.38598632812,"map_3912_1_1",5,70,300,20,5,3.58709780210193,0.1,5.76925268937191,0.118756347216252,1.20531058294953,12,0.2,0.5,32.6899407725794,20.7588321151395,0.000344757708219484,4.62205812674531e-06,0.5879574334704,57,3912,1,"1","diploid","female"
"170","0","0","0","0",-0.916541457176208,3101.38598632812,"map_3912_1_2",5,70,300,20,5,3.17819725102842,0.1,8.14331738842963,0.161754990200553,0.925083360927127,15,0.2,0.5,32.6899407725794,20.7588321151395,0.0010651220132657,0.000156364307465033,0.558676008764589,57,3912,1,"2","diploid","female"
"171","0","0","0","0",-0.916541457176208,3101.38598632812,"map_3912_1_3",5,70,300,20,5,4.99838821866158,0.1,5.38028081623667,0.0321622249187382,0.701343045107134,12,0.2,0.5,32.6899407725794,20.7588321151395,7.6570754931888e-05,4.93436947515411e-09,1.09852823871066,57,3912,1,"3","diploid","female"
"172","0","0","0","0",-0.862296938896179,3138.79345703125,"map_3913_1_1",5,70,300,20,5,2.23335752789405,0.1,6.17572040672856,0.234218713345444,2.07561978999529,5,0.2,0.5,59.6639077940652,20.359727993624,0.000803701646142001,4.81813594157705e-05,0.502947969793033,58,3913,1,"1","diploid","female"
"173","0","0","0","0",-0.862296938896179,3138.79345703125,"map_3913_1_2",5,70,300,20,5,4.9640337496708,0.1,6.76189124952346,0.3467843068454,1.6573636176659,4,0.2,0.5,59.6639077940652,20.359727993624,0.00151355699938023,0.000265820916013758,0.563425229524246,58,3913,1,"2","diploid","female"
"174","0","0","0","0",-0.862296938896179,3138.79345703125,"map_3913_1_3",5,70,300,20,5,2.2218929794971,0.1,5.47442810463537,0.141416494157685,1.21739997524553,3,0.2,0.5,59.6639077940652,20.359727993624,0.000349822494560133,2.32772710059706e-07,0.882140086997947,58,3913,1,"3","diploid","female"
"175","0","0","0","0",-0.8231081366539,3154.34497070312,"map_3914_1_1",5,70,300,20,5,4.01174048595209,0.1,6.96063880438456,0.166223981933536,1.74958079014976,21,0.2,0.5,62.8283324732733,20.3432329733374,0.000705141453737469,8.72810473043595e-05,0.546868573575828,59,3914,1,"1","diploid","female"
"176","0","0","0","0",-0.8231081366539,3154.34497070312,"map_3914_1_2",5,70,300,20,5,4.86827980693871,0.1,7.03186221391465,0.262449373373139,1.41395197112918,32,0.2,0.5,62.8283324732733,20.3432329733374,0.0012779007857239,0.000797860167354083,0.730432813600171,59,3914,1,"2","diploid","female"
"177","0","0","0","0",-0.8231081366539,3154.34497070312,"map_3914_1_3",5,70,300,20,5,3.79866738059704,0.1,6.58154425109207,0.0356404607897001,1.17965203712797,27,0.2,0.5,62.8283324732733,20.3432329733374,0.000125530280050301,6.69729065699224e-08,0.896655678555858,59,3914,1,"3","diploid","female"
"178","0","0","0","0",-0.59453821182251,3222.84765625,"map_3919_1_1",5,70,300,20,5,5.83367018489722,0.1,12.3648613051081,0.244004513064361,2.77405062748689,82,0.2,0.5,142.749524861079,20.1515688320595,0.0045416736513609,0.013923115634953,0.185207052241343,60,3919,1,"1","diploid","female"
"179","0","0","0","0",-0.59453821182251,3222.84765625,"map_3919_1_2",5,70,300,20,5,4.79381269968061,0.1,12.6594833371084,0.239048302141553,1.96513739581961,74,0.2,0.5,142.749524861079,20.1515688320595,0.00446117055333788,0.0113254219947325,0.274753061928593,60,3919,1,"2","diploid","female"
"180","0","0","0","0",-0.59453821182251,3222.84765625,"map_3919_1_3",5,70,300,20,5,4.37991820859439,0.1,6.81385015695038,0.12207031425951,1.91982136217834,63,0.2,0.5,142.749524861079,20.1515688320595,0.000520465752393124,6.89079026992822e-05,0.514702544413919,60,3919,1,"3","diploid","female"
"181","0","0","0","0",-0.865955233573914,3249.96875,"map_3920_1_1",5,70,300,20,5,6.12109689900653,0.1,15.4175519152463,0.326202887520563,1.41986732073897,65,0.2,0.5,149.028862278327,20.1567869788389,0.00862435333371874,0.030497359315487,0.114512550585084,61,3920,1,"1","diploid","female"
"182","0","0","0","0",-0.865955233573914,3249.96875,"map_3920_1_2",5,70,300,20,5,7.66190603382672,0.1,14.3911851425434,0.376370474792441,0.662208803020145,83,0.2,0.5,149.028862278327,20.1567869788389,0.00816814448370112,0.0243218469292463,0.184899833996813,61,3920,1,"2","diploid","female"
"183","0","0","0","0",-0.865955233573914,3249.96875,"map_3920_1_3",5,70,300,20,5,3.68797614337274,0.1,7.36200291536211,0.102194933745777,1.50245838280137,53,0.2,0.5,149.028862278327,20.1567869788389,0.000517945843599631,2.14470885492635e-05,0.393569337994976,61,3920,1,"3","diploid","female"
"184","0","0","0","0",0.179017141461372,3011.1748046875,"map_4000_1_1",5,70,300,20,5,8.61256427189502,0.1,9.11053748956001,0.12041844621226,4.41230585186605,29,0.2,0.5,106.296989073389,20.1638167794229,0.000990244998161297,0.000343269152945545,0.29211623422169,62,4000,1,"1","diploid","female"
"185","0","0","0","0",0.179017141461372,3011.1748046875,"map_4000_1_2",5,70,300,20,5,5.8596537209445,0.1,15.567881131994,0.283383103654405,1.8535719765127,62,0.2,0.5,106.296989073389,20.1638167794229,0.00719688346455703,0.0223583036367486,0.211349677948004,62,4000,1,"2","diploid","female"
"186","0","0","0","0",0.179017141461372,3011.1748046875,"map_4000_1_3",5,70,300,20,5,8.43586155205666,0.1,9.02067310050422,0.0429571913192419,1.84594924042683,128,0.2,0.5,106.296989073389,20.1638167794229,0.000328845111575746,4.81823637522006e-05,0.498321007635462,62,4000,1,"3","diploid","female"
"187","0","0","0","0",0.310723572969437,2923.95434570312,"map_4001_1_1",5,70,300,20,5,8.64203493741463,0.1,10.8990366488564,0.156945718080809,4.6399653866539,52,0.2,0.5,109.838081714719,20.1621168945583,0.00208090668492346,0.00283344461658905,0.254070200456065,63,4001,1,"1","diploid","female"
"188","0","0","0","0",0.310723572969437,2923.95434570312,"map_4001_1_2",5,70,300,20,5,5.25996916794356,0.1,17.2434227710789,0.488683707909732,0.614963947103868,79,0.2,0.5,109.838081714719,20.1621168945583,0.0144761591626861,0.0520955307278115,0.116777222051664,63,4001,1,"2","diploid","female"
"189","0","0","0","0",0.310723572969437,2923.95434570312,"map_4001_1_3",5,70,300,20,5,7.21382831432544,0.1,6.91284347128522,0.0245993107304451,0.346006420120827,53,0.2,0.5,109.838081714719,20.1621168945583,0.000124020539932447,9.88675078426133e-05,0.452850124738445,63,4001,1,"3","diploid","female"
"190","0","0","0","0",-0.892697036266327,2934.44995117188,"map_4013_1_1",5,70,300,20,5,2.84751517532605,0.1,8.26167424182694,0.047649546600821,1.11175404329223,19,0.2,0.5,31.7862317997752,21.2595796754062,0.000300409508549502,7.53506449574963e-05,0.610917234262784,64,4013,1,"1","diploid","female"
"191","0","0","0","0",-0.892697036266327,2934.44995117188,"map_4013_1_2",5,70,300,20,5,2.51869042785611,0.1,11.6902105788161,0.0675848195547813,1.13182346816476,54,0.2,0.5,31.7862317997752,21.2595796754062,0.00104794127838628,0.00254260069703974,0.599733277200084,64,4013,1,"2","diploid","female"
"192","0","0","0","0",-0.892697036266327,2934.44995117188,"map_4013_1_3",5,70,300,20,5,3.75460922395796,0.1,6.26536945941711,0.0115358221891506,0.460524163633378,34,0.2,0.5,31.7862317997752,21.2595796754062,3.8623778208639e-05,1.14762882171623e-08,1.42366561078579,64,4013,1,"3","diploid","female"
"193","0","0","0","0",-0.855232119560242,2970.0712890625,"map_4014_1_1",5,70,300,20,5,3.42181550750774,0.1,7.6399903343534,0.0302487874668804,1.13212423355128,9,0.2,0.5,35.4465989163548,20.7063348438521,0.000155146397703033,1.8499160030798e-05,0.440222940241297,65,4014,1,"1","diploid","female"
"194","0","0","0","0",-0.855232119560242,2970.0712890625,"map_4014_1_2",5,70,300,20,5,2.63809273574497,0.1,19.5545510274045,0.0837883340199113,1.23439502463599,26,0.2,0.5,35.4465989163548,20.7063348438521,0.00319559820292124,0.00897651137655368,0.337867257768764,65,4014,1,"2","diploid","female"
"195","0","0","0","0",-0.855232119560242,2970.0712890625,"map_4014_1_3",5,70,300,20,5,4.71876535816014,0.1,6.99281974429587,0.00502252308345377,0.621656402607296,10,0.2,0.5,35.4465989163548,20.7063348438521,2.05385448256881e-05,3.79341306702494e-08,0.670383135978831,65,4014,1,"3","diploid","female"
"196","0","0","0","0",-0.892844378948212,3006.89379882812,"map_4015_1_1",5,70,300,20,5,2.78024204005857,0.1,6.7379786110548,0.0765079208475905,1.28681928599061,7,0.2,0.5,34.8649312293411,20.7584688813979,0.000309266305392661,9.25626194182628e-06,0.625613567712584,66,4015,1,"1","diploid","female"
"197","0","0","0","0",-0.892844378948212,3006.89379882812,"map_4015_1_2",5,70,300,20,5,3.32178947544326,0.1,9.40710168961813,0.10739889235235,1.28874045787094,11,0.2,0.5,34.8649312293411,20.7584688813979,0.000969250078798731,0.00116632934942126,0.61398298627342,66,4015,1,"2","diploid","female"
"198","0","0","0","0",-0.892844378948212,3006.89379882812,"map_4015_1_3",5,70,300,20,5,3.33444103863586,0.1,5.872452383926,0.029545760827222,0.671457470766665,5,0.2,0.5,34.8649312293411,20.7584688813979,8.46275333239315e-05,5.39804109748848e-09,1.01783015474276,66,4015,1,"3","diploid","female"
"199","0","0","0","0",-0.943261563777924,3062.07446289062,"map_4017_1_1",5,70,300,20,5,3.86785952529827,0.1,8.65216956832989,0.0593911115797949,1.58915367620689,4,0.2,0.5,56.5830297913662,20.3622130323222,0.000392504590645329,2.96044577087486e-05,0.531181917779953,67,4017,1,"1","diploid","female"
"200","0","0","0","0",-0.943261563777924,3062.07446289062,"map_4017_1_2",5,70,300,20,5,2.91641708923171,0.1,13.846005792211,0.15258273111725,0.985616586978572,7,0.2,0.5,56.5830297913662,20.3622130323222,0.00271434977858016,0.00217248344034682,0.339783800252435,67,4017,1,"2","diploid","female"
"201","0","0","0","0",-0.943261563777924,3062.07446289062,"map_4017_1_3",5,70,300,20,5,5.45679109784974,0.1,6.76067968930184,0.010664208953243,0.857133265118703,3,0.2,0.5,56.5830297913662,20.3622130323222,4.05180100389415e-05,3.86387709096389e-08,0.956344650046017,67,4017,1,"3","diploid","female"
"202","0","0","0","0",-0.930176496505737,3081.70556640625,"map_4018_1_1",5,70,300,20,5,3.94208511876738,0.1,7.10053645933306,0.0735771617719866,1.62629242394789,12,0.2,0.5,56.1495566273053,20.3630790298563,0.000342981883772287,2.42641490418474e-05,0.456421056392054,68,4018,1,"1","diploid","female"
"203","0","0","0","0",-0.930176496505737,3081.70556640625,"map_4018_1_2",5,70,300,20,5,3.02646790323741,0.1,13.6439720996396,0.227317774015234,1.01760351721558,27,0.2,0.5,56.1495566273053,20.3630790298563,0.00361678621473311,0.00119817147543745,0.307115366904147,68,4018,1,"2","diploid","female"
"204","0","0","0","0",-0.930176496505737,3081.70556640625,"map_4018_1_3",5,70,300,20,5,5.45229731350376,0.1,6.26289555914455,0.0255762795380389,0.735870969158134,13,0.2,0.5,56.1495566273053,20.3630790298563,8.68367451478454e-05,5.65996096488088e-08,0.624072387345278,68,4018,1,"3","diploid","female"
"205","0","0","0","0",-0.805192470550537,3104.74584960938,"map_4019_1_1",5,70,300,20,5,4.33577478000577,0.1,6.77840158874874,0.116434324320074,1.74396662427171,3,0.2,0.5,56.7243619836446,20.369512034149,0.000469075561161599,2.52738300521699e-05,0.467993185852159,69,4019,1,"1","diploid","female"
"206","0","0","0","0",-0.805192470550537,3104.74584960938,"map_4019_1_2",5,70,300,20,5,3.37962129792122,0.1,7.48027392890714,0.167584379797186,1.52680381400466,3,0.2,0.5,56.7243619836446,20.369512034149,0.000914587935319474,0.000416886787172971,0.478549870326513,69,4019,1,"2","diploid","female"
"207","0","0","0","0",-0.805192470550537,3104.74584960938,"map_4019_1_3",5,70,300,20,5,5.62570060384874,0.1,6.29397060654314,0.0393506871919252,1.14111206883219,2,0.2,0.5,56.7243619836446,20.369512034149,0.00012740443182847,1.22632327839563e-07,0.7855721961268,69,4019,1,"3","diploid","female"
"208","0","0","0","0",-0.740401744842529,3174.17333984375,"map_4022_1_1",5,70,300,20,5,2.62860219742885,0.1,7.49171654489076,0.15701636499203,2.4220079989371,21,0.2,0.5,78.9145480881498,20.3531200075202,0.000840323167040168,0.000191042380760787,0.403412492845978,70,4022,1,"1","diploid","female"
"209","0","0","0","0",-0.740401744842529,3174.17333984375,"map_4022_1_2",5,70,300,20,5,6.02086246770882,0.1,10.7365222010887,0.228672097646822,1.22610784621506,25,0.2,0.5,78.9145480881498,20.3531200075202,0.00232809761830148,0.000711914292038089,0.430060253053543,70,4022,1,"2","diploid","female"
"210","0","0","0","0",-0.740401744842529,3174.17333984375,"map_4022_1_3",5,70,300,20,5,2.24294231054411,0.1,6.07197244858844,0.0666791569241437,1.30653324639817,19,0.2,0.5,78.9145480881498,20.3531200075202,0.000212201012974299,4.68169911209041e-07,0.802570561455368,70,4022,1,"3","diploid","female"
"211","0","0","0","0",-0.863746285438538,3175.13598632812,"map_4023_1_1",5,70,300,20,5,4.52839225908595,0.1,5.73898905660461,0.485855534642636,2.26764818581517,10,0.2,0.5,74.6054689401012,20.1778301796644,0.00144542764069279,0.00025110202441824,0.627394517470737,71,4023,1,"1","diploid","female"
"212","0","0","0","0",-0.863746285438538,3175.13598632812,"map_4023_1_2",5,70,300,20,5,3.5139457978974,0.1,5.41595807124753,1.38865330663008,1.7040341822265,78,0.2,0.5,74.6054689401012,20.1778301796644,0.00368923253192103,0.00110423526498955,1.24557919456026,71,4023,1,"2","diploid","female"
"213","0","0","0","0",-0.863746285438538,3175.13598632812,"map_4023_1_3",5,70,300,20,5,4.91743568664914,0.1,5.27627492333882,0.238642771114979,1.34844266763794,2,0.2,0.5,74.6054689401012,20.1778301796644,0.000538825371865243,2.70877286627783e-07,0.954225806628525,71,4023,1,"3","diploid","female"
"214","0","0","0","0",-0.775563657283783,3197.00268554688,"map_4024_1_1",5,70,300,20,5,2.69262663062164,0.1,8.58862632518244,0.150546556790115,2.31965807873902,31,0.2,0.5,91.1671489956371,20.1506452233028,0.00106141335857682,0.000769170203390916,0.368672028767024,72,4024,1,"1","diploid","female"
"215","0","0","0","0",-0.775563657283783,3197.00268554688,"map_4024_1_2",5,70,300,20,5,5.85168940439803,0.1,9.30407576259858,0.205078830655066,1.60493909276066,52,0.2,0.5,91.1671489956371,20.1506452233028,0.00174465716758626,0.00130187153527623,0.503716775345238,72,4024,1,"2","diploid","female"
"216","0","0","0","0",-0.775563657283783,3197.00268554688,"map_4024_1_3",5,70,300,20,5,2.13610901513556,0.1,6.8316025770875,0.0441074083212226,1.34530143983821,31,0.2,0.5,91.1671489956371,20.1506452233028,0.000177156492859443,1.38928884108015e-06,0.852022427277358,72,4024,1,"3","diploid","female"
"217","0","0","0","0",-0.855206310749054,3225.14770507812,"map_4025_1_1",5,70,300,20,5,4.45423041012107,0.1,8.50015518729255,0.300222502023174,1.63740598064938,45,0.2,0.5,91.54414376864,20.1426828813183,0.00205117392405565,0.00172022352981842,0.530125981318021,73,4025,1,"1","diploid","female"
"218","0","0","0","0",-0.855206310749054,3225.14770507812,"map_4025_1_2",5,70,300,20,5,5.35596447481223,0.1,6.90140619924375,0.766692375357606,0.720392422599285,91,0.2,0.5,91.54414376864,20.1426828813183,0.00335053915644718,0.00186670339879774,0.949116073776201,73,4025,1,"2","diploid","female"
"219","0","0","0","0",-0.855206310749054,3225.14770507812,"map_4025_1_3",5,70,300,20,5,3.19105027927584,0.1,6.29077324873637,0.0523799394546956,1.33906340710016,28,0.2,0.5,91.54414376864,20.1426828813183,0.00017553393510518,2.51861987754498e-07,0.909665215232784,73,4025,1,"3","diploid","female"
"220","0","0","0","0",-0.548826575279236,3252.38427734375,"map_4026_1_1",5,70,300,20,5,5.45603801989466,0.1,9.98432518424079,0.223170192624744,1.9850718961891,38,0.2,0.5,88.3167595910867,20.1805234277499,0.00215362263289089,0.00162506013763601,0.228954445292842,74,4026,1,"1","diploid","female"
"221","0","0","0","0",-0.548826575279236,3252.38427734375,"map_4026_1_2",5,70,300,20,5,6.5673871013982,0.1,9.48411076499218,0.158351779571146,1.43411874190915,27,0.2,0.5,88.3167595910867,20.1805234277499,0.00126553134485317,9.11345569739477e-05,0.362770144923652,74,4026,1,"2","diploid","female"
"222","0","0","0","0",-0.548826575279236,3252.38427734375,"map_4026_1_3",5,70,300,20,5,3.18631428334957,0.1,7.0521298697646,0.0723281889577275,1.60179624361002,34,0.2,0.5,88.3167595910867,20.1805234277499,0.000307250864273527,1.06674289997901e-06,0.620347771808253,74,4026,1,"3","diploid","female"
"223","0","0","0","0",-0.284211128950119,2903.31689453125,"map_4078_1_1",5,70,300,20,5,5.50920011359644,0.1,9.2965074760321,0.244031478907809,2.65714201244258,29,0.2,0.5,123.805730008604,20.4756904371817,0.00304438300673222,0.0111595436449135,0.307028496866266,75,4078,1,"1","diploid","female"
"224","0","0","0","0",-0.284211128950119,2903.31689453125,"map_4078_1_2",5,70,300,20,5,3.32673842569305,0.1,16.2194071547489,0.397996170404421,1.20236441796986,46,0.2,0.5,123.805730008604,20.4756904371817,0.0141381522220987,0.0742586381825191,0.164265389770133,75,4078,1,"2","diploid","female"
"225","0","0","0","0",-0.284211128950119,2903.31689453125,"map_4078_1_3",5,70,300,20,5,0,0.1,8.76070141638014,0.00446868421829834,0.0417754373484826,5,0.2,0.5,123.805730008604,20.4756904371817,3.39553674780185e-05,4.16531134056141e-05,0.111184279287959,75,4078,1,"3","diploid","female"
"226","0","0","0","0",-0.94545716047287,3224.787109375,"map_4097_1_1",5,70,300,20,5,11.2397780117839,0.1,8.89053787423472,0.236130418657561,2.74190898314684,35,0.2,0.5,138.590818550896,17.6524990848529,0.00174133288569353,0.00137348665868209,0.38520244532476,76,4097,1,"1","diploid","female"
"227","0","0","0","0",-0.94545716047287,3224.787109375,"map_4097_1_2",5,70,300,20,5,7.02937520133045,0.1,11.7571572364476,0.589396783339367,0.55459462181303,71,0.2,0.5,138.590818550896,17.6524990848529,0.0106950360956548,0.0449619380159161,0.387019643331512,76,4097,1,"2","diploid","female"
"228","0","0","0","0",-0.94545716047287,3224.787109375,"map_4097_1_3",5,70,300,20,5,0,0.1,5.64943806356272,0.00381323018553069,0.0463109204172957,37,0.2,0.5,138.590818550896,17.6524990848529,1.00836978872932e-05,3.93502929485691e-08,0.394482019377011,76,4097,1,"3","diploid","female"
"229","0","0","0","0",-0.920151472091675,3243.17749023438,"map_4100_1_1",5,70,300,20,5,0,0.1,10.7927048230012,0.484812902514262,1.50588526536098,98,0.2,0.5,153.658894206202,20.1605908762445,0.00653085777073016,0.0151638394612053,0.214280022231675,77,4100,1,"1","diploid","female"
"230","0","0","0","0",-0.920151472091675,3243.17749023438,"map_4100_1_2",5,70,300,20,5,9.88437471527792,0.1,10.2557632343661,0.718021346482162,0.39836689968256,53,0.2,0.5,153.658894206202,20.1605908762445,0.0082998106370625,0.0158708823311939,0.272637412324635,77,4100,1,"2","diploid","female"
"231","0","0","0","0",-0.920151472091675,3243.17749023438,"map_4100_1_3",5,70,300,20,5,3.71777450945073,0.1,6.32938215546829,0.493255169002432,0.806891761756553,48,0.2,0.5,153.658894206202,20.1605908762445,0.00162056624454448,4.27635344497752e-06,1.22122316760632,77,4100,1,"3","diploid","female"
"232","0","0","0","0",-0.776589393615723,3195.78515625,"map_4101_1_1",5,70,300,20,5,4.91638831936478,0.1,14.0260089860732,0.259809903098469,2.40658715658664,82,0.2,0.5,152.902726208253,20.1864900926947,0.00586637884481614,0.0196669375947022,0.174232065769608,78,4101,1,"1","diploid","female"
"233","0","0","0","0",-0.776589393615723,3195.78515625,"map_4101_1_2",5,70,300,20,5,4.21361204891311,0.1,15.8689054565752,0.515564034078132,0.463936004868972,108,0.2,0.5,152.902726208253,20.1864900926947,0.014299705096629,0.0550160135022612,0.162109388831943,78,4101,1,"2","diploid","female"
"234","0","0","0","0",-0.776589393615723,3195.78515625,"map_4101_1_3",5,70,300,20,5,4.30187081556971,0.1,9.12385331312628,0.0483857206405019,1.36045644420003,57,0.2,0.5,152.902726208253,20.1864900926947,0.000391234328760713,0.000160859815517736,0.525377697301491,78,4101,1,"3","diploid","female"
"235","0","0","0","0",0.547783732414246,2960.46435546875,"map_4105_1_1",5,70,300,20,5,10.5894019556193,0.1,7.07904011438476,0.153360656015921,5.06336051376717,32,0.2,0.5,106.433255978201,20.1536971648798,0.000823192897960805,0.00117361200121166,0.368169839226119,79,4105,1,"1","diploid","female"
"236","0","0","0","0",0.547783732414246,2960.46435546875,"map_4105_1_2",5,70,300,20,5,6.68371695176262,0.1,11.7687151231278,0.30445932776352,2.97225637088005,64,0.2,0.5,106.433255978201,20.1536971648798,0.00637417592622648,0.0278913714636368,0.250252346575629,79,4105,1,"2","diploid","female"
"237","0","0","0","0",0.547783732414246,2960.46435546875,"map_4105_1_3",5,70,300,20,5,8.90042007349054,0.1,9.26036437710029,0.0289590265091639,0.898189090336484,139,0.2,0.5,106.433255978201,20.1536971648798,0.000300953545658597,0.000681929140926251,0.319358436663278,79,4105,1,"3","diploid","female"
"238","0","0","0","0",0.543270885944366,2896.4189453125,"map_4106_1_1",5,70,300,20,5,6.30811791824648,0.1,6.29229638456321,0.440853785217521,3.60033165178013,8,0.2,0.5,39.185828874525,21.8227182548836,0.00173812544938864,0.000961054339490618,0.537850828890002,80,4106,1,"1","diploid","female"
"239","0","0","0","0",0.543270885944366,2896.4189453125,"map_4106_1_2",5,70,300,20,5,6.00567249751083,0.1,6.25421479594832,0.931705148094702,1.97284305784432,12,0.2,0.5,39.185828874525,21.8227182548836,0.00355795136336533,0.000349569686205595,0.638115703669423,80,4106,1,"2","diploid","female"
"240","0","0","0","0",0.543270885944366,2896.4189453125,"map_4106_1_3",5,70,300,20,5,5.27419082500463,0.1,5.47495139196048,0.534814387362475,1.48985512294022,4,0.2,0.5,39.185828874525,21.8227182548836,0.00142189332614639,0.000139118264502367,1.44025447420156,80,4106,1,"3","diploid","female"
"241","0","0","0","0",-0.303969889879227,2857.30078125,"map_4108_1_1",5,70,300,20,5,1.48870839985947,0.1,10.7043241626006,0.139239354144437,1.50236049614831,26,0.2,0.5,40.6569361299078,21.8241678419567,0.00164636134646933,0.00288688248712968,0.385566300704272,81,4108,1,"1","diploid","female"
"242","0","0","0","0",-0.303969889879227,2857.30078125,"map_4108_1_2",5,70,300,20,5,3.28955281093712,0.1,12.0930024921248,0.201406623713758,1.0267774096552,72,0.2,0.5,40.6569361299078,21.8241678419567,0.00325914340211795,0.00963837078014388,0.367139242041835,81,4108,1,"2","diploid","female"
"243","0","0","0","0",-0.303969889879227,2857.30078125,"map_4108_1_3",5,70,300,20,5,1.20422872802651,0.1,7.65762937748857,0.033950608933702,0.69947346049793,24,0.2,0.5,40.6569361299078,21.8241678419567,0.000167351342675629,2.42207998587946e-06,1.12407297668992,81,4108,1,"3","diploid","female"
"244","0","0","0","0",-0.880662739276886,2951.16137695312,"map_4119_1_1",5,70,300,20,5,3.29789979082547,0.1,7.80804806798759,0.0460146342980745,1.24657081404815,14,0.2,0.5,33.171069291739,20.7561720819568,0.000252718088934951,2.56502570094802e-05,0.542299526492889,82,4119,1,"1","diploid","female"
"245","0","0","0","0",-0.880662739276886,2951.16137695312,"map_4119_1_2",5,70,300,20,5,2.48686856571851,0.1,14.5083149160936,0.233780026821212,0.499966020026685,69,0.2,0.5,33.171069291739,20.7561720819568,0.00471606569025397,0.0132707479660125,0.335066854566672,82,4119,1,"2","diploid","female"
"246","0","0","0","0",-0.880662739276886,2951.16137695312,"map_4119_1_3",5,70,300,20,5,4.44572257882767,0.1,6.14502714235948,0.00832824043362111,0.576873927362967,22,0.2,0.5,33.171069291739,20.7561720819568,2.64703239409429e-05,9.38849189975504e-09,1.03607585192063,82,4119,1,"3","diploid","female"
"247","0","0","0","0",-0.818437099456787,2982.07275390625,"map_4120_1_1",5,70,300,20,5,2.86318506919813,0.1,6.45691094154427,0.0940314832855278,1.3250289024451,8,0.2,0.5,33.3110943133649,20.784792241068,0.00034518821188265,1.55161295590638e-05,0.555124077930613,83,4120,1,"1","diploid","female"
"248","0","0","0","0",-0.818437099456787,2982.07275390625,"map_4120_1_2",5,70,300,20,5,3.31447666949999,0.1,8.82737125614715,0.151393421827938,1.21274630299457,13,0.2,0.5,33.3110943133649,20.784792241068,0.0012026859365196,0.00114598832207177,0.438043642567423,83,4120,1,"2","diploid","female"
"249","0","0","0","0",-0.818437099456787,2982.07275390625,"map_4120_1_3",5,70,300,20,5,3.29524593090396,0.1,5.73870466998885,0.0292558738528549,0.473484444978695,5,0.2,0.5,33.3110943133649,20.784792241068,7.92145299018091e-05,1.94486254691349e-08,1.13188699688046,83,4120,1,"3","diploid","female"
"250","0","0","0","0",-0.812349498271942,3031.53491210938,"map_4122_1_1",5,70,300,20,5,4.15074074187105,0.1,7.95959585719246,0.0416833424600612,1.50329936570444,10,0.2,0.5,58.4872834183449,20.3628664111774,0.000225247201050512,1.51699918819995e-05,0.529252210681349,84,4122,1,"1","diploid","female"
"251","0","0","0","0",-0.812349498271942,3031.53491210938,"map_4122_1_2",5,70,300,20,5,3.01743457226774,0.1,9.63326095313723,0.0912088178428152,1.50104528114305,27,0.2,0.5,58.4872834183449,20.3628664111774,0.00089753653812465,0.00137761149528007,0.469724095946454,84,4122,1,"2","diploid","female"
"252","0","0","0","0",-0.812349498271942,3031.53491210938,"map_4122_1_3",5,70,300,20,5,5.69949885070187,0.1,6.86674257038183,0.00585080621086909,0.676045000349729,19,0.2,0.5,58.4872834183449,20.3628664111774,2.27839832956983e-05,6.44278504812992e-08,0.958444071396532,84,4122,1,"3","diploid","female"
"253","0","0","0","0",-0.653793573379517,3126.47778320312,"map_4125_1_1",5,70,300,20,5,4.95361108090898,0.1,9.20273292441641,0.0541062165077558,2.07132984172865,13,0.2,0.5,75.5090145668714,20.4194622113723,0.000402321904102755,7.04443067795931e-05,0.45681836741558,85,4125,1,"1","diploid","female"
"254","0","0","0","0",-0.653793573379517,3126.47778320312,"map_4125_1_2",5,70,300,20,5,3.94322733093562,0.1,9.75566411484442,0.289400348744355,0.564175979194885,50,0.2,0.5,75.5090145668714,20.4194622113723,0.00233093185251463,0.000534242784567426,0.367608916509707,85,4125,1,"2","diploid","female"
"255","0","0","0","0",-0.653793573379517,3126.47778320312,"map_4125_1_3",5,70,300,20,5,5.76009502713701,0.1,7.3181917102877,0.0132252309683069,1.29800699552997,16,0.2,0.5,75.5090145668714,20.4194622113723,5.95809855784555e-05,1.89312517268188e-07,0.755954559774215,85,4125,1,"3","diploid","female"
"256","0","0","0","0",-0.95085197687149,3145.31982421875,"map_4126_1_1",5,70,300,20,5,3.9761238418825,0.1,7.2416418382946,0.163795130982332,1.69881810525686,24,0.2,0.5,75.4493772500377,20.3779871181264,0.000743151408219131,9.23144549616185e-05,0.452790274574126,86,4126,1,"1","diploid","female"
"257","0","0","0","0",-0.95085197687149,3145.31982421875,"map_4126_1_2",5,70,300,20,5,4.89096782669485,0.1,7.20107242583126,0.242453350995824,1.59335037156677,42,0.2,0.5,75.4493772500377,20.3779871181264,0.00115073950962633,0.000545595831440844,0.614497691409208,86,4126,1,"2","diploid","female"
"258","0","0","0","0",-0.95085197687149,3145.31982421875,"map_4126_1_3",5,70,300,20,5,3.81644075350154,0.1,6.6808109865262,0.0375653762927107,1.14613384578669,28,0.2,0.5,75.4493772500377,20.3779871181264,0.000136632509569984,9.45648800121057e-08,0.826788763558515,86,4126,1,"3","diploid","female"
"259","0","0","0","0",-0.45854640007019,3151.85131835938,"map_4128_1_1",5,70,300,20,5,6.02989280513651,0.1,6.44898005002428,0.274053901473617,3.15545838178705,6,0.2,0.5,90.2184534358028,20.1747471185222,0.00105334954566808,0.000192667254058725,0.393689806639897,87,4128,1,"1","diploid","female"
"260","0","0","0","0",-0.45854640007019,3151.85131835938,"map_4128_1_2",5,70,300,20,5,4.5300325762444,0.1,7.05439805762818,0.417296664417897,2.2232353303214,6,0.2,0.5,90.2184534358028,20.1747471185222,0.00204078976708378,0.00137327977937595,0.441932330188287,87,4128,1,"2","diploid","female"
"261","0","0","0","0",-0.45854640007019,3151.85131835938,"map_4128_1_3",5,70,300,20,5,6.22222596607686,0.1,5.88780882688907,0.160489692668444,1.86580508664272,2,0.2,0.5,90.2184534358028,20.1747471185222,0.000483009444907453,6.25007589324165e-06,0.669662376526906,87,4128,1,"3","diploid","female"
"262","0","0","0","0",-0.634115278720856,3185.69580078125,"map_4129_1_1",5,70,300,20,5,5.35704006489008,0.1,8.62208594795086,0.184497992162453,2.22408920551623,34,0.2,0.5,88.0070270715758,20.1787094568229,0.00123529124157385,0.000717277663018783,0.617123409036772,88,4129,1,"1","diploid","female"
"263","0","0","0","0",-0.634115278720856,3185.69580078125,"map_4129_1_2",5,70,300,20,5,4.15269826701331,0.1,7.09443222939739,0.765195517343775,0.719543590787586,123,0.2,0.5,88.0070270715758,20.1787094568229,0.00342579135678335,0.00196047856837985,0.795568477231607,88,4129,1,"2","diploid","female"
"264","0","0","0","0",-0.634115278720856,3185.69580078125,"map_4129_1_3",5,70,300,20,5,5.25519622839197,0.1,6.80641251277636,0.0385496719273975,1.43532403197707,36,0.2,0.5,88.0070270715758,20.1787094568229,0.00015433366074853,3.02969728882214e-06,1.04762451275066,88,4129,1,"3","diploid","female"
"265","0","0","0","0",-0.293218731880188,2876.2763671875,"map_4182_1_1",5,70,300,20,5,4.60434638175927,0.1,14.1278971488061,0.355525861315288,1.57742659699179,62,0.2,0.5,123.776973141388,21.1629032798252,0.00817431876606435,0.0286893365513986,0.309690128517579,89,4182,1,"1","diploid","female"
"266","0","0","0","0",-0.293218731880188,2876.2763671875,"map_4182_1_2",5,70,300,20,5,3.28379140182437,0.1,11.4741578741605,0.962383644831667,0.311604312802964,94,0.2,0.5,123.776973141388,21.1629032798252,0.0172996036662266,0.0635232445138658,0.425309773770303,89,4182,1,"2","diploid","female"
"267","0","0","0","0",-0.293218731880188,2876.2763671875,"map_4182_1_3",5,70,300,20,5,0,0.1,9.94487768683591,0.00948578551580725,0.0500721500181049,51,0.2,0.5,123.776973141388,21.1629032798252,9.18247958734599e-05,0.000120841483483798,0.112229544016929,89,4182,1,"3","diploid","female"
"268","0","0","0","0",-0.341727435588837,2963.20581054688,"map_4183_1_1",5,70,300,20,5,6.8946454361133,0.1,9.70715532642026,0.22099868610141,2.7764737261683,24,0.2,0.5,116.725723139867,21.2003296549006,0.00275027208015425,0.00891273523843194,0.24521049701545,90,4183,1,"1","diploid","female"
"269","0","0","0","0",-0.341727435588837,2963.20581054688,"map_4183_1_2",5,70,300,20,5,8.66698749986678,0.1,20.8906875077772,0.354019077356312,1.74920994471844,38,0.2,0.5,116.725723139867,21.2003296549006,0.0200019060409762,0.105919665123133,0.127941621491918,90,4183,1,"2","diploid","female"
"270","0","0","0","0",-0.341727435588837,2963.20581054688,"map_4183_1_3",5,70,300,20,5,5.4571020907724,0.1,6.92103877643782,0.141780450087765,1.3483143080217,6,0.2,0.5,116.725723139867,21.2003296549006,0.000723572679366125,0.000516566624157368,0.496454664012107,90,4183,1,"3","diploid","female"
"271","0","0","0","0",-0.837248623371124,3152.1279296875,"map_4201_1_1",5,70,300,20,5,4.17991408467259,0.1,9.38220005900411,0.240111238124061,2.02337342526853,107,0.2,0.5,137.35003649436,20.5284225489214,0.00226581688075997,0.00319556860047618,0.228464257722631,91,4201,1,"1","diploid","female"
"272","0","0","0","0",-0.837248623371124,3152.1279296875,"map_4201_1_2",5,70,300,20,5,3.72849369304985,0.1,9.76967164566055,0.344899520160047,1.66741316703875,150,0.2,0.5,137.35003649436,20.5284225489214,0.00395973411008992,0.00842299423147442,0.273504606634997,91,4201,1,"2","diploid","female"
"273","0","0","0","0",-0.837248623371124,3152.1279296875,"map_4201_1_3",5,70,300,20,5,4.73849287975172,0.1,7.07764976131484,0.118724627343866,1.75971240749389,76,0.2,0.5,137.35003649436,20.5284225489214,0.000496384363299398,1.34788303912053e-05,0.514537242574499,91,4201,1,"3","diploid","female"
"274","0","0","0","0",-0.955699026584625,3169.22045898438,"map_4203_1_1",5,70,300,20,5,3.97423127252416,0.1,14.4863400860565,0.175302554787316,1.67880844605666,65,0.2,0.5,159.185608163625,20.6033558417792,0.00427887707146658,0.0164604593956558,0.254315368542103,92,4203,1,"1","diploid","female"
"275","0","0","0","0",-0.955699026584625,3169.22045898438,"map_4203_1_2",5,70,300,20,5,3.85503504773812,0.1,16.6562448344883,0.371319902802459,0.758542715248244,91,0.2,0.5,159.185608163625,20.6033558417792,0.0119706569676714,0.0561316519909843,0.250653454545863,92,4203,1,"2","diploid","female"
"276","0","0","0","0",-0.955699026584625,3169.22045898438,"map_4203_1_3",5,70,300,20,5,3.99511435641173,0.1,8.70694155310124,0.0201001765315563,1.56608753323601,50,0.2,0.5,159.185608163625,20.6033558417792,0.000143289725164087,3.83924198396611e-05,0.712339635304718,92,4203,1,"3","diploid","female"
"277","0","0","0","0",-0.969034194946289,3159.5244140625,"map_4204_1_1",5,70,300,20,5,3.4784775663414,0.1,10.6291863393761,0.284815674114742,2.03909733760305,83,0.2,0.5,159.617011719764,20.5797356756555,0.00433195443895258,0.0173171180469687,0.336339642772212,93,4204,1,"1","diploid","female"
"278","0","0","0","0",-0.969034194946289,3159.5244140625,"map_4204_1_2",5,70,300,20,5,9.4216944000117,0.1,14.7560682897232,0.497540728301284,0.773502188764369,100,0.2,0.5,159.617011719764,20.5797356756555,0.0137231806946414,0.0792658347439183,0.35171168722721,93,4204,1,"2","diploid","female"
"279","0","0","0","0",-0.969034194946289,3159.5244140625,"map_4204_1_3",5,70,300,20,5,2.87338702691318,0.1,6.17749982804365,0.104059195214992,1.38724426353478,62,0.2,0.5,159.617011719764,20.5797356756555,0.000362136251123792,4.61936046921941e-05,0.810785588381001,93,4204,1,"3","diploid","female"
"280","0","0","0","0",-0.797347545623779,3134.8203125,"map_4205_1_1",5,70,300,20,5,4.40892580786164,0.1,12.9048119292022,0.176501695733544,2.2075129198358,40,0.2,0.5,152.188113697343,20.589247288498,0.0034147698626765,0.0093926320034096,0.284760416226547,94,4205,1,"1","diploid","female"
"281","0","0","0","0",-0.797347545623779,3134.8203125,"map_4205_1_2",5,70,300,20,5,4.14013037776316,0.1,16.4800104874024,0.48756866746808,0.93924802821945,171,0.2,0.5,152.188113697343,20.589247288498,0.0174852626458102,0.0904853902829092,0.359543573977661,94,4205,1,"2","diploid","female"
"282","0","0","0","0",-0.797347545623779,3134.8203125,"map_4205_1_3",5,70,300,20,5,4.63382044560425,0.1,9.95009519984527,0.0233620602895316,1.51766673094142,97,0.2,0.5,152.188113697343,20.589247288498,0.000218373259054419,8.44879329543162e-05,0.575859424000887,94,4205,1,"3","diploid","female"
"283","0","0","0","0",0.530532717704773,2937.5556640625,"map_4210_1_1",5,70,300,20,5,6.57815932942452,0.1,6.32692116270921,0.217360382386817,3.35111140319421,26,0.2,0.5,40.1531509484762,21.8054103851318,0.000864776208787134,0.000299576302878146,0.44298395525504,95,4210,1,"1","diploid","female"
"284","0","0","0","0",0.530532717704773,2937.5556640625,"map_4210_1_2",5,70,300,20,5,6.62129210460598,0.1,5.8370398975933,0.479181103915385,2.62652306059458,34,0.2,0.5,40.1531509484762,21.8054103851318,0.0015077271135137,0.000338915383750513,0.615962339055307,95,4210,1,"2","diploid","female"
"285","0","0","0","0",0.530532717704773,2937.5556640625,"map_4210_1_3",5,70,300,20,5,6.11942998942553,0.1,6.58136111452594,0.119622729052963,2.27718580437331,175,0.2,0.5,40.1531509484762,21.8054103851318,0.000483898499971138,1.94227720721889e-05,0.498564034814443,95,4210,1,"3","diploid","female"
"286","0","0","0","0",-0.842052578926086,2931.89208984375,"map_4224_1_1",5,70,300,20,5,3.31424812834907,0.1,7.68540654373796,0.119951029477052,1.45679639543307,15,0.2,0.5,33.3298296302656,20.7549428517372,0.000624115068111582,6.89482787260678e-05,0.741589817945439,96,4224,1,"1","diploid","female"
"287","0","0","0","0",-0.842052578926086,2931.89208984375,"map_4224_1_2",5,70,300,20,5,2.43434933085296,0.1,8.12082746171967,0.832532906283954,0.400579675296854,146,0.2,0.5,33.3298296302656,20.7549428517372,0.00609826315572215,0.0179891672770672,0.674475238112119,96,4224,1,"2","diploid","female"
"288","0","0","0","0",-0.842052578926086,2931.89208984375,"map_4224_1_3",5,70,300,20,5,4.25521435705048,0.1,6.05936249744773,0.00568915473437233,0.151140181614581,14,0.2,0.5,33.3298296302656,20.7549428517372,1.73754031594051e-05,1.94681972943506e-08,1.19913450634663,96,4224,1,"3","diploid","female"
"289","0","0","0","0",-0.825347542762756,2965.74340820312,"map_4225_1_1",5,70,300,20,5,3.88971648225672,0.1,8.29440441301819,0.0784998772600333,1.75933267000111,13,0.2,0.5,59.7951097931973,20.3269572052053,0.000524358872542194,0.000174126317481356,0.490966073809675,97,4225,1,"1","diploid","female"
"290","0","0","0","0",-0.825347542762756,2965.74340820312,"map_4225_1_2",5,70,300,20,5,2.62604484826484,0.1,13.78837088115,0.478703054154681,0.377061233668458,92,0.2,0.5,59.7951097931973,20.3269572052053,0.00986883733731157,0.0336371544597075,0.141957411528282,97,4225,1,"2","diploid","female"
"291","0","0","0","0",-0.825347542762756,2965.74340820312,"map_4225_1_3",5,70,300,20,5,5.10190392057221,0.1,7.05054650206225,0.00746674147360248,0.204247582628957,15,0.2,0.5,59.7951097931973,20.3269572052053,3.25278513525332e-05,9.84962869030312e-08,0.566038047876188,97,4225,1,"3","diploid","female"
"292","0","0","0","0",-0.765887200832367,2990.31201171875,"map_4226_1_1",5,70,300,20,5,2.20038481022117,0.1,7.93153232060255,0.0439434699522579,1.50371738058055,31,0.2,0.5,59.9091014339282,20.3446415988842,0.000256525726451495,4.6341564960352e-05,0.625252203337631,98,4226,1,"1","diploid","female"
"293","0","0","0","0",-0.765887200832367,2990.31201171875,"map_4226_1_2",5,70,300,20,5,4.21963986424124,0.1,13.7359606499775,0.312677082886138,0.540231711546272,136,0.2,0.5,59.9091014339282,20.3446415988842,0.00530057999794747,0.00598529768470455,0.251001383633502,98,4226,1,"2","diploid","female"
"294","0","0","0","0",-0.765887200832367,2990.31201171875,"map_4226_1_3",5,70,300,20,5,2.354962624958,0.1,6.6264785698878,0.00973427523248024,0.548622801416637,83,0.2,0.5,59.9091014339282,20.3446415988842,3.68353628782569e-05,1.39891844732753e-07,1.1187669296847,98,4226,1,"3","diploid","female"
"295","0","0","0","0",-0.574953019618988,3085.05249023438,"map_4229_1_1",5,70,300,20,5,5.04985988354862,0.1,5.96790112949422,0.198292417700673,2.27008712551463,5,0.2,0.5,79.7484896650346,20.3467656364737,0.000633900548362949,0.000101955143228693,0.463377571382273,99,4229,1,"1","diploid","female"
"296","0","0","0","0",-0.574953019618988,3085.05249023438,"map_4229_1_2",5,70,300,20,5,5.81072009389169,0.1,6.86553082188434,0.326068746049846,1.90593908618269,6,0.2,0.5,79.7484896650346,20.3467656364737,0.00174284516720155,0.00277241343212857,0.45590719241504,99,4229,1,"2","diploid","female"
"297","0","0","0","0",-0.574953019618988,3085.05249023438,"map_4229_1_3",5,70,300,20,5,4.86253919725608,0.1,5.5382473699585,0.114228813246973,1.33359673060451,2,0.2,0.5,79.7484896650346,20.3467656364737,0.000293742707528321,3.55884032834274e-06,0.742257904154559,99,4229,1,"3","diploid","female"
"298","0","0","0","0",-0.627932786941528,3127.28784179688,"map_4232_1_1",5,70,300,20,5,5.34284249604463,0.1,7.54797865109733,0.107838588783305,2.53190206536767,15,0.2,0.5,93.2134973234513,20.1333694605864,0.000588105274966201,0.000222421817860772,0.435939427686159,100,4232,1,"1","diploid","female"
"299","0","0","0","0",-0.627932786941528,3127.28784179688,"map_4232_1_2",5,70,300,20,5,3.96705812654535,0.1,10.6621816734212,0.133852829568211,2.13362773584607,24,0.2,0.5,93.2134973234513,20.1333694605864,0.00177322947045783,0.00470922374265221,0.508423803796377,100,4232,1,"2","diploid","female"
"300","0","0","0","0",-0.627932786941528,3127.28784179688,"map_4232_1_3",5,70,300,20,5,6.10850765584941,0.1,6.44398453319081,0.0482365581236136,1.29608652922165,10,0.2,0.5,93.2134973234513,20.1333694605864,0.000174158632313601,1.51514132047626e-06,0.689630793578392,100,4232,1,"3","diploid","female"
"301","0","0","0","0",-0.850703835487366,3164.48266601562,"map_4235_1_1",5,70,300,20,5,5.14162822700187,0.1,9.12609864806517,0.12020806781635,2.6112672347474,23,0.2,0.5,102.9356791284,19.5625566153035,0.000937998911496232,0.00059375545313446,0.304554378879493,101,4235,1,"1","diploid","female"
"302","0","0","0","0",-0.850703835487366,3164.48266601562,"map_4235_1_2",5,70,300,20,5,5.01140541858974,0.1,11.4424392161383,0.226333485718128,1.57209205141959,79,0.2,0.5,102.9356791284,19.5625566153035,0.00330306094001203,0.00867954602109325,0.258553590937918,101,4235,1,"2","diploid","female"
"303","0","0","0","0",-0.850703835487366,3164.48266601562,"map_4235_1_3",5,70,300,20,5,4.45935039349213,0.1,7.16766808226073,0.0251589145690303,1.1293114294191,26,0.2,0.5,102.9356791284,19.5625566153035,0.000110777284268305,2.73478594567937e-07,0.754493839582076,101,4235,1,"3","diploid","female"
"304","0","0","0","0",-0.908679306507111,3074.32250976562,"map_4304_1_1",5,70,300,20,5,3.88251866803483,0.1,10.0464004239668,0.190150516749562,2.17032882206627,30,0.2,0.5,132.981973641735,20.5732575540131,0.00198850409738609,0.00224964774793399,0.264285110314394,102,4304,1,"1","diploid","female"
"305","0","0","0","0",-0.908679306507111,3074.32250976562,"map_4304_1_2",5,70,300,20,5,3.25348338435762,0.1,15.0053098396734,0.481879817146147,0.425453840406786,89,0.2,0.5,132.981973641735,20.5732575540131,0.0113800626554521,0.0340972716087227,0.100659807668885,102,4304,1,"2","diploid","female"
"306","0","0","0","0",-0.908679306507111,3074.32250976562,"map_4304_1_3",5,70,300,20,5,5.13030538493099,0.1,6.62795307265643,0.0438186685898367,0.918911340511843,121,0.2,0.5,132.981973641735,20.5732575540131,0.000177258933449356,8.14769787611625e-06,0.891289849647676,102,4304,1,"3","diploid","female"
"307","0","0","0","0",-0.877164304256439,3113.501953125,"map_4306_1_1",5,70,300,20,5,4.03139695063742,0.1,8.06508341208657,0.230934911717908,2.34001540449049,33,0.2,0.5,133.313437110166,20.563954115706,0.00173916994025047,0.00282784651050577,0.321334816582285,103,4306,1,"1","diploid","female"
"308","0","0","0","0",-0.877164304256439,3113.501953125,"map_4306_1_2",5,70,300,20,5,3.49356596559784,0.1,11.2906873335293,0.328452334010534,1.78546209537416,38,0.2,0.5,133.313437110166,20.563954115706,0.00584206559701866,0.0244994289868664,0.308519956702685,103,4306,1,"2","diploid","female"
"309","0","0","0","0",-0.877164304256439,3113.501953125,"map_4306_1_3",5,70,300,20,5,5.01856900582257,0.1,5.84827757167222,0.150390516975274,1.53571598443351,5,0.2,0.5,133.313437110166,20.563954115706,0.00044293009366994,9.41676863469392e-06,0.731157698112809,103,4306,1,"3","diploid","female"
"310","0","0","0","0",-0.818107068538666,3088.5712890625,"map_4308_1_1",5,70,300,20,5,3.78484468318881,0.1,10.0657726930238,0.214042416104782,1.9197158323576,40,0.2,0.5,156.37143702206,20.5878674580013,0.00248338420656201,0.00639785024018007,0.466427201463585,104,4308,1,"1","diploid","female"
"311","0","0","0","0",-0.818107068538666,3088.5712890625,"map_4308_1_2",5,70,300,20,5,9.61243360892157,0.1,12.3737247015201,0.620211414060007,0.914835931128073,87,0.2,0.5,156.37143702206,20.5878674580013,0.0136601305311668,0.0633760520994537,0.53273021678613,104,4308,1,"2","diploid","female"
"312","0","0","0","0",-0.818107068538666,3088.5712890625,"map_4308_1_3",5,70,300,20,5,3.44541913641189,0.1,7.8919245931281,0.05121096164404,1.34896133380708,19,0.2,0.5,156.37143702206,20.5878674580013,0.000263389998093485,2.27436254319515e-05,0.831510211392306,104,4308,1,"3","diploid","female"
"313","0","0","0","0",-0.720339834690094,3086.19506835938,"map_4309_1_1",5,70,300,20,5,7.28554791309902,0.1,9.40023623903187,0.286337618534932,2.79444544973984,6,0.2,0.5,158.882356840115,20.5757378824261,0.00309112560096007,0.008437880567985,0.366844252346362,105,4309,1,"1","diploid","female"
"314","0","0","0","0",-0.720339834690094,3086.19506835938,"map_4309_1_2",5,70,300,20,5,10.366348476483,0.1,14.4697889819671,0.52997899188623,0.956968885940608,10,0.2,0.5,158.882356840115,20.5757378824261,0.0151417349883292,0.0710318775539698,0.193469986648696,105,4309,1,"2","diploid","female"
"315","0","0","0","0",-0.720339834690094,3086.19506835938,"map_4309_1_3",5,70,300,20,5,5.68853932311918,0.1,6.61743141821712,0.0712742306099189,0.976338810404761,3,0.2,0.5,158.882356840115,20.5757378824261,0.000290589363058636,8.78296069071574e-05,1.06932512009458,105,4309,1,"3","diploid","female"
"316","0","0","0","0",-0.894158899784088,3096.01708984375,"map_4310_1_1",5,70,300,20,5,1.72977590467003,0.1,7.20418232255515,0.172146129312196,1.91035172973149,35,0.2,0.5,104.994881297267,20.569942741563,0.000895467664997618,0.000549112048287739,0.342591249172306,106,4310,1,"1","diploid","female"
"317","0","0","0","0",-0.894158899784088,3096.01708984375,"map_4310_1_2",5,70,300,20,5,3.47976169784783,0.1,12.1596013350686,0.301280510366779,1.03429456516152,66,0.2,0.5,104.994881297267,20.569942741563,0.00480145984236015,0.00956786313133584,0.252207115876959,106,4310,1,"2","diploid","female"
"318","0","0","0","0",-0.894158899784088,3096.01708984375,"map_4310_1_3",5,70,300,20,5,2.11609091108986,0.1,6.03760492620154,0.0586369244251309,1.21083141527692,75,0.2,0.5,104.994881297267,20.569942741563,0.000180762379682831,4.37612521308118e-07,0.719907492314233,106,4310,1,"3","diploid","female"
"319","0","0","0","0",0.748384952545166,2887.87841796875,"map_4316_1_1",5,70,300,20,5,8.44645219613558,0.1,7.52136254566545,0.188829706012522,3.84602304436094,23,0.2,0.5,38.4091282495827,21.0012331800999,0.000977291453473328,0.000206726378055303,0.405230794450742,107,4316,1,"1","diploid","female"
"320","0","0","0","0",0.748384952545166,2887.87841796875,"map_4316_1_2",5,70,300,20,5,6.17393110206225,0.1,10.0120071157063,0.288539716405613,1.18570735098368,31,0.2,0.5,38.4091282495827,21.0012331800999,0.00263406255882406,0.00125873891307826,0.281985011798332,107,4316,1,"2","diploid","female"
"321","0","0","0","0",0.748384952545166,2887.87841796875,"map_4316_1_3",5,70,300,20,5,6.44653583222298,0.1,7.15721584614244,0.0875782828866811,1.30690038761431,85,0.2,0.5,38.4091282495827,21.0012331800999,0.000410519806154689,3.00466807242114e-05,0.762313553283921,107,4316,1,"3","diploid","female"
"322","0","0","0","0",-0.25074514746666,2901.0126953125,"map_4328_1_1",5,70,300,20,5,3.58585927909119,0.1,8.80662416916031,0.176735373979391,1.48359675042646,32,0.2,0.5,34.1074561692552,22.2276875104091,0.00128139114264517,0.000783004327016286,0.467528254718885,108,4328,1,"1","diploid","female"
"323","0","0","0","0",-0.25074514746666,2901.0126953125,"map_4328_1_2",5,70,300,20,5,3.78561550922586,0.1,8.63720656556547,0.429625875054503,0.503238070501541,64,0.2,0.5,34.1074561692552,22.2276875104091,0.00281413136660275,0.00118524853744913,0.585933683424397,108,4328,1,"2","diploid","female"
"324","0","0","0","0",-0.25074514746666,2901.0126953125,"map_4328_1_3",5,70,300,20,5,3.67649757094038,0.1,6.79816485988549,0.0675878363864211,1.11910211425048,53,0.2,0.5,34.1074561692552,22.2276875104091,0.000256763439625935,2.19125170871842e-06,0.852450182711149,108,4328,1,"3","diploid","female"
"325","0","0","0","0",-0.258511573076248,2934.27270507812,"map_4329_1_1",5,70,300,20,5,4.33011787892279,0.1,10.2739816603675,0.151446084112876,1.89647321069846,25,0.2,0.5,58.4420244416525,21.6507936479773,0.00147937421232747,0.000984666964789119,0.353816611693495,109,4329,1,"1","diploid","female"
"326","0","0","0","0",-0.258511573076248,2934.27270507812,"map_4329_1_2",5,70,300,20,5,3.96797823464007,0.1,9.60382814837566,0.565871630319201,0.298864653592871,133,0.2,0.5,58.4420244416525,21.6507936479773,0.0048517504017941,0.00501099575222878,0.232020680055426,109,4329,1,"2","diploid","female"
"327","0","0","0","0",-0.258511573076248,2934.27270507812,"map_4329_1_3",5,70,300,20,5,4.65740359202997,0.1,7.43254452968281,0.0392367993291361,1.45652007364614,39,0.2,0.5,58.4420244416525,21.6507936479773,0.000188834908139862,5.52167337589543e-06,0.880344198988076,109,4329,1,"3","diploid","female"
"328","0","0","0","0",-0.573571443557739,3026.28247070312,"map_4332_1_1",5,70,300,20,5,3.89039490990589,0.1,7.15363066967663,0.304925174723199,1.73739201741505,46,0.2,0.5,79.7658089926076,21.6137881146977,0.00145376396739096,0.000955378189704959,0.71922249416803,110,4332,1,"1","diploid","female"
"329","0","0","0","0",-0.573571443557739,3026.28247070312,"map_4332_1_2",5,70,300,20,5,4.06619851393131,0.1,7.43110379263455,0.998408352764502,1.42263197703453,44,0.2,0.5,79.7658089926076,21.6137881146977,0.00619205027116266,0.00668784082449906,0.905119026205887,110,4332,1,"2","diploid","female"
"330","0","0","0","0",-0.573571443557739,3026.28247070312,"map_4332_1_3",5,70,300,20,5,4.92037068811334,0.1,6.65657625496169,0.0954874798997739,1.44434080552682,59,0.2,0.5,79.7658089926076,21.6137881146977,0.000350191012876942,1.30985862286642e-05,0.920932483525915,110,4332,1,"3","diploid","female"
"331","0","0","0","0",-0.794133603572845,3126.3740234375,"map_4338_1_1",5,70,300,20,5,4.18258570497277,0.1,8.16771642054151,0.162391495559386,1.90776850884971,27,0.2,0.5,85.3305931503195,20.9106474397982,0.00101775421195129,0.000511348437523721,0.331770743960394,111,4338,1,"1","diploid","female"
"332","0","0","0","0",-0.794133603572845,3126.3740234375,"map_4338_1_2",5,70,300,20,5,3.80096857036332,0.1,8.78501283646765,0.217918803516639,1.87769114236001,42,0.2,0.5,85.3305931503195,20.9106474397982,0.00184003011250323,0.00369041201702482,0.436883827184743,111,4338,1,"2","diploid","female"
"333","0","0","0","0",-0.794133603572845,3126.3740234375,"map_4338_1_3",5,70,300,20,5,5.05110314023327,0.1,7.01907855963146,0.0488207805485402,1.46620309759266,41,0.2,0.5,85.3305931503195,20.9106474397982,0.000201851495341549,8.54367970197912e-07,0.70600481552286,111,4338,1,"3","diploid","female"
"334","0","0","0","0",-0.391192227602005,3052.33544921875,"map_4393_1_1",5,70,300,20,5,4.24762758327786,0.1,12.2086368236042,0.25252527790022,2.40764445419388,44,0.2,0.5,132.479821778611,21.181971937583,0.00406086442880307,0.0112618465280348,0.390159155744021,112,4393,1,"1","diploid","female"
"335","0","0","0","0",-0.391192227602005,3052.33544921875,"map_4393_1_2",5,70,300,20,5,10.8815738782728,0.1,11.3577562921508,0.886998109015279,0.627818263744902,33,0.2,0.5,132.479821778611,21.181971937583,0.0162738027978254,0.0630095110913571,0.480636916429264,112,4393,1,"2","diploid","female"
"336","0","0","0","0",-0.391192227602005,3052.33544921875,"map_4393_1_3",5,70,300,20,5,3.64392724589505,0.1,10.5017655960367,0.106589848950695,2.75590402993576,114,0.2,0.5,132.479821778611,21.181971937583,0.00120263903236053,0.00187102376789182,0.41041025530914,112,4393,1,"3","diploid","female"
"337","0","0","0","0",-0.866042017936707,3044.26684570312,"map_4406_1_1",5,70,300,20,5,2.93940992361757,0.1,9.58114076671927,0.158106412073409,2.15715443173276,3,0.2,0.5,116.14982644268,20.8591656911941,0.00134818473863227,0.000812258576454373,0.514785467174701,113,4406,1,"1","diploid","female"
"338","0","0","0","0",-0.866042017936707,3044.26684570312,"map_4406_1_2",5,70,300,20,5,7.30395495443298,0.1,9.18192706469649,0.831963442282011,0.444132675815229,13,0.2,0.5,116.14982644268,20.8591656911941,0.00755225500686993,0.0203817398278723,0.462162575181561,113,4406,1,"2","diploid","female"
"339","0","0","0","0",-0.866042017936707,3044.26684570312,"map_4406_1_3",5,70,300,20,5,2.94331059849839,0.1,6.70939023784132,0.0814269873636228,1.3151503610845,2,0.2,0.5,116.14982644268,20.8591656911941,0.000324059779045467,4.86306481141753e-06,0.808007937605341,113,4406,1,"3","diploid","female"
"340","0","0","0","0",-0.90191376209259,3040.06298828125,"map_4407_1_1",5,70,300,20,5,6.50304062916451,0.1,7.01162410808294,0.189918427898365,1.82698054558868,36,0.2,0.5,110.574640863362,20.8382077602585,0.000994394704446579,0.000960597384917448,0.399742770739507,114,4407,1,"1","diploid","female"
"341","0","0","0","0",-0.90191376209259,3040.06298828125,"map_4407_1_2",5,70,300,20,5,9.03030854805584,0.1,12.0249385458781,0.284240360102255,1.67718075315914,42,0.2,0.5,110.574640863362,20.8382077602585,0.00638023318974109,0.0283558039009399,0.304020495049352,114,4407,1,"2","diploid","female"
"342","0","0","0","0",-0.90191376209259,3040.06298828125,"map_4407_1_3",5,70,300,20,5,5.93258693859135,0.1,5.67880445911299,0.12103409523639,0.970468960869933,7,0.2,0.5,110.574640863362,20.8382077602585,0.000336901580217349,2.79946382210827e-06,0.78680266487672,114,4407,1,"3","diploid","female"
"343","0","0","0","0",-0.714999079704285,3023.49072265625,"map_4408_1_1",5,70,300,20,5,4.291045469916,0.1,10.6100741034317,0.128412135811848,2.1037863591319,21,0.2,0.5,113.270136734972,20.5464613207947,0.00136622909436369,0.000785685752368659,0.485994335403011,115,4408,1,"1","diploid","female"
"344","0","0","0","0",-0.714999079704285,3023.49072265625,"map_4408_1_2",5,70,300,20,5,3.39203753764605,0.1,17.1187753618012,0.40914453913948,0.591726899085596,129,0.2,0.5,113.270136734972,20.5464613207947,0.0124799274860052,0.0465866898148894,0.177635614943777,115,4408,1,"2","diploid","female"
"345","0","0","0","0",-0.714999079704285,3023.49072265625,"map_4408_1_3",5,70,300,20,5,5.44765930801019,0.1,8.18610350138794,0.0204029809708593,1.03601155888466,30,0.2,0.5,113.270136734972,20.5464613207947,0.000121392194478243,3.53354441416925e-06,0.89023074416393,115,4408,1,"3","diploid","female"
"346","0","0","0","0",-0.849756836891174,3056.1572265625,"map_4410_1_1",5,70,300,20,5,3.99763710153267,0.1,12.5936570568734,0.102231799426742,1.58107852896072,23,0.2,0.5,116.121343055041,20.5138488972306,0.00140576891483632,0.000861968850444158,0.312276665715803,116,4410,1,"1","diploid","female"
"347","0","0","0","0",-0.849756836891174,3056.1572265625,"map_4410_1_2",5,70,300,20,5,3.28718819787673,0.1,9.82650339340375,0.82672391364096,0.204983068896313,137,0.2,0.5,116.121343055041,20.5138488972306,0.00785844683464709,0.0127925408148336,0.111533202827944,116,4410,1,"2","diploid","female"
"348","0","0","0","0",-0.849756836891174,3056.1572265625,"map_4410_1_3",5,70,300,20,5,5.242414643555,0.1,10.3255557359016,0.0132737652834506,1.3032422131118,26,0.2,0.5,116.121343055041,20.5138488972306,0.000123517234329861,9.03544340203944e-06,0.470354640020426,116,4410,1,"3","diploid","female"
"349","0","0","0","0",-0.743287324905396,3045.70751953125,"map_4411_1_1",5,70,300,20,5,4.09203167675229,0.1,9.6646809654026,0.193837590370411,1.86146409302638,5,0.2,0.5,124.12635639102,20.6210889552255,0.00172968136835738,0.000810410862678612,0.412246208246382,117,4411,1,"1","diploid","female"
"350","0","0","0","0",-0.743287324905396,3045.70751953125,"map_4411_1_2",5,70,300,20,5,9.96017729976398,0.1,15.6045715989157,0.465732613156471,0.405380315499091,16,0.2,0.5,124.12635639102,20.6210889552255,0.0108030537256727,0.018109007126393,0.139829414570268,117,4411,1,"2","diploid","female"
"351","0","0","0","0",-0.743287324905396,3045.70751953125,"map_4411_1_3",5,70,300,20,5,3.75358307875636,0.1,8.32008918149515,0.0280608467021355,1.09233625495522,4,0.2,0.5,124.12635639102,20.6210889552255,0.000161528514919711,2.10943711340725e-06,0.6593537232754,117,4411,1,"3","diploid","female"
"352","0","0","0","0",-0.699229598045349,3045.1650390625,"map_4412_1_1",5,70,300,20,5,4.40465859650124,0.1,8.53626737031708,0.340831271751977,2.16769587948921,129,0.2,0.5,125.323785693146,20.6169549534355,0.00280395995421646,0.00438672041044871,0.538033367928965,118,4412,1,"1","diploid","female"
"353","0","0","0","0",-0.699229598045349,3045.1650390625,"map_4412_1_2",5,70,300,20,5,3.74743070950205,0.1,15.1611171328434,0.620838260686701,0.851145686186376,225,0.2,0.5,125.323785693146,20.6169549534355,0.0177872578225274,0.0661714937149325,0.247081516579092,118,4412,1,"2","diploid","female"
"354","0","0","0","0",-0.699229598045349,3045.1650390625,"map_4412_1_3",5,70,300,20,5,5.24892713527964,0.1,7.15194849306576,0.113465533561832,1.52796422913863,88,0.2,0.5,125.323785693146,20.6169549534355,0.000511962405743425,0.000104129285119826,0.674564285449093,118,4412,1,"3","diploid","female"
"355","0","0","0","0",-0.633472621440887,2997.30932617188,"map_4436_1_1",5,70,300,20,5,3.46638844327157,0.1,7.17097267402568,0.139582548447782,1.5382111348477,4,0.2,0.5,43.35128801368,21.6583119262493,0.000643255049045962,8.13262987400286e-05,0.442404169701192,119,4436,1,"1","diploid","female"
"356","0","0","0","0",-0.633472621440887,2997.30932617188,"map_4436_1_2",5,70,300,20,5,3.43881042159383,0.1,7.57196427849959,0.176582496585663,1.63705167317856,3,0.2,0.5,43.35128801368,21.6583119262493,0.000932059322499422,0.000280511394798988,0.52029218999289,119,4436,1,"2","diploid","female"
"357","0","0","0","0",-0.633472621440887,2997.30932617188,"map_4436_1_3",5,70,300,20,5,4.72855966080672,0.1,5.99861865269317,0.0822122254240917,1.20560593116867,2,0.2,0.5,43.35128801368,21.6583119262493,0.00024835870212361,4.84506374447482e-07,0.755885022449104,119,4436,1,"3","diploid","female"
"358","0","0","0","0",0.226167351007462,3104.93701171875,"map_4442_1_1",5,70,300,20,5,8.30143919072986,0.1,7.58172594850939,0.153235910394135,4.19605312482894,28,0.2,0.5,81.6629273471642,20.8653827341952,0.000824289620747568,0.000214193870448013,0.388954158940863,120,4442,1,"1","diploid","female"
"359","0","0","0","0",0.226167351007462,3104.93701171875,"map_4442_1_2",5,70,300,20,5,7.13405168109673,0.1,7.35299213468039,0.239313680880106,3.74110882790467,37,0.2,0.5,81.6629273471642,20.8653827341952,0.0012088819294373,0.000350963108282578,0.521214043591007,120,4442,1,"2","diploid","female"
"360","0","0","0","0",0.226167351007462,3104.93701171875,"map_4442_1_3",5,70,300,20,5,7.71162075918188,0.1,8.0518945812719,0.0997847114122076,2.99210805139575,122,0.2,0.5,81.6629273471642,20.8653827341952,0.000617143943781726,0.000205763096871755,0.443603581134556,120,4442,1,"3","diploid","female"
"361","0","0","0","0",-0.549995899200439,2875.46752929688,"map_4495_1_1",5,70,300,20,5,3.9090355369573,0.1,8.16018811785686,0.28732633155684,1.79604839604901,9,0.2,0.5,63.498609940277,21.1512543413198,0.00235055022386724,0.005249330846836,0.341238160665132,121,4495,1,"1","diploid","female"
"362","0","0","0","0",-0.549995899200439,2875.46752929688,"map_4495_1_2",5,70,300,20,5,4.17099319400884,0.1,12.2463561863591,0.416130550909105,1.00179764565744,9,0.2,0.5,63.498609940277,21.1512543413198,0.00879076261419852,0.0374686149413177,0.267242156671969,121,4495,1,"2","diploid","female"
"363","0","0","0","0",-0.549995899200439,2875.46752929688,"map_4495_1_3",5,70,300,20,5,3.11368179047755,0.1,6.0294307194002,0.0247061539824927,0.0874227779209532,3,0.2,0.5,63.498609940277,21.1512543413198,7.79155871063544e-05,4.10918716170876e-06,0.718737407754786,121,4495,1,"3","diploid","female"
"364","0","0","0","0",-0.571952760219574,2957.35864257812,"map_4496_1_1",5,70,300,20,5,4.26007539082055,0.1,8.52115528870291,0.0670567009196752,1.58370381421165,10,0.2,0.5,61.8508783210552,21.203132553354,0.000487804036314776,0.000584067874433914,0.478039773149376,122,4496,1,"1","diploid","female"
"365","0","0","0","0",-0.571952760219574,2957.35864257812,"map_4496_1_2",5,70,300,20,5,5.07812463828579,0.1,14.5521833552098,0.1083377528933,1.73906627292011,18,0.2,0.5,61.8508783210552,21.203132553354,0.00285297769072166,0.0131314116896861,0.436071500820745,122,4496,1,"2","diploid","female"
"366","0","0","0","0",-0.571952760219574,2957.35864257812,"map_4496_1_3",5,70,300,20,5,4.19689202805081,0.1,8.75816298704139,0.00924747585653918,0.730133602494716,13,0.2,0.5,61.8508783210552,21.203132553354,6.15602823929992e-05,2.07196818787146e-06,0.7878579790418,122,4496,1,"3","diploid","female"
"367","0","0","0","0",-0.617641985416412,3020.15869140625,"map_4497_1_1",5,70,300,20,5,4.4171546979526,0.1,14.8640809793726,0.18993280418015,2.33885354662947,96,0.2,0.5,135.056097753024,21.1850937709196,0.00445732249368623,0.0155048612856337,0.200526131599794,123,4497,1,"1","diploid","female"
"368","0","0","0","0",-0.617641985416412,3020.15869140625,"map_4497_1_2",5,70,300,20,5,3.84723477659523,0.1,23.6461908521694,0.44338727078579,0.85887784411177,133,0.2,0.5,135.056097753024,21.1850937709196,0.0251584490707404,0.106814224226479,0.093684052109838,123,4497,1,"2","diploid","female"
"369","0","0","0","0",-0.617641985416412,3020.15869140625,"map_4497_1_3",5,70,300,20,5,5.41582171164019,0.1,9.64587156085461,0.0856290991434528,1.99136339923929,93,0.2,0.5,135.056097753024,21.1850937709196,0.000765602839409979,0.000572750457328065,0.413581896012531,123,4497,1,"3","diploid","female"
"370","0","0","0","0",-0.85857081413269,3001.31591796875,"map_4511_1_1",5,70,300,20,5,1.73315937420914,0.1,11.3030882542777,0.11799104074492,1.84526034677999,27,0.2,0.5,107.014704118139,20.8358301297903,0.00155578884499377,0.00262174297303567,0.333823441959914,124,4511,1,"1","diploid","female"
"371","0","0","0","0",-0.85857081413269,3001.31591796875,"map_4511_1_2",5,70,300,20,5,3.1768684751657,0.1,15.0475078146205,0.268821658717654,1.48141463936469,77,0.2,0.5,107.014704118139,20.8358301297903,0.00678551479676798,0.0211231709758693,0.229152588004573,124,4511,1,"2","diploid","female"
"372","0","0","0","0",-0.85857081413269,3001.31591796875,"map_4511_1_3",5,70,300,20,5,2.20534366193955,0.1,8.80378665068742,0.0355329594036564,1.15652138222513,28,0.2,0.5,107.014704118139,20.8358301297903,0.000248530464542533,8.4374698205475e-05,0.665910581357221,124,4511,1,"3","diploid","female"
"373","0","0","0","0",-0.847593724727631,2987.60913085938,"map_4512_1_1",5,70,300,20,5,3.80458365123188,0.1,9.92599469121332,0.221684609228972,1.70622255996174,29,0.2,0.5,119.448721641718,20.5362431577934,0.0022130640166705,0.00269002793676588,0.450894128287648,125,4512,1,"1","diploid","female"
"374","0","0","0","0",-0.847593724727631,2987.60913085938,"map_4512_1_2",5,70,300,20,5,2.90611342295728,0.1,17.0920313339386,0.596268870537924,0.233578656614461,87,0.2,0.5,119.448721641718,20.5362431577934,0.0198530786850967,0.0742367403363682,0.076323232907177,125,4512,1,"2","diploid","female"
"375","0","0","0","0",-0.847593724727631,2987.60913085938,"map_4512_1_3",5,70,300,20,5,4.90169192825725,0.1,7.88021257755104,0.0484356833443634,1.27683440017861,114,0.2,0.5,119.448721641718,20.5362431577934,0.000264543301416268,1.92058485635125e-05,0.661672981774803,125,4512,1,"3","diploid","female"
"376","0","0","0","0",-0.807406902313232,3004.67553710938,"map_4515_1_1",5,70,300,20,5,3.97072860244764,0.1,10.3188447365024,0.0514411106885531,1.74034455315149,26,0.2,0.5,123.713797242935,20.5630579089801,0.000529479000488547,0.000653449413993628,0.534919043906203,126,4515,1,"1","diploid","female"
"377","0","0","0","0",-0.807406902313232,3004.67553710938,"map_4515_1_2",5,70,300,20,5,3.25066120730545,0.1,17.932534594787,0.133232949195242,1.73843635178238,75,0.2,0.5,123.713797242935,20.5630579089801,0.00531592385797,0.0238614609864584,0.343540643280788,126,4515,1,"2","diploid","female"
"378","0","0","0","0",-0.807406902313232,3004.67553710938,"map_4515_1_3",5,70,300,20,5,4.83784595005839,0.1,8.72130531359594,0.00984487142032251,0.720047001807311,40,0.2,0.5,123.713797242935,20.5630579089801,6.24753614368823e-05,9.58280840558931e-07,1.0309763083092,126,4515,1,"3","diploid","female"
"379","0","0","0","0",0.835663914680481,2930.01733398438,"map_4526_1_1",5,70,300,20,5,7.87205062350789,0.1,9.34136821062365,0.284281234642403,4.3144783794168,33,0.2,0.5,92.6400526560026,22.0483131440375,0.00302029139188329,0.0048835139834508,0.226160775521396,127,4526,1,"1","diploid","female"
"380","0","0","0","0",0.835663914680481,2930.01733398438,"map_4526_1_2",5,70,300,20,5,8.52661686343952,0.1,10.0377666030495,0.421595683784153,2.33926595422877,17,0.2,0.5,92.6400526560026,22.0483131440375,0.00485160008946051,0.00669548986585439,0.247007066881226,127,4526,1,"2","diploid","female"
"381","0","0","0","0",0.835663914680481,2930.01733398438,"map_4526_1_3",5,70,300,20,5,6.25567380841639,0.1,6.9352233861985,0.273927812182022,3.19992790665185,13,0.2,0.5,92.6400526560026,22.0483131440375,0.00136041846729194,0.00108948030554763,0.398019554435382,127,4526,1,"3","diploid","female"
"382","0","0","0","0",-0.798988938331604,2984.11499023438,"map_4542_1_1",5,70,300,20,5,2.73092430176032,0.1,6.59470866977503,0.203549961234966,1.42273690349186,5,0.2,0.5,47.9085015569414,21.622206703769,0.000914932947601512,0.000363896190627463,0.42350480222135,128,4542,1,"1","diploid","female"
"383","0","0","0","0",-0.798988938331604,2984.11499023438,"map_4542_1_2",5,70,300,20,5,4.03098570442499,0.1,12.9000295131709,0.432667300021995,0.39374030734662,5,0.2,0.5,47.9085015569414,21.622206703769,0.00636425981129498,0.00388456091855336,0.283748068981466,128,4542,1,"2","diploid","female"
"384","0","0","0","0",-0.798988938331604,2984.11499023438,"map_4542_1_3",5,70,300,20,5,3.11473874337098,0.1,5.4961761081479,0.153852397420599,1.04923896629078,3,0.2,0.5,47.9085015569414,21.622206703769,0.000384232497204944,1.56183535388473e-06,0.792790793607087,128,4542,1,"3","diploid","female"
"385","0","0","0","0",-0.728797972202301,3016.68432617188,"map_4543_1_1",5,70,300,20,5,1.84759468260019,0.1,7.73851301728888,0.0840663726041341,1.30948384753084,6,0.2,0.5,46.4768801480037,21.3135841935708,0.000451211949935154,0.000182443967218683,0.567372645772863,129,4543,1,"1","diploid","female"
"386","0","0","0","0",-0.728797972202301,3016.68432617188,"map_4543_1_2",5,70,300,20,5,4.67893134123309,0.1,10.9361973609665,0.142656376532736,1.53432333199909,8,0.2,0.5,46.4768801480037,21.3135841935708,0.00250208993822588,0.0113635036791738,0.65501894646143,129,4543,1,"2","diploid","female"
"387","0","0","0","0",-0.728797972202301,3016.68432617188,"map_4543_1_3",5,70,300,20,5,2.05358916903714,0.1,7.11354316745415,0.0246205890316842,0.983012939713327,4,0.2,0.5,46.4768801480037,21.3135841935708,0.000105430080615107,1.46063715379139e-06,0.855531045484889,129,4543,1,"3","diploid","female"
"388","0","0","0","0",-0.589713633060455,3167.17895507812,"map_4547_1_1",5,70,300,20,5,4.91482478017255,0.1,6.69658197370991,0.292091475422832,2.42587244468613,8,0.2,0.5,86.0962362352796,20.9291391362119,0.00138504903830734,0.00177476245018143,0.401325196091915,130,4547,1,"1","diploid","female"
"389","0","0","0","0",-0.589713633060455,3167.17895507812,"map_4547_1_2",5,70,300,20,5,4.61213574338607,0.1,5.94496749719686,0.465052192385403,2.29346468512072,6,0.2,0.5,86.0962362352796,20.9291391362119,0.00166402437351114,0.00215534584947208,0.72060798440113,130,4547,1,"2","diploid","female"
"390","0","0","0","0",-0.589713633060455,3167.17895507812,"map_4547_1_3",5,70,300,20,5,4.91835666526811,0.1,5.68011638080407,0.233846689647935,1.76550666866742,3,0.2,0.5,86.0962362352796,20.9291391362119,0.000640161264075138,9.54315111377128e-06,0.725703272616294,130,4547,1,"3","diploid","female"
"391","0","0","0","0",-0.715584754943848,2964.35498046875,"map_4601_1_1",5,70,300,20,5,0,0.1,15.3294234028629,0.282884373300017,1.24774366213149,56,0.2,0.5,132.42927992938,22.4548081897554,0.00668594532861007,0.0161099339845575,0.107260443862724,131,4601,1,"1","diploid","female"
"392","0","0","0","0",-0.715584754943848,2964.35498046875,"map_4601_1_2",5,70,300,20,5,8.14984656302264,0.1,10.8996103844962,1.06134914170777,0.114240904063921,84,0.2,0.5,132.42927992938,22.4548081897554,0.0126902975036933,0.0194051129269484,0.0458520501944934,131,4601,1,"2","diploid","female"
"393","0","0","0","0",-0.715584754943848,2964.35498046875,"map_4601_1_3",5,70,300,20,5,3.72816648431406,0.1,10.1087881885098,0.159959902614579,1.89256739827734,49,0.2,0.5,132.42927992938,22.4548081897554,0.0015000074391498,0.000408978381051834,0.435925398789143,131,4601,1,"3","diploid","female"
"394","0","0","0","0",-0.566956579685211,3033.39331054688,"map_4602_1_1",5,70,300,20,5,3.56508894764346,0.1,18.7141181749302,0.154441995335084,1.63995830174858,44,0.2,0.5,140.157671690779,22.4505667153123,0.00620916293335526,0.0338388821788389,0.167358876323122,132,4602,1,"1","diploid","female"
"395","0","0","0","0",-0.566956579685211,3033.39331054688,"map_4602_1_2",5,70,300,20,5,4.62236243942369,0.1,29.8838560327586,0.209735370675177,2.09707361900446,57,0.2,0.5,140.157671690779,22.4505667153123,0.0195990594972731,0.110715821426262,0.16152969259035,132,4602,1,"2","diploid","female"
"396","0","0","0","0",-0.566956579685211,3033.39331054688,"map_4602_1_3",5,70,300,20,5,4.37933899758173,0.1,11.3256014096627,0.0939068500296181,1.95973206572025,134,0.2,0.5,140.157671690779,22.4505667153123,0.00136255256638773,0.00256494281045391,0.359922739596778,132,4602,1,"3","diploid","female"
"397","0","0","0","0",-0.632281005382538,2987.88061523438,"map_4614_1_1",5,70,300,20,5,3.53763720142041,0.1,14.6028210011461,0.131176423680135,1.97622695927103,48,0.2,0.5,116.129838316148,21.8152386653727,0.00343852203298273,0.0105607068232568,0.246184287095746,133,4614,1,"1","diploid","female"
"398","0","0","0","0",-0.632281005382538,2987.88061523438,"map_4614_1_2",5,70,300,20,5,3.87506161754768,0.1,27.8976385300039,0.279320272854467,1.16638454503655,75,0.2,0.5,116.129838316148,21.8152386653727,0.0223515851431404,0.104342263281277,0.195850970007942,133,4614,1,"2","diploid","female"
"399","0","0","0","0",-0.632281005382538,2987.88061523438,"map_4614_1_3",5,70,300,20,5,4.21039177420006,0.1,7.39370196222648,0.0712919846033934,1.51355574311532,62,0.2,0.5,116.129838316148,21.8152386653727,0.000376398311771894,9.54281371441058e-05,0.609993272971161,133,4614,1,"3","diploid","female"
"400","0","0","0","0",-0.695186614990234,2966.79931640625,"map_4615_1_1",5,70,300,20,5,0,0.1,14.4220522543811,0.0814368134058265,1.41331177416738,35,0.2,0.5,105.1574524344,21.8099618047839,0.00198485896449529,0.007418406181351,0.249883279274176,134,4615,1,"1","diploid","female"
"401","0","0","0","0",-0.695186614990234,2966.79931640625,"map_4615_1_2",5,70,300,20,5,9.83678118333529,0.1,26.3893824692407,0.14281062652052,1.44828899802381,66,0.2,0.5,105.1574524344,21.8099618047839,0.0101159127231203,0.0638717122488349,0.197977966483122,134,4615,1,"2","diploid","female"
"402","0","0","0","0",-0.695186614990234,2966.79931640625,"map_4615_1_3",5,70,300,20,5,4.76701206637164,0.1,9.50978406761669,0.0165224564187727,1.47313001539062,40,0.2,0.5,105.1574524344,21.8099618047839,0.000135604322236913,3.12220728444521e-05,0.498764908000608,134,4615,1,"3","diploid","female"
"403","0","0","0","0",0.85246330499649,2910.52490234375,"map_4632_1_1",5,70,300,20,5,7.91355714156187,0.1,9.73165536256178,0.184844194428087,4.49415673914462,33,0.2,0.5,93.644355228969,22.0896077245837,0.00224581445960784,0.00632780161609872,0.252313934071091,135,4632,1,"1","diploid","female"
"404","0","0","0","0",0.85246330499649,2910.52490234375,"map_4632_1_2",5,70,300,20,5,8.03352672204525,0.1,8.99219159925459,0.241650789277707,3.77705598991254,27,0.2,0.5,93.644355228969,22.0896077245837,0.0028772863386948,0.0104458222618275,0.347592146585172,135,4632,1,"2","diploid","female"
"405","0","0","0","0",0.85246330499649,2910.52490234375,"map_4632_1_3",5,70,300,20,5,5.91504834699118,0.1,10.5845035509819,0.14342471453511,2.960363586246,87,0.2,0.5,93.644355228969,22.0896077245837,0.00216823948593312,0.00649562236853342,0.326443346920383,135,4632,1,"3","diploid","female"
"406","0","0","0","0",-0.377169817686081,2978.74853515625,"map_4647_1_1",5,70,300,20,5,4.35885944935507,0.1,6.65950553980584,0.123589033643141,1.87079038766326,25,0.2,0.5,43.0973802143553,21.3550780920491,0.000525043719261951,0.000211394537777856,0.467383275812104,136,4647,1,"1","diploid","female"
"407","0","0","0","0",-0.377169817686081,2978.74853515625,"map_4647_1_2",5,70,300,20,5,3.77040928322998,0.1,9.67830634120857,0.179225859450276,1.87764741056561,33,0.2,0.5,43.0973802143553,21.3550780920491,0.0022795876848371,0.00581044507643111,0.423525086109896,136,4647,1,"2","diploid","female"
"408","0","0","0","0",-0.377169817686081,2978.74853515625,"map_4647_1_3",5,70,300,20,5,5.4235285181552,0.1,6.04412588733139,0.0633568521968772,1.17007531159484,93,0.2,0.5,43.0973802143553,21.3550780920491,0.000203230020828855,4.89060599036655e-06,0.735495996231441,136,4647,1,"3","diploid","female"
"409","0","0","0","0",0.173808470368385,3044.12036132812,"map_4648_1_1",5,70,300,20,5,7.07277901117522,0.1,9.00667137694906,0.0789132386907446,3.14494862502509,17,0.2,0.5,83.5846090443507,21.3034180676026,0.000609353390936446,0.000456077034520144,0.428045121411024,137,4648,1,"1","diploid","female"
"410","0","0","0","0",0.173808470368385,3044.12036132812,"map_4648_1_2",5,70,300,20,5,6.62097821661316,0.1,12.8346064067128,0.104232808166905,3.00168384405336,22,0.2,0.5,83.5846090443507,21.3034180676026,0.00177326041643185,0.0032822516113526,0.405885631520419,137,4648,1,"2","diploid","female"
"411","0","0","0","0",0.173808470368385,3044.12036132812,"map_4648_1_3",5,70,300,20,5,7.07033723477438,0.1,8.73621569916475,0.0551911003011961,2.49420972423748,49,0.2,0.5,83.5846090443507,21.3034180676026,0.000393310108591597,0.000262423565210876,0.554849310301451,137,4648,1,"3","diploid","female"
"412","0","0","0","0",-0.0576749034225941,3096.27099609375,"map_4649_1_1",5,70,300,20,5,6.20037320990622,0.1,9.90819445170345,0.0512825476593989,2.78098452773206,18,0.2,0.5,77.0533199595455,21.3319928030899,0.000530716398267401,0.000797955144802192,0.332414413457271,138,4649,1,"1","diploid","female"
"413","0","0","0","0",-0.0576749034225941,3096.27099609375,"map_4649_1_2",5,70,300,20,5,6.16099872988511,0.1,10.6235278101997,0.0346881744429097,3.10346920075755,21,0.2,0.5,77.0533199595455,21.3319928030899,0.000439640252937591,0.00090777224883747,0.484003068761937,138,4649,1,"2","diploid","female"
"414","0","0","0","0",-0.0576749034225941,3096.27099609375,"map_4649_1_3",5,70,300,20,5,6.33681830758217,0.1,9.60695594908177,0.0383772155500638,2.28355749781665,46,0.2,0.5,77.0533199595455,21.3319928030899,0.000358333606195364,0.000340793191325761,0.42406135472598,138,4649,1,"3","diploid","female"
"415","0","0","0","0",-0.923714399337769,3126.27368164062,"map_4650_1_1",5,70,300,20,5,3.79840299417702,0.1,7.50981056009696,0.186987976835334,1.89579085681871,3,0.2,0.5,88.7411911511342,20.820975196982,0.000988781360800125,0.000469046252154789,0.343927493873911,139,4650,1,"1","diploid","female"
"416","0","0","0","0",-0.923714399337769,3126.27368164062,"map_4650_1_2",5,70,300,20,5,3.49246452436617,0.1,7.70984148808879,0.229911918109403,1.83283960467399,3,0.2,0.5,88.7411911511342,20.820975196982,0.00133402338766288,0.00110145314679756,0.423355086454881,139,4650,1,"2","diploid","female"
"417","0","0","0","0",-0.923714399337769,3126.27368164062,"map_4650_1_3",5,70,300,20,5,4.65501579401379,0.1,6.05870065083654,0.105538144788979,1.41018227622753,2,0.2,0.5,88.7411911511342,20.820975196982,0.000324337189046736,7.67674436509785e-07,0.615818794600011,139,4650,1,"3","diploid","female"
"418","0","0","0","0",-0.886783540248871,3125.3603515625,"map_4651_1_1",5,70,300,20,5,3.98145267446533,0.1,8.56636137496984,0.19698110359472,1.8538164518694,4,0.2,0.5,87.4667498471333,20.8568290402063,0.00141312252946915,0.00166032085321057,0.486654334639232,140,4651,1,"1","diploid","female"
"419","0","0","0","0",-0.886783540248871,3125.3603515625,"map_4651_1_2",5,70,300,20,5,3.66633557927768,0.1,10.0496437527332,0.709144945169232,0.366076280243961,9,0.2,0.5,87.4667498471333,20.8568290402063,0.00811699447926562,0.0181696589796437,0.376487333319876,140,4651,1,"2","diploid","female"
"420","0","0","0","0",-0.886783540248871,3125.3603515625,"map_4651_1_3",5,70,300,20,5,4.78425405234063,0.1,5.98661444142919,0.102018107284546,1.37105473237563,2,0.2,0.5,87.4667498471333,20.8568290402063,0.000307449689785536,5.99440577047164e-06,0.82964747549813,140,4651,1,"3","diploid","female"
"421","0","0","0","0",-0.834280908107758,3206.32055664062,"map_4657_1_1",5,70,300,20,5,2.66343478979863,0.1,7.98751776252336,0.137867597835608,2.23328899774548,6,0.2,0.5,92.865477349671,19.3608580131995,0.000820796687715208,0.000424963063233816,0.371636975808019,141,4657,1,"1","diploid","female"
"422","0","0","0","0",-0.834280908107758,3206.32055664062,"map_4657_1_2",5,70,300,20,5,3.50305440948212,0.1,8.58855809474377,0.205747140868288,1.38112481186831,7,0.2,0.5,92.865477349671,19.3608580131995,0.00160329403062632,0.00282916028697922,0.452923759466648,141,4657,1,"2","diploid","female"
"423","0","0","0","0",-0.834280908107758,3206.32055664062,"map_4657_1_3",5,70,300,20,5,2.45492826295508,0.1,6.97411812547831,0.0223669807759968,1.32732151829087,4,0.2,0.5,92.865477349671,19.3608580131995,9.0350946224753e-05,2.78907570341149e-07,0.764324537916998,141,4657,1,"3","diploid","female"
"424","0","0","0","0",-0.477963477373123,3237.6689453125,"map_4658_1_1",5,70,300,20,5,3.93549670823962,0.1,9.28912334820339,0.185957337473909,2.43234830385662,18,0.2,0.5,95.8397707764888,19.3632345389686,0.00149893589747939,0.00102468229138309,0.370882161950858,142,4658,1,"1","diploid","female"
"425","0","0","0","0",-0.477963477373123,3237.6689453125,"map_4658_1_2",5,70,300,20,5,6.75909696781293,0.1,8.39187254081522,0.402267735349432,0.584411956566033,36,0.2,0.5,95.8397707764888,19.3632345389686,0.00254212687435036,0.000778372013147792,0.567200659802621,142,4658,1,"2","diploid","female"
"426","0","0","0","0",-0.477963477373123,3237.6689453125,"map_4658_1_3",5,70,300,20,5,2.41367151385696,0.1,7.28210051222034,0.0500692772611857,1.515639216846,15,0.2,0.5,95.8397707764888,19.3632345389686,0.000222647469638994,2.05270947415138e-06,0.815110454975953,142,4658,1,"3","diploid","female"
"427","0","0","0","0",-0.777981996536255,3304.48315429688,"map_4659_1_1",5,70,300,20,5,3.76659297785494,0.1,10.4201860456298,0.481053978119754,0.942300601527683,37,0.2,0.5,112.382439267992,19.3745102855982,0.00600542651945665,0.0148092741811688,0.194917226192819,143,4659,1,"1","diploid","female"
"428","0","0","0","0",-0.777981996536255,3304.48315429688,"map_4659_1_2",5,70,300,20,5,6.87418767506399,0.1,7.02729720610299,0.804552002845079,0.378068771919739,44,0.2,0.5,112.382439267992,19.3745102855982,0.00381761696212881,0.00222754656766674,0.608518913968353,143,4659,1,"2","diploid","female"
"429","0","0","0","0",-0.777981996536255,3304.48315429688,"map_4659_1_3",5,70,300,20,5,1.69751462357525,0.1,5.98034364922202,0.0276151245968796,0.352703397140709,6,0.2,0.5,112.382439267992,19.3745102855982,8.6934541270299e-05,6.39500085558941e-07,1.16699449368166,143,4659,1,"3","diploid","female"
"430","0","0","0","0",-0.585932731628418,2888.84814453125,"map_4705_1_1",5,70,300,20,5,3.03391049570841,0.1,17.6601634391587,0.276400952806152,1.21144897762228,149,0.2,0.5,131.98431493436,22.4767273092851,0.0112166049796543,0.0557571186076113,0.157868375992606,144,4705,1,"1","diploid","female"
"431","0","0","0","0",-0.585932731628418,2888.84814453125,"map_4705_1_2",5,70,300,20,5,3.29657254721943,0.1,27.6940772437029,0.382756170161907,1.17131961832911,154,0.2,0.5,131.98431493436,22.4767273092851,0.0305214420504692,0.222184085951965,0.114196701986688,144,4705,1,"2","diploid","female"
"432","0","0","0","0",-0.585932731628418,2888.84814453125,"map_4705_1_3",5,70,300,20,5,2.99050482865207,0.1,7.92047870151652,0.190386541629618,0.905291348490289,144,0.2,0.5,131.98431493436,22.4767273092851,0.00113012106900739,0.0005044637018549,0.594563619544292,144,4705,1,"3","diploid","female"
"433","0","0","0","0",-0.720766127109528,2971.7529296875,"map_4706_1_1",5,70,300,20,5,3.0475969143316,0.1,11.5046646092411,0.40391229257437,1.2420886214425,11,0.2,0.5,127.412287290706,22.471036294238,0.00709116804231957,0.0253585762288077,0.450363954207813,145,4706,1,"1","diploid","female"
"434","0","0","0","0",-0.720766127109528,2971.7529296875,"map_4706_1_2",5,70,300,20,5,3.71173570546138,0.1,14.9726046237571,0.766826135854293,0.710884644324034,19,0.2,0.5,127.412287290706,22.471036294238,0.0240281732657183,0.116117881848095,0.392467492160111,145,4706,1,"2","diploid","female"
"435","0","0","0","0",-0.720766127109528,2971.7529296875,"map_4706_1_3",5,70,300,20,5,3.74769247756962,0.1,7.57198047384531,0.251476439785322,1.63678196352092,3,0.2,0.5,127.412287290706,22.471036294238,0.00131988758661825,0.0004314320178479,0.599076263938928,145,4706,1,"3","diploid","female"
"436","0","0","0","0",-0.805969178676605,3028.92309570312,"map_4707_1_1",5,70,300,20,5,3.01674122615101,0.1,15.5349681277264,0.218624430587439,1.12296657349647,67,0.2,0.5,132.850661984314,22.4654006239848,0.00523696581537723,0.0110540003912234,0.179574014633648,146,4707,1,"1","diploid","female"
"437","0","0","0","0",-0.805969178676605,3028.92309570312,"map_4707_1_2",5,70,300,20,5,3.93351685341719,0.1,15.1200547609072,0.649720108627656,0.202791148341295,89,0.2,0.5,132.850661984314,22.4654006239848,0.013441641629623,0.0153159135676647,0.10373701084938,146,4707,1,"2","diploid","female"
"438","0","0","0","0",-0.805969178676605,3028.92309570312,"map_4707_1_3",5,70,300,20,5,3.95547969807636,0.1,10.2394759429953,0.0934279734782899,1.67920599464168,61,0.2,0.5,132.850661984314,22.4654006239848,0.00087285900831141,0.000215139017338973,0.487149787395668,146,4707,1,"3","diploid","female"
"439","0","0","0","0",-0.796147465705872,3063.412109375,"map_4708_1_1",5,70,300,20,5,6.01501883220145,0.1,13.5065086278925,0.14722668047212,2.04406050150348,29,0.2,0.5,151.165892768936,21.2506031657374,0.00331703134244756,0.013764514547236,0.218039018597853,147,4708,1,"1","diploid","female"
"440","0","0","0","0",-0.796147465705872,3063.412109375,"map_4708_1_2",5,70,300,20,5,8.94011025611895,0.1,21.4614085186003,0.241375550216773,1.73797974503995,68,0.2,0.5,151.165892768936,21.2506031657374,0.0120698079735369,0.0717954279880541,0.145495205657238,147,4708,1,"2","diploid","female"
"441","0","0","0","0",-0.796147465705872,3063.412109375,"map_4708_1_3",5,70,300,20,5,5.52678335386401,0.1,8.24925320196422,0.0443995665951103,1.23096547636944,29,0.2,0.5,151.165892768936,21.2506031657374,0.000306133413155249,0.000214263722840283,0.568072225699826,147,4708,1,"3","diploid","female"
"442","0","0","0","0",0.738621234893799,2940.00439453125,"map_4737_1_1",5,70,300,20,5,4.76031924417021,0.1,8.49987262570341,0.11749753112935,3.86497093256297,19,0.2,0.5,43.5983878247366,21.4620173275801,0.000761165503283646,0.000416647027980668,0.594557689537645,148,4737,1,"1","diploid","female"
"443","0","0","0","0",0.738621234893799,2940.00439453125,"map_4737_1_2",5,70,300,20,5,11.3794674839967,0.1,8.20979481383147,0.359373524193694,1.54387457191224,39,0.2,0.5,43.5983878247366,21.4620173275801,0.00216493184321016,0.00139968449856481,0.597812257169687,148,4737,1,"2","diploid","female"
"444","0","0","0","0",0.738621234893799,2940.00439453125,"map_4737_1_3",5,70,300,20,5,3.18861479522637,0.1,9.06466552733007,0.0732651161142188,2.85798266596113,107,0.2,0.5,43.5983878247366,21.4620173275801,0.000556387810143845,0.000378532261414698,0.653596659274689,148,4737,1,"3","diploid","female"
"445","0","0","0","0",0.815302491188049,2889.84057617188,"map_4738_1_1",5,70,300,20,5,8.27415492807176,0.1,9.13176721265746,0.115524231430842,3.99822808175165,21,0.2,0.5,47.0396491429735,21.4820073699106,0.000982211189642631,0.00111090861826076,0.36198867657389,149,4738,1,"1","diploid","female"
"446","0","0","0","0",0.815302491188049,2889.84057617188,"map_4738_1_2",5,70,300,20,5,6.69159526968542,0.1,10.0465043756722,0.142838998726621,2.63577016718357,29,0.2,0.5,47.0396491429735,21.4820073699106,0.00148995874448296,0.00158732415671599,0.444616566170029,149,4738,1,"2","diploid","female"
"447","0","0","0","0",0.815302491188049,2889.84057617188,"map_4738_1_3",5,70,300,20,5,6.20882725278922,0.1,9.04086250473927,0.0736695660364907,2.28542536760282,113,0.2,0.5,47.0396491429735,21.4820073699106,0.000580024462919258,0.000495822138878417,0.545311202839301,149,4738,1,"3","diploid","female"
"448","0","0","0","0",-0.511481702327728,3036.04418945312,"map_4752_1_1",5,70,300,20,5,3.76974183918085,0.1,8.54331191350971,0.119791849945182,1.89210206324386,40,0.2,0.5,74.253309241957,22.1947791161859,0.00099113255837941,0.00156258974552713,0.20519410668521,150,4752,1,"1","diploid","female"
"449","0","0","0","0",-0.511481702327728,3036.04418945312,"map_4752_1_2",5,70,300,20,5,4.53835938234724,0.1,9.07396330946532,0.0999899096093805,2.12760167909202,30,0.2,0.5,74.253309241957,22.1947791161859,0.00105948974902395,0.00331793043260132,0.245685157542832,150,4752,1,"2","diploid","female"
"450","0","0","0","0",-0.511481702327728,3036.04418945312,"map_4752_1_3",5,70,300,20,5,4.59000889184239,0.1,7.41429172203982,0.101414872095686,1.77423067806777,102,0.2,0.5,74.253309241957,22.1947791161859,0.000526117077470347,9.60053526555633e-05,0.374962646698403,150,4752,1,"3","diploid","female"
"451","0","0","0","0",-0.915229320526123,3138.4091796875,"map_4757_1_1",5,70,300,20,5,2.00173631191272,0.1,9.96063901913487,0.131059390604978,1.57339296026063,7,0.2,0.5,89.1593591556993,21.4231699439774,0.00138426036855093,0.0021815534849264,0.266557975433913,151,4757,1,"1","diploid","female"
"452","0","0","0","0",-0.915229320526123,3138.4091796875,"map_4757_1_2",5,70,300,20,5,5.91044186382303,0.1,9.67271512475562,0.116996576466115,1.85274975624664,5,0.2,0.5,89.1593591556993,21.4231699439774,0.00114581684555931,0.00154702785292284,0.405418239074223,151,4757,1,"2","diploid","female"
"453","0","0","0","0",-0.915229320526123,3138.4091796875,"map_4757_1_3",5,70,300,20,5,1.96015454197776,0.1,7.16201349535061,0.0449017387928158,1.45842204073824,4,0.2,0.5,89.1593591556993,21.4231699439774,0.000199516197271947,1.17938223159275e-05,0.666987231739038,151,4757,1,"3","diploid","female"
"454","0","0","0","0",-0.806408226490021,3162.43188476562,"map_4759_1_1",5,70,300,20,5,3.96333963689445,0.1,11.218457960008,0.153384074136065,1.86198285662966,7,0.2,0.5,97.3212804319058,21.1830759375858,0.00213785630296175,0.00333491190684792,0.211253933647822,152,4759,1,"1","diploid","female"
"455","0","0","0","0",-0.806408226490021,3162.43188476562,"map_4759_1_2",5,70,300,20,5,6.01766367331608,0.1,13.763095250979,0.239082986081485,0.881843957511385,7,0.2,0.5,97.3212804319058,21.1830759375858,0.00406067970137068,0.00461698030211955,0.349279553893192,152,4759,1,"2","diploid","female"
"456","0","0","0","0",-0.806408226490021,3162.43188476562,"map_4759_1_3",5,70,300,20,5,3.38499164412435,0.1,7.44616532035846,0.064767572122691,1.67927131658095,4,0.2,0.5,97.3212804319058,21.1830759375858,0.000315633717660364,1.30038131434065e-05,0.510216701470786,152,4759,1,"3","diploid","female"
"457","0","0","0","0",-0.481934785842896,3163.17651367188,"map_4761_1_1",5,70,300,20,5,2.9924736840387,0.1,8.16732838558594,0.336409736905533,2.05951141322176,33,0.2,0.5,92.9165637881257,20.8958631686594,0.0021573055857739,0.00143415026162288,0.330959947652292,153,4761,1,"1","diploid","female"
"458","0","0","0","0",-0.481934785842896,3163.17651367188,"map_4761_1_2",5,70,300,20,5,7.43637080081709,0.1,7.9509759309045,0.580971671852581,0.817733201560054,43,0.2,0.5,92.9165637881257,20.8958631686594,0.00329744041331177,0.000868372583828594,0.308912978772993,153,4761,1,"2","diploid","female"
"459","0","0","0","0",-0.481934785842896,3163.17651367188,"map_4761_1_3",5,70,300,20,5,2.43976253064111,0.1,6.93041019184669,0.114752257942406,1.87371393510157,66,0.2,0.5,92.9165637881257,20.8958631686594,0.000469470615361698,2.19359310925596e-05,0.776409290447915,153,4761,1,"3","diploid","female"
"460","0","0","0","0",-0.743525266647339,3196.962890625,"map_4762_1_1",5,70,300,20,5,4.47614235986399,0.1,8.03189104597298,0.449431618452343,1.69910591582754,9,0.2,0.5,93.2139333300416,20.8945320357516,0.00311086655075924,0.00441554027060423,0.474128466863404,154,4762,1,"1","diploid","female"
"461","0","0","0","0",-0.743525266647339,3196.962890625,"map_4762_1_2",5,70,300,20,5,4.22729452005335,0.1,6.43542643523775,1.12491929208076,1.21218635991272,20,0.2,0.5,93.2139333300416,20.8945320357516,0.00484093715160388,0.00458273598761304,1.03606616961882,154,4762,1,"2","diploid","female"
"462","0","0","0","0",-0.743525266647339,3196.962890625,"map_4762_1_3",5,70,300,20,5,4.23741785909986,0.1,6.29399558847771,0.192668940974462,1.71129905265448,3,0.2,0.5,93.2139333300416,20.8945320357516,0.000646445297139253,8.53277373219178e-06,0.716354748200496,154,4762,1,"3","diploid","female"
"463","0","0","0","0",-0.739355802536011,3230.44970703125,"map_4763_1_1",5,70,300,20,5,5.22609805791667,0.1,11.1791952107737,0.463002740279914,1.29118412044821,12,0.2,0.5,115.530797077572,20.8731333647059,0.0067812250635066,0.0164090691980989,0.217584474212256,155,4763,1,"1","diploid","female"
"464","0","0","0","0",-0.739355802536011,3230.44970703125,"map_4763_1_2",5,70,300,20,5,7.5900132551367,0.1,8.68947842087903,0.710217744407357,0.459021429524631,9,0.2,0.5,115.530797077572,20.8731333647059,0.00529041687483392,0.00405039335104105,0.254549126642394,155,4763,1,"2","diploid","female"
"465","0","0","0","0",-0.739355802536011,3230.44970703125,"map_4763_1_3",5,70,300,20,5,3.44374897395322,0.1,6.78707043904716,0.27122129508346,1.59982309604611,3,0.2,0.5,115.530797077572,20.8731333647059,0.0010917060720645,5.34393308601631e-05,0.567456879009825,155,4763,1,"3","diploid","female"
"466","0","0","0","0",-0.753512024879456,2888.05126953125,"map_4810_1_1",5,70,300,20,5,2.7274153686829,0.1,11.9884419927286,0.38812840538096,0.649811297758383,133,0.2,0.5,62.8149893141268,22.4764637614405,0.00677347051392829,0.0244417204423221,0.459888369593671,156,4810,1,"1","diploid","female"
"467","0","0","0","0",-0.753512024879456,2888.05126953125,"map_4810_1_2",5,70,300,20,5,4.42777597533495,0.1,10.9712520816527,1.03364135004121,0.241298817040328,34,0.2,0.5,62.8149893141268,22.4764637614405,0.0179877393293576,0.0834207012910403,0.566118655214528,156,4810,1,"2","diploid","female"
"468","0","0","0","0",-0.753512024879456,2888.05126953125,"map_4810_1_3",5,70,300,20,5,2.42771291303771,0.1,6.62993866499461,0.201732888712345,0.788984417939098,99,0.2,0.5,62.8149893141268,22.4764637614405,0.000729701350075134,1.40780344417409e-05,0.904726189605721,156,4810,1,"3","diploid","female"
"469","0","0","0","0",-0.818398594856262,3014.24096679688,"map_4812_1_1",5,70,300,20,5,3.57631446535972,0.1,8.07967186546237,0.208335863999361,1.86912919747427,24,0.2,0.5,109.780292726434,21.2726253032156,0.00181026123714713,0.00437669920380415,0.313043907132405,157,4812,1,"1","diploid","female"
"470","0","0","0","0",-0.818398594856262,3014.24096679688,"map_4812_1_2",5,70,300,20,5,3.12279395855851,0.1,14.9407035210455,0.324936379657651,1.67959625210011,36,0.2,0.5,109.780292726434,21.2726253032156,0.0112235119827757,0.0717375030304169,0.236478549835958,157,4812,1,"2","diploid","female"
"471","0","0","0","0",-0.818398594856262,3014.24096679688,"map_4812_1_3",5,70,300,20,5,5.07941174016759,0.1,5.66929816115647,0.128495270579564,1.19204697261166,5,0.2,0.5,109.780292726434,21.2726253032156,0.000356871938017824,1.88253887998334e-05,0.723621984791952,157,4812,1,"3","diploid","female"
"472","0","0","0","0",0.662158012390137,3011.61499023438,"map_4841_1_1",5,70,300,20,5,8.49072802106599,0.1,5.28717786308502,0.515700442937552,3.80403337696022,11,0.2,0.5,46.2526549308799,21.4509442224851,0.00119921957641173,6.33841573246629e-05,0.975521418491129,158,4841,1,"1","diploid","female"
"473","0","0","0","0",0.662158012390137,3011.61499023438,"map_4841_1_2",5,70,300,20,5,8.05314864895917,0.1,5.1041092089151,2.49569254695571,3.17918649282395,71,0.2,0.5,46.2526549308799,21.4509442224851,0.00522746501030968,6.41549817614722e-05,1.65529142585637,158,4841,1,"2","diploid","female"
"474","0","0","0","0",0.662158012390137,3011.61499023438,"map_4841_1_3",5,70,300,20,5,8.25505868321182,0.1,5.69074685061385,0.288418538339704,3.10901262051852,4,0.2,0.5,46.2526549308799,21.4509442224851,0.000830643032045516,9.50381633882212e-05,0.809724243484704,158,4841,1,"3","diploid","female"
"475","0","0","0","0",0.672016143798828,2961.0634765625,"map_4842_1_1",5,70,300,20,5,8.16442413458227,0.1,9.38016308789716,0.0544570853923312,3.54884392944073,15,0.2,0.5,47.9609497949927,21.4516142193529,0.000442274513789015,0.000290483185752897,0.449723835001587,159,4842,1,"1","diploid","female"
"476","0","0","0","0",0.672016143798828,2961.0634765625,"map_4842_1_2",5,70,300,20,5,7.29799389920254,0.1,9.61622863912969,0.0820445053622336,3.16221183230694,22,0.2,0.5,47.9609497949927,21.4516142193529,0.000734231906198909,0.000729738805832995,0.580003310836137,159,4842,1,"2","diploid","female"
"477","0","0","0","0",0.672016143798828,2961.0634765625,"map_4842_1_3",5,70,300,20,5,7.52030229025612,0.1,9.58262682608247,0.0462834520711939,2.63125593461561,123,0.2,0.5,47.9609497949927,21.4516142193529,0.000395641492943473,0.000233024684185373,0.488016347737598,159,4842,1,"3","diploid","female"
"478","0","0","0","0",-0.742177248001099,3036.5390625,"map_4857_1_1",5,70,300,20,5,3.21930034582814,0.1,9.81788700966804,0.0750008390515954,1.51333283100495,83,0.2,0.5,79.5388600596558,22.1888898636152,0.000797764194191018,0.00115959164750493,0.337198451824938,160,4857,1,"1","diploid","female"
"479","0","0","0","0",-0.742177248001099,3036.5390625,"map_4857_1_2",5,70,300,20,5,3.91655704259218,0.1,10.5700234757463,0.0529481938500491,1.89129066381262,82,0.2,0.5,79.5388600596558,22.1888898636152,0.000651951472845476,0.000970552293035773,0.516250121837323,160,4857,1,"2","diploid","female"
"480","0","0","0","0",-0.742177248001099,3036.5390625,"map_4857_1_3",5,70,300,20,5,4.1752359897586,0.1,7.40852148210988,0.0427724607853197,1.34530177483461,89,0.2,0.5,79.5388600596558,22.1888898636152,0.000220665564682366,1.30386484242096e-05,0.590783102864499,160,4857,1,"3","diploid","female"
"481","0","0","0","0",-0.694369554519653,3072.76025390625,"map_4858_1_1",5,70,300,20,5,1.86655436692051,0.1,9.03579790491198,0.127804261630282,1.74527237019258,6,0.2,0.5,77.426012240375,21.4911511253281,0.000975560991054167,0.000333819960359396,0.318262530887888,161,4858,1,"1","diploid","female"
"482","0","0","0","0",-0.694369554519653,3072.76025390625,"map_4858_1_2",5,70,300,20,5,3.96779137259101,0.1,10.8579645709311,0.465408006692021,0.404337811210803,12,0.2,0.5,77.426012240375,21.4911511253281,0.00456472613170849,0.000794200181897126,0.285699985624561,161,4858,1,"2","diploid","female"
"483","0","0","0","0",-0.694369554519653,3072.76025390625,"map_4858_1_3",5,70,300,20,5,2.32344897389208,0.1,7.36758637766501,0.0565515894648338,1.41747422013432,4,0.2,0.5,77.426012240375,21.4911511253281,0.000259342582905148,5.37847462899998e-06,0.66805518785186,161,4858,1,"3","diploid","female"
"484","0","0","0","0",-0.842748522758484,3124.52734375,"map_4862_1_1",5,70,300,20,5,2.21908351838379,0.1,11.2660809299127,0.126049250765564,1.95669340521,29,0.2,0.5,82.9886168609822,21.2213207088568,0.00156828112500029,0.00147753895146626,0.282133019910369,162,4862,1,"1","diploid","female"
"485","0","0","0","0",-0.842748522758484,3124.52734375,"map_4862_1_2",5,70,300,20,5,5.9365816204244,0.1,11.4672059652409,0.546613629498252,0.340934125958375,80,0.2,0.5,82.9886168609822,21.2213207088568,0.0063357583083619,0.00688732486417772,0.186197913975001,162,4862,1,"2","diploid","female"
"486","0","0","0","0",-0.842748522758484,3124.52734375,"map_4862_1_3",5,70,300,20,5,2.18709865643398,0.1,7.5931076234331,0.0642560466739447,1.47839104638325,48,0.2,0.5,82.9886168609822,21.2213207088568,0.000327579474456924,4.94193774639291e-06,0.625231512369361,162,4862,1,"3","diploid","female"
"487","0","0","0","0",-0.693818807601929,3119.4931640625,"map_4863_1_1",5,70,300,20,5,2.42247429415269,0.1,9.04724387801448,0.163079392093191,1.99954825941147,4,0.2,0.5,91.4850514307371,21.2325277909356,0.00151248272972228,0.00232244744943357,0.268512181269976,163,4863,1,"1","diploid","female"
"488","0","0","0","0",-0.693818807601929,3119.4931640625,"map_4863_1_2",5,70,300,20,5,6.40304587411699,0.1,13.9738808418863,0.246203054291749,0.927803319938764,3,0.2,0.5,91.4850514307371,21.2325277909356,0.00484488548510159,0.00905422393753708,0.335241314683877,163,4863,1,"2","diploid","female"
"489","0","0","0","0",-0.693818807601929,3119.4931640625,"map_4863_1_3",5,70,300,20,5,2.32376676367276,0.1,6.67488315281132,0.0864260546767684,1.69195537142494,2,0.2,0.5,91.4850514307371,21.2325277909356,0.000329512701452977,1.91822561426733e-05,0.585271163279699,163,4863,1,"3","diploid","female"
"490","0","0","0","0",-0.38486385345459,3113.2509765625,"map_4864_1_1",5,70,300,20,5,5.23859396508333,0.1,8.76882995519206,0.124920726316853,2.7045310540597,31,0.2,0.5,92.0297929630723,21.2329320115505,0.00100145320168869,0.00122052551340662,0.207677654681636,164,4864,1,"1","diploid","female"
"491","0","0","0","0",-0.38486385345459,3113.2509765625,"map_4864_1_2",5,70,300,20,5,7.51621253574086,0.1,10.014813741264,0.114665835417475,2.87469666041962,28,0.2,0.5,92.0297929630723,21.2329320115505,0.00128778633895617,0.00300500840084701,0.277471576506156,164,4864,1,"2","diploid","female"
"492","0","0","0","0",-0.38486385345459,3113.2509765625,"map_4864_1_3",5,70,300,20,5,4.45263957720662,0.1,7.76886873957213,0.089982844813089,2.1171884469311,109,0.2,0.5,92.0297929630723,21.2329320115505,0.000514044196002636,0.000114064364025879,0.340606418176529,164,4864,1,"3","diploid","female"
"493","0","0","0","0",-0.718864440917969,3142.11669921875,"map_4865_1_1",5,70,300,20,5,4.45200717153185,0.1,9.67432530030813,0.182572447229782,2.13156826487376,32,0.2,0.5,94.9875839208052,20.8603426699887,0.00160220620361528,0.00128083003012522,0.501476736719146,165,4865,1,"1","diploid","female"
"494","0","0","0","0",-0.718864440917969,3142.11669921875,"map_4865_1_2",5,70,300,20,5,6.07604540374805,0.1,7.77208897245591,0.83225812540356,0.482145069185886,30,0.2,0.5,94.9875839208052,20.8603426699887,0.00443184653853966,0.00186865167896585,0.529379679016237,165,4865,1,"2","diploid","female"
"495","0","0","0","0",-0.718864440917969,3142.11669921875,"map_4865_1_3",5,70,300,20,5,3.89916584491598,0.1,6.82007348235698,0.078455505228896,1.61595186962339,78,0.2,0.5,94.9875839208052,20.8603426699887,0.000323954465475694,1.02471540851038e-05,0.818756994039631,165,4865,1,"3","diploid","female"
"496","0","0","0","0",-0.317398309707642,3166.98852539062,"map_4866_1_1",5,70,300,20,5,5.99514909644492,0.1,7.90757237785541,0.3376214747029,2.00528997168132,10,0.2,0.5,90.7801333836147,20.8971543951024,0.00203237284005912,0.0018562592394877,0.640236046869016,166,4866,1,"1","diploid","female"
"497","0","0","0","0",-0.317398309707642,3166.98852539062,"map_4866_1_2",5,70,300,20,5,5.44821554675367,0.1,6.18951534265581,0.788394171126566,1.44863880957663,22,0.2,0.5,90.7801333836147,20.8971543951024,0.00269404635115865,0.00101250775981053,1.19884423497486,166,4866,1,"2","diploid","female"
"498","0","0","0","0",-0.317398309707642,3166.98852539062,"map_4866_1_3",5,70,300,20,5,5.5587895581336,0.1,7.53856670054446,0.0833662010472898,2.11706670466583,5,0.2,0.5,90.7801333836147,20.8971543951024,0.000415011587542549,6.27320047864549e-05,0.661814393446889,166,4866,1,"3","diploid","female"
"499","0","0","0","0",-0.10347755998373,3160.68432617188,"map_4878_1_1",5,70,300,20,5,8.24609377696728,0.1,7.77235713083891,0.185281060283458,3.60637930398778,5,0.2,0.5,82.3312466326742,19.9433186162482,0.00104848912112609,0.000221797297365202,0.364802771922109,167,4878,1,"1","diploid","female"
"500","0","0","0","0",-0.10347755998373,3160.68432617188,"map_4878_1_2",5,70,300,20,5,5.57753285674745,0.1,9.15815269909611,0.261130676396335,1.47018026551525,4,0.2,0.5,82.3312466326742,19.9433186162482,0.00201627080627963,0.000761791538220624,0.394701102989211,167,4878,1,"2","diploid","female"
"501","0","0","0","0",-0.10347755998373,3160.68432617188,"map_4878_1_3",5,70,300,20,5,7.37710388496308,0.1,6.82519043669037,0.0892325922859383,2.39675190096063,3,0.2,0.5,82.3312466326742,19.9433186162482,0.000359777088179099,1.06836467416623e-05,0.5738430950376,167,4878,1,"3","diploid","female"
"502","0","0","0","0",-0.751388549804688,2865.4072265625,"map_4915_1_1",5,70,300,20,5,1.55977853167333,0.1,13.6871255278952,0.201959656418243,1.10957751530672,30,0.2,0.5,61.9259310109275,22.4656863228427,0.00473911149938708,0.0168170738643265,0.223718200155472,168,4915,1,"1","diploid","female"
"503","0","0","0","0",-0.751388549804688,2865.4072265625,"map_4915_1_2",5,70,300,20,5,4.5078786763468,0.1,19.1551810582499,0.234550625120196,1.02380138016076,47,0.2,0.5,61.9259310109275,22.4656863228427,0.0112593399385578,0.060897008421722,0.25459820276443,168,4915,1,"2","diploid","female"
"504","0","0","0","0",-0.751388549804688,2865.4072265625,"map_4915_1_3",5,70,300,20,5,1.23402769764094,0.1,9.12528401273625,0.0232323802010478,0.446042363038103,16,0.2,0.5,61.9259310109275,22.4656863228427,0.000162380653138335,8.53593299952773e-06,0.973020183559959,168,4915,1,"3","diploid","female"
"505","0","0","0","0",-0.729580044746399,2948.6787109375,"map_4916_1_1",5,70,300,20,5,5.12904129032685,0.1,8.20202351301702,0.381084553839319,1.58892975393383,9,0.2,0.5,110.315121875649,21.2173495456362,0.00269834006714186,0.00310320487338395,0.620355700316914,169,4916,1,"1","diploid","female"
"506","0","0","0","0",-0.729580044746399,2948.6787109375,"map_4916_1_2",5,70,300,20,5,6.49238235289208,0.1,8.2154662584227,1.02193309843967,0.971490677965858,71,0.2,0.5,110.315121875649,21.2173495456362,0.00966025460593694,0.0257870660235828,0.846903853174393,169,4916,1,"2","diploid","female"
"507","0","0","0","0",-0.729580044746399,2948.6787109375,"map_4916_1_3",5,70,300,20,5,4.7408789418617,0.1,7.16878382932487,0.120524916481158,0.579644424187817,3,0.2,0.5,110.315121875649,21.2173495456362,0.000521971955587677,1.74561519286884e-05,0.863942084499979,169,4916,1,"3","diploid","female"
"508","0","0","0","0",-0.349183619022369,3019.63403320312,"map_4917_1_1",5,70,300,20,5,4.95395811799028,0.1,12.4112678348367,0.103573769549916,2.33111355823481,14,0.2,0.5,112.278359245224,21.2386961838732,0.00226568252000086,0.00981128183704088,0.416420445122124,170,4917,1,"1","diploid","female"
"509","0","0","0","0",-0.349183619022369,3019.63403320312,"map_4917_1_2",5,70,300,20,5,4.26375904875964,0.1,23.4599328280201,0.205540800102537,1.98528761459321,23,0.2,0.5,112.278359245224,21.2386961838732,0.0141404436452784,0.0801308159209752,0.314712647951895,170,4917,1,"2","diploid","female"
"510","0","0","0","0",-0.349183619022369,3019.63403320312,"map_4917_1_3",5,70,300,20,5,6.19972866627723,0.1,9.67830503181525,0.0534444321625573,1.96734915008847,23,0.2,0.5,112.278359245224,21.2386961838732,0.000603787548575997,0.00167634984856283,0.500004769447071,170,4917,1,"3","diploid","female"
"511","0","0","0","0",-0.55238139629364,3122.48559570312,"map_4918_1_1",5,70,300,20,5,4.54416890622956,0.1,7.76271300820858,0.267713429757098,2.35544177684828,8,0.2,0.5,109.746906546659,21.2656784332208,0.00197926570565431,0.00284728169721788,0.356309469943296,171,4918,1,"1","diploid","female"
"512","0","0","0","0",-0.55238139629364,3122.48559570312,"map_4918_1_2",5,70,300,20,5,4.35032335223604,0.1,11.5365692915404,0.382967083792246,1.13726985122546,5,0.2,0.5,109.746906546659,21.2656784332208,0.00517643655812662,0.00734433336058423,0.361712682569168,171,4918,1,"2","diploid","female"
"513","0","0","0","0",-0.55238139629364,3122.48559570312,"map_4918_1_3",5,70,300,20,5,5.53172401070579,0.1,5.98056981655297,0.198195419860792,1.89934150508377,4,0.2,0.5,109.746906546659,21.2656784332208,0.000645319841699666,6.45562876572068e-05,0.62624851250703,171,4918,1,"3","diploid","female"
"514","0","0","0","0",-0.154239818453789,3135.8623046875,"map_4934_1_1",5,70,300,20,5,7.79483853668131,0.1,13.5842242073442,0.229435642112382,2.70503031090367,7,0.2,0.5,219.304884672957,20.7766397355799,0.00499533156253311,0.0184594483511981,0.245006008301362,172,4934,1,"1","diploid","female"
"515","0","0","0","0",-0.154239818453789,3135.8623046875,"map_4934_1_2",5,70,300,20,5,8.03300272699901,0.1,14.8200314060438,0.457495134998031,0.763019871981703,10,0.2,0.5,219.304884672957,20.7766397355799,0.0121256185387949,0.0430912737312323,0.254653674530211,172,4934,1,"2","diploid","female"
"516","0","0","0","0",-0.154239818453789,3135.8623046875,"map_4934_1_3",5,70,300,20,5,5.14133867577606,0.1,10.0478688497196,0.0894406121632233,2.63259956892509,5,0.2,0.5,219.304884672957,20.7766397355799,0.000996137368225966,0.00192816487420319,0.488327607507786,172,4934,1,"3","diploid","female"
"517","0","0","0","0",-0.427926331758499,3234.9345703125,"map_4935_1_1",5,70,300,20,5,6.45069067750001,0.1,14.6000621059952,0.454988592680886,1.43858340461054,10,0.2,0.5,237.812155181783,20.7588169313348,0.0129065381656524,0.0622958503269691,0.26406146867206,173,4935,1,"1","diploid","female"
"518","0","0","0","0",-0.427926331758499,3234.9345703125,"map_4935_1_2",5,70,300,20,5,7.18130810837709,0.1,9.82383780035966,0.823946900082492,0.883655718111728,9,0.2,0.5,237.812155181783,20.7588169313348,0.0113450021673679,0.0429486458819391,0.663605341598906,173,4935,1,"2","diploid","female"
"519","0","0","0","0",-0.427926331758499,3234.9345703125,"map_4935_1_3",5,70,300,20,5,3.31572214493624,0.1,8.94094903374712,0.332869924904764,1.38631351260964,3,0.2,0.5,237.812155181783,20.7588169313348,0.00270447170901938,0.00370412197690238,0.336345003400686,173,4935,1,"3","diploid","female"
"520","0","0","0","0",0.0849150642752647,3097.5458984375,"map_4944_1_1",5,70,300,20,5,7.73370892635404,0.1,14.5470234162944,0.201315568361762,2.37086896907128,126,0.2,0.5,207.278965161092,21.47600071718,0.0051722617116414,0.0236867997986767,0.216109846205046,174,4944,1,"1","diploid","female"
"521","0","0","0","0",0.0849150642752647,3097.5458984375,"map_4944_1_2",5,70,300,20,5,9.40227986395657,0.1,15.6343896493846,0.382535433713842,2.7165356748604,153,0.2,0.5,207.278965161092,21.47600071718,0.0115215316925449,0.0624393968377863,1.24349221375609,174,4944,1,"2","diploid","female"
"522","0","0","0","0",0.0849150642752647,3097.5458984375,"map_4944_1_3",5,70,300,20,5,5.44135011725409,0.1,8.64082200697173,0.283919244781044,2.39146483071196,144,0.2,0.5,207.278965161092,21.47600071718,0.00248922610913906,0.00653888947383498,0.5103321444293,174,4944,1,"3","diploid","female"
"523","0","0","0","0",0.192078590393066,3054.80322265625,"map_4945_1_1",5,70,300,20,5,7.02333431680889,0.1,8.85233924880137,0.198145180408111,3.38521284973207,79,0.2,0.5,117.274986064315,21.4830350527336,0.00168825997304472,0.00179706774491959,0.30694528408098,175,4945,1,"1","diploid","female"
"524","0","0","0","0",0.192078590393066,3054.80322265625,"map_4945_1_2",5,70,300,20,5,7.62762620571891,0.1,9.32437105359989,0.364187407109114,1.98519656807341,90,0.2,0.5,117.274986064315,21.4830350527336,0.00346354226974167,0.00379691599916962,0.277014726512365,175,4945,1,"2","diploid","female"
"525","0","0","0","0",0.192078590393066,3054.80322265625,"map_4945_1_3",5,70,300,20,5,6.19881183657802,0.1,7.66054897834274,0.0998102200999131,2.97818026630805,78,0.2,0.5,117.274986064315,21.4830350527336,0.000589346318949779,0.000329755967647945,0.44042915485821,175,4945,1,"3","diploid","female"
"526","0","0","0","0",0.259244978427887,3002.54150390625,"map_4946_1_1",5,70,300,20,5,5.36719646518226,0.1,8.95749797347751,0.194493518805232,3.58060673620486,78,0.2,0.5,123.726595450873,21.4509364726932,0.00203155202489787,0.00634755119362037,0.311914073137219,176,4946,1,"1","diploid","female"
"527","0","0","0","0",0.259244978427887,3002.54150390625,"map_4946_1_2",5,70,300,20,5,14.7438134979828,0.1,12.0811298313387,0.382065498305862,2.47616949953701,93,0.2,0.5,123.726595450873,21.4509364726932,0.00789636764494155,0.0285283670022345,0.246293865468627,176,4946,1,"2","diploid","female"
"528","0","0","0","0",0.259244978427887,3002.54150390625,"map_4946_1_3",5,70,300,20,5,3.96095418791763,0.1,8.99226073568754,0.100053013435009,2.96035942498212,79,0.2,0.5,123.726595450873,21.4509364726932,0.000898719514617968,0.00177787051511776,0.442342716118203,176,4946,1,"3","diploid","female"
"529","0","0","0","0",0.67797189950943,2939.53466796875,"map_4947_1_1",5,70,300,20,5,7.67656159566265,0.1,11.7287597968626,0.249010435378661,4.05795926168955,40,0.2,0.5,116.254235543286,22.2704469864551,0.0042402782107069,0.0137601968504388,0.237758607537265,177,4947,1,"1","diploid","female"
"530","0","0","0","0",0.67797189950943,2939.53466796875,"map_4947_1_2",5,70,300,20,5,8.79539686031756,0.1,14.5185022632751,0.350303696257396,2.40892744263577,32,0.2,0.5,116.254235543286,22.2704469864551,0.00795165475051201,0.0131081248510215,0.320460385720223,177,4947,1,"2","diploid","female"
"531","0","0","0","0",0.67797189950943,2939.53466796875,"map_4947_1_3",5,70,300,20,5,5.42103761820673,0.1,9.27630882387628,0.258376189195368,3.21564675368478,26,0.2,0.5,116.254235543286,22.2704469864551,0.00284911212792365,0.00711364103777694,0.316811564519932,177,4947,1,"3","diploid","female"
"532","0","0","0","0",-0.727792859077454,2994.02490234375,"map_4961_1_1",5,70,300,20,5,2.29188672628049,0.1,7.23199136050173,0.140379771919074,1.15814529769175,3,0.2,0.5,25.4797126126052,22.1751168928009,0.000711594498499458,0.000332125582847758,0.498799593914759,178,4961,1,"1","diploid","female"
"533","0","0","0","0",-0.727792859077454,2994.02490234375,"map_4961_1_2",5,70,300,20,5,3.78640609966618,0.1,7.8741459344211,0.165206090005957,1.32802752321275,3,0.2,0.5,25.4797126126052,22.1751168928009,0.00122148320569803,0.00264822161702479,0.678899952692154,178,4961,1,"2","diploid","female"
"534","0","0","0","0",-0.727792859077454,2994.02490234375,"map_4961_1_3",5,70,300,20,5,2.76642511460458,0.1,6.47877203948086,0.0782646411081173,1.10251306994052,2,0.2,0.5,25.4797126126052,22.1751168928009,0.000272139287572424,2.13878541042846e-07,0.819673251322961,178,4961,1,"3","diploid","female"
"535","0","0","0","0",-0.6367307305336,3034.83447265625,"map_4962_1_1",5,70,300,20,5,3.76036565305293,0.1,6.92784289313905,0.22897136978088,1.26682767251255,7,0.2,0.5,26.131746765387,21.4431644114413,0.000906107598018608,2.03878125540976e-05,0.786546129408268,179,4962,1,"1","diploid","female"
"536","0","0","0","0",-0.6367307305336,3034.83447265625,"map_4962_1_2",5,70,300,20,5,3.50936653907342,0.1,6.02119292724314,1.26143726503932,0.921143121399445,85,0.2,0.5,26.131746765387,21.4431644114413,0.00399295943750609,0.000197540005836691,1.17332823590287,179,4962,1,"2","diploid","female"
"537","0","0","0","0",-0.6367307305336,3034.83447265625,"map_4962_1_3",5,70,300,20,5,5.33108393560714,0.1,6.70530830458973,0.0339420809809954,1.0539522291176,4,0.2,0.5,26.131746765387,21.4431644114413,0.000125062015767978,8.11566833796682e-08,1.01094923260439,179,4962,1,"3","diploid","female"
"538","0","0","0","0",-0.322354286909103,3125.50952148438,"map_4964_1_1",5,70,300,20,5,4.90398348694077,0.1,8.95312647849031,0.0974865256546,2.27165804810002,11,0.2,0.5,57.9379124166165,21.4341732629246,0.000770607929460513,0.000287019033284698,0.38301029019531,180,4964,1,"1","diploid","female"
"539","0","0","0","0",-0.322354286909103,3125.50952148438,"map_4964_1_2",5,70,300,20,5,4.93509636778873,0.1,9.20464074368154,0.0763883782983735,2.39141608299814,8,0.2,0.5,57.9379124166165,21.4341732629246,0.000622757681936862,0.000126058955775368,0.66445441756859,180,4964,1,"2","diploid","female"
"540","0","0","0","0",-0.322354286909103,3125.50952148438,"map_4964_1_3",5,70,300,20,5,5.72952337174479,0.1,7.45855089836669,0.0560380229574816,1.93077609010963,10,0.2,0.5,57.9379124166165,21.4341732629246,0.000274545752450928,1.2637302259357e-05,0.57834939696934,180,4964,1,"3","diploid","female"
"541","0","0","0","0",-0.715540766716003,3084.49853515625,"map_4966_1_1",5,70,300,20,5,3.91950295048032,0.1,8.0386103940588,0.0823227215577851,1.71887618365955,13,0.2,0.5,56.0883397256021,21.1851689390434,0.000512781589247782,0.000321023382633422,0.484326788036881,181,4966,1,"1","diploid","female"
"542","0","0","0","0",-0.715540766716003,3084.49853515625,"map_4966_1_2",5,70,300,20,5,5.36558439610685,0.1,11.6894484994194,0.0911870276105754,1.80382426060661,14,0.2,0.5,56.0883397256021,21.1851689390434,0.00150005644418846,0.00495532331480319,0.622582095123263,181,4966,1,"2","diploid","female"
"543","0","0","0","0",-0.715540766716003,3084.49853515625,"map_4966_1_3",5,70,300,20,5,4.26563153093683,0.1,6.50874915120894,0.0444874476177408,1.19848785186676,9,0.2,0.5,56.0883397256021,21.1851689390434,0.000163625330127225,3.30679459387051e-06,0.726580913952308,181,4966,1,"3","diploid","female"
"544","0","0","0","0",-0.658994376659393,3086.6748046875,"map_4967_1_1",5,70,300,20,5,4.10255980464864,0.1,7.58978640096106,0.0802173379874913,1.72536708013718,22,0.2,0.5,50.8551821962147,21.2161180595491,0.000426697995549943,0.000152807676619772,0.345444909030753,182,4967,1,"1","diploid","female"
"545","0","0","0","0",-0.658994376659393,3086.6748046875,"map_4967_1_2",5,70,300,20,5,3.74261211971242,0.1,8.53636405087342,0.0728937693814874,1.86616332795528,28,0.2,0.5,50.8551821962147,21.2161180595491,0.000565659064802527,0.000678743416742091,0.477193152905824,182,4967,1,"2","diploid","female"
"546","0","0","0","0",-0.658994376659393,3086.6748046875,"map_4967_1_3",5,70,300,20,5,5.45396308988552,0.1,6.83120430815414,0.0424491827705096,1.21338594041377,48,0.2,0.5,50.8551821962147,21.2161180595491,0.000168967931325957,1.6458310361074e-06,0.567438696602277,182,4967,1,"3","diploid","female"
"547","0","0","0","0",-0.460387855768204,3092.982421875,"map_4968_1_1",5,70,300,20,5,4.71375783007134,0.1,7.73376074879613,0.226917391044439,2.15503818137859,5,0.2,0.5,50.2975871962962,21.2073838370187,0.00126528607960023,0.000315641105719964,0.544873464909778,183,4968,1,"1","diploid","female"
"548","0","0","0","0",-0.460387855768204,3092.982421875,"map_4968_1_2",5,70,300,20,5,4.28773348961632,0.1,10.188249690547,0.340093851296295,1.13424512108149,4,0.2,0.5,50.2975871962962,21.2073838370187,0.00332367776384442,0.00186645685155307,0.330757600736171,183,4968,1,"2","diploid","female"
"549","0","0","0","0",-0.460387855768204,3092.982421875,"map_4968_1_3",5,70,300,20,5,5.889563455096,0.1,5.9587272905442,0.159169938702919,1.75663475255979,2,0.2,0.5,50.2975871962962,21.2073838370187,0.000497176691080605,7.95945028357288e-06,0.848188996990617,183,4968,1,"3","diploid","female"
"550","0","0","0","0",0.186097964644432,3170.97192382812,"map_4970_1_1",5,70,300,20,5,8.0167446810439,0.1,7.60800557923542,0.395070745852269,2.38767213124775,35,0.2,0.5,68.3882683804661,20.9069783431483,0.00202522234496452,0.000329049734468153,0.624576526417953,184,4970,1,"1","diploid","female"
"551","0","0","0","0",0.186097964644432,3170.97192382812,"map_4970_1_2",5,70,300,20,5,6.98945555144829,0.1,5.91013167489854,0.724689068545007,1.58270174249125,67,0.2,0.5,68.3882683804661,20.9069783431483,0.00207659288939395,1.85916600090218e-05,1.39425976776162,184,4970,1,"2","diploid","female"
"552","0","0","0","0",0.186097964644432,3170.97192382812,"map_4970_1_3",5,70,300,20,5,6.87298786183266,0.1,8.09087636870627,0.099322176654221,2.68181062141707,38,0.2,0.5,68.3882683804661,20.9069783431483,0.000567965598227939,9.25928761540323e-05,0.589964978445789,184,4970,1,"3","diploid","female"
"553","0","0","0","0",-0.76128488779068,3228.33984375,"map_4973_1_1",5,70,300,20,5,2.63579759407646,0.1,8.81807201729164,0.176240926950141,1.9739397803911,16,0.2,0.5,68.7621042894763,20.113306321179,0.00127722414276679,0.000583471749170042,0.240909268320181,185,4973,1,"1","diploid","female"
"554","0","0","0","0",-0.76128488779068,3228.33984375,"map_4973_1_2",5,70,300,20,5,5.51975175697855,0.1,8.99732505167527,0.14972186230584,1.34447727607622,13,0.2,0.5,68.7621042894763,20.113306321179,0.00107867363019098,0.000260317457030419,0.374975718690205,185,4973,1,"2","diploid","female"
"555","0","0","0","0",-0.76128488779068,3228.33984375,"map_4973_1_3",5,70,300,20,5,1.90099386968718,0.1,6.77790644680648,0.0542670516345174,1.4530302050926,12,0.2,0.5,68.7621042894763,20.113306321179,0.000207993247026107,6.55451582803551e-07,0.703357335454425,185,4973,1,"3","diploid","female"
"556","0","0","0","0",-0.639778196811676,2971.75952148438,"map_5021_1_1",5,70,300,20,5,2.80010305142299,0.1,13.7362812284718,0.16026242557118,1.47000008587858,60,0.2,0.5,110.926962196629,22.9470947958438,0.0036785483118501,0.0139618079634654,0.259194828248955,186,5021,1,"1","diploid","female"
"557","0","0","0","0",-0.639778196811676,2971.75952148438,"map_5021_1_2",5,70,300,20,5,3.78019522824586,0.1,12.6122619600518,0.167241661681811,2.17532155866931,71,0.2,0.5,110.926962196629,22.9470947958438,0.00337364628180715,0.0115624054008687,0.447508820624857,186,5021,1,"2","diploid","female"
"558","0","0","0","0",-0.639778196811676,2971.75952148438,"map_5021_1_3",5,70,300,20,5,3.7140646693274,0.1,8.39640577264741,0.0970974553287616,1.52900254564039,39,0.2,0.5,110.926962196629,22.9470947958438,0.000669410678268877,0.000429193496879311,0.605509345770405,186,5021,1,"3","diploid","female"
"559","0","0","0","0",-0.670611202716827,3044.7939453125,"map_5022_1_1",5,70,300,20,5,1.51553770399389,0.1,18.3272559830039,0.181962780934395,1.23753427275115,10,0.2,0.5,117.641574390703,22.9084702045023,0.00717787769823696,0.0294173173465494,0.125412623851157,187,5022,1,"1","diploid","female"
"560","0","0","0","0",-0.670611202716827,3044.7939453125,"map_5022_1_2",5,70,300,20,5,4.78322962014167,0.1,28.2605850900439,0.226674602997592,1.76667487943201,8,0.2,0.5,117.641574390703,22.9084702045023,0.0186527026052585,0.0949893835221792,0.132172126342804,187,5022,1,"2","diploid","female"
"561","0","0","0","0",-0.670611202716827,3044.7939453125,"map_5022_1_3",5,70,300,20,5,1.89578382289555,0.1,10.2356368326254,0.0913302312726316,1.69905510360776,6,0.2,0.5,117.641574390703,22.9084702045023,0.00100241464737821,0.00146878810048337,0.342427571492554,187,5022,1,"3","diploid","female"
"562","0","0","0","0",-0.437946051359177,3014.42309570312,"map_5037_1_1",5,70,300,20,5,4.17983071634025,0.1,13.7121637885089,0.0919276702100706,1.71764892369848,15,0.2,0.5,100.532267434256,21.749437167399,0.00182517504528392,0.00385843659744187,0.312013968490918,188,5037,1,"1","diploid","female"
"563","0","0","0","0",-0.437946051359177,3014.42309570312,"map_5037_1_2",5,70,300,20,5,4.57104113272674,0.1,19.0851151220022,0.326460451559355,0.619957564736624,38,0.2,0.5,100.532267434256,21.749437167399,0.011250406850101,0.0354165145088074,0.201276933351556,188,5037,1,"2","diploid","female"
"564","0","0","0","0",-0.437946051359177,3014.42309570312,"map_5037_1_3",5,70,300,20,5,4.76961585236037,0.1,9.37261034288808,0.0333271202661412,1.86929372705492,34,0.2,0.5,100.532267434256,21.749437167399,0.000275631532019701,6.47238317997437e-05,0.608476619151835,188,5037,1,"3","diploid","female"
"565","0","0","0","0",-0.565759062767029,3089.013671875,"map_5038_1_1",5,70,300,20,5,0,0.1,14.5566210357877,0.362807294920056,1.69469529365704,7,0.2,0.5,241.705734405011,21.7158335900122,0.00883130809992619,0.0300361413986499,0.155629583685588,189,5038,1,"1","diploid","female"
"566","0","0","0","0",-0.565759062767029,3089.013671875,"map_5038_1_2",5,70,300,20,5,0,0.1,22.1372854093849,0.646271227590279,0.685497932822894,9,0.2,0.5,241.705734405011,21.7158335900122,0.0325511330277244,0.197202709066155,0.0823401819789715,189,5038,1,"2","diploid","female"
"567","0","0","0","0",-0.565759062767029,3089.013671875,"map_5038_1_3",5,70,300,20,5,0,0.1,9.49923048262911,0.314212164781994,2.25972368263748,3,0.2,0.5,241.705734405011,21.7158335900122,0.00287572382058824,0.00367448871211281,0.361656098997594,189,5038,1,"3","diploid","female"
"568","0","0","0","0",-0.577181935310364,3173.5263671875,"map_5039_1_1",5,70,300,20,5,5.86046675422229,0.1,12.4809038827306,0.271952529811355,2.12558793979635,6,0.2,0.5,235.813190358818,20.7368446003691,0.00532336063660149,0.0182079168219446,0.304292003923282,190,5039,1,"1","diploid","female"
"569","0","0","0","0",-0.577181935310364,3173.5263671875,"map_5039_1_2",5,70,300,20,5,6.32427119358029,0.1,16.1831474135158,0.410229451611662,2.61472470059831,5,0.2,0.5,235.813190358818,20.7368446003691,0.0151500521967481,0.0820194588088046,0.343535850793592,190,5039,1,"2","diploid","female"
"570","0","0","0","0",-0.577181935310364,3173.5263671875,"map_5039_1_3",5,70,300,20,5,3.93340801363385,0.1,7.32508965901294,0.347081627812315,0.72143009140903,3,0.2,0.5,235.813190358818,20.7368446003691,0.00165855562138613,0.000534448459865967,1.04520834591366,190,5039,1,"3","diploid","female"
"571","0","0","0","0",-0.0172621458768845,2988.92651367188,"map_5051_1_1",5,70,300,20,5,0,0.1,17.1025342715876,0.0865912503057755,2.13913995699589,28,0.2,0.5,115.596972734825,22.2539752166004,0.00304311182501141,0.0127646458136523,0.290328835008022,191,5051,1,"1","diploid","female"
"572","0","0","0","0",-0.0172621458768845,2988.92651367188,"map_5051_1_2",5,70,300,20,5,12.7093013807379,0.1,24.7768809416615,0.159105638483093,1.67986615265837,61,0.2,0.5,115.596972734825,22.2539752166004,0.0103676817349679,0.0494534519202211,0.350266187734166,191,5051,1,"2","diploid","female"
"573","0","0","0","0",-0.0172621458768845,2988.92651367188,"map_5051_1_3",5,70,300,20,5,3.4043516961211,0.1,12.205202944903,0.0544453290238556,2.09270794237283,62,0.2,0.5,115.596972734825,22.2539752166004,0.000929665417064899,0.00253646919782038,0.434453447142402,191,5051,1,"3","diploid","female"
"574","0","0","0","0",0.51125979423523,2947.48779296875,"map_5052_1_1",5,70,300,20,5,3.55548869013256,0.1,13.4249743269049,0.22695469041742,2.93828437569962,111,0.2,0.5,121.606558295975,22.2316507400732,0.00477557134997754,0.016321754836218,0.247787762638598,192,5052,1,"1","diploid","female"
"575","0","0","0","0",0.51125979423523,2947.48779296875,"map_5052_1_2",5,70,300,20,5,8.12568678804123,0.1,16.249997539634,0.360479947756347,2.04447944804545,126,0.2,0.5,121.606558295975,22.2316507400732,0.00987632113843518,0.040547619518972,0.279404282806333,192,5052,1,"2","diploid","female"
"576","0","0","0","0",0.51125979423523,2947.48779296875,"map_5052_1_3",5,70,300,20,5,2.9071782431001,0.1,11.1712701349613,0.21999900233738,2.89565647520117,125,0.2,0.5,121.606558295975,22.2316507400732,0.00327974943216369,0.0107785864117139,0.327948739821485,192,5052,1,"3","diploid","female"
"577","0","0","0","0",-0.41074600815773,3092.7392578125,"map_5069_1_1",5,70,300,20,5,4.83315109532769,0.1,7.17191335244494,0.14756056216046,1.9572462333051,4,0.2,0.5,52.8356301190449,21.2259707339974,0.000734131085366309,9.75611097330045e-05,0.464778596556816,193,5069,1,"1","diploid","female"
"578","0","0","0","0",-0.41074600815773,3092.7392578125,"map_5069_1_2",5,70,300,20,5,4.35820842824195,0.1,10.0465506343404,0.184255365951172,1.55595639556466,3,0.2,0.5,52.8356301190449,21.2259707339974,0.0017967787950325,0.000205286226852376,0.468002092078977,193,5069,1,"2","diploid","female"
"579","0","0","0","0",-0.41074600815773,3092.7392578125,"map_5069_1_3",5,70,300,20,5,6.0824518112489,0.1,6.74801194221474,0.0751011827189928,1.68115238012495,3,0.2,0.5,52.8356301190449,21.2259707339974,0.000297991026826156,8.19655405441024e-06,0.633076854503809,193,5069,1,"3","diploid","female"
"580","0","0","0","0",-0.774861752986908,3123.43872070312,"map_5075_1_1",5,70,300,20,5,2.25960999294303,0.1,9.36546802651207,0.119986316187355,1.84785352053658,6,0.2,0.5,68.9403079767956,20.8905564114897,0.000950413476229731,0.00026553074730925,0.521705762306932,194,5075,1,"1","diploid","female"
"581","0","0","0","0",-0.774861752986908,3123.43872070312,"map_5075_1_2",5,70,300,20,5,5.44792566705167,0.1,11.1720714542667,0.321534934243224,0.606040300420055,9,0.2,0.5,68.9403079767956,20.8905564114897,0.00368573520111931,0.00103930031296019,0.400417875440472,194,5075,1,"2","diploid","female"
"582","0","0","0","0",-0.774861752986908,3123.43872070312,"map_5075_1_3",5,70,300,20,5,2.27475731760133,0.1,6.91961607742044,0.0375528728883147,1.42581767638787,4,0.2,0.5,68.9403079767956,20.8905564114897,0.000151769507351809,7.58772003462983e-07,0.810682558761647,194,5075,1,"3","diploid","female"
"583","0","0","0","0",-0.489530265331268,3124.4013671875,"map_5076_1_1",5,70,300,20,5,5.78284230590266,0.1,8.72383945945332,0.0523206286900229,2.23306911942319,13,0.2,0.5,68.3565707111675,20.1175012525134,0.000368051250916985,8.14155990391624e-05,0.474408613773883,195,5076,1,"1","diploid","female"
"584","0","0","0","0",-0.489530265331268,3124.4013671875,"map_5076_1_2",5,70,300,20,5,4.0388960703577,0.1,12.1737378466003,0.0906295023880836,1.74209018663716,25,0.2,0.5,68.3565707111675,20.1175012525134,0.00145392123052005,0.00327738236839,0.462477449425988,195,5076,1,"2","diploid","female"
"585","0","0","0","0",-0.489530265331268,3124.4013671875,"map_5076_1_3",5,70,300,20,5,6.6341919685628,0.1,7.52100260548106,0.0145643787666822,1.31889190565143,17,0.2,0.5,68.3565707111675,20.1175012525134,6.99171857277503e-05,1.4519526375784e-06,0.747557310323381,195,5076,1,"3","diploid","female"
"586","0","0","0","0",-0.4200479388237,3208.18090820312,"map_5079_1_1",5,70,300,20,5,6.84121662097256,0.1,8.2996686684919,0.242971522915872,2.99430263994359,6,0.2,0.5,111.737921496166,19.8233860212307,0.00175063169086935,0.00209849144307713,0.248853470229226,196,5079,1,"1","diploid","female"
"587","0","0","0","0",-0.4200479388237,3208.18090820312,"map_5079_1_2",5,70,300,20,5,4.7773385891079,0.1,8.0162260049442,0.305440925585324,1.87287493580482,4,0.2,0.5,111.737921496166,19.8233860212307,0.00209403942585462,0.00288477138570094,0.326152482068361,196,5079,1,"2","diploid","female"
"588","0","0","0","0",-0.4200479388237,3208.18090820312,"map_5079_1_3",5,70,300,20,5,5.54916069424716,0.1,6.75532622839029,0.115262786666773,2.11439360639128,3,0.2,0.5,111.737921496166,19.8233860212307,0.000453502155852802,1.54496159688201e-05,0.500448608330507,196,5079,1,"3","diploid","female"
"589","0","0","0","0",-0.639707684516907,3076.1669921875,"map_5127_1_1",5,70,300,20,5,6.03386219102814,0.1,9.84314272048009,0.112941209550767,2.0926394972364,14,0.2,0.5,110.768746537624,21.1956407963107,0.00115546833237801,0.00152453899362261,0.362254731330614,197,5127,1,"1","diploid","female"
"590","0","0","0","0",-0.639707684516907,3076.1669921875,"map_5127_1_2",5,70,300,20,5,8.73877356615149,0.1,10.8738634623095,0.174825644607668,1.98239988468402,18,0.2,0.5,110.768746537624,21.1956407963107,0.00229432365827636,0.00394049897792858,0.505225983436552,197,5127,1,"2","diploid","female"
"591","0","0","0","0",-0.639707684516907,3076.1669921875,"map_5127_1_3",5,70,300,20,5,5.76231397986018,0.1,7.68839499720758,0.0451256266352105,1.75146615363397,17,0.2,0.5,110.768746537624,21.1956407963107,0.000253976398405038,7.8106358757371e-05,0.51721242842913,197,5127,1,"3","diploid","female"
"592","0","0","0","0",-0.46103110909462,2983.03271484375,"map_5141_1_1",5,70,300,20,5,0,0.1,14.2528760628603,0.134234882023318,1.70209971706474,41,0.2,0.5,98.5189240319388,21.7487295368317,0.00290780693011467,0.00918845033758776,0.147243958547529,198,5141,1,"1","diploid","female"
"593","0","0","0","0",-0.46103110909462,2983.03271484375,"map_5141_1_2",5,70,300,20,5,9.97219071470834,0.1,20.716534876891,0.496134283653798,0.461802466509338,93,0.2,0.5,98.5189240319388,21.7487295368317,0.0193738489329282,0.0532094988716394,0.0692072200763582,198,5141,1,"2","diploid","female"
"594","0","0","0","0",-0.46103110909462,2983.03271484375,"map_5141_1_3",5,70,300,20,5,4.75916693093584,0.1,10.6917333925745,0.076187770856682,1.95827471697046,58,0.2,0.5,98.5189240319388,21.7487295368317,0.000802040442581095,0.000612534630951458,0.308570304805312,198,5141,1,"3","diploid","female"
"595","0","0","0","0",-0.657663822174072,3039.6396484375,"map_5142_1_1",5,70,300,20,5,0,0.1,17.3214177124955,0.15820560346622,1.79533440703332,144,0.2,0.5,231.469254934115,21.7382887674461,0.00586763301608063,0.0218197321715937,0.172799416569933,199,5142,1,"1","diploid","female"
"596","0","0","0","0",-0.657663822174072,3039.6396484375,"map_5142_1_2",5,70,300,20,5,21.96543445151,0.1,24.695721160428,0.59466871902708,0.581935097706187,225,0.2,0.5,231.469254934115,21.7382887674461,0.0349760599261648,0.137627331986551,0.10690716021747,199,5142,1,"2","diploid","female"
"597","0","0","0","0",-0.657663822174072,3039.6396484375,"map_5142_1_3",5,70,300,20,5,0,0.1,11.6788933728436,0.108281515313136,1.52858930968554,133,0.2,0.5,231.469254934115,21.7382887674461,0.00160208179118696,0.00186018621810969,0.454597465320783,199,5142,1,"3","diploid","female"
"598","0","0","0","0",-0.560474216938019,3107.43798828125,"map_5143_1_1",5,70,300,20,5,4.8734565438899,0.1,13.8398041699736,0.19208823721297,1.94937513756554,160,0.2,0.5,234.781928648584,21.720061732025,0.00422216120043093,0.0112589722379084,0.190683385967914,200,5143,1,"1","diploid","female"
"599","0","0","0","0",-0.560474216938019,3107.43798828125,"map_5143_1_2",5,70,300,20,5,6.54859595638176,0.1,15.645531214994,0.690312433902632,0.515853698634962,273,0.2,0.5,234.781928648584,21.720061732025,0.0179575075636548,0.0624476991661724,0.067605803867506,200,5143,1,"2","diploid","female"
"600","0","0","0","0",-0.560474216938019,3107.43798828125,"map_5143_1_3",5,70,300,20,5,3.82345337333253,0.1,10.100440984033,0.24403704774974,2.70838272519138,161,0.2,0.5,234.781928648584,21.720061732025,0.00238733705235242,0.000694039761841227,0.411548393146297,200,5143,1,"3","diploid","female"
"601","0","0","0","0",-0.672857284545898,3198.90673828125,"map_5144_1_1",5,70,300,20,5,4.56744181830256,0.1,13.3300037888631,0.212667690745468,1.87156693159717,109,0.2,0.5,239.286911897881,21.7172610640922,0.00521686588139061,0.0189918794867105,0.219485694372478,201,5144,1,"1","diploid","female"
"602","0","0","0","0",-0.672857284545898,3198.90673828125,"map_5144_1_2",5,70,300,20,5,6.60003788870754,0.1,6.56405852068778,0.187534649519591,2.16743633637302,95,0.2,0.5,239.286911897881,21.7172610640922,0.000970417816690592,0.00144419871224358,0.530690263781768,201,5144,1,"2","diploid","female"
"603","0","0","0","0",-0.672857284545898,3198.90673828125,"map_5144_1_3",5,70,300,20,5,2.91880589309422,0.1,7.58166810136647,0.131507788799327,1.49280478922592,95,0.2,0.5,239.286911897881,21.7172610640922,0.000718490109043681,0.000164057098564588,0.743789946364857,201,5144,1,"3","diploid","female"
"604","0","0","0","0",0.217398256063461,3021.82885742188,"map_5154_1_1",5,70,300,20,5,7.73871422649076,0.1,9.06110303337806,0.225009804042935,4.51894465143855,5,0.2,0.5,121.789010310886,21.1253383135875,0.00210383656238538,0.00291619091669662,0.319461618652743,202,5154,1,"1","diploid","female"
"605","0","0","0","0",0.217398256063461,3021.82885742188,"map_5154_1_2",5,70,300,20,5,6.97456475553621,0.1,15.6814122889296,0.508458361754358,0.963296155427099,7,0.2,0.5,121.789010310886,21.1253383135875,0.0131679729149624,0.0394460992955027,0.16500587278394,202,5154,1,"2","diploid","female"
"606","0","0","0","0",0.217398256063461,3021.82885742188,"map_5154_1_3",5,70,300,20,5,6.77106464197236,0.1,8.8963472560708,0.153500243954492,3.42956983345756,4,0.2,0.5,121.789010310886,21.1253383135875,0.00131370470147149,0.00140498881048699,0.331914570864694,202,5154,1,"3","diploid","female"
"607","0","0","0","0",0.577024102210999,2934.13671875,"map_5157_1_1",5,70,300,20,5,6.97682994781532,0.1,7.61234135614551,0.130276949159053,3.27741661234001,31,0.2,0.5,39.9512543448578,21.9858423171777,0.000775944002462292,0.000765076603442063,0.370020504912507,203,5157,1,"1","diploid","female"
"608","0","0","0","0",0.577024102210999,2934.13671875,"map_5157_1_2",5,70,300,20,5,6.72972384970394,0.1,7.6673446410675,0.138706916729766,3.0611305009485,22,0.2,0.5,39.9512543448578,21.9858423171777,0.000807528756839233,0.00067168663843984,0.519326478601949,203,5157,1,"2","diploid","female"
"609","0","0","0","0",0.577024102210999,2934.13671875,"map_5157_1_3",5,70,300,20,5,6.20060561013599,0.1,8.31543198849325,0.112062576129756,2.58084069884676,126,0.2,0.5,39.9512543448578,21.9858423171777,0.000804976252627702,0.000693429064862804,0.40865126320632,203,5157,1,"3","diploid","female"
"610","0","0","0","0",-0.228993922472,3244.01782226562,"map_5182_1_1",5,70,300,20,5,6.46408713644894,0.1,14.2811451669259,0.321938135031871,2.03779153279927,33,0.2,0.5,117.327812955229,20.806719320557,0.00707240582935196,0.020308773588092,0.162146571253259,204,5182,1,"1","diploid","female"
"611","0","0","0","0",-0.228993922472,3244.01782226562,"map_5182_1_2",5,70,300,20,5,5.99666307322183,0.1,10.1671083925207,0.226416344567283,2.39650614457209,30,0.2,0.5,117.327812955229,20.806719320557,0.00217314068697747,0.0014950450912665,0.437081226934237,204,5182,1,"2","diploid","female"
"612","0","0","0","0",-0.228993922472,3244.01782226562,"map_5182_1_3",5,70,300,20,5,4.33922399267604,0.1,8.38939281702641,0.183441798380198,2.07183888608456,111,0.2,0.5,117.327812955229,20.806719320557,0.0011999385742277,0.000295036255312917,0.334897937837039,204,5182,1,"3","diploid","female"
"613","0","0","0","0",-0.451143354177475,3175.51904296875,"map_5183_1_1",5,70,300,20,5,2.56066150544451,0.1,12.7166722936206,0.275225341891888,2.3944290390037,7,0.2,0.5,113.562876400361,21.5362299351993,0.00511022877612327,0.01518897177577,0.220325516977418,205,5183,1,"1","diploid","female"
"614","0","0","0","0",-0.451143354177475,3175.51904296875,"map_5183_1_2",5,70,300,20,5,5.792575324521,0.1,10.9593454924894,0.52309145666499,0.61969208624822,6,0.2,0.5,113.562876400361,21.5362299351993,0.005631354774927,0.00522981863612754,0.244439669069412,205,5183,1,"2","diploid","female"
"615","0","0","0","0",-0.451143354177475,3175.51904296875,"map_5183_1_3",5,70,300,20,5,2.37031037896356,0.1,7.42739477108302,0.233757043553516,2.25472601461794,3,0.2,0.5,113.562876400361,21.5362299351993,0.00127893327481582,0.000437636487452956,0.417406009812176,205,5183,1,"3","diploid","female"
"616","0","0","0","0",-0.840107023715973,3211.080078125,"map_5185_1_1",5,70,300,20,5,3.77694144297639,0.1,11.8787744396929,0.337197376080384,1.62012875262765,8,0.2,0.5,111.672238758632,21.5097204928646,0.00613316324874932,0.0207391344815715,0.166623501186282,206,5185,1,"1","diploid","female"
"617","0","0","0","0",-0.840107023715973,3211.080078125,"map_5185_1_2",5,70,300,20,5,4.26329152439518,0.1,8.06576815387454,0.372151731303359,2.02535026783949,4,0.2,0.5,111.672238758632,21.5097204928646,0.00284470120376118,0.00670989509708941,0.400508075094086,206,5185,1,"2","diploid","female"
"618","0","0","0","0",-0.840107023715973,3211.080078125,"map_5185_1_3",5,70,300,20,5,3.46499554716556,0.1,6.22613058417627,0.290603528003798,1.59056916340876,3,0.2,0.5,111.672238758632,21.5097204928646,0.00101652352153345,6.99912762160186e-05,0.415721025925706,206,5185,1,"3","diploid","female"
"619","0","0","0","0",-0.876870512962341,3217.41796875,"map_5186_1_1",5,70,300,20,5,4.41173005537749,0.1,13.8387795763036,0.364165303523091,1.13339364997477,52,0.2,0.5,128.754700847638,21.4987614674954,0.00823491956377833,0.0306918626506084,0.266066203447967,207,5186,1,"1","diploid","female"
"620","0","0","0","0",-0.876870512962341,3217.41796875,"map_5186_1_2",5,70,300,20,5,7.7406185723216,0.1,8.19674837333761,0.825957288291858,0.409981802041674,29,0.2,0.5,128.754700847638,21.4987614674954,0.00558112828034123,0.00646882924999301,0.612776140171995,207,5186,1,"2","diploid","female"
"621","0","0","0","0",-0.876870512962341,3217.41796875,"map_5186_1_3",5,70,300,20,5,2.93484501655022,0.1,7.20128085711587,0.187962964261934,1.54823776394742,89,0.2,0.5,128.754700847638,21.4987614674954,0.000878650226239717,6.7492127727646e-05,0.729605807317984,207,5186,1,"3","diploid","female"
"622","0","0","0","0",-0.812707602977753,3233.08422851562,"map_5187_1_1",5,70,300,20,5,4.03763963373009,0.1,15.0996531529011,0.281439366847754,1.60014269995456,64,0.2,0.5,130.366759024585,21.5265964833341,0.00782490310203712,0.0366620808602783,0.152777605837918,208,5187,1,"1","diploid","female"
"623","0","0","0","0",-0.812707602977753,3233.08422851562,"map_5187_1_2",5,70,300,20,5,4.66520291462324,0.1,9.72960977864554,0.177670685397046,2.45926131750992,41,0.2,0.5,130.366759024585,21.5265964833341,0.00191472000202901,0.00551081652232565,0.477691542527569,208,5187,1,"2","diploid","female"
"624","0","0","0","0",-0.812707602977753,3233.08422851562,"map_5187_1_3",5,70,300,20,5,3.2409416284807,0.1,7.24325595476727,0.188850690812275,1.4425538256309,83,0.2,0.5,130.366759024585,21.5265964833341,0.000882627220000496,0.000171901275522373,0.478602430332124,208,5187,1,"3","diploid","female"
"625","0","0","0","0",-0.88099879026413,3277.49926757812,"map_5188_1_1",5,70,300,20,5,0,0.1,18.695915639007,0.375977894966641,0.999318926586867,107,0.2,0.5,131.032844758905,21.4739386515232,0.0142856632482585,0.0610574985180171,0.088032431300888,209,5188,1,"1","diploid","female"
"626","0","0","0","0",-0.88099879026413,3277.49926757812,"map_5188_1_2",5,70,300,20,5,0,0.1,12.146953819017,0.189084948269697,2.04245004975542,23,0.2,0.5,131.032844758905,21.4739386515232,0.00282324193676381,0.00413951160975787,0.457042627417416,209,5188,1,"2","diploid","female"
"627","0","0","0","0",-0.88099879026413,3277.49926757812,"map_5188_1_3",5,70,300,20,5,2.18068695486565,0.1,8.30186612119171,0.203825385999209,1.1112655219288,29,0.2,0.5,131.032844758905,21.4739386515232,0.00124080056240812,0.000101721236925651,0.332110861461954,209,5188,1,"3","diploid","female"
"628","0","0","0","0",-0.507381677627563,2992.4033203125,"map_5231_1_1",5,70,300,20,5,6.23793962365137,0.1,11.4593331760793,0.132042261051442,2.42499424506662,31,0.2,0.5,117.789551136106,21.1770471781987,0.00185671760070337,0.00337626000941743,0.325049913365494,210,5231,1,"1","diploid","female"
"629","0","0","0","0",-0.507381677627563,2992.4033203125,"map_5231_1_2",5,70,300,20,5,8.23154924782692,0.1,14.5201865747064,0.234838163007719,2.13717210113834,90,0.2,0.5,117.789551136106,21.1770471781987,0.00577005915202533,0.0180886560333765,0.29269686410251,210,5231,1,"2","diploid","female"
"630","0","0","0","0",-0.507381677627563,2992.4033203125,"map_5231_1_3",5,70,300,20,5,5.7537014495916,0.1,9.89621451114856,0.0439621633134947,1.43790082579226,30,0.2,0.5,117.789551136106,21.1770471781987,0.000419514959687986,0.000344391453868269,0.456865429552106,210,5231,1,"3","diploid","female"
"631","0","0","0","0",-0.592670440673828,2944.7802734375,"map_5245_1_1",5,70,300,20,5,3.52084755769212,0.1,11.1724795036384,0.192669970722288,1.43270457820521,104,0.2,0.5,102.285766668098,21.7496564301146,0.00297102236064075,0.0078659070263543,0.267746986897201,211,5245,1,"1","diploid","female"
"632","0","0","0","0",-0.592670440673828,2944.7802734375,"map_5245_1_2",5,70,300,20,5,3.5701243630152,0.1,20.5156978711811,0.272591207402699,1.95005848274135,130,0.2,0.5,102.285766668098,21.7496564301146,0.0136967052739516,0.08279568614905,0.179167841743722,211,5245,1,"2","diploid","female"
"633","0","0","0","0",-0.592670440673828,2944.7802734375,"map_5245_1_3",5,70,300,20,5,3.86603874809762,0.1,7.23852208147177,0.124611130738897,1.26313426336695,99,0.2,0.5,102.285766668098,21.7496564301146,0.000554653061177964,5.7861378575416e-05,0.61944765742767,211,5245,1,"3","diploid","female"
"634","0","0","0","0",-0.594928801059723,2992.01611328125,"map_5246_1_1",5,70,300,20,5,4.4338909588023,0.1,16.6058714766966,0.189585107359197,1.69867246120751,4,0.2,0.5,242.975708388015,21.7032123346001,0.00638653430849752,0.0288192522849039,0.182177437906522,212,5246,1,"1","diploid","female"
"635","0","0","0","0",-0.594928801059723,2992.01611328125,"map_5246_1_2",5,70,300,20,5,5.31422302351532,0.1,22.8103772425224,0.699975521064473,0.419504401720272,10,0.2,0.5,242.975708388015,21.7032123346001,0.0414404401829797,0.20098675419229,0.0693564795142971,212,5246,1,"2","diploid","female"
"636","0","0","0","0",-0.594928801059723,2992.01611328125,"map_5246_1_3",5,70,300,20,5,0,0.1,10.1730226932502,0.0365658481652161,0.361252456666612,2,0.2,0.5,242.975708388015,21.7032123346001,0.000405740205017356,0.000814562280545561,0.297036604685085,212,5246,1,"3","diploid","female"
"637","0","0","0","0",-0.533792078495026,3049.91015625,"map_5247_1_1",5,70,300,20,5,4.82832809779658,0.1,14.9932420955812,0.284726317116026,1.91658693157027,96,0.2,0.5,242.610260313928,21.7154958287743,0.00693884690367012,0.0223684134613132,0.256220805580096,213,5247,1,"1","diploid","female"
"638","0","0","0","0",-0.533792078495026,3049.91015625,"map_5247_1_2",5,70,300,20,5,6.1428142140769,0.1,16.7617064643971,0.682267008131447,0.343417479678476,127,0.2,0.5,242.610260313928,21.7154958287743,0.0184634059878752,0.0547983566856236,0.0658338386406558,213,5247,1,"2","diploid","female"
"639","0","0","0","0",-0.533792078495026,3049.91015625,"map_5247_1_3",5,70,300,20,5,3.97718169189458,0.1,11.2009125767694,0.184910847349192,2.44613687296469,92,0.2,0.5,242.610260313928,21.7154958287743,0.00224863918080096,0.00314926466199448,0.37533664271693,213,5247,1,"3","diploid","female"
"640","0","0","0","0",-0.640262365341187,3120.35522460938,"map_5248_1_1",5,70,300,20,5,4.63287814451225,0.1,14.5693296781068,0.294708040584426,1.45048818597673,64,0.2,0.5,225.134632693573,21.7508214526002,0.00736937113897868,0.0250227979423445,0.210536533617258,214,5248,1,"1","diploid","female"
"641","0","0","0","0",-0.640262365341187,3120.35522460938,"map_5248_1_2",5,70,300,20,5,6.3150666612392,0.1,17.6621880215918,0.524081957219001,0.514136859689212,78,0.2,0.5,225.134632693573,21.7508214526002,0.0177027412986774,0.0535940959898653,0.165692541428957,214,5248,1,"2","diploid","female"
"642","0","0","0","0",-0.640262365341187,3120.35522460938,"map_5248_1_3",5,70,300,20,5,3.63275335106864,0.1,8.98770213607976,0.147964632477127,1.68424702238188,53,0.2,0.5,225.134632693573,21.7508214526002,0.00115138311240084,0.00118178599575535,0.570441041843372,214,5248,1,"3","diploid","female"
"643","0","0","0","0",0.358740299940109,3039.40698242188,"map_5258_1_1",5,70,300,20,5,8.63226287892696,0.1,8.40717540482163,0.212500462853025,4.70485823156903,18,0.2,0.5,121.766898196401,21.1146871370334,0.00197463951335913,0.0056811427993414,0.283063401176788,215,5258,1,"1","diploid","female"
"644","0","0","0","0",0.358740299940109,3039.40698242188,"map_5258_1_2",5,70,300,20,5,7.87678509134492,0.1,10.7234100239799,0.322456020865484,4.00884700764503,17,0.2,0.5,121.766898196401,21.1146871370334,0.00611596625767465,0.0286734356497912,0.295378798481964,215,5258,1,"2","diploid","female"
"645","0","0","0","0",0.358740299940109,3039.40698242188,"map_5258_1_3",5,70,300,20,5,7.27404149743208,0.1,8.43859631684097,0.192599291151765,3.73515035798158,9,0.2,0.5,121.766898196401,21.1146871370334,0.00186097924604992,0.00600550199109922,0.370675779706377,215,5258,1,"3","diploid","female"
"646","0","0","0","0",0.261160433292389,2995.96752929688,"map_5259_1_1",5,70,300,20,5,6.59374482807091,0.1,13.220018211959,0.265379542475407,2.41414112211597,6,0.2,0.5,120.27667436568,21.9839253473123,0.00492167186742758,0.0119107238707659,0.213145531222862,216,5259,1,"1","diploid","female"
"647","0","0","0","0",0.261160433292389,2995.96752929688,"map_5259_1_2",5,70,300,20,5,7.42005591748712,0.1,14.8822357764145,0.597728530094011,0.640829485670952,7,0.2,0.5,120.27667436568,21.9839253473123,0.0144861116438058,0.0495614162258879,0.181893004155199,216,5259,1,"2","diploid","female"
"648","0","0","0","0",0.261160433292389,2995.96752929688,"map_5259_1_3",5,70,300,20,5,5.67352000377428,0.1,11.0602923964584,0.217827809687397,2.9773880012883,4,0.2,0.5,120.27667436568,21.9839253473123,0.00281652978055657,0.00447390247982883,0.258540606956954,216,5259,1,"3","diploid","female"
"649","0","0","0","0",-0.788539409637451,3032.92553710938,"map_5277_1_1",5,70,300,20,5,3.16890185813527,0.1,7.52499166713283,0.207445788404921,1.46889195003871,6,0.2,0.5,54.9373675691725,21.8755431613521,0.00121386289106121,0.00101530082444771,0.408721727361795,217,5277,1,"1","diploid","female"
"650","0","0","0","0",-0.788539409637451,3032.92553710938,"map_5277_1_2",5,70,300,20,5,3.33093499562537,0.1,12.3176181177978,0.439628697752668,0.469155729746578,7,0.2,0.5,54.9373675691725,21.8755431613521,0.00656441864901941,0.00426844400822284,0.253111904528078,217,5277,1,"2","diploid","female"
"651","0","0","0","0",-0.788539409637451,3032.92553710938,"map_5277_1_3",5,70,300,20,5,4.62834586424554,0.1,5.6191543322387,0.167926083832106,1.30313538574156,2,0.2,0.5,54.9373675691725,21.8755431613521,0.0004513059089593,6.10064650543845e-06,0.631358782200658,217,5277,1,"3","diploid","female"
"652","0","0","0","0",-0.497709333896637,3206.37475585938,"map_5286_1_1",5,70,300,20,5,5.41728762362464,0.1,10.760022682941,0.281581431323683,2.30632043032349,46,0.2,0.5,112.063611775142,20.8439840008386,0.0040284712430468,0.0122604029703906,0.265699993155928,218,5286,1,"1","diploid","female"
"653","0","0","0","0",-0.497709333896637,3206.37475585938,"map_5286_1_2",5,70,300,20,5,4.97844934839864,0.1,8.24329150109438,0.409824397904867,2.01215245779006,57,0.2,0.5,112.063611775142,20.8439840008386,0.00322339832782179,0.00723241092198849,0.548640392304385,218,5286,1,"2","diploid","female"
"654","0","0","0","0",-0.497709333896637,3206.37475585938,"map_5286_1_3",5,70,300,20,5,4.57265841566366,0.1,7.41775866849037,0.123632889886986,1.85445540898251,103,0.2,0.5,112.063611775142,20.8439840008386,0.000608876243182645,0.000125665469959079,0.551978735578822,218,5286,1,"3","diploid","female"
"655","0","0","0","0",-0.561676561832428,3138.15869140625,"map_5287_1_1",5,70,300,20,5,4.56017262800522,0.1,12.4804215399119,0.15319550914842,2.32479063423187,25,0.2,0.5,115.600837346327,21.479878863887,0.00292948246145089,0.0101592831841382,0.19531686874107,219,5287,1,"1","diploid","female"
"656","0","0","0","0",-0.561676561832428,3138.15869140625,"map_5287_1_2",5,70,300,20,5,4.83724688015654,0.1,13.2137902514707,0.160419067933089,2.69590787894032,25,0.2,0.5,115.600837346327,21.479878863887,0.00374961916325105,0.0163428063438902,0.307326556150514,219,5287,1,"2","diploid","female"
"657","0","0","0","0",-0.561676561832428,3138.15869140625,"map_5287_1_3",5,70,300,20,5,4.83889645542881,0.1,8.79719770073882,0.0693128928251593,2.04381076209591,30,0.2,0.5,115.600837346327,21.479878863887,0.000516273594527295,0.00024560649073748,0.446364434455015,219,5287,1,"3","diploid","female"
"658","0","0","0","0",-0.816978991031647,3133.22802734375,"map_5289_1_1",5,70,300,20,5,2.38177358338899,0.1,10.9351097535639,0.244469408404186,1.53481656866402,99,0.2,0.5,113.300091176334,21.5223749821896,0.00321068502630295,0.00856712087969441,0.521284808636894,220,5289,1,"1","diploid","female"
"659","0","0","0","0",-0.816978991031647,3133.22802734375,"map_5289_1_2",5,70,300,20,5,6.97899304938546,0.1,8.15287368428509,1.00763981598009,0.714649746992182,286,0.2,0.5,113.300091176334,21.5223749821896,0.00828254227951039,0.0260811424174358,0.766044644446602,220,5289,1,"2","diploid","female"
"660","0","0","0","0",-0.816978991031647,3133.22802734375,"map_5289_1_3",5,70,300,20,5,2.24033312358165,0.1,7.86609546483344,0.0660235969893786,1.63141571588449,82,0.2,0.5,113.300091176334,21.5223749821896,0.000366889835377446,4.90701794667087e-05,0.856887659808362,220,5289,1,"3","diploid","female"
"661","0","0","0","0",-0.905277907848358,3130.048828125,"map_5290_1_1",5,70,300,20,5,3.78876040750952,0.1,9.93568741105093,0.291039231257038,1.71726370204497,16,0.2,0.5,123.007954809753,21.5203439558331,0.00353241165612147,0.00958166836260168,0.357738165274832,221,5290,1,"1","diploid","female"
"662","0","0","0","0",-0.905277907848358,3130.048828125,"map_5290_1_2",5,70,300,20,5,4.1022510237899,0.1,8.4407839919354,0.862158656470962,0.679722491291885,49,0.2,0.5,123.007954809753,21.5203439558331,0.00762497765897988,0.0205691539969079,0.618865369289949,221,5290,1,"2","diploid","female"
"663","0","0","0","0",-0.905277907848358,3130.048828125,"map_5290_1_3",5,70,300,20,5,4.33338287933815,0.1,6.06692498123378,0.222938225146967,1.76486335409886,3,0.2,0.5,123.007954809753,21.5203439558331,0.000721454805355482,6.520255210251e-05,0.712225689939843,221,5290,1,"3","diploid","female"
"664","0","0","0","0",-0.687353074550629,3159.92553710938,"map_5291_1_1",5,70,300,20,5,4.42196201835093,0.1,15.2525168562415,0.202785729115989,1.97044026596756,100,0.2,0.5,130.887101043498,21.4948101973085,0.00527221600401908,0.0179991425906624,0.153957017906309,222,5291,1,"1","diploid","female"
"665","0","0","0","0",-0.687353074550629,3159.92553710938,"map_5291_1_2",5,70,300,20,5,4.85217258385905,0.1,15.0756540120723,0.487760903464683,0.462045411660125,129,0.2,0.5,130.887101043498,21.4948101973085,0.0108891521038254,0.0343270336841703,0.168614677480813,222,5291,1,"2","diploid","female"
"666","0","0","0","0",-0.687353074550629,3159.92553710938,"map_5291_1_3",5,70,300,20,5,4.43463234064364,0.1,8.96287231275364,0.0981853863648302,1.95474761016792,89,0.2,0.5,130.887101043498,21.4948101973085,0.000739086603898763,0.000240969816748778,0.440650592959834,222,5291,1,"3","diploid","female"
"667","0","0","0","0",-0.765075981616974,3204.55224609375,"map_5292_1_1",5,70,300,20,5,4.77149604767935,0.1,15.2049796447469,0.282040679511511,1.22417173718271,12,0.2,0.5,126.231635540427,21.5058467332707,0.00732181036323758,0.0253887421807102,0.135364844529888,223,5292,1,"1","diploid","female"
"668","0","0","0","0",-0.765075981616974,3204.55224609375,"map_5292_1_2",5,70,300,20,5,8.26794596800655,0.1,12.8622312744685,0.269826506524798,0.830438288078455,7,0.2,0.5,126.231635540427,21.5058467332707,0.00453162812589424,0.0121907961705543,0.27681253556809,223,5292,1,"2","diploid","female"
"669","0","0","0","0",-0.765075981616974,3204.55224609375,"map_5292_1_3",5,70,300,20,5,3.23376093388195,0.1,7.79377276003449,0.116623181106576,1.5281563575105,5,0.2,0.5,126.231635540427,21.5058467332707,0.000639839432500298,0.000106384990889352,0.436208131011488,223,5292,1,"3","diploid","female"
"670","0","0","0","0",-0.491004467010498,2835.20678710938,"map_5334_1_1",5,70,300,20,5,2.48232696765372,0.1,13.6526511397979,0.248183078820667,1.05300293354612,44,0.2,0.5,42.7916778854754,22.8952542449681,0.00534865012696364,0.0173216008071902,0.164830072162087,224,5334,1,"1","diploid","female"
"671","0","0","0","0",-0.491004467010498,2835.20678710938,"map_5334_1_2",5,70,300,20,5,2.72217395763633,0.1,11.2240393013401,0.273384300770508,1.02835756499698,48,0.2,0.5,42.7916778854754,22.8952542449681,0.00368158789886277,0.00782393390924273,0.314527025712572,224,5334,1,"2","diploid","female"
"672","0","0","0","0",-0.491004467010498,2835.20678710938,"map_5334_1_3",5,70,300,20,5,2.25111777644352,0.1,9.10150167947756,0.0765330449419637,0.577627589657969,22,0.2,0.5,42.7916778854754,22.8952542449681,0.000547390628616589,2.91664689553254e-05,0.624867832736594,224,5334,1,"3","diploid","female"
"673","0","0","0","0",-0.484031081199646,2943.03393554688,"map_5335_1_1",5,70,300,20,5,2.20510843717537,0.1,8.63737495866664,0.0741297777324285,1.74475717829314,14,0.2,0.5,43.7061705690286,21.1874048818121,0.000531636723151227,0.000251999500014427,0.469700564445768,225,5335,1,"1","diploid","female"
"674","0","0","0","0",-0.484031081199646,2943.03393554688,"map_5335_1_2",5,70,300,20,5,4.83576404037668,0.1,12.6646374124149,0.126616356225009,1.57549472596494,28,0.2,0.5,43.7061705690286,21.1874048818121,0.00242360130737914,0.00627328688806783,0.366185823152181,225,5335,1,"2","diploid","female"
"675","0","0","0","0",-0.484031081199646,2943.03393554688,"map_5335_1_3",5,70,300,20,5,2.07717278816687,0.1,7.08179073052993,0.0262052259577431,1.02512780720575,16,0.2,0.5,43.7061705690286,21.1874048818121,0.000115940068398551,2.10494555080485e-06,0.769238424928603,225,5335,1,"3","diploid","female"
"676","0","0","0","0",-0.567287981510162,3011.931640625,"map_5351_1_1",5,70,300,20,5,3.75133595920243,0.1,11.765812114866,0.323978536987332,1.5687582822279,139,0.2,0.5,125.464733839827,21.7554083747061,0.0051167820388514,0.0129227434028254,0.40333265706092,226,5351,1,"1","diploid","female"
"677","0","0","0","0",-0.567287981510162,3011.931640625,"map_5351_1_2",5,70,300,20,5,4.09585742372071,0.1,11.6340979998783,0.959178911592096,1.05430244965932,361,0.2,0.5,125.464733839827,21.7554083747061,0.0186447185911684,0.103020369000114,0.689558993333675,226,5351,1,"2","diploid","female"
"678","0","0","0","0",-0.567287981510162,3011.931640625,"map_5351_1_3",5,70,300,20,5,4.4912734471338,0.1,10.0494641552723,0.150773076160799,2.23861590924895,118,0.2,0.5,125.464733839827,21.7554083747061,0.001359114575849,0.000536032957426614,0.319266635360452,226,5351,1,"3","diploid","female"
"679","0","0","0","0",-0.692135155200958,3064.44750976562,"map_5352_1_1",5,70,300,20,5,3.566505232783,0.1,14.1611669259236,0.149739792327643,1.57395458373443,26,0.2,0.5,129.66352477343,21.6954803424552,0.00340070150574044,0.0133255695666819,0.294507541626259,227,5352,1,"1","diploid","female"
"680","0","0","0","0",-0.692135155200958,3064.44750976562,"map_5352_1_2",5,70,300,20,5,4.13333721278145,0.1,25.1547500910581,0.243223414325787,2.36387739920457,56,0.2,0.5,129.66352477343,21.6954803424552,0.0147201881753377,0.064843452619609,0.258195865845941,227,5352,1,"2","diploid","female"
"681","0","0","0","0",-0.692135155200958,3064.44750976562,"map_5352_1_3",5,70,300,20,5,4.39493250917662,0.1,8.19353506510117,0.109748788277136,1.9828098780284,10,0.2,0.5,129.66352477343,21.6954803424552,0.00071344320709105,0.000420131351776365,0.528108739004406,227,5352,1,"3","diploid","female"
"682","0","0","0","0",-0.669309675693512,3128.16235351562,"map_5353_1_1",5,70,300,20,5,4.88317930463044,0.1,8.79710574069891,0.36315438789579,2.35077433770685,4,0.2,0.5,129.426500668953,20.3536528041328,0.00276723196476326,0.00179339605686977,0.438800248171253,228,5353,1,"1","diploid","female"
"683","0","0","0","0",-0.669309675693512,3128.16235351562,"map_5353_1_2",5,70,300,20,5,3.9789519259296,0.1,14.444759303344,0.61250098700955,0.484429343766868,6,0.2,0.5,129.426500668953,20.3536528041328,0.0133075111252284,0.0422131672963493,0.0570756355031949,228,5353,1,"2","diploid","female"
"684","0","0","0","0",-0.669309675693512,3128.16235351562,"map_5353_1_3",5,70,300,20,5,5.40647022827363,0.1,8.41186341443489,0.135463077035468,1.79777005396519,2,0.2,0.5,129.426500668953,20.3536528041328,0.000836368159611406,2.32908172791865e-05,0.420293136498144,228,5353,1,"3","diploid","female"
"685","0","0","0","0",-0.662699997425079,3211.009765625,"map_5354_1_1",5,70,300,20,5,5.70024317434842,0.1,13.1933099123781,0.314251581740819,1.84787876670209,108,0.2,0.5,196.76618554505,20.360164426886,0.0056876516336325,0.0114859264164885,0.164886914021295,229,5354,1,"1","diploid","female"
"686","0","0","0","0",-0.662699997425079,3211.009765625,"map_5354_1_2",5,70,300,20,5,5.34110457940458,0.1,10.4908885690464,0.646491313091728,0.387891285487042,187,0.2,0.5,196.76618554505,20.360164426886,0.00674679434190558,0.00548827742842661,0.152860869231094,229,5354,1,"2","diploid","female"
"687","0","0","0","0",-0.662699997425079,3211.009765625,"map_5354_1_3",5,70,300,20,5,3.79868371458678,0.1,8.20207624764615,0.171702400571666,1.48985305475948,83,0.2,0.5,196.76618554505,20.360164426886,0.000965428700990426,5.00907201829602e-05,0.890152720752194,229,5354,1,"3","diploid","female"
"688","0","0","0","0",0.226648986339569,3061.06005859375,"map_5362_1_1",5,70,300,20,5,8.15900764664962,0.1,8.01943004670941,0.0767653822358947,3.31670911350532,17,0.2,0.5,81.7780615023996,21.097744731544,0.000476463400400474,0.000247464396279833,0.417672955765047,230,5362,1,"1","diploid","female"
"689","0","0","0","0",0.226648986339569,3061.06005859375,"map_5362_1_2",5,70,300,20,5,11.1638607118805,0.1,8.49606519744895,0.0847731729913594,3.24018516542134,22,0.2,0.5,81.7780615023996,21.097744731544,0.000647983550958025,0.000879651912938131,0.527789119491939,230,5362,1,"2","diploid","female"
"690","0","0","0","0",0.226648986339569,3061.06005859375,"map_5362_1_3",5,70,300,20,5,6.2568227945753,0.1,8.32868707424788,0.0446562174069692,2.55390220041654,54,0.2,0.5,81.7780615023996,21.097744731544,0.0003007171141858,0.000180592504945871,0.527336048655865,230,5362,1,"3","diploid","female"
"691","0","0","0","0",0.321259260177612,3017.83935546875,"map_5363_1_1",5,70,300,20,5,6.61645096512284,0.1,9.87460809639157,0.102517411815583,3.11813640511743,27,0.2,0.5,84.576275112621,21.9783904877216,0.000979841039689397,0.00114832595667514,0.341736712527482,231,5363,1,"1","diploid","female"
"692","0","0","0","0",0.321259260177612,3017.83935546875,"map_5363_1_2",5,70,300,20,5,7.29874791860943,0.1,8.96213427155914,0.136627780233055,3.58393561544638,39,0.2,0.5,84.576275112621,21.9783904877216,0.00101858495061982,0.000848809137794523,0.529142755882415,231,5363,1,"2","diploid","female"
"693","0","0","0","0",0.321259260177612,3017.83935546875,"map_5363_1_3",5,70,300,20,5,6.48817653189392,0.1,10.0758063632731,0.0957777309283228,2.73133165671398,70,0.2,0.5,84.576275112621,21.9783904877216,0.0009422518946242,0.00085968299201269,0.403654113947857,231,5363,1,"3","diploid","female"
"694","0","0","0","0",-0.442198544740677,3168.13354492188,"map_5390_1_1",5,70,300,20,5,3.49809895551326,0.1,10.410166998511,0.188727066863606,2.56756708007186,21,0.2,0.5,114.077935652875,20.8128843275812,0.00241182952547024,0.00702637516259658,0.305156031769849,232,5390,1,"1","diploid","female"
"695","0","0","0","0",-0.442198544740677,3168.13354492188,"map_5390_1_2",5,70,300,20,5,8.61342566713008,0.1,9.44785510710189,0.245989939464733,2.16089141096182,21,0.2,0.5,114.077935652875,20.8128843275812,0.00271129622286064,0.00855968041409244,0.637262036851216,232,5390,1,"2","diploid","female"
"696","0","0","0","0",-0.442198544740677,3168.13354492188,"map_5390_1_3",5,70,300,20,5,2.69893063094394,0.1,8.09132791370054,0.083852431643272,2.17604248609451,14,0.2,0.5,114.077935652875,20.8128843275812,0.00053208032297565,0.00020135118540309,0.418017369282208,232,5390,1,"3","diploid","female"
"697","0","0","0","0",-0.834142029285431,3065.69067382812,"map_5394_1_1",5,70,300,20,5,2.50944111838912,0.1,9.14876434039157,0.323396163564441,1.7467560161878,18,0.2,0.5,129.363600201781,21.4887027824968,0.003498985833634,0.0105587801199218,0.446978193397623,233,5394,1,"1","diploid","female"
"698","0","0","0","0",-0.834142029285431,3065.69067382812,"map_5394_1_2",5,70,300,20,5,7.04054910692692,0.1,10.7507499192699,0.772764942374384,0.704669040122875,48,0.2,0.5,129.363600201781,21.4887027824968,0.0128116367432361,0.0670833762331086,0.598484832094127,233,5394,1,"2","diploid","female"
"699","0","0","0","0",-0.834142029285431,3065.69067382812,"map_5394_1_3",5,70,300,20,5,2.49740989606527,0.1,5.70892467442536,0.257335090035534,1.79018233550322,4,0.2,0.5,129.363600201781,21.4887027824968,0.000740236421233075,0.000125026803271027,0.744936736822205,233,5394,1,"3","diploid","female"
"700","0","0","0","0",0.296198606491089,3006.4482421875,"map_5401_1_1",5,70,300,20,5,7.80569587922457,0.1,8.32371337698294,0.257575394027757,3.11947959252976,8,0.2,0.5,90.4733400439899,21.4672077385954,0.00171655510096743,0.00158195539637438,0.452522291298996,234,5401,1,"1","diploid","female"
"701","0","0","0","0",0.296198606491089,3006.4482421875,"map_5401_1_2",5,70,300,20,5,7.08727748357556,0.1,8.5353026275204,0.701760888590678,0.698881551827157,21,0.2,0.5,90.4733400439899,21.4672077385954,0.00471321243237811,0.00325067014160721,0.402753485330498,234,5401,1,"2","diploid","female"
"702","0","0","0","0",0.296198606491089,3006.4482421875,"map_5401_1_3",5,70,300,20,5,6.89662276776249,0.1,8.83204792712379,0.129479065285533,2.88035473189977,8,0.2,0.5,90.4733400439899,21.4672077385954,0.00105374743940301,0.00159309859240456,0.482833674460709,234,5401,1,"3","diploid","female"
"703","0","0","0","0",-0.579273283481598,3071.58935546875,"map_5441_1_1",5,70,300,20,5,3.33421328088399,0.1,11.4231436189946,0.315547333685017,1.52072806441223,9,0.2,0.5,107.33407674517,22.706754834417,0.00474312150100319,0.00970367254884816,0.313395842243766,235,5441,1,"1","diploid","female"
"704","0","0","0","0",-0.579273283481598,3071.58935546875,"map_5441_1_2",5,70,300,20,5,4.73589266180407,0.1,13.7472103959688,0.515675395233805,1.00712045794952,9,0.2,0.5,107.33407674517,22.706754834417,0.0100771943867774,0.0120448618940762,0.210578415315052,235,5441,1,"2","diploid","female"
"705","0","0","0","0",-0.579273283481598,3071.58935546875,"map_5441_1_3",5,70,300,20,5,4.16342181374341,0.1,8.61918347887853,0.214062504126,1.77625062070203,5,0.2,0.5,107.33407674517,22.706754834417,0.00150753336030084,0.000975483045525271,0.404218570405104,235,5441,1,"3","diploid","female"
"706","0","0","0","0",-0.513742566108704,2973.08056640625,"map_5455_1_1",5,70,300,20,5,3.48738024307851,0.1,11.4114984660458,0.106688976081924,1.73417896707975,50,0.2,0.5,126.180217654206,22.2548930864133,0.00171846954145293,0.00554406686414563,0.221504901731405,236,5455,1,"1","diploid","female"
"707","0","0","0","0",-0.513742566108704,2973.08056640625,"map_5455_1_2",5,70,300,20,5,4.06279626024587,0.1,15.7917494369269,0.107142255827286,2.5137484719878,60,0.2,0.5,126.180217654206,22.2548930864133,0.00382903216751002,0.0158415111459069,0.244151685656246,236,5455,1,"2","diploid","female"
"708","0","0","0","0",-0.513742566108704,2973.08056640625,"map_5455_1_3",5,70,300,20,5,3.98957062565139,0.1,7.87012862445548,0.0704988625537227,1.27676232299003,67,0.2,0.5,126.180217654206,22.2548930864133,0.000456271009354059,0.000428159676410513,0.425611339182861,236,5455,1,"3","diploid","female"
"709","0","0","0","0",-0.703641295433044,3021.51318359375,"map_5456_1_1",5,70,300,20,5,3.44173797443523,0.1,8.513648261485,0.424753281623458,1.36211161043686,6,0.2,0.5,123.76934683917,21.7670872351392,0.00344588893553258,0.00788306880974329,0.704366491107962,237,5456,1,"1","diploid","female"
"710","0","0","0","0",-0.703641295433044,3021.51318359375,"map_5456_1_2",5,70,300,20,5,3.81963070841449,0.1,9.44430790653011,1.11254117233452,1.17609371904383,25,0.2,0.5,123.76934683917,21.7670872351392,0.0148204837761946,0.0872692809380014,0.86088573297875,237,5456,1,"2","diploid","female"
"711","0","0","0","0",-0.703641295433044,3021.51318359375,"map_5456_1_3",5,70,300,20,5,4.29215931969538,0.1,7.44778067464799,0.216765212836253,1.76391314767289,2,0.2,0.5,123.76934683917,21.7670872351392,0.00106534254386593,0.00017524183745386,0.674721108583461,237,5456,1,"3","diploid","female"
"712","0","0","0","0",-0.699574947357178,3067.98217773438,"map_5457_1_1",5,70,300,20,5,4.67206437741308,0.1,8.75979507491381,0.117611912956243,2.40261474281895,27,0.2,0.5,131.676269138374,20.3726040701797,0.000973117251629314,0.00191033010922733,0.64037190652909,238,5457,1,"1","diploid","female"
"713","0","0","0","0",-0.699574947357178,3067.98217773438,"map_5457_1_2",5,70,300,20,5,3.61507296610236,0.1,10.1358803739756,0.610083114211272,0.647318288406396,86,0.2,0.5,131.676269138374,20.3726040701797,0.00719136581486399,0.022421846703489,0.523404332119599,238,5457,1,"2","diploid","female"
"714","0","0","0","0",-0.699574947357178,3067.98217773438,"map_5457_1_3",5,70,300,20,5,5.67147800060722,0.1,6.44211018515863,0.0394555186597125,1.06319113271089,74,0.2,0.5,131.676269138374,20.3726040701797,0.000148429392458048,4.70165418866137e-05,1.00616951757084,238,5457,1,"3","diploid","female"
"715","0","0","0","0",-0.807107090950012,3125.19213867188,"map_5458_1_1",5,70,300,20,5,5.1345846341812,0.1,12.8315936832603,0.209417358300428,2.87128609923414,59,0.2,0.5,193.599909392702,20.3195675060995,0.00413277912510444,0.0113398300278957,0.329614409993832,239,5458,1,"1","diploid","female"
"716","0","0","0","0",-0.807107090950012,3125.19213867188,"map_5458_1_2",5,70,300,20,5,4.55756521357325,0.1,19.9589755078033,0.376336221116797,1.17730984707407,65,0.2,0.5,193.599909392702,20.3195675060995,0.0157622830669881,0.0534902808052963,0.235308792438992,239,5458,1,"2","diploid","female"
"717","0","0","0","0",-0.807107090950012,3125.19213867188,"map_5458_1_3",5,70,300,20,5,4.56586450648214,0.1,7.0020774779303,0.0990928677422363,1.96859030939877,59,0.2,0.5,193.599909392702,20.3195675060995,0.000494861925357348,0.000156176343133936,0.611773592777991,239,5458,1,"3","diploid","female"
"718","0","0","0","0",-0.746030867099762,3189.29833984375,"map_5459_1_1",5,70,300,20,5,0,0.1,11.3887952322772,0.271921706379002,2.86183115164199,72,0.2,0.5,193.271386891108,20.3622696096055,0.0044800282777842,0.0160655299285598,0.280808688900744,240,5459,1,"1","diploid","female"
"719","0","0","0","0",-0.746030867099762,3189.29833984375,"map_5459_1_2",5,70,300,20,5,0,0.1,11.462154799768,0.6401865348529,0.359705040751164,54,0.2,0.5,193.271386891108,20.3622696096055,0.0091268937654129,0.0281270197279548,0.22919142470539,240,5459,1,"2","diploid","female"
"720","0","0","0","0",-0.746030867099762,3189.29833984375,"map_5459_1_3",5,70,300,20,5,0,0.1,6.24931762233063,0.153427867890558,1.90295201368359,136,0.2,0.5,193.271386891108,20.3622696096055,0.000534070158231551,4.35667741641999e-05,0.622114709290945,240,5459,1,"3","diploid","female"
"721","0","0","0","0",-0.257853657007217,3075.72509765625,"map_5496_1_1",5,70,300,20,5,5.1443809967542,0.1,10.1092457016148,0.199202271632557,2.49992343643209,45,0.2,0.5,97.1054965174475,21.4972996695889,0.00198859388012672,0.00213706421899536,0.511918430630266,241,5496,1,"1","diploid","female"
"722","0","0","0","0",-0.257853657007217,3075.72509765625,"map_5496_1_2",5,70,300,20,5,7.67534336612154,0.1,12.3785502874657,0.392877184671009,1.09365760470851,69,0.2,0.5,97.1054965174475,21.4972996695889,0.006004203086322,0.00788799423573129,0.33740987127477,241,5496,1,"2","diploid","female"
"723","0","0","0","0",-0.257853657007217,3075.72509765625,"map_5496_1_3",5,70,300,20,5,4.40538296688592,0.1,7.9831124224969,0.0974934459002509,2.35443460903168,117,0.2,0.5,97.1054965174475,21.4972996695889,0.000570512103672332,0.000117395887050466,0.665752501526046,241,5496,1,"3","diploid","female"
"724","0","0","0","0",-0.608374118804932,2993.90649414062,"map_5545_1_1",5,70,300,20,5,2.5780769422297,0.1,14.0603870572559,0.212379243702865,1.50767166659481,8,0.2,0.5,117.805673878058,22.6511689943333,0.00467934579731672,0.0145376176172088,0.240552711781743,242,5545,1,"1","diploid","female"
"725","0","0","0","0",-0.608374118804932,2993.90649414062,"map_5545_1_2",5,70,300,20,5,8.36557120452659,0.1,11.7690555429173,0.752899435340161,0.39455797826164,23,0.2,0.5,117.805673878058,22.6511689943333,0.0117837884315596,0.0462417280256634,0.135670721784333,242,5545,1,"2","diploid","female"
"726","0","0","0","0",-0.608374118804932,2993.90649414062,"map_5545_1_3",5,70,300,20,5,2.51519968866839,0.1,9.18104584548769,0.138876451077235,1.68169352582428,4,0.2,0.5,117.805673878058,22.6511689943333,0.00111609143576813,0.000797562056698652,0.426349297703395,242,5545,1,"3","diploid","female"
"727","0","0","0","0",-0.585331320762634,3105.60229492188,"map_5546_1_1",5,70,300,20,5,4.22502666144451,0.1,13.0732070447757,0.111162813973964,1.87874947329856,6,0.2,0.5,112.045802461745,21.5323640373458,0.0020860164455005,0.00508583554676455,0.244416359582984,243,5546,1,"1","diploid","female"
"728","0","0","0","0",-0.585331320762634,3105.60229492188,"map_5546_1_2",5,70,300,20,5,4.47526374684486,0.1,13.1795795217481,0.472337565795037,0.21346776627822,12,0.2,0.5,112.045802461745,21.5323640373458,0.00858791008258965,0.0240619308129956,0.177262493781859,243,5546,1,"2","diploid","female"
"729","0","0","0","0",-0.585331320762634,3105.60229492188,"map_5546_1_3",5,70,300,20,5,5.05904721830011,0.1,8.91031155260789,0.038677524122776,1.8828491999308,5,0.2,0.5,112.045802461745,21.5323640373458,0.000284012182492772,5.45964104992043e-05,0.505311811106323,243,5546,1,"3","diploid","female"
"730","0","0","0","0",-0.702405691146851,3129.666015625,"map_5550_1_1",5,70,300,20,5,0,0.1,22.8886751210676,0.214929533902611,2.55421361916146,72,0.2,0.5,283.405154079298,21.3698555132083,0.0131825002115331,0.0654304145235874,0.0803752323937854,244,5550,1,"1","diploid","female"
"731","0","0","0","0",-0.702405691146851,3129.666015625,"map_5550_1_2",5,70,300,20,5,0,0.1,27.1626926733214,0.390767230835194,1.80582078742808,78,0.2,0.5,283.405154079298,21.3698555132083,0.030368484303315,0.175657004091197,0.105266890108789,244,5550,1,"2","diploid","female"
"732","0","0","0","0",-0.702405691146851,3129.666015625,"map_5550_1_3",5,70,300,20,5,0,0.1,9.32470752705596,0.116616892457747,1.42389858708906,71,0.2,0.5,283.405154079298,21.3698555132083,0.00141199318894159,0.00451666582808291,0.349778562877404,244,5550,1,"3","diploid","female"
"733","0","0","0","0",-0.604670166969299,2982.10668945312,"map_5560_1_1",5,70,300,20,5,3.30480334014029,0.1,15.0556216630584,0.219162154585708,1.43177806360741,62,0.2,0.5,125.662816842925,22.2208775470687,0.00586425177480642,0.0248775790235468,0.138897523245712,245,5560,1,"1","diploid","female"
"734","0","0","0","0",-0.604670166969299,2982.10668945312,"map_5560_1_2",5,70,300,20,5,3.90687346178832,0.1,23.8208282615185,0.381735692203208,1.31705698020524,91,0.2,0.5,125.662816842925,22.2208775470687,0.0230392539839105,0.124513941738478,0.1354435541536,245,5560,1,"2","diploid","female"
"735","0","0","0","0",-0.604670166969299,2982.10668945312,"map_5560_1_3",5,70,300,20,5,3.91835084223271,0.1,8.68953613434784,0.165037742561822,1.83659707281496,18,0.2,0.5,125.662816842925,22.2208775470687,0.00116782832937435,0.00072491546952503,0.379953655663118,245,5560,1,"3","diploid","female"
"736","0","0","0","0",-0.609092891216278,3022.51586914062,"map_5561_1_1",5,70,300,20,5,0,0.1,8.80489795859768,0.125664374950119,1.78523974008363,54,0.2,0.5,131.827622651262,21.9946640031546,0.00127991640233681,0.00319731647386246,0.348974661422135,246,5561,1,"1","diploid","female"
"737","0","0","0","0",-0.609092891216278,3022.51586914062,"map_5561_1_2",5,70,300,20,5,12.239822101578,0.1,11.5683261362036,0.122485756449094,2.11935781667676,55,0.2,0.5,131.827622651262,21.9946640031546,0.00285498580986591,0.0117796490868658,0.474098586522546,246,5561,1,"2","diploid","female"
"738","0","0","0","0",-0.609092891216278,3022.51586914062,"map_5561_1_3",5,70,300,20,5,3.3495082191363,0.1,6.64680515080394,0.0915027103914025,1.47264766108005,53,0.2,0.5,131.827622651262,21.9946640031546,0.000373974510204833,7.47932447772065e-05,0.655065337497906,246,5561,1,"3","diploid","female"
"739","0","0","0","0",-0.798336088657379,3062.111328125,"map_5562_1_1",5,70,300,20,5,0,0.1,20.7138891981436,0.100466373918128,1.33707284662595,7,0.2,0.5,192.575455332911,21.9788743712973,0.00519854598010701,0.0271418758714348,0.314246868865213,247,5562,1,"1","diploid","female"
"740","0","0","0","0",-0.798336088657379,3062.111328125,"map_5562_1_2",5,70,300,20,5,14.3930698741325,0.1,13.3169905682282,0.55866408867151,1.46309081178934,23,0.2,0.5,192.575455332911,21.9788743712973,0.015339673968436,0.0870491744838424,0.564839901285888,247,5562,1,"2","diploid","female"
"741","0","0","0","0",-0.798336088657379,3062.111328125,"map_5562_1_3",5,70,300,20,5,3.49697186403767,0.1,10.8096144465627,0.0307807204095765,1.07992231089164,5,0.2,0.5,192.575455332911,21.9788743712973,0.000413623553364522,0.00118426917320264,0.706723664327976,247,5562,1,"3","diploid","female"
"742","0","0","0","0",-0.720260322093964,3110.47631835938,"map_5563_1_1",5,70,300,20,5,0,0.1,18.8844725405914,0.175786220480652,1.5083641226688,137,0.2,0.5,192.894174607489,22.0262642139084,0.0073986996247738,0.0384459566267256,0.142255843123648,248,5563,1,"1","diploid","female"
"743","0","0","0","0",-0.720260322093964,3110.47631835938,"map_5563_1_2",5,70,300,20,5,17.9946128269888,0.1,22.0027511537428,0.355177987418977,2.54529787874461,139,0.2,0.5,192.894174607489,22.0262642139084,0.0209802335137886,0.137373127245917,0.160136574525521,248,5563,1,"2","diploid","female"
"744","0","0","0","0",-0.720260322093964,3110.47631835938,"map_5563_1_3",5,70,300,20,5,4.82485831004507,0.1,8.75996313800731,0.200119376669513,2.36730287077589,136,0.2,0.5,192.894174607489,22.0262642139084,0.00175869537149563,0.00231723769388775,0.383809293336337,248,5563,1,"3","diploid","female"
"745","0","0","0","0",-0.530690550804138,3191.32666015625,"map_5564_1_1",5,70,300,20,5,0,0.1,11.5184738846508,0.573600347540796,1.70255830281724,172,0.2,0.5,194.769453485939,21.4632167773917,0.0104094522557929,0.0346249076402348,0.455605841569743,249,5564,1,"1","diploid","female"
"746","0","0","0","0",-0.530690550804138,3191.32666015625,"map_5564_1_2",5,70,300,20,5,0,0.1,7.79740896797539,1.66601996417689,1.41242078246166,3,0.2,0.5,194.769453485939,21.4632167773917,0.0135385387724677,0.0371550084668607,0.850167934934666,249,5564,1,"2","diploid","female"
"747","0","0","0","0",-0.530690550804138,3191.32666015625,"map_5564_1_3",5,70,300,20,5,4.81093520690717,0.1,7.50384434598484,0.455547711430838,1.82834616955215,198,0.2,0.5,194.769453485939,21.4632167773917,0.0025104250093542,0.00203464017026133,0.633260365084973,249,5564,1,"3","diploid","female"
"748","0","0","0","0",-0.550361812114716,3219.63818359375,"map_5565_1_1",5,70,300,20,5,4.79877258252446,0.1,15.2623329042934,0.254547645311681,2.08442573929809,96,0.2,0.5,159.986387309838,21.4783662920642,0.00780237510059216,0.0349835307034975,0.191392762472653,250,5565,1,"1","diploid","female"
"749","0","0","0","0",-0.550361812114716,3219.63818359375,"map_5565_1_2",5,70,300,20,5,5.68526890103199,0.1,8.40588044736197,0.169293548067913,2.61944325148655,66,0.2,0.5,159.986387309838,21.4783662920642,0.0015021319690653,0.00364113764723884,0.534290055470922,250,5565,1,"2","diploid","female"
"750","0","0","0","0",-0.550361812114716,3219.63818359375,"map_5565_1_3",5,70,300,20,5,3.60754354542412,0.1,6.98968280082516,0.170649421124869,1.65509676883043,82,0.2,0.5,159.986387309838,21.4783662920642,0.000822026042711307,0.000496437233964069,0.514741689778035,250,5565,1,"3","diploid","female"
"751","0","0","0","0",-0.580001294612885,3143.38720703125,"map_5566_1_1",5,70,300,20,5,0,0.1,11.1465618192487,0.414816098363436,1.84174146070243,8,0.2,0.5,161.023258931613,21.444244469255,0.0065611915663846,0.0244519215569135,0.333954583666714,251,5566,1,"1","diploid","female"
"752","0","0","0","0",-0.580001294612885,3143.38720703125,"map_5566_1_2",5,70,300,20,5,12.6929624269344,0.1,9.61568217257151,1.0412626544839,1.38607218362315,19,0.2,0.5,161.023258931613,21.444244469255,0.0144218637491953,0.0635743831342934,0.707252918892874,251,5566,1,"2","diploid","female"
"753","0","0","0","0",-0.580001294612885,3143.38720703125,"map_5566_1_3",5,70,300,20,5,4.90854511766042,0.1,8.16742057986093,0.275805026140659,2.18282908825544,3,0.2,0.5,161.023258931613,21.444244469255,0.00172698419640952,0.000848710857223439,0.397525711565358,251,5566,1,"3","diploid","female"
"754","0","0","0","0",-0.558310508728027,3084.20166015625,"map_5567_1_1",5,70,300,20,5,4.68351438360659,0.1,16.9693102351668,0.179529536016445,2.3913360139113,46,0.2,0.5,160.685586745557,21.4649299503297,0.00573407652729969,0.0250668709831881,0.143658066511606,252,5567,1,"1","diploid","female"
"755","0","0","0","0",-0.558310508728027,3084.20166015625,"map_5567_1_2",5,70,300,20,5,5.01818512290836,0.1,25.0718678333695,0.332752576956787,1.33252329438285,113,0.2,0.5,160.685586745557,21.4649299503297,0.0207809010099694,0.0870206462372055,0.13464122544367,252,5567,1,"2","diploid","female"
"756","0","0","0","0",-0.558310508728027,3084.20166015625,"map_5567_1_3",5,70,300,20,5,4.98547499767488,0.1,9.98914257680195,0.0959095031554593,2.30430502467221,155,0.2,0.5,160.685586745557,21.4649299503297,0.00100182530642957,0.00140464551094388,0.407959964521319,252,5567,1,"3","diploid","female"
"757","0","0","0","0",-0.937974452972412,2991.00439453125,"map_5570_1_1",5,70,300,20,5,2.68850158183766,0.1,12.0695331305467,0.124595472126719,1.42744531939159,50,0.2,0.5,88.6396157464316,22.1865698876703,0.00207868591853139,0.00605709434011614,0.25938643820445,253,5570,1,"1","diploid","female"
"758","0","0","0","0",-0.937974452972412,2991.00439453125,"map_5570_1_2",5,70,300,20,5,3.11027821995753,0.1,18.9513118024346,0.452316181036859,0.409897999949162,135,0.2,0.5,88.6396157464316,22.1865698876703,0.0134563876480094,0.00592394140747927,0.179329934256713,253,5570,1,"2","diploid","female"
"759","0","0","0","0",-0.937974452972412,2991.00439453125,"map_5570_1_3",5,70,300,20,5,3.66432469900308,0.1,7.2248100709646,0.0697352528879055,1.25286369407,63,0.2,0.5,88.6396157464316,22.1865698876703,0.000318637238460848,3.24337352930902e-05,0.624779051839041,253,5570,1,"3","diploid","female"
"760","0","0","0","0",-0.830215573310852,2966.68774414062,"map_5592_1_1",5,70,300,20,5,2.69370341276787,0.1,8.19187827816246,0.0845841235153346,1.11692258205192,11,0.2,0.5,20.694243116261,22.2751190633341,0.000569499181734284,0.000454845811584636,0.40660037583816,254,5592,1,"1","diploid","female"
"761","0","0","0","0",-0.830215573310852,2966.68774414062,"map_5592_1_2",5,70,300,20,5,2.88519287624808,0.1,14.5270501907476,0.110827512200642,1.25835493298785,13,0.2,0.5,20.694243116261,22.2751190633341,0.00236762842254617,0.00360374297254765,0.420456578521149,254,5592,1,"2","diploid","female"
"762","0","0","0","0",-0.830215573310852,2966.68774414062,"map_5592_1_3",5,70,300,20,5,3.9078741788682,0.1,6.58689862392552,0.034796101065234,0.903833617491926,9,0.2,0.5,20.694243116261,22.2751190633341,0.000129245420928906,4.47890349593715e-07,0.670579428741242,254,5592,1,"3","diploid","female"
"763","0","0","0","0",-0.0571692623198032,3001.42504882812,"map_5593_1_1",5,70,300,20,5,2.05498960197384,0.1,9.49038774277462,0.130469928287188,1.90606968450962,26,0.2,0.5,19.7896083034451,22.2984335805359,0.00103528541039625,0.000172833462880512,0.666546567327782,255,5593,1,"1","diploid","female"
"764","0","0","0","0",-0.0571692623198032,3001.42504882812,"map_5593_1_2",5,70,300,20,5,6.02035284893053,0.1,11.6944920172117,0.1143495074466,1.6527349851757,28,0.2,0.5,19.7896083034451,22.2984335805359,0.00134718590530355,0.000193226796070235,0.542101107542705,255,5593,1,"2","diploid","female"
"765","0","0","0","0",-0.0571692623198032,3001.42504882812,"map_5593_1_3",5,70,300,20,5,2.00348779753649,0.1,7.88338147476643,0.0615337014261991,1.8312496989585,142,0.2,0.5,19.7896083034451,22.2984335805359,0.000344254033425983,3.76449159136869e-05,0.891777373682355,255,5593,1,"3","diploid","female"
"766","0","0","0","0",-0.298453807830811,3145.67211914062,"map_5606_1_1",5,70,300,20,5,5.05068159451932,0.1,10.0516082479633,0.212803851736106,2.54698343910167,6,0.2,0.5,109.846520721714,21.8839783969512,0.00245404575954637,0.00606169436187115,0.24305100947428,256,5606,1,"1","diploid","female"
"767","0","0","0","0",-0.298453807830811,3145.67211914062,"map_5606_1_2",5,70,300,20,5,9.29347050609676,0.1,8.72926040324014,0.18820649461558,2.72711170563894,3,0.2,0.5,109.846520721714,21.8839783969512,0.001362203662301,0.00090931755349084,0.495819571084983,256,5606,1,"2","diploid","female"
"768","0","0","0","0",-0.298453807830811,3145.67211914062,"map_5606_1_3",5,70,300,20,5,3.3507582121227,0.1,7.49690615959691,0.180616248558193,2.2050726329707,3,0.2,0.5,109.846520721714,21.8839783969512,0.000937732063627786,0.000235725322954461,0.435511678067094,256,5606,1,"3","diploid","female"
"769","0","0","0","0",0.125896453857422,3059.69067382812,"map_5609_1_1",5,70,300,20,5,6.82007393956701,0.1,6.00320667171607,0.20565364819982,2.84796106705601,5,0.2,0.5,57.3945314321803,21.453517829329,0.000695563144495333,0.00017176863491483,0.522712416909521,257,5609,1,"1","diploid","female"
"770","0","0","0","0",0.125896453857422,3059.69067382812,"map_5609_1_2",5,70,300,20,5,6.38729145954443,0.1,5.56817248824646,0.373991068609304,2.63936919931059,4,0.2,0.5,57.3945314321803,21.453517829329,0.00107621811552349,0.00043924857485371,1.05016068635417,257,5609,1,"2","diploid","female"
"771","0","0","0","0",0.125896453857422,3059.69067382812,"map_5609_1_3",5,70,300,20,5,7.00051669856003,0.1,6.63448873235962,0.181324759446914,2.58885335770334,3,0.2,0.5,57.3945314321803,21.453517829329,0.000783313342397397,0.000160438084962647,0.501911221330402,257,5609,1,"3","diploid","female"
"772","0","0","0","0",-0.645097851753235,2823.83032226562,"map_5648_1_1",5,70,300,20,5,2.43371841825056,0.1,20.3787398921348,0.389464738710303,0.41850767033037,104,0.2,0.5,112.011654172625,22.6836441035815,0.0187173458156505,0.109995943210502,0.202993473339259,258,5648,1,"1","diploid","female"
"773","0","0","0","0",-0.645097851753235,2823.83032226562,"map_5648_1_2",5,70,300,20,5,2.53583807909485,0.1,20.0251403703867,0.701801903939955,0.222230193376202,152,0.2,0.5,112.011654172625,22.6836441035815,0.0331566033651787,0.195379069589612,0.279176825413331,258,5648,1,"2","diploid","female"
"774","0","0","0","0",-0.645097851753235,2823.83032226562,"map_5648_1_3",5,70,300,20,5,0,0.1,7.76582646576073,0.0292603770759755,0.138087049122509,41,0.2,0.5,112.011654172625,22.6836441035815,0.000174492626718333,0.000164555262381397,0.109577548862465,258,5648,1,"3","diploid","female"
"775","0","0","0","0",-0.641028344631195,3016.28247070312,"map_5650_1_1",5,70,300,20,5,2.83742940776783,0.1,8.3680862259093,0.205460406572589,2.13725492741354,7,0.2,0.5,113.597515289966,21.5242510739619,0.00176766235340092,0.00319891590001395,0.272649731559317,259,5650,1,"1","diploid","female"
"776","0","0","0","0",-0.641028344631195,3016.28247070312,"map_5650_1_2",5,70,300,20,5,7.79431853911959,0.1,13.9245006314157,0.605105615360699,0.265769332198922,10,0.2,0.5,113.597515289966,21.5242510739619,0.0105572532374754,0.0145573106225833,0.108525103034608,259,5650,1,"2","diploid","female"
"777","0","0","0","0",-0.641028344631195,3016.28247070312,"map_5650_1_3",5,70,300,20,5,2.73415736379766,0.1,6.3814263949665,0.161576089504126,1.75079418476111,4,0.2,0.5,113.597515289966,21.5242510739619,0.000614402858827717,8.80959585092156e-05,0.508933679933446,259,5650,1,"3","diploid","female"
"778","0","0","0","0",-0.760176956653595,3111.72680664062,"map_5651_1_1",5,70,300,20,5,5.37116139935748,0.1,13.3594873655074,0.413266635196977,2.5437469598781,48,0.2,0.5,295.298242562633,21.5232876094341,0.0113669010383081,0.0558976753148997,0.263867139704043,260,5651,1,"1","diploid","female"
"779","0","0","0","0",-0.760176956653595,3111.72680664062,"map_5651_1_2",5,70,300,20,5,6.82754852556456,0.1,16.4480854862631,0.761596730617424,1.38517228545053,55,0.2,0.5,295.298242562633,21.5232876094341,0.0300877185073799,0.137033986171254,0.23729452147886,260,5651,1,"2","diploid","female"
"780","0","0","0","0",-0.760176956653595,3111.72680664062,"map_5651_1_3",5,70,300,20,5,0,0.1,6.07633688506734,0.382054885576599,1.72944106909648,41,0.2,0.5,295.298242562633,21.5232876094341,0.0016064422778138,0.00295824179757175,0.866470968243548,260,5651,1,"3","diploid","female"
"781","0","0","0","0",-0.781871914863586,3105.98608398438,"map_5653_1_1",5,70,300,20,5,5.46038430087175,0.1,26.519424072186,0.219895545419554,1.574660547984,72,0.2,0.5,291.818584099957,21.3715852946538,0.0157396879983038,0.0790958372171074,0.0932781157412323,261,5653,1,"1","diploid","female"
"782","0","0","0","0",-0.781871914863586,3105.98608398438,"map_5653_1_2",5,70,300,20,5,6.57913017908045,0.1,29.591259919375,0.433757961311686,1.0409201488173,84,0.2,0.5,291.818584099957,21.3715852946538,0.0369251887770541,0.20958365670703,0.0734628773730526,261,5653,1,"2","diploid","female"
"783","0","0","0","0",-0.781871914863586,3105.98608398438,"map_5653_1_3",5,70,300,20,5,0,0.1,18.4342778848914,0.0500633819414857,1.13049417418955,66,0.2,0.5,291.818584099957,21.3715852946538,0.00184678434913572,0.00587149667173286,0.326784055930478,261,5653,1,"3","diploid","female"
"784","0","0","0","0",-0.394487857818604,2946.60473632812,"map_5661_1_1",5,70,300,20,5,3.61342621304616,0.1,10.6790934383304,0.15890754428089,1.7023463444693,16,0.2,0.5,66.9665588334549,22.2467225392659,0.00216330657696794,0.00515300042968453,0.304312201310163,262,5661,1,"1","diploid","female"
"785","0","0","0","0",-0.394487857818604,2946.60473632812,"map_5661_1_2",5,70,300,20,5,3.98348679414911,0.1,21.0399353451101,0.220277212103952,1.66221899633306,21,0.2,0.5,66.9665588334549,22.2467225392659,0.0111573736323794,0.0603193631456714,0.284314306413576,262,5661,1,"2","diploid","female"
"786","0","0","0","0",-0.394487857818604,2946.60473632812,"map_5661_1_3",5,70,300,20,5,4.06044793829243,0.1,7.572583148451,0.0797627414378225,1.50469798414353,11,0.2,0.5,66.9665588334549,22.2467225392659,0.000409607056754417,7.19095277081283e-05,0.605639102037546,262,5661,1,"3","diploid","female"
"787","0","0","0","0",-0.490346521139145,2987.00805664062,"map_5665_1_1",5,70,300,20,5,0,0.1,12.1319681463293,0.158959088303702,1.85358574475051,4,0.2,0.5,121.265670548246,21.9858267605635,0.00271068234623168,0.00615040617320281,0.153182105408505,263,5665,1,"1","diploid","female"
"788","0","0","0","0",-0.490346521139145,2987.00805664062,"map_5665_1_2",5,70,300,20,5,12.3303871912709,0.1,13.9240257633796,0.693996146172352,0.121447251295562,10,0.2,0.5,121.265670548246,21.9858267605635,0.012039635904411,0.0137038676844732,0.0697593450507469,263,5665,1,"2","diploid","female"
"789","0","0","0","0",-0.490346521139145,2987.00805664062,"map_5665_1_3",5,70,300,20,5,3.34185275387734,0.1,8.96667729282593,0.109074212677994,1.96160874804672,3,0.2,0.5,121.265670548246,21.9858267605635,0.000845799084078077,0.00032123416873793,0.298757495788928,263,5665,1,"3","diploid","female"
"790","0","0","0","0",-0.786131680011749,3012.65795898438,"map_5666_1_1",5,70,300,20,5,0,0.1,13.4872451115192,0.361246707580391,1.36528026461531,14,0.2,0.5,192.28004662143,21.9717315133096,0.00833853167205791,0.0336480249454786,0.410696326677227,264,5666,1,"1","diploid","female"
"791","0","0","0","0",-0.786131680011749,3012.65795898438,"map_5666_1_2",5,70,300,20,5,14.8473797856084,0.1,21.0238130686056,0.661662270311098,0.325470380653127,41,0.2,0.5,192.28004662143,21.9717315133096,0.0269787906980078,0.0532093836847327,0.0769473643752476,264,5666,1,"2","diploid","female"
"792","0","0","0","0",-0.786131680011749,3012.65795898438,"map_5666_1_3",5,70,300,20,5,0,0.1,8.67072705303339,0.245087482969679,1.60234363704721,7,0.2,0.5,192.28004662143,21.9717315133096,0.00187592588639037,0.00341147375488167,0.556307395336243,264,5666,1,"3","diploid","female"
"793","0","0","0","0",-0.56416130065918,3055.22607421875,"map_5667_1_1",5,70,300,20,5,4.3455597802923,0.1,18.1866127519371,0.136328714097954,1.78864436710234,75,0.2,0.5,201.271277975798,21.9586374023032,0.00652712522025156,0.0377908646342482,0.206075143135525,265,5667,1,"1","diploid","female"
"794","0","0","0","0",-0.56416130065918,3055.22607421875,"map_5667_1_2",5,70,300,20,5,5.63665635664533,0.1,33.9654623586878,0.242664526433852,1.94257299651264,77,0.2,0.5,201.271277975798,21.9586374023032,0.0278377855068747,0.164826398092626,0.163400449442076,265,5667,1,"2","diploid","female"
"795","0","0","0","0",-0.56416130065918,3055.22607421875,"map_5667_1_3",5,70,300,20,5,4.00218705907263,0.1,10.0755274212711,0.0838547749391657,1.91772339402603,73,0.2,0.5,201.271277975798,21.9586374023032,0.00127210602299508,0.004839418871504,0.591937176699078,265,5667,1,"3","diploid","female"
"796","0","0","0","0",-0.57792717218399,3133.88500976562,"map_5668_1_1",5,70,300,20,5,4.96664625613271,0.1,16.4702555029068,0.186738516125239,2.02845720682822,8,0.2,0.5,191.401989781579,21.4749930921451,0.00571433774774729,0.0235034177748948,0.161662776755489,266,5668,1,"1","diploid","female"
"797","0","0","0","0",-0.57792717218399,3133.88500976562,"map_5668_1_2",5,70,300,20,5,5.86258840648869,0.1,16.6624170903281,0.257193828037222,2.25824079702497,8,0.2,0.5,191.401989781579,21.4749930921451,0.00774460480953027,0.0282203327738813,0.225636323659517,266,5668,1,"2","diploid","female"
"798","0","0","0","0",-0.57792717218399,3133.88500976562,"map_5668_1_3",5,70,300,20,5,4.11799917777861,0.1,10.9349463316588,0.101584564832613,2.32072167861081,5,0.2,0.5,191.401989781579,21.4749930921451,0.00131901350157473,0.0025932192057489,0.400490125206866,266,5668,1,"3","diploid","female"
"799","0","0","0","0",-0.35502028465271,3105.52001953125,"map_5670_1_1",5,70,300,20,5,5.43064893639116,0.1,15.3304188181362,0.239179293561143,2.13334022813482,41,0.2,0.5,159.379829837634,21.4875977432741,0.00666701579850977,0.021005737176553,0.120677710788234,267,5670,1,"1","diploid","female"
"800","0","0","0","0",-0.35502028465271,3105.52001953125,"map_5670_1_2",5,70,300,20,5,5.87815104663312,0.1,18.2882696327938,0.622421916259548,0.443090337766616,122,0.2,0.5,159.379829837634,21.4875977432741,0.0212956504899707,0.107046610245008,0.0730081645390638,267,5670,1,"2","diploid","female"
"801","0","0","0","0",-0.35502028465271,3105.52001953125,"map_5670_1_3",5,70,300,20,5,5.31579779890245,0.1,10.2020194850353,0.178189394421735,2.68004258049067,21,0.2,0.5,159.379829837634,21.4875977432741,0.0019158050863525,0.00188737817974743,0.275659120553156,267,5670,1,"3","diploid","female"
"802","0","0","0","0",-0.620026290416718,3048.27587890625,"map_5671_1_1",5,70,300,20,5,0,0.1,12.0949336899795,0.220359647517957,2.38667404046367,36,0.2,0.5,158.519255831392,21.4620074887872,0.0040368875751951,0.00999427509595605,0.195678554992839,268,5671,1,"1","diploid","female"
"803","0","0","0","0",-0.620026290416718,3048.27587890625,"map_5671_1_2",5,70,300,20,5,10.8559702557761,0.1,16.314112537722,0.611919082263596,0.303001918605412,50,0.2,0.5,158.519255831392,21.4620074887872,0.0163067137472484,0.0518634888589931,0.113215812649258,268,5671,1,"2","diploid","female"
"804","0","0","0","0",-0.620026290416718,3048.27587890625,"map_5671_1_3",5,70,300,20,5,3.34514895642813,0.1,6.87090979933799,0.187436447150862,2.20041375882221,8,0.2,0.5,158.519255831392,21.4620074887872,0.0009041615044733,0.000462446345782058,0.45321036245366,268,5671,1,"3","diploid","female"
"805","0","0","0","0",-0.511472404003143,2979.65087890625,"map_5673_1_1",5,70,300,20,5,3.56457196044885,0.1,10.8960757511443,0.127564493664327,1.85009057551695,42,0.2,0.5,77.7301340324934,22.1930881555162,0.00200574513501069,0.00829320906380188,0.303753776641066,269,5673,1,"1","diploid","female"
"806","0","0","0","0",-0.511472404003143,2979.65087890625,"map_5673_1_2",5,70,300,20,5,3.99515354936811,0.1,17.5844006785818,0.135531690857722,2.19051784221796,40,0.2,0.5,77.7301340324934,22.1930881555162,0.00587741252975354,0.0319189770466237,0.375280382515403,269,5673,1,"2","diploid","female"
"807","0","0","0","0",-0.511472404003143,2979.65087890625,"map_5673_1_3",5,70,300,20,5,4.27231974063427,0.1,7.44119088661849,0.0946946981147508,1.60203878607755,100,0.2,0.5,77.7301340324934,22.1930881555162,0.000520735305597419,0.000227577757802895,0.525124469051348,269,5673,1,"3","diploid","female"
"808","0","0","0","0",-0.579649686813354,2958.79907226562,"map_5674_1_1",5,70,300,20,5,2.08220132161605,0.1,12.0234269558764,0.214601277273727,1.21966610168352,5,0.2,0.5,83.2085390946398,22.1751346651502,0.00327219366252359,0.00787562833783839,0.325926132190507,270,5674,1,"1","diploid","female"
"809","0","0","0","0",-0.579649686813354,2958.79907226562,"map_5674_1_2",5,70,300,20,5,6.19686274019972,0.1,10.6732646809587,0.954752762568406,0.242580827469454,22,0.2,0.5,83.2085390946398,22.1751346651502,0.0145371534614803,0.0839698339619277,0.197294210740016,270,5674,1,"2","diploid","female"
"810","0","0","0","0",-0.579649686813354,2958.79907226562,"map_5674_1_3",5,70,300,20,5,1.98743822063889,0.1,7.45423845497408,0.10148530336586,1.49370244951171,3,0.2,0.5,83.2085390946398,22.1751346651502,0.000517930957272616,0.000176292263054166,0.68245956289432,270,5674,1,"3","diploid","female"
"811","0","0","0","0",-0.324502110481262,2993.4208984375,"map_5697_1_1",5,70,300,20,5,3.90688783054781,0.1,7.67560352063844,0.180821218256103,1.53984464181684,5,0.2,0.5,20.8449429840691,22.2951323613772,0.000976291408397796,0.000228715782613215,0.600375694909538,271,5697,1,"1","diploid","female"
"812","0","0","0","0",-0.324502110481262,2993.4208984375,"map_5697_1_2",5,70,300,20,5,4.22531201672354,0.1,7.50050587012464,0.657081050381467,0.434736381633242,8,0.2,0.5,20.8449429840691,22.2951323613772,0.00318988850597458,0.00034869167667994,0.659140968787538,271,5697,1,"2","diploid","female"
"813","0","0","0","0",-0.324502110481262,2993.4208984375,"map_5697_1_3",5,70,300,20,5,5.08922617444631,0.1,5.74464937125695,0.131408802560945,1.51061485555199,3,0.2,0.5,20.8449429840691,22.2951323613772,0.000368395528194674,1.43509617190847e-06,0.830267424849142,271,5697,1,"3","diploid","female"
"814","0","0","0","0",-0.482558816671371,3007.69287109375,"map_5708_1_1",5,70,300,20,5,2.33090574839769,0.1,9.69784613097791,0.0665408515354082,1.77946207214685,14,0.2,0.5,55.1361588996114,21.420493443807,0.000574157513553107,0.000236827607470648,0.422810793055028,272,5708,1,"1","diploid","female"
"815","0","0","0","0",-0.482558816671371,3007.69287109375,"map_5708_1_2",5,70,300,20,5,5.70214396230531,0.1,10.3289614295782,0.46999145776537,0.382158593113178,79,0.2,0.5,55.1361588996114,21.420493443807,0.00478243280020335,0.00759951287627859,0.241437192400575,272,5708,1,"2","diploid","female"
"816","0","0","0","0",-0.482558816671371,3007.69287109375,"map_5708_1_3",5,70,300,20,5,2.37372412683351,0.1,7.64334468146125,0.0258543384420741,1.37019897413712,17,0.2,0.5,55.1361588996114,21.420493443807,0.000129981786204864,3.7525021235485e-06,0.637679634444776,272,5708,1,"3","diploid","female"
"817","0","0","0","0",-0.24333767592907,3040.90209960938,"map_5709_1_1",5,70,300,20,5,5.02371103029131,0.1,10.8924325241274,0.13165712609608,2.2663244665519,12,0.2,0.5,113.87162826386,21.8347812707506,0.00164712663071336,0.00356498076870482,0.312315659672554,273,5709,1,"1","diploid","female"
"818","0","0","0","0",-0.24333767592907,3040.90209960938,"map_5709_1_2",5,70,300,20,5,8.3980521146341,0.1,10.8875286590078,0.589965377239337,0.380441571400483,47,0.2,0.5,113.87162826386,21.8347812707506,0.00707863087945847,0.00907606325028987,0.217345035747317,273,5709,1,"2","diploid","female"
"819","0","0","0","0",-0.24333767592907,3040.90209960938,"map_5709_1_3",5,70,300,20,5,3.75754686598411,0.1,8.01873580184797,0.0749357157755462,2.18120805771769,11,0.2,0.5,113.87162826386,21.8347812707506,0.000450812503007719,0.00022219430115579,0.434233700348854,273,5709,1,"3","diploid","female"
"820","0","0","0","0",-0.365786790847778,3054.01245117188,"map_5713_1_1",5,70,300,20,5,4.52190141624926,0.1,8.74775753813739,0.206266701149112,1.80342524214245,5,0.2,0.5,56.7776805213916,21.8608688827633,0.00138834909201001,0.000231543159146754,0.507357097466258,274,5713,1,"1","diploid","female"
"821","0","0","0","0",-0.365786790847778,3054.01245117188,"map_5713_1_2",5,70,300,20,5,4.78217920944582,0.1,7.13587467829071,0.816891905695257,0.451790361941717,11,0.2,0.5,56.7776805213916,21.8608688827633,0.00344315128417847,0.0001744800367073,0.612629325250939,274,5713,1,"2","diploid","female"
"822","0","0","0","0",-0.365786790847778,3054.01245117188,"map_5713_1_3",5,70,300,20,5,5.34792282588506,0.1,6.31511701464514,0.132477472040141,1.95081708979633,3,0.2,0.5,56.7776805213916,21.8608688827633,0.000468622356522194,2.18783992304855e-05,0.663565744394166,274,5713,1,"3","diploid","female"
"823","0","0","0","0",-0.767269909381866,2775.24560546875,"map_5752_1_1",5,70,300,20,5,0,0.1,13.308493648823,0.582854153510557,0.349097999590588,45,0.2,0.5,36.7939652392634,22.6802276957735,0.0139865942642748,0.0558360219532889,0.277427076250184,275,5752,1,"1","diploid","female"
"824","0","0","0","0",-0.767269909381866,2775.24560546875,"map_5752_1_2",5,70,300,20,5,2.65629172586427,0.1,10.1542015642836,0.848361241176988,0.175235564145402,49,0.2,0.5,36.7939652392634,22.6802276957735,0.0118895414104997,0.0386696151789478,0.448648652027713,275,5752,1,"2","diploid","female"
"825","0","0","0","0",-0.767269909381866,2775.24560546875,"map_5752_1_3",5,70,300,20,5,0.658431784583539,0.1,7.46425692387347,0.028492093813151,0.0775641326336834,3,0.2,0.5,36.7939652392634,22.6802276957735,0.000130549471265805,4.84194247434352e-07,0.63461770939627,275,5752,1,"3","diploid","female"
"826","0","0","0","0",-0.727047622203827,2828.17626953125,"map_5753_1_1",5,70,300,20,5,1.16591442333572,0.1,14.468720796997,0.222939254592914,0.817970878199596,33,0.2,0.5,37.1563638048711,22.65310477788,0.00576790272789498,0.0250465595708712,0.190032176032872,276,5753,1,"1","diploid","female"
"827","0","0","0","0",-0.727047622203827,2828.17626953125,"map_5753_1_2",5,70,300,20,5,2.36133265893746,0.1,17.1016106642461,0.20455637613056,0.933311364199298,36,0.2,0.5,37.1563638048711,22.65310477788,0.00819805949340268,0.0405560378776542,0.300531020900596,276,5753,1,"2","diploid","female"
"828","0","0","0","0",-0.727047622203827,2828.17626953125,"map_5753_1_3",5,70,300,20,5,0.985144343275112,0.1,7.57818187513518,0.0556314498747261,0.492089971687475,15,0.2,0.5,37.1563638048711,22.65310477788,0.000278590596632544,5.17935573891062e-06,0.722713727662215,276,5753,1,"3","diploid","female"
"829","0","0","0","0",-0.846190333366394,3002.77172851562,"map_5755_1_1",5,70,300,20,5,2.39435289964557,0.1,9.19184828985214,0.134242141810392,1.67190900469857,4,0.2,0.5,75.295628050237,21.5537782206488,0.00122641690874276,0.00216463606480627,0.308687295502429,277,5755,1,"1","diploid","female"
"830","0","0","0","0",-0.846190333366394,3002.77172851562,"map_5755_1_2",5,70,300,20,5,6.51282016611959,0.1,17.9914407835679,0.197459153131605,1.73399476993998,4,0.2,0.5,75.295628050237,21.5537782206488,0.00676376403961538,0.0241782585876815,0.188151428688468,277,5755,1,"2","diploid","female"
"831","0","0","0","0",-0.846190333366394,3002.77172851562,"map_5755_1_3",5,70,300,20,5,2.45123537856503,0.1,6.62786103680671,0.101752664459098,1.29398207276752,2,0.2,0.5,75.295628050237,21.5537782206488,0.000406366366532931,1.02784397282319e-05,0.563230073274504,277,5755,1,"3","diploid","female"
"832","0","0","0","0",-0.897233605384827,3051.162109375,"map_5756_1_1",5,70,300,20,5,3.23792443310766,0.1,8.67073264906495,0.123612328889472,1.60377168504157,28,0.2,0.5,80.6593882538552,21.5320617046335,0.000986372277277643,0.000849165140720078,0.437780774666029,278,5756,1,"1","diploid","female"
"833","0","0","0","0",-0.897233605384827,3051.162109375,"map_5756_1_2",5,70,300,20,5,3.2558696064101,0.1,15.6958177935609,0.279652029846694,0.900161952194571,44,0.2,0.5,80.6593882538552,21.5320617046335,0.00608609600256469,0.0047766558579181,0.24823473844549,278,5756,1,"2","diploid","female"
"834","0","0","0","0",-0.897233605384827,3051.162109375,"map_5756_1_3",5,70,300,20,5,4.6677917643001,0.1,6.27171385222856,0.0725919914871868,1.21960075835787,63,0.2,0.5,80.6593882538552,21.5320617046335,0.000250192529449667,4.68188091105141e-06,0.76760654386225,278,5756,1,"3","diploid","female"
"835","0","0","0","0",-0.736628711223602,3011.15551757812,"map_5759_1_1",5,70,300,20,5,4.02060303982099,0.1,9.83542231229323,0.149390874954313,1.74665456677707,58,0.2,0.5,81.9685192488357,21.3595232578079,0.00137151286180683,0.00122004120428635,0.382228066100332,279,5759,1,"1","diploid","female"
"836","0","0","0","0",-0.736628711223602,3011.15551757812,"map_5759_1_2",5,70,300,20,5,5.65486762079504,0.1,11.9459171019219,0.623870270216587,0.298491276383622,167,0.2,0.5,81.9685192488357,21.3595232578079,0.00996498476558107,0.0427489503659215,0.167375935796145,279,5759,1,"2","diploid","female"
"837","0","0","0","0",-0.736628711223602,3011.15551757812,"map_5759_1_3",5,70,300,20,5,4.13531938332436,0.1,7.1356718014583,0.0340886475523541,1.30294280792433,76,0.2,0.5,81.9685192488357,21.3595232578079,0.000151047747238284,3.49637052065129e-06,0.87341914310939,279,5759,1,"3","diploid","female"
"838","0","0","0","0",-0.597004771232605,3069.37646484375,"map_5761_1_1",5,70,300,20,5,2.41891066536925,0.1,8.69986827617405,0.157955413431112,1.84927360578374,16,0.2,0.5,83.0513578586008,21.8771558383507,0.00119553913292702,0.00108243252465917,0.315302837461987,280,5761,1,"1","diploid","female"
"839","0","0","0","0",-0.597004771232605,3069.37646484375,"map_5761_1_2",5,70,300,20,5,7.562801958812,0.1,10.3168922406289,0.190015079755838,2.22895399932349,18,0.2,0.5,83.0513578586008,21.8771558383507,0.00217343124316413,0.00133946446911366,0.321607097856489,280,5761,1,"2","diploid","female"
"840","0","0","0","0",-0.597004771232605,3069.37646484375,"map_5761_1_3",5,70,300,20,5,2.39981994374475,0.1,7.22385938729048,0.0772767259655096,1.67101454490143,10,0.2,0.5,83.0513578586008,21.8771558383507,0.000339409284305281,6.65296757478786e-06,0.569291774784805,280,5761,1,"3","diploid","female"
"841","0","0","0","0",-0.562310218811035,2985.5166015625,"map_5770_1_1",5,70,300,20,5,4.1292266139855,0.1,16.7241327234348,0.115855460071952,1.36788255153425,61,0.2,0.5,196.41064928378,21.9897769387246,0.00413928420925894,0.01830424326042,0.218614742374553,281,5770,1,"1","diploid","female"
"842","0","0","0","0",-0.562310218811035,2985.5166015625,"map_5770_1_2",5,70,300,20,5,4.96794653718205,0.1,22.8296668757401,0.384746749830975,1.10695955297178,82,0.2,0.5,196.41064928378,21.9897769387246,0.0225243458688097,0.103588401141176,0.121290277899626,281,5770,1,"2","diploid","female"
"843","0","0","0","0",-0.562310218811035,2985.5166015625,"map_5770_1_3",5,70,300,20,5,3.72697352029404,0.1,9.71033333495923,0.064693750471453,0.924941260077755,62,0.2,0.5,196.41064928378,21.9897769387246,0.000605598214647978,0.000966884981268083,0.562619275371984,281,5770,1,"3","diploid","female"
"844","0","0","0","0",-0.614170968532562,3016.67016601562,"map_5771_1_1",5,70,300,20,5,0,0.1,16.8288919064674,0.118398120460509,1.51533690028205,125,0.2,0.5,185.962308078905,22.0135831294266,0.00440422977265818,0.0189741507237587,0.229504689473472,282,5771,1,"1","diploid","female"
"845","0","0","0","0",-0.614170968532562,3016.67016601562,"map_5771_1_2",5,70,300,20,5,16.7064341369267,0.1,16.3703817434575,0.301763602490027,2.82178366572199,134,0.2,0.5,185.962308078905,22.0135831294266,0.0125753112223324,0.0625691770027891,0.279084388012013,282,5771,1,"2","diploid","female"
"846","0","0","0","0",-0.614170968532562,3016.67016601562,"map_5771_1_3",5,70,300,20,5,0,0.1,7.51097650721819,0.154004968738942,2.01664150251616,131,0.2,0.5,185.962308078905,22.0135831294266,0.00102787396984277,0.00205383148726564,0.544331427650749,282,5771,1,"3","diploid","female"
"847","0","0","0","0",-0.823947966098785,3066.11840820312,"map_5772_1_1",5,70,300,20,5,4.08886750499322,0.1,17.0079107474965,0.14430021737215,2.10028751792064,73,0.2,0.5,194.020910446826,21.4857051655039,0.00515861663699639,0.0225851985972485,0.234938243395307,283,5772,1,"1","diploid","female"
"848","0","0","0","0",-0.823947966098785,3066.11840820312,"map_5772_1_2",5,70,300,20,5,4.59689631676168,0.1,21.9469262498783,0.1897638348061,2.36720962029845,74,0.2,0.5,194.020910446826,21.4857051655039,0.0106128568407156,0.0538640894043472,0.22868751821361,283,5772,1,"2","diploid","female"
"849","0","0","0","0",-0.823947966098785,3066.11840820312,"map_5772_1_3",5,70,300,20,5,3.99637164982733,0.1,9.47384920312587,0.0734013046514323,1.65479427487051,71,0.2,0.5,194.020910446826,21.4857051655039,0.000751514241066441,0.0013659960319705,0.568953865205819,283,5772,1,"3","diploid","female"
"850","0","0","0","0",-0.930358350276947,3103.43359375,"map_5773_1_1",5,70,300,20,5,3.65766511609275,0.1,15.7604375373122,0.198106658622929,2.06425725705173,69,0.2,0.5,158.125377591662,21.4531303904249,0.00571250431320067,0.0240705758929013,0.103737977659174,284,5773,1,"1","diploid","female"
"851","0","0","0","0",-0.930358350276947,3103.43359375,"map_5773_1_2",5,70,300,20,5,4.05149000042315,0.1,24.126104989612,0.312481550587533,1.59953852309469,110,0.2,0.5,158.125377591662,21.4531303904249,0.0183935657013789,0.106731108939853,0.0707847491267284,284,5773,1,"2","diploid","female"
"852","0","0","0","0",-0.930358350276947,3103.43359375,"map_5773_1_3",5,70,300,20,5,4.20452590889,0.1,9.03287911652028,0.128269162318502,2.18186761101266,105,0.2,0.5,158.125377591662,21.4531303904249,0.00102479331112166,0.000347352942983683,0.235077806484434,284,5773,1,"3","diploid","female"
"853","0","0","0","0",-0.213595151901245,3092.271484375,"map_5774_1_1",5,70,300,20,5,5.95312889197444,0.1,15.2374807970747,0.16150659999045,2.79441068170273,73,0.2,0.5,162.443552036222,21.4278867770139,0.00431396075288121,0.0176998665242255,0.182841426196801,285,5774,1,"1","diploid","female"
"854","0","0","0","0",-0.213595151901245,3092.271484375,"map_5774_1_2",5,70,300,20,5,6.33025252106414,0.1,14.5184093009531,0.2034080576724,3.45174953977382,84,0.2,0.5,162.443552036222,21.4278867770139,0.00493314334041955,0.0210327875816155,0.279453194107593,285,5774,1,"2","diploid","female"
"855","0","0","0","0",-0.213595151901245,3092.271484375,"map_5774_1_3",5,70,300,20,5,5.71158310300916,0.1,12.8009806004187,0.10900207948938,2.83454565100608,78,0.2,0.5,162.443552036222,21.4278867770139,0.00197822053231241,0.00609703116864166,0.27142555038641,285,5774,1,"3","diploid","female"
"856","0","0","0","0",-0.48900493979454,3021.95751953125,"map_5775_1_1",5,70,300,20,5,4.14716260064583,0.1,13.7407563068372,0.222362792719018,2.33819239371894,38,0.2,0.5,159.545452561489,22.1853561464734,0.0062386127649701,0.0339124661855779,0.226905331330456,286,5775,1,"1","diploid","female"
"857","0","0","0","0",-0.48900493979454,3021.95751953125,"map_5775_1_2",5,70,300,20,5,5.07134781147158,0.1,29.9081551193663,0.31460501602779,2.09496126527211,38,0.2,0.5,159.545452561489,22.1853561464734,0.0315910052966651,0.168505889231128,0.158988816676901,286,5775,1,"2","diploid","female"
"858","0","0","0","0",-0.48900493979454,3021.95751953125,"map_5775_1_3",5,70,300,20,5,4.47924959629996,0.1,7.46892980601675,0.228209153163025,2.19049767271483,9,0.2,0.5,159.545452561489,22.1853561464734,0.00154933378932112,0.00374565889628142,0.48334407909655,286,5775,1,"3","diploid","female"
"859","0","0","0","0",-0.900739073753357,2936.65942382812,"map_5778_1_1",5,70,300,20,5,2.80659601366725,0.1,11.9459562709762,0.106582447429921,1.15040069641495,8,0.2,0.5,81.4422410540406,22.1742642192481,0.00177944570703442,0.0043515931924296,0.267273488298222,287,5778,1,"1","diploid","female"
"860","0","0","0","0",-0.900739073753357,2936.65942382812,"map_5778_1_2",5,70,300,20,5,4.63080169722348,0.1,24.0245261617965,0.136613846065251,1.36170145545283,11,0.2,0.5,81.4422410540406,22.1742642192481,0.00913402157431214,0.0592301000711038,0.252570607006113,287,5778,1,"2","diploid","female"
"861","0","0","0","0",-0.900739073753357,2936.65942382812,"map_5778_1_3",5,70,300,20,5,2.69475446331601,0.1,7.86346532718911,0.0296533934783103,1.07784307964661,5,0.2,0.5,81.4422410540406,22.1742642192481,0.000159194647976003,8.60684652184184e-06,0.661376429297357,287,5778,1,"3","diploid","female"
"862","0","0","0","0",-0.412609130144119,2956.77612304688,"map_5801_1_1",5,70,300,20,5,3.55056910941574,0.1,9.80213338931585,0.121602831256814,1.33490490613175,11,0.2,0.5,20.6976743407572,22.3043106539569,0.00103154878960284,0.000250595251768722,0.374999238779067,288,5801,1,"1","diploid","female"
"863","0","0","0","0",-0.412609130144119,2956.77612304688,"map_5801_1_2",5,70,300,20,5,3.68978014760988,0.1,9.62985448803987,0.378444975993078,0.368115335604606,23,0.2,0.5,20.6976743407572,22.3043106539569,0.0029335093103727,0.000395123348194241,0.329853138235941,288,5801,1,"2","diploid","female"
"864","0","0","0","0",-0.412609130144119,2956.77612304688,"map_5801_1_3",5,70,300,20,5,4.52460217635649,0.1,7.54322834599445,0.0404308747272678,1.3306133684674,14,0.2,0.5,20.6976743407572,22.3043106539569,0.000193016238480674,2.90186532888448e-06,0.93068141349844,288,5801,1,"3","diploid","female"
"865","0","0","0","0",0.0124342059716582,3033.669921875,"map_5813_1_1",5,70,300,20,5,3.26778549739938,0.1,9.83246938648678,0.162460015812447,3.5013430597855,51,0.2,0.5,112.517780516235,21.8807070870468,0.00183873654773078,0.00329713481463095,0.251497549981069,289,5813,1,"1","diploid","female"
"866","0","0","0","0",0.0124342059716582,3033.669921875,"map_5813_1_2",5,70,300,20,5,9.22632641154873,0.1,12.268994349924,0.212351441171489,3.87536834026626,57,0.2,0.5,112.517780516235,21.8807070870468,0.00396736083423778,0.01386366848261,0.252044811519608,289,5813,1,"2","diploid","female"
"867","0","0","0","0",0.0124342059716582,3033.669921875,"map_5813_1_3",5,70,300,20,5,2.78637667468671,0.1,8.84660617312696,0.136236628845975,2.94022464178524,32,0.2,0.5,112.517780516235,21.8807070870468,0.00110496863785162,0.000768938685218658,0.311292201555841,289,5813,1,"3","diploid","female"
"868","0","0","0","0",-0.418908834457397,3163.7802734375,"map_5815_1_1",5,70,300,20,5,5.11578590118862,0.1,12.1513931911472,0.23795581336602,2.45423307851785,81,0.2,0.5,113.38282042722,21.8560448368786,0.00402487020473191,0.00975421174254177,0.182001412426093,290,5815,1,"1","diploid","female"
"869","0","0","0","0",-0.418908834457397,3163.7802734375,"map_5815_1_2",5,70,300,20,5,6.40681456734766,0.1,10.5614049052733,0.2400974350673,2.52445615500859,57,0.2,0.5,113.38282042722,21.8560448368786,0.00287473291454254,0.00529498381366917,0.446864107278426,290,5815,1,"2","diploid","female"
"870","0","0","0","0",-0.418908834457397,3163.7802734375,"map_5815_1_3",5,70,300,20,5,4.14769468724041,0.1,7.33112047387726,0.192700796727287,2.25596020285354,144,0.2,0.5,113.38282042722,21.8560448368786,0.0010042570351469,0.000249629463251917,0.414221520832484,290,5815,1,"3","diploid","female"
"871","0","0","0","0",-0.611893117427826,2900.72534179688,"map_5859_1_1",5,70,300,20,5,0,0.1,11.6913794460879,0.234813352035345,1.12017354434749,9,0.2,0.5,82.4814568579791,22.9853395903493,0.00404024693754941,0.0115499222194284,0.254984789744387,291,5859,1,"1","diploid","female"
"872","0","0","0","0",-0.611893117427826,2900.72534179688,"map_5859_1_2",5,70,300,20,5,6.69124024964128,0.1,20.3585202804932,0.312534377026173,1.11114540923625,6,0.2,0.5,82.4814568579791,22.9853395903493,0.013594775732008,0.0360075462330257,0.197500416368099,291,5859,1,"2","diploid","female"
"873","0","0","0","0",-0.611893117427826,2900.72534179688,"map_5859_1_3",5,70,300,20,5,1.83735667048273,0.1,7.5811770959743,0.215809803482299,1.24426786750607,4,0.2,0.5,82.4814568579791,22.9853395903493,0.00115157845440152,0.000287988991025042,0.401507150146205,291,5859,1,"3","diploid","female"
"874","0","0","0","0",-0.904054284095764,2983.18530273438,"map_5861_1_1",5,70,300,20,5,1.82510512581811,0.1,12.5477924943753,0.130035574963788,1.1624057115339,51,0.2,0.5,79.363707206574,22.7479275083489,0.00244965854954544,0.0075254154839387,0.283984607171142,292,5861,1,"1","diploid","female"
"875","0","0","0","0",-0.904054284095764,2983.18530273438,"map_5861_1_2",5,70,300,20,5,6.71098762893732,0.1,17.0017184304349,0.150852374895845,1.75780722014334,58,0.2,0.5,79.363707206574,22.7479275083489,0.00618773401734434,0.0291685908010794,0.362855161090483,292,5861,1,"2","diploid","female"
"876","0","0","0","0",-0.904054284095764,2983.18530273438,"map_5861_1_3",5,70,300,20,5,1.88910308988549,0.1,8.72695033813454,0.0610347986256971,1.2661868926868,36,0.2,0.5,79.363707206574,22.7479275083489,0.000413384370978364,6.04193297744115e-05,0.593447076167984,292,5861,1,"3","diploid","female"
"877","0","0","0","0",-0.911300837993622,2974.29516601562,"map_5862_1_1",5,70,300,20,5,2.40048486962949,0.1,14.0387751475559,0.13898462983846,1.11055766720742,53,0.2,0.5,76.5053116364336,22.7937636137801,0.0029207361873832,0.00488157884462488,0.237347740442125,293,5862,1,"1","diploid","female"
"878","0","0","0","0",-0.911300837993622,2974.29516601562,"map_5862_1_2",5,70,300,20,5,3.11985834470129,0.1,16.286548631739,0.43645891010212,0.340712506489924,75,0.2,0.5,76.5053116364336,22.7937636137801,0.0098509175576608,0.00580415207040398,0.233343481979896,293,5862,1,"2","diploid","female"
"879","0","0","0","0",-0.911300837993622,2974.29516601562,"map_5862_1_3",5,70,300,20,5,3.39401007745838,0.1,8.41138142172303,0.0581528081423666,1.18575150137156,36,0.2,0.5,76.5053116364336,22.7937636137801,0.000354257374404214,2.4674160001562e-05,0.574612450524028,293,5862,1,"3","diploid","female"
"880","0","0","0","0",-0.903569638729095,2972.44848632812,"map_5863_1_1",5,70,300,20,5,2.64772652294092,0.1,14.5462659977711,0.131896228782,1.03093188408456,87,0.2,0.5,84.6420663535793,22.7267857696263,0.00331502952190611,0.0124168222045451,0.429741867991373,294,5863,1,"1","diploid","female"
"881","0","0","0","0",-0.903569638729095,2972.44848632812,"map_5863_1_2",5,70,300,20,5,5.3304023013843,0.1,12.3589179948539,0.801891187895907,0.241028879901524,185,0.2,0.5,84.6420663535793,22.7267857696263,0.0162671693755853,0.0804502011351021,0.195823445908392,294,5863,1,"2","diploid","female"
"882","0","0","0","0",-0.903569638729095,2972.44848632812,"map_5863_1_3",5,70,300,20,5,2.78255057534721,0.1,7.64090696142041,0.0486406958904525,1.09645038531194,80,0.2,0.5,84.6420663535793,22.7267857696263,0.00025579412381537,4.73947558759119e-05,0.903701167180154,294,5863,1,"3","diploid","female"
"883","0","0","0","0",-0.779862642288208,2997.47802734375,"map_5865_1_1",5,70,300,20,5,2.82295833575893,0.1,11.8499739573963,0.0892723520200663,1.31739274541798,47,0.2,0.5,86.6319905911569,22.4783040085768,0.00132400976479026,0.00256329362347779,0.270369249016647,295,5865,1,"1","diploid","female"
"884","0","0","0","0",-0.779862642288208,2997.47802734375,"map_5865_1_2",5,70,300,20,5,3.52198897225662,0.1,11.6887407103465,0.0794808287756704,1.89070283471336,56,0.2,0.5,86.6319905911569,22.4783040085768,0.00111715777162774,0.00165430564792375,0.376254581419241,295,5865,1,"2","diploid","female"
"885","0","0","0","0",-0.779862642288208,2997.47802734375,"map_5865_1_3",5,70,300,20,5,3.83384161207221,0.1,8.32942887444973,0.0369921349336587,1.34560263385493,47,0.2,0.5,86.6319905911569,22.4783040085768,0.000231822737747692,3.31884403016917e-05,0.588153703190719,295,5865,1,"3","diploid","female"
"886","0","0","0","0",-0.870465636253357,2950.28442382812,"map_5873_1_1",5,70,300,20,5,2.73586318920843,0.1,15.9704459956587,0.13449692284666,1.37011790724836,30,0.2,0.5,90.29312230107,21.9750438090311,0.00378014096142072,0.0137473221639915,0.209615866165199,296,5873,1,"1","diploid","female"
"887","0","0","0","0",-0.870465636253357,2950.28442382812,"map_5873_1_2",5,70,300,20,5,2.8974491159228,0.1,24.9439642565659,0.315287517412881,0.709170158615125,74,0.2,0.5,90.29312230107,21.9750438090311,0.0189077120453207,0.110412920660489,0.163669445847826,296,5873,1,"2","diploid","female"
"888","0","0","0","0",-0.870465636253357,2950.28442382812,"map_5873_1_3",5,70,300,20,5,3.50394981711313,0.1,7.6211631227858,0.0540621113451378,1.07064283859939,31,0.2,0.5,90.29312230107,21.9750438090311,0.000290175823819136,4.52544575557396e-05,0.697870927499766,296,5873,1,"3","diploid","female"
"889","0","0","0","0",-0.806066393852234,2958.58618164062,"map_5874_1_1",5,70,300,20,5,2.82148830966866,0.1,13.1166250937623,0.0999371575475666,1.52571006205449,20,0.2,0.5,66.0944401164387,21.9573759900639,0.00181747520436,0.002658125596255,0.203421068070013,297,5874,1,"1","diploid","female"
"890","0","0","0","0",-0.806066393852234,2958.58618164062,"map_5874_1_2",5,70,300,20,5,2.95668613943652,0.1,20.1883114775705,0.352644681544657,0.660318354798109,77,0.2,0.5,66.0944401164387,21.9573759900639,0.0133581465660052,0.0308494018977269,0.122360919366074,297,5874,1,"2","diploid","female"
"891","0","0","0","0",-0.806066393852234,2958.58618164062,"map_5874_1_3",5,70,300,20,5,3.81894408221511,0.1,8.34619840339867,0.0471640464658231,1.18178634399365,18,0.2,0.5,66.0944401164387,21.9573759900639,0.000306262833489352,7.91346425925171e-06,0.2055381533959,297,5874,1,"3","diploid","female"
"892","0","0","0","0",-0.849452614784241,2975.453125,"map_5875_1_1",5,70,300,20,5,2.78531829375236,0.1,10.7649133378396,0.112058645568377,1.30817663605904,31,0.2,0.5,64.6349338312878,22.0296861409877,0.00146863414883373,0.00261337356679343,0.299060892556285,298,5875,1,"1","diploid","female"
"893","0","0","0","0",-0.849452614784241,2975.453125,"map_5875_1_2",5,70,300,20,5,2.98471438518648,0.1,20.648691778467,0.196070620583663,1.0562174472529,39,0.2,0.5,64.6349338312878,22.0296861409877,0.00769118758814194,0.0165546165442081,0.295888870148684,298,5875,1,"2","diploid","female"
"894","0","0","0","0",-0.849452614784241,2975.453125,"map_5875_1_3",5,70,300,20,5,3.90828400602016,0.1,6.33972403044709,0.0638429917718504,1.08718556984337,66,0.2,0.5,64.6349338312878,22.0296861409877,0.000229746689810331,5.31446452672279e-06,0.672762248390718,298,5875,1,"3","diploid","female"
"895","0","0","0","0",-0.918882548809052,2999.05908203125,"map_5876_1_1",5,70,300,20,5,2.04530713730873,0.1,7.40306982483693,0.356202624105406,1.31501960806569,66,0.2,0.5,70.4159915328422,21.4828956113965,0.00190716733278379,0.00168642054067633,0.7499621893439,299,5876,1,"1","diploid","female"
"896","0","0","0","0",-0.918882548809052,2999.05908203125,"map_5876_1_2",5,70,300,20,5,5.36556777927383,0.1,15.6561401626994,0.545586248556687,0.331154634446623,171,0.2,0.5,70.4159915328422,21.4828956113965,0.0125194733541456,0.0158019701958263,0.108700547085147,299,5876,1,"2","diploid","female"
"897","0","0","0","0",-0.918882548809052,2999.05908203125,"map_5876_1_3",5,70,300,20,5,2.21653650672309,0.1,6.83035385296812,0.0790347171378996,1.124130080963,51,0.2,0.5,70.4159915328422,21.4828956113965,0.000308634949576913,1.08415751706371e-05,0.874916359026785,299,5876,1,"3","diploid","female"
"898","0","0","0","0",-0.952279388904572,3012.0205078125,"map_5877_1_1",5,70,300,20,5,2.9564825925865,0.1,8.29580030860404,0.105568626775931,1.4066475716666,24,0.2,0.5,52.0117088936492,21.4754194299776,0.000763353742034963,0.000593686733503119,0.302798583941653,300,5877,1,"1","diploid","female"
"899","0","0","0","0",-0.952279388904572,3012.0205078125,"map_5877_1_2",5,70,300,20,5,2.79671917847561,0.1,16.0464568958449,0.169460937039992,1.16485127937352,33,0.2,0.5,52.0117088936492,21.4754194299776,0.00445982932614976,0.0149211953216894,0.347879288232021,300,5877,1,"2","diploid","female"
"900","0","0","0","0",-0.952279388904572,3012.0205078125,"map_5877_1_3",5,70,300,20,5,4.46572548051972,0.1,5.75009681691373,0.0524586238539318,0.865120455960371,48,0.2,0.5,52.0117088936492,21.4754194299776,0.00014606286883074,1.82993255967603e-07,0.828613057785695,300,5877,1,"3","diploid","female"
"901","0","0","0","0",-0.944848775863647,3026.81665039062,"map_5878_1_1",5,70,300,20,5,2.88551654118005,0.1,8.10621054923782,0.070852200022021,1.2167992955208,5,0.2,0.5,50.8970092491454,21.4738602178833,0.000416707927074425,0.000106901947406195,0.456824227204633,301,5878,1,"1","diploid","female"
"902","0","0","0","0",-0.944848775863647,3026.81665039062,"map_5878_1_2",5,70,300,20,5,4.17358793008095,0.1,8.49345076302029,0.0888132388665335,1.41316108470427,6,0.2,0.5,50.8970092491454,21.4738602178833,0.000604897258179322,0.00040722427193354,0.651521271815524,301,5878,1,"2","diploid","female"
"903","0","0","0","0",-0.944848775863647,3026.81665039062,"map_5878_1_3",5,70,300,20,5,3.47702655145651,0.1,6.82104746362061,0.0196716846416594,0.988792328366777,4,0.2,0.5,50.8970092491454,21.4738602178833,7.61576523830417e-05,3.55236593344763e-07,0.7585636824982,301,5878,1,"3","diploid","female"
"904","0","0","0","0",-0.827218413352966,3134.01806640625,"map_5910_1_1",5,70,300,20,5,3.63903654199081,0.1,7.65249864077824,0.0874986611471054,1.47764044537229,14,0.2,0.5,23.7582921330319,21.2844624461262,0.000436382358043234,2.64192582418246e-05,0.48731555236232,302,5910,1,"1","diploid","female"
"905","0","0","0","0",-0.827218413352966,3134.01806640625,"map_5910_1_2",5,70,300,20,5,3.4605238662203,0.1,7.74709596979819,0.0842097305261022,1.54938486216474,13,0.2,0.5,23.7582921330319,21.2844624461262,0.000422359507401953,1.45525592738658e-05,0.726358504663522,302,5910,1,"2","diploid","female"
"906","0","0","0","0",-0.827218413352966,3134.01806640625,"map_5910_1_3",5,70,300,20,5,4.86366940468731,0.1,6.65140833468525,0.0305558095317558,1.11615684020062,16,0.2,0.5,23.7582921330319,21.2844624461262,0.000111324693259686,4.33541669169276e-08,0.83821103311507,302,5910,1,"3","diploid","female"
"907","0","0","0","0",-0.226664051413536,3114.83227539062,"map_5918_1_1",5,70,300,20,5,5.78031336448173,0.1,11.9139053805871,0.157527431607155,2.42470917911124,40,0.2,0.5,113.248895176225,21.9107247898613,0.0022601005770565,0.00369577154287502,0.279172337860519,303,5918,1,"1","diploid","female"
"908","0","0","0","0",-0.226664051413536,3114.83227539062,"map_5918_1_2",5,70,300,20,5,6.91135453626473,0.1,9.38316200550901,0.570780934210697,0.497975285533129,47,0.2,0.5,113.248895176225,21.9107247898613,0.00436194331649465,0.00170901772436379,0.279241562332941,303,5918,1,"2","diploid","female"
"909","0","0","0","0",-0.226664051413536,3114.83227539062,"map_5918_1_3",5,70,300,20,5,4.97119083402443,0.1,8.53639966873673,0.102788386304816,2.38367486405166,159,0.2,0.5,113.248895176225,21.9107247898613,0.000734212342287692,0.0004995437816797,0.412531537469968,303,5918,1,"3","diploid","female"
"910","0","0","0","0",-0.438558220863342,3137.98193359375,"map_5919_1_1",5,70,300,20,5,5.02859696558445,0.1,9.39369071776821,0.240711031077753,2.32418491324433,6,0.2,0.5,113.911876482029,21.8722884641797,0.0023497359578396,0.00312333522574878,0.245745845121662,304,5919,1,"1","diploid","female"
"911","0","0","0","0",-0.438558220863342,3137.98193359375,"map_5919_1_2",5,70,300,20,5,6.18263929228467,0.1,10.7157987452088,0.310405911458188,1.48062492947499,4,0.2,0.5,113.911876482029,21.8722884641797,0.00326187266526374,0.000520511847131541,0.35743977904282,304,5919,1,"2","diploid","female"
"912","0","0","0","0",-0.438558220863342,3137.98193359375,"map_5919_1_3",5,70,300,20,5,4.37542164513315,0.1,6.51860093918502,0.203066757975695,2.10176504587182,3,0.2,0.5,113.911876482029,21.8722884641797,0.00078287229941176,8.58294596812007e-05,0.515030664132638,304,5919,1,"3","diploid","female"
"913","0","0","0","0",-0.835370182991028,2885.38208007812,"map_5964_1_1",5,70,300,20,5,2.17638969709255,0.1,17.7886764868953,0.213220994270124,0.895967475029493,9,0.2,0.5,80.1895337405791,23.0080461470392,0.0080809486575665,0.0476618347680973,0.1435689471384,305,5964,1,"1","diploid","female"
"914","0","0","0","0",-0.835370182991028,2885.38208007812,"map_5964_1_2",5,70,300,20,5,2.65161456400856,0.1,28.1203930030617,0.231562171870205,1.37072681366308,6,0.2,0.5,80.1895337405791,23.0080461470392,0.0181619265455912,0.120819639857321,0.185612477071063,305,5964,1,"2","diploid","female"
"915","0","0","0","0",-0.835370182991028,2885.38208007812,"map_5964_1_3",5,70,300,20,5,2.45461905593201,0.1,8.73795393370281,0.128182671489254,0.802928216361782,4,0.2,0.5,80.1895337405791,23.0080461470392,0.000947648773095152,0.000582917247205228,0.451247928869088,305,5964,1,"3","diploid","female"
"916","0","0","0","0",-0.942326784133911,2902.888671875,"map_5965_1_1",5,70,300,20,5,2.16765496555021,0.1,14.9427635193408,0.227494704645654,0.811167501105028,6,0.2,0.5,77.471980142435,22.7711611670645,0.0061374665575311,0.0252497377815036,0.264391549449317,306,5965,1,"1","diploid","female"
"917","0","0","0","0",-0.942326784133911,2902.888671875,"map_5965_1_2",5,70,300,20,5,2.5736844379081,0.1,20.9543578292386,0.394055408489589,0.333418185209154,6,0.2,0.5,77.471980142435,22.7711611670645,0.0176170586982715,0.11293776976219,0.236119378581766,306,5965,1,"2","diploid","female"
"918","0","0","0","0",-0.942326784133911,2902.888671875,"map_5965_1_3",5,70,300,20,5,2.67116543987194,0.1,6.70672714522203,0.119241999383371,0.872614748582534,2,0.2,0.5,77.471980142435,22.7711611670645,0.000458654243776738,2.77658744758365e-05,0.655943795219539,306,5965,1,"3","diploid","female"
"919","0","0","0","0",-0.601273775100708,2921.88232421875,"map_5966_1_1",5,70,300,20,5,0,0.1,17.6855811609082,0.144678320137857,1.1098103581391,57,0.2,0.5,83.509941170778,22.7223892676606,0.00495497378664853,0.0150396562092834,0.198006388186831,307,5966,1,"1","diploid","female"
"920","0","0","0","0",-0.601273775100708,2921.88232421875,"map_5966_1_2",5,70,300,20,5,6.62018216413314,0.1,19.5727993399943,0.386143328794374,0.37177223560776,75,0.2,0.5,83.509941170778,22.7223892676606,0.0130297469977525,0.0261248942637819,0.156629418900343,307,5966,1,"2","diploid","female"
"921","0","0","0","0",-0.601273775100708,2921.88232421875,"map_5966_1_3",5,70,300,20,5,3.07706265338914,0.1,9.01532574551633,0.0560174337116494,1.25323880890946,52,0.2,0.5,83.509941170778,22.7223892676606,0.000429266376988311,0.000279799656521313,0.567988164282148,307,5966,1,"3","diploid","female"
"922","0","0","0","0",-0.841536223888397,2938.70068359375,"map_5967_1_1",5,70,300,20,5,2.66641367260541,0.1,12.9803350890971,0.264806410692382,0.826387814923804,65,0.2,0.5,87.7531713061158,22.7155487550585,0.0045353736776483,0.0101844443893641,0.207011388608569,308,5967,1,"1","diploid","female"
"923","0","0","0","0",-0.841536223888397,2938.70068359375,"map_5967_1_2",5,70,300,20,5,5.13386782546039,0.1,9.10174418904575,1.01618788040658,0.184815151788306,124,0.2,0.5,87.7531713061158,22.7155487550585,0.00784540350433787,0.00814948073175267,0.203095531363682,308,5967,1,"2","diploid","female"
"924","0","0","0","0",-0.841536223888397,2938.70068359375,"map_5967_1_3",5,70,300,20,5,2.6032976588966,0.1,8.33249195906492,0.0999985234598873,1.20366366874724,50,0.2,0.5,87.7531713061158,22.7155487550585,0.000594670971460618,8.02283991205221e-05,0.681332132576083,308,5967,1,"3","diploid","female"
"925","0","0","0","0",-0.603221118450165,2949.52661132812,"map_5968_1_1",5,70,300,20,5,3.04181577762596,0.1,14.5656818187263,0.125192245641297,1.55609786703455,32,0.2,0.5,80.6161964264423,22.4717126341489,0.00310525135774731,0.00927544072137871,0.233424647520652,309,5968,1,"1","diploid","female"
"926","0","0","0","0",-0.603221118450165,2949.52661132812,"map_5968_1_2",5,70,300,20,5,3.55613627761903,0.1,16.0061552670065,0.563210434698612,0.211949734759196,101,0.2,0.5,80.6161964264423,22.4717126341489,0.0141399192680319,0.0573552142984438,0.179685921918072,309,5968,1,"2","diploid","female"
"927","0","0","0","0",-0.603221118450165,2949.52661132812,"map_5968_1_3",5,70,300,20,5,3.69958366251293,0.1,7.36336849441063,0.0706117390730656,1.29202477898518,42,0.2,0.5,80.6161964264423,22.4717126341489,0.000377951356078276,8.50788285741035e-05,0.556113920991456,309,5968,1,"3","diploid","female"
"928","0","0","0","0",-0.48116546869278,2958.791015625,"map_5969_1_1",5,70,300,20,5,3.33992752622577,0.1,10.1199615437926,0.204426992465804,1.69911551563414,4,0.2,0.5,85.9015293691641,22.4623527104408,0.00252447894969613,0.00670489535024333,0.218097813727912,310,5969,1,"1","diploid","female"
"929","0","0","0","0",-0.48116546869278,2958.791015625,"map_5969_1_2",5,70,300,20,5,3.92918209895528,0.1,9.70175599375477,0.245496806302618,2.12406912943365,3,0.2,0.5,85.9015293691641,22.4623527104408,0.00278718561576473,0.00704828500811092,0.301693420341578,310,5969,1,"2","diploid","female"
"930","0","0","0","0",-0.48116546869278,2958.791015625,"map_5969_1_3",5,70,300,20,5,3.99134515350146,0.1,7.08056709472075,0.171061082627474,1.66136743658034,2,0.2,0.5,85.9015293691641,22.4623527104408,0.000826624166410105,0.000393813185889559,0.441999368047216,310,5969,1,"3","diploid","female"
"931","0","0","0","0",-0.95382696390152,2947.76049804688,"map_5981_1_1",5,70,300,20,5,2.28174871085996,0.1,5.9430516797522,0.494504570739722,1.09312662669613,14,0.2,0.5,49.2067963732437,22.5505910622057,0.00194546478488318,0.0036330539756452,0.88854765951494,311,5981,1,"1","diploid","female"
"932","0","0","0","0",-0.95382696390152,2947.76049804688,"map_5981_1_2",5,70,300,20,5,2.65919905796174,0.1,5.5407084650925,1.43474445630444,1.24386878502352,102,0.2,0.5,49.2067963732437,22.5505910622057,0.0053587031390288,0.0138503077764239,1.8833364936284,311,5981,1,"2","diploid","female"
"933","0","0","0","0",-0.95382696390152,2947.76049804688,"map_5981_1_3",5,70,300,20,5,3.21245885872549,0.1,5.27511426794924,0.317374730004674,0.962854595489432,4,0.2,0.5,49.2067963732437,22.5505910622057,0.000724920411394302,7.8291201959478e-06,1.00177129950292,311,5981,1,"3","diploid","female"
"934","0","0","0","0",-0.98043555021286,3122.111328125,"map_6016_1_1",5,70,300,20,5,1.32087777749588,0.1,8.25643346191088,0.0920365479598031,1.10466841397455,11,0.2,0.5,24.633298942021,22.5422187944583,0.000575152146334573,0.00020926017353263,0.475426461721644,312,6016,1,"1","diploid","female"
"935","0","0","0","0",-0.98043555021286,3122.111328125,"map_6016_1_2",5,70,300,20,5,3.76030395315115,0.1,7.87752774151813,0.0419799844514722,1.40551004963376,7,0.2,0.5,24.633298942021,22.5422187944583,0.00021957024367356,5.48925306024471e-06,1.02463130568804,312,6016,1,"2","diploid","female"
"936","0","0","0","0",-0.98043555021286,3122.111328125,"map_6016_1_3",5,70,300,20,5,1.72674006335445,0.1,6.47502494248486,0.0550176619031673,1.08178588309592,8,0.2,0.5,24.633298942021,22.5422187944583,0.000195069284806326,2.06445546785973e-07,0.862667540669112,312,6016,1,"3","diploid","female"
"937","0","0","0","0",-0.501658618450165,3104.83081054688,"map_6017_1_1",5,70,300,20,5,3.53952330485115,0.1,7.32028670614901,0.129314576047393,1.40196844127554,11,0.2,0.5,21.8576875291393,22.5760615613902,0.000619956224951917,0.00011995874799178,0.486921305490626,313,6017,1,"1","diploid","female"
"938","0","0","0","0",-0.501658618450165,3104.83081054688,"map_6017_1_2",5,70,300,20,5,4.6473867542598,0.1,6.40937424606482,0.119111323041059,1.65328847684651,7,0.2,0.5,21.8576875291393,22.5760615613902,0.000402473653564032,2.56207897843099e-06,1.0292978714554,313,6017,1,"2","diploid","female"
"939","0","0","0","0",-0.501658618450165,3104.83081054688,"map_6017_1_3",5,70,300,20,5,4.62383536277321,0.1,6.91578999448741,0.0507681745543338,1.47306424875806,12,0.2,0.5,21.8576875291393,22.5760615613902,0.000204827647018819,3.01502662778199e-06,0.774266958357718,313,6017,1,"3","diploid","female"
"940","0","0","0","0",-0.16765695810318,3022.61059570312,"map_6018_1_1",5,70,300,20,5,2.10295790187014,0.1,6.77792252022978,0.366043668053409,1.69894052827143,43,0.2,0.5,40.123632061125,22.5594214548172,0.00149773203824851,0.000559964637969113,0.7792749809363,314,6018,1,"1","diploid","female"
"941","0","0","0","0",-0.16765695810318,3022.61059570312,"map_6018_1_2",5,70,300,20,5,6.80260041254092,0.1,5.47723766217593,1.84875067680725,1.90861313181724,3,0.2,0.5,40.123632061125,22.5594214548172,0.00451501417338362,0.00030245757130948,1.57678704259177,314,6018,1,"2","diploid","female"
"942","0","0","0","0",-0.16765695810318,3022.61059570312,"map_6018_1_3",5,70,300,20,5,2.07349962061424,0.1,6.7976802422701,0.115753050372649,1.77583149461899,103,0.2,0.5,40.123632061125,22.5594214548172,0.000458950929503526,7.05593078724629e-05,0.750790181337236,314,6018,1,"3","diploid","female"
"943","0","0","0","0",-0.123544111847878,2981.578125,"map_6020_1_1",5,70,300,20,5,3.53272073921698,0.1,8.7622569135996,0.128857076471091,1.86369071097286,31,0.2,0.5,41.0459129160821,22.5414679961347,0.00107323205148145,0.00175497522337832,0.382531751972932,315,6020,1,"1","diploid","female"
"944","0","0","0","0",-0.123544111847878,2981.578125,"map_6020_1_2",5,70,300,20,5,6.00505577382575,0.1,9.24564950111125,0.152841941137007,2.26889664534692,30,0.2,0.5,41.0459129160821,22.5414679961347,0.00154771468711497,0.00294744502051854,0.489683211653477,315,6020,1,"2","diploid","female"
"945","0","0","0","0",-0.123544111847878,2981.578125,"map_6020_1_3",5,70,300,20,5,3.44042207381306,0.1,7.6663143891892,0.0663705218932424,1.77142462011833,101,0.2,0.5,41.0459129160821,22.5414679961347,0.000355602347480967,8.30662328314795e-05,0.59574374923688,315,6020,1,"3","diploid","female"
"946","0","0","0","0",-0.55692857503891,3037.66333007812,"map_6021_1_1",5,70,300,20,5,3.46879747457141,0.1,8.08759050620822,0.242567063093741,1.27575959501058,34,0.2,0.5,40.7199493412956,22.3513628831866,0.00135621596542334,0.000231758763666319,0.714321795532859,316,6021,1,"1","diploid","female"
"947","0","0","0","0",-0.55692857503891,3037.66333007812,"map_6021_1_2",5,70,300,20,5,4.04607009800447,0.1,6.34331970750127,1.08438791286285,0.713903620320909,23,0.2,0.5,40.7199493412956,22.3513628831866,0.00357041263199849,9.46071160491618e-05,0.983120345541697,316,6021,1,"2","diploid","female"
"948","0","0","0","0",-0.55692857503891,3037.66333007812,"map_6021_1_3",5,70,300,20,5,4.7303960855215,0.1,7.10476013155845,0.09315829906142,1.51170493454923,86,0.2,0.5,40.7199493412956,22.3513628831866,0.00040969168974919,8.03766204269321e-06,0.824400035439074,316,6021,1,"3","diploid","female"
"949","0","0","0","0",-0.758329272270203,3090.41381835938,"map_6022_1_1",5,70,300,20,5,3.10996489565323,0.1,10.451736250549,0.121401855666408,1.16571465580179,16,0.2,0.5,44.9739659165227,22.2918899595276,0.00116694027299381,0.000735652360750848,0.554148916137636,317,6022,1,"1","diploid","female"
"950","0","0","0","0",-0.758329272270203,3090.41381835938,"map_6022_1_2",5,70,300,20,5,3.85080488324215,0.1,8.417113320585,0.608049046179128,0.327467004423684,69,0.2,0.5,44.9739659165227,22.2918899595276,0.00361085041288222,0.000406493117624151,0.472702206066684,317,6022,1,"2","diploid","female"
"951","0","0","0","0",-0.758329272270203,3090.41381835938,"map_6022_1_3",5,70,300,20,5,4.32845980471852,0.1,7.44616052429377,0.0387088148620336,1.32001259674329,14,0.2,0.5,44.9739659165227,22.2918899595276,0.000184187936320186,3.63869505450682e-06,0.942618392229324,317,6022,1,"3","diploid","female"
"952","0","0","0","0",-0.656247496604919,3101.01318359375,"map_6023_1_1",5,70,300,20,5,3.64359097938718,0.1,8.72077464180772,0.0853292692436199,1.62894435960341,11,0.2,0.5,44.9294149297416,21.858805646928,0.000620233172489036,0.000500072705940065,0.428434101541179,318,6023,1,"1","diploid","female"
"953","0","0","0","0",-0.656247496604919,3101.01318359375,"map_6023_1_2",5,70,300,20,5,4.00029749552887,0.1,9.04482805452204,0.0780316904587225,1.92546660745128,10,0.2,0.5,44.9294149297416,21.858805646928,0.000619582711532163,0.000808101811670286,0.706229724841132,318,6023,1,"2","diploid","female"
"954","0","0","0","0",-0.656247496604919,3101.01318359375,"map_6023_1_3",5,70,300,20,5,4.84092949542411,0.1,7.05844613989758,0.0440943715802564,1.3434561075804,12,0.2,0.5,44.9294149297416,21.858805646928,0.000192003627470141,5.19146327841356e-06,0.775617785910396,318,6023,1,"3","diploid","female"
"955","0","0","0","0",-0.0747066736221313,3009.75,"map_6024_1_1",5,70,300,20,5,4.62734249742174,0.1,9.31083283123442,0.0713308987391999,2.17309291870292,12,0.2,0.5,41.901475332108,21.9010150905199,0.000601885955699846,0.00030123123249587,0.387826566400175,319,6024,1,"1","diploid","female"
"956","0","0","0","0",-0.0747066736221313,3009.75,"map_6024_1_2",5,70,300,20,5,6.71835497026536,0.1,12.0961716885098,0.151322165563019,1.47035042272095,15,0.2,0.5,41.901475332108,21.9010150905199,0.00191764979302881,0.0010621611009695,0.48213302592652,319,6024,1,"2","diploid","female"
"957","0","0","0","0",-0.0747066736221313,3009.75,"map_6024_1_3",5,70,300,20,5,4.43472140039608,0.1,8.03744352850945,0.049333974582179,1.87938968777519,20,0.2,0.5,41.901475332108,21.9010150905199,0.000290106398524707,4.5438405675164e-05,0.539836964383786,319,6024,1,"3","diploid","female"
"958","0","0","0","0",-0.574792087078094,2829.94287109375,"map_6068_1_1",5,70,300,20,5,2.39356474321015,0.1,12.7154957745635,0.488124748311818,0.511225900579055,101,0.2,0.5,79.7443509307811,22.9898988527317,0.0097464749704099,0.0351576408030945,0.425135074060653,320,6068,1,"1","diploid","female"
"959","0","0","0","0",-0.574792087078094,2829.94287109375,"map_6068_1_2",5,70,300,20,5,2.65488591036439,0.1,7.69823237413239,1.12425804780812,0.433467565387244,233,0.2,0.5,79.7443509307811,22.9898988527317,0.00740107725257256,0.0135272810287865,0.737389148616226,320,6068,1,"2","diploid","female"
"960","0","0","0","0",-0.574792087078094,2829.94287109375,"map_6068_1_3",5,70,300,20,5,2.03755780946462,0.1,6.61863122379066,0.0895902039309743,0.367788058812657,33,0.2,0.5,79.7443509307811,22.9898988527317,0.000429304185984578,0.000358180361792224,0.339677928767471,320,6068,1,"3","diploid","female"
"961","0","0","0","0",-0.637271165847778,2861.52197265625,"map_6069_1_1",5,70,300,20,5,2.52233684612727,0.1,14.7719529242862,0.459643945660957,0.519810648215122,8,0.2,0.5,74.9283278012196,22.7633870801788,0.0113752220626001,0.0568179693653256,0.139094737708304,321,6069,1,"1","diploid","female"
"962","0","0","0","0",-0.637271165847778,2861.52197265625,"map_6069_1_2",5,70,300,20,5,2.78602189681576,0.1,16.1231368825446,0.777373454858888,0.123023133705433,11,0.2,0.5,74.9283278012196,22.7633870801788,0.0212392663345617,0.0383572658396008,0.090066860988157,321,6069,1,"2","diploid","female"
"963","0","0","0","0",-0.637271165847778,2861.52197265625,"map_6069_1_3",5,70,300,20,5,2.49857157552886,0.1,9.85511619992424,0.0180033268500326,0.188498860599249,2,0.2,0.5,74.9283278012196,22.7633870801788,0.000183959753193465,0.000154031987311261,0.58336424774909,321,6069,1,"3","diploid","female"
"964","0","0","0","0",-0.325841277837753,2898.72827148438,"map_6070_1_1",5,70,300,20,5,0,0.1,19.442880128063,0.203627870551645,1.09162338255119,64,0.2,0.5,83.2578306831791,22.7403129015782,0.00757194563883718,0.0270893941351349,0.229025986564747,322,6070,1,"1","diploid","female"
"965","0","0","0","0",-0.325841277837753,2898.72827148438,"map_6070_1_2",5,70,300,20,5,7.94531378529584,0.1,17.762005958844,0.43120261086387,0.505690132069176,80,0.2,0.5,83.2578306831791,22.7403129015782,0.0122090943882488,0.012336318313295,0.179139777501816,322,6070,1,"2","diploid","female"
"966","0","0","0","0",-0.325841277837753,2898.72827148438,"map_6070_1_3",5,70,300,20,5,1.84287333758234,0.1,10.7063121989651,0.100020076722438,1.46385566857965,60,0.2,0.5,83.2578306831791,22.7403129015782,0.00109477125769163,0.000978412424548136,0.445747296766984,322,6070,1,"3","diploid","female"
"967","0","0","0","0",-0.749826192855835,2923.23706054688,"map_6072_1_1",5,70,300,20,5,1.73409256393928,0.1,12.4990708724244,0.157065468367637,1.24784478305523,8,0.2,0.5,81.8616078842518,22.4763438688428,0.00298077850212276,0.00894303325311771,0.237124270510677,323,6072,1,"1","diploid","female"
"968","0","0","0","0",-0.749826192855835,2923.23706054688,"map_6072_1_2",5,70,300,20,5,5.38518838741206,0.1,12.9184184202859,0.165486690437609,1.56020347529939,8,0.2,0.5,81.8616078842518,22.4763438688428,0.00358742033242306,0.0117486850777217,0.317598633067363,323,6072,1,"2","diploid","female"
"969","0","0","0","0",-0.749826192855835,2923.23706054688,"map_6072_1_3",5,70,300,20,5,1.60546463756589,0.1,7.6603650510089,0.0659738268199167,1.2105791706532,5,0.2,0.5,81.8616078842518,22.4763438688428,0.000343686394969016,4.78679643104543e-05,0.553207763245622,323,6072,1,"3","diploid","female"
"970","0","0","0","0",-0.669164419174194,2941.1591796875,"map_6073_1_1",5,70,300,20,5,2.88072037848254,0.1,13.5642888487499,0.119235155248994,1.39017977675235,7,0.2,0.5,85.7322574374684,22.4917968209268,0.00295856406115528,0.014177630772642,0.287315902476503,324,6073,1,"1","diploid","female"
"971","0","0","0","0",-0.669164419174194,2941.1591796875,"map_6073_1_2",5,70,300,20,5,3.34177493339211,0.1,24.5377040882347,0.140479871912007,1.7027206786353,7,0.2,0.5,85.7322574374684,22.4917968209268,0.00937832946566616,0.0507932076538678,0.322366365108554,324,6073,1,"2","diploid","female"
"972","0","0","0","0",-0.669164419174194,2941.1591796875,"map_6073_1_3",5,70,300,20,5,3.51125346078634,0.1,7.50094186664757,0.0640126709771012,1.23578291960481,5,0.2,0.5,85.7322574374684,22.4917968209268,0.000325982810570062,0.000106374576903914,0.581698047956216,324,6073,1,"3","diploid","female"
"973","0","0","0","0",-0.842066049575806,2948.95556640625,"map_6074_1_1",5,70,300,20,5,2.58072944769829,0.1,11.9733686093945,0.170500828905234,1.26915589787155,4,0.2,0.5,85.3042307628746,22.4397303284469,0.00310755724032781,0.00856907910678405,0.238434598030804,325,6074,1,"1","diploid","female"
"974","0","0","0","0",-0.842066049575806,2948.95556640625,"map_6074_1_2",5,70,300,20,5,3.04622298563699,0.1,17.7239752307345,0.483219906981865,0.230798003576056,5,0.2,0.5,85.3042307628746,22.4397303284469,0.0129151490747616,0.014179666321468,0.149500456526526,325,6074,1,"2","diploid","female"
"975","0","0","0","0",-0.842066049575806,2948.95556640625,"map_6074_1_3",5,70,300,20,5,3.34743413932128,0.1,7.28456078545034,0.104313235869343,1.26186352891543,2,0.2,0.5,85.3042307628746,22.4397303284469,0.000514911907032106,6.98718048475264e-05,0.518066552805147,325,6074,1,"3","diploid","female"
"976","0","0","0","0",-0.296961724758148,2977.56884765625,"map_6075_1_1",5,70,300,20,5,4.86261851344338,0.1,11.6983541866826,0.2406309562787,1.57844392595478,29,0.2,0.5,85.2331591151481,22.3130183615954,0.00312459470125845,0.00379716303095564,0.29430393650857,326,6075,1,"1","diploid","female"
"977","0","0","0","0",-0.296961724758148,2977.56884765625,"map_6075_1_2",5,70,300,20,5,8.47550362811817,0.1,9.79098158920325,0.712493327320311,0.44529290897162,125,0.2,0.5,85.2331591151481,22.3130183615954,0.00759927174661781,0.0192966348206062,0.561205557739022,326,6075,1,"2","diploid","female"
"978","0","0","0","0",-0.296961724758148,2977.56884765625,"map_6075_1_3",5,70,300,20,5,4.37870887325719,0.1,9.14386112023502,0.131680350691563,2.10365830283371,24,0.2,0.5,85.2331591151481,22.3130183615954,0.000984414107786886,0.000421130696928001,0.488278252633545,326,6075,1,"3","diploid","female"
"979","0","0","0","0",-0.944273591041565,3017.8212890625,"map_6120_1_1",5,70,300,20,5,2.48868314087452,0.1,7.89852989374239,0.0882613923170753,0.987373356107928,13,0.2,0.5,23.9465716069323,22.5496252298619,0.000517951992813634,0.000211005398387069,0.402869039719571,327,6120,1,"1","diploid","female"
"980","0","0","0","0",-0.944273591041565,3017.8212890625,"map_6120_1_2",5,70,300,20,5,3.06010487834002,0.1,8.22578533983419,0.0827600689847135,1.37004665840128,14,0.2,0.5,23.9465716069323,22.5496252298619,0.000589004820365293,0.00029912139127874,0.537798686893743,327,6120,1,"2","diploid","female"
"981","0","0","0","0",-0.944273591041565,3017.8212890625,"map_6120_1_3",5,70,300,20,5,3.86664824354664,0.1,6.51378590954653,0.0292147064204469,0.990706435795891,11,0.2,0.5,23.9465716069323,22.5496252298619,0.0001015436895474,1.15307084815407e-07,0.814278541601065,327,6120,1,"3","diploid","female"
"982","0","0","0","0",-0.97026801109314,3013.92163085938,"map_6121_1_1",5,70,300,20,5,2.03234649319976,0.1,7.12233129714158,0.173960930784176,1.08752480409802,5,0.2,0.5,39.6309027735181,22.5661889199799,0.00088531710689623,0.000553249284640163,0.43169658045473,328,6121,1,"1","diploid","female"
"983","0","0","0","0",-0.97026801109314,3013.92163085938,"map_6121_1_2",5,70,300,20,5,3.71752435628239,0.1,6.62974396120825,0.198476253708109,1.38330420887937,4,0.2,0.5,39.6309027735181,22.5661889199799,0.00092542795868832,0.00101938401827603,0.750312991267945,328,6121,1,"2","diploid","female"
"984","0","0","0","0",-0.97026801109314,3013.92163085938,"map_6121_1_3",5,70,300,20,5,2.55852406467236,0.1,5.62427538851964,0.144536756538953,1.1087539674471,3,0.2,0.5,39.6309027735181,22.5661889199799,0.000386036497614101,1.80776467975349e-06,0.69493233632533,328,6121,1,"3","diploid","female"
"985","0","0","0","0",-0.677154898643494,2969.46704101562,"map_6122_1_1",5,70,300,20,5,2.3889780866115,0.1,9.95900168532748,0.0785012735752598,1.21518323901996,13,0.2,0.5,41.5592292123459,22.5178744019332,0.000824189196839506,0.00140426897940473,0.369286517646338,329,6122,1,"1","diploid","female"
"986","0","0","0","0",-0.677154898643494,2969.46704101562,"map_6122_1_2",5,70,300,20,5,4.09968053537346,0.1,12.9013821301993,0.062971367262807,1.62854319082046,13,0.2,0.5,41.5592292123459,22.5178744019332,0.0012909247807779,0.00707884121628,0.559185202921045,329,6122,1,"2","diploid","female"
"987","0","0","0","0",-0.677154898643494,2969.46704101562,"map_6122_1_3",5,70,300,20,5,2.66670188314113,0.1,7.35877558514868,0.0452640267977388,1.09639333358287,12,0.2,0.5,41.5592292123459,22.5178744019332,0.000222432545201645,1.36336629350109e-05,0.720109630469842,329,6122,1,"3","diploid","female"
"988","0","0","0","0",-0.615037083625793,3053.75830078125,"map_6126_1_1",5,70,300,20,5,3.36744070931207,0.1,9.50071065237258,0.165237621147709,1.35093299677845,29,0.2,0.5,42.9667767979378,22.3252576466811,0.00129314499004449,0.000366990897658142,0.62796331948209,330,6126,1,"1","diploid","female"
"989","0","0","0","0",-0.615037083625793,3053.75830078125,"map_6126_1_2",5,70,300,20,5,4.00250084823063,0.1,7.82848860490559,0.743972834415825,0.362034736058369,60,0.2,0.5,42.9667767979378,22.3252576466811,0.00375845648344791,0.000242105432522012,0.568920663601346,330,6126,1,"2","diploid","female"
"990","0","0","0","0",-0.615037083625793,3053.75830078125,"map_6126_1_3",5,70,300,20,5,4.64605591082997,0.1,6.9196745797174,0.0754336910079013,1.41385138846965,79,0.2,0.5,42.9667767979378,22.3252576466811,0.000322729437833479,6.81283743345248e-06,0.951715566770714,330,6126,1,"3","diploid","female"
"991","0","0","0","0",-0.832774579524994,3041.85205078125,"map_6127_1_1",5,70,300,20,5,1.46143735331532,0.1,8.5911792150432,0.231613612343783,1.04665960954772,39,0.2,0.5,42.8510968201976,22.3288290798994,0.00153356354009646,0.000517287687914763,0.557644547769728,331,6127,1,"1","diploid","female"
"992","0","0","0","0",-0.832774579524994,3041.85205078125,"map_6127_1_2",5,70,300,20,5,3.64339287399807,0.1,8.40690312928137,0.680347487823182,0.304745348905383,111,0.2,0.5,42.8510968201976,22.3288290798994,0.00415813482504704,0.000471238662871935,0.557760660522467,331,6127,1,"2","diploid","female"
"993","0","0","0","0",-0.832774579524994,3041.85205078125,"map_6127_1_3",5,70,300,20,5,1.98718832495257,0.1,6.57068267882046,0.082271777621674,1.16462291405053,60,0.2,0.5,42.8510968201976,22.3288290798994,0.000291089146592202,1.29211524224966e-06,0.984809585112002,331,6127,1,"3","diploid","female"
"994","0","0","0","0",-0.723215937614441,2798.66162109375,"map_6172_1_1",5,70,300,20,5,2.04944480209355,0.1,18.2105399997973,0.292032283980486,0.739742321001702,81,0.2,0.5,75.6772521136211,23.0022377128221,0.0115914400714923,0.0542354437749509,0.113853232305532,332,6172,1,"1","diploid","female"
"995","0","0","0","0",-0.723215937614441,2798.66162109375,"map_6172_1_2",5,70,300,20,5,2.17614212696449,0.1,15.0097097597452,0.222523053722418,0.937131371757675,56,0.2,0.5,75.6772521136211,23.0022377128221,0.00656011025502116,0.0273938390168835,0.274618141485007,332,6172,1,"2","diploid","female"
"996","0","0","0","0",-0.723215937614441,2798.66162109375,"map_6172_1_3",5,70,300,20,5,0,0.1,8.04035192974951,0.020193321420455,0.0903687983228402,26,0.2,0.5,75.6772521136211,23.0022377128221,0.000113026072608036,1.75689854255041e-05,0.4660806427799,332,6172,1,"3","diploid","female"
"997","0","0","0","0",-0.818396151065826,2832.57055664062,"map_6173_1_1",5,70,300,20,5,2.12960509022214,0.1,12.3430213050268,0.563909805917371,0.511988248566968,74,0.2,0.5,82.2558699921516,22.7497315264223,0.011389375751643,0.0494335668540526,0.428523541211534,333,6173,1,"1","diploid","female"
"998","0","0","0","0",-0.818396151065826,2832.57055664062,"map_6173_1_2",5,70,300,20,5,2.2688575352982,0.1,10.5932670272428,1.10897412447526,0.398470189047396,119,0.2,0.5,82.2558699921516,22.7497315264223,0.018373265540003,0.0994381108695478,0.678319109057001,333,6173,1,"2","diploid","female"
"999","0","0","0","0",-0.818396151065826,2832.57055664062,"map_6173_1_3",5,70,300,20,5,0,0.1,6.27543295831074,0.0163712467429529,0.0771180966233723,16,0.2,0.5,82.2558699921516,22.7497315264223,5.81308271841305e-05,2.93034662345585e-06,0.171058399781061,333,6173,1,"3","diploid","female"
"1000","0","0","0","0",-0.700584530830383,2868.64697265625,"map_6174_1_1",5,70,300,20,5,2.44065560534782,0.1,17.7267610510775,0.195713906107647,1.1098614198594,60,0.2,0.5,80.888188482519,22.725997263675,0.00679836752824014,0.0277141756795691,0.144548550231387,334,6174,1,"1","diploid","female"
"1001","0","0","0","0",-0.700584530830383,2868.64697265625,"map_6174_1_2",5,70,300,20,5,2.73168107074149,0.1,18.7804751618745,0.18159997409043,1.52516140015157,91,0.2,0.5,80.888188482519,22.725997263675,0.00659554205501479,0.0252594724983189,0.227101073328427,334,6174,1,"2","diploid","female"
"1002","0","0","0","0",-0.700584530830383,2868.64697265625,"map_6174_1_3",5,70,300,20,5,2.52434916371707,0.1,8.6745773160524,0.126064571143354,1.06058000278761,148,0.2,0.5,80.888188482519,22.725997263675,0.000888174289125345,0.000260993263091316,0.325004634198093,334,6174,1,"3","diploid","female"
"1003","0","0","0","0",-0.514742314815521,2908.66796875,"map_6177_1_1",5,70,300,20,5,3.08055959762821,0.1,10.6953061725454,0.260970854301275,1.69628950636841,10,0.2,0.5,87.081966000934,22.4601046624506,0.00393457337423874,0.0125674431676358,0.207702972295934,335,6177,1,"1","diploid","female"
"1004","0","0","0","0",-0.514742314815521,2908.66796875,"map_6177_1_2",5,70,300,20,5,3.40081034035775,0.1,10.8495276678299,0.330782541191237,1.78716486771811,6,0.2,0.5,87.081966000934,22.4601046624506,0.00581231038752286,0.020147665049539,0.299836854656953,335,6177,1,"2","diploid","female"
"1005","0","0","0","0",-0.514742314815521,2908.66796875,"map_6177_1_3",5,70,300,20,5,3.33599975076222,0.1,6.94275159717898,0.242820283114976,1.57314859717452,4,0.2,0.5,87.081966000934,22.4601046624506,0.00116692387239294,0.000296407830214456,0.447689111739199,335,6177,1,"3","diploid","female"
"1006","0","0","0","0",-0.906168580055237,2903.84204101562,"map_6178_1_1",5,70,300,20,5,2.26531484760183,0.1,15.4695661933567,0.256823737686632,1.17634365590382,7,0.2,0.5,84.3712778234007,22.4886296083233,0.00805022729064551,0.0383105472017928,0.139347713339848,336,6178,1,"1","diploid","female"
"1007","0","0","0","0",-0.906168580055237,2903.84204101562,"map_6178_1_2",5,70,300,20,5,2.49365886597491,0.1,21.640943070741,0.315401709125715,1.16240179010429,6,0.2,0.5,84.3712778234007,22.4886296083233,0.0178247628793615,0.100961678152537,0.110396437756322,336,6178,1,"2","diploid","female"
"1008","0","0","0","0",-0.906168580055237,2903.84204101562,"map_6178_1_3",5,70,300,20,5,2.80949443012117,0.1,8.03483714589585,0.113463901641923,0.706493500940214,3,0.2,0.5,84.3712778234007,22.4886296083233,0.000644055961846427,7.2166139070814e-05,0.512566164184893,336,6178,1,"3","diploid","female"
"1009","0","0","0","0",-0.631078124046326,2933.99731445312,"map_6179_1_1",5,70,300,20,5,3.6939510628808,0.1,6.90218644976904,0.550650238926344,1.53310660263277,18,0.2,0.5,77.3274346356376,22.3222974078072,0.00378247515687409,0.0139751706702964,0.669628056628334,337,6179,1,"1","diploid","female"
"1010","0","0","0","0",-0.631078124046326,2933.99731445312,"map_6179_1_2",5,70,300,20,5,6.18824634769992,0.1,8.70666059083504,1.34091786430207,1.25742021803736,89,0.2,0.5,77.3274346356376,22.3222974078072,0.0188670118484528,0.092412876521106,0.86699937249438,337,6179,1,"2","diploid","female"
"1011","0","0","0","0",-0.631078124046326,2933.99731445312,"map_6179_1_3",5,70,300,20,5,3.38861390116153,0.1,5.5088375107689,0.372014887782132,1.39219630917906,5,0.2,0.5,77.3274346356376,22.3222974078072,0.000992447256701482,0.000163948101173401,0.794523678032568,337,6179,1,"3","diploid","female"
"1012","0","0","0","0",0.337110161781311,2946.58154296875,"map_6207_1_1",5,70,300,20,5,2.47699376004597,0.1,6.71874757788645,0.253801210936799,2.40651477885525,4,0.2,0.5,14.7271394281094,22.4188490558172,0.00112935486060875,0.000192561904879408,0.433227904667927,338,6207,1,"1","diploid","female"
"1013","0","0","0","0",0.337110161781311,2946.58154296875,"map_6207_1_2",5,70,300,20,5,6.84994264268061,0.1,5.71533193270121,0.484436062256855,2.22705665327595,3,0.2,0.5,14.7271394281094,22.4188490558172,0.00142993975807957,8.55635326004825e-05,0.636109364081116,338,6207,1,"2","diploid","female"
"1014","0","0","0","0",0.337110161781311,2946.58154296875,"map_6207_1_3",5,70,300,20,5,2.02670900802129,0.1,6.14854563049029,0.230111365254602,2.19672101982777,2,0.2,0.5,14.7271394281094,22.4188490558172,0.000798730622082207,0.000100077171451547,0.596514598093734,338,6207,1,"3","diploid","female"
"1015","0","0","0","0",-0.773738741874695,2938.90844726562,"map_6224_1_1",5,70,300,20,5,1.9545861052431,0.1,9.21620440979526,0.212747493852429,0.916041599931416,17,0.2,0.5,22.7301346000247,22.5723262355969,0.00158038467418576,0.000603368936240533,0.655673396204844,339,6224,1,"1","diploid","female"
"1016","0","0","0","0",-0.773738741874695,2938.90844726562,"map_6224_1_2",5,70,300,20,5,3.18770932338852,0.1,7.09396227859183,1.01239741564202,0.452508456583632,151,0.2,0.5,22.7301346000247,22.5723262355969,0.00431290473429566,0.000673030647772468,0.796727987023345,339,6224,1,"2","diploid","female"
"1017","0","0","0","0",-0.773738741874695,2938.90844726562,"map_6224_1_3",5,70,300,20,5,2.23528018098761,0.1,7.02820965972547,0.0459508271429261,1.00020993953414,11,0.2,0.5,22.7301346000247,22.5723262355969,0.000194954454758502,1.2719630816463e-06,1.10148514567908,339,6224,1,"3","diploid","female"
"1018","0","0","0","0",0.490330785512924,2992.87231445312,"map_6227_1_1",5,70,300,20,5,3.37232613929184,0.1,6.90989998013018,0.193841844822912,2.95424242470864,5,0.2,0.5,40.8137904694706,22.5691446323331,0.000875261544567437,0.000340156240485747,0.402395861649262,340,6227,1,"1","diploid","female"
"1019","0","0","0","0",0.490330785512924,2992.87231445312,"map_6227_1_2",5,70,300,20,5,7.94301546649012,0.1,6.24725412669644,0.293249343107724,3.23180617315154,3,0.2,0.5,40.8137904694706,22.5691446323331,0.000982481766923078,4.47346249258938e-05,0.692016011893502,340,6227,1,"2","diploid","female"
"1020","0","0","0","0",0.490330785512924,2992.87231445312,"map_6227_1_3",5,70,300,20,5,3.13887488291299,0.1,7.4592119110675,0.183328360560421,2.76613605255777,4,0.2,0.5,40.8137904694706,22.5691446323331,0.00112949794060869,0.00149907410512295,0.401278222277387,340,6227,1,"3","diploid","female"
"1021","0","0","0","0",-0.529510378837585,2951.27734375,"map_6232_1_1",5,70,300,20,5,1.91134224718322,0.1,6.97720827765435,0.291887926019718,1.22847947803038,24,0.2,0.5,41.8611725612336,22.1923549668998,0.00134548906308131,0.00105326155774213,0.756631742821381,341,6232,1,"1","diploid","female"
"1022","0","0","0","0",-0.529510378837585,2951.27734375,"map_6232_1_2",5,70,300,20,5,4.87265277036139,0.1,6.62240713922932,0.930527722826493,1.27752823233423,145,0.2,0.5,41.8611725612336,22.1923549668998,0.00426680509962923,0.00364640198035411,1.19733633152994,341,6232,1,"2","diploid","female"
"1023","0","0","0","0",-0.529510378837585,2951.27734375,"map_6232_1_3",5,70,300,20,5,1.92562581569779,0.1,6.8275938004645,0.0869898945976905,1.18696044314036,15,0.2,0.5,41.8611725612336,22.1923549668998,0.000353220282228361,5.6559403995116e-05,0.746388803467153,341,6232,1,"3","diploid","female"
"1024","0","0","0","0",-0.722663879394531,2916.65673828125,"map_6233_1_1",5,70,300,20,5,2.84700328778039,0.1,9.99485551734166,0.0885482394345509,1.2188764766175,27,0.2,0.5,31.3678998772884,22.1874369117509,0.000927145220302459,0.00114426497534782,0.370332214944519,342,6233,1,"1","diploid","female"
"1025","0","0","0","0",-0.722663879394531,2916.65673828125,"map_6233_1_2",5,70,300,20,5,2.76672954592387,0.1,16.2787982336978,0.0855185086980133,1.36257332457905,34,0.2,0.5,31.3678998772884,22.1874369117509,0.00248416472931183,0.00687027260867994,0.417594403479849,342,6233,1,"2","diploid","female"
"1026","0","0","0","0",-0.722663879394531,2916.65673828125,"map_6233_1_3",5,70,300,20,5,3.47535314721293,0.1,7.08971780540482,0.0499524197543409,0.959608244844094,42,0.2,0.5,31.3678998772884,22.1874369117509,0.000218241376724158,3.34016173520295e-06,0.653188630051546,342,6233,1,"3","diploid","female"
"1027","0","0","0","0",-0.484048455953598,2907.2724609375,"map_6234_1_1",5,70,300,20,5,3.31381696477527,0.1,9.81241527350164,0.138156220348669,1.35757954466092,7,0.2,0.5,30.8117754871267,22.1763029172439,0.00133303258120513,0.00172379366486654,0.297615733703109,343,6234,1,"1","diploid","female"
"1028","0","0","0","0",-0.484048455953598,2907.2724609375,"map_6234_1_2",5,70,300,20,5,3.14711983607778,0.1,12.5133886434254,0.367149489899884,0.397056764121256,10,0.2,0.5,30.8117754871267,22.1763029172439,0.00576028142707733,0.00981955506672929,0.24220220513467,343,6234,1,"2","diploid","female"
"1029","0","0","0","0",-0.484048455953598,2907.2724609375,"map_6234_1_3",5,70,300,20,5,3.69741257852851,0.1,7.01157788915124,0.0647356371783157,1.18229695138507,4,0.2,0.5,30.8117754871267,22.1763029172439,0.000274822193992724,1.56505599654094e-05,0.569180455130595,343,6234,1,"3","diploid","female"
"1030","0","0","0","0",-0.776300609111786,2888.451171875,"map_6283_1_1",5,70,300,20,5,1.82048742845508,0.1,9.39417987525728,0.133810792407833,1.20551725895974,19,0.2,0.5,29.2338651148138,22.322881022693,0.00116905306705821,0.0012499482361221,0.297109648629564,344,6283,1,"1","diploid","female"
"1031","0","0","0","0",-0.776300609111786,2888.451171875,"map_6283_1_2",5,70,300,20,5,2.70707039298978,0.1,10.4569879708175,0.13605066950447,1.27272692085877,20,0.2,0.5,29.2338651148138,22.322881022693,0.00171902573002281,0.00417216870958485,0.408753199736077,344,6283,1,"2","diploid","female"
"1032","0","0","0","0",-0.776300609111786,2888.451171875,"map_6283_1_3",5,70,300,20,5,1.83842580455812,0.1,6.6262800563622,0.0646969656224091,0.794544122266707,17,0.2,0.5,29.2338651148138,22.322881022693,0.000240218506345228,5.65945656463123e-07,0.821781457324088,344,6283,1,"3","diploid","female"
"1033","0","0","0","0",-0.728385806083679,2934.71166992188,"map_6284_1_1",5,70,300,20,5,1.1961174684833,0.1,8.35444299663323,0.11276867937572,1.26335765225754,30,0.2,0.5,27.8068731559372,22.3165299678562,0.000774448291556673,0.000614285143298956,0.368962417100065,345,6284,1,"1","diploid","female"
"1034","0","0","0","0",-0.728385806083679,2934.71166992188,"map_6284_1_2",5,70,300,20,5,3.44301557496052,0.1,9.29476894834841,0.0993654531384777,1.43261442642547,26,0.2,0.5,27.8068731559372,22.3165299678562,0.000883308938525724,0.00115469389485908,0.573186507207724,345,6284,1,"2","diploid","female"
"1035","0","0","0","0",-0.728385806083679,2934.71166992188,"map_6284_1_3",5,70,300,20,5,1.27241821002929,0.1,6.43094832065777,0.0746877519460275,0.999903932320574,68,0.2,0.5,27.8068731559372,22.3165299678562,0.000264189611062788,1.63962299727421e-06,0.720331060783783,345,6284,1,"3","diploid","female"
"1036","0","0","0","0",0.193065002560616,2932.39697265625,"map_6287_1_1",5,70,300,20,5,2.59095084544173,0.1,8.64736577167112,0.294116735308924,1.8885189899901,16,0.2,0.5,37.2643641902759,22.3261778124939,0.00193615012332972,0.000777297445912317,0.582659930331203,346,6287,1,"1","diploid","female"
"1037","0","0","0","0",0.193065002560616,2932.39697265625,"map_6287_1_2",5,70,300,20,5,5.66969128387691,0.1,6.96232039258736,0.667967271546571,0.92786166527185,33,0.2,0.5,37.2643641902759,22.3261778124939,0.00277090896438494,0.000656139224556527,1.0831307845083,346,6287,1,"2","diploid","female"
"1038","0","0","0","0",0.193065002560616,2932.39697265625,"map_6287_1_3",5,70,300,20,5,2.36513111784576,0.1,7.03725016125008,0.123966723064817,2.05211294848327,10,0.2,0.5,37.2643641902759,22.3261778124939,0.000564272695538446,0.000151375908046067,0.672348986466724,346,6287,1,"3","diploid","female"
"1039","0","0","0","0",0.695025682449341,3017.05029296875,"map_6304_1_1",5,70,300,20,5,7.87655408099645,0.1,6.83541915148158,0.23122424168123,4.00221213998901,6,0.2,0.5,55.3229127987675,22.2981014420688,0.00112660646347414,0.00129039986409744,0.368488670479366,347,6304,1,"1","diploid","female"
"1040","0","0","0","0",0.695025682449341,3017.05029296875,"map_6304_1_2",5,70,300,20,5,12.5975762382621,0.1,5.85147059490442,0.438111591646701,4.25603398829488,5,0.2,0.5,55.3229127987675,22.2981014420688,0.00133647449997443,0.000183240922188137,0.662130887760562,347,6304,1,"2","diploid","female"
"1041","0","0","0","0",0.695025682449341,3017.05029296875,"map_6304_1_3",5,70,300,20,5,5.93655733313014,0.1,7.87675798607637,0.231527358200542,3.58159156789837,4,0.2,0.5,55.3229127987675,22.2981014420688,0.0016313949885135,0.00243339239413701,0.337828623760934,347,6304,1,"3","diploid","female"
"1042","0","0","0","0",-0.517848074436188,2894.09912109375,"map_6328_1_1",5,70,300,20,5,2.92767445214542,0.1,9.64968093826262,0.125756094332442,1.25241506849207,19,0.2,0.5,21.9706988112871,22.5732265654064,0.00128570976471189,0.00320658185344801,0.431917452020288,348,6328,1,"1","diploid","female"
"1043","0","0","0","0",-0.517848074436188,2894.09912109375,"map_6328_1_2",5,70,300,20,5,3.0310531603985,0.1,10.9221384182947,0.133390689132921,1.29014621750709,18,0.2,0.5,21.9706988112871,22.5732265654064,0.00184872881406532,0.0055717465699046,0.662687806247872,348,6328,1,"2","diploid","female"
"1044","0","0","0","0",-0.517848074436188,2894.09912109375,"map_6328_1_3",5,70,300,20,5,3.29195321870932,0.1,6.95480991541393,0.0670204372662253,1.05452773959439,20,0.2,0.5,21.9706988112871,22.5732265654064,0.000280812992150598,7.8339585429693e-06,0.689528251101098,348,6328,1,"3","diploid","female"
"1045","0","0","0","0",0.0909290388226509,2929.435546875,"map_6329_1_1",5,70,300,20,5,4.70833953857254,0.1,7.94299443831448,0.209104214125967,2.34992598672629,5,0.2,0.5,40.3532491086725,22.5302896869275,0.00149738434895759,0.00222076403321829,0.299503667722435,349,6329,1,"1","diploid","female"
"1046","0","0","0","0",0.0909290388226509,2929.435546875,"map_6329_1_2",5,70,300,20,5,5.02362705291005,0.1,6.85916607539384,0.301740936195567,2.60383731552565,4,0.2,0.5,40.3532491086725,22.5302896869275,0.00151463360584479,0.00138731266271001,0.491016519977198,349,6329,1,"2","diploid","female"
"1047","0","0","0","0",0.0909290388226509,2929.435546875,"map_6329_1_3",5,70,300,20,5,4.78174331834292,0.1,7.10994390334461,0.184731189977897,2.01684593657196,3,0.2,0.5,40.3532491086725,22.5302896869275,0.000900346393253523,0.000295612707032467,0.415385324928001,349,6329,1,"3","diploid","female"
"1048","0","0","0","0",-0.165780991315842,2981.37182617188,"map_6330_1_1",5,70,300,20,5,2.03429289217034,0.1,7.12941950514767,0.176308603278668,1.88080752306381,5,0.2,0.5,40.653995235893,22.5316296658775,0.000999954054922364,0.00100273335103043,0.361295439109553,350,6330,1,"1","diploid","female"
"1049","0","0","0","0",-0.165780991315842,2981.37182617188,"map_6330_1_2",5,70,300,20,5,6.28179193598519,0.1,7.50380274611346,0.24948039964588,2.26482393769011,4,0.2,0.5,40.653995235893,22.5316296658775,0.00178772861586838,0.0013455805263703,0.491163365822474,350,6330,1,"2","diploid","female"
"1050","0","0","0","0",-0.165780991315842,2981.37182617188,"map_6330_1_3",5,70,300,20,5,1.94947215220739,0.1,6.87564781462243,0.163271049622955,1.86918250141581,4,0.2,0.5,40.653995235893,22.5316296658775,0.000762718166880697,0.000259997152750652,0.393706340223891,350,6330,1,"3","diploid","female"
"1051","0","0","0","0",-0.432417571544647,2999.318359375,"map_6331_1_1",5,70,300,20,5,3.52948959818894,0.1,9.61524286195804,0.169839922880018,1.38656494990542,14,0.2,0.5,39.4223629873852,22.5531556814876,0.00141167508007884,0.000501316871477986,0.330517699819995,351,6331,1,"1","diploid","female"
"1052","0","0","0","0",-0.432417571544647,2999.318359375,"map_6331_1_2",5,70,300,20,5,4.19479382307528,0.1,9.03835663785312,0.54593120747665,0.327334706118122,33,0.2,0.5,39.4223629873852,22.5531556814876,0.00369365570945698,0.000266139612361175,0.381602450633253,351,6331,1,"2","diploid","female"
"1053","0","0","0","0",-0.432417571544647,2999.318359375,"map_6331_1_3",5,70,300,20,5,4.59026653633774,0.1,7.88591521966266,0.0636113978245625,1.56073737118564,15,0.2,0.5,39.4223629873852,22.5531556814876,0.000335418961917904,9.13365478837286e-06,0.795270412797452,351,6331,1,"3","diploid","female"
"1054","0","0","0","0",-0.872067153453827,2985.13452148438,"map_6332_1_1",5,70,300,20,5,2.57848421537058,0.1,7.01174524680099,0.36993643584877,0.931122830690098,8,0.2,0.5,39.1774417015405,22.5903506020243,0.00164991901811739,0.000750987277033804,0.8374373473919,352,6332,1,"1","diploid","female"
"1055","0","0","0","0",-0.872067153453827,2985.13452148438,"map_6332_1_2",5,70,300,20,5,3.07284823872044,0.1,5.86139168943199,1.22066246284273,0.883459530763447,42,0.2,0.5,39.1774417015405,22.5903506020243,0.00354753730167438,0.000645780551243616,1.32474320874707,352,6332,1,"2","diploid","female"
"1056","0","0","0","0",-0.872067153453827,2985.13452148438,"map_6332_1_3",5,70,300,20,5,3.73501979564551,0.1,6.00433804544534,0.146306899162138,1.15609375189881,3,0.2,0.5,39.1774417015405,22.5903506020243,0.000439397142308499,3.92880228558873e-06,0.93752080801205,352,6332,1,"3","diploid","female"
"1057","0","0","0","0",-0.646746814250946,2901.16674804688,"map_6337_1_1",5,70,300,20,5,2.48227010509863,0.1,9.484721984533,0.100225459262966,1.19365352359827,17,0.2,0.5,31.0740161223269,22.1531157636167,0.000957248293722672,0.00142045426741647,0.340664069760295,353,6337,1,"1","diploid","female"
"1058","0","0","0","0",-0.646746814250946,2901.16674804688,"map_6337_1_2",5,70,300,20,5,3.31665660673284,0.1,12.3091861601912,0.0986768903312899,1.30142534408663,18,0.2,0.5,31.0740161223269,22.1531157636167,0.00187178502779773,0.007730345734501,0.428350531951871,353,6337,1,"2","diploid","female"
"1059","0","0","0","0",-0.646746814250946,2901.16674804688,"map_6337_1_3",5,70,300,20,5,2.41398084842738,0.1,6.84154657347681,0.0484912279669635,0.91476919030786,16,0.2,0.5,31.0740161223269,22.1531157636167,0.000202847156060235,6.9809883776686e-06,0.691761242436077,353,6337,1,"3","diploid","female"
"1060","0","0","0","0",-0.877058565616608,2811.3603515625,"map_6386_1_1",5,70,300,20,5,0.877157698251792,0.1,13.663326980605,0.220681993027296,0.673926097521417,66,0.2,0.5,29.2326669258582,22.4865742215551,0.00492260144939814,0.0158254235083176,0.20298506553138,354,6386,1,"1","diploid","female"
"1061","0","0","0","0",-0.877058565616608,2811.3603515625,"map_6386_1_2",5,70,300,20,5,2.22359434086848,0.1,12.7467206659272,0.223225357069611,0.639861450652087,69,0.2,0.5,29.2326669258582,22.4865742215551,0.00440238556977529,0.0133843579568432,0.308005622526554,354,6386,1,"2","diploid","female"
"1062","0","0","0","0",-0.877058565616608,2811.3603515625,"map_6386_1_3",5,70,300,20,5,0.635160676334102,0.1,5.63223249582284,0.02727699737631,0.109598731343415,24,0.2,0.5,29.2326669258582,22.4865742215551,7.13765632611945e-05,4.94201370197077e-08,0.469622075472165,354,6386,1,"3","diploid","female"
"1063","0","0","0","0",-0.820141851902008,2833.48754882812,"map_6387_1_1",5,70,300,20,5,2.21201948570049,0.1,11.4035150985061,0.220737402088773,0.845513804779254,10,0.2,0.5,29.9589345765817,22.3077714039242,0.00354000056894573,0.0127475067422868,0.198073925579809,355,6387,1,"1","diploid","female"
"1064","0","0","0","0",-0.820141851902008,2833.48754882812,"map_6387_1_2",5,70,300,20,5,2.05723615002817,0.1,12.3371701709265,0.240446074687839,0.74884411049822,11,0.2,0.5,29.9589345765817,22.3077714039242,0.00483966227734042,0.0261732612276389,0.265972528931476,355,6387,1,"2","diploid","female"
"1065","0","0","0","0",-0.820141851902008,2833.48754882812,"map_6387_1_3",5,70,300,20,5,0,0.1,5.28501734134504,0.00886670689415624,0.0287331546949278,4,0.2,0.5,29.9589345765817,22.3077714039242,2.03053099963091e-05,1.94237908584202e-08,0.815321005477265,355,6387,1,"3","diploid","female"
"1066","0","0","0","0",-0.704496920108795,2877.02075195312,"map_6388_1_1",5,70,300,20,5,2.55817141197009,0.1,9.01559378402602,0.17219647157165,1.33055265139598,41,0.2,0.5,30.0860518081194,22.3543816014118,0.00151596625184605,0.00209683068394527,0.291740578050249,356,6388,1,"1","diploid","female"
"1067","0","0","0","0",-0.704496920108795,2877.02075195312,"map_6388_1_2",5,70,300,20,5,2.52663259549782,0.1,9.79250772430924,0.164736812022657,1.29389727579465,37,0.2,0.5,30.0860518081194,22.3543816014118,0.00171372446615422,0.00270898989308294,0.399019737829554,356,6388,1,"2","diploid","female"
"1068","0","0","0","0",-0.704496920108795,2877.02075195312,"map_6388_1_3",5,70,300,20,5,2.87958728381859,0.1,7.09269145778311,0.053844508364095,0.602579468864249,67,0.2,0.5,30.0860518081194,22.3543816014118,0.000232497537511403,8.87777270959178e-07,0.89661786296985,356,6388,1,"3","diploid","female"
"1069","0","0","0","0",0.663439095020294,2918.92407226562,"map_6400_1_1",5,70,300,20,5,6.30581187894268,0.1,9.22126561301809,0.157886366760252,2.63498018845981,7,0.2,0.5,19.9710256653123,22.8745413132812,0.00143804680627353,0.00129353388040542,0.295430428479953,357,6400,1,"1","diploid","female"
"1070","0","0","0","0",0.663439095020294,2918.92407226562,"map_6400_1_2",5,70,300,20,5,7.08377633188621,0.1,7.14073885315273,0.168113222882661,2.80141883909095,5,0.2,0.5,19.9710256653123,22.8745413132812,0.000741111560633075,8.02287440015746e-05,0.591251881311189,357,6400,1,"2","diploid","female"
"1071","0","0","0","0",0.663439095020294,2918.92407226562,"map_6400_1_3",5,70,300,20,5,5.61030208803,0.1,8.209593610823,0.134656671982545,2.21935091579409,9,0.2,0.5,19.9710256653123,22.8745413132812,0.000930876339221674,0.000752699676370862,0.364038803291189,357,6400,1,"3","diploid","female"
"1072","0","0","0","0",0.321967393159866,2962.80859375,"map_6406_1_1",5,70,300,20,5,2.90919457949974,0.1,8.56935454709075,0.114587493695277,2.77279610612096,27,0.2,0.5,38.7459838759662,22.301914278455,0.000812362064145866,0.000473522811484205,0.354591432288799,358,6406,1,"1","diploid","female"
"1073","0","0","0","0",0.321967393159866,2962.80859375,"map_6406_1_2",5,70,300,20,5,7.97865438583423,0.1,8.87206819631043,0.126516664191743,2.95787177446699,20,0.2,0.5,38.7459838759662,22.301914278455,0.000913995314557495,0.000312138045378651,0.560103864325155,358,6406,1,"2","diploid","female"
"1074","0","0","0","0",0.321967393159866,2962.80859375,"map_6406_1_3",5,70,300,20,5,2.37179780794249,0.1,8.33351912552316,0.106821481490122,2.39196874502984,117,0.2,0.5,38.7459838759662,22.301914278455,0.000702170559649238,0.00029500114088689,0.390727786183295,358,6406,1,"3","diploid","female"
"1075","0","0","0","0",0.649745106697083,3007.70922851562,"map_6407_1_1",5,70,300,20,5,3.79489016818706,0.1,8.75468985985463,0.0754543925196325,3.12834040964792,21,0.2,0.5,42.0342579482996,22.2466916626078,0.000530929267619155,0.000232414366057815,0.416158902722112,359,6407,1,"1","diploid","female"
"1076","0","0","0","0",0.649745106697083,3007.70922851562,"map_6407_1_2",5,70,300,20,5,10.8131997872941,0.1,7.98850389400599,0.0900328276848634,3.54349647043112,18,0.2,0.5,42.0342579482996,22.2466916626078,0.000497027830210189,7.37340786753777e-05,0.712210689011473,359,6407,1,"2","diploid","female"
"1077","0","0","0","0",0.649745106697083,3007.70922851562,"map_6407_1_3",5,70,300,20,5,2.96336464999321,0.1,10.5540896138864,0.0934304570235142,2.89668888459515,73,0.2,0.5,42.0342579482996,22.2466916626078,0.00110814056335616,0.0021542250203071,0.328293151338015,359,6407,1,"3","diploid","female"
"1078","0","0","0","0",0.162364661693573,3048.6748046875,"map_6408_1_1",5,70,300,20,5,6.05738864914428,0.1,9.77821596741656,0.0987760165069354,2.797062341154,11,0.2,0.5,66.1612099951684,22.2511512485982,0.00106199317570617,0.00205512570170319,0.300080704115317,360,6408,1,"1","diploid","female"
"1079","0","0","0","0",0.162364661693573,3048.6748046875,"map_6408_1_2",5,70,300,20,5,6.96193557780226,0.1,11.6026173282741,0.104850233750701,3.44265467040054,8,0.2,0.5,66.1612099951684,22.2511512485982,0.00147684825677866,0.00085102407353718,0.357979871412925,360,6408,1,"2","diploid","female"
"1080","0","0","0","0",0.162364661693573,3048.6748046875,"map_6408_1_3",5,70,300,20,5,6.06838616461786,0.1,10.1223006529503,0.0995818397009377,2.68877886188453,17,0.2,0.5,66.1612099951684,22.2511512485982,0.00106161364425947,0.000980252421860789,0.245785442917155,360,6408,1,"3","diploid","female"
"1081","0","0","0","0",-0.784228563308716,3075.56958007812,"map_6409_1_1",5,70,300,20,5,3.46868433865767,0.1,7.30286681730666,0.188537598249277,1.63672491272012,5,0.2,0.5,65.8585576329912,21.9051503364166,0.0010605057963925,0.00129298617370292,0.30933192311285,361,6409,1,"1","diploid","female"
"1082","0","0","0","0",-0.784228563308716,3075.56958007812,"map_6409_1_2",5,70,300,20,5,3.80458836115636,0.1,6.88057811912764,0.253565756680442,2.01062040350402,4,0.2,0.5,65.8585576329912,21.9051503364166,0.00133788765935683,0.00241626374220335,0.457008782035447,361,6409,1,"2","diploid","female"
"1083","0","0","0","0",-0.784228563308716,3075.56958007812,"map_6409_1_3",5,70,300,20,5,4.41212649679352,0.1,5.77649691361503,0.14012512577328,1.46823524718049,3,0.2,0.5,65.8585576329912,21.9051503364166,0.00040190372649187,9.53606355795933e-06,0.570265809674686,361,6409,1,"3","diploid","female"
"1084","0","0","0","0",0.599822223186493,2966.71459960938,"map_6416_1_1",5,70,300,20,5,7.46015454741516,0.1,12.5493173029193,0.122126686009698,3.11136196291177,22,0.2,0.5,62.294264102695,22.3957371864868,0.002055039517434,0.00458303173295599,0.204291348587814,362,6416,1,"1","diploid","female"
"1085","0","0","0","0",0.599822223186493,2966.71459960938,"map_6416_1_2",5,70,300,20,5,7.95693320965126,0.1,8.74526026481101,0.133850439199091,3.42582783194129,19,0.2,0.5,62.294264102695,22.3957371864868,0.000999338525717453,0.00084245137257939,0.599402966404783,362,6416,1,"2","diploid","female"
"1086","0","0","0","0",0.599822223186493,2966.71459960938,"map_6416_1_3",5,70,300,20,5,6.56081339279108,0.1,11.8523221948541,0.115521129090661,2.798811675165,70,0.2,0.5,62.294264102695,22.3957371864868,0.00183171352298743,0.00443782861212179,0.25680895682431,362,6416,1,"3","diploid","female"
"1087","0","0","0","0",-0.410787314176559,2867.06762695312,"map_6432_1_1",5,70,300,20,5,2.03991353934977,0.1,10.3618856106261,0.255894517713671,0.975614138684338,49,0.2,0.5,6.79897612108048,22.566353908805,0.00263829757568794,0.0040559607778139,0.454418337429165,363,6432,1,"1","diploid","female"
"1088","0","0","0","0",-0.410787314176559,2867.06762695312,"map_6432_1_2",5,70,300,20,5,2.91612614177647,0.1,7.84667410799586,0.872071776053457,0.276859490174298,74,0.2,0.5,6.79897612108048,22.566353908805,0.00507951147619015,0.00694792843117233,0.569648856503145,363,6432,1,"2","diploid","female"
"1089","0","0","0","0",-0.410787314176559,2867.06762695312,"map_6432_1_3",5,70,300,20,5,1.8145392001954,0.1,6.75682233562015,0.106185406942311,0.972826726131423,93,0.2,0.5,6.79897612108048,22.566353908805,0.000415148808628719,2.72053542964848e-06,0.635112013450967,363,6432,1,"3","diploid","female"
"1090","0","0","0","0",-0.425287216901779,2919.234375,"map_6433_1_1",5,70,300,20,5,3.20274633983695,0.1,10.3311075062692,0.0858215313040602,1.34761226992898,25,0.2,0.5,11.5766028166807,22.5686961160282,0.000925975558904795,0.00122705362826426,0.354400122342373,364,6433,1,"1","diploid","female"
"1091","0","0","0","0",-0.425287216901779,2919.234375,"map_6433_1_2",5,70,300,20,5,3.39462295515769,0.1,13.8872771540541,0.090385592680904,1.3155225520253,26,0.2,0.5,11.5766028166807,22.5686961160282,0.0016052150076174,0.00233430031808168,0.582296932576341,364,6433,1,"2","diploid","female"
"1092","0","0","0","0",-0.425287216901779,2919.234375,"map_6433_1_3",5,70,300,20,5,3.84577162037384,0.1,7.57158184979993,0.0527081463945612,1.2018603646948,75,0.2,0.5,11.5766028166807,22.5686961160282,0.000259661731404397,3.65749008662303e-06,0.631344109270268,364,6433,1,"3","diploid","female"
"1093","0","0","0","0",-0.0349403060972691,2925.5703125,"map_6443_1_1",5,70,300,20,5,4.57791237965826,0.1,6.85881801694687,0.382685270288975,1.77769193782225,5,0.2,0.5,14.1395891670299,22.1737127610351,0.00166986483004294,0.00040389931477035,0.628032559281633,365,6443,1,"1","diploid","female"
"1094","0","0","0","0",-0.0349403060972691,2925.5703125,"map_6443_1_2",5,70,300,20,5,4.29644460766736,0.1,7.34177089640349,0.80969552740175,0.460756448318013,6,0.2,0.5,14.1395891670299,22.1737127610351,0.00411087409590458,0.00158090953559984,0.747003381350513,365,6443,1,"2","diploid","female"
"1095","0","0","0","0",-0.0349403060972691,2925.5703125,"map_6443_1_3",5,70,300,20,5,4.94165538134814,0.1,5.53391442513681,0.326085321298175,1.71562271631694,2,0.2,0.5,14.1395891670299,22.1737127610351,0.000849778267378748,2.14505489440523e-05,0.892365656070936,365,6443,1,"3","diploid","female"
"1096","0","0","0","0",-0.673407673835754,2834.69873046875,"map_6492_1_1",5,70,300,20,5,2.45094290956421,0.1,13.3771082811956,0.208679309607086,1.09305245202789,27,0.2,0.5,31.0620879659869,22.3379463711186,0.00463121162568447,0.0154297865874061,0.228484535237328,366,6492,1,"1","diploid","female"
"1097","0","0","0","0",-0.673407673835754,2834.69873046875,"map_6492_1_2",5,70,300,20,5,2.26927874989037,0.1,18.8685980766676,0.246675269362832,0.677627530612371,31,0.2,0.5,31.0620879659869,22.3379463711186,0.00950359947754737,0.0381641123956832,0.24085322873079,366,6492,1,"2","diploid","female"
"1098","0","0","0","0",-0.673407673835754,2834.69873046875,"map_6492_1_3",5,70,300,20,5,0,0.1,7.24497862305236,0.00362792412644665,0.0439249477211446,17,0.2,0.5,31.0620879659869,22.3379463711186,1.65471934955685e-05,6.49302301858449e-08,0.678533737297244,366,6492,1,"3","diploid","female"
"1099","0","0","0","0",-0.855038702487946,2873.05541992188,"map_6493_1_1",5,70,300,20,5,1.01264734499239,0.1,9.61998871075883,0.391844257002196,0.568652764188455,73,0.2,0.5,29.5231195081063,22.3011689254744,0.00386937193668695,0.00652920329899091,0.573737420701052,367,6493,1,"1","diploid","female"
"1100","0","0","0","0",-0.855038702487946,2873.05541992188,"map_6493_1_2",5,70,300,20,5,2.69299443506029,0.1,9.47291195714388,1.02777611666467,0.260252187807508,144,0.2,0.5,29.5231195081063,22.3011689254744,0.0113720488334285,0.0313637563691547,0.646801849816321,367,6493,1,"2","diploid","female"
"1101","0","0","0","0",-0.855038702487946,2873.05541992188,"map_6493_1_3",5,70,300,20,5,0.938887206498629,0.1,5.55431739759226,0.0135054525950867,0.266296010669654,23,0.2,0.5,29.5231195081063,22.3011689254744,3.52285558454797e-05,1.37757557460177e-07,1.34517272860704,367,6493,1,"3","diploid","female"
"1102","0","0","0","0",-0.596209704875946,3048.8564453125,"map_6512_1_1",5,70,300,20,5,3.60121571141843,0.1,9.27001062968691,0.257520485987093,1.4032907567233,5,0.2,0.5,66.2209561718659,22.2662564696928,0.00211277898723261,0.0019671359866681,0.539361626012701,368,6512,1,"1","diploid","female"
"1103","0","0","0","0",-0.596209704875946,3048.8564453125,"map_6512_1_2",5,70,300,20,5,4.27779369352446,0.1,8.1022899512387,0.930031770127057,0.373804972489223,13,0.2,0.5,66.2209561718659,22.2662564696928,0.0063535517001821,0.00599013775407641,0.576577007795544,368,6512,1,"2","diploid","female"
"1104","0","0","0","0",-0.596209704875946,3048.8564453125,"map_6512_1_3",5,70,300,20,5,4.4402622308118,0.1,6.11365594562814,0.206498569761684,1.73023634837514,2,0.2,0.5,66.2209561718659,22.2662564696928,0.00068589015661211,4.07747477196761e-05,0.805174558905115,368,6512,1,"3","diploid","female"
"1105","0","0","0","0",-0.85686320066452,3048.32885742188,"map_6513_1_1",5,70,300,20,5,3.25042951485228,0.1,9.26766922123541,0.215291768525029,1.25182029671713,37,0.2,0.5,63.8180369918925,21.9625025291908,0.00160554304561498,0.000552007835971356,0.64306231967014,369,6513,1,"1","diploid","female"
"1106","0","0","0","0",-0.85686320066452,3048.32885742188,"map_6513_1_2",5,70,300,20,5,3.48290854702247,0.1,7.00790771344107,1.10255035161306,0.561446002347651,16,0.2,0.5,63.8180369918925,21.9625025291908,0.0045544268926514,0.00051944802128327,0.80127462199082,369,6513,1,"2","diploid","female"
"1107","0","0","0","0",-0.85686320066452,3048.32885742188,"map_6513_1_3",5,70,300,20,5,4.28863926766065,0.1,7.64366604804524,0.0544829076642417,1.30709940633147,65,0.2,0.5,63.8180369918925,21.9625025291908,0.000274194487746003,4.17682581658432e-06,0.946109480253246,369,6513,1,"3","diploid","female"
"1108","0","0","0","0",-0.775897741317749,3049.4609375,"map_6514_1_1",5,70,300,20,5,3.43838282669667,0.1,7.29617710858582,0.178029130834507,1.5495333492883,5,0.2,0.5,67.8048023417146,21.9163397475335,0.0010161667439762,0.000719417416478996,0.38716135572773,370,6514,1,"1","diploid","female"
"1109","0","0","0","0",-0.775897741317749,3049.4609375,"map_6514_1_2",5,70,300,20,5,3.67560943354369,0.1,13.6968820816966,0.276884436611709,1.12525001155681,4,0.2,0.5,67.8048023417146,21.9163397475335,0.00496974730551844,0.00134903509869058,0.226390023778304,370,6514,1,"2","diploid","female"
"1110","0","0","0","0",-0.775897741317749,3049.4609375,"map_6514_1_3",5,70,300,20,5,4.43549880275199,0.1,5.85187522153702,0.127584754480147,1.40482549864275,3,0.2,0.5,67.8048023417146,21.9163397475335,0.000382706115495393,7.06298356123261e-06,0.585715715773756,370,6514,1,"3","diploid","female"
"1111","0","0","0","0",-0.816702008247375,3073.87084960938,"map_6515_1_1",5,70,300,20,5,3.38943642198008,0.1,7.12333985880766,0.198859776601632,1.6196488353306,5,0.2,0.5,65.515765858647,21.9298912420093,0.00108923128263377,0.00112168031004066,0.35867985722098,371,6515,1,"1","diploid","female"
"1112","0","0","0","0",-0.816702008247375,3073.87084960938,"map_6515_1_2",5,70,300,20,5,3.71694939274104,0.1,6.66060216819526,0.258227800607031,1.8899428275721,3,0.2,0.5,65.515765858647,21.9298912420093,0.00124622304860989,0.00128174711535409,0.538689654117048,371,6515,1,"2","diploid","female"
"1113","0","0","0","0",-0.816702008247375,3073.87084960938,"map_6515_1_3",5,70,300,20,5,4.35639814728132,0.1,5.83038394175409,0.185576961898848,1.46808695529639,2,0.2,0.5,65.515765858647,21.9298912420093,0.00054976461184125,1.97262925094495e-05,0.71245159951352,371,6515,1,"3","diploid","female"
"1114","0","0","0","0",-0.866702795028687,3085.01318359375,"map_6516_1_1",5,70,300,20,5,1.63941667391709,0.1,8.62660836564951,0.113177468892804,1.48382533487331,30,0.2,0.5,55.7743044121321,21.9041426099944,0.000845515603579286,0.00107418263059416,0.358700148824412,372,6516,1,"1","diploid","female"
"1115","0","0","0","0",-0.866702795028687,3085.01318359375,"map_6516_1_2",5,70,300,20,5,4.89058978653777,0.1,9.22022959148057,0.110254377340604,1.88563384589118,27,0.2,0.5,55.7743044121321,21.9041426099944,0.00103417590980768,0.00232928633299852,0.533700920501589,372,6516,1,"2","diploid","female"
"1116","0","0","0","0",-0.866702795028687,3085.01318359375,"map_6516_1_3",5,70,300,20,5,1.84295189534912,0.1,6.6989349999636,0.0713987447176161,1.34358818936321,67,0.2,0.5,55.7743044121321,21.9041426099944,0.000274232731462949,1.53357795040175e-06,0.686798486595072,372,6516,1,"3","diploid","female"
"1117","0","0","0","0",0.405183672904968,3001.01782226562,"map_6520_1_1",5,70,300,20,5,3.42699856390767,0.1,12.0764049439167,0.134875633378051,2.60004034799933,33,0.2,0.5,62.8086151237108,22.398311944499,0.00188665507662692,0.00257297247895052,0.394777310087479,373,6520,1,"1","diploid","female"
"1118","0","0","0","0",0.405183672904968,3001.01782226562,"map_6520_1_2",5,70,300,20,5,10.3429847137907,0.1,10.4734701403079,0.116384072488385,2.76668456809224,24,0.2,0.5,62.8086151237108,22.398311944499,0.00114643329984956,0.000593654868201268,0.541769446525207,373,6520,1,"2","diploid","female"
"1119","0","0","0","0",0.405183672904968,3001.01782226562,"map_6520_1_3",5,70,300,20,5,2.7538744868926,0.1,9.85210233517074,0.108854735662227,2.74476195720594,81,0.2,0.5,62.8086151237108,22.398311944499,0.00108889711074743,0.00176996972816665,0.342055288468501,373,6520,1,"3","diploid","female"
"1120","0","0","0","0",-0.102594308555126,2921.73266601562,"map_6547_1_1",5,70,300,20,5,4.35032006945273,0.1,8.63021601387443,0.0981214033284724,1.80235145090455,13,0.2,0.5,13.9098631024509,22.1693993354029,0.000722162224368613,0.00064622952894412,0.449230634303835,374,6547,1,"1","diploid","female"
"1121","0","0","0","0",-0.102594308555126,2921.73266601562,"map_6547_1_2",5,70,300,20,5,4.07407101600483,0.1,12.6223829304428,0.123553313703599,1.38367526935076,13,0.2,0.5,13.9098631024509,22.1693993354029,0.00193449753350735,0.00131925050321787,0.410840868576858,374,6547,1,"2","diploid","female"
"1122","0","0","0","0",-0.102594308555126,2921.73266601562,"map_6547_1_3",5,70,300,20,5,4.74053213037759,0.1,7.1731287586226,0.0597953423047721,1.42463911721062,21,0.2,0.5,13.9098631024509,22.1693993354029,0.000268249554392476,1.20965890005872e-05,0.652153637933937,374,6547,1,"3","diploid","female"
"1123","0","0","0","0",-0.808018267154694,2823.43334960938,"map_6597_1_1",5,70,300,20,5,2.19394538542394,0.1,12.7399330984613,0.403849498079918,0.430718243415474,73,0.2,0.5,29.7955447585381,22.3292110396646,0.00740818258560949,0.0184264563840165,0.316455159932131,375,6597,1,"1","diploid","female"
"1124","0","0","0","0",-0.808018267154694,2823.43334960938,"map_6597_1_2",5,70,300,20,5,2.00753602967312,0.1,12.6294218987032,0.686282364400841,0.117134154782635,167,0.2,0.5,29.7955447585381,22.3292110396646,0.0128408463054857,0.0382222686923652,0.340899139855965,375,6597,1,"2","diploid","female"
"1125","0","0","0","0",-0.808018267154694,2823.43334960938,"map_6597_1_3",5,70,300,20,5,0,0.1,5.60008484594733,0.00478703995824214,0.0193232567031538,40,0.2,0.5,29.7955447585381,22.3292110396646,1.25894894954221e-05,3.03167023906444e-09,0.521252499426338,375,6597,1,"3","diploid","female"
"1126","0","0","0","0",0.46434560418129,2909.08715820312,"map_6601_1_1",5,70,300,20,5,2.72907831043395,0.1,11.4883622237095,0.305239972299785,1.66397022814749,48,0.2,0.5,36.6560639764779,22.779202069423,0.0038241772279547,0.00660047899217117,0.252389383408904,376,6601,1,"1","diploid","female"
"1127","0","0","0","0",0.46434560418129,2909.08715820312,"map_6601_1_2",5,70,300,20,5,8.16297972175506,0.1,9.6757837423778,0.299421100583458,1.52775893996008,28,0.2,0.5,36.6560639764779,22.779202069423,0.00249234863404371,0.00194716513090391,0.405135151129264,376,6601,1,"2","diploid","female"
"1128","0","0","0","0",0.46434560418129,2909.08715820312,"map_6601_1_3",5,70,300,20,5,1.92160246309206,0.1,8.70052035782648,0.170138047955241,2.2214964662877,124,0.2,0.5,36.6560639764779,22.779202069423,0.00128092205131176,0.000945063918170206,0.29275932767683,376,6601,1,"3","diploid","female"
"1129","0","0","0","0",-0.854218661785126,3021.16943359375,"map_6616_1_1",5,70,300,20,5,2.96081676061276,0.1,7.46129991269112,0.357430015071821,1.06716208453464,15,0.2,0.5,65.5874395196224,22.2770205779725,0.00187432821669254,0.00168690927375112,0.732959457036526,377,6616,1,"1","diploid","female"
"1130","0","0","0","0",-0.854218661785126,3021.16943359375,"map_6616_1_2",5,70,300,20,5,3.4555164759357,0.1,6.11108400152005,1.41870500680901,1.08641092430609,171,0.2,0.5,65.5874395196224,22.2770205779725,0.00539723491153544,0.0120069253844096,1.2522191816294,377,6616,1,"2","diploid","female"
"1131","0","0","0","0",-0.854218661785126,3021.16943359375,"map_6616_1_3",5,70,300,20,5,3.92147135108423,0.1,6.93168888078368,0.080109557656568,1.25686669854772,6,0.2,0.5,65.5874395196224,22.2770205779725,0.000321218554154747,5.31550306666967e-06,0.880220484501108,377,6616,1,"3","diploid","female"
"1132","0","0","0","0",0.801839351654053,2844.04418945312,"map_6630_1_1",5,70,300,20,5,5.94370941614917,0.1,10.1563499624577,0.320191768494784,2.66123480230997,8,0.2,0.5,22.1491751285189,23.1292985850658,0.00435553992499674,0.0112791522153438,0.200463892790178,378,6630,1,"1","diploid","female"
"1133","0","0","0","0",0.801839351654053,2844.04418945312,"map_6630_1_2",5,70,300,20,5,0,0.1,6.02627892487311,0.110246965386818,1.32950802877739,3,0.2,0.5,22.1491751285189,23.1292985850658,0.00033115366231335,4.34479254385331e-07,0.681735099508577,378,6630,1,"2","diploid","female"
"1134","0","0","0","0",0.801839351654053,2844.04418945312,"map_6630_1_3",5,70,300,20,5,3.86728766853678,0.1,8.66686864490286,0.316543263368974,1.80673521691757,4,0.2,0.5,22.1491751285189,23.1292985850658,0.00278849519220579,0.00438762582871016,0.267207347541586,378,6630,1,"3","diploid","female"
"1135","0","0","0","0",-0.227207437157631,2881.20678710938,"map_6650_1_1",5,70,300,20,5,3.75332760007942,0.1,7.0304485831133,0.283925780429779,1.67956361474168,10,0.2,0.5,14.2892541873123,22.1826727899866,0.00150514771014166,0.0013951342344715,0.331658455377067,379,6650,1,"1","diploid","female"
"1136","0","0","0","0",-0.227207437157631,2881.20678710938,"map_6650_1_2",5,70,300,20,5,3.35899448898897,0.1,10.9285677203121,0.427751562766629,0.513082622375819,8,0.2,0.5,14.2892541873123,22.1826727899866,0.00507077938223521,0.00842152027852103,0.302672768279574,379,6650,1,"2","diploid","female"
"1137","0","0","0","0",-0.227207437157631,2881.20678710938,"map_6650_1_3",5,70,300,20,5,3.75069577392644,0.1,5.75663446689819,0.222592162059757,1.27132919935259,5,0.2,0.5,14.2892541873123,22.1826727899866,0.000634554171286667,1.41279793350039e-05,0.687341826206675,379,6650,1,"3","diploid","female"
"1138","0","0","0","0",-0.464925438165665,2874.86401367188,"map_6703_1_1",5,70,300,20,5,2.47851259512807,0.1,10.5435289397002,0.277800034143584,1.3222946163147,9,0.2,0.5,40.881977558136,22.6691623975008,0.00349669492828759,0.00598221691303199,0.206364031244527,380,6703,1,"1","diploid","female"
"1139","0","0","0","0",-0.464925438165665,2874.86401367188,"map_6703_1_2",5,70,300,20,5,3.71494838562767,0.1,10.3740956378335,0.701170691203252,0.152318348988953,12,0.2,0.5,40.881977558136,22.6691623975008,0.00664534304451535,0.0033952493360883,0.1539152406454,380,6703,1,"2","diploid","female"
"1140","0","0","0","0",-0.464925438165665,2874.86401367188,"map_6703_1_3",5,70,300,20,5,2.16856485923356,0.1,6.20215052401241,0.24160453207338,1.23570737854734,3,0.2,0.5,40.881977558136,22.6691623975008,0.000840339878638622,4.43861198897297e-05,0.531143202422874,380,6703,1,"3","diploid","female"
"1141","0","0","0","0",-0.587254881858826,2930.1298828125,"map_6704_1_1",5,70,300,20,5,2.78435771550154,0.1,7.75355062371483,0.181996032752506,1.26361547420129,6,0.2,0.5,37.4782958616846,22.7076519409552,0.00119782430813415,0.00182149475496047,0.386428857589603,381,6704,1,"1","diploid","female"
"1142","0","0","0","0",-0.587254881858826,2930.1298828125,"map_6704_1_2",5,70,300,20,5,3.23535422425493,0.1,7.89866933282224,0.183827057487225,1.48133783514143,4,0.2,0.5,37.4782958616846,22.7076519409552,0.00153681431950308,0.0063532167728454,0.688585640226452,381,6704,1,"2","diploid","female"
"1143","0","0","0","0",-0.587254881858826,2930.1298828125,"map_6704_1_3",5,70,300,20,5,3.48659528185084,0.1,6.15783517867908,0.150798868861446,1.20973942945773,3,0.2,0.5,37.4782958616846,22.7076519409552,0.000499520786871499,1.89322008631444e-05,0.543789975001506,381,6704,1,"3","diploid","female"
"1144","0","0","0","0",-0.192572146654129,2937.89208984375,"map_6705_1_1",5,70,300,20,5,3.6523075238784,0.1,8.20286308647423,0.203432750338645,1.77261676931606,6,0.2,0.5,37.3404493648745,22.7799495747715,0.00155546226419293,0.00320414245750129,0.312661049583372,382,6705,1,"1","diploid","female"
"1145","0","0","0","0",-0.192572146654129,2937.89208984375,"map_6705_1_2",5,70,300,20,5,4.31578197007291,0.1,7.282833266868,0.247062116567578,2.0673992200966,4,0.2,0.5,37.3404493648745,22.7799495747715,0.00141927812859173,0.00272234916190277,0.504776710461655,382,6705,1,"2","diploid","female"
"1146","0","0","0","0",-0.192572146654129,2937.89208984375,"map_6705_1_3",5,70,300,20,5,4.20834304079277,0.1,6.15859308052837,0.178351506367387,1.60857449014041,3,0.2,0.5,37.3404493648745,22.7799495747715,0.000603580497814242,5.97245336827428e-05,0.545812176443255,382,6705,1,"3","diploid","female"
"1147","0","0","0","0",0.645153164863586,2893.80883789062,"map_6706_1_1",5,70,300,20,5,6.11907085047866,0.1,10.2340012412005,0.293836653535066,2.64011594644171,8,0.2,0.5,36.8594833891653,22.7658587632121,0.00348003013737378,0.00551625439290138,0.301224281494857,383,6706,1,"1","diploid","female"
"1148","0","0","0","0",0.645153164863586,2893.80883789062,"map_6706_1_2",5,70,300,20,5,6.57083011233799,0.1,5.85763201921158,0.553858885629134,3.01861322542711,6,0.2,0.5,36.8594833891653,22.7658587632121,0.00178795287352722,0.000195527672224911,0.62602685657382,383,6706,1,"2","diploid","female"
"1149","0","0","0","0",0.645153164863586,2893.80883789062,"map_6706_1_3",5,70,300,20,5,5.01632330418217,0.1,7.62230935307445,0.294059758956532,2.3779681616058,4,0.2,0.5,36.8594833891653,22.7658587632121,0.00181769924479271,0.00125473629086848,0.350944922404673,383,6706,1,"3","diploid","female"
"1150","0","0","0","0",0.763917505741119,2856.96508789062,"map_6707_1_1",5,70,300,20,5,6.29875111815294,0.1,10.8338682108546,0.273891123839353,3.26072679024679,6,0.2,0.5,38.0197687384694,22.7423737062304,0.00440426831789481,0.0120353856731842,0.174320577098635,384,6707,1,"1","diploid","female"
"1151","0","0","0","0",0.763917505741119,2856.96508789062,"map_6707_1_2",5,70,300,20,5,6.38017803244468,0.1,6.28573590661076,0.401747306886918,3.44873749622402,4,0.2,0.5,38.0197687384694,22.7423737062304,0.00162139007890545,0.000461168847391827,0.573424890958151,384,6707,1,"2","diploid","female"
"1152","0","0","0","0",0.763917505741119,2856.96508789062,"map_6707_1_3",5,70,300,20,5,4.4089428944663,0.1,9.57324796938502,0.258857501899794,2.10537772838625,4,0.2,0.5,38.0197687384694,22.7423737062304,0.00270399494493645,0.00424147484652981,0.175594102878328,384,6707,1,"3","diploid","female"
"1153","0","0","0","0",0.81109082698822,2899.77783203125,"map_6734_1_1",5,70,300,20,5,6.48167674434504,0.1,11.1914896203994,0.119722542222419,2.7923246833798,13,0.2,0.5,21.9585537010946,23.1599287199948,0.00161757036084411,0.00255942101313523,0.268690647435641,385,6734,1,"1","diploid","female"
"1154","0","0","0","0",0.81109082698822,2899.77783203125,"map_6734_1_2",5,70,300,20,5,7.57964952739533,0.1,8.69452513992936,0.0592244661302536,3.46974736793066,7,0.2,0.5,21.9585537010946,23.1599287199948,0.000396308328681028,6.84194867547082e-05,0.614663719188982,385,6734,1,"2","diploid","female"
"1155","0","0","0","0",0.81109082698822,2899.77783203125,"map_6734_1_3",5,70,300,20,5,5.10727049143635,0.1,12.3466823474908,0.155667307498726,2.11176732918622,32,0.2,0.5,21.9585537010946,23.1599287199948,0.00255600023698537,0.00542878439377088,0.20901556871376,385,6734,1,"3","diploid","female"
"1156","0","0","0","0",0.70844954252243,2807.97802734375,"map_6736_1_1",5,70,300,20,5,5.40675795542332,0.1,8.09094960497418,0.628265898889087,1.8242714710184,54,0.2,0.5,10.1569086125869,22.9308334827951,0.00484966989637533,0.0101967095660419,0.515667102905215,386,6736,1,"1","diploid","female"
"1157","0","0","0","0",0.70844954252243,2807.97802734375,"map_6736_1_2",5,70,300,20,5,0,0.1,8.28043154654426,5.11178660433492e-05,0.00487515972975313,16,0.2,0.5,10.1569086125869,22.9308334827951,3.30717319795559e-07,1.35053056822962e-08,1.00099730405358,386,6736,1,"2","diploid","female"
"1158","0","0","0","0",0.70844954252243,2807.97802734375,"map_6736_1_3",5,70,300,20,5,3.15243013924984,0.1,11.8464718697678,0.0858894162652181,0.987075752330365,125,0.2,0.5,10.1569086125869,22.9308334827951,0.00125576572363699,0.00217471254909277,0.283070094850367,386,6736,1,"3","diploid","female"
"1159","0","0","0","0",0.793379664421082,2793.98852539062,"map_6797_1_1",5,70,300,20,5,0,0.1,19.2905927852658,0.117849565179371,0.46679339255039,135,0.2,0.5,179.145798794059,23.2390129009091,0.0045620918393982,0.0247211265555039,0.130658485897264,387,6797,1,"1","diploid","female"
"1160","0","0","0","0",0.793379664421082,2793.98852539062,"map_6797_1_2",5,70,300,20,5,0,0.1,50.8198112920059,1.0444476987365e-13,0,48,0.2,0.5,179.145798794059,23.2390129009091,2.11893859690674e-14,1.0444476987365e-13,0.295633369661849,387,6797,1,"2","diploid","female"
"1161","0","0","0","0",0.793379664421082,2793.98852539062,"map_6797_1_3",5,70,300,20,5,0,0.1,20.2092091401803,0.189758092882305,0.457998925568974,164,0.2,0.5,179.145798794059,23.2390129009091,0.0084017776780701,0.0407595675837485,0.0830349499839967,387,6797,1,"3","diploid","female"
"1162","0","0","0","0",-0.116548031568527,2859.23120117188,"map_6807_1_1",5,70,300,20,5,3.46787581599456,0.1,9.71264559996369,0.449378617217325,1.03429316619266,83,0.2,0.5,23.2484619792217,22.7118667420887,0.00491761215316258,0.0104698390660848,0.501796905770077,388,6807,1,"1","diploid","female"
"1163","0","0","0","0",-0.116548031568527,2859.23120117188,"map_6807_1_2",5,70,300,20,5,3.55913129332749,0.1,7.37454302377523,1.08987515755423,0.801471058592784,31,0.2,0.5,23.2484619792217,22.7118667420887,0.00700115513075253,0.0172851758493931,1.02735309853802,388,6807,1,"2","diploid","female"
"1164","0","0","0","0",-0.116548031568527,2859.23120117188,"map_6807_1_3",5,70,300,20,5,3.13591158794921,0.1,8.19120472684578,0.158173093322691,1.15518374790058,71,0.2,0.5,23.2484619792217,22.7118667420887,0.000922648950748072,0.0001549218258737,0.579988181635207,388,6807,1,"3","diploid","female"
"1165","0","0","0","0",-0.692656219005585,2923.49633789062,"map_6809_1_1",5,70,300,20,5,1.92856669995103,0.1,13.1001787625396,0.120280131558329,1.11517494812051,16,0.2,0.5,23.1728124917544,22.6428600619666,0.00200610265281203,0.00338733728869238,0.412383813765792,389,6809,1,"1","diploid","female"
"1166","0","0","0","0",-0.692656219005585,2923.49633789062,"map_6809_1_2",5,70,300,20,5,3.16479299906486,0.1,12.4318039368535,0.486305377031203,0.2459412708232,40,0.2,0.5,23.1728124917544,22.6428600619666,0.00703372737658395,0.011140649899457,0.268909282043051,389,6809,1,"2","diploid","female"
"1167","0","0","0","0",-0.692656219005585,2923.49633789062,"map_6809_1_3",5,70,300,20,5,2.12428115693348,0.1,7.15788956521197,0.0576531318198062,1.03545355729607,17,0.2,0.5,23.1728124917544,22.6428600619666,0.000264457835469092,6.37103690970837e-06,0.871794433147167,389,6809,1,"3","diploid","female"
"1168","0","0","0","0",-0.173753172159195,2911.83251953125,"map_6810_1_1",5,70,300,20,5,3.70288055305826,0.1,7.36222155863817,0.229439886559032,1.69103376047376,7,0.2,0.5,24.9040357271995,22.6781745796584,0.00136958139953541,0.00217369054825934,0.387423375578865,390,6810,1,"1","diploid","female"
"1169","0","0","0","0",-0.173753172159195,2911.83251953125,"map_6810_1_2",5,70,300,20,5,3.97065370580171,0.1,6.69661494435817,0.316150700372929,1.73809032444971,5,0.2,0.5,24.9040357271995,22.6781745796584,0.00149790057175165,0.00260242816308431,0.619443142007955,390,6810,1,"2","diploid","female"
"1170","0","0","0","0",-0.173753172159195,2911.83251953125,"map_6810_1_3",5,70,300,20,5,4.05447991660107,0.1,5.79447284642624,0.186906763608798,1.41689981336081,4,0.2,0.5,24.9040357271995,22.6781745796584,0.000547641937474797,1.3703255481279e-05,0.599554470701701,390,6810,1,"3","diploid","female"
"1171","0","0","0","0",0.185478806495667,2881.13720703125,"map_6811_1_1",5,70,300,20,5,1.93447493492573,0.1,7.32326714256086,0.264528634505781,2.02686843680226,8,0.2,0.5,24.3853275978882,22.6184470006662,0.00147246313915477,0.00148898066518584,0.3568926077055,391,6811,1,"1","diploid","female"
"1172","0","0","0","0",0.185478806495667,2881.13720703125,"map_6811_1_2",5,70,300,20,5,5.25084853137336,0.1,6.60137390887213,0.372152315853069,1.81004496533416,5,0.2,0.5,24.3853275978882,22.6184470006662,0.00151718547028962,0.000602645585969763,0.564166447752306,391,6811,1,"2","diploid","female"
"1173","0","0","0","0",0.185478806495667,2881.13720703125,"map_6811_1_3",5,70,300,20,5,1.40393989697705,0.1,5.94664378273932,0.21778752365458,1.58425753766105,5,0.2,0.5,24.3853275978882,22.6184470006662,0.000681891421144825,7.48229214822305e-05,0.589445002985199,391,6811,1,"3","diploid","female"
"1174","0","0","0","0",0.502340376377106,2799.689453125,"map_6946_1_1",5,70,300,20,5,3.41456169703624,0.1,13.4584784833457,0.268032210970129,1.7162166711095,16,0.2,0.5,9.8277323665314,22.9030938893062,0.00561550308433169,0.015490302798265,0.156845824406212,392,6946,1,"1","diploid","female"
"1175","0","0","0","0",0.502340376377106,2799.689453125,"map_6946_1_2",5,70,300,20,5,4.47279835674896,0.1,6.92633622437559,0.00104744023118195,0.00932366426061611,5,0.2,0.5,9.8277323665314,22.9030938893062,4.08583167774823e-06,2.47597035527934e-08,0.989880825126428,392,6946,1,"2","diploid","female"
"1176","0","0","0","0",0.502340376377106,2799.689453125,"map_6946_1_3",5,70,300,20,5,1.78357166505737,0.1,8.74822514654711,0.137291928147149,0.72114282214038,10,0.2,0.5,9.8277323665314,22.9030938893062,0.00100583509513201,0.000610307297644841,0.272435680853621,392,6946,1,"3","diploid","female"
"1177","0","0","0","0",0.561710774898529,2817.70336914062,"map_7007_1_1",5,70,300,20,5,0,0.1,10.248517288699,0.819072960016179,0.272673249592913,90,0.2,0.5,91.6218075915627,23.2407482227482,0.0102351427900727,0.0449461779273261,0.147100168803094,393,7007,1,"1","diploid","female"
"1178","0","0","0","0",0.561710774898529,2817.70336914062,"map_7007_1_2",5,70,300,20,5,0,0.1,6.85739474324266,0.00152540874384959,0.108063162789108,7,0.2,0.5,91.6218075915627,23.2407482227482,7.54031028170707e-06,8.08002997888712e-06,0.872109381201044,393,7007,1,"2","diploid","female"
"1179","0","0","0","0",0.561710774898529,2817.70336914062,"map_7007_1_3",5,70,300,20,5,2.48194783383384,0.1,11.4736497509406,0.219881949332256,0.834792571618667,29,0.2,0.5,91.6218075915627,23.2407482227482,0.00384462626060251,0.0156305621480634,0.461640414874924,393,7007,1,"3","diploid","female"
"1180","0","0","0","0",0.703229188919067,2922.77587890625,"map_7019_1_1",5,70,300,20,5,6.84744850850077,0.1,8.59472374354494,0.30888249969653,2.4918576239927,4,0.2,0.5,26.0706933162042,22.6588722748614,0.00209258755873334,0.00112076914210992,0.484398520447858,394,7019,1,"1","diploid","female"
"1181","0","0","0","0",0.703229188919067,2922.77587890625,"map_7019_1_2",5,70,300,20,5,7.17372226485774,0.1,7.17358253110425,0.408409161838858,1.94981444436845,3,0.2,0.5,26.0706933162042,22.6588722748614,0.0018095629720429,0.000155239857161306,1.45220104342368,394,7019,1,"2","diploid","female"
"1182","0","0","0","0",0.703229188919067,2922.77587890625,"map_7019_1_3",5,70,300,20,5,6.06097220556593,0.1,7.23130395550675,0.261033686963347,2.76918067210279,3,0.2,0.5,26.0706933162042,22.6588722748614,0.00136120970555789,0.000957566544669541,0.541183418146165,394,7019,1,"3","diploid","female"
"1183","0","0","0","0",0.268339335918427,2886.24194335938,"map_7020_1_1",5,70,300,20,5,4.74694119231376,0.1,8.80325406806672,0.34095369040428,1.47669188231579,10,0.2,0.5,25.1294591812002,22.6432744234239,0.00259041984454705,0.00184652268182934,0.475581530961207,395,7020,1,"1","diploid","female"
"1184","0","0","0","0",0.268339335918427,2886.24194335938,"map_7020_1_2",5,70,300,20,5,4.91402671647418,0.1,6.37016303717591,0.796480296220841,1.0665192873153,18,0.2,0.5,25.1294591812002,22.6432744234239,0.00283702215349056,0.000430274308462389,1.23107192954765,395,7020,1,"2","diploid","female"
"1185","0","0","0","0",0.268339335918427,2886.24194335938,"map_7020_1_3",5,70,300,20,5,4.24605692359683,0.1,7.90732881509799,0.137229787495177,1.68042412486453,6,0.2,0.5,25.1294591812002,22.6432744234239,0.000790501740640309,0.000322348217746307,0.581555009676678,395,7020,1,"3","diploid","female"
"1186","0","0","0","0",0.00658190483227372,3022.650390625,"map_7032_1_1",5,70,300,20,5,5.06752415925123,0.1,8.85997163523891,0.110980076089949,2.20324166858009,15,0.2,0.5,59.6081901974852,22.6363970924453,0.000939718228005462,0.00132343231955695,0.309319251512706,396,7032,1,"1","diploid","female"
"1187","0","0","0","0",0.00658190483227372,3022.650390625,"map_7032_1_2",5,70,300,20,5,5.97637759893903,0.1,8.15895867918124,0.092814679297789,2.78749521120316,10,0.2,0.5,59.6081901974852,22.6363970924453,0.000638309578598945,0.000624475985677437,0.541085035762687,396,7032,1,"2","diploid","female"
"1188","0","0","0","0",0.00658190483227372,3022.650390625,"map_7032_1_3",5,70,300,20,5,5.65808442715254,0.1,8.17810938099801,0.105370099305842,2.19151898284347,13,0.2,0.5,59.6081901974852,22.6363970924453,0.000714045092337776,0.000567480981470778,0.408694807943708,396,7032,1,"3","diploid","female"
"1189","0","0","0","0",0.520132839679718,2790.21850585938,"map_7112_1_1",5,70,300,20,5,0,0.1,34.0223947395883,0.278784752303039,0.574136181009579,72,0.2,0.5,90.0588753517482,23.1609319558043,0.0263818924297467,0.219501488451766,0.0865229488431785,397,7112,1,"1","diploid","female"
"1190","0","0","0","0",0.520132839679718,2790.21850585938,"map_7112_1_2",5,70,300,20,5,0,0.1,15.9782046951644,1.22741442662041e-06,2.24711245019358e-07,19,0.2,0.5,90.0588753517482,23.1609319558043,2.50989685505349e-08,2.2417525296584e-10,0.941967704946272,397,7112,1,"2","diploid","female"
"1191","0","0","0","0",0.520132839679718,2790.21850585938,"map_7112_1_3",5,70,300,20,5,0,0.1,10.196536802108,0.0857229647086081,0.312554824557553,64,0.2,0.5,90.0588753517482,23.1609319558043,0.00114795464847065,0.00359971749269543,0.135189786943857,397,7112,1,"3","diploid","female"
"1192","0","0","0","0",0.113953143358231,2906.2021484375,"map_7124_1_1",5,70,300,20,5,3.30088447545674,0.1,9.39432925688095,0.110821077208517,2.08491561037752,34,0.2,0.5,25.6291051685216,22.6814095443269,0.00101701594588238,0.00152150571520237,0.335397842011354,398,7124,1,"1","diploid","female"
"1193","0","0","0","0",0.113953143358231,2906.2021484375,"map_7124_1_2",5,70,300,20,5,4.89634131982531,0.1,8.96911275039824,0.0805061598666981,2.28484761993242,32,0.2,0.5,25.6291051685216,22.6814095443269,0.000611037687261944,0.000523536050798813,0.662173231727113,398,7124,1,"2","diploid","female"
"1194","0","0","0","0",0.113953143358231,2906.2021484375,"map_7124_1_3",5,70,300,20,5,2.86182496675728,0.1,7.98143780453709,0.0942241989841595,1.65096684350313,152,0.2,0.5,25.6291051685216,22.6814095443269,0.000555714375892185,0.000123083314488405,0.444157104642451,398,7124,1,"3","diploid","female"
"1195","0","0","0","0",-0.349858462810516,3008.82250976562,"map_7136_1_1",5,70,300,20,5,3.92661795773076,0.1,10.1592213610392,0.208386381956835,1.37560680019255,31,0.2,0.5,60.9653057434234,22.5963671949351,0.00218843366681705,0.00334071961039214,0.304521782940082,399,7136,1,"1","diploid","female"
"1196","0","0","0","0",-0.349858462810516,3008.82250976562,"map_7136_1_2",5,70,300,20,5,4.63245731294602,0.1,12.0950571106062,0.407594033807446,0.296189820661688,62,0.2,0.5,60.9653057434234,22.5963671949351,0.00553927859609715,0.00338079778984536,0.278670815507552,399,7136,1,"2","diploid","female"
"1197","0","0","0","0",-0.349858462810516,3008.82250976562,"map_7136_1_3",5,70,300,20,5,4.80817209221825,0.1,7.77586611271799,0.0732240937830566,1.84436890711684,40,0.2,0.5,60.9653057434234,22.5963671949351,0.000392227400770514,7.04935600366854e-05,0.649562270138269,399,7136,1,"3","diploid","female"
"1198","0","0","0","0",-0.0976355597376823,2880.83349609375,"map_7154_1_1",5,70,300,20,5,2.5741649900845,0.1,8.646986271341,0.216870548712961,1.50018967708545,9,0.2,0.5,9.02015110969147,22.9427627571925,0.00184196245193492,0.00305982292967654,0.275030118202892,400,7154,1,"1","diploid","female"
"1199","0","0","0","0",-0.0976355597376823,2880.83349609375,"map_7154_1_2",5,70,300,20,5,3.91938103023493,0.1,7.17475586564959,0.232510768156875,1.69459559420468,5,0.2,0.5,9.02015110969147,22.9427627571925,0.0011951477315478,0.000896616863351711,0.500055059749136,400,7154,1,"2","diploid","female"
"1200","0","0","0","0",-0.0976355597376823,2880.83349609375,"map_7154_1_3",5,70,300,20,5,2.22140361238318,0.1,6.94350852744674,0.179565703879092,1.3206710105391,5,0.2,0.5,9.02015110969147,22.9427627571925,0.000758403844732648,7.00885833592535e-05,0.476994790684906,400,7154,1,"3","diploid","female"
"1201","0","0","0","0",0.213293075561523,2783.82641601562,"map_7155_1_1",5,70,300,20,5,1.66559786203496,0.1,17.3711201725343,0.282390316913708,1.03330770264057,66,0.2,0.5,8.65355888464522,23.1938566945056,0.00989645462213357,0.0412117572875393,0.114739910331831,401,7155,1,"1","diploid","female"
"1202","0","0","0","0",0.213293075561523,2783.82641601562,"map_7155_1_2",5,70,300,20,5,3.92670273609725,0.1,7.44852218481273,0.000364603393988529,0.00153995430943231,19,0.2,0.5,8.65355888464522,23.1938566945056,1.66174601885349e-06,9.31455277722005e-09,0.582993879632603,401,7155,1,"2","diploid","female"
"1203","0","0","0","0",0.213293075561523,2783.82641601562,"map_7155_1_3",5,70,300,20,5,0.816228493906056,0.1,6.895109992911,0.107685339361928,0.369177013882546,114,0.2,0.5,8.65355888464522,23.1938566945056,0.000452255351640923,2.23683555263269e-05,0.350342158249745,401,7155,1,"3","diploid","female"
"1204","0","0","0","0",-0.57151734828949,2855.20532226562,"map_7226_1_1",5,70,300,20,5,2.48252220287979,0.1,10.5423068209035,0.181300235575952,1.13880092657677,44,0.2,0.5,24.4095092917796,22.8946585692177,0.00242690296592469,0.00604780764020809,0.220169815531057,402,7226,1,"1","diploid","female"
"1205","0","0","0","0",-0.57151734828949,2855.20532226562,"map_7226_1_2",5,70,300,20,5,2.65314717529094,0.1,9.31292263365769,0.155233931834944,1.31628685566745,43,0.2,0.5,24.4095092917796,22.8946585692177,0.00162177070463335,0.00351179439442064,0.397615892326611,402,7226,1,"2","diploid","female"
"1206","0","0","0","0",-0.57151734828949,2855.20532226562,"map_7226_1_3",5,70,300,20,5,2.50976345150268,0.1,6.77764043906191,0.0915895809920057,0.93467271600979,32,0.2,0.5,24.4095092917796,22.8946585692177,0.000366178565088988,7.74677877695549e-06,0.544618579383475,402,7226,1,"3","diploid","female"
"1207","0","0","0","0",-0.10548435151577,2962.33666992188,"map_7239_1_1",5,70,300,20,5,1.73944582871305,0.1,11.9529911080874,0.106771473818176,1.60336608153396,26,0.2,0.5,17.0172642095144,22.5974681892268,0.00138996797698571,0.000836687553776887,0.383257969203021,403,7239,1,"1","diploid","female"
"1208","0","0","0","0",-0.10548435151577,2962.33666992188,"map_7239_1_2",5,70,300,20,5,5.10977685476491,0.1,10.9466516250885,0.323622709173992,0.596045576642489,41,0.2,0.5,17.0172642095144,22.5974681892268,0.00338668369362011,0.000703925989482223,0.374482716901139,403,7239,1,"2","diploid","female"
"1209","0","0","0","0",-0.10548435151577,2962.33666992188,"map_7239_1_3",5,70,300,20,5,1.66554761157236,0.1,9.28546760770482,0.0701281894745041,1.77591783886327,114,0.2,0.5,17.0172642095144,22.5974681892268,0.000526098283270764,7.25690410977811e-05,0.72252461123752,403,7239,1,"3","diploid","female"
"1210","0","0","0","0",0.263514459133148,3001.1533203125,"map_7240_1_1",5,70,300,20,5,5.38908569684294,0.1,11.088609773232,0.143717891351271,2.6675459996256,11,0.2,0.5,61.5838995328377,22.6070827830537,0.00195525861575853,0.0047790591763904,0.240805672124071,404,7240,1,"1","diploid","female"
"1211","0","0","0","0",0.263514459133148,3001.1533203125,"map_7240_1_2",5,70,300,20,5,9.23450541345816,0.1,13.0444363878592,0.256063825704417,1.36439274858239,10,0.2,0.5,61.5838995328377,22.6070827830537,0.00404712095982583,0.00385264009402633,0.388732266709654,404,7240,1,"2","diploid","female"
"1212","0","0","0","0",0.263514459133148,3001.1533203125,"map_7240_1_3",5,70,300,20,5,4.45636111228941,0.1,9.4673842226035,0.131998786378871,2.66120821093338,12,0.2,0.5,61.5838995328377,22.6070827830537,0.00126712236098971,0.00238597368689371,0.327511041453451,404,7240,1,"3","diploid","female"
"1213","0","0","0","0",-0.118819072842598,3065.33813476562,"map_7241_1_1",5,70,300,20,5,3.34973382577879,0.1,7.86481633781338,0.0866619147827874,2.66297425391625,21,0.2,0.5,59.7007776779986,21.0935291298732,0.000504754580136067,0.000200520841421994,0.424019122393084,405,7241,1,"1","diploid","female"
"1214","0","0","0","0",-0.118819072842598,3065.33813476562,"map_7241_1_2",5,70,300,20,5,7.38838974001438,0.1,9.76905934986239,0.139536324404464,2.45172290833767,26,0.2,0.5,59.7007776779986,21.0935291298732,0.00137002950699605,0.00154604091788722,0.432202263336319,405,7241,1,"2","diploid","female"
"1215","0","0","0","0",-0.118819072842598,3065.33813476562,"map_7241_1_3",5,70,300,20,5,3.05276325021079,0.1,7.60017979686507,0.0542176544420616,2.0364145444363,107,0.2,0.5,59.7007776779986,21.0935291298732,0.000284256462263926,4.80352252746735e-05,0.493341321396683,405,7241,1,"3","diploid","female"
"1216","0","0","0","0",0.319468706846237,2893.60375976562,"map_7258_1_1",5,70,300,20,5,2.66508743787797,0.1,8.05927061509247,0.167090202687418,2.04005371025113,16,0.2,0.5,7.69309925997128,22.6433440722765,0.00108988665623709,0.00103013325709934,0.380480270745997,406,7258,1,"1","diploid","female"
"1217","0","0","0","0",0.319468706846237,2893.60375976562,"map_7258_1_2",5,70,300,20,5,5.58468506386264,0.1,6.77826551585227,0.26941820321896,1.9156847113327,15,0.2,0.5,7.69309925997128,22.6433440722765,0.0011239289354201,0.00030116421621663,0.629511110992207,406,7258,1,"2","diploid","female"
"1218","0","0","0","0",0.319468706846237,2893.60375976562,"map_7258_1_3",5,70,300,20,5,2.15993290953243,0.1,7.77514513195507,0.0741976921106247,1.6826464096686,27,0.2,0.5,7.69309925997128,22.6433440722765,0.000421613577844098,0.000144118361877779,0.532001535156204,406,7258,1,"3","diploid","female"
"1219","0","0","0","0",0.181136384606361,2802.94482421875,"map_7259_1_1",5,70,300,20,5,1.67627572672475,0.1,13.1228004412501,0.271890607794822,1.16134366583476,37,0.2,0.5,8.36936958653982,23.2838257866708,0.0056463454846285,0.021539593555509,0.158013861178345,407,7259,1,"1","diploid","female"
"1220","0","0","0","0",0.181136384606361,2802.94482421875,"map_7259_1_2",5,70,300,20,5,4.128679941172,0.1,6.53584584058933,0.0269758264512311,0.74289370753151,11,0.2,0.5,8.36936958653982,23.2838257866708,0.000103101334548522,7.37321138286584e-07,0.87041938598319,407,7259,1,"2","diploid","female"
"1221","0","0","0","0",0.181136384606361,2802.94482421875,"map_7259_1_3",5,70,300,20,5,0.916212009057275,0.1,7.26155704571298,0.133751289070364,0.754593591743784,39,0.2,0.5,8.36936958653982,23.2838257866708,0.00067209946166345,0.000206267793973468,0.481135469829304,407,7259,1,"3","diploid","female"
"1222","0","0","0","0",-0.456278055906296,2925.91333007812,"map_7342_1_1",5,70,300,20,5,3.23962144503728,0.1,8.36083995354679,0.0969892814574855,1.35338675986315,8,0.2,0.5,9.72447036226525,22.5975003057672,0.000679550569724389,0.000407949748591042,0.4763264942814,408,7342,1,"1","diploid","female"
"1223","0","0","0","0",-0.456278055906296,2925.91333007812,"map_7342_1_2",5,70,300,20,5,3.34790038163487,0.1,10.9122211965465,0.0963728743837729,1.47006329981061,6,0.2,0.5,9.72447036226525,22.5975003057672,0.00109160651905894,0.000991674724236156,0.617396815154435,408,7342,1,"2","diploid","female"
"1224","0","0","0","0",-0.456278055906296,2925.91333007812,"map_7342_1_3",5,70,300,20,5,3.99548559271664,0.1,6.81143497214085,0.074927366028625,1.17285641846598,5,0.2,0.5,9.72447036226525,22.5975003057672,0.000311855211226431,4.39475563912905e-06,0.604333235844757,408,7342,1,"3","diploid","female"
"1225","0","0","0","0",-0.419420510530472,2963.68798828125,"map_7343_1_1",5,70,300,20,5,2.28042324130009,0.1,7.9386539304634,0.101764301359689,1.34875858353013,25,0.2,0.5,9.45885302128883,22.5923629583314,0.000580189810056731,0.00014916808943684,0.408042234320415,409,7343,1,"1","diploid","female"
"1226","0","0","0","0",-0.419420510530472,2963.68798828125,"map_7343_1_2",5,70,300,20,5,3.62853965147341,0.1,8.57783542186339,0.105572902407028,1.39265015124416,26,0.2,0.5,9.45885302128883,22.5923629583314,0.000693447196912766,0.000142855601906562,0.49950480948589,409,7343,1,"2","diploid","female"
"1227","0","0","0","0",-0.419420510530472,2963.68798828125,"map_7343_1_3",5,70,300,20,5,2.59898259525782,0.1,7.12730439475929,0.0298711456650187,1.351547322059,97,0.2,0.5,9.45885302128883,22.5923629583314,0.000128120881422247,8.3142264831521e-07,0.689650799789549,409,7343,1,"3","diploid","female"
"1228","0","0","0","0",-0.227719068527222,3005.44458007812,"map_7344_1_1",5,70,300,20,5,4.16610706824994,0.1,9.50036197923546,0.0896280951760197,1.84695518646969,26,0.2,0.5,34.9067039085781,22.5977251194376,0.000778075290726517,0.000798710598897764,0.396319024645984,410,7344,1,"1","diploid","female"
"1229","0","0","0","0",-0.227719068527222,3005.44458007812,"map_7344_1_2",5,70,300,20,5,4.74630069015758,0.1,9.80689844132998,0.1133048079945,2.20357508188159,27,0.2,0.5,34.9067039085781,22.5977251194376,0.00103075036742248,0.00127098517067056,0.618171590614932,410,7344,1,"2","diploid","female"
"1230","0","0","0","0",-0.227719068527222,3005.44458007812,"map_7344_1_3",5,70,300,20,5,5.23782419801284,0.1,8.0844804519076,0.0640060161098434,1.78048842373804,111,0.2,0.5,34.9067039085781,22.5977251194376,0.000361833191095486,2.26417761930032e-05,0.569669209902464,410,7344,1,"3","diploid","female"
"1231","0","0","0","0",-0.152656435966492,3059.2724609375,"map_7345_1_1",5,70,300,20,5,2.60268876681026,0.1,6.76947336005922,0.138557448027599,2.30264154335513,5,0.2,0.5,37.4921294850764,21.0657184322015,0.000551390701085574,3.17089816681531e-05,0.455297562193617,411,7345,1,"1","diploid","female"
"1232","0","0","0","0",-0.152656435966492,3059.2724609375,"map_7345_1_2",5,70,300,20,5,5.58599789025874,0.1,7.26088671308159,0.225426200155733,2.11403967997404,4,0.2,0.5,37.4921294850764,21.0657184322015,0.00109040645590644,0.000326956464131458,0.478061587903715,411,7345,1,"2","diploid","female"
"1233","0","0","0","0",-0.152656435966492,3059.2724609375,"map_7345_1_3",5,70,300,20,5,2.55528998988318,0.1,6.79652501730577,0.0743556772061333,1.82551335110587,4,0.2,0.5,37.4921294850764,21.0657184322015,0.000294925439330782,8.0935326137939e-06,0.544284257408128,411,7345,1,"3","diploid","female"
"1234","0","0","0","0",0.401717782020569,2917.31005859375,"map_7362_1_1",5,70,300,20,5,2.29852826114899,0.1,6.6214400165177,0.245004158672021,2.44492198370768,7,0.2,0.5,9.39665624255506,22.6059298742385,0.00105730573473623,0.000560931521506328,0.47316058647134,412,7362,1,"1","diploid","female"
"1235","0","0","0","0",0.401717782020569,2917.31005859375,"map_7362_1_2",5,70,300,20,5,6.35511809536774,0.1,6.07747732163935,0.383045718828274,2.20517092880735,5,0.2,0.5,9.39665624255506,22.6059298742385,0.00122736354486782,0.000137616234286478,0.748530694265997,412,7362,1,"2","diploid","female"
"1236","0","0","0","0",0.401717782020569,2917.31005859375,"map_7362_1_3",5,70,300,20,5,1.76140665225647,0.1,6.0016971906107,0.201808107087721,1.98602339860635,5,0.2,0.5,9.39665624255506,22.6059298742385,0.000654383167985289,0.000102823683165775,0.61306024132792,412,7362,1,"3","diploid","female"
"1237","0","0","0","0",-0.622573792934418,2886.09912109375,"map_7446_1_1",5,70,300,20,5,2.74664368467118,0.1,12.4865038202995,0.103014785986785,1.03492711793832,9,0.2,0.5,9.23882143226672,22.5748890024483,0.00164581903680453,0.00243470186308911,0.412472571424242,413,7446,1,"1","diploid","female"
"1238","0","0","0","0",-0.622573792934418,2886.09912109375,"map_7446_1_2",5,70,300,20,5,2.70741571881123,0.1,12.5540853935443,0.375349672989403,0.294040369346824,16,0.2,0.5,9.23882143226672,22.5748890024483,0.0054512934102947,0.00759052989795188,0.306798851060822,413,7446,1,"2","diploid","female"
"1239","0","0","0","0",-0.622573792934418,2886.09912109375,"map_7446_1_3",5,70,300,20,5,3.17808508617555,0.1,6.94193407215497,0.0507194534712807,0.873663371483832,7,0.2,0.5,9.23882143226672,22.5748890024483,0.000214323718338529,2.0186615843336e-06,0.738205527165306,413,7446,1,"3","diploid","female"
"1240","0","0","0","0",-0.675151586532593,2929.10180664062,"map_7447_1_1",5,70,300,20,5,2.79869986955545,0.1,8.72019547386578,0.15067050169828,1.17146941948733,8,0.2,0.5,8.96399979892363,22.6230119259518,0.00112691187179693,0.00088839055102341,0.311727404380135,414,7447,1,"1","diploid","female"
"1241","0","0","0","0",-0.675151586532593,2929.10180664062,"map_7447_1_2",5,70,300,20,5,2.93199820739231,0.1,9.98790992772212,0.260935548795497,0.903181247621801,9,0.2,0.5,8.96399979892363,22.6230119259518,0.00283192942120667,0.00462830942411134,0.334303251662463,414,7447,1,"2","diploid","female"
"1242","0","0","0","0",-0.675151586532593,2929.10180664062,"map_7447_1_3",5,70,300,20,5,3.69162820630237,0.1,6.64293734755034,0.0772927648791385,1.09315663301202,5,0.2,0.5,8.96399979892363,22.6230119259518,0.000286405986604762,4.40675997403018e-07,0.666522944869354,414,7447,1,"3","diploid","female"
"1243","0","0","0","0",-0.327683120965958,2978.15502929688,"map_7448_1_1",5,70,300,20,5,2.63553910386916,0.1,5.97483174303471,0.200707053708947,1.9161321895168,3,0.2,0.5,35.4592337172689,21.0636143816402,0.000661420138165936,0.000123681826662074,0.546091519251963,415,7448,1,"1","diploid","female"
"1244","0","0","0","0",-0.327683120965958,2978.15502929688,"map_7448_1_2",5,70,300,20,5,3.93353082387124,0.1,7.28659817551254,0.367528930335082,1.87567089339595,4,0.2,0.5,35.4592337172689,21.0636143816402,0.00261471919285077,0.00744787078684825,0.49657214318713,415,7448,1,"2","diploid","female"
"1245","0","0","0","0",-0.327683120965958,2978.15502929688,"map_7448_1_3",5,70,300,20,5,2.99974065691277,0.1,5.91175782909585,0.102907307682569,1.27644277209458,2,0.2,0.5,35.4592337172689,21.0636143816402,0.000318571495546748,4.66969808390367e-06,0.623788290076864,415,7448,1,"3","diploid","female"
"1246","0","0","0","0",-0.175748720765114,3046.1513671875,"map_7449_1_1",5,70,300,20,5,5.91480811845218,0.1,7.73541303225305,0.0721460311161978,2.30478403962553,5,0.2,0.5,35.5386411589246,21.0568292159443,0.000406146981793634,5.88222999846821e-05,0.431802778339112,416,7449,1,"1","diploid","female"
"1247","0","0","0","0",-0.175748720765114,3046.1513671875,"map_7449_1_2",5,70,300,20,5,4.56940766935883,0.1,11.4407846489139,0.221179875077599,1.27880261466234,7,0.2,0.5,35.5386411589246,21.0568292159443,0.00255347098548527,0.00151427584637806,0.392783914565516,416,7449,1,"2","diploid","female"
"1248","0","0","0","0",-0.175748720765114,3046.1513671875,"map_7449_1_3",5,70,300,20,5,7.2509419455945,0.1,7.44056083625077,0.0418160811066628,1.58603496128919,6,0.2,0.5,35.5386411589246,21.0568292159443,0.000211361522159002,1.02530917198358e-05,0.390531408572552,416,7449,1,"3","diploid","female"
"1249","0","0","0","0",-0.115989916026592,3127.62475585938,"map_7450_1_1",5,70,300,20,5,2.74500298972581,0.1,7.17695015437727,0.146181129166012,2.73003401900892,11,0.2,0.5,39.1654043308524,21.071268852631,0.00066748299931387,3.79858614532963e-05,0.430386545073435,417,7450,1,"1","diploid","female"
"1250","0","0","0","0",-0.115989916026592,3127.62475585938,"map_7450_1_2",5,70,300,20,5,6.25220928613901,0.1,7.27635284602766,0.261233981540316,1.75467491721473,11,0.2,0.5,39.1654043308524,21.071268852631,0.00122721121938044,4.88788095061016e-05,0.342267994831137,417,7450,1,"2","diploid","female"
"1251","0","0","0","0",-0.115989916026592,3127.62475585938,"map_7450_1_3",5,70,300,20,5,2.44253407679244,0.1,6.51650771098421,0.0710078046079087,2.03076794209438,12,0.2,0.5,39.1654043308524,21.071268852631,0.0002547461527995,2.30864677678084e-06,0.6355508329215,417,7450,1,"3","diploid","female"
"1252","0","0","0","0",-0.00405535567551851,2933.82006835938,"map_7466_1_1",5,70,300,20,5,4.33211721576465,0.1,6.47304179003235,0.259809395698472,1.8391541531863,9,0.2,0.5,8.90060480304087,22.6120982101457,0.00112743764523865,0.000437991290431077,0.506984608373752,418,7466,1,"1","diploid","female"
"1253","0","0","0","0",-0.00405535567551851,2933.82006835938,"map_7466_1_2",5,70,300,20,5,4.6401856440422,0.1,5.71496558527445,0.453180947413184,1.93759439357399,6,0.2,0.5,8.90060480304087,22.6120982101457,0.0013986847388215,0.000269182428598432,0.842570622332016,418,7466,1,"2","diploid","female"
"1254","0","0","0","0",-0.00405535567551851,2933.82006835938,"map_7466_1_3",5,70,300,20,5,4.78423779404792,0.1,6.20184158754173,0.238030762152835,1.73730874603832,6,0.2,0.5,8.90060480304087,22.6120982101457,0.000849867705038715,4.79347390452421e-05,0.597844044846988,418,7466,1,"3","diploid","female"
"1255","0","0","0","0",-0.445549845695496,2891.02026367188,"map_7551_1_1",5,70,300,20,5,3.1219773742795,0.1,9.80309440065669,0.114027638072334,1.30108734183008,16,0.2,0.5,9.45384240031638,22.5890318510408,0.00111896445655398,0.00142069289102287,0.348591863811922,419,7551,1,"1","diploid","female"
"1256","0","0","0","0",-0.445549845695496,2891.02026367188,"map_7551_1_2",5,70,300,20,5,3.07521318952189,0.1,10.2799107358729,0.12480490898264,1.4023839076479,15,0.2,0.5,9.45384240031638,22.5890318510408,0.00139602168663544,0.00251929475098959,0.540025346073528,419,7551,1,"2","diploid","female"
"1257","0","0","0","0",-0.445549845695496,2891.02026367188,"map_7551_1_3",5,70,300,20,5,3.49475494634578,0.1,7.06268717949232,0.0554775670286242,1.03027844788893,19,0.2,0.5,9.45384240031638,22.5890318510408,0.000238549376492871,4.63129969568855e-06,0.71502025946823,419,7551,1,"3","diploid","female"
"1258","0","0","0","0",-0.237847939133644,2959.94506835938,"map_7552_1_1",5,70,300,20,5,5.27627528048115,0.1,7.95603637490173,0.0903555858379012,1.97543634412032,6,0.2,0.5,35.0630679225605,21.0990075146241,0.000513568581431337,0.000138089486938599,0.404187831193861,420,7552,1,"1","diploid","female"
"1259","0","0","0","0",-0.237847939133644,2959.94506835938,"map_7552_1_2",5,70,300,20,5,3.71034361958917,0.1,10.9342366412498,0.172308907145671,1.61586640980157,9,0.2,0.5,35.0630679225605,21.0990075146241,0.00245412682581459,0.007530159807543,0.306111174839892,420,7552,1,"2","diploid","female"
"1260","0","0","0","0",-0.237847939133644,2959.94506835938,"map_7552_1_3",5,70,300,20,5,6.21764404952027,0.1,7.58201949939275,0.0354895824143698,1.38077763834077,6,0.2,0.5,35.0630679225605,21.0990075146241,0.000174332091814129,3.98240930449443e-06,0.549735303356588,420,7552,1,"3","diploid","female"
"1261","0","0","0","0",0.102394387125969,2956.06811523438,"map_7570_1_1",5,70,300,20,5,4.77573040514094,0.1,9.50157351055575,0.115426706119273,1.88109830445223,27,0.2,0.5,9.50710774300948,22.5971956622693,0.000949029282459529,0.0001705189581717,0.495923985089259,421,7570,1,"1","diploid","female"
"1262","0","0","0","0",0.102394387125969,2956.06811523438,"map_7570_1_2",5,70,300,20,5,5.23766006603209,0.1,9.6758527101968,0.195302690430733,1.3281614443993,21,0.2,0.5,9.50710774300948,22.5971956622693,0.00152198624685558,7.14875411275957e-05,0.596643735411434,421,7570,1,"2","diploid","female"
"1263","0","0","0","0",0.102394387125969,2956.06811523438,"map_7570_1_3",5,70,300,20,5,5.3447064477321,0.1,7.45378748014544,0.0998510290641221,1.90823282030769,105,0.2,0.5,9.50710774300948,22.5971956622693,0.000491482261573277,3.29711071645265e-05,0.465972221291752,421,7570,1,"3","diploid","female"
"1264","0","0","0","0",0.0758097767829895,2760.29296875,"map_7572_1_1",5,70,300,20,5,0,0.1,11.5006291895898,0.203310729706101,0.538910442475406,15,0.2,0.5,8.83464979382844,23.2848235623517,0.0032670121045524,0.0103010956999475,0.177616750048351,422,7572,1,"1","diploid","female"
"1265","0","0","0","0",0.0758097767829895,2760.29296875,"map_7572_1_2",5,70,300,20,5,0,0.1,50.657999371416,2.83551361833912e-16,0,4,0.2,0.5,8.83464979382844,23.2848235623517,5.71600484622669e-17,2.83551361833912e-16,0.315401641770252,422,7572,1,"2","diploid","female"
"1266","0","0","0","0",0.0758097767829895,2760.29296875,"map_7572_1_3",5,70,300,20,5,0.865639316443429,0.1,8.24151721087532,0.034462364304486,0.0890703378427375,5,0.2,0.5,8.83464979382844,23.2848235623517,0.000214720048383756,2.03082277537254e-05,0.656321969258475,422,7572,1,"3","diploid","female"
"1267","0","0","0","0",-0.587381541728973,2858.2685546875,"map_7655_1_1",5,70,300,20,5,1.30036779267589,0.1,12.0608941501428,0.163933630516152,0.942962061343038,43,0.2,0.5,8.73198629186745,23.1553230264522,0.00271479038476883,0.00778804778238837,0.278258418287995,423,7655,1,"1","diploid","female"
"1268","0","0","0","0",-0.587381541728973,2858.2685546875,"map_7655_1_2",5,70,300,20,5,2.94099534257802,0.1,11.1702163387814,0.174850767074906,0.926766022183306,42,0.2,0.5,8.73198629186745,23.1553230264522,0.002253674601084,0.00488255566593298,0.448039088018387,423,7655,1,"2","diploid","female"
"1269","0","0","0","0",-0.587381541728973,2858.2685546875,"map_7655_1_3",5,70,300,20,5,1.21659172171943,0.1,7.8207047338373,0.0771370094288798,0.927573587383391,95,0.2,0.5,8.73198629186745,23.1553230264522,0.000403585282724338,2.31879828316682e-06,0.654722723346899,423,7655,1,"3","diploid","female"
"1270","0","0","0","0",-0.332930892705917,2923.0244140625,"map_7656_1_1",5,70,300,20,5,5.03957251775257,0.1,7.11197923424097,0.137441372647091,1.9954178374991,7,0.2,0.5,36.012689392432,20.6950836413986,0.000623753876539573,0.00019391153900812,0.407188698761936,424,7656,1,"1","diploid","female"
"1271","0","0","0","0",-0.332930892705917,2923.0244140625,"map_7656_1_2",5,70,300,20,5,3.09868467692141,0.1,9.80110087468211,0.292916190160323,1.20229866688465,14,0.2,0.5,36.012689392432,20.6950836413986,0.00353709185908187,0.0100528070230748,0.250641181698991,424,7656,1,"2","diploid","female"
"1272","0","0","0","0",-0.332930892705917,2923.0244140625,"map_7656_1_3",5,70,300,20,5,5.6438691675934,0.1,7.24200227377498,0.00903054252214218,0.565528996836804,5,0.2,0.5,36.012689392432,20.6950836413986,4.037909316587e-05,6.82644606173086e-07,1.08167885741301,424,7656,1,"3","diploid","female"
"1273","0","0","0","0",-0.24688333272934,2998.6494140625,"map_7673_1_1",5,70,300,20,5,4.43623595612042,0.1,10.9981353060912,0.105291811702467,1.70928908072042,20,0.2,0.5,58.4316224544943,22.3941069124545,0.00125815463679145,0.00141814237498646,0.38195854118959,425,7673,1,"1","diploid","female"
"1274","0","0","0","0",-0.24688333272934,2998.6494140625,"map_7673_1_2",5,70,300,20,5,5.03285085054647,0.1,10.4383598923795,0.522696581837881,0.322701214917538,80,0.2,0.5,58.4316224544943,22.3941069124545,0.00539740223752485,0.00498690531163433,0.262934300217858,425,7673,1,"2","diploid","female"
"1275","0","0","0","0",-0.24688333272934,2998.6494140625,"map_7673_1_3",5,70,300,20,5,5.13153251174442,0.1,8.0853862451639,0.0594485717240055,1.80978431981216,30,0.2,0.5,58.4316224544943,22.3941069124545,0.000349794928304367,6.47865050910377e-05,0.502040704236008,425,7673,1,"3","diploid","female"
"1276","0","0","0","0",-0.28179332613945,2955.81298828125,"map_7674_1_1",5,70,300,20,5,2.6248924018645,0.1,7.87893416886698,0.0959890078915565,1.44716726756084,12,0.2,0.5,9.163716847603,22.3603051630233,0.00055788199173524,0.000155076368177423,0.460071737997637,426,7674,1,"1","diploid","female"
"1277","0","0","0","0",-0.28179332613945,2955.81298828125,"map_7674_1_2",5,70,300,20,5,3.98718702671214,0.1,7.7938097887893,0.149531307149594,1.52905933376937,13,0.2,0.5,9.163716847603,22.3603051630233,0.000873880923206481,0.000171611883666231,0.634681501373617,426,7674,1,"2","diploid","female"
"1278","0","0","0","0",-0.28179332613945,2955.81298828125,"map_7674_1_3",5,70,300,20,5,2.81781432327911,0.1,7.5026234805584,0.0466203409493975,1.34864351196679,15,0.2,0.5,9.163716847603,22.3603051630233,0.000226863829516989,5.09597876025483e-06,0.537499686329868,426,7674,1,"3","diploid","female"
"1279","0","0","0","0",-0.0311179719865322,2763.06176757812,"map_7676_1_1",5,70,300,20,5,0,0.1,14.0107921833469,0.364360324485253,0.431894171583281,23,0.2,0.5,9.66793777372849,23.1997249810271,0.0085552907138994,0.0320887226909994,0.187412944589707,427,7676,1,"1","diploid","female"
"1280","0","0","0","0",-0.0311179719865322,2763.06176757812,"map_7676_1_2",5,70,300,20,5,0,0.1,10.6466600743901,6.19288436967494e-07,4.11972339330024e-07,4,0.2,0.5,9.66793777372849,23.1997249810271,6.19229759950345e-09,5.0516363985287e-09,1.12190639487329,427,7676,1,"2","diploid","female"
"1281","0","0","0","0",-0.0311179719865322,2763.06176757812,"map_7676_1_3",5,70,300,20,5,0,0.1,5.9729209683731,0.179405982794991,0.148832949578678,6,0.2,0.5,9.66793777372849,23.1997249810271,0.000565643448754656,2.41831621836126e-05,0.564598507843777,427,7676,1,"3","diploid","female"
"1282","0","0","0","0",-0.207769855856895,2833.95922851562,"map_7759_1_1",5,70,300,20,5,3.00531123132153,0.1,15.3407144966965,0.293214187083299,0.775423606105077,17,0.2,0.5,3.9705898465335,23.1467527070579,0.00723945300510214,0.0192451090996676,0.182873409750634,428,7759,1,"1","diploid","female"
"1283","0","0","0","0",-0.207769855856895,2833.95922851562,"map_7759_1_2",5,70,300,20,5,3.1855997547194,0.1,8.57842127833217,0.63184434994251,0.69670793674193,26,0.2,0.5,3.9705898465335,23.1467527070579,0.00546622314087677,0.0117714977508062,0.537398843756962,428,7759,1,"2","diploid","female"
"1284","0","0","0","0",-0.207769855856895,2833.95922851562,"map_7759_1_3",5,70,300,20,5,2.56617251786533,0.1,6.48292674903742,0.108117789224001,0.696032935707478,8,0.2,0.5,3.9705898465335,23.1467527070579,0.000434255689290281,2.53359690050479e-05,0.452627407189724,428,7759,1,"3","diploid","female"
"1285","0","0","0","0",-0.338007837533951,2939.56616210938,"map_7778_1_1",5,70,300,20,5,1.48902314775463,0.1,8.80251175604436,0.26146706714239,1.1061596245163,37,0.2,0.5,9.37007816800495,22.3729851111225,0.00172575602154307,0.000429633857915024,0.664019751111322,429,7778,1,"1","diploid","female"
"1286","0","0","0","0",-0.338007837533951,2939.56616210938,"map_7778_1_2",5,70,300,20,5,4.08378212352522,0.1,6.88968010848702,0.944736833947894,0.420774759136651,47,0.2,0.5,9.37007816800495,22.3729851111225,0.0038215101897374,0.000704654308397092,0.700850306718915,429,7778,1,"2","diploid","female"
"1287","0","0","0","0",-0.338007837533951,2939.56616210938,"map_7778_1_3",5,70,300,20,5,1.46636057913196,0.1,6.94335530769823,0.0733437169686596,1.27395746678566,91,0.2,0.5,9.37007816800495,22.3729851111225,0.000310764092947326,3.84759698530289e-06,1.14406654955597,429,7778,1,"3","diploid","female"
"1288","0","0","0","0",-0.0184993930160999,2843.47412109375,"map_7779_1_1",5,70,300,20,5,3.33328852071903,0.1,11.2850202891026,0.220477251228715,1.29233294982691,47,0.2,0.5,9.68324194888142,23.1998800169986,0.00349663464967139,0.0132794320630864,0.210255647081003,430,7779,1,"1","diploid","female"
"1289","0","0","0","0",-0.0184993930160999,2843.47412109375,"map_7779_1_2",5,70,300,20,5,3.74536140120916,0.1,8.19757018902547,0.193345685631323,1.53317501669246,29,0.2,0.5,9.68324194888142,23.1998800169986,0.00140313679603712,0.00228763389834812,0.438049865948713,430,7779,1,"2","diploid","female"
"1290","0","0","0","0",-0.0184993930160999,2843.47412109375,"map_7779_1_3",5,70,300,20,5,2.77359664521923,0.1,7.84312058127099,0.108075022579232,1.0987908264862,102,0.2,0.5,9.68324194888142,23.1998800169986,0.000606767233917838,0.00013377079250472,0.439858537349711,430,7779,1,"3","diploid","female"
"1291","0","0","0","0",0.0785531774163246,2766.04858398438,"map_7780_1_1",5,70,300,20,5,0,0.1,17.3788308669019,0.238793412577519,0.619458130477889,43,0.2,0.5,9.18697266055401,23.2144415022131,0.00788661745664391,0.0298990888571896,0.156928560994605,431,7780,1,"1","diploid","female"
"1292","0","0","0","0",0.0785531774163246,2766.04858398438,"map_7780_1_2",5,70,300,20,5,0,0.1,5.08739500777548,2.35696457317395e-05,7.06669903131353e-06,12,0.2,0.5,9.18697266055401,23.2144415022131,4.98069548743685e-08,1.03457454745012e-09,1.48202208062858,431,7780,1,"2","diploid","female"
"1293","0","0","0","0",0.0785531774163246,2766.04858398438,"map_7780_1_3",5,70,300,20,5,0,0.1,8.01477964336801,0.038183089907842,0.181192579284674,30,0.2,0.5,9.18697266055401,23.2144415022131,0.000220336726113024,1.05051429037438e-05,0.419268363578425,431,7780,1,"3","diploid","female"
"1294","0","0","0","0",0.207418069243431,2854.47290039062,"map_7883_1_1",5,70,300,20,5,3.95071655753533,0.1,8.61062803642467,0.300664544159488,1.68835530702635,13,0.2,0.5,12.8337237324033,23.2418235681646,0.00270782825041551,0.00559986993955698,0.20092102238823,432,7883,1,"1","diploid","female"
"1295","0","0","0","0",0.207418069243431,2854.47290039062,"map_7883_1_2",5,70,300,20,5,4.47124003025634,0.1,6.26267392668502,0.411312300344163,1.88189504446997,7,0.2,0.5,12.8337237324033,23.2418235681646,0.00152728638880113,0.000601829914284137,0.389166443856082,432,7883,1,"2","diploid","female"
"1296","0","0","0","0",0.207418069243431,2854.47290039062,"map_7883_1_3",5,70,300,20,5,3.22414710583863,0.1,6.34941243799664,0.291858176392143,1.40360551494613,8,0.2,0.5,12.8337237324033,23.2418235681646,0.00112238351669691,0.000417782943516007,0.391238801679076,432,7883,1,"3","diploid","female"
"1297","0","0","0","0",-0.556280076503754,3114.60791015625,"map_7935_1_1",5,70,300,20,5,0,0.1,16.4181220154353,0.299188371953394,1.8569082959798,203,0.2,0.5,196.169216422148,21.272579729623,0.00876532794161786,0.0267022982838477,0.194047589188361,433,7935,1,"1","diploid","female"
"1298","0","0","0","0",-0.556280076503754,3114.60791015625,"map_7935_1_2",5,70,300,20,5,19.8539849545015,0.1,20.7636621700329,0.505999574262344,1.18030688747994,271,0.2,0.5,196.169216422148,21.272579729623,0.0223200424428133,0.0986725082556534,0.124988407591325,433,7935,1,"2","diploid","female"
"1299","0","0","0","0",-0.556280076503754,3114.60791015625,"map_7935_1_3",5,70,300,20,5,0,0.1,10.7155884159413,0.205404783252527,2.45225213433703,187,0.2,0.5,196.169216422148,21.272579729623,0.0024710985256494,0.00404500406253498,0.357389214518483,433,7935,1,"3","diploid","female"
"1300","0","0","0","0",-0.979458689689636,3119.40649414062,"map_7936_1_1",5,70,300,20,5,4.07045166693452,0.1,17.9530460508237,0.160037063927297,1.93805677203174,50,0.2,0.5,210.040138548791,21.2579274753135,0.00596021530489545,0.0281107134259123,0.171735193457983,434,7936,1,"1","diploid","female"
"1301","0","0","0","0",-0.979458689689636,3119.40649414062,"map_7936_1_2",5,70,300,20,5,4.38310817664829,0.1,19.3153531528435,0.384912524208769,0.855750766740275,147,0.2,0.5,210.040138548791,21.2579274753135,0.0138391686586167,0.0510606498837261,0.143564039381061,434,7936,1,"2","diploid","female"
"1302","0","0","0","0",-0.979458689689636,3119.40649414062,"map_7936_1_3",5,70,300,20,5,3.78063713791565,0.1,9.31829822176757,0.0669240017650223,1.32602461159963,137,0.2,0.5,210.040138548791,21.2579274753135,0.000680730506621078,0.00145262437485758,0.424122160706297,434,7936,1,"3","diploid","female"
"1303","0","0","0","0",0.252924978733063,2846.78369140625,"map_7948_1_1",5,70,300,20,5,0,0.1,15.647035303258,0.289731893238442,1.09097352911442,14,0.2,0.5,76.3828204430615,22.9325996834046,0.0088372536230217,0.0489944612372879,0.127308889743293,435,7948,1,"1","diploid","female"
"1304","0","0","0","0",0.252924978733063,2846.78369140625,"map_7948_1_2",5,70,300,20,5,0,0.1,13.3203530343292,0.396729441759918,1.88473130750795,8,0.2,0.5,76.3828204430615,22.9325996834046,0.00976732941160094,0.043624901043437,0.171747795453712,435,7948,1,"2","diploid","female"
"1305","0","0","0","0",0.252924978733063,2846.78369140625,"map_7948_1_3",5,70,300,20,5,3.55494068939518,0.1,11.5670013470462,0.245933879866649,1.06210388384537,8,0.2,0.5,76.3828204430615,22.9325996834046,0.00384737050952234,0.0118876732747142,0.20568752536545,435,7948,1,"3","diploid","female"
"1306","0","0","0","0",0.545628726482391,2773.4130859375,"map_7949_1_1",5,70,300,20,5,0,0.1,15.7062571030761,0.242317455637382,0.595580779149393,74,0.2,0.5,77.8118819731018,22.912478963402,0.00638362734523287,0.0166708354658271,0.109094707217947,436,7949,1,"1","diploid","female"
"1307","0","0","0","0",0.545628726482391,2773.4130859375,"map_7949_1_2",5,70,300,20,5,0,0.1,50.7130578128992,1.23079185075073e-14,0,20,0.2,0.5,77.8118819731018,22.912478963402,2.48651402159734e-15,1.23079185075073e-14,0.302534178655865,436,7949,1,"2","diploid","female"
"1308","0","0","0","0",0.545628726482391,2773.4130859375,"map_7949_1_3",5,70,300,20,5,0,0.1,13.9352587611373,0.0773683688884583,0.144764839379924,131,0.2,0.5,77.8118819731018,22.912478963402,0.00161233018865096,0.0035512056895806,0.122954534659432,436,7949,1,"3","diploid","female"
"1309","0","0","0","0",-0.0963422134518623,2954.45141601562,"map_7986_1_1",5,70,300,20,5,3.01456112028054,0.1,6.47365149739633,0.437982853980418,1.53440580282539,24,0.2,0.5,11.561352915344,22.3528001707126,0.00160998386919846,0.000498857357702306,1.00554030029002,437,7986,1,"1","diploid","female"
"1310","0","0","0","0",-0.0963422134518623,2954.45141601562,"map_7986_1_2",5,70,300,20,5,4.54271453959375,0.1,5.48361430019995,1.75858892882128,1.57360380587074,6,0.2,0.5,11.561352915344,22.3528001707126,0.00461566955606235,0.00219147939949258,1.6300203279303,437,7986,1,"2","diploid","female"
"1311","0","0","0","0",-0.0963422134518623,2954.45141601562,"map_7986_1_3",5,70,300,20,5,3.05370246992294,0.1,6.53648679930033,0.0825984927254893,1.42586789539177,19,0.2,0.5,11.561352915344,22.3528001707126,0.000297433229742332,1.25994742081729e-05,0.985812938374176,437,7986,1,"3","diploid","female"
"1312","0","0","0","0",-0.0488034151494503,2862.42529296875,"map_7987_1_1",5,70,300,20,5,2.49522100012325,0.1,9.50466381368854,0.380626080884168,0.948171867630882,29,0.2,0.5,12.6100975553756,23.2205666471293,0.00367600557481043,0.00878335879834081,0.455892282271408,438,7987,1,"1","diploid","female"
"1313","0","0","0","0",-0.0488034151494503,2862.42529296875,"map_7987_1_2",5,70,300,20,5,3.9583928179956,0.1,6.55586793139565,0.984166385800434,0.695515229817151,87,0.2,0.5,12.6100975553756,23.2205666471293,0.00373822999953945,0.00245540748352056,0.930939774443764,438,7987,1,"2","diploid","female"
"1314","0","0","0","0",-0.0488034151494503,2862.42529296875,"map_7987_1_3",5,70,300,20,5,1.9879942502353,0.1,8.18848679914521,0.133951967043119,1.23136807730623,14,0.2,0.5,12.6100975553756,23.2205666471293,0.000789829121209327,0.000190509264825313,0.612947610417186,438,7987,1,"3","diploid","female"
"1315","0","0","0","0",-0.787878811359406,3053.568359375,"map_8041_1_1",5,70,300,20,5,4.12181426801528,0.1,15.1410603407047,0.228271390058726,1.73678528949685,162,0.2,0.5,203.739392099982,21.7841756552425,0.0062493816498131,0.024398112145617,0.249944075065655,439,8041,1,"1","diploid","female"
"1316","0","0","0","0",-0.787878811359406,3053.568359375,"map_8041_1_2",5,70,300,20,5,4.74564717596068,0.1,14.163025256823,0.568524202010664,0.927459298364095,244,0.2,0.5,203.739392099982,21.7841756552425,0.0130331013361024,0.0430835484752597,0.279278267052225,439,8041,1,"2","diploid","female"
"1317","0","0","0","0",-0.787878811359406,3053.568359375,"map_8041_1_3",5,70,300,20,5,3.93894134437984,0.1,8.97799424904264,0.185647082941353,2.05666529518931,163,0.2,0.5,203.739392099982,21.7841756552425,0.00156581200956613,0.00218023169834627,0.529252664252129,439,8041,1,"3","diploid","female"
"1318","0","0","0","0",-0.492062151432037,2970.98828125,"map_8051_1_1",5,70,300,20,5,3.07376413445722,0.1,15.6259744725782,0.0934047828370592,1.38252208817727,19,0.2,0.5,81.1766768008768,22.8961256962942,0.00258977176406811,0.00792684811002678,0.189906553692752,440,8051,1,"1","diploid","female"
"1319","0","0","0","0",-0.492062151432037,2970.98828125,"map_8051_1_2",5,70,300,20,5,3.87570809379304,0.1,17.161259536795,0.393163857078632,0.51911372393487,38,0.2,0.5,81.1766768008768,22.8961256962942,0.00965668292432154,0.00509737300799916,0.199705189909577,440,8051,1,"2","diploid","female"
"1320","0","0","0","0",-0.492062151432037,2970.98828125,"map_8051_1_3",5,70,300,20,5,3.90233083335132,0.1,9.74888399852853,0.0784098680495615,1.56553841167437,31,0.2,0.5,81.1766768008768,22.8961256962942,0.000793025207936558,0.00118420266031667,0.409125993173834,440,8051,1,"3","diploid","female"
"1321","0","0","0","0",-0.0498239621520042,2857.18920898438,"map_8052_1_1",5,70,300,20,5,0,0.1,15.624651948818,0.235762114170455,0.90352533573347,30,0.2,0.5,82.5695203483303,22.9173394390119,0.00666139720252514,0.0257456742847468,0.115554727313894,441,8052,1,"1","diploid","female"
"1322","0","0","0","0",-0.0498239621520042,2857.18920898438,"map_8052_1_2",5,70,300,20,5,0,0.1,12.2413144336482,0.280804392477231,1.66987743511018,21,0.2,0.5,82.5695203483303,22.9173394390119,0.00489814477695523,0.0147124402442215,0.159664386702854,441,8052,1,"2","diploid","female"
"1323","0","0","0","0",-0.0498239621520042,2857.18920898438,"map_8052_1_3",5,70,300,20,5,3.32107631070335,0.1,10.8577188271768,0.158513128073266,0.94656870950816,13,0.2,0.5,82.5695203483303,22.9173394390119,0.0019060033028507,0.00279415413448832,0.231717688924691,441,8052,1,"3","diploid","female"
"1324","0","0","0","0",-0.0517097897827625,2801.06298828125,"map_8053_1_1",5,70,300,20,5,0,0.1,20.2614976997882,0.400686119136294,0.561266298128792,36,0.2,0.5,79.365119789922,22.9347392131852,0.0167675414431951,0.0696078944292528,0.0978331675055435,442,8053,1,"1","diploid","female"
"1325","0","0","0","0",-0.0517097897827625,2801.06298828125,"map_8053_1_2",5,70,300,20,5,0,0.1,12.3213829329258,0.817190605159017,0.0691092502701803,17,0.2,0.5,79.365119789922,22.9347392131852,0.0129408063600063,0.034237223959614,0.0970374183336462,442,8053,1,"2","diploid","female"
"1326","0","0","0","0",-0.0517097897827625,2801.06298828125,"map_8053_1_3",5,70,300,20,5,1.44930580890366,0.1,8.83878239420613,0.085469643821843,0.280959147287271,170,0.2,0.5,79.365119789922,22.9347392131852,0.000736186412020163,0.0011374963818497,0.424423427759117,442,8053,1,"3","diploid","female"
"1327","0","0","0","0",-0.655654013156891,2789.29858398438,"map_8072_1_1",5,70,300,20,5,2.11263027579154,0.1,14.0878923174057,0.433154633813811,0.621039344477842,28,0.2,0.5,11.8203251606033,22.9164303856699,0.0115739351086629,0.0523328028684532,0.141113853750605,443,8072,1,"1","diploid","female"
"1328","0","0","0","0",-0.655654013156891,2789.29858398438,"map_8072_1_2",5,70,300,20,5,2.03055986657954,0.1,10.4614373364053,0.564501666442302,0.587201619047961,13,0.2,0.5,11.8203251606033,22.9164303856699,0.00905381488602491,0.0356499707258998,0.269090512200781,443,8072,1,"2","diploid","female"
"1329","0","0","0","0",-0.655654013156891,2789.29858398438,"map_8072_1_3",5,70,300,20,5,0,0.1,7.76330017022175,0.0313940192348074,0.0941622828891812,4,0.2,0.5,11.8203251606033,22.9164303856699,0.000156811342497222,1.82668358265503e-07,0.529107289602128,443,8072,1,"3","diploid","female"
"1330","0","0","0","0",-0.0168644096702337,2941.57885742188,"map_8090_1_1",5,70,300,20,5,4.61691110321254,0.1,8.02583943676128,0.0905395370171531,1.88704870047311,13,0.2,0.5,11.7469092660469,22.2589022825459,0.000538520079182615,0.000277614681866155,0.426709023421929,444,8090,1,"1","diploid","female"
"1331","0","0","0","0",-0.0168644096702337,2941.57885742188,"map_8090_1_2",5,70,300,20,5,4.52522236257081,0.1,8.02619474183185,0.145211066670776,1.88141552003113,13,0.2,0.5,11.7469092660469,22.2589022825459,0.000851949780447953,0.00049933941102176,0.563612413153043,444,8090,1,"2","diploid","female"
"1332","0","0","0","0",-0.0168644096702337,2941.57885742188,"map_8090_1_3",5,70,300,20,5,5.16848199718787,0.1,7.65775703406805,0.0583328514281108,1.5723254914901,25,0.2,0.5,11.7469092660469,22.2589022825459,0.000304437875606577,5.68965972353467e-05,0.504589127393132,444,8090,1,"3","diploid","female"
"1333","0","0","0","0",-0.0770692974328995,2852.52465820312,"map_8091_1_1",5,70,300,20,5,3.30475353045702,0.1,10.3310161883031,0.199085737566036,1.36526619184759,19,0.2,0.5,12.0167202756947,23.1485223886315,0.00244581716232009,0.00545485190641835,0.226082135888643,445,8091,1,"1","diploid","female"
"1334","0","0","0","0",-0.0770692974328995,2852.52465820312,"map_8091_1_2",5,70,300,20,5,3.67145916326085,0.1,8.13917245670075,0.182642688958932,1.56997397008952,13,0.2,0.5,12.0167202756947,23.1485223886315,0.00117627516616856,0.00105145661317049,0.492513166699154,445,8091,1,"2","diploid","female"
"1335","0","0","0","0",-0.0770692974328995,2852.52465820312,"map_8091_1_3",5,70,300,20,5,2.89279539570944,0.1,7.31692103693452,0.122863302549875,1.14716897354405,14,0.2,0.5,12.0167202756947,23.1485223886315,0.000586332526968896,0.000109607619908179,0.486852044170173,445,8091,1,"3","diploid","female"
"1336","0","0","0","0",-0.840635299682617,3175.95434570312,"map_8141_1_1",5,70,300,20,5,5.02318910398874,0.1,10.8238377911471,0.223777311980761,2.2288481021736,5,0.2,0.5,123.940796145569,20.0402918696271,0.00287793255309566,0.00532029649459896,0.179663310142563,446,8141,1,"1","diploid","female"
"1337","0","0","0","0",-0.840635299682617,3175.95434570312,"map_8141_1_2",5,70,300,20,5,3.65983825393763,0.1,16.6491693405808,0.34850106056704,0.894493454914395,5,0.2,0.5,123.940796145569,20.0402918696271,0.0097610294577182,0.0247993598679718,0.070610863395525,446,8141,1,"2","diploid","female"
"1338","0","0","0","0",-0.840635299682617,3175.95434570312,"map_8141_1_3",5,70,300,20,5,5.09933942342044,0.1,7.88728844975066,0.0898242939467369,2.0139016376205,3,0.2,0.5,123.940796145569,20.0402918696271,0.000505835593820376,5.13766775485257e-05,0.399507951015889,446,8141,1,"3","diploid","female"
"1339","0","0","0","0",-0.704714834690094,3137.01782226562,"map_8142_1_1",5,70,300,20,5,4.37576906526215,0.1,12.2631718270628,0.171604657361991,2.03024708170032,57,0.2,0.5,121.057184194014,21.2744246553609,0.00276477299182048,0.00517786813883544,0.251330774464902,447,8142,1,"1","diploid","female"
"1340","0","0","0","0",-0.704714834690094,3137.01782226562,"map_8142_1_2",5,70,300,20,5,4.33069716384655,0.1,10.1573636904965,0.716760326712427,0.219747847665041,76,0.2,0.5,121.057184194014,21.2744246553609,0.00667068692513843,0.00463239983985474,0.147688639648443,447,8142,1,"2","diploid","female"
"1341","0","0","0","0",-0.704714834690094,3137.01782226562,"map_8142_1_3",5,70,300,20,5,4.811157021178,0.1,7.20235166716157,0.106516395026224,1.89080207790973,53,0.2,0.5,121.057184194014,21.2744246553609,0.000547894531411672,0.000168047536857894,0.444408158920482,447,8142,1,"3","diploid","female"
"1342","0","0","0","0",-0.535665452480316,3093.60424804688,"map_8143_1_1",5,70,300,20,5,4.58553489425125,0.1,9.91798598827363,0.137216848291085,2.64923301896704,74,0.2,0.5,97.4861379604403,21.2889396502726,0.00133077507193581,0.00105114063048756,0.336825487849862,448,8143,1,"1","diploid","female"
"1343","0","0","0","0",-0.535665452480316,3093.60424804688,"map_8143_1_2",5,70,300,20,5,4.28383124860635,0.1,11.2661162053046,0.164945430828207,3.05605204259453,131,0.2,0.5,97.4861379604403,21.2889396502726,0.00231711523316834,0.00480598471202357,0.50138302011962,448,8143,1,"2","diploid","female"
"1344","0","0","0","0",-0.535665452480316,3093.60424804688,"map_8143_1_3",5,70,300,20,5,5.42525014064945,0.1,8.66297581455856,0.0907434191266257,2.19246299485818,133,0.2,0.5,97.4861379604403,21.2889396502726,0.000640300520523574,0.000119695610999212,0.421793950609691,448,8143,1,"3","diploid","female"
"1345","0","0","0","0",-0.818497657775879,3010.30126953125,"map_8146_1_1",5,70,300,20,5,3.28395028751462,0.1,10.0648049914188,0.169643810244013,1.62991118538592,121,0.2,0.5,95.5727345507802,21.8030505428547,0.0019531635352434,0.00449495765570264,0.267228957766553,449,8146,1,"1","diploid","female"
"1346","0","0","0","0",-0.818497657775879,3010.30126953125,"map_8146_1_2",5,70,300,20,5,3.27148864166053,0.1,15.4564422579065,0.242694046799679,2.16993875962091,140,0.2,0.5,95.5727345507802,21.8030505428547,0.00828775491326449,0.0467728236711394,0.26671659306608,449,8146,1,"2","diploid","female"
"1347","0","0","0","0",-0.818497657775879,3010.30126953125,"map_8146_1_3",5,70,300,20,5,4.36465725158527,0.1,7.56493030975644,0.0954896698009478,1.2491934357975,124,0.2,0.5,95.5727345507802,21.8030505428547,0.000485396437126723,8.64021965986884e-05,0.545707562076387,449,8146,1,"3","diploid","female"
"1348","0","0","0","0",-0.70831423997879,2927.3720703125,"map_8155_1_1",5,70,300,20,5,0,0.1,13.2916924726755,0.217819442671328,1.17308893992718,37,0.2,0.5,78.3070619320157,22.9169651107535,0.00574528840597273,0.0311608572342637,0.19206770369898,450,8155,1,"1","diploid","female"
"1349","0","0","0","0",-0.70831423997879,2927.3720703125,"map_8155_1_2",5,70,300,20,5,6.92361147839022,0.1,21.6731361285832,0.259180707042884,1.29530475115452,32,0.2,0.5,78.3070619320157,22.9169651107535,0.0154168157163457,0.0904375695261114,0.217954928888568,450,8155,1,"2","diploid","female"
"1350","0","0","0","0",-0.70831423997879,2927.3720703125,"map_8155_1_3",5,70,300,20,5,2.11224924484023,0.1,6.19915100669585,0.212446426712628,1.21188944160692,7,0.2,0.5,78.3070619320157,22.9169651107535,0.000828911708767256,0.000715130573579329,0.481624164740556,450,8155,1,"3","diploid","female"
"1351","0","0","0","0",0.0821539834141731,2861.98266601562,"map_8156_1_1",5,70,300,20,5,0,0.1,16.1158113227078,0.266247279127689,1.02917608279182,7,0.2,0.5,78.6777389532704,22.9192486062794,0.00926837846368023,0.0458720591593573,0.139216944118705,451,8156,1,"1","diploid","female"
"1352","0","0","0","0",0.0821539834141731,2861.98266601562,"map_8156_1_2",5,70,300,20,5,0,0.1,14.4050947076548,0.370474252430699,1.96641727194261,5,0.2,0.5,78.6777389532704,22.9192486062794,0.0106327241010949,0.0653248632039739,0.17197281225993,451,8156,1,"2","diploid","female"
"1353","0","0","0","0",0.0821539834141731,2861.98266601562,"map_8156_1_3",5,70,300,20,5,3.59586831636971,0.1,11.0872785943977,0.224444257134843,1.07777834097088,3,0.2,0.5,78.6777389532704,22.9192486062794,0.00324267851378973,0.00877218146780667,0.233542838367977,451,8156,1,"3","diploid","female"
"1354","0","0","0","0",0.501127302646637,2771.54077148438,"map_8158_1_1",5,70,300,20,5,3.57397314996444,0.1,13.7262493637097,0.127827637877728,1.0749894204615,26,0.2,0.5,15.6074833924205,22.8869030995754,0.00261762594009568,0.00752913856411829,0.26218110316075,452,8158,1,"1","diploid","female"
"1355","0","0","0","0",0.501127302646637,2771.54077148438,"map_8158_1_2",5,70,300,20,5,0,0.1,51.0132597871107,3.38073569931989e-16,0,11,0.2,0.5,15.6074833924205,22.8869030995754,6.91104286887094e-17,3.38073569931989e-16,0.320688950893557,452,8158,1,"2","diploid","female"
"1356","0","0","0","0",0.501127302646637,2771.54077148438,"map_8158_1_3",5,70,300,20,5,1.58231103625871,0.1,6.91693991519374,0.0849490571918351,0.316050885074693,27,0.2,0.5,15.6074833924205,22.8869030995754,0.00039476771584073,0.00017431680711289,0.278077169626499,452,8158,1,"3","diploid","female"
"1357","0","0","0","0",0.0304398108273745,2853.11279296875,"map_8195_1_1",5,70,300,20,5,1.68565831114633,0.1,11.6849655295921,0.196948605547884,1.4562917319427,25,0.2,0.5,11.7537171711458,23.1479542838907,0.00312625334101561,0.0100943034730401,0.204796544204764,453,8195,1,"1","diploid","female"
"1358","0","0","0","0",0.0304398108273745,2853.11279296875,"map_8195_1_2",5,70,300,20,5,4.37153792535528,0.1,9.15498859710468,0.222798645936446,1.54545028977958,18,0.2,0.5,11.7537171711458,23.1479542838907,0.001972988905743,0.00339595074854094,0.480827423943521,453,8195,1,"2","diploid","female"
"1359","0","0","0","0",0.0304398108273745,2853.11279296875,"map_8195_1_3",5,70,300,20,5,1.19485537401356,0.1,8.73349458620188,0.137044262753458,1.23015292784238,35,0.2,0.5,11.7537171711458,23.1479542838907,0.00096337950778764,0.000285599347249288,0.292676825686283,453,8195,1,"3","diploid","female"
"1360","0","0","0","0",-0.0926153659820557,2787.0751953125,"map_8196_1_1",5,70,300,20,5,2.92866795767409,0.1,11.8531606016639,0.410406473520755,0.987368634689805,23,0.2,0.5,11.9526170256526,23.1477106354165,0.0076937247700437,0.0275248571114224,0.146612909443026,454,8196,1,"1","diploid","female"
"1361","0","0","0","0",-0.0926153659820557,2787.0751953125,"map_8196_1_2",5,70,300,20,5,0,0.1,7.0181200906778,0.00689997593381115,0.07478219928695,4,0.2,0.5,11.9526170256526,23.1477106354165,2.9037630138922e-05,1.48574795343088e-06,0.66965681560318,454,8196,1,"2","diploid","female"
"1362","0","0","0","0",-0.0926153659820557,2787.0751953125,"map_8196_1_3",5,70,300,20,5,0,0.1,7.0925594812307,0.0688752995160996,0.132357503005242,5,0.2,0.5,11.9526170256526,23.1477106354165,0.000311488698555671,2.16577779266459e-05,0.375986987132716,454,8196,1,"3","diploid","female"
"1363","0","0","0","0",-0.931695640087128,3183.69018554688,"map_8242_1_1",5,70,300,20,5,3.01941861686269,0.1,9.76195639004182,0.119907176756237,2.46547569113965,53,0.2,0.5,143.663037810215,19.3133825215522,0.00130776279628968,0.00256279250246237,0.349581296523775,455,8242,1,"1","diploid","female"
"1364","0","0","0","0",-0.931695640087128,3183.69018554688,"map_8242_1_2",5,70,300,20,5,3.81406899345085,0.1,15.1810853242355,0.179749917925367,1.54784532372978,111,0.2,0.5,143.663037810215,19.3133825215522,0.00530817387926493,0.0203509249239956,0.289005536983407,455,8242,1,"2","diploid","female"
"1365","0","0","0","0",-0.931695640087128,3183.69018554688,"map_8242_1_3",5,70,300,20,5,2.99719544577736,0.1,6.76693277910285,0.0204449125921732,1.07767599966401,60,0.2,0.5,143.663037810215,19.3133825215522,8.33779438150988e-05,8.12548833714393e-06,0.727521494888433,455,8242,1,"3","diploid","female"
"1366","0","0","0","0",-0.909281253814697,3145.36865234375,"map_8244_1_1",5,70,300,20,5,4.77780367231753,0.1,8.92048146787437,0.246485842211959,2.47445571308907,8,0.2,0.5,121.294970889424,20.0403760210884,0.00225851815198703,0.00374277478222199,0.314969501913466,456,8244,1,"1","diploid","female"
"1367","0","0","0","0",-0.909281253814697,3145.36865234375,"map_8244_1_2",5,70,300,20,5,3.41510305468466,0.1,16.9999556818268,0.429103329328418,0.799511882522037,8,0.2,0.5,121.294970889424,20.0403760210884,0.0119083902045835,0.0223907031752659,0.0550632610786092,456,8244,1,"2","diploid","female"
"1368","0","0","0","0",-0.909281253814697,3145.36865234375,"map_8244_1_3",5,70,300,20,5,5.37434720327037,0.1,6.67642544589421,0.134581993987058,1.83062009385687,4,0.2,0.5,121.294970889424,20.0403760210884,0.000556087287375643,4.38307050475871e-05,0.48996478936513,456,8244,1,"3","diploid","female"
"1369","0","0","0","0",-0.892784297466278,3111.79028320312,"map_8245_1_1",5,70,300,20,5,8.05239020952672,0.1,7.70839530944109,0.211144910246499,2.28434752703424,7,0.2,0.5,119.65660704806,20.0369441221455,0.00135150597558289,0.00185557856072592,0.503669337096916,457,8245,1,"1","diploid","female"
"1370","0","0","0","0",-0.892784297466278,3111.79028320312,"map_8245_1_2",5,70,300,20,5,8.79713558757504,0.1,14.838633562828,0.387345555407699,0.851195085093691,9,0.2,0.5,119.65660704806,20.0369441221455,0.0110202314418547,0.0494102687839687,0.244198476935553,457,8245,1,"2","diploid","female"
"1371","0","0","0","0",-0.892784297466278,3111.79028320312,"map_8245_1_3",5,70,300,20,5,6.72252831948933,0.1,5.55120104500075,0.0964934262944815,1.03083720926563,4,0.2,0.5,119.65660704806,20.0369441221455,0.000248857840006899,4.44131352724073e-06,0.946265118745179,457,8245,1,"3","diploid","female"
"1372","0","0","0","0",-0.897129833698273,3082.30834960938,"map_8246_1_1",5,70,300,20,5,3.76514722411619,0.1,9.94133570524572,0.114454282252459,1.92926689895909,54,0.2,0.5,125.736014179217,21.2489174603096,0.00128168137794059,0.00230727981443434,0.339130984524502,458,8246,1,"1","diploid","female"
"1373","0","0","0","0",-0.897129833698273,3082.30834960938,"map_8246_1_2",5,70,300,20,5,3.58644336430779,0.1,17.6247234914948,0.120086464997061,2.24502986035971,57,0.2,0.5,125.736014179217,21.2489174603096,0.00468888149711694,0.0281351776257517,0.441696787661341,458,8246,1,"2","diploid","female"
"1374","0","0","0","0",-0.897129833698273,3082.30834960938,"map_8246_1_3",5,70,300,20,5,4.77375645438018,0.1,7.64111135305543,0.0697449376309637,1.48755897177655,51,0.2,0.5,125.736014179217,21.2489174603096,0.000369166066388281,2.88869928035705e-05,0.58149210498366,458,8246,1,"3","diploid","female"
"1375","0","0","0","0",-0.821509957313538,3050.83227539062,"map_8247_1_1",5,70,300,20,5,3.27323593275459,0.1,8.46234674069803,0.146189703696027,1.65179496447064,12,0.2,0.5,91.230432958698,21.2875487073051,0.00102695873093527,0.00108836047912179,0.434248725942849,459,8247,1,"1","diploid","female"
"1376","0","0","0","0",-0.821509957313538,3050.83227539062,"map_8247_1_2",5,70,300,20,5,8.43094143495363,0.1,13.1489159794993,0.222849683737487,1.88861142819887,21,0.2,0.5,91.230432958698,21.2875487073051,0.00439522730807393,0.00581281407411078,0.356166452660073,459,8247,1,"2","diploid","female"
"1377","0","0","0","0",-0.821509957313538,3050.83227539062,"map_8247_1_3",5,70,300,20,5,3.22582190441833,0.1,7.24424709299495,0.0760422361632591,1.2209394338075,8,0.2,0.5,91.230432958698,21.2875487073051,0.000334362137173462,1.09606488700669e-05,0.672523883858094,459,8247,1,"3","diploid","female"
"1378","0","0","0","0",-0.688515901565552,3034.74462890625,"map_8248_1_1",5,70,300,20,5,2.09447378535277,0.1,9.50844189593954,0.0910385125595806,1.84504977264538,27,0.2,0.5,90.968246819569,21.2849440738344,0.000916295907621161,0.00152354826082736,0.390880339115424,460,8248,1,"1","diploid","female"
"1379","0","0","0","0",-0.688515901565552,3034.74462890625,"map_8248_1_2",5,70,300,20,5,3.84427096921399,0.1,18.5462163218642,0.132822036417396,1.98125174978952,40,0.2,0.5,90.968246819569,21.2849440738344,0.00515400264862836,0.0332839147122383,0.326520677636655,460,8248,1,"2","diploid","female"
"1380","0","0","0","0",-0.688515901565552,3034.74462890625,"map_8248_1_3",5,70,300,20,5,2.65762232365696,0.1,7.395993932845,0.0453200557237308,1.1417763797977,79,0.2,0.5,90.968246819569,21.2849440738344,0.000244644837285446,5.32570150483206e-05,0.623080767670582,460,8248,1,"3","diploid","female"
"1381","0","0","0","0",-0.45668762922287,2961.08984375,"map_8250_1_1",5,70,300,20,5,0,0.1,10.7367764527384,0.15738325383434,1.8033213986202,4,0.2,0.5,94.1888229569723,21.7920682343138,0.00228263590160547,0.00776154785024696,0.266966995324827,461,8250,1,"1","diploid","female"
"1382","0","0","0","0",-0.45668762922287,2961.08984375,"map_8250_1_2",5,70,300,20,5,9.10376071345493,0.1,19.6965497974742,0.23367725529654,1.71176060943418,4,0.2,0.5,94.1888229569723,21.7920682343138,0.0109839725809364,0.0527457257686308,0.194311952242788,461,8250,1,"2","diploid","female"
"1383","0","0","0","0",-0.45668762922287,2961.08984375,"map_8250_1_3",5,70,300,20,5,5.05430844495342,0.1,7.43504457406504,0.09887079032027,1.41900205158319,2,0.2,0.5,94.1888229569723,21.7920682343138,0.000530526035853904,0.000274436027757797,0.496843627877911,461,8250,1,"3","diploid","female"
"1384","0","0","0","0",-0.667356908321381,2992.63696289062,"map_8252_1_1",5,70,300,20,5,2.8171537800203,0.1,12.9344789132453,0.217355151588457,1.53172533383885,15,0.2,0.5,95.050212865652,21.992150166238,0.00371713566343508,0.0113984030602172,0.321680032991326,462,8252,1,"1","diploid","female"
"1385","0","0","0","0",-0.667356908321381,2992.63696289062,"map_8252_1_2",5,70,300,20,5,8.12237908305724,0.1,12.9892367498846,0.816362834346724,0.28976720854355,83,0.2,0.5,95.050212865652,21.992150166238,0.0161183472028434,0.0762008051090375,0.133435481460722,462,8252,1,"2","diploid","female"
"1386","0","0","0","0",-0.667356908321381,2992.63696289062,"map_8252_1_3",5,70,300,20,5,2.66592179516342,0.1,8.30998443964667,0.110316437384623,1.68449239621436,9,0.2,0.5,95.050212865652,21.992150166238,0.000711086144207869,0.000350454037827248,0.504149769239574,462,8252,1,"3","diploid","female"
"1387","0","0","0","0",-0.950933456420898,3020.55493164062,"map_8253_1_1",5,70,300,20,5,4.22930490394618,0.1,9.01656490528949,0.147783476133542,1.3466051304483,34,0.2,0.5,100.056367169187,21.9865665689259,0.00129334526313294,0.00191604807182369,0.410041888113593,463,8253,1,"1","diploid","female"
"1388","0","0","0","0",-0.950933456420898,3020.55493164062,"map_8253_1_2",5,70,300,20,5,7.46926031966512,0.1,9.5773501931695,0.166632047624566,1.98036556862693,71,0.2,0.5,100.056367169187,21.9865665689259,0.00198345297914573,0.00508973975059776,0.51716737256159,463,8253,1,"2","diploid","female"
"1389","0","0","0","0",-0.950933456420898,3020.55493164062,"map_8253_1_3",5,70,300,20,5,3.69178863024503,0.1,7.23635573420788,0.0931877701315343,1.25807381782875,20,0.2,0.5,100.056367169187,21.9865665689259,0.000419570009576444,3.93413414092974e-05,0.682271565433431,463,8253,1,"3","diploid","female"
"1390","0","0","0","0",-0.702232360839844,2997.48608398438,"map_8254_1_1",5,70,300,20,5,3.45357501147789,0.1,12.6287273291703,0.123456565671328,1.3973821831152,62,0.2,0.5,83.316595637125,22.0299907211185,0.00191666120693739,0.00248430082605153,0.332407198836468,464,8254,1,"1","diploid","female"
"1391","0","0","0","0",-0.702232360839844,2997.48608398438,"map_8254_1_2",5,70,300,20,5,3.71585506828922,0.1,18.5956806178028,0.360704832568936,0.603980476567008,81,0.2,0.5,83.316595637125,22.0299907211185,0.0138333896030332,0.0577891827279548,0.227452659709262,464,8254,1,"2","diploid","female"
"1392","0","0","0","0",-0.702232360839844,2997.48608398438,"map_8254_1_3",5,70,300,20,5,4.02781762381103,0.1,8.53759753188606,0.0488804577297153,1.44031907125091,63,0.2,0.5,83.316595637125,22.0299907211185,0.000324426025382446,4.37634510874461e-05,0.742085783421819,464,8254,1,"3","diploid","female"
"1393","0","0","0","0",-0.0957024022936821,2941.2060546875,"map_8255_1_1",5,70,300,20,5,0,0.1,10.8223130020201,0.223842061736091,1.9982263479153,7,0.2,0.5,91.9251682619716,22.5127703285428,0.00316353865172105,0.00888742576159111,0.21594936086077,465,8255,1,"1","diploid","female"
"1394","0","0","0","0",-0.0957024022936821,2941.2060546875,"map_8255_1_2",5,70,300,20,5,11.2184844249535,0.1,9.49689677507053,0.283020523856373,2.88644928362327,5,0.2,0.5,91.9251682619716,22.5127703285428,0.00297236783469641,0.00645867349309279,0.298907330034324,465,8255,1,"2","diploid","female"
"1395","0","0","0","0",-0.0957024022936821,2941.2060546875,"map_8255_1_3",5,70,300,20,5,2.82529486664672,0.1,8.54382812429058,0.221206619230974,2.05183994852143,5,0.2,0.5,91.9251682619716,22.5127703285428,0.0017311580305563,0.00229544698957648,0.312252686416423,465,8255,1,"3","diploid","female"
"1396","0","0","0","0",-0.398537069559097,2901.19775390625,"map_8258_1_1",5,70,300,20,5,3.04180154836999,0.1,14.1853475168185,0.272700115874824,1.10501504322424,58,0.2,0.5,57.506943080729,22.9171124201676,0.0057943483238092,0.0162412499673144,0.171354304875193,466,8258,1,"1","diploid","female"
"1397","0","0","0","0",-0.398537069559097,2901.19775390625,"map_8258_1_2",5,70,300,20,5,3.51639995806771,0.1,16.0397952537168,0.492650110408805,0.394801653817157,68,0.2,0.5,57.506943080729,22.9171124201676,0.0136698468408326,0.0340709790498838,0.126978054785588,466,8258,1,"2","diploid","female"
"1398","0","0","0","0",-0.398537069559097,2901.19775390625,"map_8258_1_3",5,70,300,20,5,3.17423408418814,0.1,9.04781142252606,0.156568238571881,1.43645909219611,43,0.2,0.5,57.506943080729,22.9171124201676,0.00121179445875142,0.000554422638219476,0.415661543860823,466,8258,1,"3","diploid","female"
"1399","0","0","0","0",-0.605343461036682,2890.57080078125,"map_8259_1_1",5,70,300,20,5,2.60263632413004,0.1,14.9247947487237,0.166507956673814,1.36288928950175,48,0.2,0.5,54.3433899881622,22.9528754351543,0.00503273816122201,0.0273213871036702,0.129352887896968,467,8259,1,"1","diploid","female"
"1400","0","0","0","0",-0.605343461036682,2890.57080078125,"map_8259_1_2",5,70,300,20,5,2.99112346682131,0.1,21.2657158037483,0.139606569790225,1.6624854713019,34,0.2,0.5,54.3433899881622,22.9528754351543,0.00805314542259927,0.0509575407368643,0.180975930225112,467,8259,1,"2","diploid","female"
"1401","0","0","0","0",-0.605343461036682,2890.57080078125,"map_8259_1_3",5,70,300,20,5,2.78503553899377,0.1,7.74187288658911,0.125083030778731,1.20474911537789,80,0.2,0.5,54.3433899881622,22.9528754351543,0.000761451565267325,0.000485866287878608,0.26771015519925,467,8259,1,"3","diploid","female"
"1402","0","0","0","0",-0.400283545255661,2861.3701171875,"map_8260_1_1",5,70,300,20,5,1.65901790885147,0.1,15.5148288980946,0.246690234059583,0.794151166905305,19,0.2,0.5,59.1203083604067,22.9023294438291,0.00619499199672251,0.014682326511547,0.212141572834102,468,8260,1,"1","diploid","female"
"1403","0","0","0","0",-0.400283545255661,2861.3701171875,"map_8260_1_2",5,70,300,20,5,3.35565512859085,0.1,12.3764216344612,0.609965046048787,0.159747743031299,41,0.2,0.5,59.1203083604067,22.9023294438291,0.00935398149856646,0.0168317160039017,0.152285132944832,468,8260,1,"2","diploid","female"
"1404","0","0","0","0",-0.400283545255661,2861.3701171875,"map_8260_1_3",5,70,300,20,5,1.48374973210317,0.1,8.5867267355202,0.0868057144485892,0.786059289433411,7,0.2,0.5,59.1203083604067,22.9023294438291,0.00059073003193346,0.000202359721696949,0.44830203158039,468,8260,1,"3","diploid","female"
"1405","0","0","0","0",-0.0263992287218571,2810.68286132812,"map_8261_1_1",5,70,300,20,5,0,0.1,18.161620962102,0.289939082792954,0.891593407459325,61,0.2,0.5,60.8402037978408,22.9260537262639,0.0103754285435913,0.0369723204439385,0.101067165384429,469,8261,1,"1","diploid","female"
"1406","0","0","0","0",-0.0263992287218571,2810.68286132812,"map_8261_1_2",5,70,300,20,5,0,0.1,16.6564843972845,0.271314120758155,0.865056421278395,42,0.2,0.5,60.8402037978408,22.9260537262639,0.00745281975612002,0.0137298325013771,0.144792518636247,469,8261,1,"2","diploid","female"
"1407","0","0","0","0",-0.0263992287218571,2810.68286132812,"map_8261_1_3",5,70,300,20,5,0,0.1,7.89534377676176,0.05540312360502,0.341548818728564,26,0.2,0.5,60.8402037978408,22.9260537262639,0.000347187292498128,0.000169915494785103,0.181287537264034,469,8261,1,"3","diploid","female"
"1408","0","0","0","0",-0.196079686284065,2786.05786132812,"map_8262_1_1",5,70,300,20,5,2.85212975038048,0.1,14.3630841704436,0.415924739835978,0.978821743535917,14,0.2,0.5,20.5107560237356,22.9450814235514,0.0110291216811816,0.0387213458936694,0.119744615397723,470,8262,1,"1","diploid","female"
"1409","0","0","0","0",-0.196079686284065,2786.05786132812,"map_8262_1_2",5,70,300,20,5,0,0.1,7.2995714419004,0.144949755003753,0.933749075573054,4,0.2,0.5,20.5107560237356,22.9450814235514,0.000688001235128756,5.29147264320106e-05,0.527141982272069,470,8262,1,"2","diploid","female"
"1410","0","0","0","0",-0.196079686284065,2786.05786132812,"map_8262_1_3",5,70,300,20,5,0,0.1,8.44040894587193,0.0498804122367533,0.100982743425678,2,0.2,0.5,20.5107560237356,22.9450814235514,0.000309828948221445,2.05169482378046e-05,0.320240445710931,470,8262,1,"3","diploid","female"
"1411","0","0","0","0",0.373109579086304,2758.63647460938,"map_8263_1_1",5,70,300,20,5,0,0.1,16.35123646957,0.150381344715033,0.468828771754511,13,0.2,0.5,19.8989157182137,22.9255941524062,0.00426052781422821,0.013584252128593,0.233333007544901,471,8263,1,"1","diploid","female"
"1412","0","0","0","0",0.373109579086304,2758.63647460938,"map_8263_1_2",5,70,300,20,5,0,0.1,50.5982824687488,5.74243031616995e-16,0,4,0.2,0.5,19.8989157182137,22.9255941524062,1.15487066482886e-16,5.74243031616995e-16,0.312882005405855,471,8263,1,"2","diploid","female"
"1413","0","0","0","0",0.373109579086304,2758.63647460938,"map_8263_1_3",5,70,300,20,5,0,0.1,9.31772293011052,0.0459119537596251,0.139806394879231,6,0.2,0.5,19.8989157182137,22.9255941524062,0.000393336416119263,0.000241123743209677,0.258467664435039,471,8263,1,"3","diploid","female"
"1414","0","0","0","0",-0.408560425043106,2765.31494140625,"map_8281_1_1",5,70,300,20,5,2.38512843383799,0.1,17.7782277884933,0.35501216865364,0.436943260958003,50,0.2,0.5,4.52028746391798,22.9387548621971,0.0126345503080933,0.0567743147302636,0.137498007330389,472,8281,1,"1","diploid","female"
"1415","0","0","0","0",-0.408560425043106,2765.31494140625,"map_8281_1_2",5,70,300,20,5,0,0.1,6.20543172776658,0.00211570363294836,0.0304012631652306,12,0.2,0.5,4.52028746391798,22.9387548621971,7.5677679983252e-06,3.51961159306305e-07,0.807069674320809,472,8281,1,"2","diploid","female"
"1416","0","0","0","0",-0.408560425043106,2765.31494140625,"map_8281_1_3",5,70,300,20,5,0,0.1,5.16140599896235,0.0601212787645344,0.0266833449262896,13,0.2,0.5,4.52028746391798,22.9387548621971,0.000127917502183392,2.7750033765501e-08,1.05907803214753,472,8281,1,"3","diploid","female"
"1417","0","0","0","0",-0.325159847736359,2801.54443359375,"map_8282_1_1",5,70,300,20,5,2.70077307005234,0.1,11.1395806714919,0.634300067533614,0.497570998591249,34,0.2,0.5,5.41669831147721,22.9047791976337,0.00998762390894372,0.0285952553787271,0.447965681899131,473,8282,1,"1","diploid","female"
"1418","0","0","0","0",-0.325159847736359,2801.54443359375,"map_8282_1_2",5,70,300,20,5,2.61016035795878,0.1,7.67573657030607,1.03452556527432,0.436279415961135,54,0.2,0.5,5.41669831147721,22.9047791976337,0.00713511314259396,0.0141700780078105,0.800639963652571,473,8282,1,"2","diploid","female"
"1419","0","0","0","0",-0.325159847736359,2801.54443359375,"map_8282_1_3",5,70,300,20,5,0,0.1,5.49031919603688,0.0425191137691069,0.148825398954757,5,0.2,0.5,5.41669831147721,22.9047791976337,0.000107365882481682,6.07889577663545e-07,0.674248920140873,473,8282,1,"3","diploid","female"
"1420","0","0","0","0",-0.699310123920441,2860.60278320312,"map_8283_1_1",5,70,300,20,5,2.30159185585021,0.1,11.282492445463,0.20793153528438,0.818636435913778,26,0.2,0.5,9.38325762077919,22.9120206315388,0.00314200487411392,0.00886551210211059,0.244119980883816,474,8283,1,"1","diploid","female"
"1421","0","0","0","0",-0.699310123920441,2860.60278320312,"map_8283_1_2",5,70,300,20,5,2.47866759342994,0.1,11.227584265409,0.283497120917287,0.72048013879036,32,0.2,0.5,9.38325762077919,22.9120206315388,0.00449770564594079,0.0138587327750864,0.298772191643696,474,8283,1,"2","diploid","female"
"1422","0","0","0","0",-0.699310123920441,2860.60278320312,"map_8283_1_3",5,70,300,20,5,2.4918881626255,0.1,6.87245876859249,0.0888861657957133,0.792071954725438,14,0.2,0.5,9.38325762077919,22.9120206315388,0.000343392314409328,4.09378331595892e-07,0.748408853741695,474,8283,1,"3","diploid","female"
"1423","0","0","0","0",0.017384298145771,2854.029296875,"map_8299_1_1",5,70,300,20,5,1.6264377572916,0.1,9.70800584528605,0.40137873826257,0.949537812815145,67,0.2,0.5,9.64473645152691,23.155160242801,0.00402427787141055,0.00901503609759307,0.474544029018501,475,8299,1,"1","diploid","female"
"1424","0","0","0","0",0.017384298145771,2854.029296875,"map_8299_1_2",5,70,300,20,5,4.21463692078417,0.1,6.75921628590138,0.881472332295166,0.62195878278084,60,0.2,0.5,9.64473645152691,23.155160242801,0.00354321181804259,0.00164051984401382,0.904417311414315,475,8299,1,"2","diploid","female"
"1425","0","0","0","0",0.017384298145771,2854.029296875,"map_8299_1_3",5,70,300,20,5,1.16955756806851,0.1,7.75918006656915,0.169410777578163,1.28546172606553,104,0.2,0.5,9.64473645152691,23.155160242801,0.000920618480433596,0.000174828240691994,0.672951296065594,475,8299,1,"3","diploid","female"
"1426","0","0","0","0",-0.070423536002636,2784.37231445312,"map_8300_1_1",5,70,300,20,5,1.71751959734347,0.1,13.9644982288005,0.496816657073529,0.37368553360191,24,0.2,0.5,8.93660507023186,23.2036774404025,0.0111961450714796,0.0430921788879813,0.211921936504391,476,8300,1,"1","diploid","female"
"1427","0","0","0","0",-0.070423536002636,2784.37231445312,"map_8300_1_2",5,70,300,20,5,3.18192032487165,0.1,7.37985464337609,0.00512997671002584,0.154620669717806,4,0.2,0.5,8.93660507023186,23.2036774404025,2.4411889881488e-05,9.11561978678751e-07,0.384349118274631,476,8300,1,"2","diploid","female"
"1428","0","0","0","0",-0.070423536002636,2784.37231445312,"map_8300_1_3",5,70,300,20,5,1.00047642705935,0.1,6.88441421116444,0.109045177073389,0.276901845713546,5,0.2,0.5,8.93660507023186,23.2036774404025,0.000460381834994564,1.94290587536346e-05,0.390241367319772,476,8300,1,"3","diploid","female"
"1429","0","0","0","0",-0.936058640480042,3203.21020507812,"map_8343_1_1",5,70,300,20,5,3.73614299053434,0.1,17.4583194371163,0.359929744849436,1.03237915241327,15,0.2,0.5,163.348234208319,21.4514436732363,0.0122647580505513,0.0485805956482138,0.133386307542576,477,8343,1,"1","diploid","female"
"1430","0","0","0","0",-0.936058640480042,3203.21020507812,"map_8343_1_2",5,70,300,20,5,4.07740544906985,0.1,12.834380075552,0.781533012990286,0.223601121655868,18,0.2,0.5,163.348234208319,21.4514436732363,0.0145908160561778,0.0658313666668386,0.105820028323785,477,8343,1,"2","diploid","female"
"1431","0","0","0","0",-0.936058640480042,3203.21020507812,"map_8343_1_3",5,70,300,20,5,3.56616134121925,0.1,9.96975999595763,0.181768620159059,1.43884627135664,4,0.2,0.5,163.348234208319,21.4514436732363,0.00171366487914862,0.00089287079055961,0.456070070094736,477,8343,1,"3","diploid","female"
"1432","0","0","0","0",-0.943296253681183,3109.828125,"map_8346_1_1",5,70,300,20,5,3.54925739706176,0.1,14.1600828913146,0.190799946367322,1.36547212185166,29,0.2,0.5,154.560810526344,21.4329453359543,0.00425181313888374,0.0118092265789243,0.218256274044876,478,8346,1,"1","diploid","female"
"1433","0","0","0","0",-0.943296253681183,3109.828125,"map_8346_1_2",5,70,300,20,5,3.60694568929914,0.1,12.6407802080197,0.694267450497926,0.198791788712297,78,0.2,0.5,154.560810526344,21.4329453359543,0.0108916597698961,0.0219723186231686,0.107919098844816,478,8346,1,"2","diploid","female"
"1434","0","0","0","0",-0.943296253681183,3109.828125,"map_8346_1_3",5,70,300,20,5,4.38382837015144,0.1,9.39872464271332,0.0691807969032068,1.3136326463919,12,0.2,0.5,154.560810526344,21.4329453359543,0.000555165305464121,0.0001891512652143,0.476254939514043,478,8346,1,"3","diploid","female"
"1435","0","0","0","0",-0.962443470954895,3087.16064453125,"map_8347_1_1",5,70,300,20,5,3.09038788826593,0.1,10.3872436248871,0.367997153890293,1.55385763956934,45,0.2,0.5,145.732805245738,22.086923077521,0.00521807473941787,0.0148299821873305,0.263483150279753,479,8347,1,"1","diploid","female"
"1436","0","0","0","0",-0.962443470954895,3087.16064453125,"map_8347_1_2",5,70,300,20,5,3.6706031763113,0.1,14.3456697572742,0.591497582340999,0.681678966920493,50,0.2,0.5,145.732805245738,22.086923077521,0.0123314949786469,0.0172369892587661,0.107267555066108,479,8347,1,"2","diploid","female"
"1437","0","0","0","0",-0.962443470954895,3087.16064453125,"map_8347_1_3",5,70,300,20,5,3.98874125678975,0.1,6.69536996884746,0.29276618667534,1.93646645810265,14,0.2,0.5,145.732805245738,22.086923077521,0.00129943118772121,0.000393315754637605,0.530584964193061,479,8347,1,"3","diploid","female"
"1438","0","0","0","0",-0.91678911447525,3073.67602539062,"map_8348_1_1",5,70,300,20,5,0,0.1,10.1076596874607,0.222654769146476,1.60868811233393,38,0.2,0.5,121.265832913674,22.0849917613523,0.00300642582468949,0.00890062232859446,0.275488926157767,480,8348,1,"1","diploid","female"
"1439","0","0","0","0",-0.91678911447525,3073.67602539062,"map_8348_1_2",5,70,300,20,5,10.1688804259326,0.1,17.530538730164,0.447294368310263,0.568520344534269,44,0.2,0.5,121.265832913674,22.0849917613523,0.0119665430223902,0.0115136365678298,0.178405694228262,480,8348,1,"2","diploid","female"
"1440","0","0","0","0",-0.91678911447525,3073.67602539062,"map_8348_1_3",5,70,300,20,5,2.89151375009271,0.1,6.41825067021471,0.208391770551501,1.70220719526585,7,0.2,0.5,121.265832913674,22.0849917613523,0.00082003189903318,0.000267425073572723,0.528664498197354,480,8348,1,"3","diploid","female"
"1441","0","0","0","0",-0.918850004673004,3046.2763671875,"map_8349_1_1",5,70,300,20,5,3.1594744520425,0.1,16.3702018283977,0.125514733645956,1.29081073221181,20,0.2,0.5,126.065026780696,22.0462686152157,0.00396170649451924,0.0140987026583761,0.207763036331218,481,8349,1,"1","diploid","female"
"1442","0","0","0","0",-0.918850004673004,3046.2763671875,"map_8349_1_2",5,70,300,20,5,3.59818373162437,0.1,26.2344345269733,0.176603578126858,1.42747148782605,27,0.2,0.5,126.065026780696,22.0462686152157,0.012469624476934,0.0534812577488635,0.23744359878168,481,8349,1,"2","diploid","female"
"1443","0","0","0","0",-0.918850004673004,3046.2763671875,"map_8349_1_3",5,70,300,20,5,4.16524572749332,0.1,8.68152806365861,0.0503554722153194,1.45759509063626,10,0.2,0.5,126.065026780696,22.0462686152157,0.000379378092015105,0.000282230309493817,0.528601420080946,481,8349,1,"3","diploid","female"
"1444","0","0","0","0",-0.936977922916412,3020.93774414062,"map_8350_1_1",5,70,300,20,5,1.49360775600684,0.1,12.7890162387848,0.219515772000034,1.43762267335216,39,0.2,0.5,119.955719203252,22.4742078876179,0.0048190296407432,0.0174906638009342,0.210417269739389,482,8350,1,"1","diploid","female"
"1445","0","0","0","0",-0.936977922916412,3020.93774414062,"map_8350_1_2",5,70,300,20,5,3.77242455676161,0.1,20.9249715176879,0.462967362809224,0.502538334551929,45,0.2,0.5,119.955719203252,22.4742078876179,0.017556463757105,0.019796967422332,0.144293955119286,482,8350,1,"2","diploid","female"
"1446","0","0","0","0",-0.936977922916412,3020.93774414062,"map_8350_1_3",5,70,300,20,5,1.98174224100251,0.1,6.65414935673446,0.216299964080009,1.6393614683588,8,0.2,0.5,119.955719203252,22.4742078876179,0.000988282832285516,0.000643066723532793,0.506842163224176,482,8350,1,"3","diploid","female"
"1447","0","0","0","0",-0.851980626583099,2999.92138671875,"map_8351_1_1",5,70,300,20,5,0,0.1,10.8152265085784,0.180023800520259,1.03600169086872,133,0.2,0.5,97.5239354621532,22.4708103505216,0.00263772617345564,0.00850671192718203,0.295845038910934,483,8351,1,"1","diploid","female"
"1448","0","0","0","0",-0.851980626583099,2999.92138671875,"map_8351_1_2",5,70,300,20,5,8.14698002278752,0.1,17.6141051225212,0.237654185595679,2.08593110119989,130,0.2,0.5,97.5239354621532,22.4708103505216,0.00942614816443502,0.0712398226732419,0.240918016897326,483,8351,1,"2","diploid","female"
"1449","0","0","0","0",-0.851980626583099,2999.92138671875,"map_8351_1_3",5,70,300,20,5,4.12324714802963,0.1,7.96267629037305,0.128638364403498,1.47055586306352,127,0.2,0.5,97.5239354621532,22.4708103505216,0.00073197219899899,0.000178866866523022,0.479967084993821,483,8351,1,"3","diploid","female"
"1450","0","0","0","0",-0.920054376125336,2988.07470703125,"map_8352_1_1",5,70,300,20,5,2.65769817754531,0.1,15.2619485843718,0.087385641541075,1.1526585045961,28,0.2,0.5,92.6020358709798,22.4801702488828,0.00244967389150719,0.0121760245330979,0.233332754066517,484,8352,1,"1","diploid","female"
"1451","0","0","0","0",-0.920054376125336,2988.07470703125,"map_8352_1_2",5,70,300,20,5,3.11764396086411,0.1,26.5730187641029,0.298703436893139,0.9095508577005,67,0.2,0.5,92.6020358709798,22.4801702488828,0.0188575388052449,0.0488718370801513,0.18868890922028,484,8352,1,"2","diploid","female"
"1452","0","0","0","0",-0.920054376125336,2988.07470703125,"map_8352_1_3",5,70,300,20,5,3.59752537381579,0.1,8.58035216428341,0.0617273455176618,1.32722176795787,31,0.2,0.5,92.6020358709798,22.4801702488828,0.000434529886271476,0.000215391950354201,0.47582542345104,484,8352,1,"3","diploid","female"
"1453","0","0","0","0",-0.804414689540863,2982.8369140625,"map_8353_1_1",5,70,300,20,5,2.73716391104995,0.1,11.2487637196301,0.220420935814092,1.31975790277669,35,0.2,0.5,98.4703435375049,22.7500261325773,0.00365072500089295,0.0117089520147926,0.199690873665417,485,8353,1,"1","diploid","female"
"1454","0","0","0","0",-0.804414689540863,2982.8369140625,"map_8353_1_2",5,70,300,20,5,3.40458049055962,0.1,12.7947145163569,0.276417812658916,1.91774182772219,32,0.2,0.5,98.4703435375049,22.7500261325773,0.00727060450416592,0.0297570161396667,0.267785260549604,485,8353,1,"2","diploid","female"
"1455","0","0","0","0",-0.804414689540863,2982.8369140625,"map_8353_1_3",5,70,300,20,5,3.58478933289614,0.1,7.02196560159445,0.228656486258997,1.59747519790168,6,0.2,0.5,98.4703435375049,22.7500261325773,0.00118057908323821,0.000858780612067359,0.424764279326717,485,8353,1,"3","diploid","female"
"1456","0","0","0","0",-0.276134669780731,2953.60473632812,"map_8354_1_1",5,70,300,20,5,0,0.1,14.3488522143811,0.256619642568696,1.29511565468019,25,0.2,0.5,90.3804792692495,22.7748677706798,0.00563631105968388,0.0154299712961221,0.224870798712013,486,8354,1,"1","diploid","female"
"1457","0","0","0","0",-0.276134669780731,2953.60473632812,"map_8354_1_2",5,70,300,20,5,10.9459144095497,0.1,20.5599775241124,0.417759423285596,0.93311921567428,34,0.2,0.5,90.3804792692495,22.7748677706798,0.0175154433236346,0.0494185413139691,0.184669129297922,486,8354,1,"2","diploid","female"
"1458","0","0","0","0",-0.276134669780731,2953.60473632812,"map_8354_1_3",5,70,300,20,5,4.53221622245191,0.1,9.74575939861947,0.187196523330814,1.81182492599735,14,0.2,0.5,90.3804792692495,22.7748677706798,0.00187476007315014,0.0030958852597293,0.390491372553818,486,8354,1,"3","diploid","female"
"1459","0","0","0","0",-0.856953322887421,2833.48193359375,"map_8362_1_1",5,70,300,20,5,0,0.1,19.340834825056,0.262087944512511,0.482398417287529,53,0.2,0.5,57.5969709084799,22.992753902279,0.00990487296026139,0.0344156343686069,0.159581540785418,487,8362,1,"1","diploid","female"
"1460","0","0","0","0",-0.856953322887421,2833.48193359375,"map_8362_1_2",5,70,300,20,5,3.73351272779937,0.1,18.8641382968888,0.403024841666588,0.206943769928038,68,0.2,0.5,57.5969709084799,22.992753902279,0.0129333496606217,0.0267418600315975,0.177220428374964,487,8362,1,"2","diploid","female"
"1461","0","0","0","0",-0.856953322887421,2833.48193359375,"map_8362_1_3",5,70,300,20,5,1.65446284829333,0.1,7.01008475215119,0.0420362517584512,0.429335669031015,13,0.2,0.5,57.5969709084799,22.992753902279,0.0001800897792898,5.65738283815131e-06,0.581903888708149,487,8362,1,"3","diploid","female"
"1462","0","0","0","0",-0.910201847553253,2817.07275390625,"map_8363_1_1",5,70,300,20,5,0,0.1,22.496848156956,0.264848402900752,0.529230329841022,57,0.2,0.5,56.0635577687232,23.0020750643539,0.0142732830474026,0.0718430556769257,0.0700993217994705,488,8363,1,"1","diploid","female"
"1463","0","0","0","0",-0.910201847553253,2817.07275390625,"map_8363_1_2",5,70,300,20,5,3.59922319298605,0.1,27.4787547756032,0.289794618305626,0.618201938976799,60,0.2,0.5,56.0635577687232,23.0020750643539,0.0214517902810505,0.111871610779277,0.107296247572705,488,8363,1,"2","diploid","female"
"1464","0","0","0","0",-0.910201847553253,2817.07275390625,"map_8363_1_3",5,70,300,20,5,0.875538783139046,0.1,6.88104950167891,0.0373598791716,0.102188549942243,13,0.2,0.5,56.0635577687232,23.0020750643539,0.00015963238364712,4.62314193812472e-06,0.463947936208394,488,8363,1,"3","diploid","female"
"1465","0","0","0","0",-0.740476489067078,2794.15380859375,"map_8365_1_1",5,70,300,20,5,2.04339998685327,0.1,18.2417218521383,0.418454523050791,0.299545845559945,98,0.2,0.5,56.9947706573887,23.0108336620817,0.0157648702127875,0.0649330515005599,0.110210897247362,489,8365,1,"1","diploid","female"
"1466","0","0","0","0",-0.740476489067078,2794.15380859375,"map_8365_1_2",5,70,300,20,5,2.05347473262796,0.1,14.2208546093099,0.64055092147245,0.118318686384817,117,0.2,0.5,56.9947706573887,23.0108336620817,0.0154080111345758,0.0516432814197985,0.125718999892142,489,8365,1,"2","diploid","female"
"1467","0","0","0","0",-0.740476489067078,2794.15380859375,"map_8365_1_3",5,70,300,20,5,0,0.1,7.47680571941979,0.0167666859775686,0.0981163422747698,27,0.2,0.5,56.9947706573887,23.0108336620817,8.44441976668325e-05,5.18860655888952e-06,0.488983459451954,489,8365,1,"3","diploid","female"
"1468","0","0","0","0",-0.0675779283046722,2783.38354492188,"map_8366_1_1",5,70,300,20,5,1.45782024921379,0.1,10.2595753636846,0.752837463076387,0.887227191101442,29,0.2,0.5,18.1802185274463,23.0587328956241,0.0116617182441044,0.0415364290906986,0.30291767277779,490,8366,1,"1","diploid","female"
"1469","0","0","0","0",-0.0675779283046722,2783.38354492188,"map_8366_1_2",5,70,300,20,5,3.60402478731721,0.1,5.96559145177504,0.0106690645551353,0.0496563774994673,2,0.2,0.5,18.1802185274463,23.0587328956241,3.26763581454815e-05,1.3687605357627e-06,0.685664204988744,490,8366,1,"2","diploid","female"
"1470","0","0","0","0",-0.0675779283046722,2783.38354492188,"map_8366_1_3",5,70,300,20,5,0.736629045439643,0.1,7.71595142860149,0.0477669960656366,0.114631860418769,2,0.2,0.5,18.1802185274463,23.0587328956241,0.000244011663895972,1.22519775883865e-05,0.33502689185651,490,8366,1,"3","diploid","female"
"1471","0","0","0","0",0.191571965813637,2765.19799804688,"map_8367_1_1",5,70,300,20,5,0,0.1,9.91284082385919,0.273161562928139,0.956981317796142,9,0.2,0.5,19.3588035524733,23.0262832704969,0.00332992350953407,0.009942161406621,0.20182205231972,491,8367,1,"1","diploid","female"
"1472","0","0","0","0",0.191571965813637,2765.19799804688,"map_8367_1_2",5,70,300,20,5,0,0.1,50.5844589033407,3.10320344899149e-16,6.47473742246913e-30,2,0.2,0.5,19.3588035524733,23.0262832704969,6.2375704793704e-17,3.10320344899149e-16,0.317100604705361,491,8367,1,"2","diploid","female"
"1473","0","0","0","0",0.191571965813637,2765.19799804688,"map_8367_1_3",5,70,300,20,5,0,0.1,7.59310325574514,0.0552368162257385,0.0697615942858273,2,0.2,0.5,19.3588035524733,23.0262832704969,0.00028014677047272,1.7727984807558e-05,0.293517176653458,491,8367,1,"3","diploid","female"
"1474","0","0","0","0",0.443325608968735,2750.95434570312,"map_8368_1_1",5,70,300,20,5,0,0.1,17.599050346254,0.0538845964579232,0.129805456406366,6,0.2,0.5,20.7071505481396,22.9698812584016,0.00204415683439842,0.00949323782153185,0.144321371956412,492,8368,1,"1","diploid","female"
"1475","0","0","0","0",0.443325608968735,2750.95434570312,"map_8368_1_2",5,70,300,20,5,0,0.1,50.5443426109004,5.18753415762383e-16,0,2,0.2,0.5,20.7071505481396,22.9698812584016,1.04106549278912e-16,5.18753415762383e-16,0.310376386424382,492,8368,1,"2","diploid","female"
"1476","0","0","0","0",0.443325608968735,2750.95434570312,"map_8368_1_3",5,70,300,20,5,1.2533820392158,0.1,8.04477239388973,0.106398305434271,0.14942480573785,3,0.2,0.5,20.7071505481396,22.9698812584016,0.000594940298691694,0.000100686986671313,0.535422907703061,492,8368,1,"3","diploid","female"
"1477","0","0","0","0",-0.590919077396393,2778.4794921875,"map_8386_1_1",5,70,300,20,5,1.44751023054147,0.1,14.1819119161174,0.416702440826949,0.35656816902906,21,0.2,0.5,5.42110983440745,22.9117814250959,0.00935877689546663,0.0305440500173254,0.129912233155431,493,8386,1,"1","diploid","female"
"1478","0","0","0","0",-0.590919077396393,2778.4794921875,"map_8386_1_2",5,70,300,20,5,1.96967957190397,0.1,9.65544971757843,0.557323855960209,0.317380744456016,17,0.2,0.5,5.42110983440745,22.9117814250959,0.00616992912471358,0.0152419453042775,0.23290753586802,493,8386,1,"2","diploid","female"
"1479","0","0","0","0",-0.590919077396393,2778.4794921875,"map_8386_1_3",5,70,300,20,5,0.910361026373042,0.1,5.32962036220264,0.0548314727852252,0.0956495522620067,4,0.2,0.5,5.42110983440745,22.9117814250959,0.000129441953045439,2.55382274093935e-07,0.51749135490633,493,8386,1,"3","diploid","female"
"1480","0","0","0","0",-0.779094398021698,2808.6591796875,"map_8387_1_1",5,70,300,20,5,2.00381654296279,0.1,11.4107314504118,0.50752052755287,0.341690727379479,12,0.2,0.5,9.35640723087463,22.9384170925102,0.0074601089796552,0.0197260218568142,0.244602337406726,494,8387,1,"1","diploid","female"
"1481","0","0","0","0",-0.779094398021698,2808.6591796875,"map_8387_1_2",5,70,300,20,5,1.99808059566853,0.1,9.83151121540985,0.702917379209195,0.15593153857271,10,0.2,0.5,9.35640723087463,22.9384170925102,0.0070222423603753,0.0119613431103465,0.270796695200442,494,8387,1,"2","diploid","female"
"1482","0","0","0","0",-0.779094398021698,2808.6591796875,"map_8387_1_3",5,70,300,20,5,0,0.1,5.42627312208038,0.0756617897463628,0.0675899694033508,2,0.2,0.5,9.35640723087463,22.9384170925102,0.000183541639950826,1.14654355145241e-07,0.723290173504539,494,8387,1,"3","diploid","female"
"1483","0","0","0","0",-0.594361007213593,2845.56103515625,"map_8388_1_1",5,70,300,20,5,0.989226445623965,0.1,10.6328065407358,0.230130517930007,0.818041552009713,29,0.2,0.5,10.3335870823195,22.9106895049677,0.00292979704029147,0.00558282455688512,0.207436511193144,495,8388,1,"1","diploid","female"
"1484","0","0","0","0",-0.594361007213593,2845.56103515625,"map_8388_1_2",5,70,300,20,5,2.71018225064467,0.1,9.28465403229603,0.32051442585556,0.673556404986974,37,0.2,0.5,10.3335870823195,22.9106895049677,0.00304935458981366,0.00379580712598456,0.306788675641523,495,8388,1,"2","diploid","female"
"1485","0","0","0","0",-0.594361007213593,2845.56103515625,"map_8388_1_3",5,70,300,20,5,0.798006707307324,0.1,6.54989195657009,0.0330528699145501,0.461326875997146,14,0.2,0.5,10.3335870823195,22.9106895049677,0.000121842885035771,1.305125583214e-07,1.0826923011654,495,8388,1,"3","diploid","female"
"1486","0","0","0","0",-0.80910450220108,2897.84252929688,"map_8389_1_1",5,70,300,20,5,1.51067248157365,0.1,7.58983602947918,0.435245739154875,0.788723560832087,12,0.2,0.5,10.3392512614273,22.9120516307066,0.00259909566911221,0.00333314782996916,0.621952979670927,496,8389,1,"1","diploid","female"
"1487","0","0","0","0",-0.80910450220108,2897.84252929688,"map_8389_1_2",5,70,300,20,5,2.49425674921559,0.1,6.68340056173016,1.2342924937678,0.605257001090956,62,0.2,0.5,10.3392512614273,22.9120516307066,0.00608991618989118,0.00753874067886605,1.00901357616996,496,8389,1,"2","diploid","female"
"1488","0","0","0","0",-0.80910450220108,2897.84252929688,"map_8389_1_3",5,70,300,20,5,1.6656860537342,0.1,5.75084716274611,0.209697060753356,0.986407070078857,3,0.2,0.5,10.3392512614273,22.9120516307066,0.000570024261641915,7.41058660450296e-07,0.993575822490205,496,8389,1,"3","diploid","female"
"1489","0","0","0","0",0.128265500068665,2867.83984375,"map_8403_1_1",5,70,300,20,5,2.2595073522863,0.1,9.8060127834082,0.332497176622283,1.25051625324678,13,0.2,0.5,9.73705169742933,23.1810063080138,0.00341298640426637,0.00454586406922907,0.291663531396314,497,8403,1,"1","diploid","female"
"1490","0","0","0","0",0.128265500068665,2867.83984375,"map_8403_1_2",5,70,300,20,5,4.73136867075902,0.1,8.94832426687374,0.513884585691423,0.497508122300615,9,0.2,0.5,9.73705169742933,23.1810063080138,0.00395203024393986,0.00126483605766756,0.282273017120206,497,8403,1,"2","diploid","female"
"1491","0","0","0","0",0.128265500068665,2867.83984375,"map_8403_1_3",5,70,300,20,5,1.80986277957624,0.1,6.81754257703769,0.24900902951495,1.48075000431874,7,0.2,0.5,9.73705169742933,23.1810063080138,0.0010523339322456,0.000106459936003039,0.520403952808471,497,8403,1,"3","diploid","female"
"1492","0","0","0","0",-0.782135963439941,3180.759765625,"map_8446_1_1",5,70,300,20,5,2.34067043326187,0.1,19.5888953383049,0.254468401443477,1.71348868442759,46,0.2,0.5,164.15777600564,21.4160095544352,0.0107882532986684,0.0490500567519854,0.0735264924852649,498,8446,1,"1","diploid","female"
"1493","0","0","0","0",-0.782135963439941,3180.759765625,"map_8446_1_2",5,70,300,20,5,5.22433870068512,0.1,18.8323443073136,0.53737743580745,0.466071651712169,54,0.2,0.5,164.15777600564,21.4160095544352,0.0190850723044704,0.0963228972643071,0.101451997326017,498,8446,1,"2","diploid","female"
"1494","0","0","0","0",-0.782135963439941,3180.759765625,"map_8446_1_3",5,70,300,20,5,2.25035169497437,0.1,9.74085915052627,0.140708304531641,1.73270506312478,94,0.2,0.5,164.15777600564,21.4160095544352,0.0014535721648154,0.00154599155088195,0.192575038600156,498,8446,1,"3","diploid","female"
"1495","0","0","0","0",-0.858209311962128,3134.2470703125,"map_8447_1_1",5,70,300,20,5,3.92440868082751,0.1,10.7594330285044,0.371013813962273,1.80490431089008,46,0.2,0.5,165.789277466429,21.4601845831042,0.00574256740942009,0.0191479487481013,0.245285412505821,499,8447,1,"1","diploid","female"
"1496","0","0","0","0",-0.858209311962128,3134.2470703125,"map_8447_1_2",5,70,300,20,5,4.06675464068893,0.1,10.446311391818,0.636880712776168,0.858793535607688,52,0.2,0.5,165.789277466429,21.4601845831042,0.00815846624033965,0.0206769940379737,0.384396416223198,499,8447,1,"2","diploid","female"
"1497","0","0","0","0",-0.858209311962128,3134.2470703125,"map_8447_1_3",5,70,300,20,5,4.48306787625208,0.1,6.17017344812776,0.311654671512777,1.97425623349729,15,0.2,0.5,165.789277466429,21.4601845831042,0.0011810475399266,0.000463899602335902,0.562930306196751,499,8447,1,"3","diploid","female"
"1498","0","0","0","0",-0.934596598148346,3115.94775390625,"map_8448_1_1",5,70,300,20,5,3.57750592980735,0.1,13.2109306664511,0.233657685056155,1.30672912949493,52,0.2,0.5,146.954906495307,21.4533019609758,0.00424864104906735,0.00838749823078539,0.264666689091776,500,8448,1,"1","diploid","female"
"1499","0","0","0","0",-0.934596598148346,3115.94775390625,"map_8448_1_2",5,70,300,20,5,3.65309363530098,0.1,11.7632966159451,0.81541724977062,0.104161796419329,135,0.2,0.5,146.954906495307,21.4533019609758,0.0100660810415589,0.00822445872644637,0.0845977200200884,500,8448,1,"2","diploid","female"
"1500","0","0","0","0",-0.934596598148346,3115.94775390625,"map_8448_1_3",5,70,300,20,5,4.36228903936071,0.1,8.91919354195609,0.0666801358070806,1.32393976857528,32,0.2,0.5,146.954906495307,21.4533019609758,0.000497022971658531,0.000185232000809934,0.679183667687295,500,8448,1,"3","diploid","female"
"1501","0","0","0","0",-0.778794229030609,3080.78369140625,"map_8449_1_1",5,70,300,20,5,3.92686652846704,0.1,13.800550888253,0.120992527504628,1.83162374351118,36,0.2,0.5,152.569796888535,21.4374492450938,0.0031310705700885,0.0131246669226746,0.219581707317997,501,8449,1,"1","diploid","female"
"1502","0","0","0","0",-0.778794229030609,3080.78369140625,"map_8449_1_2",5,70,300,20,5,3.86151133471156,0.1,21.8433398792441,0.143205367592135,2.68853714844217,44,0.2,0.5,152.569796888535,21.4374492450938,0.00867478860595263,0.0411891014749199,0.226410598334309,501,8449,1,"2","diploid","female"
"1503","0","0","0","0",-0.778794229030609,3080.78369140625,"map_8449_1_3",5,70,300,20,5,4.81955707142038,0.1,7.50779494262566,0.0595242759686028,1.20182562254658,91,0.2,0.5,152.569796888535,21.4374492450938,0.000385690580291105,0.000535654439059832,0.411642165606956,501,8449,1,"3","diploid","female"
"1504","0","0","0","0",-0.896135032176971,3052.67333984375,"map_8450_1_1",5,70,300,20,5,3.5691957351746,0.1,15.3385711839948,0.139249036888971,1.51366821178016,47,0.2,0.5,148.685966928932,21.438184548058,0.00413855303175482,0.0205284459578768,0.259485775349868,502,8450,1,"1","diploid","female"
"1505","0","0","0","0",-0.896135032176971,3052.67333984375,"map_8450_1_2",5,70,300,20,5,3.4336824127398,0.1,27.7054365754539,0.253417312563551,1.84435981691403,67,0.2,0.5,148.685966928932,21.438184548058,0.0199638912825852,0.107379776127017,0.112258838062234,502,8450,1,"2","diploid","female"
"1506","0","0","0","0",-0.896135032176971,3052.67333984375,"map_8450_1_3",5,70,300,20,5,4.61563561082889,0.1,9.77497519302217,0.0716632501641042,1.6470981782276,34,0.2,0.5,148.685966928932,21.438184548058,0.000711428165652226,0.00122278295181198,0.480727481796571,502,8450,1,"3","diploid","female"
"1507","0","0","0","0",-0.945234656333923,2947.33642578125,"map_8455_1_1",5,70,300,20,5,0,0.1,17.5514055265215,0.132201225347997,1.09639734557011,18,0.2,0.5,91.2046174290172,22.4574149798185,0.00493942632339751,0.0232571496896876,0.222534794662492,503,8455,1,"1","diploid","female"
"1508","0","0","0","0",-0.945234656333923,2947.33642578125,"map_8455_1_2",5,70,300,20,5,6.84780122106061,0.1,32.5270113921613,0.200046672682483,1.25907019591668,28,0.2,0.5,91.2046174290172,22.4574149798185,0.0210776983600038,0.107985160303768,0.155947229285429,503,8455,1,"2","diploid","female"
"1509","0","0","0","0",-0.945234656333923,2947.33642578125,"map_8455_1_3",5,70,300,20,5,3.5237738946114,0.1,8.06441191421152,0.046627323718226,0.840856034250795,10,0.2,0.5,91.2046174290172,22.4574149798185,0.000291702234894666,0.000114705093457256,0.709720451105271,503,8455,1,"3","diploid","female"
"1510","0","0","0","0",-0.939960360527039,2937.00927734375,"map_8456_1_1",5,70,300,20,5,0,0.1,15.5529748189136,0.121596127096285,1.12287772466949,74,0.2,0.5,98.294590571394,22.4288468661894,0.00367890843840318,0.0148332098634997,0.162027160554763,504,8456,1,"1","diploid","female"
"1511","0","0","0","0",-0.939960360527039,2937.00927734375,"map_8456_1_2",5,70,300,20,5,6.7035090719181,0.1,27.5872360790033,0.142195972754846,1.78163127706859,77,0.2,0.5,98.294590571394,22.4288468661894,0.012049390106351,0.061632929698311,0.147804322893182,504,8456,1,"2","diploid","female"
"1512","0","0","0","0",-0.939960360527039,2937.00927734375,"map_8456_1_3",5,70,300,20,5,3.42083395332167,0.1,8.28188199080419,0.0433610565885917,0.900594173355817,65,0.2,0.5,98.294590571394,22.4288468661894,0.000315288881576517,0.000247097675910276,0.361138841120635,504,8456,1,"3","diploid","female"
"1513","0","0","0","0",-0.957299590110779,2925.97509765625,"map_8457_1_1",5,70,300,20,5,2.32094031850301,0.1,15.577272276916,0.208612068569475,0.986512440749175,5,0.2,0.5,94.9299591229207,22.7592597910732,0.00603563460582311,0.0184777374783125,0.143723277730207,505,8457,1,"1","diploid","female"
"1514","0","0","0","0",-0.957299590110779,2925.97509765625,"map_8457_1_2",5,70,300,20,5,2.70739659953838,0.1,18.5553425861916,0.688302544885309,0.0812749654196224,10,0.2,0.5,94.9299591229207,22.7592597910732,0.023828135457434,0.0640547329780834,0.0776530929884999,505,8457,1,"2","diploid","female"
"1515","0","0","0","0",-0.957299590110779,2925.97509765625,"map_8457_1_3",5,70,300,20,5,2.87699504853012,0.1,7.70365001973566,0.135147244516458,1.15732926396194,2,0.2,0.5,94.9299591229207,22.7592597910732,0.000763312455147884,0.000192393382076495,0.429790651702714,505,8457,1,"3","diploid","female"
"1516","0","0","0","0",-0.716870427131653,2803.21459960938,"map_8492_1_1",5,70,300,20,5,1.89643145419083,0.1,13.721512077708,0.510974401523983,0.319385741295432,11,0.2,0.5,9.66417912740347,23.3632510217981,0.0109768322226237,0.031665468035003,0.281958500754501,506,8492,1,"1","diploid","female"
"1517","0","0","0","0",-0.716870427131653,2803.21459960938,"map_8492_1_2",5,70,300,20,5,2.10046862340151,0.1,9.43659404924313,0.917749504838642,0.158562826904383,12,0.2,0.5,9.66417912740347,23.3632510217981,0.00869034817676519,0.00868648180504362,0.438172300464999,506,8492,1,"2","diploid","female"
"1518","0","0","0","0",-0.716870427131653,2803.21459960938,"map_8492_1_3",5,70,300,20,5,0,0.1,6.96901917371579,0.0762472871043966,0.204480662199011,2,0.2,0.5,9.66417912740347,23.3632510217981,0.000306722218248037,1.83402960734482e-06,0.437912683246377,506,8492,1,"3","diploid","female"
"1519","0","0","0","0",-0.361343741416931,3019.16796875,"map_8505_1_1",5,70,300,20,5,3.93290849920787,0.1,9.36948780158467,0.257236700638998,1.74709851216673,11,0.2,0.5,82.9896525005962,22.8278943713453,0.0022320158311732,0.00245530315923469,0.475387659103206,507,8505,1,"1","diploid","female"
"1520","0","0","0","0",-0.361343741416931,3019.16796875,"map_8505_1_2",5,70,300,20,5,5.36667991521442,0.1,7.18274371497183,1.01561258934704,0.694097262293812,27,0.2,0.5,82.9896525005962,22.8278943713453,0.00447816223764658,0.000796071256752862,0.628365873763717,507,8505,1,"2","diploid","female"
"1521","0","0","0","0",-0.361343741416931,3019.16796875,"map_8505_1_3",5,70,300,20,5,4.26584655444954,0.1,7.22837775649553,0.247528064907229,2.08350486334415,6,0.2,0.5,82.9896525005962,22.8278943713453,0.00120516455311905,0.000124591904828395,0.620398798906961,507,8505,1,"3","diploid","female"
"1522","0","0","0","0",-0.28636759519577,2937.46508789062,"map_8506_1_1",5,70,300,20,5,3.43532690260665,0.1,10.5775849562148,0.125645549574517,1.23102765946123,14,0.2,0.5,10.6275260983115,22.7971213901558,0.00130102471597428,0.00073005138665018,0.353097610267191,508,8506,1,"1","diploid","female"
"1523","0","0","0","0",-0.28636759519577,2937.46508789062,"map_8506_1_2",5,70,300,20,5,3.95482423842712,0.1,9.51594626108777,0.421267455137565,0.200875794396795,24,0.2,0.5,10.6275260983115,22.7971213901558,0.00320154253195764,0.000952298846925049,0.241976894672003,508,8506,1,"2","diploid","female"
"1524","0","0","0","0",-0.28636759519577,2937.46508789062,"map_8506_1_3",5,70,300,20,5,4.14980235106125,0.1,7.30037892895186,0.042270606325454,1.35552258743841,19,0.2,0.5,10.6275260983115,22.7971213901558,0.00019806322791094,6.62487821507204e-06,0.620608368618596,508,8506,1,"3","diploid","female"
"1525","0","0","0","0",-0.106100879609585,2863.76123046875,"map_8507_1_1",5,70,300,20,5,3.17654421593487,0.1,10.7109592129712,0.194142574770327,1.24954006777864,14,0.2,0.5,9.72022253461801,23.3499929970945,0.00266081298294644,0.00777726604797784,0.227216036714956,509,8507,1,"1","diploid","female"
"1526","0","0","0","0",-0.106100879609585,2863.76123046875,"map_8507_1_2",5,70,300,20,5,3.77135956582541,0.1,8.33406841553769,0.209582179528833,1.47009284254371,9,0.2,0.5,9.72022253461801,23.3499929970945,0.0016078653257463,0.00339340854692603,0.484648590357152,509,8507,1,"2","diploid","female"
"1527","0","0","0","0",-0.106100879609585,2863.76123046875,"map_8507_1_3",5,70,300,20,5,2.94026852571649,0.1,8.06269311514313,0.122004435452773,1.1433928298585,11,0.2,0.5,9.72022253461801,23.3499929970945,0.000711344354285012,0.000156912673246954,0.441219479503484,509,8507,1,"3","diploid","female"
"1528","0","0","0","0",-0.893353700637817,3118.966796875,"map_8550_1_1",5,70,300,20,5,3.81596238072925,0.1,12.6330607988301,0.358473926889287,1.56300131135037,14,0.2,0.5,169.668586604223,21.4342687190701,0.0073550290754752,0.0283543992955761,0.291794393996706,510,8550,1,"1","diploid","female"
"1529","0","0","0","0",-0.893353700637817,3118.966796875,"map_8550_1_2",5,70,300,20,5,3.91175044424939,0.1,12.5691596237612,0.746624369538499,1.24995637850197,26,0.2,0.5,169.668586604223,21.4342687190701,0.0174768994427167,0.106000706946746,0.515391225760143,510,8550,1,"2","diploid","female"
"1530","0","0","0","0",-0.893353700637817,3118.966796875,"map_8550_1_3",5,70,300,20,5,4.53837500745652,0.1,9.16480039667682,0.21120210898115,1.63627534981079,4,0.2,0.5,169.668586604223,21.4342687190701,0.00177595897715577,0.00225638920457067,0.364559425548361,510,8550,1,"3","diploid","female"
"1531","0","0","0","0",-0.639180123806,3080.5234375,"map_8551_1_1",5,70,300,20,5,4.47627351667809,0.1,12.1128142280857,0.3522163411918,2.31268361299381,45,0.2,0.5,167.35231851977,21.4262077737092,0.0080614037498059,0.036434880170632,0.293791356206907,511,8551,1,"1","diploid","female"
"1532","0","0","0","0",-0.639180123806,3080.5234375,"map_8551_1_2",5,70,300,20,5,4.38805014049862,0.1,18.7521705514731,0.629544459370753,1.40219724958351,52,0.2,0.5,167.35231851977,21.4262077737092,0.0291875402252411,0.204021044632113,0.21050545065605,511,8551,1,"2","diploid","female"
"1533","0","0","0","0",-0.639180123806,3080.5234375,"map_8551_1_3",5,70,300,20,5,5.24602700942822,0.1,7.4029415104987,0.246286430268205,1.99326028190478,18,0.2,0.5,167.35231851977,21.4262077737092,0.0019273223874675,0.00517432840693787,0.562325448000179,511,8551,1,"3","diploid","female"
"1534","0","0","0","0",-0.959798395633698,3055.16943359375,"map_8552_1_1",5,70,300,20,5,0,0.1,13.7487561049966,0.137266019076487,1.43181579304074,142,0.2,0.5,153.947935421205,21.4298667295167,0.00286952595785757,0.00875743183728043,0.239478635485206,512,8552,1,"1","diploid","female"
"1535","0","0","0","0",-0.959798395633698,3055.16943359375,"map_8552_1_2",5,70,300,20,5,11.0512998888144,0.1,16.548736157798,0.191445131844338,2.76546206573672,138,0.2,0.5,153.947935421205,21.4298667295167,0.00583436071741765,0.022996919060037,0.236239657609323,512,8552,1,"2","diploid","female"
"1536","0","0","0","0",-0.959798395633698,3055.16943359375,"map_8552_1_3",5,70,300,20,5,3.67555210892995,0.1,8.35620669258199,0.085142130355505,1.55296355820828,139,0.2,0.5,153.947935421205,21.4298667295167,0.000588042652918837,0.000319795168129096,0.487580086218831,512,8552,1,"3","diploid","female"
"1537","0","0","0","0",-0.800445854663849,3031.01928710938,"map_8553_1_1",5,70,300,20,5,3.75787999862172,0.1,12.1361790935351,0.108290159645382,1.82129192428286,54,0.2,0.5,157.175482936872,21.4171778846817,0.00221728878556809,0.00894124834234418,0.294114969206954,513,8553,1,"1","diploid","female"
"1538","0","0","0","0",-0.800445854663849,3031.01928710938,"map_8553_1_2",5,70,300,20,5,3.52135993195037,0.1,24.376478217667,0.14947120987361,2.04536106604583,57,0.2,0.5,157.175482936872,21.4171778846817,0.0105611233203253,0.0577301383509355,0.244986693143629,513,8553,1,"2","diploid","female"
"1539","0","0","0","0",-0.800445854663849,3031.01928710938,"map_8553_1_3",5,70,300,20,5,4.75251333828687,0.1,7.52569004831506,0.0615545845519729,1.35053379243874,54,0.2,0.5,157.175482936872,21.4171778846817,0.00034612727286316,0.000227368715568526,0.581803375977183,513,8553,1,"3","diploid","female"
"1540","0","0","0","0",-0.872183620929718,2864.54443359375,"map_8599_1_1",5,70,300,20,5,2.06471274506282,0.1,13.6479276117984,0.183022192467418,0.820374669180704,45,0.2,0.5,19.0723271583798,22.9397625569357,0.00362699189484167,0.0101343538045347,0.255633815583187,514,8599,1,"1","diploid","female"
"1541","0","0","0","0",-0.872183620929718,2864.54443359375,"map_8599_1_2",5,70,300,20,5,2.2507257647443,0.1,15.097408172348,0.433621380794764,0.24118602651593,80,0.2,0.5,19.0723271583798,22.9397625569357,0.00929398809023041,0.01682972467207,0.233499314475795,514,8599,1,"2","diploid","female"
"1542","0","0","0","0",-0.872183620929718,2864.54443359375,"map_8599_1_3",5,70,300,20,5,2.31799006373298,0.1,6.19745966745744,0.106647598445372,0.680217273231205,49,0.2,0.5,19.0723271583798,22.9397625569357,0.000352253212503364,1.72257155349665e-06,0.721458339079059,514,8599,1,"3","diploid","female"
"1543","0","0","0","0",-0.572523355484009,2888.1064453125,"map_8600_1_1",5,70,300,20,5,2.62195366584472,0.1,13.459268935697,0.166600907248983,1.01761379179229,24,0.2,0.5,20.290888222349,22.930728225877,0.00296163302964561,0.00671006774288413,0.32518454655562,515,8600,1,"1","diploid","female"
"1544","0","0","0","0",-0.572523355484009,2888.1064453125,"map_8600_1_2",5,70,300,20,5,2.91893877872061,0.1,9.60315724547933,0.771636852922904,0.159254150485084,119,0.2,0.5,20.290888222349,22.930728225877,0.00645333000547972,0.00763404172713542,0.145111888139705,515,8600,1,"2","diploid","female"
"1545","0","0","0","0",-0.572523355484009,2888.1064453125,"map_8600_1_3",5,70,300,20,5,2.9369161638388,0.1,8.10160156259493,0.0742573153415033,1.05811539520692,22,0.2,0.5,20.290888222349,22.930728225877,0.000456919788062702,5.65085069446248e-05,0.407430052195879,515,8600,1,"3","diploid","female"
"1546","0","0","0","0",-0.426106065511703,3031.54638671875,"map_8608_1_1",5,70,300,20,5,1.67470643452986,0.1,8.78949149553192,0.217412265046031,2.02714090058532,5,0.2,0.5,84.1151902968701,22.8284547241819,0.00186423653446966,0.0029650074694899,0.244331049281083,516,8608,1,"1","diploid","female"
"1547","0","0","0","0",-0.426106065511703,3031.54638671875,"map_8608_1_2",5,70,300,20,5,5.89266386942993,0.1,7.9224563758669,0.267845773576351,2.80826009845455,3,0.2,0.5,84.1151902968701,22.8284547241819,0.00165159584858434,0.000829065737095702,0.357801757621065,516,8608,1,"2","diploid","female"
"1548","0","0","0","0",-0.426106065511703,3031.54638671875,"map_8608_1_3",5,70,300,20,5,1.74760203525183,0.1,7.04856418144806,0.249275926993222,2.11470359348872,2,0.2,0.5,84.1151902968701,22.8284547241819,0.00118091230858943,0.000226298416216135,0.413204197397366,516,8608,1,"3","diploid","female"
"1549","0","0","0","0",0.187963843345642,2990.16015625,"map_8609_1_1",5,70,300,20,5,4.29493400863887,0.1,10.6474798647133,0.150151438913161,2.88980964856704,43,0.2,0.5,84.819618174404,22.7966906293022,0.00189447192770571,0.00410314145065987,0.237921798056286,517,8609,1,"1","diploid","female"
"1550","0","0","0","0",0.187963843345642,2990.16015625,"map_8609_1_2",5,70,300,20,5,8.16482160048115,0.1,9.23243473923657,0.188097177074669,3.63673588235763,39,0.2,0.5,84.819618174404,22.7966906293022,0.00151931582864643,0.00147785693793528,0.464092766873245,517,8609,1,"2","diploid","female"
"1551","0","0","0","0",0.187963843345642,2990.16015625,"map_8609_1_3",5,70,300,20,5,3.31316233516461,0.1,9.47041933917794,0.140470659793476,2.5010811831126,121,0.2,0.5,84.819618174404,22.7966906293022,0.00132803189675724,0.00209380155577739,0.354094731516897,517,8609,1,"3","diploid","female"
"1552","0","0","0","0",-0.0975015833973885,2918.12890625,"map_8610_1_1",5,70,300,20,5,3.82199228015861,0.1,9.34879692974364,0.0996196108617447,1.62675888843588,26,0.2,0.5,10.102064504217,22.8360428118363,0.000811745582117795,0.00039913360686522,0.353905237950193,518,8610,1,"1","diploid","female"
"1553","0","0","0","0",-0.0975015833973885,2918.12890625,"map_8610_1_2",5,70,300,20,5,4.25481030587354,0.1,9.21531476201849,0.115416231630061,1.77552928092309,23,0.2,0.5,10.102064504217,22.8360428118363,0.000847161269132272,0.000129631951692945,0.582730349539183,518,8610,1,"2","diploid","female"
"1554","0","0","0","0",-0.0975015833973885,2918.12890625,"map_8610_1_3",5,70,300,20,5,4.19539609309708,0.1,8.38970525319287,0.0716643703168691,1.5125852300922,100,0.2,0.5,10.102064504217,22.8360428118363,0.00044644211112092,1.40475280330814e-05,0.390210487606945,518,8610,1,"3","diploid","female"
"1555","0","0","0","0",-0.512972116470337,2814.5546875,"map_8611_1_1",5,70,300,20,5,2.22205255082625,0.1,11.0786212633904,0.472810479992445,0.476094003998068,109,0.2,0.5,10.3936063812619,23.3418556711867,0.00647955458159532,0.016348108262869,0.360273345310225,519,8611,1,"1","diploid","female"
"1556","0","0","0","0",-0.512972116470337,2814.5546875,"map_8611_1_2",5,70,300,20,5,2.48938072587256,0.1,7.3858343300706,1.02763425437224,0.325799936836458,67,0.2,0.5,10.3936063812619,23.3418556711867,0.00515870483104409,0.00287770209353601,0.634998433916565,519,8611,1,"2","diploid","female"
"1557","0","0","0","0",-0.512972116470337,2814.5546875,"map_8611_1_3",5,70,300,20,5,1.87110978200513,0.1,5.96266266684285,0.175829275396428,0.593915710438877,69,0.2,0.5,10.3936063812619,23.3418556711867,0.000536268355262744,8.24787498413827e-06,0.366262002459651,519,8611,1,"3","diploid","female"
"1558","0","0","0","0",-0.909402012825012,3065.662109375,"map_8654_1_1",5,70,300,20,5,1.7972601542293,0.1,8.82248357258789,0.163486050054248,1.55924434332165,74,0.2,0.5,94.6498550972669,21.467183443663,0.00134635956822564,0.00252414410763179,0.352842163568068,520,8654,1,"1","diploid","female"
"1559","0","0","0","0",-0.909402012825012,3065.662109375,"map_8654_1_2",5,70,300,20,5,3.59488576175123,0.1,14.3729875969993,0.240618086198279,1.95217670154639,132,0.2,0.5,94.6498550972669,21.467183443663,0.00712697168127082,0.0329819618183468,0.317985636415785,520,8654,1,"2","diploid","female"
"1560","0","0","0","0",-0.909402012825012,3065.662109375,"map_8654_1_3",5,70,300,20,5,2.37473559691519,0.1,7.34653714094815,0.0728412523862649,1.37907825981428,106,0.2,0.5,94.6498550972669,21.467183443663,0.000339095825914879,2.34037216949283e-05,0.591870717199016,520,8654,1,"3","diploid","female"
"1561","0","0","0","0",-0.652068197727203,3037.20532226562,"map_8655_1_1",5,70,300,20,5,4.06025059647992,0.1,7.98182687176376,0.330627835741715,1.8042732423437,6,0.2,0.5,96.6696251777319,21.4223008161103,0.00208095481465207,0.00184957424028116,0.521866187773533,521,8655,1,"1","diploid","female"
"1562","0","0","0","0",-0.652068197727203,3037.20532226562,"map_8655_1_2",5,70,300,20,5,3.74005175073071,0.1,7.00689844059038,1.0062196158391,1.30045400085072,24,0.2,0.5,96.6696251777319,21.4223008161103,0.00520113233791055,0.0066324123085103,0.897494423634229,521,8655,1,"2","diploid","female"
"1563","0","0","0","0",-0.652068197727203,3037.20532226562,"map_8655_1_3",5,70,300,20,5,5.20970553326579,0.1,6.86859458917056,0.146389392266851,1.86256374500369,2,0.2,0.5,96.6696251777319,21.4223008161103,0.000608320690252221,9.18000207131782e-05,0.532366327491036,521,8655,1,"3","diploid","female"
"1564","0","0","0","0",-0.68755966424942,2987.08618164062,"map_8657_1_1",5,70,300,20,5,3.68908935860148,0.1,10.4403389262636,0.123720655309936,1.66551812289344,6,0.2,0.5,76.9090479267792,21.4394525356863,0.00145298354585864,0.00278005550157844,0.329819229665525,522,8657,1,"1","diploid","female"
"1565","0","0","0","0",-0.68755966424942,2987.08618164062,"map_8657_1_2",5,70,300,20,5,3.17146277747991,0.1,16.1492056147923,0.511485650583837,0.266456948472119,17,0.2,0.5,76.9090479267792,21.4394525356863,0.0140228825730299,0.0589192920653528,0.132736076603317,522,8657,1,"2","diploid","female"
"1566","0","0","0","0",-0.68755966424942,2987.08618164062,"map_8657_1_3",5,70,300,20,5,4.90753312643476,0.1,8.42003173876945,0.0282076180750892,0.894140464940783,4,0.2,0.5,76.9090479267792,21.4394525356863,0.000175056559869083,2.64872053708594e-05,0.668101791710522,522,8657,1,"3","diploid","female"
"1567","0","0","0","0",-0.364114493131638,2805.49194335938,"map_8702_1_1",5,70,300,20,5,1.18841152034947,0.1,15.0540267807554,0.280906410719856,0.713264167993717,25,0.2,0.5,8.00865934603535,22.943167871283,0.00708918424865472,0.0232879123110506,0.140643891943624,523,8702,1,"1","diploid","female"
"1568","0","0","0","0",-0.364114493131638,2805.49194335938,"map_8702_1_2",5,70,300,20,5,2.72961056515642,0.1,14.3765511641797,0.294077026690161,0.48256527909423,19,0.2,0.5,8.00865934603535,22.943167871283,0.00630768845288419,0.0151934614190839,0.27317178022162,523,8702,1,"2","diploid","female"
"1569","0","0","0","0",-0.364114493131638,2805.49194335938,"map_8702_1_3",5,70,300,20,5,0.765825937752602,0.1,5.71102582386787,0.0937362951251035,0.30423242215984,9,0.2,0.5,8.00865934603535,22.943167871283,0.00025435230183922,6.77275331315067e-07,0.426097823740092,523,8702,1,"3","diploid","female"
"1570","0","0","0","0",-0.502004206180573,2833.7333984375,"map_8703_1_1",5,70,300,20,5,1.46277488058728,0.1,11.0928806580157,0.356804038506704,0.618007641109965,63,0.2,0.5,19.0872500901206,22.9299563474433,0.00498894228525484,0.0125433345039533,0.29005182680374,524,8703,1,"1","diploid","female"
"1571","0","0","0","0",-0.502004206180573,2833.7333984375,"map_8703_1_2",5,70,300,20,5,2.79069513473016,0.1,8.576063287063,0.799406237180157,0.261489901076134,97,0.2,0.5,19.0872500901206,22.9299563474433,0.0060189421792696,0.0100740471146972,0.503471898805743,524,8703,1,"2","diploid","female"
"1572","0","0","0","0",-0.502004206180573,2833.7333984375,"map_8703_1_3",5,70,300,20,5,1.21516973519808,0.1,7.4352681276168,0.0165739254653604,0.394357920592741,65,0.2,0.5,19.0872500901206,22.9299563474433,8.25517469749515e-05,4.99455861819731e-06,0.306229957108259,524,8703,1,"3","diploid","female"
"1573","0","0","0","0",-0.641732335090637,2862.73193359375,"map_8704_1_1",5,70,300,20,5,2.41167084596833,0.1,10.8839120917151,0.183640326969915,0.974538610145423,40,0.2,0.5,19.8250639315855,22.9303550255523,0.00258615121013704,0.00688752888680887,0.242960381654017,525,8704,1,"1","diploid","female"
"1574","0","0","0","0",-0.641732335090637,2862.73193359375,"map_8704_1_2",5,70,300,20,5,2.59592282893863,0.1,11.8930355801677,0.162704392629406,1.10641609848809,36,0.2,0.5,19.8250639315855,22.9303550255523,0.00287013165598287,0.00703814836487765,0.395040961558607,525,8704,1,"2","diploid","female"
"1575","0","0","0","0",-0.641732335090637,2862.73193359375,"map_8704_1_3",5,70,300,20,5,2.52515515597482,0.1,7.21640489833587,0.059271737514735,0.922729250001421,60,0.2,0.5,19.8250639315855,22.9303550255523,0.000267718165954383,5.70249574562838e-06,0.546338048071028,525,8704,1,"3","diploid","female"
"1576","0","0","0","0",-0.441365391016006,3012.01733398438,"map_8712_1_1",5,70,300,20,5,3.70241366674643,0.1,10.1810584896648,0.113236661440392,1.56251754846446,25,0.2,0.5,83.367409538193,22.8358589586361,0.00131909339271341,0.00277458556978388,0.321224908439048,526,8712,1,"1","diploid","female"
"1577","0","0","0","0",-0.441365391016006,3012.01733398438,"map_8712_1_2",5,70,300,20,5,5.03030908939892,0.1,8.04134728651392,0.137405819513475,2.14931193736893,26,0.2,0.5,83.367409538193,22.8358589586361,0.000895097931198367,0.00100737778904761,0.675956309700073,526,8712,1,"2","diploid","female"
"1578","0","0","0","0",-0.441365391016006,3012.01733398438,"map_8712_1_3",5,70,300,20,5,4.0935027646591,0.1,7.94822491214116,0.0715154910279794,1.63500293503156,30,0.2,0.5,83.367409538193,22.8358589586361,0.000411817629578051,0.000122430848523119,0.549847981379144,526,8712,1,"3","diploid","female"
"1579","0","0","0","0",-0.636036813259125,2957.73852539062,"map_8713_1_1",5,70,300,20,5,2.36580997839405,0.1,12.1157654331375,0.17522602512396,1.22799878769018,54,0.2,0.5,85.4752468730128,22.8236363728841,0.00283015867653508,0.0072653465052354,0.420965886310505,527,8713,1,"1","diploid","female"
"1580","0","0","0","0",-0.636036813259125,2957.73852539062,"map_8713_1_2",5,70,300,20,5,4.48344579545228,0.1,8.3872103444522,0.907100685594526,0.433046933114818,159,0.2,0.5,85.4752468730128,22.8236363728841,0.0063671739530073,0.00854143359013559,0.548884732904451,527,8713,1,"2","diploid","female"
"1581","0","0","0","0",-0.636036813259125,2957.73852539062,"map_8713_1_3",5,70,300,20,5,2.19374707025008,0.1,7.59086884659605,0.0562092105256937,1.40559679611214,95,0.2,0.5,85.4752468730128,22.8236363728841,0.000285649795693103,5.16828807932322e-05,0.784063952481299,527,8713,1,"3","diploid","female"
"1582","0","0","0","0",-0.633110880851746,2863.11474609375,"map_8714_1_1",5,70,300,20,5,2.45726262529606,0.1,13.5149416173866,0.153979722251308,0.856046013299428,20,0.2,0.5,8.52230298303785,22.844167937472,0.00277738900191759,0.00400818808202325,0.255246330486439,528,8714,1,"1","diploid","female"
"1583","0","0","0","0",-0.633110880851746,2863.11474609375,"map_8714_1_2",5,70,300,20,5,2.59115008282343,0.1,14.2169819912014,0.215166696081446,0.555391949314879,21,0.2,0.5,8.52230298303785,22.844167937472,0.0038424296932883,0.00374055876454891,0.350193021902372,528,8714,1,"2","diploid","female"
"1584","0","0","0","0",-0.633110880851746,2863.11474609375,"map_8714_1_3",5,70,300,20,5,2.63686348250287,0.1,7.307651119753,0.0644569703683359,0.807292520198375,17,0.2,0.5,8.52230298303785,22.844167937472,0.000305329402024986,1.53000330988014e-06,0.616057421886058,528,8714,1,"3","diploid","female"
"1585","0","0","0","0",-0.669612646102905,3003.14306640625,"map_8759_1_1",5,70,300,20,5,3.26100997109301,0.1,15.5789303791874,0.106493617826282,1.61454470373912,27,0.2,0.5,91.4426223906964,22.4788001748019,0.00272290566383008,0.00597380049614945,0.185273467335683,529,8759,1,"1","diploid","female"
"1586","0","0","0","0",-0.669612646102905,3003.14306640625,"map_8759_1_2",5,70,300,20,5,3.81042130545518,0.1,13.7986668748392,0.684112337166666,0.132936054580706,107,0.2,0.5,91.4426223906964,22.4788001748019,0.0119475811783149,0.0155470493592686,0.108849434895457,529,8759,1,"2","diploid","female"
"1587","0","0","0","0",-0.669612646102905,3003.14306640625,"map_8759_1_3",5,70,300,20,5,4.21214395314714,0.1,9.04700216682854,0.0714745056143827,1.58463892518192,34,0.2,0.5,91.4426223906964,22.4788001748019,0.000585617699518692,0.000240234323349129,0.409281169806675,529,8759,1,"3","diploid","female"
"1588","0","0","0","0",-0.722272872924805,2975.02856445312,"map_8760_1_1",5,70,300,20,5,2.27154238781902,0.1,11.4206921407156,0.187675753527984,1.31566082831417,121,0.2,0.5,75.2864783198334,22.4869950865854,0.00292049664750114,0.00660472661782152,0.272276448405403,530,8760,1,"1","diploid","female"
"1589","0","0","0","0",-0.722272872924805,2975.02856445312,"map_8760_1_2",5,70,300,20,5,7.25764033628373,0.1,18.5691455672782,0.397913178284768,0.626753307100768,154,0.2,0.5,75.2864783198334,22.4869950865854,0.0134131721159494,0.0514405035341247,0.233460678892906,530,8760,1,"2","diploid","female"
"1590","0","0","0","0",-0.722272872924805,2975.02856445312,"map_8760_1_3",5,70,300,20,5,2.22100706683686,0.1,7.54719782811801,0.111202283144612,1.34066037043016,121,0.2,0.5,75.2864783198334,22.4869950865854,0.000566936793212185,8.81829117418422e-05,0.585682808154845,530,8760,1,"3","diploid","female"
"1591","0","0","0","0",-0.532599091529846,2813.2900390625,"map_8807_1_1",5,70,300,20,5,1.07503307796142,0.1,12.2689472208478,0.269306871448725,0.764476600942178,39,0.2,0.5,7.19421579463538,22.9142132755926,0.00466037498127209,0.0126985509217778,0.156798462549678,531,8807,1,"1","diploid","female"
"1592","0","0","0","0",-0.532599091529846,2813.2900390625,"map_8807_1_2",5,70,300,20,5,2.51911868846759,0.1,10.628998992082,0.289428367958154,0.630168351974013,33,0.2,0.5,7.19421579463538,22.9142132755926,0.00352007565995166,0.00577650629866457,0.242885210075796,531,8807,1,"2","diploid","female"
"1593","0","0","0","0",-0.532599091529846,2813.2900390625,"map_8807_1_3",5,70,300,20,5,0.752997097376485,0.1,5.31738979713614,0.0745289812642943,0.166457110162062,19,0.2,0.5,7.19421579463538,22.9142132755926,0.000172757845265984,8.32057374586782e-07,0.671410765652105,531,8807,1,"3","diploid","female"
"1594","0","0","0","0",-0.484334856271744,2839.34252929688,"map_8808_1_1",5,70,300,20,5,2.57374229672134,0.1,13.1457830027031,0.244778259388547,0.736553508364455,48,0.2,0.5,7.54762790347155,22.936944173684,0.00444180783384231,0.0113845677673492,0.274322424808504,532,8808,1,"1","diploid","female"
"1595","0","0","0","0",-0.484334856271744,2839.34252929688,"map_8808_1_2",5,70,300,20,5,2.64123672764534,0.1,12.9157840723249,0.324327216785425,0.380929423958749,53,0.2,0.5,7.54762790347155,22.936944173684,0.00527622976295832,0.0092692351077597,0.251897790480708,532,8808,1,"2","diploid","female"
"1596","0","0","0","0",-0.484334856271744,2839.34252929688,"map_8808_1_3",5,70,300,20,5,2.39823972073224,0.1,6.78163869159735,0.0841983266483329,0.732254267715985,70,0.2,0.5,7.54762790347155,22.936944173684,0.000326658476063786,1.85479610336058e-06,0.370044255817371,532,8808,1,"3","diploid","female"
"1597","0","0","0","0",-0.939366161823273,3002.47607421875,"map_8815_1_1",5,70,300,20,5,2.80588016807555,0.1,5.71114334420452,0.198351397403832,0.993745543803311,3,0.2,0.5,9.59860597732802,21.9098653613795,0.000562216342340211,1.93470612580532e-05,0.627249786043159,533,8815,1,"1","diploid","female"
"1598","0","0","0","0",-0.939366161823273,3002.47607421875,"map_8815_1_2",5,70,300,20,5,2.76887384259232,0.1,5.64967115890694,0.287784824079972,1.10069346961159,2,0.2,0.5,9.59860597732802,21.9098653613795,0.000822058968306752,9.93559650413892e-05,0.791138217597796,533,8815,1,"2","diploid","female"
"1599","0","0","0","0",-0.939366161823273,3002.47607421875,"map_8815_1_3",5,70,300,20,5,4.32419584272374,0.1,5.37168148686183,0.137900593754611,0.788079537900491,1,0.2,0.5,9.59860597732802,21.9098653613795,0.00032453113708279,6.36763833369131e-08,1.00778246806284,533,8815,1,"3","diploid","female"
"1600","0","0","0","0",-0.683966815471649,2953.69946289062,"map_8816_1_1",5,70,300,20,5,2.67309929942846,0.1,5.54645144180737,0.598544030854119,1.24277579461215,6,0.2,0.5,9.0498341073675,22.8259209752215,0.0016203216131159,0.000314928299706101,0.865777773934955,534,8816,1,"1","diploid","female"
"1601","0","0","0","0",-0.683966815471649,2953.69946289062,"map_8816_1_2",5,70,300,20,5,3.20994165530818,0.1,5.17653653262632,2.08383154222617,1.47163383238545,127,0.2,0.5,9.0498341073675,22.8259209752215,0.00458797382056388,0.000448708107768494,1.72758335259207,534,8816,1,"2","diploid","female"
"1602","0","0","0","0",-0.683966815471649,2953.69946289062,"map_8816_1_3",5,70,300,20,5,3.6596334993459,0.1,5.24993708447888,0.427872355381484,1.153319216686,2,0.2,0.5,9.0498341073675,22.8259209752215,0.000955976325655452,1.01270251889163e-06,1.0575891739695,534,8816,1,"3","diploid","female"
"1603","0","0","0","0",-0.75722199678421,2877.85180664062,"map_8817_1_1",5,70,300,20,5,1.21434243216147,0.1,12.1980461184287,0.182218522993111,0.78114175581618,29,0.2,0.5,9.78781136464439,22.7880239243787,0.00252202696853557,0.00260600452547296,0.312342984900207,535,8817,1,"1","diploid","female"
"1604","0","0","0","0",-0.75722199678421,2877.85180664062,"map_8817_1_2",5,70,300,20,5,2.72064896397961,0.1,9.43879869981119,0.794214408274862,0.113818956148386,141,0.2,0.5,9.78781136464439,22.7880239243787,0.00629992214398432,0.00481432989317236,0.162488683213748,535,8817,1,"2","diploid","female"
"1605","0","0","0","0",-0.75722199678421,2877.85180664062,"map_8817_1_3",5,70,300,20,5,1.26174570434349,0.1,7.09392096508718,0.0677058572911242,0.889796694958962,22,0.2,0.5,9.78781136464439,22.7880239243787,0.000294065310775212,3.6329514144495e-06,0.56994882920093,535,8817,1,"3","diploid","female"
"1606","0","0","0","0",-0.806919157505035,3051.04125976562,"map_8859_1_1",5,70,300,20,5,3.04667446624102,0.1,18.575833182071,0.167064785852325,1.93687414057447,54,0.2,0.5,130.412557075982,21.9695123944964,0.00657701907848995,0.0300139438122834,0.120345190023205,536,8859,1,"1","diploid","female"
"1607","0","0","0","0",-0.806919157505035,3051.04125976562,"map_8859_1_2",5,70,300,20,5,9.48048477075884,0.1,23.2430796271423,0.313160690886707,1.23778888948975,59,0.2,0.5,130.412557075982,21.9695123944964,0.0168470534972686,0.0803667281310848,0.139212568127261,536,8859,1,"2","diploid","female"
"1608","0","0","0","0",-0.806919157505035,3051.04125976562,"map_8859_1_3",5,70,300,20,5,2.95064430965385,0.1,9.68593148910966,0.082196030608502,1.52050399803608,48,0.2,0.5,130.412557075982,21.9695123944964,0.00090885109417635,0.00158384286165026,0.267086799277307,536,8859,1,"3","diploid","female"
"1609","0","0","0","0",-0.870215058326721,3042.72583007812,"map_8860_1_1",5,70,300,20,5,3.19089054668207,0.1,11.8520831225031,0.208763580338633,1.57657997597793,7,0.2,0.5,93.7322580204454,21.9870317993502,0.00313871366599653,0.00479902080515557,0.255520666340285,537,8860,1,"1","diploid","female"
"1610","0","0","0","0",-0.870215058326721,3042.72583007812,"map_8860_1_2",5,70,300,20,5,3.44106848637411,0.1,11.0241489092247,0.857317083848879,0.130447018315128,22,0.2,0.5,93.7322580204454,21.9870317993502,0.00944905488143765,0.00892290615733571,0.09134838844539,537,8860,1,"2","diploid","female"
"1611","0","0","0","0",-0.870215058326721,3042.72583007812,"map_8860_1_3",5,70,300,20,5,4.36706055291587,0.1,7.00089708434513,0.157817835483167,1.67228205185867,3,0.2,0.5,93.7322580204454,21.9870317993502,0.000743685563048102,0.000150676135186413,0.480609402439315,537,8860,1,"3","diploid","female"
"1612","0","0","0","0",-0.167170748114586,2801.0048828125,"map_8911_1_1",5,70,300,20,5,2.73716192482213,0.1,12.4373990442925,0.378682625763494,0.903895760054405,9,0.2,0.5,7.383094389301,23.3811678796644,0.00732242768931466,0.0223818157239311,0.138113626013322,538,8911,1,"1","diploid","female"
"1613","0","0","0","0",-0.167170748114586,2801.0048828125,"map_8911_1_2",5,70,300,20,5,2.97413474659991,0.1,7.98455245587953,0.458895583610151,1.08808216583767,4,0.2,0.5,7.383094389301,23.3811678796644,0.00350752868129515,0.00375820736127014,0.344290046871223,538,8911,1,"2","diploid","female"
"1614","0","0","0","0",-0.167170748114586,2801.0048828125,"map_8911_1_3",5,70,300,20,5,1.96382199085945,0.1,6.28667883386021,0.354560603234778,0.807748678197218,3,0.2,0.5,7.383094389301,23.3811678796644,0.0012489566039958,5.06852290094762e-05,0.444081049706993,538,8911,1,"3","diploid","female"
"1615","0","0","0","0",-0.877471745014191,2909.703125,"map_8919_1_1",5,70,300,20,5,0.96099182643819,0.1,9.66459748484459,0.113416078587792,0.831111540231733,13,0.2,0.5,9.09253331834444,23.1114436727294,0.00111387602741137,0.00204290586252408,0.288862265392112,539,8919,1,"1","diploid","female"
"1616","0","0","0","0",-0.877471745014191,2909.703125,"map_8919_1_2",5,70,300,20,5,2.74135759341254,0.1,10.8517723255383,0.0720273065253451,1.24833380901494,11,0.2,0.5,9.09253331834444,23.1114436727294,0.00109225532047924,0.00423028909272151,0.46191310546009,539,8919,1,"2","diploid","female"
"1617","0","0","0","0",-0.877471745014191,2909.703125,"map_8919_1_3",5,70,300,20,5,1.05952006872602,0.1,7.43490988856305,0.0387862409313652,0.874812220393867,8,0.2,0.5,9.09253331834444,23.1114436727294,0.000177762579338905,7.45922694362085e-07,0.644743405264132,539,8919,1,"3","diploid","female"
"1618","0","0","0","0",-0.776371419429779,2874.25122070312,"map_8920_1_1",5,70,300,20,5,2.02101910107888,0.1,13.2024443884364,0.213993281661976,0.59105558553488,32,0.2,0.5,9.7097110402495,23.4433007837002,0.00376803752409864,0.0098342784860952,0.256400013764568,540,8920,1,"1","diploid","female"
"1619","0","0","0","0",-0.776371419429779,2874.25122070312,"map_8920_1_2",5,70,300,20,5,2.56258992407661,0.1,12.0621268546463,0.248825240937082,0.488212303701626,27,0.2,0.5,9.7097110402495,23.4433007837002,0.00325641250664366,0.00444186790598007,0.348273878107135,540,8920,1,"2","diploid","female"
"1620","0","0","0","0",-0.776371419429779,2874.25122070312,"map_8920_1_3",5,70,300,20,5,2.29981007571541,0.1,7.17045732267635,0.104694963658314,0.803249288339138,19,0.2,0.5,9.7097110402495,23.4433007837002,0.000449481913343764,1.00045366490094e-05,0.591109928581826,540,8920,1,"3","diploid","female"
"1621","0","0","0","0",-0.697397232055664,2804.06958007812,"map_8921_1_1",5,70,300,20,5,1.90779334287833,0.1,14.770111198541,0.28507608323851,0.584286173673099,73,0.2,0.5,9.07554076598382,23.4361911575131,0.00789497635637415,0.0353937755055053,0.136433703437928,541,8921,1,"1","diploid","female"
"1622","0","0","0","0",-0.697397232055664,2804.06958007812,"map_8921_1_2",5,70,300,20,5,2.16425152455651,0.1,10.6403664706316,0.220644193842235,0.845754940872196,43,0.2,0.5,9.07554076598382,23.4361911575131,0.00340348095777206,0.0136602167412837,0.336371564380804,541,8921,1,"2","diploid","female"
"1623","0","0","0","0",-0.697397232055664,2804.06958007812,"map_8921_1_3",5,70,300,20,5,0,0.1,7.40838538482544,0.0226432070194625,0.230380674164266,53,0.2,0.5,9.07554076598382,23.4361911575131,0.000108838795926038,9.30688134339758e-07,0.328650276425094,541,8921,1,"3","diploid","female"
"1624","0","0","0","0",-0.688515603542328,2748.84741210938,"map_8922_1_1",5,70,300,20,5,0,0.1,17.4922286341574,0.376569249236613,0.326255001638257,42,0.2,0.5,2.8471215910269,23.430136886546,0.0135980310020571,0.0694215622661125,0.0753266839449747,542,8922,1,"1","diploid","female"
"1625","0","0","0","0",-0.688515603542328,2748.84741210938,"map_8922_1_2",5,70,300,20,5,0,0.1,9.31892263092039,0.00105601062086632,0.0058451908084385,5,0.2,0.5,2.8471215910269,23.430136886546,7.84719524827734e-06,8.78808293804272e-07,0.559819385615893,542,8922,1,"2","diploid","female"
"1626","0","0","0","0",-0.688515603542328,2748.84741210938,"map_8922_1_3",5,70,300,20,5,0,0.1,7.71977395850847,0.0318248223681705,0.0111703755715221,5,0.2,0.5,2.8471215910269,23.430136886546,0.0001593034709195,3.57499965338066e-06,0.600932957916218,542,8922,1,"3","diploid","female"
"1627","0","0","0","0",-0.527506172657013,2969.32495117188,"map_8966_1_1",5,70,300,20,5,4.61021548050689,0.1,11.1141090593307,0.362115036994638,1.50335249878907,93,0.2,0.5,95.9592063498259,22.4340227619226,0.00583221367495744,0.0199295626216363,0.349142519553276,543,8966,1,"1","diploid","female"
"1628","0","0","0","0",-0.527506172657013,2969.32495117188,"map_8966_1_2",5,70,300,20,5,8.01827083404805,0.1,13.2677999959191,0.777034581426124,1.01290364602084,180,0.2,0.5,95.9592063498259,22.4340227619226,0.0200514031973133,0.086851080205561,0.441587041296412,543,8966,1,"2","diploid","female"
"1629","0","0","0","0",-0.527506172657013,2969.32495117188,"map_8966_1_3",5,70,300,20,5,4.05591062975557,0.1,7.84116772633537,0.194534313835605,1.66113352198301,43,0.2,0.5,95.9592063498259,22.4340227619226,0.00117600371362469,0.000993113384115877,0.510104153849921,543,8966,1,"3","diploid","female"
"1630","0","0","0","0",-0.675187230110168,2770.68701171875,"map_9015_1_1",5,70,300,20,5,1.82720292211416,0.1,17.0171500967227,0.471032322568338,0.2405287618636,54,0.2,0.5,6.59887786994246,23.3844978442356,0.0155976935750075,0.0593836810399637,0.103312472460332,544,9015,1,"1","diploid","female"
"1631","0","0","0","0",-0.675187230110168,2770.68701171875,"map_9015_1_2",5,70,300,20,5,0,0.1,6.38769796398456,0.0198782540753683,0.22449254570059,9,0.2,0.5,6.59887786994246,23.3844978442356,8.54808797176755e-05,2.54598895257257e-05,0.512198428533619,544,9015,1,"2","diploid","female"
"1632","0","0","0","0",-0.675187230110168,2770.68701171875,"map_9015_1_3",5,70,300,20,5,0,0.1,6.23209233148379,0.0466788611828987,0.075406348247591,7,0.2,0.5,6.59887786994246,23.3844978442356,0.000151936855004358,3.99078527125756e-07,0.687896231172048,544,9015,1,"3","diploid","female"
"1633","0","0","0","0",-0.545965909957886,2834.72509765625,"map_9023_1_1",5,70,300,20,5,1.08283684853368,0.1,10.2109791568229,0.395684837294564,0.623162505739151,29,0.2,0.5,10.0349656759678,23.0857371101084,0.00459983726081173,0.0112426338627493,0.394806101038384,545,9023,1,"1","diploid","female"
"1634","0","0","0","0",-0.545965909957886,2834.72509765625,"map_9023_1_2",5,70,300,20,5,2.73060826076656,0.1,7.09557522172736,1.08271270327644,0.41981810021092,139,0.2,0.5,10.0349656759678,23.0857371101084,0.00533688351484699,0.0073395182396319,0.756809401984537,545,9023,1,"2","diploid","female"
"1635","0","0","0","0",-0.545965909957886,2834.72509765625,"map_9023_1_3",5,70,300,20,5,0.840239958541804,0.1,6.5599565657637,0.10003038197719,0.664920855186421,9,0.2,0.5,10.0349656759678,23.0857371101084,0.000366230135751476,1.49094643416515e-05,0.655626379820028,545,9023,1,"3","diploid","female"
"1636","0","0","0","0",-0.818404316902161,2776.34936523438,"map_9024_1_1",5,70,300,20,5,0.776090066361648,0.1,15.5719143134549,0.350409477829046,0.41347470610558,101,0.2,0.5,9.1351235746669,23.4035688001056,0.0102193642235867,0.0418995371366997,0.105011972231573,546,9024,1,"1","diploid","female"
"1637","0","0","0","0",-0.818404316902161,2776.34936523438,"map_9024_1_2",5,70,300,20,5,1.93178870479567,0.1,11.3719445959939,0.26934361073199,0.49956627544471,57,0.2,0.5,9.1351235746669,23.4035688001056,0.00391495858669018,0.00847272423722977,0.246095144218402,546,9024,1,"2","diploid","female"
"1638","0","0","0","0",-0.818404316902161,2776.34936523438,"map_9024_1_3",5,70,300,20,5,0.48960643679997,0.1,6.22556578510833,0.0229545801848613,0.0830478889886768,45,0.2,0.5,9.1351235746669,23.4035688001056,8.04270513404967e-05,5.7626884175658e-07,0.485654875697077,546,9024,1,"3","diploid","female"
"1639","0","0","0","0",-0.891043126583099,2961.44555664062,"map_9069_1_1",5,70,300,20,5,0,0.1,16.4336681260977,0.312928455877883,0.930897337407768,45,0.2,0.5,167.833885420993,22.4428223433553,0.00929412061281286,0.0353512595487292,0.0945704404045612,547,9069,1,"1","diploid","female"
"1640","0","0","0","0",-0.891043126583099,2961.44555664062,"map_9069_1_2",5,70,300,20,5,13.2963548058344,0.1,11.9216243372685,1.02159006964704,0.154806874857364,56,0.2,0.5,167.833885420993,22.4428223433553,0.0159559136491404,0.0520498968366884,0.0387360093853216,547,9069,1,"2","diploid","female"
"1641","0","0","0","0",-0.891043126583099,2961.44555664062,"map_9069_1_3",5,70,300,20,5,5.83052966446675,0.1,10.207517495355,0.213942710876836,1.64521143394121,36,0.2,0.5,167.833885420993,22.4428223433553,0.00250202833577255,0.00418347156802458,0.22865878494411,547,9069,1,"3","diploid","female"
"1642","0","0","0","0",-0.717113614082336,2926.599609375,"map_9070_1_1",5,70,300,20,5,0,0.1,19.1000401891693,0.295274248676665,0.811561268056432,57,0.2,0.5,160.37067554005,22.4455399243935,0.0118260064418044,0.0485639333478771,0.183697627322756,548,9070,1,"1","diploid","female"
"1643","0","0","0","0",-0.717113614082336,2926.599609375,"map_9070_1_2",5,70,300,20,5,0,0.1,23.2332112834078,0.552268953480762,0.413581644173437,95,0.2,0.5,160.37067554005,22.4455399243935,0.0308879597680243,0.100508452778961,0.0881942384292264,548,9070,1,"2","diploid","female"
"1644","0","0","0","0",-0.717113614082336,2926.599609375,"map_9070_1_3",5,70,300,20,5,0,0.1,12.276718181398,0.118136985810284,1.28121687316722,33,0.2,0.5,160.37067554005,22.4455399243935,0.00183113719912856,0.00335607879537656,0.331844283610147,548,9070,1,"3","diploid","female"
"1645","0","0","0","0",0.797568619251251,2776.05639648438,"map_9103_1_1",5,70,300,20,5,0,0.1,6.90145803425178,0.274709760849179,1.64813293904696,59,0.2,0.5,9.22395300824331,23.0511689634946,0.00154605443657286,0.00260011966466177,0.398454200662424,549,9103,1,"1","diploid","female"
"1646","0","0","0","0",0.797568619251251,2776.05639648438,"map_9103_1_2",5,70,300,20,5,0,0.1,50.6624505808471,7.03439002617068e-17,0,15,0.2,0.5,9.22395300824331,23.0511689634946,1.41829732811961e-17,7.03439002617068e-17,0.325559333487425,549,9103,1,"2","diploid","female"
"1647","0","0","0","0",0.797568619251251,2776.05639648438,"map_9103_1_3",5,70,300,20,5,0,0.1,8.00286935934417,0.142200308158818,0.557539271511168,138,0.2,0.5,9.22395300824331,23.0511689634946,0.000870615106793543,0.000474238570186016,0.254393783228207,549,9103,1,"3","diploid","female"
"1648","0","0","0","0",-0.958408892154694,3041.75244140625,"map_9159_1_1",5,70,300,20,5,3.44507215516871,0.1,11.6309353805078,0.197517803619466,1.66997798086757,8,0.2,0.5,164.853217945542,21.3333959315438,0.00348584836861685,0.0146831015360375,0.303542559013777,550,9159,1,"1","diploid","female"
"1649","0","0","0","0",-0.958408892154694,3041.75244140625,"map_9159_1_2",5,70,300,20,5,3.22281973517081,0.1,19.8803856580824,0.282283939426564,2.30541356310433,8,0.2,0.5,164.853217945542,21.3333959315438,0.0130801402161453,0.0898807229051286,0.19385946565525,550,9159,1,"2","diploid","female"
"1650","0","0","0","0",-0.958408892154694,3041.75244140625,"map_9159_1_3",5,70,300,20,5,4.43818182602346,0.1,8.38918187730599,0.11387229219878,1.2324337553607,3,0.2,0.5,164.853217945542,21.3333959315438,0.00075860614354362,0.000649976498594732,0.533980262447339,550,9159,1,"3","diploid","female"
"1651","0","0","0","0",0.336060166358948,3066.74633789062,"map_9415_1_1",5,70,300,20,5,6.9133329084751,0.1,11.3196429998747,0.125362009998558,2.90710681749964,20,0.2,0.5,68.8784927624801,22.6322365525289,0.00172053552183036,0.00277067912575749,0.264758856884742,551,9415,1,"1","diploid","female"
"1652","0","0","0","0",0.336060166358948,3066.74633789062,"map_9415_1_2",5,70,300,20,5,12.5128417794617,0.1,9.24523155220476,0.103808315468443,3.76071074450744,12,0.2,0.5,68.8784927624801,22.6322365525289,0.000803126651292962,0.000242234534658599,0.633474164498914,551,9415,1,"2","diploid","female"
"1653","0","0","0","0",0.336060166358948,3066.74633789062,"map_9415_1_3",5,70,300,20,5,5.5348833200122,0.1,11.0059920752777,0.141991811700651,2.72151897188776,71,0.2,0.5,68.8784927624801,22.6322365525289,0.0018042883094561,0.00274557297634015,0.248269448485269,551,9415,1,"3","diploid","female"
"1654","0","0","0","0",-0.922872185707092,3051.07250976562,"map_9518_1_1",5,70,300,20,5,3.01439657476561,0.1,8.77106679643955,0.129097025582375,1.28905636936586,5,0.2,0.5,63.9061056007182,22.0777227501009,0.00103748645471269,0.00139789488710899,0.323652954536245,552,9518,1,"1","diploid","female"
"1655","0","0","0","0",-0.922872185707092,3051.07250976562,"map_9518_1_2",5,70,300,20,5,3.23955749524312,0.1,8.82979352476854,0.147016871134562,1.67528375484546,5,0.2,0.5,63.9061056007182,22.0777227501009,0.00125419523083118,0.00202709544969165,0.429191086275496,552,9518,1,"2","diploid","female"
"1656","0","0","0","0",-0.922872185707092,3051.07250976562,"map_9518_1_3",5,70,300,20,5,4.35720543126743,0.1,6.8540915729253,0.0700757852075348,1.32517549899384,3,0.2,0.5,63.9061056007182,22.0777227501009,0.000281572230782049,1.38541702396391e-05,0.579965967078434,552,9518,1,"3","diploid","female"
"1657","0","0","0","0",-0.804043889045715,3036.07104492188,"map_9519_1_1",5,70,300,20,5,2.90934783174708,0.1,13.1840107356535,0.114820861119763,1.27550386042365,21,0.2,0.5,67.1436199112192,22.6364082218141,0.0018862827574824,0.00253237765586014,0.360575961670326,553,9519,1,"1","diploid","female"
"1658","0","0","0","0",-0.804043889045715,3036.07104492188,"map_9519_1_2",5,70,300,20,5,3.59753348896836,0.1,9.60775482890986,0.794704330555209,0.204799315023052,118,0.2,0.5,67.1436199112192,22.6364082218141,0.00619874438584853,0.00129851933508828,0.147584133933395,553,9519,1,"2","diploid","female"
"1659","0","0","0","0",-0.804043889045715,3036.07104492188,"map_9519_1_3",5,70,300,20,5,4.10911014549039,0.1,8.48080875577932,0.059442041713252,1.42927927913331,22,0.2,0.5,67.1436199112192,22.6364082218141,0.000402572131124728,7.53137573308448e-05,0.476341338498202,553,9519,1,"3","diploid","female"
"1660","0","0","0","0",-0.681767404079437,3157.85571289062,"map_9617_1_1",5,70,300,20,5,2.61260308288275,0.1,14.1104462102327,0.264333420476696,1.73747308403097,37,0.2,0.5,147.984204086354,21.2300140469573,0.00650479037272169,0.0238655619138703,0.302987008502631,554,9617,1,"1","diploid","female"
"1661","0","0","0","0",-0.681767404079437,3157.85571289062,"map_9617_1_2",5,70,300,20,5,5.13022560432697,0.1,9.34449649694782,0.826383021066545,0.818777989210629,130,0.2,0.5,147.984204086354,21.2300140469573,0.00916085272246456,0.024906589910568,0.605128169740304,554,9617,1,"2","diploid","female"
"1662","0","0","0","0",-0.681767404079437,3157.85571289062,"map_9617_1_3",5,70,300,20,5,2.63543453861714,0.1,9.99351453012216,0.103313264534271,2.03352225944281,19,0.2,0.5,147.984204086354,21.2300140469573,0.00106421483666753,0.00156839187548736,0.46319818926273,554,9617,1,"3","diploid","female"
"1663","0","0","0","0",-0.541763246059418,3027.52563476562,"map_9619_1_1",5,70,300,20,5,6.86668205769967,0.1,15.3060713284148,0.188081442667092,2.52466258026455,65,0.2,0.5,155.966884651057,21.2143329861156,0.00485572400984628,0.0134003700454493,0.109129850694097,555,9619,1,"1","diploid","female"
"1664","0","0","0","0",-0.541763246059418,3027.52563476562,"map_9619_1_2",5,70,300,20,5,9.38419739663594,0.1,22.2424050265439,0.355946026537451,1.45465188570138,123,0.2,0.5,155.966884651057,21.2143329861156,0.0185720374420586,0.0643160665842193,0.0801039741514784,555,9619,1,"2","diploid","female"
"1665","0","0","0","0",-0.541763246059418,3027.52563476562,"map_9619_1_3",5,70,300,20,5,5.05240832687082,0.1,9.96466879570967,0.102620669402522,2.24640516222292,63,0.2,0.5,155.966884651057,21.2143329861156,0.00108480110099957,0.00158316650484571,0.30377043268441,555,9619,1,"3","diploid","female"
"1666","0","0","0","0",-0.952667117118835,2992.546875,"map_9620_1_1",5,70,300,20,5,2.40256751740844,0.1,17.3293059559798,0.224974178926034,1.45364139267465,94,0.2,0.5,155.900711972056,22.0287415746307,0.00751911806326877,0.0282661789615153,0.184006143593072,556,9620,1,"1","diploid","female"
"1667","0","0","0","0",-0.952667117118835,2992.546875,"map_9620_1_2",5,70,300,20,5,6.80281868645329,0.1,22.3064639330142,0.424759019398188,0.792695421530679,122,0.2,0.5,155.900711972056,22.0287415746307,0.0200260167383437,0.063507578796064,0.0968081681030931,556,9620,1,"2","diploid","female"
"1668","0","0","0","0",-0.952667117118835,2992.546875,"map_9620_1_3",5,70,300,20,5,2.41937424662484,0.1,9.13803862349721,0.110982168996809,1.49914035546464,57,0.2,0.5,155.900711972056,22.0287415746307,0.00095687818859082,0.000979231493984856,0.455120893245861,556,9620,1,"3","diploid","female"
"1669","0","0","0","0",-0.988600611686707,2987.8798828125,"map_9621_1_1",5,70,300,20,5,2.7473273275607,0.1,6.9181181260183,0.193874663167132,1.096535707067,8,0.2,0.5,61.344099154108,22.0971502111864,0.00103860666310678,0.00107292866509721,0.427353753073017,557,9621,1,"1","diploid","female"
"1670","0","0","0","0",-0.988600611686707,2987.8798828125,"map_9621_1_2",5,70,300,20,5,2.76557696012826,0.1,12.192836563316,0.272553360438958,0.980534459259202,6,0.2,0.5,61.344099154108,22.0971502111864,0.00433619192236677,0.0055962649889323,0.356000956727464,557,9621,1,"2","diploid","female"
"1671","0","0","0","0",-0.988600611686707,2987.8798828125,"map_9621_1_3",5,70,300,20,5,3.96697012872711,0.1,5.54229988802909,0.151092169322921,0.940859587036279,4,0.2,0.5,61.344099154108,22.0971502111864,0.00039390043070349,6.24282085420173e-06,0.803256308490383,557,9621,1,"3","diploid","female"
"1672","0","0","0","0",-0.95361202955246,2935.2548828125,"map_9623_1_1",5,70,300,20,5,1.30366153097178,0.1,11.4678922194122,0.188582246940857,1.12296818127534,7,0.2,0.5,69.0681882839266,22.631944189568,0.00290214797225716,0.00793359179919515,0.184155874757024,558,9623,1,"1","diploid","female"
"1673","0","0","0","0",-0.95361202955246,2935.2548828125,"map_9623_1_2",5,70,300,20,5,2.89871595502625,0.1,11.7669483909304,0.215652666207182,1.43100039636144,6,0.2,0.5,69.0681882839266,22.631944189568,0.003532821337765,0.0104106190124757,0.234804885679127,558,9623,1,"2","diploid","female"
"1674","0","0","0","0",-0.95361202955246,2935.2548828125,"map_9623_1_3",5,70,300,20,5,1.6407513153715,0.1,7.07660626601848,0.112719010943581,1.16038734386675,3,0.2,0.5,69.0681882839266,22.631944189568,0.00051456281019383,6.23459434527495e-05,0.480054577514663,558,9623,1,"3","diploid","female"
"1675","0","0","0","0",-0.826072812080383,3107.85913085938,"map_9721_1_1",5,70,300,20,5,4.13594949680151,0.1,9.1037926532531,0.195770356992717,2.00715297163162,16,0.2,0.5,122.189260121596,21.2378590120166,0.00215909991504684,0.00479842171806704,0.28928958653778,559,9721,1,"1","diploid","female"
"1676","0","0","0","0",-0.826072812080383,3107.85913085938,"map_9721_1_2",5,70,300,20,5,3.96617955459072,0.1,16.9849413698083,0.378253655251265,0.793913374548915,23,0.2,0.5,122.189260121596,21.2378590120166,0.0106025892516823,0.020599380516023,0.236034651580478,559,9721,1,"2","diploid","female"
"1677","0","0","0","0",-0.826072812080383,3107.85913085938,"map_9721_1_3",5,70,300,20,5,4.49975625109115,0.1,6.17171359733912,0.166871832473493,1.65445886347546,4,0.2,0.5,122.189260121596,21.2378590120166,0.000618825059861874,0.000190085529936264,0.572352820352358,559,9721,1,"3","diploid","female"
"1678","0","0","0","0",-0.571958303451538,3081.1708984375,"map_9722_1_1",5,70,300,20,5,3.68703027197344,0.1,10.359718284066,0.197842618137121,2.53817683048815,16,0.2,0.5,122.757475437912,21.2314913676823,0.00247609614141513,0.00480228561586223,0.201567567600983,560,9722,1,"1","diploid","female"
"1679","0","0","0","0",-0.571958303451538,3081.1708984375,"map_9722_1_2",5,70,300,20,5,8.99591645670334,0.1,12.5818218725151,0.557035883347275,0.464533925164062,42,0.2,0.5,122.757475437912,21.2314913676823,0.00822534733634019,0.0125184690299474,0.122553897347508,560,9722,1,"2","diploid","female"
"1680","0","0","0","0",-0.571958303451538,3081.1708984375,"map_9722_1_3",5,70,300,20,5,3.38569149121484,0.1,7.30273496608791,0.162048182129734,2.24656134263562,5,0.2,0.5,122.757475437912,21.2314913676823,0.000907376502402902,0.000542613008037903,0.38890399978687,560,9722,1,"3","diploid","female"
"1681","0","0","0","0",-0.475701838731766,3014.29370117188,"map_9826_1_1",5,70,300,20,5,4.98987277722384,0.1,12.0273474425305,0.102430527439877,2.37249867516132,16,0.2,0.5,126.885845412448,21.2197859395514,0.00186485050876878,0.00671671503809084,0.290565112028727,561,9826,1,"1","diploid","female"
"1682","0","0","0","0",-0.475701838731766,3014.29370117188,"map_9826_1_2",5,70,300,20,5,4.30226326268084,0.1,20.134715684133,0.172993532558941,2.56068067869861,35,0.2,0.5,126.885845412448,21.2197859395514,0.0086958557079426,0.0543976056778241,0.232026292816207,561,9826,1,"2","diploid","female"
"1683","0","0","0","0",-0.475701838731766,3014.29370117188,"map_9826_1_3",5,70,300,20,5,5.21448636443846,0.1,11.0387337656707,0.036800264302816,1.32504538519899,16,0.2,0.5,126.885845412448,21.2197859395514,0.000492076911081137,0.00132191079749354,0.464106305996441,561,9826,1,"3","diploid","female"
"1684","0","0","0","0",-0.693051278591156,2981.30078125,"map_9827_1_1",5,70,300,20,5,4.17933770564575,0.1,10.1516467988037,0.178926924007885,2.11763496371269,18,0.2,0.5,127.42367026497,21.2182466078174,0.00250729029760924,0.00777750759810537,0.239966222961536,562,9827,1,"1","diploid","female"
"1685","0","0","0","0",-0.693051278591156,2981.30078125,"map_9827_1_2",5,70,300,20,5,3.50374544379616,0.1,22.132068638131,0.290754126136006,1.57264663018372,35,0.2,0.5,127.42367026497,21.2182466078174,0.0164488610121703,0.0846621621524729,0.117469809367982,562,9827,1,"2","diploid","female"
"1686","0","0","0","0",-0.693051278591156,2981.30078125,"map_9827_1_3",5,70,300,20,5,4.51918989344522,0.1,6.411524891627,0.125666043403766,1.26677626512203,5,0.2,0.5,127.42367026497,21.2182466078174,0.000510309973066316,0.000183245839792326,0.548159938754691,562,9827,1,"3","diploid","female"
"1687","0","0","0","0",0.900241076946259,2826.560546875,"map_9835_1_1",5,70,300,20,5,6.19938577016062,0.1,15.5334343605449,0.267133649775916,1.99638329095172,21,0.2,0.5,35.4190393492233,23.3123029854607,0.00725604163698893,0.0172357181226042,0.180377585848607,563,9835,1,"1","diploid","female"
"1688","0","0","0","0",0.900241076946259,2826.560546875,"map_9835_1_2",5,70,300,20,5,0,0.1,7.62908819902306,0.000716046744707199,0.0145365672905119,6,0.2,0.5,35.4190393492233,23.3123029854607,3.69486163166827e-06,1.5976040710037e-07,0.663890998803169,563,9835,1,"2","diploid","female"
"1689","0","0","0","0",0.900241076946259,2826.560546875,"map_9835_1_3",5,70,300,20,5,3.67577687481056,0.1,14.1233875858115,0.243347942163883,1.37950163283807,23,0.2,0.5,35.4190393492233,23.3123029854607,0.00576519249743592,0.0196342792515064,0.12540827042985,563,9835,1,"3","diploid","female"
"1690","0","0","0","0",0.814348638057709,2783.20385742188,"map_9836_1_1",5,70,300,20,5,0,0.1,12.0509648116916,0.112241974014238,0.713203876251953,15,0.2,0.5,10.6421762941981,23.2938655354784,0.00166076851075093,0.00169840854222684,0.291244136075038,564,9836,1,"1","diploid","female"
"1691","0","0","0","0",0.814348638057709,2783.20385742188,"map_9836_1_2",5,70,300,20,5,0,0.1,50.9077375323905,6.79939161092903e-17,0,6,0.2,0.5,10.6421762941981,23.2938655354784,1.38421419266288e-17,6.79939161092903e-17,0.32382999367922,564,9836,1,"2","diploid","female"
"1692","0","0","0","0",0.814348638057709,2783.20385742188,"map_9836_1_3",5,70,300,20,5,0,0.1,9.55143416772746,0.173709368713534,0.816570358324949,18,0.2,0.5,10.6421762941981,23.2938655354784,0.00162441569363417,0.0017260157825356,0.284125132682323,564,9836,1,"3","diploid","female"
"1693","0","0","0","0",0.736547291278839,2803.87353515625,"map_9941_1_1",5,70,300,20,5,0,0.1,9.03018952619159,0.242142635502876,1.53492464123666,59,0.2,0.5,10.7420619113303,23.603271951179,0.00247282922753127,0.0048618298592561,0.268518332412305,565,9941,1,"1","diploid","female"
"1694","0","0","0","0",0.736547291278839,2803.87353515625,"map_9941_1_2",5,70,300,20,5,0,0.1,14.1845235573852,1.27717965562597e-07,4.56890325053984e-06,13,0.2,0.5,10.7420619113303,23.603271951179,2.08519022267419e-09,3.72468841415545e-11,1.01762920648651,565,9941,1,"2","diploid","female"
"1695","0","0","0","0",0.736547291278839,2803.87353515625,"map_9941_1_3",5,70,300,20,5,2.83758174980814,0.1,10.1651682532462,0.252666181878965,1.03740107978366,141,0.2,0.5,10.7420619113303,23.603271951179,0.00271102030117438,0.00391900863351817,0.184494693113475,565,9941,1,"3","diploid","female"
"1696","0","0","0","0",0.811823427677155,2754.21850585938,"map_9942_1_1",5,70,300,20,5,0,0.1,50.8624266617566,5.56910534371695e-14,0,27,0.2,0.5,11.1018462386539,23.5977725370118,1.13172037135938e-14,5.56910534371695e-14,0.297994932928808,566,9942,1,"1","diploid","female"
"1697","0","0","0","0",0.811823427677155,2754.21850585938,"map_9942_1_2",5,70,300,20,5,0,0.1,50.8648660814481,5.02452424048994e-17,0,11,0.2,0.5,11.1018462386539,23.5977725370118,1.02116883095043e-17,5.02452424048994e-17,0.322756379216894,566,9942,1,"2","diploid","female"
"1698","0","0","0","0",0.811823427677155,2754.21850585938,"map_9942_1_3",5,70,300,20,5,0,0.1,7.98707773358465,0.20050039801152,0.518817157847765,92,0.2,0.5,11.1018462386539,23.5977725370118,0.00142477293258613,0.00242972317957379,0.251006461800794,566,9942,1,"3","diploid","female"
"1699","0","0","0","0",0.00629317341372371,3070.71606445312,"map_10032_1_1",5,70,300,20,5,7.05065959481655,0.1,17.687430371197,0.24020478885362,2.91913825571717,11,0.2,0.5,219.922386720727,21.6606563830032,0.00913832008407723,0.045930555113549,0.105159186114877,567,10032,1,"1","diploid","female"
"1700","0","0","0","0",0.00629317341372371,3070.71606445312,"map_10032_1_2",5,70,300,20,5,7.38364748171148,0.1,17.7893283989781,0.359548676502617,4.08958435431947,10,0.2,0.5,219.922386720727,21.6606563830032,0.0138476956722897,0.0691025198785545,0.115798908159759,567,10032,1,"2","diploid","female"
"1701","0","0","0","0",0.00629317341372371,3070.71606445312,"map_10032_1_3",5,70,300,20,5,5.70040491405703,0.1,17.1914715614509,0.214626696906948,2.52223430271686,6,0.2,0.5,219.922386720727,21.6606563830032,0.00759543013799692,0.0368533714368831,0.155867030849308,567,10032,1,"3","diploid","female"
"1702","0","0","0","0",0.61858069896698,2808.45483398438,"map_10046_1_1",5,70,300,20,5,3.54355381301821,0.1,16.5602180706098,0.308911065991905,0.923631218525931,23,0.2,0.5,10.3709492100731,23.5968267920273,0.00872016140705377,0.0267094403075343,0.140441797941812,568,10046,1,"1","diploid","female"
"1703","0","0","0","0",0.61858069896698,2808.45483398438,"map_10046_1_2",5,70,300,20,5,5.3253718806202,0.1,8.14176634544378,0.000360528458799742,0.016585266942595,6,0.2,0.5,10.3709492100731,23.5968267920273,1.99334146418305e-06,1.71574744028571e-08,0.94454548538178,568,10046,1,"2","diploid","female"
"1704","0","0","0","0",0.61858069896698,2808.45483398438,"map_10046_1_3",5,70,300,20,5,1.8768014512111,0.1,10.344837344482,0.22922065033925,0.763114095026789,17,0.2,0.5,10.3709492100731,23.5968267920273,0.00234923480552493,0.00297799813357677,0.420467207777312,568,10046,1,"3","diploid","female"
"1705","0","0","0","0",0.481994926929474,2760.36376953125,"map_10047_1_1",5,70,300,20,5,0,0.1,11.2532091074076,0.0312640509770825,0.0751260224408873,15,0.2,0.5,2.16486027161049,23.5564214657839,0.000388831404245833,0.000482952407464439,0.353681807818637,569,10047,1,"1","diploid","female"
"1706","0","0","0","0",0.481994926929474,2760.36376953125,"map_10047_1_2",5,70,300,20,5,0,0.1,51.0676232775616,5.18959962740499e-17,0,6,0.2,0.5,2.16486027161049,23.5564214657839,1.06314255990782e-17,5.18959962740499e-17,0.335465345138991,569,10047,1,"2","diploid","female"
"1707","0","0","0","0",0.481994926929474,2760.36376953125,"map_10047_1_3",5,70,300,20,5,0,0.1,6.86656172583838,0.166770650259655,0.380045347621033,17,0.2,0.5,2.16486027161049,23.5564214657839,0.000737003164162903,0.000225158296251532,0.344782901982708,569,10047,1,"3","diploid","female"
"1708","0","0","0","0",0.448574513196945,2924.82348632812,"map_10149_1_1",5,70,300,20,5,2.63916391121552,0.1,8.33929041048445,0.125774925319522,2.29605795009175,10,0.2,0.5,10.0749958393186,22.9797281453248,0.000835674849703697,0.000510630882390291,0.329563498455413,570,10149,1,"1","diploid","female"
"1709","0","0","0","0",0.448574513196945,2924.82348632812,"map_10149_1_2",5,70,300,20,5,6.95227178225815,0.1,7.31434485044691,0.127459945684169,2.66260865827776,7,0.2,0.5,10.0749958393186,22.9797281453248,0.00057524968824092,2.87733505158467e-05,0.639502609614022,570,10149,1,"2","diploid","female"
"1710","0","0","0","0",0.448574513196945,2924.82348632812,"map_10149_1_3",5,70,300,20,5,2.07364054501621,0.1,8.65878053055348,0.110244964801881,2.03602298006325,15,0.2,0.5,10.0749958393186,22.9797281453248,0.000833474468123508,0.000737962411836054,0.333160111902375,570,10149,1,"3","diploid","female"
"1711","0","0","0","0",0.313930630683899,2855.6103515625,"map_10150_1_1",5,70,300,20,5,3.45212645870622,0.1,8.05862879845019,0.308863949146226,2.0236405856545,14,0.2,0.5,10.8958116924743,22.9765586747416,0.00236361287109109,0.00417895396732427,0.251013293728514,571,10150,1,"1","diploid","female"
"1712","0","0","0","0",0.313930630683899,2855.6103515625,"map_10150_1_2",5,70,300,20,5,4.82410301519703,0.1,5.99835438480567,0.51663826318253,2.09578009732658,10,0.2,0.5,10.8958116924743,22.9765586747416,0.00174847356260473,0.000525718277258639,0.513625817981652,571,10150,1,"2","diploid","female"
"1713","0","0","0","0",0.313930630683899,2855.6103515625,"map_10150_1_3",5,70,300,20,5,2.42346164976318,0.1,7.06654957382751,0.262608005088402,1.58791098993739,10,0.2,0.5,10.8958116924743,22.9765586747416,0.0012743079728413,0.000598687724359963,0.339035906531684,571,10150,1,"3","diploid","female"
"1714","0","0","0","0",0.464924961328506,2787.38256835938,"map_10151_1_1",5,70,300,20,5,4.49202026873089,0.1,15.5952549461127,0.278826632385761,1.1304807522629,35,0.2,0.5,2.1093622062083,22.9960581440466,0.00763969915537808,0.0286794473109309,0.12876214024201,572,10151,1,"1","diploid","female"
"1715","0","0","0","0",0.464924961328506,2787.38256835938,"map_10151_1_2",5,70,300,20,5,0,0.1,6.00036814623004,0.00053330555616707,0.000684427238830295,10,0.2,0.5,2.1093622062083,22.9960581440466,1.59352775118203e-06,8.30635046070376e-09,0.693632439615816,572,10151,1,"2","diploid","female"
"1716","0","0","0","0",0.464924961328506,2787.38256835938,"map_10151_1_3",5,70,300,20,5,0,0.1,7.73382817891291,0.127372617088872,0.678928365082841,39,0.2,0.5,2.1093622062083,22.9960581440466,0.000729886314545748,0.00026685795332085,0.127796374800328,572,10151,1,"3","diploid","female"
