"","Ploidy_leveltriploid","Ploidy_levelunknown","geneticSexIDmale","geneticSexIDunknown","Cos.aspect","Elevation","prefix_this","minsize","maxsize","n_iterations","size_mean_initial","size_sd_initial","n_S_initial","n_A_initial","size_mean_final","n_A_final","n_S_final","longevity_90_final","n_S_lag_factor","n_S_scale_factor","SWE.mean","Tmax.mean","basal_area_density_final","n_A_final_gt_30_cm","cv_n_A_final_ten","index","pixel","replicate_climate_resample","replicate_data_resample","Ploidy_level","geneticSexID"
"1","0","0","0","0",-0.811225295066833,3083.4375,"map_978_1_1",5,70,300,20,5,4.31039629854451,0.1,8.52549430508875,0.0981603289070102,7.14214090024793,8,0.2,2,64.4595073853616,20.4390106877087,0.000677531002334845,0.000508817554581268,0.508134625946018,1,978,1,"1","diploid","female"
"2","0","0","0","0",-0.811225295066833,3083.4375,"map_978_1_2",5,70,300,20,5,3.05181345447597,0.1,12.8294999631817,0.194939586561846,4.65000384083564,13,0.2,2,64.4595073853616,20.4390106877087,0.00384723952180162,0.0141681635467404,0.360094878888374,1,978,1,"2","diploid","female"
"3","0","0","0","0",-0.811225295066833,3083.4375,"map_978_1_3",5,70,300,20,5,6.2260989795951,0.1,6.58395563226709,0.0285941402641516,4.94166494652772,9,0.2,2,64.4595073853616,20.4390106877087,0.000105340288875959,4.90034040283726e-07,0.83359350964889,1,978,1,"3","diploid","female"
"4","0","0","0","0",-0.822242736816406,3114.07470703125,"map_979_1_1",5,70,300,20,5,4.32889983288557,0.1,9.00775393796943,0.0925679352908078,8.13264005979584,13,0.2,2,66.4092923676057,20.4360450034918,0.000719445166853871,0.000526001210410889,0.530453805230158,2,979,1,"1","diploid","female"
"5","0","0","0","0",-0.822242736816406,3114.07470703125,"map_979_1_2",5,70,300,20,5,3.15010197535896,0.1,13.2499964061694,0.144628991642949,6.59958541434704,22,0.2,2,66.4092923676057,20.4360450034918,0.00276640749350348,0.00962057315595339,0.516441710215108,2,979,1,"2","diploid","female"
"6","0","0","0","0",-0.822242736816406,3114.07470703125,"map_979_1_3",5,70,300,20,5,6.0071822591823,0.1,7.01420565892746,0.0330710614960677,4.82452204218074,12,0.2,2,66.4092923676057,20.4360450034918,0.000140110379213237,1.79822887822272e-06,0.817941857346265,2,979,1,"3","diploid","female"
"7","0","0","0","0",-0.506825804710388,3098.98779296875,"map_2235_1_1",5,70,300,20,5,4.64249040685773,0.1,8.42400363025585,0.203551990490015,8.60748788359705,18,0.2,2,82.3077176116233,21.1292641017656,0.0015536301179231,0.0017578106510907,0.39346592708312,3,2235,1,"1","diploid","female"
"8","0","0","0","0",-0.506825804710388,3098.98779296875,"map_2235_1_2",5,70,300,20,5,4.33361091749625,0.1,12.1671344880422,0.261383037576564,3.78935160778024,20,0.2,2,82.3077176116233,21.1292641017656,0.00393588950658064,0.00662389136808056,0.304445655629783,3,2235,1,"2","diploid","female"
"9","0","0","0","0",-0.506825804710388,3098.98779296875,"map_2235_1_3",5,70,300,20,5,5.84465660037168,0.1,6.02679653486665,0.106395755746794,8.18845141134821,19,0.2,2,82.3077176116233,21.1292641017656,0.000339437408807476,1.2440531185281e-05,0.676760497745635,3,2235,1,"3","diploid","female"
"10","0","0","0","0",-0.479843199253082,3196.03735351562,"map_2236_1_1",5,70,300,20,5,4.80307028449415,0.1,10.6885398726964,0.213690696504234,5.96419495372315,46,0.2,2,85.4516093960632,21.1173017402556,0.00256494151369937,0.00439690259926602,0.211072904786064,4,2236,1,"1","diploid","female"
"11","0","0","0","0",-0.479843199253082,3196.03735351562,"map_2236_1_2",5,70,300,20,5,4.81907984020243,0.1,9.32633186938414,0.164304009854126,4.79885247054581,38,0.2,2,85.4516093960632,21.1173017402556,0.00135880537288729,0.00106030705632423,0.34697657231061,4,2236,1,"2","diploid","female"
"12","0","0","0","0",-0.479843199253082,3196.03735351562,"map_2236_1_3",5,70,300,20,5,4.72887747927147,0.1,7.42813717870908,0.0585175742341058,7.00973728812057,35,0.2,2,85.4516093960632,21.1173017402556,0.00027773288372611,3.6717127999213e-06,0.577385650218329,4,2236,1,"3","diploid","female"
"13","0","0","0","0",-0.282683879137039,3021.76196289062,"map_2441_1_1",5,70,300,20,5,3.34985141151847,0.1,9.78196294029826,0.108253618440535,8.0458662239249,6,0.2,2,50.4488311304999,21.7915046413079,0.00103360071453725,0.000460783290132054,0.265186178653209,5,2441,1,"1","diploid","female"
"14","0","0","0","0",-0.282683879137039,3021.76196289062,"map_2441_1_2",5,70,300,20,5,5.2813070719614,0.1,12.7485796704081,0.289797708160546,1.97342037494009,9,0.2,2,50.4488311304999,21.7915046413079,0.00405372758915545,0.00106621941503126,0.242424141523406,5,2441,1,"2","diploid","female"
"15","0","0","0","0",-0.282683879137039,3021.76196289062,"map_2441_1_3",5,70,300,20,5,3.41206518894696,0.1,7.83336698008099,0.0506767516044129,8.38105506915678,6,0.2,2,50.4488311304999,21.7915046413079,0.000275421187494474,6.95469974803942e-06,0.374605596971225,5,2441,1,"3","diploid","female"
"16","0","0","0","0",-0.611876130104065,2994.529296875,"map_2545_1_1",5,70,300,20,5,3.56041104860304,0.1,7.43347669726493,0.131086749631969,6.67011703667355,21,0.2,2,45.932410604534,21.8311491994763,0.000736557833765914,0.000472987906659827,0.464021957692055,6,2545,1,"1","diploid","female"
"17","0","0","0","0",-0.611876130104065,2994.529296875,"map_2545_1_2",5,70,300,20,5,3.72196927147896,0.1,8.87545429032636,0.149336371133201,6.59926775604778,25,0.2,2,45.932410604534,21.8311491994763,0.00134603578753117,0.00213767463073934,0.630933062193399,6,2545,1,"2","diploid","female"
"18","0","0","0","0",-0.611876130104065,2994.529296875,"map_2545_1_3",5,70,300,20,5,4.62513822405236,0.1,5.92637680375966,0.0789416440208596,5.01144767152137,27,0.2,2,45.932410604534,21.8311491994763,0.000236609962868514,2.07550224734543e-07,0.853488409648942,6,2545,1,"3","diploid","female"
"19","0","0","0","0",-0.526411652565002,2959.6474609375,"map_2649_1_1",5,70,300,20,5,3.11659999401385,0.1,8.08476457263287,0.119590908033427,7.0981511082524,12,0.2,2,48.6007291375601,20.9755797613235,0.000701913710120503,0.000267565600190531,0.512255350084415,7,2649,1,"1","diploid","female"
"20","0","0","0","0",-0.526411652565002,2959.6474609375,"map_2649_1_2",5,70,300,20,5,3.69650059705131,0.1,10.1351274578592,0.231724034181311,5.30196090907709,42,0.2,2,48.6007291375601,20.9755797613235,0.00269405097819911,0.0042320987365639,0.439040100919877,7,2649,1,"2","diploid","female"
"21","0","0","0","0",-0.526411652565002,2959.6474609375,"map_2649_1_3",5,70,300,20,5,3.18033652462669,0.1,6.94730331589714,0.0210973821342291,3.357442338866,9,0.2,2,48.6007291375601,20.9755797613235,8.51675153737258e-05,4.70077922043401e-07,1.09058741575452,7,2649,1,"3","diploid","female"
"22","0","0","0","0",-0.385358780622482,3069.30419921875,"map_2651_1_1",5,70,300,20,5,4.09463948986916,0.1,8.23451214839127,0.204284222950697,7.6765291925589,9,0.2,2,75.0354551587786,21.5347712750187,0.00133194610929001,0.00106422405345665,0.263656933559067,8,2651,1,"1","diploid","female"
"23","0","0","0","0",-0.385358780622482,3069.30419921875,"map_2651_1_2",5,70,300,20,5,6.61698244346751,0.1,8.33358622589655,0.268408492803648,6.0438367267343,9,0.2,2,75.0354551587786,21.5347712750187,0.00187891894659926,0.00194428489926334,0.346366818907323,8,2651,1,"2","diploid","female"
"24","0","0","0","0",-0.385358780622482,3069.30419921875,"map_2651_1_3",5,70,300,20,5,3.9830706763411,0.1,7.01561241674518,0.0942428312168893,8.29701714381063,5,0.2,2,75.0354551587786,21.5347712750187,0.000386871819213619,1.89118217561087e-05,0.536971492135719,8,2651,1,"3","diploid","female"
"25","0","0","0","0",-0.421152800321579,3145.412109375,"map_2652_1_1",5,70,300,20,5,2.33940671019793,0.1,9.31182872799776,0.232832870104905,8.7174268434198,34,0.2,2,75.0124716647836,21.5150359376588,0.00191289630832534,0.00133412573441574,0.446833780999761,9,2652,1,"1","diploid","female"
"26","0","0","0","0",-0.421152800321579,3145.412109375,"map_2652_1_2",5,70,300,20,5,7.4979971250565,0.1,8.1257626719845,0.250482052442856,8.57593461606607,27,0.2,2,75.0124716647836,21.5150359376588,0.00147888571543774,0.000382820002997919,1.34006432613796,9,2652,1,"2","diploid","female"
"27","0","0","0","0",-0.421152800321579,3145.412109375,"map_2652_1_3",5,70,300,20,5,2.04821013109153,0.1,7.29961546775787,0.15952129433707,8.18371390779598,58,0.2,2,75.0124716647836,21.5150359376588,0.000726874201537129,4.81380311163962e-06,0.720607578528265,9,2652,1,"3","diploid","female"
"28","0","0","0","0",-0.364836037158966,2984.22021484375,"map_2754_1_1",5,70,300,20,5,4.30785391639658,0.1,9.46290446417017,0.246377404649167,7.43126257292593,3,0.2,2,77.8009363313846,21.4825110081686,0.00208179914050935,0.00147503521695644,0.332919216302145,10,2754,1,"1","diploid","female"
"29","0","0","0","0",-0.364836037158966,2984.22021484375,"map_2754_1_2",5,70,300,20,5,4.1828208177242,0.1,8.87816897726025,0.848685951999172,1.41968861110022,9,0.2,2,77.8009363313846,21.4825110081686,0.00693885247567318,0.0111934205681805,0.333601637692032,10,2754,1,"2","diploid","female"
"30","0","0","0","0",-0.364836037158966,2984.22021484375,"map_2754_1_3",5,70,300,20,5,5.1418737739614,0.1,6.66841188701073,0.132011683556331,6.17009155001387,2,0.2,2,77.8009363313846,21.4825110081686,0.0005117480099504,2.08883635285714e-05,0.858408335808191,10,2754,1,"3","diploid","female"
"31","0","0","0","0",-0.457350522279739,3038.85693359375,"map_2755_1_1",5,70,300,20,5,4.22182746350392,0.1,8.82101817801477,0.166124814256324,8.95139421362557,33,0.2,2,75.620063841937,21.5408620939962,0.00125886434317756,0.000946218992092285,0.299471362774241,11,2755,1,"1","diploid","female"
"32","0","0","0","0",-0.457350522279739,3038.85693359375,"map_2755_1_2",5,70,300,20,5,4.37073290715043,0.1,11.6152789431855,0.202863741713316,7.94815866310159,46,0.2,2,75.620063841937,21.5408620939962,0.00314006545538241,0.00705897377624263,0.407019291463075,11,2755,1,"2","diploid","female"
"33","0","0","0","0",-0.457350522279739,3038.85693359375,"map_2755_1_3",5,70,300,20,5,5.3036329118466,0.1,7.11357178381355,0.1073856775969,8.09092422785272,65,0.2,2,75.620063841937,21.5408620939962,0.000460157041467317,4.90122808709312e-06,0.558085716600736,11,2755,1,"3","diploid","female"
"34","0","0","0","0",-0.486126601696014,3019.85473632812,"map_2859_1_1",5,70,300,20,5,2.11155524781817,0.1,9.3019459784693,0.210293997814319,7.61052612383383,4,0.2,2,80.4495393239779,21.4740015824108,0.00186151910691313,0.00133965425722745,0.239569324111283,12,2859,1,"1","diploid","female"
"35","0","0","0","0",-0.486126601696014,3019.85473632812,"map_2859_1_2",5,70,300,20,5,6.04627958348456,0.1,12.4192904088518,0.251517409922726,5.23163285204009,3,0.2,2,80.4495393239779,21.4740015824108,0.00391583397061019,0.00448030324013417,0.254681228098135,12,2859,1,"2","diploid","female"
"36","0","0","0","0",-0.486126601696014,3019.85473632812,"map_2859_1_3",5,70,300,20,5,2.14958951468198,0.1,7.12176943221365,0.118036630068936,7.88957211665146,2,0.2,2,80.4495393239779,21.4740015824108,0.00051773645346355,1.37689396051072e-05,0.56426719310411,12,2859,1,"3","diploid","female"
"37","0","0","0","0",-0.634523153305054,3053.2119140625,"map_2860_1_1",5,70,300,20,5,3.42059789220217,0.1,9.19157899849788,0.104243633753968,7.28634643570388,77,0.2,2,76.8666189960467,21.503315000439,0.000883380028283197,0.00111479490017807,0.659907691131222,13,2860,1,"1","diploid","female"
"38","0","0","0","0",-0.634523153305054,3053.2119140625,"map_2860_1_2",5,70,300,20,5,5.50068423386335,0.1,10.3638697690812,0.322314963304791,4.19100638088584,174,0.2,2,76.8666189960467,21.503315000439,0.00386437635726659,0.0117883514644523,0.775372553431352,13,2860,1,"2","diploid","female"
"39","0","0","0","0",-0.634523153305054,3053.2119140625,"map_2860_1_3",5,70,300,20,5,3.59679111503176,0.1,6.81422086166119,0.0350475256436489,4.77965865330315,133,0.2,2,76.8666189960467,21.503315000439,0.00014324711719766,3.30182920188871e-06,1.21360736342683,13,2860,1,"3","diploid","female"
"40","0","0","0","0",-0.41746661067009,3135.35229492188,"map_2861_1_1",5,70,300,20,5,5.31994751287454,0.1,8.74726645118326,0.27644437608557,9.46650260999795,29,0.2,2,79.2809755509082,20.2576583997488,0.00185495153641403,0.000349107912684771,0.525396560053491,14,2861,1,"1","diploid","female"
"41","0","0","0","0",-0.41746661067009,3135.35229492188,"map_2861_1_2",5,70,300,20,5,6.21546238954572,0.1,7.43131360143803,0.809023320203653,2.27634735927817,34,0.2,2,79.2809755509082,20.2576583997488,0.00398264552647399,0.00187184540298201,0.693845570063935,14,2861,1,"2","diploid","female"
"42","0","0","0","0",-0.41746661067009,3135.35229492188,"map_2861_1_3",5,70,300,20,5,4.68042854226908,0.1,6.4161493547285,0.128980902972536,9.06080972855528,52,0.2,2,79.2809755509082,20.2576583997488,0.000442472201310859,8.9618780030102e-07,0.770791862584596,14,2861,1,"3","diploid","female"
"43","0","0","0","0",-0.660919785499573,3022.91137695312,"map_2964_1_1",5,70,300,20,5,3.43329184351367,0.1,7.49954270150032,0.19273133226921,7.05236143169442,17,0.2,2,63.6496906276557,21.4648797678393,0.0011114496930605,0.000841795017380962,0.404741815523239,15,2964,1,"1","diploid","female"
"44","0","0","0","0",-0.660919785499573,3022.91137695312,"map_2964_1_2",5,70,300,20,5,5.30896714764898,0.1,10.5951073321562,0.293514338614943,5.82033582140142,23,0.2,2,63.6496906276557,21.4648797678393,0.00445967989195764,0.0190301407536683,0.243211629169949,15,2964,1,"2","diploid","female"
"45","0","0","0","0",-0.660919785499573,3022.91137695312,"map_2964_1_3",5,70,300,20,5,3.76826766354009,0.1,6.13970091015827,0.0858850376269859,5.77955793276773,18,0.2,2,63.6496906276557,21.4648797678393,0.000284073006486137,3.83082995046632e-06,0.865359664891082,15,2964,1,"3","diploid","female"
"46","0","0","0","0",-0.531648576259613,3076.76000976562,"map_2965_1_1",5,70,300,20,5,5.02578913698522,0.1,7.79627697112033,0.092541280735444,9.07866793668618,17,0.2,2,62.1018991696082,20.2902054834207,0.000504791410404,0.000138726795530944,0.566125476123803,16,2965,1,"1","diploid","female"
"47","0","0","0","0",-0.531648576259613,3076.76000976562,"map_2965_1_2",5,70,300,20,5,5.56025183886806,0.1,10.0000521980694,0.14442221341558,6.66940189393627,43,0.2,2,62.1018991696082,20.2902054834207,0.0015332609065935,0.00305741647337645,0.513559377775724,16,2965,1,"2","diploid","female"
"48","0","0","0","0",-0.531648576259613,3076.76000976562,"map_2965_1_3",5,70,300,20,5,5.16572807435948,0.1,6.62345871775624,0.0182849409752085,5.40677475709331,32,0.2,2,62.1018991696082,20.2902054834207,6.9377620582439e-05,1.36054206894447e-06,0.944826602813972,16,2965,1,"3","diploid","female"
"49","0","0","0","0",-0.636561393737793,3003.02612304688,"map_3068_1_1",5,70,300,20,5,1.47861642187188,0.1,9.59910846635285,0.203759412792248,6.20011322328288,3,0.2,2,61.1609918294951,21.8356263560974,0.00187631108698386,0.00177297888091348,0.337464668464509,17,3068,1,"1","diploid","female"
"50","0","0","0","0",-0.636561393737793,3003.02612304688,"map_3068_1_2",5,70,300,20,5,3.91318379596346,0.1,12.0364384523495,0.254161708714963,4.65462590586836,3,0.2,2,61.1609918294951,21.8356263560974,0.00376136270009045,0.00696880998736648,0.333269422547655,17,3068,1,"2","diploid","female"
"51","0","0","0","0",-0.636561393737793,3003.02612304688,"map_3068_1_3",5,70,300,20,5,1.81296362313311,0.1,6.49692340826966,0.126556143581647,6.0095566959663,2,0.2,2,61.1609918294951,21.8356263560974,0.000456254910205582,1.12324419003335e-05,0.670785818394311,17,3068,1,"3","diploid","female"
"52","0","0","0","0",-0.55124819278717,3037.6044921875,"map_3069_1_1",5,70,300,20,5,3.65511777804413,0.1,8.26734048240668,0.195857500100933,6.8237250230894,30,0.2,2,60.6232760526809,21.6493539926354,0.00128030759239311,0.000775469112272946,0.330929502654706,18,3069,1,"1","diploid","female"
"53","0","0","0","0",-0.55124819278717,3037.6044921875,"map_3069_1_2",5,70,300,20,5,3.97845820631599,0.1,12.5233604933103,0.241759026025346,4.931255469472,40,0.2,2,60.6232760526809,21.6493539926354,0.00385132971628078,0.0050460224288486,0.310250314434874,18,3069,1,"2","diploid","female"
"54","0","0","0","0",-0.55124819278717,3037.6044921875,"map_3069_1_3",5,70,300,20,5,4.9606141611171,0.1,7.17296759083521,0.085149855652851,7.26856863107493,37,0.2,2,60.6232760526809,21.6493539926354,0.000366859603758973,3.66758187484363e-06,0.540038831414464,18,3069,1,"3","diploid","female"
"55","0","0","0","0",-0.63727879524231,3102.81005859375,"map_3070_1_1",5,70,300,20,5,3.76547369759126,0.1,6.440546707136,0.676531782013626,7.99602696578467,42,0.2,2,81.9802819565681,21.6499265267339,0.00297635681257487,0.00173958411647392,0.500324778221801,19,3070,1,"1","diploid","female"
"56","0","0","0","0",-0.63727879524231,3102.81005859375,"map_3070_1_2",5,70,300,20,5,4.46479292443411,0.1,8.31459341792868,0.749612099802507,1.90532636045214,64,0.2,2,81.9802819565681,21.6499265267339,0.00492258911658536,0.00184541635336638,0.303349766952929,19,3070,1,"2","diploid","female"
"57","0","0","0","0",-0.63727879524231,3102.81005859375,"map_3070_1_3",5,70,300,20,5,4.66918131817552,0.1,5.27694141583807,0.468919575752703,7.32093787891418,128,0.2,2,81.9802819565681,21.6499265267339,0.00109075445085856,3.71246111348305e-06,0.789646535931794,19,3070,1,"3","diploid","female"
"58","0","0","0","0",-0.450167804956436,3068.9248046875,"map_3074_1_1",5,70,300,20,5,4.8202880714535,0.1,8.60485684008315,0.336588842801185,8.6823021478249,32,0.2,2,80.111867312181,21.0182865624412,0.00235065208440979,0.000984735690806223,0.509432323353474,20,3074,1,"1","diploid","female"
"59","0","0","0","0",-0.450167804956436,3068.9248046875,"map_3074_1_2",5,70,300,20,5,4.58764345823012,0.1,7.5090718114869,0.803279770712463,4.7780701592647,74,0.2,2,80.111867312181,21.0182865624412,0.00477883667416477,0.00575433785784631,1.06626653812998,20,3074,1,"2","diploid","female"
"60","0","0","0","0",-0.450167804956436,3068.9248046875,"map_3074_1_3",5,70,300,20,5,5.54661827802406,0.1,8.53668173167915,0.0469093995119235,5.17733344359196,36,0.2,2,80.111867312181,21.0182865624412,0.000291975704535729,3.72945489052837e-06,0.963397427093943,20,3074,1,"3","diploid","female"
"61","0","0","0","0",-0.860665440559387,2974.61328125,"map_3172_1_1",5,70,300,20,5,2.66100357117655,0.1,8.4731767002243,0.349964664341977,4.44966595536451,4,0.2,2,60.4510087198593,21.8562155181783,0.00247222997692376,0.0015112408340969,0.550690639052128,21,3172,1,"1","diploid","female"
"62","0","0","0","0",-0.860665440559387,2974.61328125,"map_3172_1_2",5,70,300,20,5,2.96382316657149,0.1,8.91595633081612,0.808272097593654,2.47947290000982,9,0.2,2,60.4510087198593,21.8562155181783,0.0073007080253644,0.00890563269380081,0.756132108305651,21,3172,1,"2","diploid","female"
"63","0","0","0","0",-0.860665440559387,2974.61328125,"map_3172_1_3",5,70,300,20,5,3.7970479203234,0.1,6.42740409487256,0.109955562540842,3.65887649195432,2,0.2,2,60.4510087198593,21.8562155181783,0.000381940594347763,6.87852720096895e-07,0.930581030755056,21,3172,1,"3","diploid","female"
"64","0","0","0","0",-0.776373386383057,3003.34985351562,"map_3173_1_1",5,70,300,20,5,3.0528354776313,0.1,8.23498119131764,0.181704445125237,5.58777186078035,8,0.2,2,63.3879402174902,21.5972565326712,0.00120557744240784,0.000879931478885212,0.334372164984881,22,3173,1,"1","diploid","female"
"65","0","0","0","0",-0.776373386383057,3003.34985351562,"map_3173_1_2",5,70,300,20,5,3.23380164153012,0.1,10.731137780334,0.246142323153446,5.30549707283895,10,0.2,2,63.3879402174902,21.5972565326712,0.00369179761643383,0.0104540249349586,0.308094062880932,22,3173,1,"2","diploid","female"
"66","0","0","0","0",-0.776373386383057,3003.34985351562,"map_3173_1_3",5,70,300,20,5,4.36456840680092,0.1,6.90174273379813,0.0670922016096374,5.62832273624371,4,0.2,2,63.3879402174902,21.5972565326712,0.000262315516886185,8.40760744657774e-07,0.641345669353968,22,3173,1,"3","diploid","female"
"67","0","0","0","0",-0.844617307186127,3037.07885742188,"map_3174_1_1",5,70,300,20,5,1.75642510827536,0.1,9.43458256002584,0.155399978200385,6.01894482189648,7,0.2,2,79.0380131033964,21.60115019586,0.00136950361809765,0.00120473833225972,0.404271793413973,23,3174,1,"1","diploid","female"
"68","0","0","0","0",-0.844617307186127,3037.07885742188,"map_3174_1_2",5,70,300,20,5,5.47645006281082,0.1,10.4920716530087,0.320881854884609,4.72684492597687,15,0.2,2,79.0380131033964,21.60115019586,0.00395795017120757,0.00754014156168173,0.449342602189265,23,3174,1,"2","diploid","female"
"69","0","0","0","0",-0.844617307186127,3037.07885742188,"map_3174_1_3",5,70,300,20,5,1.92806580816308,0.1,7.71722686089764,0.0521195629404724,5.85089440836586,5,0.2,2,79.0380131033964,21.60115019586,0.000258575370795339,8.19573263758189e-07,0.751388114361311,23,3174,1,"3","diploid","female"
"70","0","0","0","0",-0.925605535507202,2915.75537109375,"map_3275_1_1",5,70,300,20,5,2.38552591262081,0.1,10.9591246734013,0.256003856903197,4.6004403090371,29,0.2,2,61.9927003363834,21.8332631268506,0.0034927516131007,0.00768975701867162,0.462174609216215,24,3275,1,"1","diploid","female"
"71","0","0","0","0",-0.925605535507202,2915.75537109375,"map_3275_1_2",5,70,300,20,5,2.47279303535883,0.1,17.5023837291813,0.441162177783523,1.49065341409082,74,0.2,2,61.9927003363834,21.8332631268506,0.0152850559397079,0.0627771254301039,0.23718577474158,24,3275,1,"2","diploid","female"
"72","0","0","0","0",-0.925605535507202,2915.75537109375,"map_3275_1_3",5,70,300,20,5,3.09802334736482,0.1,7.64321165583447,0.0216600899873971,2.13022600020978,17,0.2,2,61.9927003363834,21.8332631268506,0.000107380665870076,6.4210603833305e-07,1.35706325341341,24,3275,1,"3","diploid","female"
"73","0","0","0","0",-0.904919922351837,2932.15258789062,"map_3276_1_1",5,70,300,20,5,2.4135104340932,0.1,10.9962026798658,0.0951628183781612,5.03803474606556,39,0.2,2,63.7896067533778,21.8327116443469,0.00124198471072305,0.00274818952284002,0.465657681705816,25,3276,1,"1","diploid","female"
"74","0","0","0","0",-0.904919922351837,2932.15258789062,"map_3276_1_2",5,70,300,20,5,3.90856903453658,0.1,15.9142962998835,0.132237548424779,4.69419322162148,112,0.2,2,63.7896067533778,21.8327116443469,0.00387166454945923,0.0190631172540816,0.45630206987964,25,3276,1,"2","diploid","female"
"75","0","0","0","0",-0.904919922351837,2932.15258789062,"map_3276_1_3",5,70,300,20,5,2.54461213191948,0.1,6.58850736909259,0.024889463481538,2.78158634966027,76,0.2,2,63.7896067533778,21.8327116443469,9.4216334358481e-05,5.25083997581857e-07,1.14978220398085,25,3276,1,"3","diploid","female"
"76","0","0","0","0",-0.851982116699219,2953.86767578125,"map_3277_1_1",5,70,300,20,5,1.58860191476068,0.1,12.2553122371371,0.126420486997644,5.34566665289957,37,0.2,2,62.9729300931443,21.5863007939403,0.00191647636761656,0.00322369976165208,0.540287814165085,26,3277,1,"1","diploid","female"
"77","0","0","0","0",-0.851982116699219,2953.86767578125,"map_3277_1_2",5,70,300,20,5,4.46948882245278,0.1,18.8883882327955,0.322883498685657,2.07112914758749,148,0.2,2,62.9729300931443,21.5863007939403,0.0115691556744497,0.042487366772024,0.23048257829889,26,3277,1,"2","diploid","female"
"78","0","0","0","0",-0.851982116699219,2953.86767578125,"map_3277_1_3",5,70,300,20,5,1.6744490849183,0.1,6.89844503698752,0.020766366814298,2.83781640061242,73,0.2,2,62.9729300931443,21.5863007939403,8.67074599948047e-05,5.4056286490097e-07,1.2276101755828,26,3277,1,"3","diploid","female"
"79","0","0","0","0",-0.233471482992172,2951.47045898438,"map_3486_1_1",5,70,300,20,5,4.35901743100752,0.1,12.3364762634632,0.236296473361059,5.43213681319982,41,0.2,2,72.8402597072513,21.6410228733473,0.00347503223759723,0.00449091075995151,0.393072242606942,27,3486,1,"1","diploid","female"
"80","0","0","0","0",-0.233471482992172,2951.47045898438,"map_3486_1_2",5,70,300,20,5,4.3385164006856,0.1,8.70169267940448,0.306111920929853,5.51789461705101,74,0.2,2,72.8402597072513,21.6410228733473,0.0022966608654713,0.00236392345227682,0.382315732498156,27,3486,1,"2","diploid","female"
"81","0","0","0","0",-0.233471482992172,2951.47045898438,"map_3486_1_3",5,70,300,20,5,4.68811701236411,0.1,6.98786459209548,0.108654821524997,6.07450372521361,58,0.2,2,72.8402597072513,21.6410228733473,0.00044174278598933,2.09358972354049e-05,0.763979858908789,27,3486,1,"3","diploid","female"
"82","0","0","0","0",-0.592703223228455,2939.67944335938,"map_3590_1_1",5,70,300,20,5,3.36351478849812,0.1,7.93091965600135,0.514289868713131,6.2593606937147,21,0.2,2,71.0296828881451,21.6016064640691,0.00349250322573367,0.00405796078961009,0.503819321797526,28,3590,1,"1","diploid","female"
"83","0","0","0","0",-0.592703223228455,2939.67944335938,"map_3590_1_2",5,70,300,20,5,3.34967371295836,0.1,9.10440207580443,1.01412770430642,1.93323152426345,112,0.2,2,71.0296828881451,21.6016064640691,0.0104968131300653,0.0257634855438175,0.444312331580521,28,3590,1,"2","diploid","female"
"84","0","0","0","0",-0.592703223228455,2939.67944335938,"map_3590_1_3",5,70,300,20,5,3.90319324843926,0.1,8.02606433270515,0.0422407612655437,3.20497099308975,4,0.2,2,71.0296828881451,21.6016064640691,0.000234363021636108,3.48550313575863e-06,1.471764274278,28,3590,1,"3","diploid","female"
"85","0","0","0","0",-0.353633195161819,2973.78076171875,"map_3591_1_1",5,70,300,20,5,4.10659831226499,0.1,12.680739156882,0.135181870514112,6.78841185213549,14,0.2,2,70.7213663595459,21.6386153346808,0.00203289468594786,0.00279222413966742,0.257790879407403,29,3591,1,"1","diploid","female"
"86","0","0","0","0",-0.353633195161819,2973.78076171875,"map_3591_1_2",5,70,300,20,5,4.22234198592108,0.1,10.7493486208594,0.228936008729009,3.87884942409482,37,0.2,2,70.7213663595459,21.6386153346808,0.00239076562854876,0.0022519768254544,0.241177557147759,29,3591,1,"2","diploid","female"
"87","0","0","0","0",-0.353633195161819,2973.78076171875,"map_3591_1_3",5,70,300,20,5,4.7224683811999,0.1,8.80561975050839,0.0439076265765516,7.77243065096289,12,0.2,2,70.7213663595459,21.6386153346808,0.000293758693848121,3.45452199381321e-06,0.545517310443802,29,3591,1,"3","diploid","female"
"88","0","0","0","0",-0.329372704029083,3016.84985351562,"map_3592_1_1",5,70,300,20,5,4.94904163639952,0.1,6.79308983431021,0.197360916429866,10.2139010966155,25,0.2,2,74.1234686683579,20.9858967558226,0.000989319067432751,0.0010669406638914,0.433999357294912,30,3592,1,"1","diploid","female"
"89","0","0","0","0",-0.329372704029083,3016.84985351562,"map_3592_1_2",5,70,300,20,5,4.38274301091606,0.1,9.06240176229258,0.297090944109691,8.42751988068659,51,0.2,2,74.1234686683579,20.9858967558226,0.00349552194945231,0.0114360716747274,0.386734144649609,30,3592,1,"2","diploid","female"
"90","0","0","0","0",-0.329372704029083,3016.84985351562,"map_3592_1_3",5,70,300,20,5,5.81793190531353,0.1,6.38482578548981,0.0900642324706946,7.53723811266422,141,0.2,2,74.1234686683579,20.9858967558226,0.000344742024262049,3.46123051025974e-05,0.54247259413387,30,3592,1,"3","diploid","female"
"91","0","0","0","0",-0.752954065799713,3046.1005859375,"map_3593_1_1",5,70,300,20,5,4.09613207311955,0.1,11.4377201814049,0.108059888613253,7.6770251327365,33,0.2,2,92.1847380641291,21.0252533613777,0.00146342756282669,0.00272131018151183,0.32774068788201,31,3593,1,"1","diploid","female"
"92","0","0","0","0",-0.752954065799713,3046.1005859375,"map_3593_1_2",5,70,300,20,5,5.87724439685161,0.1,20.881993141243,0.188075575212295,6.27323109303188,113,0.2,2,92.1847380641291,21.0252533613777,0.00899655501374715,0.048853330165788,0.221465374107006,31,3593,1,"2","diploid","female"
"93","0","0","0","0",-0.752954065799713,3046.1005859375,"map_3593_1_3",5,70,300,20,5,4.06117553306956,0.1,8.02783693277806,0.0315661696816593,6.72166718689054,69,0.2,2,92.1847380641291,21.0252533613777,0.000181512364138728,1.22808076871975e-05,0.739820312408609,31,3593,1,"3","diploid","female"
"94","0","0","0","0",-0.472372323274612,2957.31176757812,"map_3695_1_1",5,70,300,20,5,3.75091251291698,0.1,9.74558806123821,0.325019758951291,4.7300924582425,12,0.2,2,72.0212955791689,21.6232266135654,0.0031801509503607,0.0034695620051425,0.61230421927038,32,3695,1,"1","diploid","female"
"95","0","0","0","0",-0.472372323274612,2957.31176757812,"map_3695_1_2",5,70,300,20,5,5.80310615725757,0.1,8.56023523805535,0.644248347248939,1.89113219438731,46,0.2,2,72.0212955791689,21.6232266135654,0.00425328214113922,0.00273341658415549,0.492774771096228,32,3695,1,"2","diploid","female"
"96","0","0","0","0",-0.472372323274612,2957.31176757812,"map_3695_1_3",5,70,300,20,5,3.4006946054222,0.1,7.88232455378205,0.0300470671737526,4.41516193918138,7,0.2,2,72.0212955791689,21.6232266135654,0.000158643203568033,4.53953735891897e-06,0.925715759204406,32,3695,1,"3","diploid","female"
"97","0","0","0","0",-0.812907218933105,2984.13989257812,"map_3696_1_1",5,70,300,20,5,3.49757488299681,0.1,6.62050800217304,0.25342136701263,6.73195865581761,7,0.2,2,74.1863737233057,20.9794460288182,0.00114760257200593,0.00101497498177319,0.453433623508214,33,3696,1,"1","diploid","female"
"98","0","0","0","0",-0.812907218933105,2984.13989257812,"map_3696_1_2",5,70,300,20,5,4.63589030686337,0.1,14.0566720612622,0.464809014074198,1.71295047279243,11,0.2,2,74.1863737233057,20.9794460288182,0.0103602242900801,0.0378701324453649,0.266545958328919,33,3696,1,"2","diploid","female"
"99","0","0","0","0",-0.812907218933105,2984.13989257812,"map_3696_1_3",5,70,300,20,5,3.59070271681968,0.1,5.34308829902832,0.153427151408841,3.10700656279742,2,0.2,2,74.1863737233057,20.9794460288182,0.000360487126794733,1.26893810297257e-06,1.00075832533732,33,3696,1,"3","diploid","female"
"100","0","0","0","0",-0.861461460590363,3170.83911132812,"map_3701_1_1",5,70,300,20,5,5.03653866933425,0.1,11.9866052857835,0.295397150997352,9.53237903583443,80,0.2,2,167.727573851018,19.9083814473115,0.00481017682396046,0.0104251061038058,0.204156569700269,34,3701,1,"1","diploid","female"
"101","0","0","0","0",-0.861461460590363,3170.83911132812,"map_3701_1_2",5,70,300,20,5,3.92112519631135,0.1,14.9357877985003,0.430301914860983,3.9190328115827,99,0.2,2,167.727573851018,19.9083814473115,0.0113893542073368,0.0373050888697041,0.216199910922688,34,3701,1,"2","diploid","female"
"102","0","0","0","0",-0.861461460590363,3170.83911132812,"map_3701_1_3",5,70,300,20,5,4.89929167743237,0.1,8.67658769100319,0.0248657111361356,2.93598726445992,42,0.2,2,167.727573851018,19.9083814473115,0.000175686564578917,9.45766266448958e-06,0.796678195130486,34,3701,1,"3","diploid","female"
"103","0","0","0","0",-0.904599010944366,3197.70434570312,"map_3702_1_1",5,70,300,20,5,6.21516253274247,0.1,13.5846165035398,0.222607069434418,8.12025544894656,55,0.2,2,159.693643196081,18.7286904145977,0.00454994983678178,0.0122756744095203,0.172294479210228,35,3702,1,"1","diploid","female"
"104","0","0","0","0",-0.904599010944366,3197.70434570312,"map_3702_1_2",5,70,300,20,5,3.43194403548275,0.1,18.1886157969786,0.360752686326249,2.72810030830182,90,0.2,2,159.693643196081,18.7286904145977,0.0124557505236827,0.0417782585358946,0.100236177111225,35,3702,1,"2","diploid","female"
"105","0","0","0","0",-0.904599010944366,3197.70434570312,"map_3702_1_3",5,70,300,20,5,5.51698489525658,0.1,7.68313681915033,0.00262680457523832,0.706109279793281,28,0.2,2,159.693643196081,18.7286904145977,1.3979432500925e-05,3.48090929431907e-06,0.714919998231656,35,3702,1,"3","diploid","female"
"106","0","0","0","0",-0.890967667102814,3228.64868164062,"map_3703_1_1",5,70,300,20,5,5.09287881952803,0.1,8.25493119998749,0.437054449999108,12.9813144108438,17,0.2,2,153.898534096753,18.7389595204942,0.00364258530849768,0.00680651086502132,0.256494516579684,36,3703,1,"1","diploid","female"
"107","0","0","0","0",-0.890967667102814,3228.64868164062,"map_3703_1_2",5,70,300,20,5,8.02171985246163,0.1,9.59932619752104,0.577627033894026,6.3942407478257,23,0.2,2,153.898534096753,18.7389595204942,0.00751238220517206,0.021918898407381,0.30124811275591,36,3703,1,"2","diploid","female"
"108","0","0","0","0",-0.890967667102814,3228.64868164062,"map_3703_1_3",5,70,300,20,5,3.17788453324375,0.1,7.96256766363337,0.00723096090793118,0.6116081217864,48,0.2,2,153.898534096753,18.7389595204942,3.8615373519142e-05,1.31906251318014e-07,0.891414131890222,36,3703,1,"3","diploid","female"
"109","0","0","0","0",-0.920718967914581,3252.97436523438,"map_3704_1_1",5,70,300,20,5,6.07859741139471,0.1,10.8414744216308,0.43241350572682,5.64803808402217,9,0.2,2,157.534773741054,18.7422075810227,0.00551231730149831,0.0117836228040063,0.204287745630245,37,3704,1,"1","diploid","female"
"110","0","0","0","0",-0.920718967914581,3252.97436523438,"map_3704_1_2",5,70,300,20,5,3.46418171607046,0.1,10.4086094307741,0.700559801425483,0.964962848874878,12,0.2,2,157.534773741054,18.7422075810227,0.00851545383007887,0.0193154206246978,0.23200620448303,37,3704,1,"2","diploid","female"
"111","0","0","0","0",-0.920718967914581,3252.97436523438,"map_3704_1_3",5,70,300,20,5,0,0.1,6.62293915901609,0.00691988482236758,0.222532669248667,2,0.2,2,157.534773741054,18.7422075810227,2.60247517636099e-05,6.36974107707889e-08,0.148989474892112,37,3704,1,"3","diploid","female"
"112","0","0","0","0",-0.0775306895375252,3080.07177734375,"map_3791_1_1",5,70,300,20,5,7.57989389667387,0.1,8.72318540949757,0.0929399534059051,12.7107518863974,15,0.2,2,79.7283365496765,20.1113273424168,0.000660939217605366,0.00028907141410404,0.377434185994272,38,3791,1,"1","diploid","female"
"113","0","0","0","0",-0.0775306895375252,3080.07177734375,"map_3791_1_2",5,70,300,20,5,5.31352776184846,0.1,13.1176643696505,0.125456753713158,7.93532106338649,33,0.2,2,79.7283365496765,20.1113273424168,0.00233973787581313,0.00599983418628811,0.431633482016885,38,3791,1,"2","diploid","female"
"114","0","0","0","0",-0.0775306895375252,3080.07177734375,"map_3791_1_3",5,70,300,20,5,8.07535407446347,0.1,7.60355497411157,0.0252288900235663,9.02571626348685,66,0.2,2,79.7283365496765,20.1113273424168,0.000126730415403405,9.58355750439267e-06,0.71153121333738,38,3791,1,"3","diploid","female"
"115","0","0","0","0",-0.150173261761665,2992.1298828125,"map_3792_1_1",5,70,300,20,5,3.54000406675668,0.1,9.40292223746976,0.189585628991575,9.53451182457565,22,0.2,2,82.2325029594954,20.0757691656896,0.00155025354062593,0.00119534691430975,0.420164580800675,39,3792,1,"1","diploid","female"
"116","0","0","0","0",-0.150173261761665,2992.1298828125,"map_3792_1_2",5,70,300,20,5,6.38859856387032,0.1,11.5427886509793,0.544300150430421,2.78873118051768,108,0.2,2,82.2325029594954,20.0757691656896,0.00880464707726639,0.0352261369962972,0.32083408673572,39,3792,1,"2","diploid","female"
"117","0","0","0","0",-0.150173261761665,2992.1298828125,"map_3792_1_3",5,70,300,20,5,3.13914584172333,0.1,8.33496561784255,0.0245289985193296,6.7766948372444,33,0.2,2,82.2325029594954,20.0757691656896,0.000149717450828652,1.72528303926786e-05,0.747339518788107,39,3792,1,"3","diploid","female"
"118","0","0","0","0",-0.884571433067322,2956.37036132812,"map_3800_1_1",5,70,300,20,5,3.24013903171692,0.1,8.53905905189129,0.221940557017121,5.5080137254275,4,0.2,2,69.7824196641231,21.0599975438081,0.0015870744264934,0.00100469977736227,0.422253811343499,40,3800,1,"1","diploid","female"
"119","0","0","0","0",-0.884571433067322,2956.37036132812,"map_3800_1_2",5,70,300,20,5,4.16624245246431,0.1,14.6540051495312,0.403150621438242,1.66787721642409,6,0.2,2,69.7824196641231,21.0599975438081,0.00975114742835826,0.0233804216768396,0.16622675818594,40,3800,1,"2","diploid","female"
"120","0","0","0","0",-0.884571433067322,2956.37036132812,"map_3800_1_3",5,70,300,20,5,3.26641656111778,0.1,6.27712622331503,0.0561637336435828,3.43824421062861,2,0.2,2,69.7824196641231,21.0599975438081,0.000181811201561586,3.81104501961224e-07,1.00057683209034,40,3800,1,"3","diploid","female"
"121","0","0","0","0",-0.945974707603455,2965.47583007812,"map_3801_1_1",5,70,300,20,5,3.21530442348707,0.1,10.7700802048305,0.1345787984503,5.13339847840648,31,0.2,2,89.1937246100847,21.032174724017,0.00160239162508577,0.00313557453908544,0.599907445814063,41,3801,1,"1","diploid","female"
"122","0","0","0","0",-0.945974707603455,2965.47583007812,"map_3801_1_2",5,70,300,20,5,2.78750522528672,0.1,15.7421297650617,0.4697714183253,2.12940650605166,85,0.2,2,89.1937246100847,21.032174724017,0.0141735474099181,0.0833888829534189,0.472291551638722,41,3801,1,"2","diploid","female"
"123","0","0","0","0",-0.945974707603455,2965.47583007812,"map_3801_1_3",5,70,300,20,5,4.12338969105437,0.1,7.53557695561845,0.0125388472764943,3.06254672757883,21,0.2,2,89.1937246100847,21.032174724017,6.06602439921011e-05,8.9497538024715e-07,1.06840694547547,41,3801,1,"3","diploid","female"
"124","0","0","0","0",-0.835117936134338,3066.89721679688,"map_3804_1_1",5,70,300,20,5,4.66758294319602,0.1,8.16055378461258,0.152859830841901,8.05296453617835,5,0.2,2,87.8710293944096,19.9822496802836,0.000905655816187046,0.000170834528656261,0.373376256638494,42,3804,1,"1","diploid","female"
"125","0","0","0","0",-0.835117936134338,3066.89721679688,"map_3804_1_2",5,70,300,20,5,3.24015199314673,0.1,15.0573597827959,0.275526159328884,4.80840032292158,11,0.2,2,87.8710293944096,19.9822496802836,0.00692368451731562,0.0217213279240576,0.21816584489437,42,3804,1,"2","diploid","female"
"126","0","0","0","0",-0.835117936134338,3066.89721679688,"map_3804_1_3",5,70,300,20,5,5.95391629961157,0.1,7.10128962733111,0.0263681430568479,4.22222284448745,4,0.2,2,87.8710293944096,19.9822496802836,0.000109871905261623,1.57917495492103e-07,0.785820764009314,42,3804,1,"3","diploid","female"
"127","0","0","0","0",-0.911488592624664,3109.03979492188,"map_3805_1_1",5,70,300,20,5,7.01947440137294,0.1,11.4670649441848,0.223039518618652,10.2690351254547,69,0.2,2,158.707259130636,19.9653415986206,0.0035241101050573,0.0116181576602078,0.307553691756748,43,3805,1,"1","diploid","female"
"128","0","0","0","0",-0.911488592624664,3109.03979492188,"map_3805_1_2",5,70,300,20,5,8.14363860345486,0.1,21.3578313260865,0.32747896909596,5.35572027707509,89,0.2,2,158.707259130636,19.9653415986206,0.0164794133595407,0.0983058248797599,0.12977421972953,43,3805,1,"2","diploid","female"
"129","0","0","0","0",-0.911488592624664,3109.03979492188,"map_3805_1_3",5,70,300,20,5,5.73021165891003,0.1,9.10201214272651,0.0268369248907325,3.62953665154188,46,0.2,2,158.707259130636,19.9653415986206,0.000192661180947149,2.4595095280604e-05,0.841185326400167,43,3805,1,"3","diploid","female"
"130","0","0","0","0",-0.972898662090302,3131.078125,"map_3806_1_1",5,70,300,20,5,5.89878077662127,0.1,10.0020003395979,0.297536086361724,11.4443849365878,6,0.2,2,156.330917827315,18.7373072454172,0.00346964872899957,0.00897848568444856,0.255677032452485,44,3806,1,"1","diploid","female"
"131","0","0","0","0",-0.972898662090302,3131.078125,"map_3806_1_2",5,70,300,20,5,3.11531922238359,0.1,19.1675277525895,0.417885389222781,4.32940560032349,12,0.2,2,156.330917827315,18.7373072454172,0.0188678672002289,0.0963925271460983,0.116650625514087,44,3806,1,"2","diploid","female"
"132","0","0","0","0",-0.972898662090302,3131.078125,"map_3806_1_3",5,70,300,20,5,0,0.1,8.06959862809954,0.00166216371586821,0.167504421621586,3,0.2,2,156.330917827315,18.7373072454172,1.01045029743616e-05,1.18171208767437e-06,0.718782419033416,44,3806,1,"3","diploid","female"
"133","0","0","0","0",-0.936655461788177,3156.57373046875,"map_3807_1_1",5,70,300,20,5,8.94407779249809,0.1,11.0580946166325,0.310956496514882,12.0886058054211,71,0.2,2,160.27482057489,18.7369185455086,0.00394198713482036,0.00549446184784961,0.213640774007053,45,3807,1,"1","diploid","female"
"134","0","0","0","0",-0.936655461788177,3156.57373046875,"map_3807_1_2",5,70,300,20,5,7.44299888746789,0.1,17.7171967676423,0.517934745613615,2.39587022385826,252,0.2,2,160.27482057489,18.7369185455086,0.0155496211538429,0.0412771317150811,0.0368717473164336,45,3807,1,"2","diploid","female"
"135","0","0","0","0",-0.936655461788177,3156.57373046875,"map_3807_1_3",5,70,300,20,5,0,0.1,8.86321897331169,0.00609370694741121,0.414356628126621,60,0.2,2,160.27482057489,18.7369185455086,4.07692325036121e-05,1.80480233400024e-06,0.541703124221582,45,3807,1,"3","diploid","female"
"136","0","0","0","0",-0.941332876682281,3183.19653320312,"map_3808_1_1",5,70,300,20,5,8.92868299158127,0.1,11.4141160251893,0.215784689457592,8.9681451594636,53,0.2,2,163.327759118571,18.7195541892997,0.00312450562273962,0.00721971175706064,0.261167080114383,46,3808,1,"1","diploid","female"
"137","0","0","0","0",-0.941332876682281,3183.19653320312,"map_3808_1_2",5,70,300,20,5,7.57129497478127,0.1,16.7515158344261,0.32961824493139,3.88393211713601,87,0.2,2,163.327759118571,18.7195541892997,0.0108443660248318,0.0482208575302436,0.16223196906591,46,3808,1,"2","diploid","female"
"138","0","0","0","0",-0.941332876682281,3183.19653320312,"map_3808_1_3",5,70,300,20,5,0,0.1,7.73676577778178,0.0021433174446336,0.632570603480569,28,0.2,2,163.327759118571,18.7195541892997,1.14901891348563e-05,1.306782796e-06,0.704402772896733,46,3808,1,"3","diploid","female"
"139","0","0","0","0",-0.667052984237671,3222.68359375,"map_3810_1_1",5,70,300,20,5,6.7218854132793,0.1,10.6115337175054,0.424922037345726,8.7846197122745,30,0.2,2,153.527805379063,19.0200282991395,0.00546627665215747,0.011327805338095,0.20604901573502,47,3810,1,"1","diploid","female"
"140","0","0","0","0",-0.667052984237671,3222.68359375,"map_3810_1_2",5,70,300,20,5,4.01754991284944,0.1,11.303677385412,0.602563515746924,1.85172299869709,43,0.2,2,153.527805379063,19.0200282991395,0.00877332957330724,0.0210340083090023,0.228709680148172,47,3810,1,"2","diploid","female"
"141","0","0","0","0",-0.667052984237671,3222.68359375,"map_3810_1_3",5,70,300,20,5,5.25840856228773,0.1,5.81989050824521,0.225504745598836,4.85757378523282,4,0.2,2,153.527805379063,19.0200282991395,0.00067985215193498,1.8991003845773e-05,0.782791322495447,47,3810,1,"3","diploid","female"
"142","0","0","0","0",-0.846039652824402,3245.07275390625,"map_3812_1_1",5,70,300,20,5,3.75238996549553,0.1,12.2912799296983,0.245821019787707,7.07562963448525,33,0.2,2,142.485432520261,19.005761403182,0.00442187302205422,0.015548563649092,0.243165479664065,48,3812,1,"1","diploid","female"
"143","0","0","0","0",-0.846039652824402,3245.07275390625,"map_3812_1_2",5,70,300,20,5,6.293369112532,0.1,12.8556345020199,0.306530478717372,3.25583094907367,59,0.2,2,142.485432520261,19.005761403182,0.00619663447092371,0.02361239083085,0.318007471366013,48,3812,1,"2","diploid","female"
"144","0","0","0","0",-0.846039652824402,3245.07275390625,"map_3812_1_3",5,70,300,20,5,2.32638813905127,0.1,5.6159405341336,0.00909186114480841,0.510193077235291,31,0.2,2,142.485432520261,19.005761403182,2.41449680160885e-05,1.85074771230709e-07,0.327684905876574,48,3812,1,"3","diploid","female"
"145","0","0","0","0",0.192412167787552,2994.11791992188,"map_3896_1_1",5,70,300,20,5,8.56938395444871,0.1,10.5054609574628,0.148306849964041,12.6113083934179,20,0.2,2,105.533850090052,20.1909275593552,0.00180594523559682,0.00440331361690065,0.29903091237603,49,3896,1,"1","diploid","female"
"146","0","0","0","0",0.192412167787552,2994.11791992188,"map_3896_1_2",5,70,300,20,5,5.71636589873737,0.1,15.7914491952525,0.272057675633117,6.2475307603021,70,0.2,2,105.533850090052,20.1909275593552,0.00872070601007092,0.0408348969882375,0.187842295438716,49,3896,1,"2","diploid","female"
"147","0","0","0","0",0.192412167787552,2994.11791992188,"map_3896_1_3",5,70,300,20,5,8.2686450232921,0.1,9.23354145759324,0.057561522499784,12.6178043553029,110,0.2,2,105.533850090052,20.1909275593552,0.000485345725129833,0.000636876965910997,0.465319865505631,49,3896,1,"3","diploid","female"
"148","0","0","0","0",-0.92236864566803,2925.67700195312,"map_3904_1_1",5,70,300,20,5,2.49615067675154,0.1,6.7878360643752,0.287003551273715,4.4220085424306,16,0.2,2,30.6929367743061,21.6951922525467,0.00127990451704136,0.000521417623955562,0.375556083871964,50,3904,1,"1","diploid","female"
"149","0","0","0","0",-0.92236864566803,2925.67700195312,"map_3904_1_2",5,70,300,20,5,2.51120869568244,0.1,8.04002594654062,0.455523609468308,2.46527087819685,30,0.2,2,30.6929367743061,21.6951922525467,0.00309248439041505,0.00175316522063823,0.290606905398105,50,3904,1,"2","diploid","female"
"150","0","0","0","0",-0.92236864566803,2925.67700195312,"map_3904_1_3",5,70,300,20,5,3.28883347134538,0.1,5.35399672810964,0.0547996834316953,1.88494924774216,5,0.2,2,30.6929367743061,21.6951922525467,0.000129520699572876,6.23908582883241e-09,1.18872265428331,50,3904,1,"3","diploid","female"
"151","0","0","0","0",-0.920646369457245,2933.58349609375,"map_3906_1_1",5,70,300,20,5,2.51781014657137,0.1,10.3325775928915,0.0940869899921262,4.07840855560573,11,0.2,2,31.0036498389371,21.6491479208303,0.000948253616343973,0.000493260719675242,0.50611504540435,51,3906,1,"1","diploid","female"
"152","0","0","0","0",-0.920646369457245,2933.58349609375,"map_3906_1_2",5,70,300,20,5,2.54987675723752,0.1,11.2617495056276,0.38232315364963,1.52505130516483,71,0.2,2,31.0036498389371,21.6491479208303,0.00479502028785253,0.00489521434817952,0.38812989734769,51,3906,1,"2","diploid","female"
"153","0","0","0","0",-0.920646369457245,2933.58349609375,"map_3906_1_3",5,70,300,20,5,3.41543957030288,0.1,7.2412762060459,0.011318705584568,2.36393003468712,9,0.2,2,31.0036498389371,21.6491479208303,4.98490812889091e-05,1.87232208791776e-08,1.45105788587612,51,3906,1,"3","diploid","female"
"154","0","0","0","0",-0.806814908981323,2960.16333007812,"map_3907_1_1",5,70,300,20,5,2.4218072700875,0.1,5.64966165984654,0.462416384862634,5.88189917291045,6,0.2,2,28.8615006521295,21.291999426131,0.00129467008367321,7.39659181041879e-05,0.554161738829888,52,3907,1,"1","diploid","female"
"155","0","0","0","0",-0.806814908981323,2960.16333007812,"map_3907_1_2",5,70,300,20,5,3.2578255503703,0.1,7.64525890925101,0.699181647627472,1.97595557254189,8,0.2,2,28.8615006521295,21.291999426131,0.00405090901032855,0.00181501571166014,0.340720580250488,52,3907,1,"2","diploid","female"
"156","0","0","0","0",-0.806814908981323,2960.16333007812,"map_3907_1_3",5,70,300,20,5,2.77662742573755,0.1,5.14712509888269,0.235315392695462,2.91479746041315,2,0.2,2,28.8615006521295,21.291999426131,0.000495779668419445,6.58837754428174e-09,1.31374724357327,52,3907,1,"3","diploid","female"
"157","0","0","0","0",-0.905501186847687,2995.88720703125,"map_3908_1_1",5,70,300,20,5,2.34128637063554,0.1,6.84480443874828,0.157207894434377,5.56209765220097,15,0.2,2,27.6116776119831,21.3104479326098,0.000662668392286837,4.3464000276755e-05,0.760834991319524,53,3908,1,"1","diploid","female"
"158","0","0","0","0",-0.905501186847687,2995.88720703125,"map_3908_1_2",5,70,300,20,5,3.29977430323932,0.1,9.76428862419771,0.424760374708973,2.04528688525022,41,0.2,2,27.6116776119831,21.3104479326098,0.00390258146956279,0.00343167314894228,0.469724533044024,53,3908,1,"2","diploid","female"
"159","0","0","0","0",-0.905501186847687,2995.88720703125,"map_3908_1_3",5,70,300,20,5,2.87806214993101,0.1,5.44291833626165,0.0503410191403574,2.73937144884814,14,0.2,2,27.6116776119831,21.3104479326098,0.000123160722359767,4.53104734412726e-09,1.48836295221822,53,3908,1,"3","diploid","female"
"160","0","0","0","0",-0.956486403942108,3022.45092773438,"map_3909_1_1",5,70,300,20,5,1.3792280321737,0.1,6.17947113489698,0.364410517658203,4.57672206955553,29,0.2,2,34.6873809934851,21.2932131335321,0.00117374915121833,4.48895398490571e-05,0.703126913844582,54,3909,1,"1","diploid","female"
"161","0","0","0","0",-0.956486403942108,3022.45092773438,"map_3909_1_2",5,70,300,20,5,3.73430515518338,0.1,5.80180437286267,1.21037983846545,3.61094200869621,29,0.2,2,34.6873809934851,21.2932131335321,0.00373856481697264,0.00137964130296426,1.15363788962993,54,3909,1,"2","diploid","female"
"162","0","0","0","0",-0.956486403942108,3022.45092773438,"map_3909_1_3",5,70,300,20,5,1.6739680454129,0.1,6.0313700858645,0.0785936798850756,3.97842660162495,20,0.2,2,34.6873809934851,21.2932131335321,0.00022944478431317,4.15247160635133e-09,0.888287677927033,54,3909,1,"3","diploid","female"
"163","0","0","0","0",-0.952602863311768,3047.53247070312,"map_3910_1_1",5,70,300,20,5,3.40664350215545,0.1,5.66386797381185,0.247997671621256,5.89400835215998,4,0.2,2,35.9059965460007,20.7562617896535,0.000674539759923586,1.06496809823643e-05,0.544632493488912,55,3910,1,"1","diploid","female"
"164","0","0","0","0",-0.952602863311768,3047.53247070312,"map_3910_1_2",5,70,300,20,5,2.8736689315253,0.1,6.10256547946621,0.391251452737706,5.41184776794314,4,0.2,2,35.9059965460007,20.7562617896535,0.00145549850004059,0.000952044146041479,0.629573866041035,55,3910,1,"2","diploid","female"
"165","0","0","0","0",-0.952602863311768,3047.53247070312,"map_3910_1_3",5,70,300,20,5,5.02754397401779,0.1,5.33042828420087,0.134724925934022,3.66898821820917,2,0.2,2,35.9059965460007,20.7562617896535,0.000308352285480276,1.15975327096958e-08,0.928031371053883,55,3910,1,"3","diploid","female"
"166","0","0","0","0",-0.944451749324799,3072.35961914062,"map_3911_1_1",5,70,300,20,5,1.61911562872626,0.1,8.19253260757512,0.0930346745881124,4.83120208542305,9,0.2,2,32.1830511639681,20.7545652273353,0.000514087582179325,1.51763759185402e-05,0.831680146367213,56,3911,1,"1","diploid","female"
"167","0","0","0","0",-0.944451749324799,3072.35961914062,"map_3911_1_2",5,70,300,20,5,3.84842835398327,0.1,7.1135348307386,0.930665681926166,1.85446893965469,147,0.2,2,32.1830511639681,20.7545652273353,0.00428884144799912,0.00130839830817969,0.885602773852881,56,3911,1,"2","diploid","female"
"168","0","0","0","0",-0.944451749324799,3072.35961914062,"map_3911_1_3",5,70,300,20,5,1.91754017204924,0.1,6.83450192088283,0.00822025203309527,3.40838467244237,9,0.2,2,32.1830511639681,20.7545652273353,3.19848620911582e-05,6.61790155876147e-09,1.38637031632411,56,3911,1,"3","diploid","female"
"169","0","0","0","0",-0.916541457176208,3101.38598632812,"map_3912_1_1",5,70,300,20,5,3.58709780210193,0.1,5.86126178767357,0.167166095186734,5.43129674377105,13,0.2,2,32.6899407725794,20.7588321151395,0.000507852049323778,1.21713241306361e-05,0.548011546104488,57,3912,1,"1","diploid","female"
"170","0","0","0","0",-0.916541457176208,3101.38598632812,"map_3912_1_2",5,70,300,20,5,3.17819725102842,0.1,7.93247286043784,0.194804036815512,3.58730080759887,16,0.2,2,32.6899407725794,20.7588321151395,0.00122808264958706,0.000333799162355755,0.533544509850761,57,3912,1,"2","diploid","female"
"171","0","0","0","0",-0.916541457176208,3101.38598632812,"map_3912_1_3",5,70,300,20,5,4.99838821866158,0.1,5.37040267698843,0.0454365217561174,3.43208718947016,12,0.2,2,32.6899407725794,20.7588321151395,0.000107671945052039,7.6186567920016e-09,1.06035019641253,57,3912,1,"3","diploid","female"
"172","0","0","0","0",-0.862296938896179,3138.79345703125,"map_3913_1_1",5,70,300,20,5,2.23335752789405,0.1,6.51489568378922,0.310293169465805,8.58346856734476,6,0.2,2,59.6639077940652,20.359727993624,0.00121719386098296,0.000134301298356732,0.439196912085576,58,3913,1,"1","diploid","female"
"173","0","0","0","0",-0.862296938896179,3138.79345703125,"map_3913_1_2",5,70,300,20,5,4.9640337496708,0.1,7.64664950220409,0.428605086689396,5.21077158367997,5,0.2,2,59.6639077940652,20.359727993624,0.00246093259096122,0.000868909832023972,0.477807418431403,58,3913,1,"2","diploid","female"
"174","0","0","0","0",-0.862296938896179,3138.79345703125,"map_3913_1_3",5,70,300,20,5,2.2218929794971,0.1,5.53858494704902,0.187606911360402,6.32879637016785,3,0.2,2,59.6639077940652,20.359727993624,0.000477275416219244,3.82193523951021e-07,0.832849011229135,58,3913,1,"3","diploid","female"
"175","0","0","0","0",-0.8231081366539,3154.34497070312,"map_3914_1_1",5,70,300,20,5,4.01174048595209,0.1,7.06462279604022,0.249632086411168,7.18571774951705,24,0.2,2,62.8283324732733,20.3432329733374,0.00112695987901724,0.000295598153410723,0.508437200665371,59,3914,1,"1","diploid","female"
"176","0","0","0","0",-0.8231081366539,3154.34497070312,"map_3914_1_2",5,70,300,20,5,4.86827980693871,0.1,6.85247983270852,0.442656780459898,5.41995912099719,44,0.2,2,62.8283324732733,20.3432329733374,0.00202735650583247,0.00138683510997093,0.737525863224613,59,3914,1,"2","diploid","female"
"177","0","0","0","0",-0.8231081366539,3154.34497070312,"map_3914_1_3",5,70,300,20,5,3.79866738059704,0.1,6.57996437952411,0.0518140796550554,5.69038606644874,28,0.2,2,62.8283324732733,20.3432329733374,0.000182612226525601,1.1800281349589e-07,0.855063088424201,59,3914,1,"3","diploid","female"
"178","0","0","0","0",-0.59453821182251,3222.84765625,"map_3919_1_1",5,70,300,20,5,5.83367018489722,0.1,13.4837922166243,0.31027790162401,9.09003636855461,90,0.2,2,142.749524861079,20.1515688320595,0.0069223288903993,0.0243543891404908,0.16508276282386,60,3919,1,"1","diploid","female"
"179","0","0","0","0",-0.59453821182251,3222.84765625,"map_3919_1_2",5,70,300,20,5,4.79381269968061,0.1,13.0866747991248,0.299308227076797,6.49253923209816,82,0.2,2,142.749524861079,20.1515688320595,0.00611916660934322,0.0186744966010734,0.242901870530515,60,3919,1,"2","diploid","female"
"180","0","0","0","0",-0.59453821182251,3222.84765625,"map_3919_1_3",5,70,300,20,5,4.37991820859439,0.1,6.79042236939199,0.178777525149874,8.42010847616328,67,0.2,2,142.749524861079,20.1515688320595,0.00076042607773507,0.000125925988062346,0.473196187234712,60,3919,1,"3","diploid","female"
"181","0","0","0","0",-0.865955233573914,3249.96875,"map_3920_1_1",5,70,300,20,5,6.12109689900653,0.1,16.2904670429266,0.365149862204187,4.76411414530919,66,0.2,2,149.028862278327,20.1567869788389,0.0107978336540136,0.0413678008806557,0.105962406471981,61,3920,1,"1","diploid","female"
"182","0","0","0","0",-0.865955233573914,3249.96875,"map_3920_1_2",5,70,300,20,5,7.66190603382672,0.1,14.9684994448972,0.401655123484384,2.32781134805439,85,0.2,2,149.028862278327,20.1567869788389,0.00956164211054971,0.0307202068333771,0.174879844458522,61,3920,1,"2","diploid","female"
"183","0","0","0","0",-0.865955233573914,3249.96875,"map_3920_1_3",5,70,300,20,5,3.68797614337274,0.1,7.27877712301563,0.133671904316307,5.95277705314043,54,0.2,2,149.028862278327,20.1567869788389,0.00066334112940607,3.20520329489404e-05,0.379804333887768,61,3920,1,"3","diploid","female"
"184","0","0","0","0",0.179017141461372,3011.1748046875,"map_4000_1_1",5,70,300,20,5,8.61256427189502,0.1,10.3797416706226,0.215626314792379,16.0335298974548,33,0.2,2,106.296989073389,20.1638167794229,0.00239220479177996,0.00207515456950831,0.258724706765536,62,4000,1,"1","diploid","female"
"185","0","0","0","0",0.179017141461372,3011.1748046875,"map_4000_1_2",5,70,300,20,5,5.8596537209445,0.1,16.5390742457762,0.335812020503274,5.93161128270424,66,0.2,2,106.296989073389,20.1638167794229,0.00984234871913844,0.0367693916304734,0.184267130522724,62,4000,1,"2","diploid","female"
"186","0","0","0","0",0.179017141461372,3011.1748046875,"map_4000_1_3",5,70,300,20,5,8.43586155205666,0.1,9.27225563074753,0.0877233986185556,10.8363170440197,135,0.2,2,106.296989073389,20.1638167794229,0.000714881366398351,0.000139518475873208,0.452125220860276,62,4000,1,"3","diploid","female"
"187","0","0","0","0",0.310723572969437,2923.95434570312,"map_4001_1_1",5,70,300,20,5,8.64203493741463,0.1,12.9925831600334,0.25997900276032,15.4217515189348,58,0.2,2,109.838081714719,20.1621168945583,0.00492957002411119,0.00990163109364839,0.195461352153958,63,4001,1,"1","diploid","female"
"188","0","0","0","0",0.310723572969437,2923.95434570312,"map_4001_1_2",5,70,300,20,5,5.25996916794356,0.1,17.388240504234,0.557803426007728,1.67694339894168,83,0.2,2,109.838081714719,20.1621168945583,0.0173568781869799,0.0675123857364482,0.103898469165411,63,4001,1,"2","diploid","female"
"189","0","0","0","0",0.310723572969437,2923.95434570312,"map_4001_1_3",5,70,300,20,5,7.21382831432544,0.1,6.88562908278069,0.0272637680024425,1.50683559233143,53,0.2,2,109.838081714719,20.1621168945583,0.000135978564523346,0.000108362488836087,0.454591337612683,63,4001,1,"3","diploid","female"
"190","0","0","0","0",-0.892697036266327,2934.44995117188,"map_4013_1_1",5,70,300,20,5,2.84751517532605,0.1,8.4166504125023,0.064242549795165,4.82621450198282,20,0.2,2,31.7862317997752,21.2595796754062,0.000426297697351159,0.000149710146789792,0.574983181961156,64,4013,1,"1","diploid","female"
"191","0","0","0","0",-0.892697036266327,2934.44995117188,"map_4013_1_2",5,70,300,20,5,2.51869042785611,0.1,12.1680121165444,0.0954168449449025,4.42367588658031,59,0.2,2,31.7862317997752,21.2595796754062,0.00163223563417689,0.00440252510302915,0.540049028221193,64,4013,1,"2","diploid","female"
"192","0","0","0","0",-0.892697036266327,2934.44995117188,"map_4013_1_3",5,70,300,20,5,3.75460922395796,0.1,6.22656682033582,0.0138773519935668,2.03820502590222,34,0.2,2,31.7862317997752,21.2595796754062,4.58211421492534e-05,1.3594531078746e-08,1.3861379823417,64,4013,1,"3","diploid","female"
"193","0","0","0","0",-0.855232119560242,2970.0712890625,"map_4014_1_1",5,70,300,20,5,3.42181550750774,0.1,7.75626042350578,0.0444596182023728,5.35143717893843,9,0.2,2,35.4465989163548,20.7063348438521,0.00023854008646512,4.13987279263009e-05,0.417769938859092,65,4014,1,"1","diploid","female"
"194","0","0","0","0",-0.855232119560242,2970.0712890625,"map_4014_1_2",5,70,300,20,5,2.63809273574497,0.1,20.64884253852,0.145214594452119,3.6592995440514,31,0.2,2,35.4465989163548,20.7063348438521,0.00596712097033122,0.0210869370384828,0.302085275984084,65,4014,1,"2","diploid","female"
"195","0","0","0","0",-0.855232119560242,2970.0712890625,"map_4014_1_3",5,70,300,20,5,4.71876535816014,0.1,6.99378122830573,0.00634469888019215,2.99274769334519,10,0.2,2,35.4465989163548,20.7063348438521,2.59694986660878e-05,4.88715190327702e-08,0.667311068971041,65,4014,1,"3","diploid","female"
"196","0","0","0","0",-0.892844378948212,3006.89379882812,"map_4015_1_1",5,70,300,20,5,2.78024204005857,0.1,6.83143111513765,0.105681009512692,5.77195859952863,8,0.2,2,34.8649312293411,20.7584688813979,0.000442656237902613,2.13645358304844e-05,0.603743429951155,66,4015,1,"1","diploid","female"
"197","0","0","0","0",-0.892844378948212,3006.89379882812,"map_4015_1_2",5,70,300,20,5,3.32178947544326,0.1,9.94173310348562,0.145976415443611,4.95297431626058,12,0.2,2,34.8649312293411,20.7584688813979,0.00153143822338068,0.00255635689479365,0.54044158480146,66,4015,1,"2","diploid","female"
"198","0","0","0","0",-0.892844378948212,3006.89379882812,"map_4015_1_3",5,70,300,20,5,3.33444103863586,0.1,5.89742533957066,0.0388147010936437,3.34657974083377,5,0.2,2,34.8649312293411,20.7584688813979,0.000112093446977987,7.60472655325028e-09,0.964951328085124,66,4015,1,"3","diploid","female"
"199","0","0","0","0",-0.943261563777924,3062.07446289062,"map_4017_1_1",5,70,300,20,5,3.86785952529827,0.1,9.30548379233036,0.0868844133058203,6.2363852795412,4,0.2,2,56.5830297913662,20.3622130323222,0.000670244825093206,8.63157335645173e-05,0.495297866601971,67,4017,1,"1","diploid","female"
"200","0","0","0","0",-0.943261563777924,3062.07446289062,"map_4017_1_2",5,70,300,20,5,2.91641708923171,0.1,14.8927675530165,0.174172297067517,3.52066559556948,8,0.2,2,56.5830297913662,20.3622130323222,0.00364089834860046,0.00460684986484363,0.305639793196222,67,4017,1,"2","diploid","female"
"201","0","0","0","0",-0.943261563777924,3062.07446289062,"map_4017_1_3",5,70,300,20,5,5.45679109784974,0.1,6.74009083347354,0.0150166227943449,4.24622118036289,3,0.2,2,56.5830297913662,20.3622130323222,5.66637572486324e-05,5.70501487217066e-08,0.926254117175873,67,4017,1,"3","diploid","female"
"202","0","0","0","0",-0.930176496505737,3081.70556640625,"map_4018_1_1",5,70,300,20,5,3.94208511876738,0.1,7.32238340099981,0.113886997255512,7.67713924242912,13,0.2,2,56.1495566273053,20.3630790298563,0.000575210021166624,6.79031501705324e-05,0.421026897845436,68,4018,1,"1","diploid","female"
"203","0","0","0","0",-0.930176496505737,3081.70556640625,"map_4018_1_2",5,70,300,20,5,3.02646790323741,0.1,12.818215910324,0.38414273353807,1.94569043276784,44,0.2,2,56.1495566273053,20.3630790298563,0.00542866523916706,0.00281608198248456,0.21994620826298,68,4018,1,"2","diploid","female"
"204","0","0","0","0",-0.930176496505737,3081.70556640625,"map_4018_1_3",5,70,300,20,5,5.45229731350376,0.1,6.25427316290931,0.0352702054734603,3.79368561727196,13,0.2,2,56.1495566273053,20.3630790298563,0.000119420268584402,8.34727749520414e-08,0.619574383698314,68,4018,1,"3","diploid","female"
"205","0","0","0","0",-0.805192470550537,3104.74584960938,"map_4019_1_1",5,70,300,20,5,4.33577478000577,0.1,6.99111972149061,0.167423316239193,7.37630054195524,4,0.2,2,56.7243619836446,20.369512034149,0.00073551359508693,7.21974909662835e-05,0.427596227623456,69,4019,1,"1","diploid","female"
"206","0","0","0","0",-0.805192470550537,3104.74584960938,"map_4019_1_2",5,70,300,20,5,3.37962129792122,0.1,7.93774253487709,0.233956892197006,5.40001608363264,4,0.2,2,56.7243619836446,20.369512034149,0.00151433116286108,0.00113612071939557,0.425474476736761,69,4019,1,"2","diploid","female"
"207","0","0","0","0",-0.805192470550537,3104.74584960938,"map_4019_1_3",5,70,300,20,5,5.62570060384874,0.1,6.33504527322521,0.054460765972232,5.7704043446094,2,0.2,2,56.7243619836446,20.369512034149,0.000179121189624665,2.05980249458136e-07,0.737142846497361,69,4019,1,"3","diploid","female"
"208","0","0","0","0",-0.740401744842529,3174.17333984375,"map_4022_1_1",5,70,300,20,5,2.62860219742885,0.1,7.84909964224227,0.221723311102825,9.40312446433864,25,0.2,2,78.9145480881498,20.3531200075202,0.00134660592008849,0.000571070248657321,0.358564102452386,70,4022,1,"1","diploid","female"
"209","0","0","0","0",-0.740401744842529,3174.17333984375,"map_4022_1_2",5,70,300,20,5,6.02086246770882,0.1,10.7419078043635,0.273051733597982,4.10930038439056,28,0.2,2,78.9145480881498,20.3531200075202,0.00282831451189157,0.00168994161538606,0.395093000276324,70,4022,1,"2","diploid","female"
"210","0","0","0","0",-0.740401744842529,3174.17333984375,"map_4022_1_3",5,70,300,20,5,2.24294231054411,0.1,6.01487730811406,0.103254078040866,6.58226183118249,20,0.2,2,78.9145480881498,20.3531200075202,0.000321805411519197,7.88287883888594e-07,0.743628710468885,70,4022,1,"3","diploid","female"
"211","0","0","0","0",-0.863746285438538,3175.13598632812,"map_4023_1_1",5,70,300,20,5,4.52839225908595,0.1,5.89774853171994,0.634908762095096,8.82696205155285,15,0.2,2,74.6054689401012,20.1778301796644,0.00208377995485887,0.000705261740565701,0.587087469157926,71,4023,1,"1","diploid","female"
"212","0","0","0","0",-0.863746285438538,3175.13598632812,"map_4023_1_2",5,70,300,20,5,3.5139457978974,0.1,5.4792571545797,1.76443747343465,6.16965755789088,122,0.2,2,74.6054689401012,20.1778301796644,0.00491930947807611,0.00248877209742628,1.17722643834054,71,4023,1,"2","diploid","female"
"213","0","0","0","0",-0.863746285438538,3175.13598632812,"map_4023_1_3",5,70,300,20,5,4.91743568664914,0.1,5.30492846799845,0.329990553179919,6.8730867342639,2,0.2,2,74.6054689401012,20.1778301796644,0.000754799248575416,5.10432616788602e-07,0.897563410246035,71,4023,1,"3","diploid","female"
"214","0","0","0","0",-0.775563657283783,3197.00268554688,"map_4024_1_1",5,70,300,20,5,2.69262663062164,0.1,9.09716611936805,0.210249199123715,8.32500239196729,36,0.2,2,91.1671489956371,20.1506452233028,0.00174100687021859,0.00196837631442531,0.318993585983672,72,4024,1,"1","diploid","female"
"215","0","0","0","0",-0.775563657283783,3197.00268554688,"map_4024_1_2",5,70,300,20,5,5.85168940439803,0.1,9.23254291983269,0.309753859585977,4.77263441796965,71,0.2,2,91.1671489956371,20.1506452233028,0.00263594052766771,0.00266792424238303,0.480731042208929,72,4024,1,"2","diploid","female"
"216","0","0","0","0",-0.775563657283783,3197.00268554688,"map_4024_1_3",5,70,300,20,5,2.13610901513556,0.1,6.77711823026667,0.0674414619110069,6.57588413820474,32,0.2,2,91.1671489956371,20.1506452233028,0.000267253530834912,2.3953943619471e-06,0.78878508971901,72,4024,1,"3","diploid","female"
"217","0","0","0","0",-0.855206310749054,3225.14770507812,"map_4025_1_1",5,70,300,20,5,4.45423041012107,0.1,8.60761766586869,0.428023673453018,5.01616770288823,59,0.2,2,91.54414376864,20.1426828813183,0.00313034857067865,0.00373337859262192,0.506291292848483,73,4025,1,"1","diploid","female"
"218","0","0","0","0",-0.855206310749054,3225.14770507812,"map_4025_1_2",5,70,300,20,5,5.35596447481223,0.1,7.19851661254762,0.626499697396788,2.86694924288555,98,0.2,2,91.54414376864,20.1426828813183,0.00311012539719747,0.00230713260270471,1.07575714947284,73,4025,1,"2","diploid","female"
"219","0","0","0","0",-0.855206310749054,3225.14770507812,"map_4025_1_3",5,70,300,20,5,3.19105027927584,0.1,6.20613995526076,0.0775287122070845,5.96768345476644,28,0.2,2,91.54414376864,20.1426828813183,0.0002531192198118,4.73114179767708e-07,0.848074436321494,73,4025,1,"3","diploid","female"
"220","0","0","0","0",-0.548826575279236,3252.38427734375,"map_4026_1_1",5,70,300,20,5,5.45603801989466,0.1,10.4761485831025,0.280482812336167,6.34626261334162,43,0.2,2,88.3167595910867,20.1805234277499,0.00304683072128294,0.00310849284286002,0.206515266778732,74,4026,1,"1","diploid","female"
"221","0","0","0","0",-0.548826575279236,3252.38427734375,"map_4026_1_2",5,70,300,20,5,6.5673871013982,0.1,8.16877478466288,0.399158108383088,3.65872530861406,44,0.2,2,88.3167595910867,20.1805234277499,0.00238701448531327,0.00016912915303742,0.566755445062519,74,4026,1,"2","diploid","female"
"222","0","0","0","0",-0.548826575279236,3252.38427734375,"map_4026_1_3",5,70,300,20,5,3.18631428334957,0.1,7.0603719569487,0.0996939549039845,6.6593715153829,35,0.2,2,88.3167595910867,20.1805234277499,0.000425070340811156,1.64146185869817e-06,0.58114059479096,74,4026,1,"3","diploid","female"
"223","0","0","0","0",-0.284211128950119,2903.31689453125,"map_4078_1_1",5,70,300,20,5,5.50920011359644,0.1,10.7129428522371,0.331474636089114,9.65295586710617,35,0.2,2,123.805730008604,20.4756904371817,0.00559362257397906,0.0229288026323164,0.259814531483527,75,4078,1,"1","diploid","female"
"224","0","0","0","0",-0.284211128950119,2903.31689453125,"map_4078_1_2",5,70,300,20,5,3.32673842569305,0.1,16.9699005738982,0.451399649607869,3.81412285265259,48,0.2,2,123.805730008604,20.4756904371817,0.0170122579035332,0.0902212897900188,0.14313514158134,75,4078,1,"2","diploid","female"
"225","0","0","0","0",-0.284211128950119,2903.31689453125,"map_4078_1_3",5,70,300,20,5,0,0.1,8.75027692303722,0.00455894761415581,0.169548534101317,5,0.2,2,123.805730008604,20.4756904371817,3.45437909904491e-05,4.22858376571626e-05,0.111146795434447,75,4078,1,"3","diploid","female"
"226","0","0","0","0",-0.94545716047287,3224.787109375,"map_4097_1_1",5,70,300,20,5,11.2397780117839,0.1,9.25259424520388,0.372425784793948,7.71497585614998,42,0.2,2,138.590818550896,17.6524990848529,0.00319687360991823,0.00450398275687695,0.348229948241769,76,4097,1,"1","diploid","female"
"227","0","0","0","0",-0.94545716047287,3224.787109375,"map_4097_1_2",5,70,300,20,5,7.02937520133045,0.1,12.0562600702697,0.649916497257742,1.7617188386923,46,0.2,2,138.590818550896,17.6524990848529,0.012387231230648,0.0521803731312204,0.368751868712927,76,4097,1,"2","diploid","female"
"228","0","0","0","0",-0.94545716047287,3224.787109375,"map_4097_1_3",5,70,300,20,5,0,0.1,5.64816512123748,0.00384321504470642,0.186297500344325,37,0.2,2,138.590818550896,17.6524990848529,1.01578922619026e-05,3.97065084092631e-08,0.394990842081994,76,4097,1,"3","diploid","female"
"229","0","0","0","0",-0.920151472091675,3243.17749023438,"map_4100_1_1",5,70,300,20,5,0,0.1,11.4815567551939,0.538445899619421,4.86906232628904,88,0.2,2,153.658894206202,20.1605908762445,0.0084108195278271,0.0226336483457576,0.189374840082379,77,4100,1,"1","diploid","female"
"230","0","0","0","0",-0.920151472091675,3243.17749023438,"map_4100_1_2",5,70,300,20,5,9.88437471527792,0.1,10.6892956519691,0.74559938344347,1.24640271214932,44,0.2,2,153.658894206202,20.1605908762445,0.0095323072783202,0.020319988939098,0.26172452787915,77,4100,1,"2","diploid","female"
"231","0","0","0","0",-0.920151472091675,3243.17749023438,"map_4100_1_3",5,70,300,20,5,3.71777450945073,0.1,6.29588879873267,0.591098336076966,3.53225483906882,41,0.2,2,153.658894206202,20.1605908762445,0.00192527022686497,5.96967662786096e-06,1.18214021184836,77,4100,1,"3","diploid","female"
"232","0","0","0","0",-0.776589393615723,3195.78515625,"map_4101_1_1",5,70,300,20,5,4.91638831936478,0.1,15.4404933608958,0.322669450320243,7.42818633258377,88,0.2,2,152.902726208253,20.1864900926947,0.0086422435156335,0.0319019868504529,0.165285610590401,78,4101,1,"1","diploid","female"
"233","0","0","0","0",-0.776589393615723,3195.78515625,"map_4101_1_2",5,70,300,20,5,4.21361204891311,0.1,15.5366960799574,0.621758047018608,1.10775279412142,122,0.2,2,152.902726208253,20.1864900926947,0.0168465534589588,0.0647195924246265,0.142553874023277,78,4101,1,"2","diploid","female"
"234","0","0","0","0",-0.776589393615723,3195.78515625,"map_4101_1_3",5,70,300,20,5,4.30187081556971,0.1,9.11115070899167,0.0746951316196564,6.07881462080275,59,0.2,2,152.902726208253,20.1864900926947,0.000604348642483412,0.000251302659995357,0.475793148295437,78,4101,1,"3","diploid","female"
"235","0","0","0","0",0.547783732414246,2960.46435546875,"map_4105_1_1",5,70,300,20,5,10.5894019556193,0.1,7.99208031704137,0.345738982492662,18.9736354451289,37,0.2,2,106.433255978201,20.1536971648798,0.00274749963722224,0.00718089062979905,0.342925109371301,79,4105,1,"1","diploid","female"
"236","0","0","0","0",0.547783732414246,2960.46435546875,"map_4105_1_2",5,70,300,20,5,6.68371695176262,0.1,12.1611979730224,0.448079578934782,8.83413237064576,64,0.2,2,106.433255978201,20.1536971648798,0.00991430833577173,0.044882959616038,0.269352080845684,79,4105,1,"2","diploid","female"
"237","0","0","0","0",0.547783732414246,2960.46435546875,"map_4105_1_3",5,70,300,20,5,8.90042007349054,0.1,9.97053142344228,0.047063475932481,5.63129220959125,141,0.2,2,106.433255978201,20.1536971648798,0.000572955014373619,0.00134836248119874,0.297988016133363,79,4105,1,"3","diploid","female"
"238","0","0","0","0",0.543270885944366,2896.4189453125,"map_4106_1_1",5,70,300,20,5,6.30811791824648,0.1,6.81798020790303,0.540018935980853,12.5537987504711,10,0.2,2,39.185828874525,21.8227182548836,0.00266060340315855,0.00258459851370965,0.438810221988832,80,4106,1,"1","diploid","female"
"239","0","0","0","0",0.543270885944366,2896.4189453125,"map_4106_1_2",5,70,300,20,5,6.00567249751083,0.1,6.48567662829288,0.972009224776413,6.18315995580124,13,0.2,2,39.185828874525,21.8227182548836,0.00400102987488757,0.000285386524722127,0.538067944009121,80,4106,1,"2","diploid","female"
"240","0","0","0","0",0.543270885944366,2896.4189453125,"map_4106_1_3",5,70,300,20,5,5.27419082500463,0.1,5.50995186439129,0.751007063443493,7.25452481817279,4,0.2,2,39.185828874525,21.8227182548836,0.0020486275403543,0.000265601796424643,1.41634322878264,80,4106,1,"3","diploid","female"
"241","0","0","0","0",-0.303969889879227,2857.30078125,"map_4108_1_1",5,70,300,20,5,1.48870839985947,0.1,11.2291289180671,0.183747621951983,5.40221217287954,29,0.2,2,40.6569361299078,21.8241678419567,0.00246369674134668,0.00516656605742266,0.347150862717312,81,4108,1,"1","diploid","female"
"242","0","0","0","0",-0.303969889879227,2857.30078125,"map_4108_1_2",5,70,300,20,5,3.28955281093712,0.1,12.0954328576385,0.244125815187632,3.39028674610286,76,0.2,2,40.6569361299078,21.8241678419567,0.00371134590638918,0.00904685295798431,0.314947550789128,81,4108,1,"2","diploid","female"
"243","0","0","0","0",-0.303969889879227,2857.30078125,"map_4108_1_3",5,70,300,20,5,1.20422872802651,0.1,7.62893840236897,0.0382393021251999,2.96471848221085,24,0.2,2,40.6569361299078,21.8241678419567,0.000187791846390632,2.81115945098743e-06,1.08074575835265,81,4108,1,"3","diploid","female"
"244","0","0","0","0",-0.880662739276886,2951.16137695312,"map_4119_1_1",5,70,300,20,5,3.29789979082547,0.1,7.99275787638019,0.0641797204494983,5.42333087415406,15,0.2,2,33.171069291739,20.7561720819568,0.000375027397653617,5.83732480321238e-05,0.506026716060337,82,4119,1,"1","diploid","female"
"245","0","0","0","0",-0.880662739276886,2951.16137695312,"map_4119_1_2",5,70,300,20,5,2.48686856571851,0.1,13.7794359808985,0.369776982759718,1.0571754900376,102,0.2,2,33.171069291739,20.7561720819568,0.0069339590331663,0.022677558091999,0.264158379894913,82,4119,1,"2","diploid","female"
"246","0","0","0","0",-0.880662739276886,2951.16137695312,"map_4119_1_3",5,70,300,20,5,4.44572257882767,0.1,6.12540826976642,0.0110418321654859,2.76217250657686,22,0.2,2,33.171069291739,20.7561720819568,3.48442588723801e-05,1.27625715774024e-08,1.00800963109108,82,4119,1,"3","diploid","female"
"247","0","0","0","0",-0.818437099456787,2982.07275390625,"map_4120_1_1",5,70,300,20,5,2.86318506919813,0.1,6.57882680696621,0.130553218637721,5.83744635135359,9,0.2,2,33.3110943133649,20.784792241068,0.000503670630288344,3.36883914050685e-05,0.515644809263223,83,4120,1,"1","diploid","female"
"248","0","0","0","0",-0.818437099456787,2982.07275390625,"map_4120_1_2",5,70,300,20,5,3.31447666949999,0.1,9.42781389050486,0.193185987174484,4.43069517034189,15,0.2,2,33.3110943133649,20.784792241068,0.00182203205519698,0.00247180811271165,0.3857885047944,83,4120,1,"2","diploid","female"
"249","0","0","0","0",-0.818437099456787,2982.07275390625,"map_4120_1_3",5,70,300,20,5,3.29524593090396,0.1,5.74222875605581,0.0339666177099573,2.13996070913455,5,0.2,2,33.3110943133649,20.784792241068,9.20543998186983e-05,2.43134922350106e-08,1.11405654447052,83,4120,1,"3","diploid","female"
"250","0","0","0","0",-0.812349498271942,3031.53491210938,"map_4122_1_1",5,70,300,20,5,4.15074074187105,0.1,8.16030452215002,0.0627778267224294,6.66233996025114,11,0.2,2,58.4872834183449,20.3628664111774,0.000361916184818605,4.33114865516533e-05,0.484609185442789,84,4122,1,"1","diploid","female"
"251","0","0","0","0",-0.812349498271942,3031.53491210938,"map_4122_1_2",5,70,300,20,5,3.01743457226774,0.1,10.4557074982109,0.137911157008667,5.21732297933145,30,0.2,2,58.4872834183449,20.3628664111774,0.0016678920777421,0.00332465367093342,0.395306050273784,84,4122,1,"2","diploid","female"
"252","0","0","0","0",-0.812349498271942,3031.53491210938,"map_4122_1_3",5,70,300,20,5,5.69949885070187,0.1,6.88233603706018,0.00761986437907597,3.29006906016597,19,0.2,2,58.4872834183449,20.3628664111774,2.98320551794963e-05,9.34090171889674e-08,0.94693942739261,84,4122,1,"3","diploid","female"
"253","0","0","0","0",-0.653793573379517,3126.47778320312,"map_4125_1_1",5,70,300,20,5,4.95361108090898,0.1,9.80595503828196,0.0851396176494509,7.7719904338295,14,0.2,2,75.5090145668714,20.4194622113723,0.000731284559893595,0.000252376464269754,0.436218019292632,85,4125,1,"1","diploid","female"
"254","0","0","0","0",-0.653793573379517,3126.47778320312,"map_4125_1_2",5,70,300,20,5,3.94322733093562,0.1,9.37194187795371,0.431999545001573,1.44680203715344,79,0.2,2,75.5090145668714,20.4194622113723,0.00336298211785854,0.00176349123474765,0.347212531608781,85,4125,1,"2","diploid","female"
"255","0","0","0","0",-0.653793573379517,3126.47778320312,"map_4125_1_3",5,70,300,20,5,5.76009502713701,0.1,7.24166794619013,0.0218652542629613,6.61671140950235,16,0.2,2,75.5090145668714,20.4194622113723,9.65629832833578e-05,3.68433370195243e-07,0.709091557441033,85,4125,1,"3","diploid","female"
"256","0","0","0","0",-0.95085197687149,3145.31982421875,"map_4126_1_1",5,70,300,20,5,3.9761238418825,0.1,7.42353062330167,0.234839523663238,6.98833536831878,27,0.2,2,75.4493772500377,20.3779871181264,0.00114732424915718,0.000262967597349834,0.402800295834608,86,4126,1,"1","diploid","female"
"257","0","0","0","0",-0.95085197687149,3145.31982421875,"map_4126_1_2",5,70,300,20,5,4.89096782669485,0.1,7.63779190175377,0.352298581939143,5.72921042209588,53,0.2,2,75.4493772500377,20.3779871181264,0.00202782537862992,0.00185774595248055,0.50984012607433,86,4126,1,"2","diploid","female"
"258","0","0","0","0",-0.95085197687149,3145.31982421875,"map_4126_1_3",5,70,300,20,5,3.81644075350154,0.1,6.68567907825073,0.0525912250256329,5.45370821671813,29,0.2,2,75.4493772500377,20.3779871181264,0.000191764654253865,1.60578846403627e-07,0.795473312781571,86,4126,1,"3","diploid","female"
"259","0","0","0","0",-0.45854640007019,3151.85131835938,"map_4128_1_1",5,70,300,20,5,6.02989280513651,0.1,6.97893973817635,0.396147950495521,11.8191639777931,8,0.2,2,90.2184534358028,20.1747471185222,0.00185948728086091,0.000720386003486106,0.318409970061165,87,4128,1,"1","diploid","female"
"260","0","0","0","0",-0.45854640007019,3151.85131835938,"map_4128_1_2",5,70,300,20,5,4.5300325762444,0.1,7.72266085175637,0.523674767094328,6.93328037908543,7,0.2,2,90.2184534358028,20.1747471185222,0.00329194421624585,0.00384918990027212,0.31498956684089,87,4128,1,"2","diploid","female"
"261","0","0","0","0",-0.45854640007019,3151.85131835938,"map_4128_1_3",5,70,300,20,5,6.22222596607686,0.1,5.9337069328201,0.262346543471348,10.1061256674468,3,0.2,2,90.2184534358028,20.1747471185222,0.000804275649541067,1.36784613611475e-05,0.627721132329435,87,4128,1,"3","diploid","female"
"262","0","0","0","0",-0.634115278720856,3185.69580078125,"map_4129_1_1",5,70,300,20,5,5.35704006489008,0.1,8.87992139829366,0.315706132061035,6.6088990735037,45,0.2,2,88.0070270715758,20.1787094568229,0.00233246649373652,0.00218432874481683,0.535976820475628,88,4129,1,"1","diploid","female"
"263","0","0","0","0",-0.634115278720856,3185.69580078125,"map_4129_1_2",5,70,300,20,5,4.15269826701331,0.1,7.57637919084872,0.807477095595425,2.30163268262791,111,0.2,2,88.0070270715758,20.1787094568229,0.00447266270835092,0.00513621108395676,0.655899052879893,88,4129,1,"2","diploid","female"
"264","0","0","0","0",-0.634115278720856,3185.69580078125,"map_4129_1_3",5,70,300,20,5,5.25519622839197,0.1,6.71988059028986,0.062137180047626,7.0448021752932,37,0.2,2,88.0070270715758,20.1787094568229,0.000243476611075544,6.50262590915792e-06,0.969101103168228,88,4129,1,"3","diploid","female"
"265","0","0","0","0",-0.293218731880188,2876.2763671875,"map_4182_1_1",5,70,300,20,5,4.60434638175927,0.1,14.7826096771715,0.44442625425265,4.66879080081812,64,0.2,2,123.776973141388,21.1629032798252,0.0113567543458437,0.0432904459773327,0.288622856046994,89,4182,1,"1","diploid","female"
"266","0","0","0","0",-0.293218731880188,2876.2763671875,"map_4182_1_2",5,70,300,20,5,3.28379140182437,0.1,11.8453619146924,1.01187082112739,0.992185113169008,97,0.2,2,123.776973141388,21.1629032798252,0.0196758154839145,0.074561689504664,0.406200669644682,89,4182,1,"2","diploid","female"
"267","0","0","0","0",-0.293218731880188,2876.2763671875,"map_4182_1_3",5,70,300,20,5,0,0.1,9.93731571834991,0.00969623363235698,0.204121193431853,51,0.2,2,123.776973141388,21.1629032798252,9.36481855808116e-05,0.000122501493641539,0.112532237764974,89,4182,1,"3","diploid","female"
"268","0","0","0","0",-0.341727435588837,2963.20581054688,"map_4183_1_1",5,70,300,20,5,6.8946454361133,0.1,10.8842923579249,0.312851249433804,10.3538451790814,33,0.2,2,116.725723139867,21.2003296549006,0.00505932377768234,0.0198008167012493,0.203534086125219,90,4183,1,"1","diploid","female"
"269","0","0","0","0",-0.341727435588837,2963.20581054688,"map_4183_1_2",5,70,300,20,5,8.66698749986678,0.1,21.0719482891607,0.425362407223811,5.51276531218907,42,0.2,2,116.725723139867,21.2003296549006,0.0243139762887699,0.127404693883012,0.11531655199472,90,4183,1,"2","diploid","female"
"270","0","0","0","0",-0.341727435588837,2963.20581054688,"map_4183_1_3",5,70,300,20,5,5.4571020907724,0.1,7.20508667685754,0.206132019080502,6.93751611229613,6,0.2,2,116.725723139867,21.2003296549006,0.00115575405274703,0.000965358061131465,0.465080830037082,90,4183,1,"3","diploid","female"
"271","0","0","0","0",-0.837248623371124,3152.1279296875,"map_4201_1_1",5,70,300,20,5,4.17991408467259,0.1,10.0809728160398,0.302453466668068,7.09262887711522,121,0.2,2,137.35003649436,20.5284225489214,0.00345918185840707,0.00658890030600023,0.199503972922154,91,4201,1,"1","diploid","female"
"272","0","0","0","0",-0.837248623371124,3152.1279296875,"map_4201_1_2",5,70,300,20,5,3.72849369304985,0.1,10.4110638654244,0.411153172616384,5.10022826158297,166,0.2,2,137.35003649436,20.5284225489214,0.00552070535149212,0.0140162279924448,0.237528562448817,91,4201,1,"2","diploid","female"
"273","0","0","0","0",-0.837248623371124,3152.1279296875,"map_4201_1_3",5,70,300,20,5,4.73849287975172,0.1,7.17345550925434,0.169564922852013,7.80122842383532,79,0.2,2,137.35003649436,20.5284225489214,0.000731560571526335,2.40327942955474e-05,0.466580363163785,91,4201,1,"3","diploid","female"
"274","0","0","0","0",-0.955699026584625,3169.22045898438,"map_4203_1_1",5,70,300,20,5,3.97423127252416,0.1,15.1327824984232,0.238343454431706,5.54030448782618,72,0.2,2,159.185608163625,20.6033558417792,0.00638447736555233,0.0262332731598791,0.221496828875466,92,4203,1,"1","diploid","female"
"275","0","0","0","0",-0.955699026584625,3169.22045898438,"map_4203_1_2",5,70,300,20,5,3.85503504773812,0.1,17.0852805089992,0.428877148456963,2.35392031510667,96,0.2,2,159.185608163625,20.6033558417792,0.0144197151730228,0.0681952981455146,0.223973947896094,92,4203,1,"2","diploid","female"
"276","0","0","0","0",-0.955699026584625,3169.22045898438,"map_4203_1_3",5,70,300,20,5,3.99511435641173,0.1,8.69040721955975,0.031377671090081,6.86073171768781,51,0.2,2,159.185608163625,20.6033558417792,0.000223842009221835,6.05143892471391e-05,0.669527059495669,92,4203,1,"3","diploid","female"
"277","0","0","0","0",-0.969034194946289,3159.5244140625,"map_4204_1_1",5,70,300,20,5,3.4784775663414,0.1,12.020314384769,0.337029462976855,6.91710195307945,87,0.2,2,159.617011719764,20.5797356756555,0.00645090702790005,0.028594623814343,0.30536596608453,93,4204,1,"1","diploid","female"
"278","0","0","0","0",-0.969034194946289,3159.5244140625,"map_4204_1_2",5,70,300,20,5,9.4216944000117,0.1,15.4554672477808,0.555808558956752,2.33056675983305,106,0.2,2,159.617011719764,20.5797356756555,0.0162899971177836,0.0830817143547872,0.349082821943076,93,4204,1,"2","diploid","female"
"279","0","0","0","0",-0.969034194946289,3159.5244140625,"map_4204_1_3",5,70,300,20,5,2.87338702691318,0.1,6.16013091235106,0.153405708794037,6.22142729758442,65,0.2,2,159.617011719764,20.5797356756555,0.000531881979951398,8.08224571357643e-05,0.778016069188414,93,4204,1,"3","diploid","female"
"280","0","0","0","0",-0.797347545623779,3134.8203125,"map_4205_1_1",5,70,300,20,5,4.40892580786164,0.1,14.0071168904122,0.253460842819065,7.10160267513074,46,0.2,2,152.188113697343,20.589247288498,0.00596046144633844,0.0193178354284727,0.238084609199397,94,4205,1,"1","diploid","female"
"281","0","0","0","0",-0.797347545623779,3134.8203125,"map_4205_1_2",5,70,300,20,5,4.14013037776316,0.1,16.3321439407991,0.603719037520742,2.82482739647046,197,0.2,2,152.188113697343,20.589247288498,0.0214543152174857,0.128472518850828,0.359273735478215,94,4205,1,"2","diploid","female"
"282","0","0","0","0",-0.797347545623779,3134.8203125,"map_4205_1_3",5,70,300,20,5,4.63382044560425,0.1,10.0396365028469,0.0373843299818743,7.28718819526449,99,0.2,2,152.188113697343,20.589247288498,0.000358564441557604,0.000163765739721262,0.542357630403216,94,4205,1,"3","diploid","female"
"283","0","0","0","0",0.530532717704773,2937.5556640625,"map_4210_1_1",5,70,300,20,5,6.57815932942452,0.1,6.39248433384663,0.401901570368212,14.3695341352041,20,0.2,2,40.1531509484762,21.8054103851318,0.00170536578825523,0.00115329306966541,0.449572999782467,95,4210,1,"1","diploid","female"
"284","0","0","0","0",0.530532717704773,2937.5556640625,"map_4210_1_2",5,70,300,20,5,6.62129210460598,0.1,7.32506101668797,0.45695615233943,5.40133965945304,35,0.2,2,40.1531509484762,21.8054103851318,0.0020535194934707,3.75139140773368e-06,0.655445930687463,95,4210,1,"2","diploid","female"
"285","0","0","0","0",0.530532717704773,2937.5556640625,"map_4210_1_3",5,70,300,20,5,6.11942998942553,0.1,6.45088821057882,0.218895360781749,11.2704900762104,202,0.2,2,40.1531509484762,21.8054103851318,0.000844348438164814,4.35780773894503e-05,0.514288669185291,95,4210,1,"3","diploid","female"
"286","0","0","0","0",-0.842052578926086,2931.89208984375,"map_4224_1_1",5,70,300,20,5,3.31424812834907,0.1,8.04600283675249,0.167864035196175,5.93301774358754,17,0.2,2,33.3298296302656,20.7549428517372,0.000956339519895929,0.000172979151432146,0.668200522845008,96,4224,1,"1","diploid","female"
"287","0","0","0","0",-0.842052578926086,2931.89208984375,"map_4224_1_2",5,70,300,20,5,2.43434933085296,0.1,8.23571137136313,0.946910657493924,1.43972185644307,174,0.2,2,33.3298296302656,20.7549428517372,0.00761167670370346,0.0236617481734007,0.643215955471062,96,4224,1,"2","diploid","female"
"288","0","0","0","0",-0.842052578926086,2931.89208984375,"map_4224_1_3",5,70,300,20,5,4.25521435705048,0.1,6.08215884468383,0.00625521422041861,0.680000633736416,14,0.2,2,33.3298296302656,20.7549428517372,1.9295352223195e-05,2.24420035370448e-08,1.21149627375637,96,4224,1,"3","diploid","female"
"289","0","0","0","0",-0.825347542762756,2965.74340820312,"map_4225_1_1",5,70,300,20,5,3.88971648225672,0.1,8.84176416481245,0.11983911690123,7.83085227122608,15,0.2,2,59.7951097931973,20.3269572052053,0.000923837068377896,0.000465412555006344,0.466130600316179,97,4225,1,"1","diploid","female"
"290","0","0","0","0",-0.825347542762756,2965.74340820312,"map_4225_1_2",5,70,300,20,5,2.62604484826484,0.1,13.335285149772,0.620859009945195,0.867868798888618,111,0.2,2,59.7951097931973,20.3269572052053,0.0123499465300004,0.044108905676817,0.109600357772977,97,4225,1,"2","diploid","female"
"291","0","0","0","0",-0.825347542762756,2965.74340820312,"map_4225_1_3",5,70,300,20,5,5.10190392057221,0.1,7.05650254899269,0.00823675234119033,0.892905646560599,15,0.2,2,59.7951097931973,20.3269572052053,3.59421271859515e-05,1.21428408502409e-07,0.557708858997007,97,4225,1,"3","diploid","female"
"292","0","0","0","0",-0.765887200832367,2990.31201171875,"map_4226_1_1",5,70,300,20,5,2.20038481022117,0.1,8.1908901663483,0.0680506806097498,6.95521946447952,33,0.2,2,59.9091014339282,20.3446415988842,0.000435915305537311,0.000135873303704345,0.565477335137459,98,4226,1,"1","diploid","female"
"293","0","0","0","0",-0.765887200832367,2990.31201171875,"map_4226_1_2",5,70,300,20,5,4.21963986424124,0.1,12.9835689506941,0.4691492868855,1.03864080113957,171,0.2,2,59.9091014339282,20.3446415988842,0.00764904848910882,0.0127749360974522,0.192551691003111,98,4226,1,"2","diploid","female"
"294","0","0","0","0",-0.765887200832367,2990.31201171875,"map_4226_1_3",5,70,300,20,5,2.354962624958,0.1,6.61867656118881,0.0125954750392328,2.70020307857958,83,0.2,2,59.9091014339282,20.3446415988842,4.76118741987408e-05,1.95733760900829e-07,1.08412322344257,98,4226,1,"3","diploid","female"
"295","0","0","0","0",-0.574953019618988,3085.05249023438,"map_4229_1_1",5,70,300,20,5,5.04985988354862,0.1,6.26692350816393,0.284083295460303,10.0092837287422,6,0.2,2,79.7484896650346,20.3467656364737,0.00104653408023652,0.000334351205554495,0.403131994559841,99,4229,1,"1","diploid","female"
"296","0","0","0","0",-0.574953019618988,3085.05249023438,"map_4229_1_2",5,70,300,20,5,5.81072009389169,0.1,7.66986488004339,0.424688266464638,6.73069821053381,7,0.2,2,79.7484896650346,20.3467656364737,0.00311355732072822,0.00682871454132059,0.367403755977241,99,4229,1,"2","diploid","female"
"297","0","0","0","0",-0.574953019618988,3085.05249023438,"map_4229_1_3",5,70,300,20,5,4.86253919725608,0.1,5.62483382430759,0.170276896381804,7.67985614311886,2,0.2,2,79.7484896650346,20.3467656364737,0.000455023257959397,6.73480179761075e-06,0.687242806869976,99,4229,1,"3","diploid","female"
"298","0","0","0","0",-0.627932786941528,3127.28784179688,"map_4232_1_1",5,70,300,20,5,5.34284249604463,0.1,8.05478320399734,0.175490089410448,10.9121456602237,19,0.2,2,93.2134973234513,20.1333694605864,0.00114250297038884,0.000866755029313912,0.390538609800826,100,4232,1,"1","diploid","female"
"299","0","0","0","0",-0.627932786941528,3127.28784179688,"map_4232_1_2",5,70,300,20,5,3.96705812654535,0.1,11.7838980575765,0.220266336020898,7.0955484853793,32,0.2,2,93.2134973234513,20.1333694605864,0.00358224194262241,0.0121375777921145,0.42913941904809,100,4232,1,"2","diploid","female"
"300","0","0","0","0",-0.627932786941528,3127.28784179688,"map_4232_1_3",5,70,300,20,5,6.10850765584941,0.1,6.50450711731019,0.0807472774779629,7.4817645813567,10,0.2,2,93.2134973234513,20.1333694605864,0.000297444600110792,3.28809466544365e-06,0.642820735766664,100,4232,1,"3","diploid","female"
"301","0","0","0","0",-0.850703835487366,3164.48266601562,"map_4235_1_1",5,70,300,20,5,5.14162822700187,0.1,9.62188230858621,0.186850698918571,9.56527096268303,27,0.2,2,102.9356791284,19.5625566153035,0.00169035974057078,0.00182345383655211,0.262910837472798,101,4235,1,"1","diploid","female"
"302","0","0","0","0",-0.850703835487366,3164.48266601562,"map_4235_1_2",5,70,300,20,5,5.01140541858974,0.1,12.1090015855949,0.29599953055683,4.86573637067147,96,0.2,2,102.9356791284,19.5625566153035,0.00500516398578178,0.0148446855591736,0.216627033840512,101,4235,1,"2","diploid","female"
"303","0","0","0","0",-0.850703835487366,3164.48266601562,"map_4235_1_3",5,70,300,20,5,4.45935039349213,0.1,7.12060363842025,0.0390661359174923,5.9200719720168,27,0.2,2,102.9356791284,19.5625566153035,0.000169904376217287,5.57547019346694e-07,0.727089163695043,101,4235,1,"3","diploid","female"
"304","0","0","0","0",-0.908679306507111,3074.32250976562,"map_4304_1_1",5,70,300,20,5,3.88251866803483,0.1,11.1940377066285,0.251345235528634,7.42907147789072,30,0.2,2,132.981973641735,20.5732575540131,0.00329287266915058,0.00509262470634858,0.225781283966401,102,4304,1,"1","diploid","female"
"305","0","0","0","0",-0.908679306507111,3074.32250976562,"map_4304_1_2",5,70,300,20,5,3.25348338435762,0.1,14.8577722845315,0.652081138643096,0.734908790405089,47,0.2,2,132.981973641735,20.5732575540131,0.0157714368218195,0.054952500772598,0.0832543330720189,102,4304,1,"2","diploid","female"
"306","0","0","0","0",-0.908679306507111,3074.32250976562,"map_4304_1_3",5,70,300,20,5,5.13030538493099,0.1,6.44766134725089,0.0765304555567358,6.627495427775,124,0.2,2,132.981973641735,20.5732575540131,0.000290445563192312,1.21322943086858e-05,0.777700503060791,102,4304,1,"3","diploid","female"
"307","0","0","0","0",-0.877164304256439,3113.501953125,"map_4306_1_1",5,70,300,20,5,4.03139695063742,0.1,8.67549598975903,0.313056710375033,8.92163531993053,37,0.2,2,133.313437110166,20.563954115706,0.0028769806561484,0.00630657260919036,0.289322135081034,103,4306,1,"1","diploid","female"
"308","0","0","0","0",-0.877164304256439,3113.501953125,"map_4306_1_2",5,70,300,20,5,3.49356596559784,0.1,12.084665549753,0.404932816669264,5.5825827357604,42,0.2,2,133.313437110166,20.563954115706,0.00811024922744202,0.0346912943282937,0.280703369248047,103,4306,1,"2","diploid","female"
"309","0","0","0","0",-0.877164304256439,3113.501953125,"map_4306_1_3",5,70,300,20,5,5.01856900582257,0.1,5.90231639683431,0.217314659985785,7.61146204526638,6,0.2,2,133.313437110166,20.563954115706,0.000655685080973096,1.61917712269649e-05,0.706051072399024,103,4306,1,"3","diploid","female"
"310","0","0","0","0",-0.818107068538666,3088.5712890625,"map_4308_1_1",5,70,300,20,5,3.78484468318881,0.1,10.6112607997072,0.326704918313274,6.60401807215077,55,0.2,2,156.37143702206,20.5878674580013,0.0044480591815635,0.0137146437587749,0.428901936965084,104,4308,1,"1","diploid","female"
"311","0","0","0","0",-0.818107068538666,3088.5712890625,"map_4308_1_2",5,70,300,20,5,9.61243360892157,0.1,12.6033764471565,0.74657030297662,2.84437657725713,96,0.2,2,156.37143702206,20.5878674580013,0.0170327898077682,0.0798647348775986,0.510550205854664,104,4308,1,"2","diploid","female"
"312","0","0","0","0",-0.818107068538666,3088.5712890625,"map_4308_1_3",5,70,300,20,5,3.44541913641189,0.1,7.90956184789809,0.0735815024725691,5.76330231683695,19,0.2,2,156.37143702206,20.5878674580013,0.000381948161621526,4.35583987922369e-05,0.798245837641049,104,4308,1,"3","diploid","female"
"313","0","0","0","0",-0.720339834690094,3086.19506835938,"map_4309_1_1",5,70,300,20,5,7.28554791309902,0.1,10.3601541915741,0.386512405229395,9.42368621243287,7,0.2,2,158.882356840115,20.5757378824261,0.00537831334309506,0.0180030662539731,0.307809637569487,105,4309,1,"1","diploid","female"
"314","0","0","0","0",-0.720339834690094,3086.19506835938,"map_4309_1_2",5,70,300,20,5,10.366348476483,0.1,16.2526806493016,0.560899745647757,2.623203639413,11,0.2,2,158.882356840115,20.5757378824261,0.0189748713442853,0.0937828185570733,0.161161615626201,105,4309,1,"2","diploid","female"
"315","0","0","0","0",-0.720339834690094,3086.19506835938,"map_4309_1_3",5,70,300,20,5,5.68853932311918,0.1,6.76164422421583,0.100444101613059,5.16910720031281,3,0.2,2,158.882356840115,20.5757378824261,0.000434697854067794,0.000194714243918311,1.01388850434267,105,4309,1,"3","diploid","female"
"316","0","0","0","0",-0.894158899784088,3096.01708984375,"map_4310_1_1",5,70,300,20,5,1.72977590467003,0.1,7.55846223094598,0.240688298229162,7.55037430018365,39,0.2,2,104.994881297267,20.569942741563,0.00145143282322124,0.00139526728053653,0.326602544910368,106,4310,1,"1","diploid","female"
"317","0","0","0","0",-0.894158899784088,3096.01708984375,"map_4310_1_2",5,70,300,20,5,3.47976169784783,0.1,13.6660380026528,0.363872587564931,2.67147755805045,76,0.2,2,104.994881297267,20.569942741563,0.00706266798718752,0.0174848322093897,0.234905980252834,106,4310,1,"2","diploid","female"
"318","0","0","0","0",-0.894158899784088,3096.01708984375,"map_4310_1_3",5,70,300,20,5,2.11609091108986,0.1,6.06625926765819,0.089894676559959,6.28240049931865,77,0.2,2,104.994881297267,20.569942741563,0.000279255397147106,8.24320124342518e-07,0.67480094483218,106,4310,1,"3","diploid","female"
"319","0","0","0","0",0.748384952545166,2887.87841796875,"map_4316_1_1",5,70,300,20,5,8.44645219613558,0.1,8.02252548803368,0.310313142950871,12.8223601341499,29,0.2,2,38.4091282495827,21.0012331800999,0.00193096089626668,0.000968632206209804,0.356238901442896,107,4316,1,"1","diploid","female"
"320","0","0","0","0",0.748384952545166,2887.87841796875,"map_4316_1_2",5,70,300,20,5,6.17393110206225,0.1,9.19309584036013,0.33366735028431,4.75307653437912,34,0.2,2,38.4091282495827,21.0012331800999,0.00257626961811366,0.00111719036485117,0.260969591173406,107,4316,1,"2","diploid","female"
"321","0","0","0","0",0.748384952545166,2887.87841796875,"map_4316_1_3",5,70,300,20,5,6.44653583222298,0.1,7.13288451972402,0.119935151203215,5.89451348536763,88,0.2,2,38.4091282495827,21.0012331800999,0.000559283369528979,5.42740874055176e-05,0.745596475358061,107,4316,1,"3","diploid","female"
"322","0","0","0","0",-0.25074514746666,2901.0126953125,"map_4328_1_1",5,70,300,20,5,3.58585927909119,0.1,9.44642221150696,0.22602724444155,5.06214357782191,36,0.2,2,34.1074561692552,22.2276875104091,0.00193038622553961,0.00169382630143658,0.458645191214634,108,4328,1,"1","diploid","female"
"323","0","0","0","0",-0.25074514746666,2901.0126953125,"map_4328_1_2",5,70,300,20,5,3.78561550922586,0.1,8.52761217088186,0.54708639548612,1.66083294742697,84,0.2,2,34.1074561692552,22.2276875104091,0.00367078643988229,0.00263390318256599,0.600576209407592,108,4328,1,"2","diploid","female"
"324","0","0","0","0",-0.25074514746666,2901.0126953125,"map_4328_1_3",5,70,300,20,5,3.67649757094038,0.1,6.83427129819384,0.0856600496744761,4.90957684274175,55,0.2,2,34.1074561692552,22.2276875104091,0.000330202264509701,3.57663529670248e-06,0.786894579303315,108,4328,1,"3","diploid","female"
"325","0","0","0","0",-0.258511573076248,2934.27270507812,"map_4329_1_1",5,70,300,20,5,4.33011787892279,0.1,11.7199925961838,0.182223548147411,6.21354529397794,27,0.2,2,58.4420244416525,21.6507936479773,0.00236257216638255,0.00263352429996481,0.347248356995437,109,4329,1,"1","diploid","female"
"326","0","0","0","0",-0.258511573076248,2934.27270507812,"map_4329_1_2",5,70,300,20,5,3.96797823464007,0.1,10.4482663521673,0.5016808147008,1.37941181970622,120,0.2,2,58.4420244416525,21.6507936479773,0.00548260015111703,0.00934224146309187,0.235249598118499,109,4329,1,"2","diploid","female"
"327","0","0","0","0",-0.258511573076248,2934.27270507812,"map_4329_1_3",5,70,300,20,5,4.65740359202997,0.1,7.42730729075409,0.0610379268297811,6.81377706684553,40,0.2,2,58.4420244416525,21.6507936479773,0.000294503294118533,1.07718670821849e-05,0.846707871435832,109,4329,1,"3","diploid","female"
"328","0","0","0","0",-0.573571443557739,3026.28247070312,"map_4332_1_1",5,70,300,20,5,3.89039490990589,0.1,7.36529063882913,0.444325418513737,7.14479577477696,60,0.2,2,79.7658089926076,21.6137881146977,0.00238410183535651,0.00246950705995324,0.669864873289881,110,4332,1,"1","diploid","female"
"329","0","0","0","0",-0.573571443557739,3026.28247070312,"map_4332_1_2",5,70,300,20,5,4.06619851393131,0.1,8.3342878589524,1.05902140850358,4.31269623789102,30,0.2,2,79.7658089926076,21.6137881146977,0.00879412623820057,0.0151876737966601,0.693609809774821,110,4332,1,"2","diploid","female"
"330","0","0","0","0",-0.573571443557739,3026.28247070312,"map_4332_1_3",5,70,300,20,5,4.92037068811334,0.1,6.64654144963471,0.149414812482479,6.93873799115438,62,0.2,2,79.7658089926076,21.6137881146977,0.000549282870806887,2.6012552136714e-05,0.862140832339486,110,4332,1,"3","diploid","female"
"331","0","0","0","0",-0.794133603572845,3126.3740234375,"map_4338_1_1",5,70,300,20,5,4.18258570497277,0.1,8.61319950847728,0.230362714055381,7.31001515483458,31,0.2,2,85.3305931503195,20.9106474397982,0.00166970074728374,0.00134012313024608,0.289508634286067,111,4338,1,"1","diploid","female"
"332","0","0","0","0",-0.794133603572845,3126.3740234375,"map_4338_1_2",5,70,300,20,5,3.80096857036332,0.1,10.0889305948372,0.288161426963164,5.47659442185959,49,0.2,2,85.3305931503195,20.9106474397982,0.00328524780933117,0.0070801301158334,0.365823354311571,111,4338,1,"2","diploid","female"
"333","0","0","0","0",-0.794133603572845,3126.3740234375,"map_4338_1_3",5,70,300,20,5,5.05110314023327,0.1,7.03207155563927,0.0757062779734276,7.07861927456483,42,0.2,2,85.3305931503195,20.9106474397982,0.000314841918319139,1.5605712107233e-06,0.662046773310932,111,4338,1,"3","diploid","female"
"334","0","0","0","0",-0.391192227602005,3052.33544921875,"map_4393_1_1",5,70,300,20,5,4.24762758327786,0.1,12.8636895947871,0.390692716579768,6.4930397482489,51,0.2,2,132.479821778611,21.181971937583,0.00728358994324632,0.0241563165235888,0.35978620989409,112,4393,1,"1","diploid","female"
"335","0","0","0","0",-0.391192227602005,3052.33544921875,"map_4393_1_2",5,70,300,20,5,10.8815738782728,0.1,11.9079962016102,1.01228174260793,1.80332630622,18,0.2,2,132.479821778611,21.181971937583,0.0208332893966241,0.0877753534488644,0.451918493509524,112,4393,1,"2","diploid","female"
"336","0","0","0","0",-0.391192227602005,3052.33544921875,"map_4393_1_3",5,70,300,20,5,3.64392724589505,0.1,10.8398207295762,0.18374704277662,11.9248485027506,124,0.2,2,132.479821778611,21.181971937583,0.00221077088655804,0.0038347211595314,0.399931466125475,112,4393,1,"3","diploid","female"
"337","0","0","0","0",-0.866042017936707,3044.26684570312,"map_4406_1_1",5,70,300,20,5,2.93940992361757,0.1,10.1228276291929,0.23126635331356,7.99083519457381,4,0.2,2,116.14982644268,20.8591656911941,0.00222738663230545,0.00186947074372928,0.444941797020676,113,4406,1,"1","diploid","female"
"338","0","0","0","0",-0.866042017936707,3044.26684570312,"map_4406_1_2",5,70,300,20,5,7.30395495443298,0.1,9.10706695114714,1.02165662126795,1.53645130116921,21,0.2,2,116.14982644268,20.8591656911941,0.0101969425041512,0.0371251696391821,0.443736669315472,113,4406,1,"2","diploid","female"
"339","0","0","0","0",-0.866042017936707,3044.26684570312,"map_4406_1_3",5,70,300,20,5,2.94331059849839,0.1,6.75252105771602,0.122052522087236,6.88029344968419,2,0.2,2,116.14982644268,20.8591656911941,0.000492481035861887,8.51199498222947e-06,0.780059389931836,113,4406,1,"3","diploid","female"
"340","0","0","0","0",-0.90191376209259,3040.06298828125,"map_4407_1_1",5,70,300,20,5,6.50304062916451,0.1,7.35304179460675,0.264047715491048,7.8430227300704,39,0.2,2,110.574640863362,20.8382077602585,0.00160544573600288,0.00236422913303369,0.366533685433241,114,4407,1,"1","diploid","female"
"341","0","0","0","0",-0.90191376209259,3040.06298828125,"map_4407_1_2",5,70,300,20,5,9.03030854805584,0.1,12.8997494897066,0.359647559207596,5.60065701786319,45,0.2,2,110.574640863362,20.8382077602585,0.00898648076960294,0.0384064813227031,0.262030103157242,114,4407,1,"2","diploid","female"
"342","0","0","0","0",-0.90191376209259,3040.06298828125,"map_4407_1_3",5,70,300,20,5,5.93258693859135,0.1,5.68845006982259,0.158016541716377,4.72705948367257,7,0.2,2,110.574640863362,20.8382077602585,0.000442028712845411,4.18445086710072e-06,0.775686946511987,114,4407,1,"3","diploid","female"
"343","0","0","0","0",-0.714999079704285,3023.49072265625,"map_4408_1_1",5,70,300,20,5,4.291045469916,0.1,11.2889152826976,0.199771180651209,7.25240776467633,25,0.2,2,113.270136734972,20.5464613207947,0.00247446711477647,0.00219303034056431,0.434110175951776,115,4408,1,"1","diploid","female"
"344","0","0","0","0",-0.714999079704285,3023.49072265625,"map_4408_1_2",5,70,300,20,5,3.39203753764605,0.1,17.2448734930574,0.464207496998757,2.03352192145457,141,0.2,2,113.270136734972,20.5464613207947,0.0150902019967512,0.0590882258811432,0.200743105846796,115,4408,1,"2","diploid","female"
"345","0","0","0","0",-0.714999079704285,3023.49072265625,"map_4408_1_3",5,70,300,20,5,5.44765930801019,0.1,8.15045401592984,0.0307146978713518,5.19151511228385,31,0.2,2,113.270136734972,20.5464613207947,0.000181177323605,5.54891692352374e-06,0.87028207178397,115,4408,1,"3","diploid","female"
"346","0","0","0","0",-0.849756836891174,3056.1572265625,"map_4410_1_1",5,70,300,20,5,3.99763710153267,0.1,12.5882218183479,0.185276448820802,4.4010520874343,29,0.2,2,116.121343055041,20.5138488972306,0.0025820331430558,0.00215857492377052,0.26795774590429,116,4410,1,"1","diploid","female"
"347","0","0","0","0",-0.849756836891174,3056.1572265625,"map_4410_1_2",5,70,300,20,5,3.28718819787673,0.1,9.89898367940655,0.916224145641874,0.678693044903662,154,0.2,2,116.121343055041,20.5138488972306,0.00963033967353848,0.0221927762743845,0.137067870215469,116,4410,1,"2","diploid","female"
"348","0","0","0","0",-0.849756836891174,3056.1572265625,"map_4410_1_3",5,70,300,20,5,5.242414643555,0.1,10.049310665202,0.0209058410861994,6.09262253101092,26,0.2,2,116.121343055041,20.5138488972306,0.000184259956543563,1.50671971524734e-05,0.482683725234983,116,4410,1,"3","diploid","female"
"349","0","0","0","0",-0.743287324905396,3045.70751953125,"map_4411_1_1",5,70,300,20,5,4.09203167675229,0.1,9.81979673277256,0.304363444300622,6.2046671528883,7,0.2,2,124.12635639102,20.6210889552255,0.00291585503431973,0.0022317456698305,0.399968577369937,117,4411,1,"1","diploid","female"
"350","0","0","0","0",-0.743287324905396,3045.70751953125,"map_4411_1_2",5,70,300,20,5,9.96017729976398,0.1,16.1337564515119,0.540742588675829,0.988070062790134,20,0.2,2,124.12635639102,20.6210889552255,0.0136097050823965,0.0287595536851624,0.126453411234052,117,4411,1,"2","diploid","female"
"351","0","0","0","0",-0.743287324905396,3045.70751953125,"map_4411_1_3",5,70,300,20,5,3.75358307875636,0.1,8.11315230864165,0.0467060407290297,6.76230041703532,4,0.2,2,124.12635639102,20.6210889552255,0.000258594805413959,3.54662470367117e-06,0.625159502766199,117,4411,1,"3","diploid","female"
"352","0","0","0","0",-0.699229598045349,3045.1650390625,"map_4412_1_1",5,70,300,20,5,4.40465859650124,0.1,8.81161460200219,0.493817025808824,8.2275908000823,159,0.2,2,125.323785693146,20.6169549534355,0.00460735460839666,0.00979140978962868,0.549401955318677,118,4412,1,"1","diploid","female"
"353","0","0","0","0",-0.699229598045349,3045.1650390625,"map_4412_1_2",5,70,300,20,5,3.74743070950205,0.1,16.6048656002439,0.633960193200571,2.55176271677706,230,0.2,2,125.323785693146,20.6169549534355,0.0204715471906947,0.0789851569467651,0.185528616674129,118,4412,1,"2","diploid","female"
"354","0","0","0","0",-0.699229598045349,3045.1650390625,"map_4412_1_3",5,70,300,20,5,5.24892713527964,0.1,7.25173187526918,0.194745796425473,8.6853104683477,94,0.2,2,125.323785693146,20.6169549534355,0.000915937644536638,0.00020601151311945,0.608515285619522,118,4412,1,"3","diploid","female"
"355","0","0","0","0",-0.633472621440887,2997.30932617188,"map_4436_1_1",5,70,300,20,5,3.46638844327157,0.1,7.39517798832954,0.18542803070831,6.47326326467925,4,0.2,2,43.35128801368,21.6583119262493,0.000926200209325611,0.000193033402893549,0.411316300893296,119,4436,1,"1","diploid","female"
"356","0","0","0","0",-0.633472621440887,2997.30932617188,"map_4436_1_2",5,70,300,20,5,3.43881042159383,0.1,8.10639425558081,0.25067611399819,5.83928122674129,4,0.2,2,43.35128801368,21.6583119262493,0.00159716833833341,0.000990554503863313,0.443294257739405,119,4436,1,"2","diploid","female"
"357","0","0","0","0",-0.633472621440887,2997.30932617188,"map_4436_1_3",5,70,300,20,5,4.72855966080672,0.1,5.95072016717094,0.119205148903432,5.8265971891554,2,0.2,2,43.35128801368,21.6583119262493,0.000355133175919595,8.21615988546251e-07,0.716675993919242,119,4436,1,"3","diploid","female"
"358","0","0","0","0",0.226167351007462,3104.93701171875,"map_4442_1_1",5,70,300,20,5,8.30143919072986,0.1,8.17185414772115,0.282927980884073,15.8955553903923,32,0.2,2,81.6629273471642,20.8653827341952,0.00190041453862564,0.00130883742862711,0.32469430579712,120,4442,1,"1","diploid","female"
"359","0","0","0","0",0.226167351007462,3104.93701171875,"map_4442_1_2",5,70,300,20,5,7.13405168109673,0.1,7.57878348906525,0.417990949945257,11.3324235139512,44,0.2,2,81.6629273471642,20.8653827341952,0.00246189083120254,0.00180160490496795,0.383825114205027,120,4442,1,"2","diploid","female"
"360","0","0","0","0",0.226167351007462,3104.93701171875,"map_4442_1_3",5,70,300,20,5,7.71162075918188,0.1,8.07380059150117,0.204629782896257,14.5499196613795,134,0.2,2,81.6629273471642,20.8653827341952,0.00129497004423776,0.000579391555884037,0.40989410923674,120,4442,1,"3","diploid","female"
"361","0","0","0","0",-0.549995899200439,2875.46752929688,"map_4495_1_1",5,70,300,20,5,3.9090355369573,0.1,8.9086907234574,0.350873596305153,6.62556638836794,10,0.2,2,63.498609940277,21.1512543413198,0.00355864647831246,0.00956279832555058,0.307688715422401,121,4495,1,"1","diploid","female"
"362","0","0","0","0",-0.549995899200439,2875.46752929688,"map_4495_1_2",5,70,300,20,5,4.17099319400884,0.1,13.2967501872848,0.462442697595081,3.25763050230912,10,0.2,2,63.498609940277,21.1512543413198,0.0112810691731779,0.0505629301154361,0.237362273432097,121,4495,1,"2","diploid","female"
"363","0","0","0","0",-0.549995899200439,2875.46752929688,"map_4495_1_3",5,70,300,20,5,3.11368179047755,0.1,6.03771782082148,0.0257943193107764,0.36684309639327,3,0.2,2,63.498609940277,21.1512543413198,8.16083760812806e-05,4.27247008664128e-06,0.718197842447469,121,4495,1,"3","diploid","female"
"364","0","0","0","0",-0.571952760219574,2957.35864257812,"map_4496_1_1",5,70,300,20,5,4.26007539082055,0.1,8.93288790169098,0.104647577840367,7.05612706798393,11,0.2,2,61.8508783210552,21.203132553354,0.000884850504658022,0.0015688387739427,0.423307371740228,122,4496,1,"1","diploid","female"
"365","0","0","0","0",-0.571952760219574,2957.35864257812,"map_4496_1_2",5,70,300,20,5,5.07812463828579,0.1,14.905572718199,0.163628218478891,6.33058741333961,20,0.2,2,61.8508783210552,21.203132553354,0.00453365204502928,0.0202380870427247,0.366628792945961,122,4496,1,"2","diploid","female"
"366","0","0","0","0",-0.571952760219574,2957.35864257812,"map_4496_1_3",5,70,300,20,5,4.19689202805081,0.1,8.79032226689291,0.0130334158576005,3.71269976361587,13,0.2,2,61.8508783210552,21.203132553354,8.73279121094662e-05,3.77703204101854e-06,0.763858293822252,122,4496,1,"3","diploid","female"
"367","0","0","0","0",-0.617641985416412,3020.15869140625,"map_4497_1_1",5,70,300,20,5,4.4171546979526,0.1,16.6534786636415,0.262307150847223,7.55103020474991,104,0.2,2,135.056097753024,21.1850937709196,0.00775243457507142,0.0328910967835377,0.176825792105099,123,4497,1,"1","diploid","female"
"368","0","0","0","0",-0.617641985416412,3020.15869140625,"map_4497_1_2",5,70,300,20,5,3.84723477659523,0.1,25.864769235909,0.518880753985819,2.1845865928087,145,0.2,2,135.056097753024,21.1850937709196,0.0322642139066685,0.112286947375284,0.0746722348823513,123,4497,1,"2","diploid","female"
"369","0","0","0","0",-0.617641985416412,3020.15869140625,"map_4497_1_3",5,70,300,20,5,5.41582171164019,0.1,9.89918827455571,0.146747805984127,9.9801771636275,98,0.2,2,135.056097753024,21.1850937709196,0.00137570330513569,0.0010827488870827,0.372855842555266,123,4497,1,"3","diploid","female"
"370","0","0","0","0",-0.85857081413269,3001.31591796875,"map_4511_1_1",5,70,300,20,5,1.73315937420914,0.1,11.963849043402,0.170262917110903,6.9841375767679,32,0.2,2,107.014704118139,20.8358301297903,0.00260151543047859,0.00549982857861337,0.302812632762306,124,4511,1,"1","diploid","female"
"371","0","0","0","0",-0.85857081413269,3001.31591796875,"map_4511_1_2",5,70,300,20,5,3.1768684751657,0.1,16.5851408105116,0.336704212093075,4.56851984381665,82,0.2,2,107.014704118139,20.8358301297903,0.0103769022515229,0.0369335289676449,0.194007675313203,124,4511,1,"2","diploid","female"
"372","0","0","0","0",-0.85857081413269,3001.31591796875,"map_4511_1_3",5,70,300,20,5,2.20534366193955,0.1,8.94211032540015,0.0519450480991975,5.62299409890388,28,0.2,2,107.014704118139,20.8358301297903,0.000377389628255124,0.000132598905839828,0.640831374240258,124,4511,1,"3","diploid","female"
"373","0","0","0","0",-0.847593724727631,2987.60913085938,"map_4512_1_1",5,70,300,20,5,3.80458365123188,0.1,10.7912900986433,0.300098647661259,5.70702558850895,30,0.2,2,119.448721641718,20.5362431577934,0.00370522840785669,0.00604607574240425,0.387731970407302,125,4512,1,"1","diploid","female"
"374","0","0","0","0",-0.847593724727631,2987.60913085938,"map_4512_1_2",5,70,300,20,5,2.90611342295728,0.1,15.6649507984947,0.793906011493635,0.36465520117271,30,0.2,2,119.448721641718,20.5362431577934,0.0231456038849234,0.0915785073055165,0.062012457414164,125,4512,1,"2","diploid","female"
"375","0","0","0","0",-0.847593724727631,2987.60913085938,"map_4512_1_3",5,70,300,20,5,4.90169192825725,0.1,7.80067164274829,0.0660257189747295,5.88791884527196,116,0.2,2,119.448721641718,20.5362431577934,0.000353629697461431,2.6901584750405e-05,0.65312228332343,125,4512,1,"3","diploid","female"
"376","0","0","0","0",-0.807406902313232,3004.67553710938,"map_4515_1_1",5,70,300,20,5,3.97072860244764,0.1,10.7531574396087,0.0829265232913841,7.23315883254693,29,0.2,2,123.713797242935,20.5630579089801,0.000975220644753878,0.00162237591344039,0.482522705667414,126,4515,1,"1","diploid","female"
"377","0","0","0","0",-0.807406902313232,3004.67553710938,"map_4515_1_2",5,70,300,20,5,3.25066120730545,0.1,18.3046230417619,0.193245761299553,5.74777257171817,78,0.2,2,123.713797242935,20.5630579089801,0.00788178153931865,0.036537748815545,0.309400938323403,126,4515,1,"2","diploid","female"
"378","0","0","0","0",-0.807406902313232,3004.67553710938,"map_4515_1_3",5,70,300,20,5,4.83784595005839,0.1,8.68833745699632,0.0120094629623798,3.25018042702916,41,0.2,2,123.713797242935,20.5630579089801,7.5839020851321e-05,1.43438039252178e-06,1.01118929951326,126,4515,1,"3","diploid","female"
"379","0","0","0","0",0.835663914680481,2930.01733398438,"map_4526_1_1",5,70,300,20,5,7.87205062350789,0.1,10.0927495606064,0.404858132591446,13.7439338355518,39,0.2,2,92.6400526560026,22.0483131440375,0.00518545963904109,0.0115861919758323,0.203125176955022,127,4526,1,"1","diploid","female"
"380","0","0","0","0",0.835663914680481,2930.01733398438,"map_4526_1_2",5,70,300,20,5,8.52661686343952,0.1,9.75485952368319,0.527022217663494,7.13428526911077,26,0.2,2,92.6400526560026,22.0483131440375,0.00595895989296384,0.0113940102949506,0.241394893719856,127,4526,1,"2","diploid","female"
"381","0","0","0","0",0.835663914680481,2930.01733398438,"map_4526_1_3",5,70,300,20,5,6.25567380841639,0.1,7.12227429365379,0.38552808421245,12.4293292083971,15,0.2,2,92.6400526560026,22.0483131440375,0.00204346905541285,0.0019695005427806,0.357125984228414,127,4526,1,"3","diploid","female"
"382","0","0","0","0",-0.798988938331604,2984.11499023438,"map_4542_1_1",5,70,300,20,5,2.73092430176032,0.1,6.98062038154315,0.264849656700888,6.08161769844533,6,0.2,2,47.9085015569414,21.622206703769,0.00140616909984012,0.000769910449561186,0.381747450380008,128,4542,1,"1","diploid","female"
"383","0","0","0","0",-0.798988938331604,2984.11499023438,"map_4542_1_2",5,70,300,20,5,4.03098570442499,0.1,12.7814716852185,0.37194203717512,2.4419953318367,5,0.2,2,47.9085015569414,21.622206703769,0.00576732154157069,0.0059041690014553,0.329897572521381,128,4542,1,"2","diploid","female"
"384","0","0","0","0",-0.798988938331604,2984.11499023438,"map_4542_1_3",5,70,300,20,5,3.11473874337098,0.1,5.53382564773151,0.204493097177663,5.28788830528035,3,0.2,2,47.9085015569414,21.622206703769,0.000519485685235637,2.53036995390056e-06,0.755667952125843,128,4542,1,"3","diploid","female"
"385","0","0","0","0",-0.728797972202301,3016.68432617188,"map_4543_1_1",5,70,300,20,5,1.84759468260019,0.1,7.8869928672248,0.126923005743498,5.9208689644395,6,0.2,2,46.4768801480037,21.3135841935708,0.00073400045925727,0.000480100813613757,0.525450896296565,129,4543,1,"1","diploid","female"
"386","0","0","0","0",-0.728797972202301,3016.68432617188,"map_4543_1_2",5,70,300,20,5,4.67893134123309,0.1,9.35855652475612,0.258817769544778,5.59977826009105,10,0.2,2,46.4768801480037,21.3135841935708,0.00314449311565978,0.0140750714852953,0.712756758288633,129,4543,1,"2","diploid","female"
"387","0","0","0","0",-0.728797972202301,3016.68432617188,"map_4543_1_3",5,70,300,20,5,2.05358916903714,0.1,7.12338084580445,0.0356039132013571,4.98991694192677,4,0.2,2,46.4768801480037,21.3135841935708,0.000153378557088686,2.38423097218863e-06,0.818723501128768,129,4543,1,"3","diploid","female"
"388","0","0","0","0",-0.589713633060455,3167.17895507812,"map_4547_1_1",5,70,300,20,5,4.91482478017255,0.1,7.23956438634873,0.388461903872767,9.244503517959,10,0.2,2,86.0962362352796,20.9291391362119,0.00234309066202895,0.00449058329556485,0.347999966860527,130,4547,1,"1","diploid","female"
"389","0","0","0","0",-0.589713633060455,3167.17895507812,"map_4547_1_2",5,70,300,20,5,4.61213574338607,0.1,6.32138442369688,0.63695870498943,8.29382088931171,9,0.2,2,86.0962362352796,20.9291391362119,0.00263709543741118,0.00278415923243338,0.600383923331496,130,4547,1,"2","diploid","female"
"390","0","0","0","0",-0.589713633060455,3167.17895507812,"map_4547_1_3",5,70,300,20,5,4.91835666526811,0.1,5.75238650650547,0.328011647900701,8.45209033050152,3,0.2,2,86.0962362352796,20.9291391362119,0.000926714301750759,1.88338793417452e-05,0.666219944154475,130,4547,1,"3","diploid","female"
"391","0","0","0","0",-0.715584754943848,2964.35498046875,"map_4601_1_1",5,70,300,20,5,0,0.1,16.1799456835399,0.323653238559291,4.24345752978822,57,0.2,2,132.42927992938,22.4548081897554,0.00856448398987006,0.0228161834223215,0.0867420662144398,131,4601,1,"1","diploid","female"
"392","0","0","0","0",-0.715584754943848,2964.35498046875,"map_4601_1_2",5,70,300,20,5,8.14984656302264,0.1,11.4171144779011,1.09877212103692,0.353334529595197,85,0.2,2,132.42927992938,22.4548081897554,0.0156180196378212,0.0324141919620653,0.0480574096936493,131,4601,1,"2","diploid","female"
"393","0","0","0","0",-0.715584754943848,2964.35498046875,"map_4601_1_3",5,70,300,20,5,3.72816648431406,0.1,10.3505531740964,0.210536867081879,7.42238200186044,50,0.2,2,132.42927992938,22.4548081897554,0.00207302232141961,0.000727085816351934,0.400937041018067,131,4601,1,"3","diploid","female"
"394","0","0","0","0",-0.566956579685211,3033.39331054688,"map_4602_1_1",5,70,300,20,5,3.56508894764346,0.1,20.2512181695526,0.20007116077423,5.95896409269442,46,0.2,2,140.157671690779,22.4505667153123,0.0092965662355198,0.0515943282104147,0.148817229359702,132,4602,1,"1","diploid","female"
"395","0","0","0","0",-0.566956579685211,3033.39331054688,"map_4602_1_2",5,70,300,20,5,4.62236243942369,0.1,28.0554134599404,0.282358146204322,6.26516140114228,68,0.2,2,140.157671690779,22.4505667153123,0.0234961188473227,0.14089459129683,0.149405724976117,132,4602,1,"2","diploid","female"
"396","0","0","0","0",-0.566956579685211,3033.39331054688,"map_4602_1_3",5,70,300,20,5,4.37933899758173,0.1,11.5730878029719,0.133343144525288,7.97388918536227,140,0.2,2,140.157671690779,22.4505667153123,0.00203849167237506,0.00433340574230963,0.338990671676866,132,4602,1,"3","diploid","female"
"397","0","0","0","0",-0.632281005382538,2987.88061523438,"map_4614_1_1",5,70,300,20,5,3.53763720142041,0.1,15.5495962285926,0.174084338506684,7.67991402856086,57,0.2,2,116.129838316148,21.8152386653727,0.0052343367676996,0.0179318621692449,0.218589762878281,133,4614,1,"1","diploid","female"
"398","0","0","0","0",-0.632281005382538,2987.88061523438,"map_4614_1_2",5,70,300,20,5,3.87506161754768,0.1,26.3318350087086,0.364119934785997,3.06130971024836,82,0.2,2,116.129838316148,21.8152386653727,0.0257506021505587,0.1233259290674,0.173182390643303,133,4614,1,"2","diploid","female"
"399","0","0","0","0",-0.632281005382538,2987.88061523438,"map_4614_1_3",5,70,300,20,5,4.21039177420006,0.1,7.39191353492806,0.108889110289974,7.18038020046247,64,0.2,2,116.129838316148,21.8152386653727,0.000581514660805564,0.000189830068200836,0.567431128740618,133,4614,1,"3","diploid","female"
"400","0","0","0","0",-0.695186614990234,2966.79931640625,"map_4615_1_1",5,70,300,20,5,0,0.1,15.1915295233308,0.113717672786872,5.34997897628849,39,0.2,2,105.1574524344,21.8099618047839,0.00312258571899744,0.0124911588784756,0.226770092529646,134,4615,1,"1","diploid","female"
"401","0","0","0","0",-0.695186614990234,2966.79931640625,"map_4615_1_2",5,70,300,20,5,9.83678118333529,0.1,25.9757095175178,0.182564524465661,4.85089592520599,69,0.2,2,105.1574524344,21.8099618047839,0.0126749405758706,0.0790950626927322,0.1777353662919,134,4615,1,"2","diploid","female"
"402","0","0","0","0",-0.695186614990234,2966.79931640625,"map_4615_1_3",5,70,300,20,5,4.76701206637164,0.1,9.47176942526891,0.0247875440252601,6.43200910494749,40,0.2,2,105.1574524344,21.8099618047839,0.000202526503562634,5.4005098758266e-05,0.484017628018729,134,4615,1,"3","diploid","female"
"403","0","0","0","0",0.85246330499649,2910.52490234375,"map_4632_1_1",5,70,300,20,5,7.91355714156187,0.1,11.1496522647996,0.295472838438814,15.5653751954227,45,0.2,2,93.644355228969,22.0896077245837,0.00490277242999128,0.01750021537517,0.207765667591994,135,4632,1,"1","diploid","female"
"404","0","0","0","0",0.85246330499649,2910.52490234375,"map_4632_1_2",5,70,300,20,5,8.03352672204525,0.1,9.85287218125585,0.377950420672081,11.68685797994,39,0.2,2,93.644355228969,22.0896077245837,0.00543164248520212,0.0203915146619949,0.296857722578308,135,4632,1,"2","diploid","female"
"405","0","0","0","0",0.85246330499649,2910.52490234375,"map_4632_1_3",5,70,300,20,5,5.91504834699118,0.1,10.6772434482485,0.224435008884167,11.9645058093853,93,0.2,2,93.644355228969,22.0896077245837,0.00351130369583222,0.0112578944054464,0.297733198964015,135,4632,1,"3","diploid","female"
"406","0","0","0","0",-0.377169817686081,2978.74853515625,"map_4647_1_1",5,70,300,20,5,4.35885944935507,0.1,6.93673309974673,0.189209604316587,8.59361250932588,29,0.2,2,43.0973802143553,21.3550780920491,0.000917197379950877,0.000695463856062639,0.427135714901407,136,4647,1,"1","diploid","female"
"407","0","0","0","0",-0.377169817686081,2978.74853515625,"map_4647_1_2",5,70,300,20,5,3.77040928322998,0.1,9.60031304393815,0.259660581475565,7.05141728930497,40,0.2,2,43.0973802143553,21.3550780920491,0.00312043707799972,0.00727295217461264,0.390465868986929,136,4647,1,"2","diploid","female"
"408","0","0","0","0",-0.377169817686081,2978.74853515625,"map_4647_1_3",5,70,300,20,5,5.4235285181552,0.1,6.0629609413051,0.100543826362182,6.36724517404839,96,0.2,2,43.0973802143553,21.3550780920491,0.000324942575433913,9.39024347480095e-06,0.702174782360242,136,4647,1,"3","diploid","female"
"409","0","0","0","0",0.173808470368385,3044.12036132812,"map_4648_1_1",5,70,300,20,5,7.07277901117522,0.1,10.022340947061,0.156497697530528,12.2808333811578,20,0.2,2,83.5846090443507,21.3034180676026,0.00163397347817471,0.0024872746720126,0.364750304615536,137,4648,1,"1","diploid","female"
"410","0","0","0","0",0.173808470368385,3044.12036132812,"map_4648_1_2",5,70,300,20,5,6.62097821661316,0.1,10.3030425132121,0.239648071115733,8.7395733342028,31,0.2,2,83.5846090443507,21.3034180676026,0.00269670065880639,0.00454271485548137,0.550799266776987,137,4648,1,"2","diploid","female"
"411","0","0","0","0",0.173808470368385,3044.12036132812,"map_4648_1_3",5,70,300,20,5,7.07033723477438,0.1,9.04823461677251,0.105306821803833,12.1522593804158,52,0.2,2,83.5846090443507,21.3034180676026,0.000824239224555642,0.000711393293036143,0.500019626577178,137,4648,1,"3","diploid","female"
"412","0","0","0","0",-0.0576749034225941,3096.27099609375,"map_4649_1_1",5,70,300,20,5,6.20037320990622,0.1,10.7823538410561,0.102566796413549,11.4756156208931,20,0.2,2,77.0533199595455,21.3319928030899,0.00132413025880477,0.00290916865539213,0.278168342791206,138,4649,1,"1","diploid","female"
"413","0","0","0","0",-0.0576749034225941,3096.27099609375,"map_4649_1_2",5,70,300,20,5,6.16099872988511,0.1,11.8037021910162,0.0949947119474372,11.8566563474215,25,0.2,2,77.0533199595455,21.3319928030899,0.0015709959079625,0.00479491518422037,0.385453484724314,138,4649,1,"2","diploid","female"
"414","0","0","0","0",-0.0576749034225941,3096.27099609375,"map_4649_1_3",5,70,300,20,5,6.33681830758217,0.1,9.79032489959818,0.0730160434754197,11.0097659228118,49,0.2,2,77.0533199595455,21.3319928030899,0.000717283371655195,0.00082927495174312,0.388849290728278,138,4649,1,"3","diploid","female"
"415","0","0","0","0",-0.923714399337769,3126.27368164062,"map_4650_1_1",5,70,300,20,5,3.79840299417702,0.1,7.84849746242873,0.249736026361768,7.39556616102474,3,0.2,2,88.7411911511342,20.820975196982,0.00150035848106606,0.0011298279628249,0.311515887661255,139,4650,1,"1","diploid","female"
"416","0","0","0","0",-0.923714399337769,3126.27368164062,"map_4650_1_2",5,70,300,20,5,3.49246452436617,0.1,8.32834612946095,0.317512527259304,6.16460334282026,3,0.2,2,88.7411911511342,20.820975196982,0.00233579148358413,0.00327954301559155,0.351582660906873,139,4650,1,"2","diploid","female"
"417","0","0","0","0",-0.923714399337769,3126.27368164062,"map_4650_1_3",5,70,300,20,5,4.65501579401379,0.1,6.03268569809866,0.154461465309139,6.77516640990548,2,0.2,2,88.7411911511342,20.820975196982,0.000471829637525421,1.41909574711976e-06,0.572924819521869,139,4650,1,"3","diploid","female"
"418","0","0","0","0",-0.886783540248871,3125.3603515625,"map_4651_1_1",5,70,300,20,5,3.98145267446533,0.1,9.66332879467083,0.267263217612902,5.9048613803979,5,0.2,2,87.4667498471333,20.8568290402063,0.00247156988971047,0.00391511963093213,0.429072656263562,140,4651,1,"1","diploid","female"
"419","0","0","0","0",-0.886783540248871,3125.3603515625,"map_4651_1_2",5,70,300,20,5,3.66633557927768,0.1,9.97729473776662,0.835639900094792,1.13667074935359,12,0.2,2,87.4667498471333,20.8568290402063,0.00958847525781143,0.0192198443774998,0.38295912600109,140,4651,1,"2","diploid","female"
"420","0","0","0","0",-0.886783540248871,3125.3603515625,"map_4651_1_3",5,70,300,20,5,4.78425405234063,0.1,5.96653801176882,0.15152573492781,6.7059479048548,2,0.2,2,87.4667498471333,20.8568290402063,0.000455972469849164,1.07741756957128e-05,0.792153974865274,140,4651,1,"3","diploid","female"
"421","0","0","0","0",-0.834280908107758,3206.32055664062,"map_4657_1_1",5,70,300,20,5,2.66343478979863,0.1,8.24086286920569,0.22082101090346,7.80067673346532,7,0.2,2,92.865477349671,19.3608580131995,0.00146429502655767,0.00122896743480328,0.340624437704856,141,4657,1,"1","diploid","female"
"422","0","0","0","0",-0.834280908107758,3206.32055664062,"map_4657_1_2",5,70,300,20,5,3.50305440948212,0.1,8.70258674797096,0.317860353380077,4.437423145092,9,0.2,2,92.865477349671,19.3608580131995,0.00265120143280591,0.0051969543615216,0.438547418763421,141,4657,1,"2","diploid","female"
"423","0","0","0","0",-0.834280908107758,3206.32055664062,"map_4657_1_3",5,70,300,20,5,2.45492826295508,0.1,7.00536248580837,0.0347598177338523,6.57311059326508,4,0.2,2,92.865477349671,19.3608580131995,0.000141919848175193,5.36804408881908e-07,0.724368077561633,141,4657,1,"3","diploid","female"
"424","0","0","0","0",-0.477963477373123,3237.6689453125,"map_4658_1_1",5,70,300,20,5,3.93549670823962,0.1,9.91174694315086,0.25586653131454,6.97382146257963,21,0.2,2,95.8397707764888,19.3632345389686,0.00243241418550841,0.00249711009081889,0.33973728235431,142,4658,1,"1","diploid","female"
"425","0","0","0","0",-0.477963477373123,3237.6689453125,"map_4658_1_2",5,70,300,20,5,6.75909696781293,0.1,8.51786389899107,0.408348964175496,2.14931679460204,36,0.2,2,95.8397707764888,19.3632345389686,0.00271176788602253,0.00128309664694795,0.633311467330844,142,4658,1,"2","diploid","female"
"426","0","0","0","0",-0.477963477373123,3237.6689453125,"map_4658_1_3",5,70,300,20,5,2.41367151385696,0.1,7.28836567908483,0.0666144562254836,7.97355399406775,15,0.2,2,95.8397707764888,19.3632345389686,0.00030100660215886,3.78700775264203e-06,0.700721730002925,142,4658,1,"3","diploid","female"
"427","0","0","0","0",-0.777981996536255,3304.48315429688,"map_4659_1_1",5,70,300,20,5,3.76659297785494,0.1,10.741730964224,0.529944892360984,3.14956066193678,43,0.2,2,112.382439267992,19.3745102855982,0.00718751205509981,0.0194076739645816,0.192177730953844,143,4659,1,"1","diploid","female"
"428","0","0","0","0",-0.777981996536255,3304.48315429688,"map_4659_1_2",5,70,300,20,5,6.87418767506399,0.1,7.06338628838413,0.781292055981525,1.41157906559295,42,0.2,2,112.382439267992,19.3745102855982,0.00381245536114501,0.0026310615129498,0.660064725309611,143,4659,1,"2","diploid","female"
"429","0","0","0","0",-0.777981996536255,3304.48315429688,"map_4659_1_3",5,70,300,20,5,1.69751462357525,0.1,5.96728489268276,0.0309185783433542,1.48197655975179,6,0.2,2,112.382439267992,19.3745102855982,9.67692594903434e-05,8.23552783054808e-07,1.13792395657108,143,4659,1,"3","diploid","female"
"430","0","0","0","0",-0.585932731628418,2888.84814453125,"map_4705_1_1",5,70,300,20,5,3.03391049570841,0.1,18.0532800868779,0.323397534542518,4.40083691281362,158,0.2,2,131.98431493436,22.4767273092851,0.0135963422561782,0.0674030943837118,0.148561516920544,144,4705,1,"1","diploid","female"
"431","0","0","0","0",-0.585932731628418,2888.84814453125,"map_4705_1_2",5,70,300,20,5,3.29657254721943,0.1,28.8198104124194,0.436724551977997,3.51213803478041,166,0.2,2,131.98431493436,22.4767273092851,0.0353048679327582,0.272476134431369,0.0958784312735088,144,4705,1,"2","diploid","female"
"432","0","0","0","0",-0.585932731628418,2888.84814453125,"map_4705_1_3",5,70,300,20,5,2.99050482865207,0.1,8.02286471083032,0.218683882778191,3.70548889290848,148,0.2,2,131.98431493436,22.4767273092851,0.00135773432545178,0.000870139956016188,0.575041034864039,144,4705,1,"3","diploid","female"
"433","0","0","0","0",-0.720766127109528,2971.7529296875,"map_4706_1_1",5,70,300,20,5,3.0475969143316,0.1,11.8436849532549,0.496139220673384,4.47569875924653,13,0.2,2,127.412287290706,22.471036294238,0.00949142297991574,0.0363382603221199,0.469815403492326,145,4706,1,"1","diploid","female"
"434","0","0","0","0",-0.720766127109528,2971.7529296875,"map_4706_1_2",5,70,300,20,5,3.71173570546138,0.1,17.4722583534305,0.728870712429883,1.99570746520055,17,0.2,2,127.412287290706,22.471036294238,0.0282210583851462,0.152144562403911,0.245175213748856,145,4706,1,"2","diploid","female"
"435","0","0","0","0",-0.720766127109528,2971.7529296875,"map_4706_1_3",5,70,300,20,5,3.74769247756962,0.1,7.68674631841037,0.33489273175448,6.56418469465672,3,0.2,2,127.412287290706,22.471036294238,0.00183172296606553,0.000763914709941999,0.582903804911039,145,4706,1,"3","diploid","female"
"436","0","0","0","0",-0.805969178676605,3028.92309570312,"map_4707_1_1",5,70,300,20,5,3.01674122615101,0.1,16.2974214506739,0.256026947401238,3.93943262732078,69,0.2,2,132.850661984314,22.4654006239848,0.00686687519942497,0.0167419937465914,0.161217286039834,146,4707,1,"1","diploid","female"
"437","0","0","0","0",-0.805969178676605,3028.92309570312,"map_4707_1_2",5,70,300,20,5,3.93351685341719,0.1,15.0570964138461,0.748215037815611,0.492620571599649,96,0.2,2,132.850661984314,22.4654006239848,0.0161779782951773,0.0265568281302867,0.0860520644088479,146,4707,1,"2","diploid","female"
"438","0","0","0","0",-0.805969178676605,3028.92309570312,"map_4707_1_3",5,70,300,20,5,3.95547969807636,0.1,10.5109162333666,0.12468727273661,6.65900792639452,63,0.2,2,132.850661984314,22.4654006239848,0.00123300872234348,0.000373885341689767,0.486849753644642,146,4707,1,"3","diploid","female"
"439","0","0","0","0",-0.796147465705872,3063.412109375,"map_4708_1_1",5,70,300,20,5,6.01501883220145,0.1,14.716876721649,0.201179425040633,7.46047793229687,34,0.2,2,151.165892768936,21.2506031657374,0.00536838039159714,0.0244031224364758,0.190883795663364,147,4708,1,"1","diploid","female"
"440","0","0","0","0",-0.796147465705872,3063.412109375,"map_4708_1_2",5,70,300,20,5,8.94011025611895,0.1,22.7921074534505,0.306314386476626,5.28158130946556,75,0.2,2,151.165892768936,21.2506031657374,0.0166184816579813,0.0880827213106344,0.11803861078111,147,4708,1,"2","diploid","female"
"441","0","0","0","0",-0.796147465705872,3063.412109375,"map_4708_1_3",5,70,300,20,5,5.52678335386401,0.1,8.41693187727071,0.0682200252402262,6.03932392176592,29,0.2,2,151.165892768936,21.2506031657374,0.000494863567131873,0.000414097091474872,0.539737036872222,147,4708,1,"3","diploid","female"
"442","0","0","0","0",0.738621234893799,2940.00439453125,"map_4737_1_1",5,70,300,20,5,4.76031924417021,0.1,9.26755897086492,0.199396167176697,13.6559412780261,22,0.2,2,43.5983878247366,21.4620173275801,0.00168159616781125,0.00245223826353949,0.433278823670238,148,4737,1,"1","diploid","female"
"443","0","0","0","0",0.738621234893799,2940.00439453125,"map_4737_1_2",5,70,300,20,5,11.3794674839967,0.1,7.99172636365779,0.599414205123595,3.39842550478307,43,0.2,2,43.5983878247366,21.4620173275801,0.00348700227553131,0.00204331238155087,0.444009618189067,148,4737,1,"2","diploid","female"
"444","0","0","0","0",0.738621234893799,2940.00439453125,"map_4737_1_3",5,70,300,20,5,3.18861479522637,0.1,9.25667599353247,0.135697855805168,12.9328571717196,113,0.2,2,43.5983878247366,21.4620173275801,0.00109740078937991,0.000963102950217421,0.578383575556934,148,4737,1,"3","diploid","female"
"445","0","0","0","0",0.815302491188049,2889.84057617188,"map_4738_1_1",5,70,300,20,5,8.27415492807176,0.1,10.2685262053346,0.189769459784372,14.3457119912681,25,0.2,2,47.0396491429735,21.4820073699106,0.00221525264423197,0.00427829111373672,0.295304098097729,149,4738,1,"1","diploid","female"
"446","0","0","0","0",0.815302491188049,2889.84057617188,"map_4738_1_2",5,70,300,20,5,6.69159526968542,0.1,10.6323376388084,0.202181905403465,8.66238677870456,33,0.2,2,47.0396491429735,21.4820073699106,0.00244917463708273,0.00370505415116515,0.375502668072169,149,4738,1,"2","diploid","female"
"447","0","0","0","0",0.815302491188049,2889.84057617188,"map_4738_1_3",5,70,300,20,5,6.20882725278922,0.1,9.19670070035933,0.12126667211023,10.981474552022,118,0.2,2,47.0396491429735,21.4820073699106,0.00100309392268565,0.00101828677526454,0.430005822694652,149,4738,1,"3","diploid","female"
"448","0","0","0","0",-0.511481702327728,3036.04418945312,"map_4752_1_1",5,70,300,20,5,3.76974183918085,0.1,9.07476539659555,0.175829561622917,8.33757019403732,45,0.2,2,74.253309241957,22.1947791161859,0.00174111086840264,0.0039786602607757,0.188180931894243,150,4752,1,"1","diploid","female"
"449","0","0","0","0",-0.511481702327728,3036.04418945312,"map_4752_1_2",5,70,300,20,5,4.53835938234724,0.1,8.82966732358412,0.18298485361826,9.75326839093457,38,0.2,2,74.253309241957,22.1947791161859,0.00168780035695008,0.00289705993383065,0.232938529451989,150,4752,1,"2","diploid","female"
"450","0","0","0","0",-0.511481702327728,3036.04418945312,"map_4752_1_3",5,70,300,20,5,4.59000889184239,0.1,7.44589266521779,0.155053090656988,8.69926486570128,107,0.2,2,74.253309241957,22.1947791161859,0.00081331849546864,0.000168167960877623,0.363726989198087,150,4752,1,"3","diploid","female"
"451","0","0","0","0",-0.915229320526123,3138.4091796875,"map_4757_1_1",5,70,300,20,5,2.00173631191272,0.1,10.6375593966212,0.178005865727077,5.79959118467526,7,0.2,2,89.1593591556993,21.4231699439774,0.00221309722560491,0.00437739937463683,0.235322086174634,151,4757,1,"1","diploid","female"
"452","0","0","0","0",-0.915229320526123,3138.4091796875,"map_4757_1_2",5,70,300,20,5,5.91044186382303,0.1,10.7306307772967,0.190608454785178,5.78084197225975,6,0.2,2,89.1593591556993,21.4231699439774,0.00244802802551833,0.00490858255486259,0.339705059952249,151,4757,1,"2","diploid","female"
"453","0","0","0","0",-0.915229320526123,3138.4091796875,"map_4757_1_3",5,70,300,20,5,1.96015454197776,0.1,7.20719778353871,0.0666103063110543,6.55197221712626,4,0.2,2,89.1593591556993,21.4231699439774,0.000301406078453484,2.24966348281499e-05,0.623007117650458,151,4757,1,"3","diploid","female"
"454","0","0","0","0",-0.806408226490021,3162.43188476562,"map_4759_1_1",5,70,300,20,5,3.96333963689445,0.1,12.3082149657967,0.201585181976612,6.63235897544194,8,0.2,2,97.3212804319058,21.1830759375858,0.0034464629305268,0.0069142194416413,0.181885496254029,152,4759,1,"1","diploid","female"
"455","0","0","0","0",-0.806408226490021,3162.43188476562,"map_4759_1_2",5,70,300,20,5,6.01766367331608,0.1,14.2774254173807,0.276098098074656,2.89554576003637,8,0.2,2,97.3212804319058,21.1830759375858,0.0052284177049183,0.00931384605420503,0.319735581886458,152,4759,1,"2","diploid","female"
"456","0","0","0","0",-0.806408226490021,3162.43188476562,"map_4759_1_3",5,70,300,20,5,3.38499164412435,0.1,7.55081267010818,0.0945183567273691,7.36844090650816,4,0.2,2,97.3212804319058,21.1830759375858,0.000476023236158251,2.37220805338261e-05,0.474438986186843,152,4759,1,"3","diploid","female"
"457","0","0","0","0",-0.481934785842896,3163.17651367188,"map_4761_1_1",5,70,300,20,5,2.9924736840387,0.1,8.54644379157777,0.44334740967634,6.85740888561072,32,0.2,2,92.9165637881257,20.8958631686594,0.00331188982868435,0.00384566138908726,0.294083599113295,153,4761,1,"1","diploid","female"
"458","0","0","0","0",-0.481934785842896,3163.17651367188,"map_4761_1_2",5,70,300,20,5,7.43637080081709,0.1,7.01809551828033,0.998740374375355,3.83148906742114,11,0.2,2,92.9165637881257,20.8958631686594,0.00463259641525116,0.00302330436468895,0.463644982080051,153,4761,1,"2","diploid","female"
"459","0","0","0","0",-0.481934785842896,3163.17651367188,"map_4761_1_3",5,70,300,20,5,2.43976253064111,0.1,6.97678465630084,0.184426335693858,8.22910931768811,69,0.2,2,92.9165637881257,20.8958631686594,0.000770883331917793,5.2297423602509e-05,0.725152179810369,153,4761,1,"3","diploid","female"
"460","0","0","0","0",-0.743525266647339,3196.962890625,"map_4762_1_1",5,70,300,20,5,4.47614235986399,0.1,8.45326018397237,0.543891382102135,5.68082227378977,11,0.2,2,93.2139333300416,20.8945320357516,0.00438250413627322,0.00800241897364413,0.420781765772635,154,4762,1,"1","diploid","female"
"461","0","0","0","0",-0.743525266647339,3196.962890625,"map_4762_1_2",5,70,300,20,5,4.22729452005335,0.1,7.33525621120376,0.954961867064863,3.18048514209152,14,0.2,2,93.2139333300416,20.8945320357516,0.00536321987904747,0.00655857781187838,0.562778780751277,154,4762,1,"2","diploid","female"
"462","0","0","0","0",-0.743525266647339,3196.962890625,"map_4762_1_3",5,70,300,20,5,4.23741785909986,0.1,6.44080602800229,0.254228577955137,7.3020128616523,3,0.2,2,93.2139333300416,20.8945320357516,0.000895557512797497,1.55671952096777e-05,0.681072454184557,154,4762,1,"3","diploid","female"
"463","0","0","0","0",-0.739355802536011,3230.44970703125,"map_4763_1_1",5,70,300,20,5,5.22609805791667,0.1,12.1583555538581,0.497360482173216,4.19124767643521,13,0.2,2,115.530797077572,20.8731333647059,0.00866484978285748,0.0240198710040928,0.176206453842119,155,4763,1,"1","diploid","female"
"464","0","0","0","0",-0.739355802536011,3230.44970703125,"map_4763_1_2",5,70,300,20,5,7.5900132551367,0.1,7.75814263298374,0.975434898674236,2.1071222665113,16,0.2,2,115.530797077572,20.8731333647059,0.00611723805623192,0.00680010202075567,0.439197200515605,155,4763,1,"2","diploid","female"
"465","0","0","0","0",-0.739355802536011,3230.44970703125,"map_4763_1_3",5,70,300,20,5,3.44374897395322,0.1,6.87307777439879,0.33658605085413,6.10806330346884,3,0.2,2,115.530797077572,20.8731333647059,0.00139263468151469,8.08254800907401e-05,0.55104891389223,155,4763,1,"3","diploid","female"
"466","0","0","0","0",-0.753512024879456,2888.05126953125,"map_4810_1_1",5,70,300,20,5,2.7274153686829,0.1,12.4391727155006,0.442576011357487,2.15862744294958,144,0.2,2,62.8149893141268,22.4764637614405,0.00836419511664327,0.031750090094392,0.446276558194229,156,4810,1,"1","diploid","female"
"467","0","0","0","0",-0.753512024879456,2888.05126953125,"map_4810_1_2",5,70,300,20,5,4.42777597533495,0.1,11.0918641340044,1.05896215144198,0.893258237117169,29,0.2,2,62.8149893141268,22.4764637614405,0.0192062239433735,0.090394318356548,0.584758741924357,156,4810,1,"2","diploid","female"
"468","0","0","0","0",-0.753512024879456,2888.05126953125,"map_4810_1_3",5,70,300,20,5,2.42771291303771,0.1,6.64722152558072,0.250369603404816,3.81863622223172,101,0.2,2,62.8149893141268,22.4764637614405,0.000913565500571113,2.21735917516666e-05,0.859129854325742,156,4810,1,"3","diploid","female"
"469","0","0","0","0",-0.818398594856262,3014.24096679688,"map_4812_1_1",5,70,300,20,5,3.57631446535972,0.1,8.83883169641357,0.281437859589712,7.6540312605921,31,0.2,2,109.780292726434,21.2726253032156,0.00310763424166011,0.00929177615522429,0.279218280175307,157,4812,1,"1","diploid","female"
"470","0","0","0","0",-0.818398594856262,3014.24096679688,"map_4812_1_2",5,70,300,20,5,3.12279395855851,0.1,16.4927524793084,0.403493368390857,5.58385540382513,40,0.2,2,109.780292726434,21.2726253032156,0.0160106386527259,0.109204096634896,0.203508268157152,157,4812,1,"2","diploid","female"
"471","0","0","0","0",-0.818398594856262,3014.24096679688,"map_4812_1_3",5,70,300,20,5,5.07941174016759,0.1,5.71652210611663,0.174077449247696,5.97247206913167,5,0.2,2,109.780292726434,21.2726253032156,0.000493498244702843,3.22695439520697e-05,0.705046313514964,157,4812,1,"3","diploid","female"
"472","0","0","0","0",0.662158012390137,3011.61499023438,"map_4841_1_1",5,70,300,20,5,8.49072802106599,0.1,5.41379057716585,0.915335342198156,17.239262593816,42,0.2,2,46.2526549308799,21.4509442224851,0.00232570367480528,0.000432111436459163,0.884991822569877,158,4841,1,"1","diploid","female"
"473","0","0","0","0",0.662158012390137,3011.61499023438,"map_4841_1_2",5,70,300,20,5,8.05314864895917,0.1,5.1317895680467,3.89175375887205,11.8784046133026,2,0.2,2,46.2526549308799,21.4509442224851,0.00830361817829432,0.000176516940270639,1.65767503776727,158,4841,1,"2","diploid","female"
"474","0","0","0","0",0.662158012390137,3011.61499023438,"map_4841_1_3",5,70,300,20,5,8.25505868321182,0.1,5.73434871216286,0.534593822844677,16.0135970714635,5,0.2,2,46.2526549308799,21.4509442224851,0.00158372870107475,0.000276866760574806,0.777129500321844,158,4841,1,"3","diploid","female"
"475","0","0","0","0",0.672016143798828,2961.0634765625,"map_4842_1_1",5,70,300,20,5,8.16442413458227,0.1,10.1251034115239,0.122319073485188,12.9228456128247,16,0.2,2,47.9609497949927,21.4516142193529,0.00122266337139405,0.00150497120611045,0.365583692049522,159,4842,1,"1","diploid","female"
"476","0","0","0","0",0.672016143798828,2961.0634765625,"map_4842_1_2",5,70,300,20,5,7.29799389920254,0.1,9.1850666373212,0.225904097646825,8.06262834508666,28,0.2,2,47.9609497949927,21.4516142193529,0.0018445991372928,0.00143318546690323,0.555343611166329,159,4842,1,"2","diploid","female"
"477","0","0","0","0",0.672016143798828,2961.0634765625,"map_4842_1_3",5,70,300,20,5,7.52030229025612,0.1,9.84454125173865,0.0896033408898829,12.0438176383665,128,0.2,2,47.9609497949927,21.4516142193529,0.000820794467892469,0.000603951469125729,0.4454425002564,159,4842,1,"3","diploid","female"
"478","0","0","0","0",-0.742177248001099,3036.5390625,"map_4857_1_1",5,70,300,20,5,3.21930034582814,0.1,10.249439922482,0.107312436877636,6.53342686327275,88,0.2,2,79.5388600596558,22.1888898636152,0.00127103858211941,0.00224188266720825,0.303837112498052,160,4857,1,"1","diploid","female"
"479","0","0","0","0",-0.742177248001099,3036.5390625,"map_4857_1_2",5,70,300,20,5,3.91655704259218,0.1,11.3221106211628,0.0982827657849486,8.02862162161317,86,0.2,2,79.5388600596558,22.1888898636152,0.00140488163365114,0.00268540766214759,0.431392801962935,160,4857,1,"2","diploid","female"
"480","0","0","0","0",-0.742177248001099,3036.5390625,"map_4857_1_3",5,70,300,20,5,4.1752359897586,0.1,7.34207187629132,0.0669851611560985,6.4806733022317,91,0.2,2,79.5388600596558,22.1888898636152,0.000340165373076923,2.13524822226845e-05,0.55693026248284,160,4857,1,"3","diploid","female"
"481","0","0","0","0",-0.694369554519653,3072.76025390625,"map_4858_1_1",5,70,300,20,5,1.86655436692051,0.1,9.97363930285231,0.176457032113905,6.655567646164,6,0.2,2,77.426012240375,21.4911511253281,0.00167920984042162,0.000913092088964927,0.310377961643218,161,4858,1,"1","diploid","female"
"482","0","0","0","0",-0.694369554519653,3072.76025390625,"map_4858_1_2",5,70,300,20,5,3.96779137259101,0.1,11.8296434652884,0.260879809620937,4.59875021386275,7,0.2,2,77.426012240375,21.4911511253281,0.0032737300412596,0.00232476810421594,0.400025456048022,161,4858,1,"2","diploid","female"
"483","0","0","0","0",-0.694369554519653,3072.76025390625,"map_4858_1_3",5,70,300,20,5,2.32344897389208,0.1,7.41837339972539,0.0809067753955842,6.7811691758162,4,0.2,2,77.426012240375,21.4911511253281,0.000378701347813941,1.07306448300537e-05,0.625687071546019,161,4858,1,"3","diploid","female"
"484","0","0","0","0",-0.842748522758484,3124.52734375,"map_4862_1_1",5,70,300,20,5,2.21908351838379,0.1,12.5174312712853,0.175079248455103,7.2128523157551,32,0.2,2,82.9886168609822,21.2213207088568,0.00269108531798142,0.00382564158581382,0.290537988070461,162,4862,1,"1","diploid","female"
"485","0","0","0","0",-0.842748522758484,3124.52734375,"map_4862_1_2",5,70,300,20,5,5.9365816204244,0.1,13.1873527541242,0.399738547038953,2.70941341620557,68,0.2,2,82.9886168609822,21.2213207088568,0.00653645221539167,0.0133331677806941,0.238612354468691,162,4862,1,"2","diploid","female"
"486","0","0","0","0",-0.842748522758484,3124.52734375,"map_4862_1_3",5,70,300,20,5,2.18709865643398,0.1,7.614567502363,0.0969393943042843,7.33789916356969,49,0.2,2,82.9886168609822,21.2213207088568,0.000496965617208353,9.46681833792729e-06,0.579889216872666,162,4862,1,"3","diploid","female"
"487","0","0","0","0",-0.693818807601929,3119.4931640625,"map_4863_1_1",5,70,300,20,5,2.42247429415269,0.1,9.8680670177656,0.228060642837775,7.44210571790495,4,0.2,2,91.4850514307371,21.2325277909356,0.00266103583473533,0.00554756562494218,0.236438462628309,163,4863,1,"1","diploid","female"
"488","0","0","0","0",-0.693818807601929,3119.4931640625,"map_4863_1_2",5,70,300,20,5,6.40304587411699,0.1,15.4188689588939,0.316259181500245,2.43622415661995,4,0.2,2,91.4850514307371,21.2325277909356,0.00807528960185026,0.0283273140316811,0.289384876700018,163,4863,1,"2","diploid","female"
"489","0","0","0","0",-0.693818807601929,3119.4931640625,"map_4863_1_3",5,70,300,20,5,2.32376676367276,0.1,6.76595685170666,0.129086970934806,7.9253311231255,2,0.2,2,91.4850514307371,21.2325277909356,0.000510472454462334,4.33769620736306e-05,0.532721294874714,163,4863,1,"3","diploid","female"
"490","0","0","0","0",-0.38486385345459,3113.2509765625,"map_4864_1_1",5,70,300,20,5,5.23859396508333,0.1,9.52716445289743,0.19922652212659,11.0257042124375,35,0.2,2,92.0297929630723,21.2329320115505,0.00198168682423258,0.0036869042205676,0.17733373843013,164,4864,1,"1","diploid","female"
"491","0","0","0","0",-0.38486385345459,3113.2509765625,"map_4864_1_2",5,70,300,20,5,7.51621253574086,0.1,11.4343637933604,0.205824662383916,10.197509551129,34,0.2,2,92.0297929630723,21.2329320115505,0.00296652395835496,0.00653930405259963,0.18972032946607,164,4864,1,"2","diploid","female"
"492","0","0","0","0",-0.38486385345459,3113.2509765625,"map_4864_1_3",5,70,300,20,5,4.45263957720662,0.1,7.84199048691837,0.152617942099193,10.5785553561864,116,0.2,2,92.0297929630723,21.2329320115505,0.000892699768956811,0.000246507362239561,0.322873936342398,164,4864,1,"3","diploid","female"
"493","0","0","0","0",-0.718864440917969,3142.11669921875,"map_4865_1_1",5,70,300,20,5,4.45200717153185,0.1,10.1968481267527,0.289924866484414,6.37259087901711,37,0.2,2,94.9875839208052,20.8603426699887,0.00286473454194968,0.00312933168777094,0.436596479393356,165,4865,1,"1","diploid","female"
"494","0","0","0","0",-0.718864440917969,3142.11669921875,"map_4865_1_2",5,70,300,20,5,6.07604540374805,0.1,8.04971452624329,0.870834333904005,1.66013078022361,25,0.2,2,94.9875839208052,20.8603426699887,0.00542722566294959,0.00531122468592135,0.550289693145626,165,4865,1,"2","diploid","female"
"495","0","0","0","0",-0.718864440917969,3142.11669921875,"map_4865_1_3",5,70,300,20,5,3.89916584491598,0.1,6.86912776607524,0.122684349593695,8.11181723328651,81,0.2,2,94.9875839208052,20.8603426699887,0.00051589248848509,2.08044766349216e-05,0.777991066259495,165,4865,1,"3","diploid","female"
"496","0","0","0","0",-0.317398309707642,3166.98852539062,"map_4866_1_1",5,70,300,20,5,5.99514909644492,0.1,7.96310215817693,0.565510593079657,6.56496121014461,17,0.2,2,90.7801333836147,20.8971543951024,0.00365499265028983,0.00444157811885138,0.621029323477306,166,4866,1,"1","diploid","female"
"497","0","0","0","0",-0.317398309707642,3166.98852539062,"map_4866_1_2",5,70,300,20,5,5.44821554675367,0.1,6.82171903370276,0.632325438027688,5.27937019585417,15,0.2,2,90.7801333836147,20.8971543951024,0.00296010084334026,0.00237477899383219,1.29238835400372,166,4866,1,"2","diploid","female"
"498","0","0","0","0",-0.317398309707642,3166.98852539062,"map_4866_1_3",5,70,300,20,5,5.5587895581336,0.1,7.73058295088442,0.132059378336056,8.900769852501,6,0.2,2,90.7801333836147,20.8971543951024,0.00069716871691947,0.000135198712786856,0.625778954399289,166,4866,1,"3","diploid","female"
"499","0","0","0","0",-0.10347755998373,3160.68432617188,"map_4878_1_1",5,70,300,20,5,8.24609377696728,0.1,8.1042277314841,0.299003379999099,12.06472457589,6,0.2,2,82.3312466326742,19.9433186162482,0.00196231338802041,0.00112472511840167,0.316330589335417,167,4878,1,"1","diploid","female"
"500","0","0","0","0",-0.10347755998373,3160.68432617188,"map_4878_1_2",5,70,300,20,5,5.57753285674745,0.1,9.29702311368412,0.317633385111699,4.97589269314183,4,0.2,2,82.3312466326742,19.9433186162482,0.00269796876705904,0.00237011611404956,0.354004727706218,167,4878,1,"2","diploid","female"
"501","0","0","0","0",-0.10347755998373,3160.68432617188,"map_4878_1_3",5,70,300,20,5,7.37710388496308,0.1,6.9447314478456,0.170642039658328,12.2126716821111,4,0.2,2,82.3312466326742,19.9433186162482,0.000720529672924542,3.40411470624252e-05,0.533547740520952,167,4878,1,"3","diploid","female"
"502","0","0","0","0",-0.751388549804688,2865.4072265625,"map_4915_1_1",5,70,300,20,5,1.55977853167333,0.1,14.2260680469245,0.235699413475137,4.05680942483459,33,0.2,2,61.9259310109275,22.4656863228427,0.00594399148350764,0.0215237159608588,0.205533817017637,168,4915,1,"1","diploid","female"
"503","0","0","0","0",-0.751388549804688,2865.4072265625,"map_4915_1_2",5,70,300,20,5,4.5078786763468,0.1,19.5582963888644,0.280702216707529,3.4050021787502,56,0.2,2,61.9259310109275,22.4656863228427,0.0137771906618161,0.0768206287206931,0.222769174995562,168,4915,1,"2","diploid","female"
"504","0","0","0","0",-0.751388549804688,2865.4072265625,"map_4915_1_3",5,70,300,20,5,1.23402769764094,0.1,9.13450659037899,0.0268827169462792,1.85528135298258,16,0.2,2,61.9259310109275,22.4656863228427,0.000188599316230198,1.07698097933475e-05,0.951196068800073,168,4915,1,"3","diploid","female"
"505","0","0","0","0",-0.729580044746399,2948.6787109375,"map_4916_1_1",5,70,300,20,5,5.12904129032685,0.1,8.44540001170372,0.512544433079058,5.79440641176546,12,0.2,2,110.315121875649,21.2173495456362,0.00406531787874863,0.00621905709186215,0.594739768161476,169,4916,1,"1","diploid","female"
"506","0","0","0","0",-0.729580044746399,2948.6787109375,"map_4916_1_2",5,70,300,20,5,6.49238235289208,0.1,8.40837098795421,1.16730349447489,3.28213359557362,91,0.2,2,110.315121875649,21.2173495456362,0.011916413466066,0.0336715396780914,0.811605059108979,169,4916,1,"2","diploid","female"
"507","0","0","0","0",-0.729580044746399,2948.6787109375,"map_4916_1_3",5,70,300,20,5,4.7408789418617,0.1,7.15954233484489,0.146687889648996,2.48081826151679,3,0.2,2,110.315121875649,21.2173495456362,0.000636053289990677,2.3253959455062e-05,0.851797477890999,169,4916,1,"3","diploid","female"
"508","0","0","0","0",-0.349183619022369,3019.63403320312,"map_4917_1_1",5,70,300,20,5,4.95395811799028,0.1,14.4190818503933,0.171732131793823,8.89042846216394,17,0.2,2,112.278359245224,21.2386961838732,0.00501139736784692,0.0243958212459749,0.356921095350624,170,4917,1,"1","diploid","female"
"509","0","0","0","0",-0.349183619022369,3019.63403320312,"map_4917_1_2",5,70,300,20,5,4.26375904875964,0.1,29.7714251796333,0.298479312719882,5.30554242914878,29,0.2,2,112.278359245224,21.2386961838732,0.0261709341778978,0.17373466190395,0.129255087356618,170,4917,1,"2","diploid","female"
"510","0","0","0","0",-0.349183619022369,3019.63403320312,"map_4917_1_3",5,70,300,20,5,6.19972866627723,0.1,10.0643331900634,0.0948070584499588,9.83004150879322,24,0.2,2,112.278359245224,21.2386961838732,0.00117794031638904,0.00355643507103504,0.462247871863434,170,4917,1,"3","diploid","female"
"511","0","0","0","0",-0.55238139629364,3122.48559570312,"map_4918_1_1",5,70,300,20,5,4.54416890622956,0.1,8.58637638680383,0.366160135668741,8.96774771621016,9,0.2,2,109.746906546659,21.2656784332208,0.00348784015654211,0.00673264783667677,0.321279759565082,171,4918,1,"1","diploid","female"
"512","0","0","0","0",-0.55238139629364,3122.48559570312,"map_4918_1_2",5,70,300,20,5,4.35032335223604,0.1,9.97222822402077,0.465487768055069,5.73982839289391,6,0.2,2,109.746906546659,21.2656784332208,0.00551607295483535,0.0108926974855414,0.378825775394051,171,4918,1,"2","diploid","female"
"513","0","0","0","0",-0.55238139629364,3122.48559570312,"map_4918_1_3",5,70,300,20,5,5.53172401070579,0.1,6.04934527588582,0.299362849336861,9.29090003817529,4,0.2,2,109.746906546659,21.2656784332208,0.00100600629873714,0.000136093952604097,0.583721169430157,171,4918,1,"3","diploid","female"
"514","0","0","0","0",-0.154239818453789,3135.8623046875,"map_4934_1_1",5,70,300,20,5,7.79483853668131,0.1,15.3328985358962,0.315064881779402,7.20690236279423,8,0.2,2,219.304884672957,20.7766397355799,0.00859741839958112,0.0324251604349407,0.224038901805065,172,4934,1,"1","diploid","female"
"515","0","0","0","0",-0.154239818453789,3135.8623046875,"map_4934_1_2",5,70,300,20,5,8.03300272699901,0.1,15.7227480591017,0.552482040593119,1.90738590836392,13,0.2,2,219.304884672957,20.7766397355799,0.0165798790970536,0.0652318159334537,0.228241315626452,172,4934,1,"2","diploid","female"
"516","0","0","0","0",-0.154239818453789,3135.8623046875,"map_4934_1_3",5,70,300,20,5,5.14133867577606,0.1,10.1706606725581,0.153891460691677,10.289674611696,5,0.2,2,219.304884672957,20.7766397355799,0.00176244325352232,0.00336364394825481,0.445971123176883,172,4934,1,"3","diploid","female"
"517","0","0","0","0",-0.427926331758499,3234.9345703125,"map_4935_1_1",5,70,300,20,5,6.45069067750001,0.1,15.5376047771626,0.508595378310146,4.75810118209312,11,0.2,2,237.812155181783,20.7588169313348,0.0161721223090838,0.0800925151781794,0.234081212957083,173,4935,1,"1","diploid","female"
"518","0","0","0","0",-0.427926331758499,3234.9345703125,"map_4935_1_2",5,70,300,20,5,7.18130810837709,0.1,10.6996430905162,0.838020510822208,2.95533199001898,9,0.2,2,237.812155181783,20.7588169313348,0.0137918122018339,0.0543284555335661,0.650922097173459,173,4935,1,"2","diploid","female"
"519","0","0","0","0",-0.427926331758499,3234.9345703125,"map_4935_1_3",5,70,300,20,5,3.31572214493624,0.1,8.81740413446087,0.395365410924339,5.24757340952567,3,0.2,2,237.812155181783,20.7588169313348,0.00306937678034499,0.00413848238807551,0.328138213660318,173,4935,1,"3","diploid","female"
"520","0","0","0","0",0.0849150642752647,3097.5458984375,"map_4944_1_1",5,70,300,20,5,7.73370892635404,0.1,16.4741720757494,0.278031029209882,8.34411060107747,138,0.2,2,207.278965161092,21.47600071718,0.00907364347042345,0.0491955247566224,0.18211362926044,174,4944,1,"1","diploid","female"
"521","0","0","0","0",0.0849150642752647,3097.5458984375,"map_4944_1_2",5,70,300,20,5,9.40227986395657,0.1,15.6304562851877,0.500596331382584,6.96144822217861,182,0.2,2,207.278965161092,21.47600071718,0.014895989593884,0.0782878795393401,1.02407150334266,174,4944,1,"2","diploid","female"
"522","0","0","0","0",0.0849150642752647,3097.5458984375,"map_4944_1_3",5,70,300,20,5,5.44135011725409,0.1,8.80491379941044,0.432915456004388,9.05919757567577,173,0.2,2,207.278965161092,21.47600071718,0.00403007875367502,0.0114912145397182,0.483961381809892,174,4944,1,"3","diploid","female"
"523","0","0","0","0",0.192078590393066,3054.80322265625,"map_4945_1_1",5,70,300,20,5,7.02333431680889,0.1,10.174533451899,0.278537071748279,11.7395513417916,85,0.2,2,117.274986064315,21.4830350527336,0.0034735110799785,0.00722393308385415,0.246526970627118,175,4945,1,"1","diploid","female"
"524","0","0","0","0",0.192078590393066,3054.80322265625,"map_4945_1_2",5,70,300,20,5,7.62762620571891,0.1,10.7983862565788,0.457803140935962,2.68116136286872,99,0.2,2,117.274986064315,21.4830350527336,0.00513156203503737,0.00647849998982153,0.238567729146178,175,4945,1,"2","diploid","female"
"525","0","0","0","0",0.192078590393066,3054.80322265625,"map_4945_1_3",5,70,300,20,5,6.19881183657802,0.1,7.87683011220012,0.176148328500076,12.4156313634128,82,0.2,2,117.274986064315,21.4830350527336,0.00113031301238588,0.000846411876944741,0.404056645286082,175,4945,1,"3","diploid","female"
"526","0","0","0","0",0.259244978427887,3002.54150390625,"map_4946_1_1",5,70,300,20,5,5.36719646518226,0.1,10.160711397958,0.294894534317181,12.9694243470857,86,0.2,2,123.726595450873,21.4509364726932,0.00415396390774679,0.0157874296543737,0.269440457083186,176,4946,1,"1","diploid","female"
"527","0","0","0","0",0.259244978427887,3002.54150390625,"map_4946_1_2",5,70,300,20,5,14.7438134979828,0.1,11.2692561845653,0.492275919530996,7.69672658169053,103,0.2,2,123.726595450873,21.4509364726932,0.00840807521128762,0.0281913160790718,0.253944867916739,176,4946,1,"2","diploid","female"
"528","0","0","0","0",0.259244978427887,3002.54150390625,"map_4946_1_3",5,70,300,20,5,3.96095418791763,0.1,9.19347723978872,0.175798144612184,13.0523488911013,83,0.2,2,123.726595450873,21.4509364726932,0.00169167255693309,0.00396829381822043,0.410210161396114,176,4946,1,"3","diploid","female"
"529","0","0","0","0",0.67797189950943,2939.53466796875,"map_4947_1_1",5,70,300,20,5,7.67656159566265,0.1,14.3110970383176,0.3476168379783,11.5690904099333,44,0.2,2,116.254235543286,22.2704469864551,0.00839552876214792,0.029597649325961,0.219067543503543,177,4947,1,"1","diploid","female"
"530","0","0","0","0",0.67797189950943,2939.53466796875,"map_4947_1_2",5,70,300,20,5,8.79539686031756,0.1,15.034317328418,0.46234526572944,5.02397732175271,42,0.2,2,116.254235543286,22.2704469864551,0.0110804510670547,0.0256289794502903,0.265319401952322,177,4947,1,"2","diploid","female"
"531","0","0","0","0",0.67797189950943,2939.53466796875,"map_4947_1_3",5,70,300,20,5,5.42103761820673,0.1,9.70585622334015,0.363965610481463,11.9735746814917,32,0.2,2,116.254235543286,22.2704469864551,0.00445511248613531,0.0121088270645715,0.300642433949175,177,4947,1,"3","diploid","female"
"532","0","0","0","0",-0.727792859077454,2994.02490234375,"map_4961_1_1",5,70,300,20,5,2.29188672628049,0.1,7.41636482821394,0.188369436865933,4.89815796697884,3,0.2,2,25.4797126126052,22.1751168928009,0.00104433579755165,0.000833879175313737,0.471920566092575,178,4961,1,"1","diploid","female"
"533","0","0","0","0",-0.727792859077454,2994.02490234375,"map_4961_1_2",5,70,300,20,5,3.78640609966618,0.1,7.40367159678782,0.274902007551518,5.2135258249199,3,0.2,2,25.4797126126052,22.1751168928009,0.00169636862798683,0.00280214309193215,0.682674193325826,178,4961,1,"2","diploid","female"
"534","0","0","0","0",-0.727792859077454,2994.02490234375,"map_4961_1_3",5,70,300,20,5,2.76642511460458,0.1,6.50798551954861,0.106603855018569,5.20414148369513,2,0.2,2,25.4797126126052,22.1751168928009,0.000375312434617668,3.80953443997467e-07,0.780076396882642,178,4961,1,"3","diploid","female"
"535","0","0","0","0",-0.6367307305336,3034.83447265625,"map_4962_1_1",5,70,300,20,5,3.76036565305293,0.1,6.87077283324671,0.374022925401845,4.99916800398806,9,0.2,2,26.131746765387,21.4431644114413,0.00147299487674004,6.33418485349421e-05,0.759586408857535,179,4962,1,"1","diploid","female"
"536","0","0","0","0",-0.6367307305336,3034.83447265625,"map_4962_1_2",5,70,300,20,5,3.50936653907342,0.1,5.7685974021134,1.34294388349898,3.85721650247468,91,0.2,2,26.131746765387,21.4431644114413,0.00394566013646027,0.000572554958085858,1.23975216872344,179,4962,1,"2","diploid","female"
"537","0","0","0","0",-0.6367307305336,3034.83447265625,"map_4962_1_3",5,70,300,20,5,5.33108393560714,0.1,6.72644476069677,0.0512988931995271,5.320199503273,4,0.2,2,26.131746765387,21.4431644114413,0.000190195431530496,1.4478996521867e-07,0.970804533978913,179,4962,1,"3","diploid","female"
"538","0","0","0","0",-0.322354286909103,3125.50952148438,"map_4964_1_1",5,70,300,20,5,4.90398348694077,0.1,10.5772818506099,0.148138600882536,8.17308020948515,12,0.2,2,57.9379124166165,21.4341732629246,0.00163926481461705,0.000985515972265597,0.386400173692848,180,4964,1,"1","diploid","female"
"539","0","0","0","0",-0.322354286909103,3125.50952148438,"map_4964_1_2",5,70,300,20,5,4.93509636778873,0.1,7.92170154494638,0.14236288937909,9.29233545455843,10,0.2,2,57.9379124166165,21.4341732629246,0.000870043189011236,0.0004456416822175,0.521478637268626,180,4964,1,"2","diploid","female"
"540","0","0","0","0",-0.322354286909103,3125.50952148438,"map_4964_1_3",5,70,300,20,5,5.72952337174479,0.1,7.54203519383199,0.0920925190155237,8.99630413975799,11,0.2,2,57.9379124166165,21.4341732629246,0.000463938741098723,2.86561887292329e-05,0.54083595068718,180,4964,1,"3","diploid","female"
"541","0","0","0","0",-0.715540766716003,3084.49853515625,"map_4966_1_1",5,70,300,20,5,3.91950295048032,0.1,8.49544637245672,0.121923495324516,7.42731869628129,14,0.2,2,56.0883397256021,21.1851689390434,0.000882881014575401,0.000898252125286948,0.451417826819644,181,4966,1,"1","diploid","female"
"542","0","0","0","0",-0.715540766716003,3084.49853515625,"map_4966_1_2",5,70,300,20,5,5.36558439610685,0.1,11.4825967428205,0.150727330569494,6.523344470561,17,0.2,2,56.0883397256021,21.1851689390434,0.00220952530908239,0.00563662798295296,0.511997401463171,181,4966,1,"2","diploid","female"
"543","0","0","0","0",-0.715540766716003,3084.49853515625,"map_4966_1_3",5,70,300,20,5,4.26563153093683,0.1,6.55359690222632,0.0699508142522103,6.43696509749437,9,0.2,2,56.0883397256021,21.1851689390434,0.000261400799457303,6.50694949663269e-06,0.686045217683746,181,4966,1,"3","diploid","female"
"544","0","0","0","0",-0.658994376659393,3086.6748046875,"map_4967_1_1",5,70,300,20,5,4.10255980464864,0.1,7.82119352072148,0.123819895545469,7.97078319733864,24,0.2,2,50.8551821962147,21.2161180595491,0.000721078397586841,0.00042802207153591,0.315682217314738,182,4967,1,"1","diploid","female"
"545","0","0","0","0",-0.658994376659393,3086.6748046875,"map_4967_1_2",5,70,300,20,5,3.74261211971242,0.1,8.6121141215736,0.134412620027055,8.47172606465798,33,0.2,2,50.8551821962147,21.2161180595491,0.00104430600836549,0.0014291165326586,0.421915810616067,182,4967,1,"2","diploid","female"
"546","0","0","0","0",-0.658994376659393,3086.6748046875,"map_4967_1_3",5,70,300,20,5,5.45396308988552,0.1,6.86673420782156,0.0671425919374364,6.57408925169605,49,0.2,2,50.8551821962147,21.2161180595491,0.000270397444176097,3.27792915739296e-06,0.546911275226654,182,4967,1,"3","diploid","female"
"547","0","0","0","0",-0.460387855768204,3092.982421875,"map_4968_1_1",5,70,300,20,5,4.71375783007134,0.1,8.05528367858428,0.293554595143409,8.14162756057441,6,0.2,2,50.2975871962962,21.2073838370187,0.00190784138712224,0.000992825356556521,0.402004673588199,183,4968,1,"1","diploid","female"
"548","0","0","0","0",-0.460387855768204,3092.982421875,"map_4968_1_2",5,70,300,20,5,4.28773348961632,0.1,9.73594372992437,0.381308146555197,4.62176347410509,5,0.2,2,50.2975871962962,21.2073838370187,0.00357180578027848,0.00242533338989589,0.310619810162774,183,4968,1,"2","diploid","female"
"549","0","0","0","0",-0.460387855768204,3092.982421875,"map_4968_1_3",5,70,300,20,5,5.889563455096,0.1,6.07020547429617,0.259938494279549,9.55156358777016,2,0.2,2,50.2975871962962,21.2073838370187,0.000849851530938283,1.79737146582221e-05,0.793116383870287,183,4968,1,"3","diploid","female"
"550","0","0","0","0",0.186097964644432,3170.97192382812,"map_4970_1_1",5,70,300,20,5,8.0167446810439,0.1,9.34972821759813,0.342941966945918,7.70592820783908,31,0.2,2,68.3882683804661,20.9069783431483,0.00282963148895898,0.00160156905765958,0.27474438920803,184,4970,1,"1","diploid","female"
"551","0","0","0","0",0.186097964644432,3170.97192382812,"map_4970_1_2",5,70,300,20,5,6.98945555144829,0.1,6.60379428797799,0.972974582277121,3.50137131425459,93,0.2,2,68.3882683804661,20.9069783431483,0.00357589941462003,0.00011542137035378,0.50336047415923,184,4970,1,"2","diploid","female"
"552","0","0","0","0",0.186097964644432,3170.97192382812,"map_4970_1_3",5,70,300,20,5,6.87298786183266,0.1,8.06453136542617,0.186770137019015,10.6947234860031,43,0.2,2,68.3882683804661,20.9069783431483,0.00106867716520321,0.000214703303377228,0.559528356486616,184,4970,1,"3","diploid","female"
"553","0","0","0","0",-0.76128488779068,3228.33984375,"map_4973_1_1",5,70,300,20,5,2.63579759407646,0.1,9.41519268877936,0.224467810461526,6.52670354103966,17,0.2,2,68.7621042894763,20.113306321179,0.0019238447574696,0.00145732501036314,0.206377135107254,185,4973,1,"1","diploid","female"
"554","0","0","0","0",-0.76128488779068,3228.33984375,"map_4973_1_2",5,70,300,20,5,5.51975175697855,0.1,9.49801668862766,0.238329142838335,3.1587542471747,16,0.2,2,68.7621042894763,20.113306321179,0.00191485353234304,0.000634080561823883,0.400388775686008,185,4973,1,"2","diploid","female"
"555","0","0","0","0",-0.76128488779068,3228.33984375,"map_4973_1_3",5,70,300,20,5,1.90099386968718,0.1,6.79735144076167,0.0823516952541668,6.51975294049295,12,0.2,2,68.7621042894763,20.113306321179,0.000317295461450849,1.13765456792594e-06,0.646075729417964,185,4973,1,"3","diploid","female"
"556","0","0","0","0",-0.639778196811676,2971.75952148438,"map_5021_1_1",5,70,300,20,5,2.80010305142299,0.1,14.6337821108247,0.197564216976546,5.61635487250656,68,0.2,2,110.926962196629,22.9470947958438,0.0051289753970224,0.0204876659664937,0.235179299035606,186,5021,1,"1","diploid","female"
"557","0","0","0","0",-0.639778196811676,2971.75952148438,"map_5021_1_2",5,70,300,20,5,3.78019522824586,0.1,15.4253357727503,0.247577863695972,6.9131544511757,80,0.2,2,110.926962196629,22.9470947958438,0.00803017090227103,0.0310669137359904,0.361067332309117,186,5021,1,"2","diploid","female"
"558","0","0","0","0",-0.639778196811676,2971.75952148438,"map_5021_1_3",5,70,300,20,5,3.7140646693274,0.1,8.43229312584796,0.128919626659383,6.48698838627577,41,0.2,2,110.926962196629,22.9470947958438,0.000907967554677161,0.000640529429354857,0.571279405670059,186,5021,1,"3","diploid","female"
"559","0","0","0","0",-0.670611202716827,3044.7939453125,"map_5022_1_1",5,70,300,20,5,1.51553770399389,0.1,19.2869541241159,0.222174399383851,4.46448599541411,11,0.2,2,117.641574390703,22.9084702045023,0.00972627988357872,0.0411452411767223,0.11578963512574,187,5022,1,"1","diploid","female"
"560","0","0","0","0",-0.670611202716827,3044.7939453125,"map_5022_1_2",5,70,300,20,5,4.78322962014167,0.1,21.635797655334,0.53541345124351,1.03276450077185,17,0.2,2,117.641574390703,22.9084702045023,0.0245555884558776,0.111626535134908,0.108816892443395,187,5022,1,"2","diploid","female"
"561","0","0","0","0",-0.670611202716827,3044.7939453125,"map_5022_1_3",5,70,300,20,5,1.89578382289555,0.1,10.5754190079285,0.12143759168989,6.52784470993038,6,0.2,2,117.641574390703,22.9084702045023,0.00143737565796217,0.00226097524683118,0.320595909835624,187,5022,1,"3","diploid","female"
"562","0","0","0","0",-0.437946051359177,3014.42309570312,"map_5037_1_1",5,70,300,20,5,4.17983071634025,0.1,14.6415537571228,0.135325140567476,7.19043193481509,16,0.2,2,100.532267434256,21.749437167399,0.00320622152171453,0.0104947746706488,0.281259292132791,188,5037,1,"1","diploid","female"
"563","0","0","0","0",-0.437946051359177,3014.42309570312,"map_5037_1_2",5,70,300,20,5,4.57104113272674,0.1,21.1621358136474,0.240442582376211,4.40075254709715,31,0.2,2,100.532267434256,21.749437167399,0.0102348997516346,0.0443322748863553,0.226078935969832,188,5037,1,"2","diploid","female"
"564","0","0","0","0",-0.437946051359177,3014.42309570312,"map_5037_1_3",5,70,300,20,5,4.76961585236037,0.1,9.56745881676532,0.05334046491557,8.04954208131863,35,0.2,2,100.532267434256,21.749437167399,0.000461294851127407,0.000129400228234154,0.572332045432007,188,5037,1,"3","diploid","female"
"565","0","0","0","0",-0.565759062767029,3089.013671875,"map_5038_1_1",5,70,300,20,5,0,0.1,15.6532341479435,0.421755112882553,5.454067796745,8,0.2,2,241.705734405011,21.7158335900122,0.0119278796892061,0.0446311882843223,0.128823602117464,189,5038,1,"1","diploid","female"
"566","0","0","0","0",-0.565759062767029,3089.013671875,"map_5038_1_2",5,70,300,20,5,0,0.1,22.3589579573397,0.675662773521766,2.34293532684948,10,0.2,2,241.705734405011,21.7158335900122,0.0347646306637071,0.204680288583521,0.079452675620001,189,5038,1,"2","diploid","female"
"567","0","0","0","0",-0.565759062767029,3089.013671875,"map_5038_1_3",5,70,300,20,5,0,0.1,9.6133664056976,0.414885044923721,8.05768114484272,3,0.2,2,241.705734405011,21.7158335900122,0.00395232576620518,0.00597489107433357,0.350067900075701,189,5038,1,"3","diploid","female"
"568","0","0","0","0",-0.577181935310364,3173.5263671875,"map_5039_1_1",5,70,300,20,5,5.86046675422229,0.1,13.056743039064,0.346446270878705,7.48432147389207,7,0.2,2,235.813190358818,20.7368446003691,0.00754865664703234,0.0275228674303896,0.294313434401416,190,5039,1,"1","diploid","female"
"569","0","0","0","0",-0.577181935310364,3173.5263671875,"map_5039_1_2",5,70,300,20,5,6.32427119358029,0.1,16.5471418166178,0.593524764022037,3.57912340575496,8,0.2,2,235.813190358818,20.7368446003691,0.0204273877020634,0.0949213842185854,0.233906489693726,190,5039,1,"2","diploid","female"
"570","0","0","0","0",-0.577181935310364,3173.5263671875,"map_5039_1_3",5,70,300,20,5,3.93340801363385,0.1,7.35439700510568,0.40520397072155,4.10038233720898,3,0.2,2,235.813190358818,20.7368446003691,0.00198573370526397,0.000746196014985129,0.983653677566093,190,5039,1,"3","diploid","female"
"571","0","0","0","0",-0.0172621458768845,2988.92651367188,"map_5051_1_1",5,70,300,20,5,0,0.1,18.7661842579908,0.130448865560691,7.69688361392444,32,0.2,2,115.596972734825,22.2539752166004,0.00536766479656296,0.0232768788840541,0.253960444493798,191,5051,1,"1","diploid","female"
"572","0","0","0","0",-0.0172621458768845,2988.92651367188,"map_5051_1_2",5,70,300,20,5,12.7093013807379,0.1,19.955217391993,0.38105823951016,1.97837932483627,82,0.2,2,115.596972734825,22.2539752166004,0.0166359557240069,0.0813232210272256,0.240573229515541,191,5051,1,"2","diploid","female"
"573","0","0","0","0",-0.0172621458768845,2988.92651367188,"map_5051_1_3",5,70,300,20,5,3.4043516961211,0.1,12.7378178616168,0.0851328900997979,8.5471546995,63,0.2,2,115.596972734825,22.2539752166004,0.00164022479596553,0.00497777263844924,0.405581149556027,191,5051,1,"3","diploid","female"
"574","0","0","0","0",0.51125979423523,2947.48779296875,"map_5052_1_1",5,70,300,20,5,3.55548869013256,0.1,15.1324326886081,0.3128485232404,9.58614327149512,124,0.2,2,121.606558295975,22.2316507400732,0.00839216143988945,0.0324827626244323,0.194403657571555,192,5052,1,"1","diploid","female"
"575","0","0","0","0",0.51125979423523,2947.48779296875,"map_5052_1_2",5,70,300,20,5,8.12568678804123,0.1,16.8896773599602,0.389446671194317,7.59590181047129,131,0.2,2,121.606558295975,22.2316507400732,0.0120358522646793,0.0506367157276733,0.249346155495547,192,5052,1,"2","diploid","female"
"576","0","0","0","0",0.51125979423523,2947.48779296875,"map_5052_1_3",5,70,300,20,5,2.9071782431001,0.1,11.4794777255897,0.317405842764317,10.7154468928386,139,0.2,2,121.606558295975,22.2316507400732,0.0050372988613748,0.0171942902775123,0.297270434062744,192,5052,1,"3","diploid","female"
"577","0","0","0","0",-0.41074600815773,3092.7392578125,"map_5069_1_1",5,70,300,20,5,4.83315109532769,0.1,7.48077389068793,0.239241169268246,7.9649525765024,5,0.2,2,52.8356301190449,21.2259707339974,0.00136187027063374,0.000365473757780857,0.437567082528439,193,5069,1,"1","diploid","female"
"578","0","0","0","0",-0.41074600815773,3092.7392578125,"map_5069_1_2",5,70,300,20,5,4.35820842824195,0.1,9.20628882325724,0.270936443221582,5.69369056093242,4,0.2,2,52.8356301190449,21.2259707339974,0.00234793552686641,0.000974519515020027,0.428228799414255,193,5069,1,"2","diploid","female"
"579","0","0","0","0",-0.41074600815773,3092.7392578125,"map_5069_1_3",5,70,300,20,5,6.0824518112489,0.1,6.79188806470679,0.130158067946113,8.59760423031559,3,0.2,2,52.8356301190449,21.2259707339974,0.000526414338464007,1.81528301543129e-05,0.59053221869163,193,5069,1,"3","diploid","female"
"580","0","0","0","0",-0.774861752986908,3123.43872070312,"map_5075_1_1",5,70,300,20,5,2.25960999294303,0.1,10.1172857305064,0.183637508021908,5.88445750116002,7,0.2,2,68.9403079767956,20.8905564114897,0.00170361776596097,0.00080261485473678,0.461967931385879,194,5075,1,"1","diploid","female"
"581","0","0","0","0",-0.774861752986908,3123.43872070312,"map_5075_1_2",5,70,300,20,5,5.44792566705167,0.1,11.2523415747986,0.385620780933398,1.80396644286069,10,0.2,2,68.9403079767956,20.8905564114897,0.00459289095164398,0.00272226353115491,0.364812505068958,194,5075,1,"2","diploid","female"
"582","0","0","0","0",-0.774861752986908,3123.43872070312,"map_5075_1_3",5,70,300,20,5,2.27475731760133,0.1,6.94618278262986,0.059321497804958,7.11326493288532,4,0.2,2,68.9403079767956,20.8905564114897,0.000241992103162931,1.57170442371212e-06,0.780222202272993,194,5075,1,"3","diploid","female"
"583","0","0","0","0",-0.489530265331268,3124.4013671875,"map_5076_1_1",5,70,300,20,5,5.78284230590266,0.1,9.18076978094197,0.0983369416960127,8.69409634128044,14,0.2,2,68.3565707111675,20.1175012525134,0.000807404181424681,0.000444578459529667,0.415594113493406,195,5076,1,"1","diploid","female"
"584","0","0","0","0",-0.489530265331268,3124.4013671875,"map_5076_1_2",5,70,300,20,5,4.0388960703577,0.1,12.0643190349475,0.147040105275528,5.93954976477787,29,0.2,2,68.3565707111675,20.1175012525134,0.00243618891634295,0.00679079076219414,0.407537365435365,195,5076,1,"2","diploid","female"
"585","0","0","0","0",-0.489530265331268,3124.4013671875,"map_5076_1_3",5,70,300,20,5,6.6341919685628,0.1,7.56391538944443,0.0273181848213113,7.55998757511434,18,0.2,2,68.3565707111675,20.1175012525134,0.000133088416176424,3.5554156629544e-06,0.705746684301697,195,5076,1,"3","diploid","female"
"586","0","0","0","0",-0.4200479388237,3208.18090820312,"map_5079_1_1",5,70,300,20,5,6.84121662097256,0.1,8.92842841671364,0.338123404715241,9.75844478575615,7,0.2,2,111.737921496166,19.8233860212307,0.00303222460063316,0.00557403700437677,0.217883488162365,196,5079,1,"1","diploid","female"
"587","0","0","0","0",-0.4200479388237,3208.18090820312,"map_5079_1_2",5,70,300,20,5,4.7773385891079,0.1,8.4916704945007,0.405380407417129,5.7862164457016,5,0.2,2,111.737921496166,19.8233860212307,0.00334896759565154,0.00645390165715765,0.287465732966082,196,5079,1,"2","diploid","female"
"588","0","0","0","0",-0.4200479388237,3208.18090820312,"map_5079_1_3",5,70,300,20,5,5.54916069424716,0.1,6.83741488650539,0.174394461606349,9.38279968178732,3,0.2,2,111.737921496166,19.8233860212307,0.000707934954595721,3.42939630144544e-05,0.463211055663058,196,5079,1,"3","diploid","female"
"589","0","0","0","0",-0.639707684516907,3076.1669921875,"map_5127_1_1",5,70,300,20,5,6.03386219102814,0.1,10.7389742680906,0.174609589469861,7.87605900398518,16,0.2,2,110.768746537624,21.1956407963107,0.0021891720877477,0.0039560858722539,0.325392327229223,197,5127,1,"1","diploid","female"
"590","0","0","0","0",-0.639707684516907,3076.1669921875,"map_5127_1_2",5,70,300,20,5,8.73877356615149,0.1,11.3907816196454,0.323489383403454,5.41713544720325,27,0.2,2,110.768746537624,21.1956407963107,0.00490192622727023,0.0113438745333538,0.477391751862446,197,5127,1,"2","diploid","female"
"591","0","0","0","0",-0.639707684516907,3076.1669921875,"map_5127_1_3",5,70,300,20,5,5.76231397986018,0.1,7.73676496572391,0.0776941425581132,8.47421314319081,18,0.2,2,110.768746537624,21.1956407963107,0.000447899055238184,0.000167899351664346,0.487031068087019,197,5127,1,"3","diploid","female"
"592","0","0","0","0",-0.46103110909462,2983.03271484375,"map_5141_1_1",5,70,300,20,5,0,0.1,15.6422276454486,0.187635150603908,6.21021585202889,51,0.2,2,98.5189240319388,21.7487295368317,0.00494576415629862,0.0164305750519002,0.126171628422448,198,5141,1,"1","diploid","female"
"593","0","0","0","0",-0.46103110909462,2983.03271484375,"map_5141_1_2",5,70,300,20,5,9.97219071470834,0.1,21.3493611805921,0.43143218577025,2.65561080098159,88,0.2,2,98.5189240319388,21.7487295368317,0.0179128201049972,0.0485964209328618,0.0727511824836411,198,5141,1,"2","diploid","female"
"594","0","0","0","0",-0.46103110909462,2983.03271484375,"map_5141_1_3",5,70,300,20,5,4.75916693093584,0.1,10.7709323476189,0.116376191838319,8.22368746077556,60,0.2,2,98.5189240319388,21.7487295368317,0.00125016702659055,0.00103639584974369,0.287862851086618,198,5141,1,"3","diploid","female"
"595","0","0","0","0",-0.657663822174072,3039.6396484375,"map_5142_1_1",5,70,300,20,5,0,0.1,18.066729307927,0.206286959513706,6.97668485345156,152,0.2,2,231.469254934115,21.7382887674461,0.00825758823592162,0.0313586169613628,0.153954572800904,199,5142,1,"1","diploid","female"
"596","0","0","0","0",-0.657663822174072,3039.6396484375,"map_5142_1_2",5,70,300,20,5,21.96543445151,0.1,25.4191805184107,0.666461084519063,1.42431485877873,257,0.2,2,231.469254934115,21.7382887674461,0.0398895911173571,0.152734945783256,0.0764679702634807,199,5142,1,"2","diploid","female"
"597","0","0","0","0",-0.657663822174072,3039.6396484375,"map_5142_1_3",5,70,300,20,5,0,0.1,9.07365479300791,0.257531746421205,10.185362721705,158,0.2,2,231.469254934115,21.7382887674461,0.00254440343095012,0.00279720850075815,0.401976607914328,199,5142,1,"3","diploid","female"
"598","0","0","0","0",-0.560474216938019,3107.43798828125,"map_5143_1_1",5,70,300,20,5,4.8734565438899,0.1,14.8524199187161,0.249224191670408,7.30567765064351,173,0.2,2,234.781928648584,21.720061732025,0.0064319330949645,0.0195958800475708,0.170688809910118,200,5143,1,"1","diploid","female"
"599","0","0","0","0",-0.560474216938019,3107.43798828125,"map_5143_1_2",5,70,300,20,5,6.54859595638176,0.1,16.2675336176606,0.715570216659186,1.80428051401505,278,0.2,2,234.781928648584,21.720061732025,0.0209737121430528,0.0847651067399651,0.0999670869212462,200,5143,1,"2","diploid","female"
"600","0","0","0","0",-0.560474216938019,3107.43798828125,"map_5143_1_3",5,70,300,20,5,3.82345337333253,0.1,10.4178073091127,0.313925563847077,9.90206488030055,177,0.2,2,234.781928648584,21.720061732025,0.00326569286573978,0.00108046820544081,0.390465773551385,200,5143,1,"3","diploid","female"
"601","0","0","0","0",-0.672857284545898,3198.90673828125,"map_5144_1_1",5,70,300,20,5,4.56744181830256,0.1,14.2630832337717,0.256344604818729,7.0403058367428,113,0.2,2,239.286911897881,21.7172610640922,0.00715671633119107,0.0276996291848825,0.19598088959116,201,5144,1,"1","diploid","female"
"602","0","0","0","0",-0.672857284545898,3198.90673828125,"map_5144_1_2",5,70,300,20,5,6.60003788870754,0.1,7.14788310605517,0.314555147307404,8.8442961980485,109,0.2,2,239.286911897881,21.7172610640922,0.0022388826748268,0.0048170760921549,0.458010646249905,201,5144,1,"2","diploid","female"
"603","0","0","0","0",-0.672857284545898,3198.90673828125,"map_5144_1_3",5,70,300,20,5,2.91880589309422,0.1,7.66314308484165,0.165572026608015,6.1129768970905,98,0.2,2,239.286911897881,21.7172610640922,0.000925756117357616,0.000205989284999049,0.697915765143236,201,5144,1,"3","diploid","female"
"604","0","0","0","0",0.217398256063461,3021.82885742188,"map_5154_1_1",5,70,300,20,5,7.73871422649076,0.1,11.9310360560051,0.346050738795706,14.631055285985,6,0.2,2,121.789010310886,21.1253383135875,0.00595007933472261,0.0143338863044036,0.240868754913881,202,5154,1,"1","diploid","female"
"605","0","0","0","0",0.217398256063461,3021.82885742188,"map_5154_1_2",5,70,300,20,5,6.97456475553621,0.1,17.1329483778141,0.519611157069642,3.72481216763261,7,0.2,2,121.789010310886,21.1253383135875,0.0166168810214754,0.0623995151208163,0.154139818031864,202,5154,1,"2","diploid","female"
"606","0","0","0","0",0.217398256063461,3021.82885742188,"map_5154_1_3",5,70,300,20,5,6.77106464197236,0.1,9.33395280822431,0.279691800819086,14.935081167487,4,0.2,2,121.789010310886,21.1253383135875,0.00269124218460698,0.00350463395320579,0.306963781286974,202,5154,1,"3","diploid","female"
"607","0","0","0","0",0.577024102210999,2934.13671875,"map_5157_1_1",5,70,300,20,5,6.97682994781532,0.1,8.65989505570963,0.215086100110746,12.7106728799767,35,0.2,2,39.9512543448578,21.9858423171777,0.00186792492744407,0.003627531078929,0.300908601987313,203,5157,1,"1","diploid","female"
"608","0","0","0","0",0.577024102210999,2934.13671875,"map_5157_1_2",5,70,300,20,5,6.72972384970394,0.1,8.53556954231533,0.221999006384149,10.1349260649943,26,0.2,2,39.9512543448578,21.9858423171777,0.00173671196779169,0.0026104172956299,0.378853947464949,203,5157,1,"2","diploid","female"
"609","0","0","0","0",0.577024102210999,2934.13671875,"map_5157_1_3",5,70,300,20,5,6.20060561013599,0.1,8.51940087537698,0.184234795683332,11.5948566444676,136,0.2,2,39.9512543448578,21.9858423171777,0.0014192830290367,0.00145533452159644,0.368542668325616,203,5157,1,"3","diploid","female"
"610","0","0","0","0",-0.228993922472,3244.01782226562,"map_5182_1_1",5,70,300,20,5,6.46408713644894,0.1,15.1285410386334,0.380118866906595,6.25925145669716,29,0.2,2,117.327812955229,20.806719320557,0.00943520083859359,0.0297751470576557,0.155503381668612,204,5182,1,"1","diploid","female"
"611","0","0","0","0",-0.228993922472,3244.01782226562,"map_5182_1_2",5,70,300,20,5,5.99666307322183,0.1,8.54221092676981,0.53022721434537,3.76599371214982,27,0.2,2,117.327812955229,20.806719320557,0.00350497940334632,0.00217380609756328,0.44016890351703,204,5182,1,"2","diploid","female"
"612","0","0","0","0",-0.228993922472,3244.01782226562,"map_5182_1_3",5,70,300,20,5,4.33922399267604,0.1,8.44911554031549,0.233928622113861,7.84380942071434,108,0.2,2,117.327812955229,20.806719320557,0.0015658940587533,0.00044964016671513,0.305207583731608,204,5182,1,"3","diploid","female"
"613","0","0","0","0",-0.451143354177475,3175.51904296875,"map_5183_1_1",5,70,300,20,5,2.56066150544451,0.1,13.8222706254842,0.338202411114606,7.91807628751903,8,0.2,2,113.562876400361,21.5362299351993,0.00739373191073566,0.0250084866568404,0.197671777701791,205,5183,1,"1","diploid","female"
"614","0","0","0","0",-0.451143354177475,3175.51904296875,"map_5183_1_2",5,70,300,20,5,5.792575324521,0.1,11.5389238656003,0.576858726134897,1.81983131512961,6,0.2,2,113.562876400361,21.5362299351993,0.00727121835017602,0.0111172196979271,0.217151241818972,205,5183,1,"2","diploid","female"
"615","0","0","0","0",-0.451143354177475,3175.51904296875,"map_5183_1_3",5,70,300,20,5,2.37031037896356,0.1,7.52867441686497,0.31604194834896,9.10321869668264,4,0.2,2,113.562876400361,21.5362299351993,0.00179411884932418,0.000737592458608839,0.384945574540241,205,5183,1,"3","diploid","female"
"616","0","0","0","0",-0.840107023715973,3211.080078125,"map_5185_1_1",5,70,300,20,5,3.77694144297639,0.1,12.5702454196163,0.390045621139089,5.48942380538379,9,0.2,2,111.672238758632,21.5097204928646,0.00793064798864215,0.0280265198672627,0.150625013369296,206,5185,1,"1","diploid","female"
"617","0","0","0","0",-0.840107023715973,3211.080078125,"map_5185_1_2",5,70,300,20,5,4.26329152439518,0.1,8.80485751167908,0.463717037677215,5.79744685522479,5,0.2,2,111.672238758632,21.5097204928646,0.00421140935733502,0.0093649920174461,0.288823927912525,206,5185,1,"2","diploid","female"
"618","0","0","0","0",-0.840107023715973,3211.080078125,"map_5185_1_3",5,70,300,20,5,3.46499554716556,0.1,6.23724080986963,0.368662954052412,6.2965590495796,3,0.2,2,111.672238758632,21.5097204928646,0.00130374314827761,0.000101859543042658,0.393332335703273,206,5185,1,"3","diploid","female"
"619","0","0","0","0",-0.876870512962341,3217.41796875,"map_5186_1_1",5,70,300,20,5,4.41173005537749,0.1,14.41459938792,0.413506403894293,3.7032505570325,50,0.2,2,128.754700847638,21.4987614674954,0.0101934486139539,0.039412349759465,0.244308940708274,207,5186,1,"1","diploid","female"
"620","0","0","0","0",-0.876870512962341,3217.41796875,"map_5186_1_2",5,70,300,20,5,7.7406185723216,0.1,8.49528543383943,0.89036893882696,1.20181957895786,22,0.2,2,128.754700847638,21.4987614674954,0.00670896341305816,0.00989454313822317,0.526366392212496,207,5186,1,"2","diploid","female"
"621","0","0","0","0",-0.876870512962341,3217.41796875,"map_5186_1_3",5,70,300,20,5,2.93484501655022,0.1,7.24013417838082,0.230843873206398,6.1978922324552,91,0.2,2,128.754700847638,21.4987614674954,0.00109277117855514,0.000100500677372025,0.694055884877142,207,5186,1,"3","diploid","female"
"622","0","0","0","0",-0.812707602977753,3233.08422851562,"map_5187_1_1",5,70,300,20,5,4.03763963373009,0.1,15.9746079522835,0.32369138601626,5.482712470286,63,0.2,2,130.366759024585,21.5265964833341,0.00994052132510049,0.0477129522821529,0.137339956271775,208,5187,1,"1","diploid","female"
"623","0","0","0","0",-0.812707602977753,3233.08422851562,"map_5187_1_2",5,70,300,20,5,4.66520291462324,0.1,10.467186367671,0.229586359258094,8.3189474659528,46,0.2,2,130.366759024585,21.5265964833341,0.00293015151150127,0.00782790805723953,0.424090013585369,208,5187,1,"2","diploid","female"
"624","0","0","0","0",-0.812707602977753,3233.08422851562,"map_5187_1_3",5,70,300,20,5,3.2409416284807,0.1,7.29609133679586,0.229170714974233,5.7019459794271,83,0.2,2,130.366759024585,21.5265964833341,0.00109078032486053,0.000243611163640112,0.450803384959788,208,5187,1,"3","diploid","female"
"625","0","0","0","0",-0.88099879026413,3277.49926757812,"map_5188_1_1",5,70,300,20,5,0,0.1,18.980239881249,0.404179378563109,3.54527878419033,112,0.2,2,131.032844758905,21.4739386515232,0.0158126904914693,0.0688942067731991,0.0823406005145138,209,5188,1,"1","diploid","female"
"626","0","0","0","0",-0.88099879026413,3277.49926757812,"map_5188_1_2",5,70,300,20,5,0,0.1,12.4784759307065,0.268585162224918,5.65923027078357,29,0.2,2,131.032844758905,21.4739386515232,0.00416014198790167,0.00674000359765189,0.395718588783903,209,5188,1,"2","diploid","female"
"627","0","0","0","0",-0.88099879026413,3277.49926757812,"map_5188_1_3",5,70,300,20,5,2.18068695486565,0.1,8.31015659054807,0.230268880819434,4.20608741709458,30,0.2,2,131.032844758905,21.4739386515232,0.00140631792007169,0.000121488802087723,0.317316662550369,209,5188,1,"3","diploid","female"
"628","0","0","0","0",-0.507381677627563,2992.4033203125,"map_5231_1_1",5,70,300,20,5,6.23793962365137,0.1,12.2920078560164,0.209881140833275,8.9788479119969,38,0.2,2,117.789551136106,21.1770471781987,0.00348852392053954,0.00776668294943359,0.293217099606479,210,5231,1,"1","diploid","female"
"629","0","0","0","0",-0.507381677627563,2992.4033203125,"map_5231_1_2",5,70,300,20,5,8.23154924782692,0.1,16.7350261383821,0.318150918793304,5.94517938683756,101,0.2,2,117.789551136106,21.1770471781987,0.00999109297295106,0.0346713272211938,0.156045698882774,210,5231,1,"2","diploid","female"
"630","0","0","0","0",-0.507381677627563,2992.4033203125,"map_5231_1_3",5,70,300,20,5,5.7537014495916,0.1,9.93879322948001,0.0699920907540082,7.21841169965758,31,0.2,2,117.789551136106,21.1770471781987,0.000676148320542297,0.000619796932940153,0.447765600851405,210,5231,1,"3","diploid","female"
"631","0","0","0","0",-0.592670440673828,2944.7802734375,"map_5245_1_1",5,70,300,20,5,3.52084755769212,0.1,12.4714244728562,0.251703710845598,5.69348084440214,116,0.2,2,102.285766668098,21.7496564301146,0.00497233305765514,0.015802315635778,0.248445445705978,211,5245,1,"1","diploid","female"
"632","0","0","0","0",-0.592670440673828,2944.7802734375,"map_5245_1_2",5,70,300,20,5,3.5701243630152,0.1,22.01717040916,0.342415242559645,6.24334995139921,143,0.2,2,102.285766668098,21.7496564301146,0.0192087424797755,0.102027127574342,0.157865809454712,211,5245,1,"2","diploid","female"
"633","0","0","0","0",-0.592670440673828,2944.7802734375,"map_5245_1_3",5,70,300,20,5,3.86603874809762,0.1,7.26416898224549,0.164429169249189,5.71873685839732,102,0.2,2,102.285766668098,21.7496564301146,0.00074022237597456,8.37971474930063e-05,0.585857361555544,211,5245,1,"3","diploid","female"
"634","0","0","0","0",-0.594928801059723,2992.01611328125,"map_5246_1_1",5,70,300,20,5,4.4338909588023,0.1,17.7486329627751,0.239773695924369,6.47182562514311,4,0.2,2,242.975708388015,21.7032123346001,0.00908150750290361,0.0439123045791604,0.162444984987527,212,5246,1,"1","diploid","female"
"635","0","0","0","0",-0.594928801059723,2992.01611328125,"map_5246_1_2",5,70,300,20,5,5.31422302351532,0.1,23.8161035078427,0.740178453815214,1.23970899809105,11,0.2,2,242.975708388015,21.7032123346001,0.046954900550299,0.23293726707455,0.0562450843380017,212,5246,1,"2","diploid","female"
"636","0","0","0","0",-0.594928801059723,2992.01611328125,"map_5246_1_3",5,70,300,20,5,0,0.1,11.1984515346293,0.045664977313596,1.92350936157243,2,0.2,2,242.975708388015,21.7032123346001,0.000630411734987396,0.00123088947436634,0.28312191148296,212,5246,1,"3","diploid","female"
"637","0","0","0","0",-0.533792078495026,3049.91015625,"map_5247_1_1",5,70,300,20,5,4.82832809779658,0.1,17.2415118535035,0.340135159815758,6.05750024174601,99,0.2,2,242.610260313928,21.7154958287743,0.0104742111550543,0.0364761152310406,0.149312281797922,213,5247,1,"1","diploid","female"
"638","0","0","0","0",-0.533792078495026,3049.91015625,"map_5247_1_2",5,70,300,20,5,6.1428142140769,0.1,16.3005441730556,0.842822606857863,0.59701064043073,150,0.2,2,242.610260313928,21.7154958287743,0.0221701198163635,0.0690224949635519,0.0525103666495762,213,5247,1,"2","diploid","female"
"639","0","0","0","0",-0.533792078495026,3049.91015625,"map_5247_1_3",5,70,300,20,5,3.97718169189458,0.1,11.2912915683648,0.264179769428344,8.80894404429539,97,0.2,2,242.610260313928,21.7154958287743,0.00330725873760196,0.00510262698328054,0.365983067741358,213,5247,1,"3","diploid","female"
"640","0","0","0","0",-0.640262365341187,3120.35522460938,"map_5248_1_1",5,70,300,20,5,4.63287814451225,0.1,16.2258813751747,0.345422603678957,4.48586902660601,67,0.2,2,225.134632693573,21.7508214526002,0.0105303564576191,0.0372470748758336,0.172379913187645,214,5248,1,"1","diploid","female"
"641","0","0","0","0",-0.640262365341187,3120.35522460938,"map_5248_1_2",5,70,300,20,5,6.3150666612392,0.1,18.7711725938744,0.559366701917314,1.6280758402106,80,0.2,2,225.134632693573,21.7508214526002,0.021283121692626,0.0712744050865394,0.152977771689268,214,5248,1,"2","diploid","female"
"642","0","0","0","0",-0.640262365341187,3120.35522460938,"map_5248_1_3",5,70,300,20,5,3.63275335106864,0.1,9.04945063493059,0.206482440789485,6.21038126306357,56,0.2,2,225.134632693573,21.7508214526002,0.00167216532803123,0.00190799631143742,0.536286361998985,214,5248,1,"3","diploid","female"
"643","0","0","0","0",0.358740299940109,3039.40698242188,"map_5258_1_1",5,70,300,20,5,8.63226287892696,0.1,10.1133665002325,0.345283896447524,15.8825928074533,31,0.2,2,121.766898196401,21.1146871370334,0.0048775736324074,0.0171793226315331,0.22629067678109,215,5258,1,"1","diploid","female"
"644","0","0","0","0",0.358740299940109,3039.40698242188,"map_5258_1_2",5,70,300,20,5,7.87678509134492,0.1,12.1664979745073,0.450377310924712,10.3652757257854,27,0.2,2,121.766898196401,21.1146871370334,0.0100277798767438,0.0479410196095345,0.241642274789125,215,5258,1,"2","diploid","female"
"645","0","0","0","0",0.358740299940109,3039.40698242188,"map_5258_1_3",5,70,300,20,5,7.27404149743208,0.1,8.92514255439054,0.344839002690393,15.9835809573399,10,0.2,2,121.766898196401,21.1146871370334,0.00376953211135533,0.0129138011820322,0.341751211526881,215,5258,1,"3","diploid","female"
"646","0","0","0","0",0.261160433292389,2995.96752929688,"map_5259_1_1",5,70,300,20,5,6.59374482807091,0.1,14.6448671876006,0.351293954107684,7.0605546943084,7,0.2,2,120.27667436568,21.9839253473123,0.00826872437111456,0.0267132404582285,0.193986084117212,216,5259,1,"1","diploid","female"
"647","0","0","0","0",0.261160433292389,2995.96752929688,"map_5259_1_2",5,70,300,20,5,7.42005591748712,0.1,15.6129608378012,0.644826926773531,2.00581915281999,8,0.2,2,120.27667436568,21.9839253473123,0.0179063298321798,0.0688548690857465,0.170186813596417,216,5259,1,"2","diploid","female"
"648","0","0","0","0",0.261160433292389,2995.96752929688,"map_5259_1_3",5,70,300,20,5,5.67352000377428,0.1,11.9344461829899,0.30305566344762,9.70381456581807,4,0.2,2,120.27667436568,21.9839253473123,0.00453450972809373,0.00845398785358433,0.261549938297768,216,5259,1,"3","diploid","female"
"649","0","0","0","0",-0.788539409637451,3032.92553710938,"map_5277_1_1",5,70,300,20,5,3.16890185813527,0.1,8.60280872946074,0.254285690119955,5.45118952744575,7,0.2,2,54.9373675691725,21.8755431613521,0.00196995101092561,0.00235774316704923,0.375895644545426,217,5277,1,"1","diploid","female"
"650","0","0","0","0",-0.788539409637451,3032.92553710938,"map_5277_1_2",5,70,300,20,5,3.33093499562537,0.1,9.23827367480675,0.863075791978829,0.696042518389378,22,0.2,2,54.9373675691725,21.8755431613521,0.00737587834039648,0.00525179905410694,0.182935128265255,217,5277,1,"2","diploid","female"
"651","0","0","0","0",-0.788539409637451,3032.92553710938,"map_5277_1_3",5,70,300,20,5,4.62834586424554,0.1,5.67162504753799,0.238002607359548,6.57035551255321,2,0.2,2,54.9373675691725,21.8755431613521,0.000655835179721792,1.1233152928889e-05,0.600960691476234,217,5277,1,"3","diploid","female"
"652","0","0","0","0",-0.497709333896637,3206.37475585938,"map_5286_1_1",5,70,300,20,5,5.41728762362464,0.1,11.3710162743075,0.370842580668983,7.86262838126694,45,0.2,2,112.063611775142,20.8439840008386,0.00613068117248103,0.0211917337472907,0.248805248454805,218,5286,1,"1","diploid","female"
"653","0","0","0","0",-0.497709333896637,3206.37475585938,"map_5286_1_2",5,70,300,20,5,4.97844934839864,0.1,7.36473840558021,0.744808283384501,7.28666491147227,24,0.2,2,112.063611775142,20.8439840008386,0.00444090503427645,0.00615834809613815,0.696095870304471,218,5286,1,"2","diploid","female"
"654","0","0","0","0",-0.497709333896637,3206.37475585938,"map_5286_1_3",5,70,300,20,5,4.57265841566366,0.1,7.48062098881304,0.175726407432787,7.65038606411716,104,0.2,2,112.063611775142,20.8439840008386,0.000889851339410055,0.000233627680873772,0.512602800718406,218,5286,1,"3","diploid","female"
"655","0","0","0","0",-0.561676561832428,3138.15869140625,"map_5287_1_1",5,70,300,20,5,4.56017262800522,0.1,13.7630606078053,0.218872637890259,8.1655876545216,30,0.2,2,115.600837346327,21.479878863887,0.00516385654799307,0.0203255400421882,0.165513330956908,219,5287,1,"1","diploid","female"
"656","0","0","0","0",-0.561676561832428,3138.15869140625,"map_5287_1_2",5,70,300,20,5,4.83724688015654,0.1,14.7845414864323,0.257868394233083,6.70762545910517,34,0.2,2,115.600837346327,21.479878863887,0.00675900939723787,0.0291439335080417,0.231864659056729,219,5287,1,"2","diploid","female"
"657","0","0","0","0",-0.561676561832428,3138.15869140625,"map_5287_1_3",5,70,300,20,5,4.83889645542881,0.1,8.89838271984018,0.107599744951758,8.70728954180727,31,0.2,2,115.600837346327,21.479878863887,0.000827268729760082,0.000446545269773961,0.412447927311634,219,5287,1,"3","diploid","female"
"658","0","0","0","0",-0.816978991031647,3133.22802734375,"map_5289_1_1",5,70,300,20,5,2.38177358338899,0.1,11.2267620666249,0.357521090131705,4.73086257076838,114,0.2,2,113.300091176334,21.5223749821896,0.00513579911775263,0.0156600180217425,0.486913200638828,220,5289,1,"1","diploid","female"
"659","0","0","0","0",-0.816978991031647,3133.22802734375,"map_5289_1_2",5,70,300,20,5,6.97899304938546,0.1,8.74917928229067,0.99272851595485,2.58220638979725,279,0.2,2,113.300091176334,21.5223749821896,0.0105991909137614,0.0396180497788592,0.813711577184422,220,5289,1,"2","diploid","female"
"660","0","0","0","0",-0.816978991031647,3133.22802734375,"map_5289_1_3",5,70,300,20,5,2.24033312358165,0.1,7.91829243443613,0.09639284863497,7.2603598872339,84,0.2,2,113.300091176334,21.5223749821896,0.000548002124633079,9.22998124122778e-05,0.820831720224838,220,5289,1,"3","diploid","female"
"661","0","0","0","0",-0.905277907848358,3130.048828125,"map_5290_1_1",5,70,300,20,5,3.78876040750952,0.1,10.8893712677697,0.35295116053835,5.74404571556766,20,0.2,2,123.007954809753,21.5203439558331,0.00529236083065549,0.0165549102561527,0.316398801177606,221,5290,1,"1","diploid","female"
"662","0","0","0","0",-0.905277907848358,3130.048828125,"map_5290_1_2",5,70,300,20,5,4.1022510237899,0.1,8.63385786920738,0.955621602752128,2.08734040447088,54,0.2,2,123.007954809753,21.5203439558331,0.00887638539689464,0.022165452936148,0.555574775050002,221,5290,1,"2","diploid","female"
"663","0","0","0","0",-0.905277907848358,3130.048828125,"map_5290_1_3",5,70,300,20,5,4.33338287933815,0.1,6.2441338555051,0.292668026348317,7.86889180603731,4,0.2,2,123.007954809753,21.5203439558331,0.00101417688063702,0.000124318664807045,0.684292530909643,221,5290,1,"3","diploid","female"
"664","0","0","0","0",-0.687353074550629,3159.92553710938,"map_5291_1_1",5,70,300,20,5,4.42196201835093,0.1,16.6215373954106,0.255417199129483,6.65780336010809,107,0.2,2,130.887101043498,21.4948101973085,0.00787008066096255,0.0298195050840128,0.131729010292537,222,5291,1,"1","diploid","female"
"665","0","0","0","0",-0.687353074550629,3159.92553710938,"map_5291_1_2",5,70,300,20,5,4.85217258385905,0.1,15.1263436143951,0.592461238122863,1.09315707856492,148,0.2,2,130.887101043498,21.4948101973085,0.0139161246260843,0.0483998404137853,0.138792119682277,222,5291,1,"2","diploid","female"
"666","0","0","0","0",-0.687353074550629,3159.92553710938,"map_5291_1_3",5,70,300,20,5,4.43463234064364,0.1,9.07525211790491,0.138541927760382,8.12310138349656,92,0.2,2,130.887101043498,21.4948101973085,0.00108166773273213,0.000452738980027642,0.411848263366819,222,5291,1,"3","diploid","female"
"667","0","0","0","0",-0.765075981616974,3204.55224609375,"map_5292_1_1",5,70,300,20,5,4.77149604767935,0.1,16.2288051168685,0.323579887010342,4.04364881118934,13,0.2,2,126.231635540427,21.5058467332707,0.00954566420029237,0.0362099870470844,0.124332788086036,223,5292,1,"1","diploid","female"
"668","0","0","0","0",-0.765075981616974,3204.55224609375,"map_5292_1_2",5,70,300,20,5,8.26794596800655,0.1,13.4846542755409,0.279923226050392,3.46775162664453,7,0.2,2,126.231635540427,21.5058467332707,0.00558958328387668,0.0191472258196118,0.257513736502486,223,5292,1,"2","diploid","female"
"669","0","0","0","0",-0.765075981616974,3204.55224609375,"map_5292_1_3",5,70,300,20,5,3.23376093388195,0.1,7.90604372022076,0.146476939267286,5.81770982726868,5,0.2,2,126.231635540427,21.5058467332707,0.000833387773502414,0.000169466924636081,0.418822593437976,223,5292,1,"3","diploid","female"
"670","0","0","0","0",-0.491004467010498,2835.20678710938,"map_5334_1_1",5,70,300,20,5,2.48232696765372,0.1,14.2753788720989,0.281556638866545,3.77103734205405,49,0.2,2,42.7916778854754,22.8952542449681,0.00666391195273309,0.02282183091424,0.149160583662385,224,5334,1,"1","diploid","female"
"671","0","0","0","0",-0.491004467010498,2835.20678710938,"map_5334_1_2",5,70,300,20,5,2.72217395763633,0.1,11.9954217819039,0.327210908546382,3.31083735983848,58,0.2,2,42.7916778854754,22.8952542449681,0.0052174456772954,0.0132061063493854,0.261239311748511,224,5334,1,"2","diploid","female"
"672","0","0","0","0",-0.491004467010498,2835.20678710938,"map_5334_1_3",5,70,300,20,5,2.25111777644352,0.1,9.11594032640399,0.0863048663487111,2.54827794867655,22,0.2,2,42.7916778854754,22.8952542449681,0.000619287499106916,3.51202835205193e-05,0.585588604374244,224,5334,1,"3","diploid","female"
"673","0","0","0","0",-0.484031081199646,2943.03393554688,"map_5335_1_1",5,70,300,20,5,2.20510843717537,0.1,9.21932985039808,0.112233854157367,7.42369994310696,15,0.2,2,43.7061705690286,21.1874048818121,0.000949164030359957,0.00074225437855084,0.414439924815353,225,5335,1,"1","diploid","female"
"674","0","0","0","0",-0.484031081199646,2943.03393554688,"map_5335_1_2",5,70,300,20,5,4.83576404037668,0.1,13.8755392945028,0.175389470947091,5.38625215824783,33,0.2,2,43.7061705690286,21.1874048818121,0.00403020906812315,0.0117313601409747,0.282400714308384,225,5335,1,"2","diploid","female"
"675","0","0","0","0",-0.484031081199646,2943.03393554688,"map_5335_1_3",5,70,300,20,5,2.07717278816687,0.1,7.07180057107922,0.039946489472832,5.29607136837558,17,0.2,2,43.7061705690286,21.1874048818121,0.000176548120688035,3.60314867533041e-06,0.739333921006264,225,5335,1,"3","diploid","female"
"676","0","0","0","0",-0.567287981510162,3011.931640625,"map_5351_1_1",5,70,300,20,5,3.75133595920243,0.1,12.9355574960338,0.404860156252472,5.36426403265289,153,0.2,2,125.464733839827,21.7554083747061,0.00806831008709063,0.0234808445043145,0.350902291755699,226,5351,1,"1","diploid","female"
"677","0","0","0","0",-0.567287981510162,3011.931640625,"map_5351_1_2",5,70,300,20,5,4.09585742372071,0.1,19.8761270546448,0.683328872880218,1.10314453046241,217,0.2,2,125.464733839827,21.7554083747061,0.0254640469736751,0.113880985886848,0.0253711837262933,226,5351,1,"2","diploid","female"
"678","0","0","0","0",-0.567287981510162,3011.931640625,"map_5351_1_3",5,70,300,20,5,4.4912734471338,0.1,10.1434239515759,0.219357285234212,8.85698198113104,126,0.2,2,125.464733839827,21.7554083747061,0.0020330857553587,0.00095626372199811,0.292040273533077,226,5351,1,"3","diploid","female"
"679","0","0","0","0",-0.692135155200958,3064.44750976562,"map_5352_1_1",5,70,300,20,5,3.566505232783,0.1,15.4812745646553,0.199880941636256,5.96940363272851,31,0.2,2,129.66352477343,21.6954803424552,0.0053695004631992,0.0234179523629578,0.270100795128278,227,5352,1,"1","diploid","female"
"680","0","0","0","0",-0.692135155200958,3064.44750976562,"map_5352_1_2",5,70,300,20,5,4.13333721278145,0.1,25.1541935665361,0.347481157096957,5.93179270526465,72,0.2,2,129.66352477343,21.6954803424552,0.0201248139710792,0.0578682674923423,0.214278307698886,227,5352,1,"2","diploid","female"
"681","0","0","0","0",-0.692135155200958,3064.44750976562,"map_5352_1_3",5,70,300,20,5,4.39493250917662,0.1,8.2981192620156,0.16428734625445,9.19852919363668,10,0.2,2,129.66352477343,21.6954803424552,0.00110327069834173,0.000727488303725233,0.496332738139507,227,5352,1,"3","diploid","female"
"682","0","0","0","0",-0.669309675693512,3128.16235351562,"map_5353_1_1",5,70,300,20,5,4.88317930463044,0.1,9.71207084120811,0.457380864184623,7.62735880903744,5,0.2,2,129.426500668953,20.3536528041328,0.00457635080362644,0.00546882261212962,0.355138107140624,228,5353,1,"1","diploid","female"
"683","0","0","0","0",-0.669309675693512,3128.16235351562,"map_5353_1_2",5,70,300,20,5,3.9789519259296,0.1,14.8711202780398,0.641886433489664,1.59308052121245,6,0.2,2,129.426500668953,20.3536528041328,0.0150576443763535,0.0581667013383456,0.0477427723757106,228,5353,1,"2","diploid","female"
"684","0","0","0","0",-0.669309675693512,3128.16235351562,"map_5353_1_3",5,70,300,20,5,5.40647022827363,0.1,8.12164442164263,0.243588073156891,10.0189632926658,2,0.2,2,129.426500668953,20.3536528041328,0.00142500231824595,5.66193876808631e-05,0.394216844325314,228,5353,1,"3","diploid","female"
"685","0","0","0","0",-0.662699997425079,3211.009765625,"map_5354_1_1",5,70,300,20,5,5.70024317434842,0.1,14.0978856642119,0.376539727694082,5.6180461342355,120,0.2,2,196.76618554505,20.360164426886,0.00794075540394598,0.0196339248145646,0.144016353858774,229,5354,1,"1","diploid","female"
"686","0","0","0","0",-0.662699997425079,3211.009765625,"map_5354_1_2",5,70,300,20,5,5.34110457940458,0.1,10.9628689817817,0.604934969433407,1.77373951332043,175,0.2,2,196.76618554505,20.360164426886,0.0073144605614129,0.0102562951076425,0.14876890729536,229,5354,1,"2","diploid","female"
"687","0","0","0","0",-0.662699997425079,3211.009765625,"map_5354_1_3",5,70,300,20,5,3.79868371458678,0.1,8.20704942042657,0.204569679473315,5.80303159242638,86,0.2,2,196.76618554505,20.360164426886,0.00115847598645264,7.96016519636414e-05,0.845644074387206,229,5354,1,"3","diploid","female"
"688","0","0","0","0",0.226648986339569,3061.06005859375,"map_5362_1_1",5,70,300,20,5,8.15900764664962,0.1,8.94214354048685,0.146336289497359,13.6255632749904,20,0.2,2,81.7780615023996,21.097744731544,0.00124357784486037,0.00160971528905508,0.349475426243149,230,5362,1,"1","diploid","female"
"689","0","0","0","0",0.226648986339569,3061.06005859375,"map_5362_1_2",5,70,300,20,5,11.1638607118805,0.1,9.48788691502645,0.154103554826452,10.6136908799775,26,0.2,2,81.7780615023996,21.097744731544,0.00149955377166157,0.00246962593258748,0.428005098945791,230,5362,1,"2","diploid","female"
"690","0","0","0","0",0.226648986339569,3061.06005859375,"map_5362_1_3",5,70,300,20,5,6.2568227945753,0.1,8.4092367131623,0.092227089434128,12.5776565995812,57,0.2,2,81.7780615023996,21.097744731544,0.000652271004694033,0.000506290425555288,0.483936992665333,230,5362,1,"3","diploid","female"
"691","0","0","0","0",0.321259260177612,3017.83935546875,"map_5363_1_1",5,70,300,20,5,6.61645096512284,0.1,10.58086851862,0.195733885820183,11.428050371747,36,0.2,2,84.576275112621,21.9783904877216,0.00230544581511449,0.00485179132006833,0.291008479229791,231,5363,1,"1","diploid","female"
"692","0","0","0","0",0.321259260177612,3017.83935546875,"map_5363_1_2",5,70,300,20,5,7.29874791860943,0.1,9.11064765259794,0.338378902788933,9.25986826719636,75,0.2,2,84.576275112621,21.9783904877216,0.00276388985710426,0.00291107435749877,0.459370795315862,231,5363,1,"2","diploid","female"
"693","0","0","0","0",0.321259260177612,3017.83935546875,"map_5363_1_3",5,70,300,20,5,6.48817653189392,0.1,10.2264276488443,0.166565104804337,11.3444869340005,74,0.2,2,84.576275112621,21.9783904877216,0.00171645458680874,0.00186684039720459,0.369810917774928,231,5363,1,"3","diploid","female"
"694","0","0","0","0",-0.442198544740677,3168.13354492188,"map_5390_1_1",5,70,300,20,5,3.49809895551326,0.1,11.2985845775616,0.279178289841468,8.44103147072595,27,0.2,2,114.077935652875,20.8128843275812,0.00431278327028423,0.0148115041143629,0.273015444853628,232,5390,1,"1","diploid","female"
"695","0","0","0","0",-0.442198544740677,3168.13354492188,"map_5390_1_2",5,70,300,20,5,8.61342566713008,0.1,9.53594056620759,0.476401042254329,6.06857716396888,48,0.2,2,114.077935652875,20.8128843275812,0.00539701297409017,0.0180913733935321,0.607973109349587,232,5390,1,"2","diploid","female"
"696","0","0","0","0",-0.442198544740677,3168.13354492188,"map_5390_1_3",5,70,300,20,5,2.69893063094394,0.1,8.30928868926907,0.131239465729154,9.15677411639634,15,0.2,2,114.077935652875,20.8128843275812,0.000885457312168916,0.000399941605896307,0.379199935659403,232,5390,1,"3","diploid","female"
"697","0","0","0","0",-0.834142029285431,3065.69067382812,"map_5394_1_1",5,70,300,20,5,2.50944111838912,0.1,10.4887763518488,0.380555485483738,5.80262504925683,22,0.2,2,129.363600201781,21.4887027824968,0.0055021608832928,0.0190320674583923,0.399188397547301,233,5394,1,"1","diploid","female"
"698","0","0","0","0",-0.834142029285431,3065.69067382812,"map_5394_1_2",5,70,300,20,5,7.04054910692692,0.1,10.605292539293,0.965297618389466,2.24855367167406,57,0.2,2,129.363600201781,21.4887027824968,0.0160983317850302,0.0890076920705538,0.582834536940836,233,5394,1,"2","diploid","female"
"699","0","0","0","0",-0.834142029285431,3065.69067382812,"map_5394_1_3",5,70,300,20,5,2.49740989606527,0.1,5.76232301910728,0.382809507162179,8.36875492910779,4,0.2,2,129.363600201781,21.4887027824968,0.00113696714567074,0.000253993267061105,0.724610708628033,233,5394,1,"3","diploid","female"
"700","0","0","0","0",0.296198606491089,3006.4482421875,"map_5401_1_1",5,70,300,20,5,7.80569587922457,0.1,10.1142756393807,0.318200893019094,9.77924383528089,9,0.2,2,90.4733400439899,21.4672077385954,0.00336423236225865,0.00565349472850522,0.343186627457318,234,5401,1,"1","diploid","female"
"701","0","0","0","0",0.296198606491089,3006.4482421875,"map_5401_1_2",5,70,300,20,5,7.08727748357556,0.1,9.18014312659579,0.778029427894223,1.93935919936628,25,0.2,2,90.4733400439899,21.4672077385954,0.00673559475140964,0.0095107809842072,0.378165849890318,234,5401,1,"2","diploid","female"
"702","0","0","0","0",0.296198606491089,3006.4482421875,"map_5401_1_3",5,70,300,20,5,6.89662276776249,0.1,9.09644456798233,0.242628479295552,12.1307765307512,9,0.2,2,90.4733400439899,21.4672077385954,0.00214241254202419,0.00355595617064063,0.435597820346415,234,5401,1,"3","diploid","female"
"703","0","0","0","0",-0.579273283481598,3071.58935546875,"map_5441_1_1",5,70,300,20,5,3.33421328088399,0.1,12.1368103254564,0.391608197347611,5.32158615430865,11,0.2,2,107.33407674517,22.706754834417,0.00686757949101099,0.0159930906699732,0.308138337719301,235,5441,1,"1","diploid","female"
"704","0","0","0","0",-0.579273283481598,3071.58935546875,"map_5441_1_2",5,70,300,20,5,4.73589266180407,0.1,9.84427630301196,0.908786186110247,4.13411062606976,24,0.2,2,107.33407674517,22.706754834417,0.0103732170913591,0.0171676106414728,0.554856769027882,235,5441,1,"2","diploid","female"
"705","0","0","0","0",-0.579273283481598,3071.58935546875,"map_5441_1_3",5,70,300,20,5,4.16342181374341,0.1,8.64835362069631,0.294727517855961,6.79499089683012,5,0.2,2,107.33407674517,22.706754834417,0.002118754948576,0.00148659850552725,0.397912981806113,235,5441,1,"3","diploid","female"
"706","0","0","0","0",-0.513742566108704,2973.08056640625,"map_5455_1_1",5,70,300,20,5,3.48738024307851,0.1,12.1719711167651,0.146397166970031,7.29259380731155,59,0.2,2,126.180217654206,22.2548930864133,0.00272304610754177,0.00974623743327011,0.197915125382789,236,5455,1,"1","diploid","female"
"707","0","0","0","0",-0.513742566108704,2973.08056640625,"map_5455_1_2",5,70,300,20,5,4.06279626024587,0.1,15.8066537938083,0.179580200224048,9.20325074497098,67,0.2,2,126.180217654206,22.2548930864133,0.00617434730082265,0.0254273467486772,0.199702269297111,236,5455,1,"2","diploid","female"
"708","0","0","0","0",-0.513742566108704,2973.08056640625,"map_5455_1_3",5,70,300,20,5,3.98957062565139,0.1,8.0907833417803,0.10583158283729,6.56600311406535,69,0.2,2,126.180217654206,22.2548930864133,0.000731176817389233,0.000770448906563148,0.383810391232947,236,5455,1,"3","diploid","female"
"709","0","0","0","0",-0.703641295433044,3021.51318359375,"map_5456_1_1",5,70,300,20,5,3.44173797443523,0.1,8.61088286986789,0.578480941597228,5.19990239250497,9,0.2,2,123.76934683917,21.7670872351392,0.00504232054470571,0.013526328446804,0.71922076726588,237,5456,1,"1","diploid","female"
"710","0","0","0","0",-0.703641295433044,3021.51318359375,"map_5456_1_2",5,70,300,20,5,3.81963070841449,0.1,8.86321969391599,1.42724839483896,4.22321448800566,61,0.2,2,123.76934683917,21.7670872351392,0.0173417170818275,0.0942734814697118,0.950447814493987,237,5456,1,"2","diploid","female"
"711","0","0","0","0",-0.703641295433044,3021.51318359375,"map_5456_1_3",5,70,300,20,5,4.29215931969538,0.1,7.48568133791471,0.318239276018239,7.44020313200143,2,0.2,2,123.76934683917,21.7670872351392,0.00158899155978812,0.000308427399946667,0.656103836660064,237,5456,1,"3","diploid","female"
"712","0","0","0","0",-0.699574947357178,3067.98217773438,"map_5457_1_1",5,70,300,20,5,4.67206437741308,0.1,9.78718139390885,0.187285545668456,9.65425622328404,31,0.2,2,131.676269138374,20.3726040701797,0.00200896325172573,0.00505896429352696,0.532402806527725,238,5457,1,"1","diploid","female"
"713","0","0","0","0",-0.699574947357178,3067.98217773438,"map_5457_1_2",5,70,300,20,5,3.61507296610236,0.1,10.5358287402704,0.764624062380847,1.8063290338756,51,0.2,2,131.676269138374,20.3726040701797,0.0104185166260177,0.0375560663123019,0.480874048040971,238,5457,1,"2","diploid","female"
"714","0","0","0","0",-0.699574947357178,3067.98217773438,"map_5457_1_3",5,70,300,20,5,5.67147800060722,0.1,6.5141121444103,0.0606770791322888,5.91141085710974,76,0.2,2,131.676269138374,20.3726040701797,0.000234293302189111,7.61617042786821e-05,0.966194114401972,238,5457,1,"3","diploid","female"
"715","0","0","0","0",-0.807107090950012,3125.19213867188,"map_5458_1_1",5,70,300,20,5,5.1345846341812,0.1,13.9323011466136,0.277137751712534,10.2979173697174,60,0.2,2,193.599909392702,20.3195675060995,0.00644298450527695,0.0202150258399525,0.291528471146106,239,5458,1,"1","diploid","female"
"716","0","0","0","0",-0.807107090950012,3125.19213867188,"map_5458_1_2",5,70,300,20,5,4.55756521357325,0.1,20.0359522950927,0.420107677078314,3.81252175131194,66,0.2,2,193.599909392702,20.3195675060995,0.0176780614822676,0.0613707917545035,0.215409286805286,239,5458,1,"2","diploid","female"
"717","0","0","0","0",-0.807107090950012,3125.19213867188,"map_5458_1_3",5,70,300,20,5,4.56586450648214,0.1,6.99958334854658,0.157817115494403,9.53024818119517,60,0.2,2,193.599909392702,20.3195675060995,0.000780685097184533,0.000233073174527842,0.567342815691228,239,5458,1,"3","diploid","female"
"718","0","0","0","0",-0.746030867099762,3189.29833984375,"map_5459_1_1",5,70,300,20,5,0,0.1,13.0120647689656,0.340013711851157,9.1887367983399,68,0.2,2,193.271386891108,20.3622696096055,0.00706726806748223,0.026983664636903,0.259911553084909,240,5459,1,"1","diploid","female"
"719","0","0","0","0",-0.746030867099762,3189.29833984375,"map_5459_1_2",5,70,300,20,5,0,0.1,11.9152734779427,0.651679575960435,1.29787362848329,50,0.2,2,193.271386891108,20.3622696096055,0.0105081202461186,0.0358456651146553,0.233666588128153,240,5459,1,"2","diploid","female"
"720","0","0","0","0",-0.746030867099762,3189.29833984375,"map_5459_1_3",5,70,300,20,5,0,0.1,6.3278287705675,0.217960283206933,8.92822279807045,137,0.2,2,193.271386891108,20.3622696096055,0.000778845318873281,6.77660513325117e-05,0.577340628051478,240,5459,1,"3","diploid","female"
"721","0","0","0","0",-0.257853657007217,3075.72509765625,"map_5496_1_1",5,70,300,20,5,5.1443809967542,0.1,10.7083168715972,0.344927778301521,6.85944955560502,54,0.2,2,97.1054965174475,21.4972996695889,0.00404390653844636,0.00612124818599589,0.461694801184265,241,5496,1,"1","diploid","female"
"722","0","0","0","0",-0.257853657007217,3075.72509765625,"map_5496_1_2",5,70,300,20,5,7.67534336612154,0.1,11.7122087948562,0.561115316948531,2.47949982746506,82,0.2,2,97.1054965174475,21.4972996695889,0.00811689450283359,0.0147489783379503,0.366219187105806,241,5496,1,"2","diploid","female"
"723","0","0","0","0",-0.257853657007217,3075.72509765625,"map_5496_1_3",5,70,300,20,5,4.40538296688592,0.1,8.15753312698029,0.161121640035452,11.034752445615,125,0.2,2,97.1054965174475,21.4972996695889,0.000997665069091895,0.000277148310825162,0.633304278312935,241,5496,1,"3","diploid","female"
"724","0","0","0","0",-0.608374118804932,2993.90649414062,"map_5545_1_1",5,70,300,20,5,2.5780769422297,0.1,15.1255071695794,0.278674334761945,4.9375361801372,9,0.2,2,117.805673878058,22.6511689943333,0.00710014475614599,0.0240299317633857,0.215845747409114,242,5545,1,"1","diploid","female"
"725","0","0","0","0",-0.608374118804932,2993.90649414062,"map_5545_1_2",5,70,300,20,5,8.36557120452659,0.1,10.7162683086533,1.06194197250866,1.14357225286016,59,0.2,2,117.805673878058,22.6511689943333,0.0155784468133438,0.070377838431942,0.154489968734656,242,5545,1,"2","diploid","female"
"726","0","0","0","0",-0.608374118804932,2993.90649414062,"map_5545_1_3",5,70,300,20,5,2.51519968866839,0.1,9.37926185947439,0.184410172325127,6.82200504250671,5,0.2,2,117.805673878058,22.6511689943333,0.0015639422873819,0.00126788672605753,0.413235945006956,242,5545,1,"3","diploid","female"
"727","0","0","0","0",-0.585331320762634,3105.60229492188,"map_5546_1_1",5,70,300,20,5,4.22502666144451,0.1,14.9086357489366,0.161822838796622,6.21618467513001,7,0.2,2,112.045802461745,21.5323640373458,0.00390327199928406,0.0121010888616707,0.218534705487805,243,5546,1,"1","diploid","female"
"728","0","0","0","0",-0.585331320762634,3105.60229492188,"map_5546_1_2",5,70,300,20,5,4.47526374684486,0.1,13.6858152732824,0.456684300560473,0.8770336879412,11,0.2,2,112.045802461745,21.5323640373458,0.00910307904754374,0.0258388445171349,0.181017117073185,243,5546,1,"2","diploid","female"
"729","0","0","0","0",-0.585331320762634,3105.60229492188,"map_5546_1_3",5,70,300,20,5,5.05904721830011,0.1,8.94136725251911,0.0627556904662658,8.19507899610583,5,0.2,2,112.045802461745,21.5323640373458,0.000466114590947093,0.000102788746190904,0.474293101028629,243,5546,1,"3","diploid","female"
"730","0","0","0","0",-0.702405691146851,3129.666015625,"map_5550_1_1",5,70,300,20,5,0,0.1,23.7649138920651,0.26629776309181,9.12535009690992,74,0.2,2,283.405154079298,21.3698555132083,0.0173324090561945,0.0866807616808195,0.0713589099473611,244,5550,1,"1","diploid","female"
"731","0","0","0","0",-0.702405691146851,3129.666015625,"map_5550_1_2",5,70,300,20,5,0,0.1,27.7404505499485,0.451421685323271,5.33192603319597,80,0.2,2,283.405154079298,21.3698555132083,0.0361048617130987,0.218002186346284,0.0899911297690049,244,5550,1,"2","diploid","female"
"732","0","0","0","0",-0.702405691146851,3129.666015625,"map_5550_1_3",5,70,300,20,5,0,0.1,12.2392135290723,0.169610939802139,7.64115760906608,73,0.2,2,283.405154079298,21.3698555132083,0.00347797107204438,0.0131024069138545,0.232423288721589,244,5550,1,"3","diploid","female"
"733","0","0","0","0",-0.604670166969299,2982.10668945312,"map_5560_1_1",5,70,300,20,5,3.30480334014029,0.1,16.4859024508341,0.27232810801611,5.08233775008582,70,0.2,2,125.662816842925,22.2208775470687,0.00857749339128088,0.0391197839829383,0.120555090524031,245,5560,1,"1","diploid","female"
"734","0","0","0","0",-0.604670166969299,2982.10668945312,"map_5560_1_2",5,70,300,20,5,3.90687346178832,0.1,24.4685589584153,0.448878913107219,3.69816931847312,98,0.2,2,125.662816842925,22.2208775470687,0.0285074075632863,0.137596619644222,0.122181227929763,245,5560,1,"2","diploid","female"
"735","0","0","0","0",-0.604670166969299,2982.10668945312,"map_5560_1_3",5,70,300,20,5,3.91835084223271,0.1,8.88248182652947,0.221368086254012,7.5684988587557,20,0.2,2,125.662816842925,22.2208775470687,0.0016609732026724,0.00121793138925733,0.352918188517924,245,5560,1,"3","diploid","female"
"736","0","0","0","0",-0.609092891216278,3022.51586914062,"map_5561_1_1",5,70,300,20,5,0,0.1,9.49041929466545,0.178743216077687,7.83462917507137,55,0.2,2,131.827622651262,21.9946640031546,0.00221302417085638,0.00658137049736886,0.311778115434521,246,5561,1,"1","diploid","female"
"737","0","0","0","0",-0.609092891216278,3022.51586914062,"map_5561_1_2",5,70,300,20,5,12.239822101578,0.1,12.4045842741807,0.2055784622285,8.86576036368908,57,0.2,2,131.827622651262,21.9946640031546,0.00526858316878373,0.0223405643633105,0.392019907542004,246,5561,1,"2","diploid","female"
"738","0","0","0","0",-0.609092891216278,3022.51586914062,"map_5561_1_3",5,70,300,20,5,3.3495082191363,0.1,6.73620497386776,0.13518820731835,7.35780111169822,54,0.2,2,131.827622651262,21.9946640031546,0.000572018415504166,0.000141352870566572,0.601731965221263,246,5561,1,"3","diploid","female"
"739","0","0","0","0",-0.798336088657379,3062.111328125,"map_5562_1_1",5,70,300,20,5,0,0.1,21.4738138927838,0.134591854674983,5.23452072249632,8,0.2,2,192.575455332911,21.9788743712973,0.00734379193966024,0.0382776933218489,0.285009375966294,247,5562,1,"1","diploid","female"
"740","0","0","0","0",-0.798336088657379,3062.111328125,"map_5562_1_2",5,70,300,20,5,14.3930698741325,0.1,11.9779381282904,0.804354283772586,4.69405471290195,48,0.2,2,192.575455332911,21.9788743712973,0.0181612375276153,0.105606224217884,0.60575168861113,247,5562,1,"2","diploid","female"
"741","0","0","0","0",-0.798336088657379,3062.111328125,"map_5562_1_3",5,70,300,20,5,3.49697186403767,0.1,11.0507424026398,0.0453877213925591,5.01667314112576,5,0.2,2,192.575455332911,21.9788743712973,0.0006403057104342,0.00189085368108896,0.661838847217318,247,5562,1,"3","diploid","female"
"742","0","0","0","0",-0.720260322093964,3110.47631835938,"map_5563_1_1",5,70,300,20,5,0,0.1,20.0552344283974,0.217341638282158,5.62580747972488,145,0.2,2,192.894174607489,22.0262642139084,0.0103582836055059,0.0534019747573409,0.127765632885142,248,5563,1,"1","diploid","female"
"743","0","0","0","0",-0.720260322093964,3110.47631835938,"map_5563_1_2",5,70,300,20,5,17.9946128269888,0.1,19.2382661676123,0.434389595143994,7.8193064772994,156,0.2,2,192.894174607489,22.0262642139084,0.020375098542815,0.116442135939941,0.154655810313731,248,5563,1,"2","diploid","female"
"744","0","0","0","0",-0.720260322093964,3110.47631835938,"map_5563_1_3",5,70,300,20,5,4.82485831004507,0.1,8.86545295558509,0.272374181850932,9.50349825334625,148,0.2,2,192.894174607489,22.0262642139084,0.00247317027723721,0.00351830541900323,0.360620005071071,248,5563,1,"3","diploid","female"
"745","0","0","0","0",-0.530690550804138,3191.32666015625,"map_5564_1_1",5,70,300,20,5,0,0.1,12.7564915635686,0.648313714333645,5.7037294262044,90,0.2,2,194.769453485939,21.4632167773917,0.0142551054792291,0.0490949852540389,0.391952139997742,249,5564,1,"1","diploid","female"
"746","0","0","0","0",-0.530690550804138,3191.32666015625,"map_5564_1_2",5,70,300,20,5,0,0.1,6.70660632483897,1.69711624909779,7.11078917856329,3,0.2,2,194.769453485939,21.4632167773917,0.0110442443844926,0.0364772990950392,1.46028637138278,249,5564,1,"2","diploid","female"
"747","0","0","0","0",-0.530690550804138,3191.32666015625,"map_5564_1_3",5,70,300,20,5,4.81093520690717,0.1,7.5016499031702,0.582798484603498,7.05428528360925,122,0.2,2,194.769453485939,21.4632167773917,0.00324824385042987,0.00288338672682948,0.622352821693322,249,5564,1,"3","diploid","female"
"748","0","0","0","0",-0.550361812114716,3219.63818359375,"map_5565_1_1",5,70,300,20,5,4.79877258252446,0.1,16.1628298870015,0.304032188930815,7.09959063160741,101,0.2,2,159.986387309838,21.4783662920642,0.0102343256270942,0.0472101363451998,0.169462325960625,250,5565,1,"1","diploid","female"
"749","0","0","0","0",-0.550361812114716,3219.63818359375,"map_5565_1_2",5,70,300,20,5,5.68526890103199,0.1,9.22898951272879,0.244538484226631,9.07605514203111,75,0.2,2,159.986387309838,21.4783662920642,0.0027582816940844,0.00895697324076073,0.445702142307643,250,5565,1,"2","diploid","female"
"750","0","0","0","0",-0.550361812114716,3219.63818359375,"map_5565_1_3",5,70,300,20,5,3.60754354542412,0.1,6.98496300739162,0.21808787351094,6.6904486455255,85,0.2,2,159.986387309838,21.4783662920642,0.00105482741443814,0.000708342017691381,0.489430895410266,250,5565,1,"3","diploid","female"
"751","0","0","0","0",-0.580001294612885,3143.38720703125,"map_5566_1_1",5,70,300,20,5,0,0.1,12.1573862356109,0.501940821269703,6.45043707134899,10,0.2,2,161.023258931613,21.444244469255,0.00975118248737569,0.0402714547623487,0.297857617797045,251,5566,1,"1","diploid","female"
"752","0","0","0","0",-0.580001294612885,3143.38720703125,"map_5566_1_2",5,70,300,20,5,12.6929624269344,0.1,9.28084441169352,1.21088563593538,4.31848759736119,29,0.2,2,161.023258931613,21.444244469255,0.0150603759282973,0.0595082438060311,0.684307345500075,251,5566,1,"2","diploid","female"
"753","0","0","0","0",-0.580001294612885,3143.38720703125,"map_5566_1_3",5,70,300,20,5,4.90854511766042,0.1,8.21176098003805,0.383843264341965,8.09313178664584,3,0.2,2,161.023258931613,21.444244469255,0.00245779263822771,0.00152390833633899,0.401057907239791,251,5566,1,"3","diploid","female"
"754","0","0","0","0",-0.558310508728027,3084.20166015625,"map_5567_1_1",5,70,300,20,5,4.68351438360659,0.1,18.4729794618945,0.253837763745676,7.44360078426446,45,0.2,2,160.685586745557,21.4649299503297,0.00930608327154074,0.0425605928332499,0.1380695576577,252,5567,1,"1","diploid","female"
"755","0","0","0","0",-0.558310508728027,3084.20166015625,"map_5567_1_2",5,70,300,20,5,5.01818512290836,0.1,22.9276947634153,0.532100993705332,1.98346256141495,95,0.2,2,160.685586745557,21.4649299503297,0.0310474493827227,0.141132924636381,0.107752721649225,252,5567,1,"2","diploid","female"
"756","0","0","0","0",-0.558310508728027,3084.20166015625,"map_5567_1_3",5,70,300,20,5,4.98547499767488,0.1,10.3183863950995,0.147969530940615,9.81941009375705,165,0.2,2,160.685586745557,21.4649299503297,0.00167025354605879,0.0025741953590316,0.364798801564346,252,5567,1,"3","diploid","female"
"757","0","0","0","0",-0.937974452972412,2991.00439453125,"map_5570_1_1",5,70,300,20,5,2.68850158183766,0.1,12.9900288416169,0.160931883422416,5.67506303153573,55,0.2,2,88.6396157464316,22.1865698876703,0.00313467615873244,0.00938709409933761,0.23784801750335,253,5570,1,"1","diploid","female"
"758","0","0","0","0",-0.937974452972412,2991.00439453125,"map_5570_1_2",5,70,300,20,5,3.11027821995753,0.1,20.4472512076121,0.33378107236277,3.03657446305467,114,0.2,2,88.6396157464316,22.1865698876703,0.0118203152887091,0.0108012673549376,0.215299202107085,253,5570,1,"2","diploid","female"
"759","0","0","0","0",-0.937974452972412,2991.00439453125,"map_5570_1_3",5,70,300,20,5,3.66432469900308,0.1,7.26249847439503,0.0984339297142919,5.89591062519135,65,0.2,2,88.6396157464316,22.1865698876703,0.000455326450387806,5.0763629673172e-05,0.581579494472996,253,5570,1,"3","diploid","female"
"760","0","0","0","0",-0.830215573310852,2966.68774414062,"map_5592_1_1",5,70,300,20,5,2.69370341276787,0.1,8.62872929314347,0.112724222050703,4.79881527768983,11,0.2,2,20.694243116261,22.2751190633341,0.000886225414747814,0.00102915628946878,0.374937481411228,254,5592,1,"1","diploid","female"
"761","0","0","0","0",-0.830215573310852,2966.68774414062,"map_5592_1_2",5,70,300,20,5,2.88519287624808,0.1,11.4119890882327,0.139919195907105,5.24246636415311,14,0.2,2,20.694243116261,22.2751190633341,0.00207239123381799,0.00385090534963345,0.370335523841776,254,5592,1,"2","diploid","female"
"762","0","0","0","0",-0.830215573310852,2966.68774414062,"map_5592_1_3",5,70,300,20,5,3.9078741788682,0.1,6.59209134925288,0.0482948561822702,4.35787130894012,9,0.2,2,20.694243116261,22.2751190633341,0.00017983935218794,7.27680617300737e-07,0.660686707779228,254,5592,1,"3","diploid","female"
"763","0","0","0","0",-0.0571692623198032,3001.42504882812,"map_5593_1_1",5,70,300,20,5,2.05498960197384,0.1,10.7221412587321,0.128310446471659,7.49714952853518,26,0.2,2,19.7896083034451,22.2984335805359,0.00139842791009197,0.000707734626977785,0.444653763782843,255,5593,1,"1","diploid","female"
"764","0","0","0","0",-0.0571692623198032,3001.42504882812,"map_5593_1_2",5,70,300,20,5,6.02035284893053,0.1,7.20927838848344,0.76758178524298,2.16162662464765,21,0.2,2,19.7896083034451,22.2984335805359,0.00331717249410909,0.00026450401132924,0.711818293897482,255,5593,1,"2","diploid","female"
"765","0","0","0","0",-0.0571692623198032,3001.42504882812,"map_5593_1_3",5,70,300,20,5,2.00348779753649,0.1,8.04424949510147,0.100841585834805,8.87828969032441,149,0.2,2,19.7896083034451,22.2984335805359,0.000595926299013553,8.80476775446895e-05,0.858164757825371,255,5593,1,"3","diploid","female"
"766","0","0","0","0",-0.298453807830811,3145.67211914062,"map_5606_1_1",5,70,300,20,5,5.05068159451932,0.1,10.9924010790968,0.291792250793455,8.6217673281219,6,0.2,2,109.846520721714,21.8839783969512,0.00423864037088598,0.0142485027846813,0.21308128521056,256,5606,1,"1","diploid","female"
"767","0","0","0","0",-0.298453807830811,3145.67211914062,"map_5606_1_2",5,70,300,20,5,9.29347050609676,0.1,9.60170311844372,0.28922643864754,6.29020051659075,3,0.2,2,109.846520721714,21.8839783969512,0.0025078139217082,0.00157461032738264,0.449900663143303,256,5606,1,"2","diploid","female"
"768","0","0","0","0",-0.298453807830811,3145.67211914062,"map_5606_1_3",5,70,300,20,5,3.3507582121227,0.1,7.6270148294477,0.250366718510379,8.70721786470313,4,0.2,2,109.846520721714,21.8839783969512,0.00135952273526515,0.000427074542081761,0.404979155730674,256,5606,1,"3","diploid","female"
"769","0","0","0","0",0.125896453857422,3059.69067382812,"map_5609_1_1",5,70,300,20,5,6.82007393956701,0.1,6.28998231399284,0.364505497955679,13.8665928605892,7,0.2,2,57.3945314321803,21.453517829329,0.00143363692136352,0.000848311423416168,0.462940213908836,257,5609,1,"1","diploid","female"
"770","0","0","0","0",0.125896453857422,3059.69067382812,"map_5609_1_2",5,70,300,20,5,6.38729145954443,0.1,5.65485032433788,0.786982911556732,13.0942766270832,10,0.2,2,57.3945314321803,21.453517829329,0.00240097977657754,0.00112900289208,1.05923606261337,257,5609,1,"2","diploid","female"
"771","0","0","0","0",0.125896453857422,3059.69067382812,"map_5609_1_3",5,70,300,20,5,7.00051669856003,0.1,6.75233127313618,0.330996011506628,13.7212365739718,3,0.2,2,57.3945314321803,21.453517829329,0.00149196537397249,0.000420674405105867,0.464557315099591,257,5609,1,"3","diploid","female"
"772","0","0","0","0",-0.645097851753235,2823.83032226562,"map_5648_1_1",5,70,300,20,5,2.43371841825056,0.1,20.1834011685387,0.427016043208145,2.27955096592268,108,0.2,2,112.011654172625,22.6836441035815,0.0203281352841761,0.120794188558578,0.200493538673607,258,5648,1,"1","diploid","female"
"773","0","0","0","0",-0.645097851753235,2823.83032226562,"map_5648_1_2",5,70,300,20,5,2.53583807909485,0.1,22.8573571039109,0.66131987968325,0.763310815771686,144,0.2,2,112.011654172625,22.6836441035815,0.036789812331589,0.190362217456286,0.179874881254677,258,5648,1,"2","diploid","female"
"774","0","0","0","0",-0.645097851753235,2823.83032226562,"map_5648_1_3",5,70,300,20,5,0,0.1,7.74321659176323,0.0301777728961658,0.560809898431758,41,0.2,2,112.011654172625,22.6836441035815,0.000178748635796626,0.000168293422556178,0.111422109939197,258,5648,1,"3","diploid","female"
"775","0","0","0","0",-0.641028344631195,3016.28247070312,"map_5650_1_1",5,70,300,20,5,2.83742940776783,0.1,9.1409395086486,0.29064713403299,8.79454416053707,8,0.2,2,113.597515289966,21.5242510739619,0.0031033693319766,0.00715314278345859,0.244156067924085,259,5650,1,"1","diploid","female"
"776","0","0","0","0",-0.641028344631195,3016.28247070312,"map_5650_1_2",5,70,300,20,5,7.79431853911959,0.1,13.3464408407757,0.752692272821338,0.495139312472692,15,0.2,2,113.597515289966,21.5242510739619,0.0128706261059155,0.0266414092956318,0.0824108951037937,259,5650,1,"2","diploid","female"
"777","0","0","0","0",-0.641028344631195,3016.28247070312,"map_5650_1_3",5,70,300,20,5,2.73415736379766,0.1,6.48766316447538,0.247017271860801,8.920584550493,4,0.2,2,113.597515289966,21.5242510739619,0.00097938419403942,0.000175920825833461,0.47120659267208,259,5650,1,"3","diploid","female"
"778","0","0","0","0",-0.760176956653595,3111.72680664062,"map_5651_1_1",5,70,300,20,5,5.37116139935748,0.1,12.9922247494085,0.529050714103677,9.092222346801,49,0.2,2,295.298242562633,21.5232876094341,0.0138453345779817,0.0679195969432707,0.28650141978218,260,5651,1,"1","diploid","female"
"779","0","0","0","0",-0.760176956653595,3111.72680664062,"map_5651_1_2",5,70,300,20,5,6.82754852556456,0.1,15.5884834355544,0.896848087542609,4.77279364223231,57,0.2,2,295.298242562633,21.5232876094341,0.0336978628883218,0.150699624278004,0.277987348281002,260,5651,1,"2","diploid","female"
"780","0","0","0","0",-0.760176956653595,3111.72680664062,"map_5651_1_3",5,70,300,20,5,0,0.1,6.30523709609886,0.495290033130495,7.99436029264655,43,0.2,2,295.298242562633,21.5232876094341,0.00245346977779749,0.00539843667785222,0.829367973628027,260,5651,1,"3","diploid","female"
"781","0","0","0","0",-0.781871914863586,3105.98608398438,"map_5653_1_1",5,70,300,20,5,5.46038430087175,0.1,27.6364670535816,0.271130603606316,5.19482890562706,74,0.2,2,291.818584099957,21.3715852946538,0.0205049805155698,0.107353414225092,0.0851188736537623,261,5653,1,"1","diploid","female"
"782","0","0","0","0",-0.781871914863586,3105.98608398438,"map_5653_1_2",5,70,300,20,5,6.57913017908045,0.1,29.2250161459576,0.473271241168436,3.30929296745122,86,0.2,2,291.818584099957,21.3715852946538,0.0394848240268187,0.221735400995492,0.0706429232606159,261,5653,1,"2","diploid","female"
"783","0","0","0","0",-0.781871914863586,3105.98608398438,"map_5653_1_3",5,70,300,20,5,0,0.1,18.7903094600795,0.0681025219012261,5.03729865003619,66,0.2,2,291.818584099957,21.3715852946538,0.00254653774012813,0.00805837930856814,0.325933812306058,261,5653,1,"3","diploid","female"
"784","0","0","0","0",-0.394487857818604,2946.60473632812,"map_5661_1_1",5,70,300,20,5,3.61342621304616,0.1,12.2227544641332,0.21657554093888,6.46945163161039,19,0.2,2,66.9665588334549,22.2467225392659,0.00395103518836923,0.012096545887662,0.269229417952339,262,5661,1,"1","diploid","female"
"785","0","0","0","0",-0.394487857818604,2946.60473632812,"map_5661_1_2",5,70,300,20,5,3.98348679414911,0.1,18.0695177196048,0.483678491864113,1.25371583026877,48,0.2,2,66.9665588334549,22.2467225392659,0.0157980187260851,0.0517192339334336,0.183083525694251,262,5661,1,"2","diploid","female"
"786","0","0","0","0",-0.394487857818604,2946.60473632812,"map_5661_1_3",5,70,300,20,5,4.06044793829243,0.1,7.65395235037357,0.114826317751352,6.76716298256067,12,0.2,2,66.9665588334549,22.2467225392659,0.000608979639674663,0.000131610656174335,0.567503739158392,262,5661,1,"3","diploid","female"
"787","0","0","0","0",-0.490346521139145,2987.00805664062,"map_5665_1_1",5,70,300,20,5,0,0.1,13.2999651569101,0.21731174693147,6.85791998444003,5,0.2,2,121.265670548246,21.9858267605635,0.00450544229912111,0.012017178781334,0.133101025871138,263,5665,1,"1","diploid","female"
"788","0","0","0","0",-0.490346521139145,2987.00805664062,"map_5665_1_2",5,70,300,20,5,12.3303871912709,0.1,14.3798972204213,0.7405306659036,0.377583212282385,11,0.2,2,121.265670548246,21.9858267605635,0.0146918572674764,0.0302359027173662,0.0639775002681254,263,5665,1,"2","diploid","female"
"789","0","0","0","0",-0.490346521139145,2987.00805664062,"map_5665_1_3",5,70,300,20,5,3.34185275387734,0.1,9.09526306266564,0.161513263121017,8.28198304723342,3,0.2,2,121.265670548246,21.9858267605635,0.00131184159126385,0.000687028111583293,0.280599982863043,263,5665,1,"3","diploid","female"
"790","0","0","0","0",-0.786131680011749,3012.65795898438,"map_5666_1_1",5,70,300,20,5,0,0.1,15.4953059093567,0.422625527629983,4.94722298798102,16,0.2,2,192.28004662143,21.9717315133096,0.0123175399473507,0.0442722799296594,0.29958637288899,264,5666,1,"1","diploid","female"
"791","0","0","0","0",-0.786131680011749,3012.65795898438,"map_5666_1_2",5,70,300,20,5,14.8473797856084,0.1,19.1881566633193,0.86549727467278,0.354733256014889,82,0.2,2,192.28004662143,21.9717315133096,0.0296690326795722,0.0648313182948282,0.0562027718082675,264,5666,1,"2","diploid","female"
"792","0","0","0","0",-0.786131680011749,3012.65795898438,"map_5666_1_3",5,70,300,20,5,0,0.1,8.63432801878374,0.348514043012203,6.41610721675212,7,0.2,2,192.28004662143,21.9717315133096,0.00267685077488895,0.00479394751830393,0.551520264422695,264,5666,1,"3","diploid","female"
"793","0","0","0","0",-0.56416130065918,3055.22607421875,"map_5667_1_1",5,70,300,20,5,4.3455597802923,0.1,20.0643159511993,0.183130149800926,7.23983925593708,76,0.2,2,201.271277975798,21.9586374023032,0.0101075314897368,0.0600976589230328,0.17713668915104,265,5667,1,"1","diploid","female"
"794","0","0","0","0",-0.56416130065918,3055.22607421875,"map_5667_1_2",5,70,300,20,5,5.63665635664533,0.1,35.2044147034369,0.326673401420003,5.21140654619935,80,0.2,2,201.271277975798,21.9586374023032,0.0369536144902029,0.257758648178391,0.128723867632294,265,5667,1,"2","diploid","female"
"795","0","0","0","0",-0.56416130065918,3055.22607421875,"map_5667_1_3",5,70,300,20,5,4.00218705907263,0.1,10.0818372405244,0.131961611516411,8.48972309260691,75,0.2,2,201.271277975798,21.9586374023032,0.00202058836759209,0.00782980766391208,0.547206241575079,265,5667,1,"3","diploid","female"
"796","0","0","0","0",-0.57792717218399,3133.88500976562,"map_5668_1_1",5,70,300,20,5,4.96664625613271,0.1,17.5936785790374,0.244901712405401,6.97989576792185,9,0.2,2,191.401989781579,21.4749930921451,0.00850906305297754,0.0376788984119963,0.144814294873219,266,5668,1,"1","diploid","female"
"797","0","0","0","0",-0.57792717218399,3133.88500976562,"map_5668_1_2",5,70,300,20,5,5.86258840648869,0.1,18.1066713211261,0.335866882298372,6.04801302582853,9,0.2,2,191.401989781579,21.4749930921451,0.0118979871749886,0.0473706676940921,0.187700710104431,266,5668,1,"2","diploid","female"
"798","0","0","0","0",-0.57792717218399,3133.88500976562,"map_5668_1_3",5,70,300,20,5,4.11799917777861,0.1,11.0549768876,0.146748613958433,8.7596506640852,6,0.2,2,191.401989781579,21.4749930921451,0.00195838102316492,0.00407056925645107,0.373042187295027,266,5668,1,"3","diploid","female"
"799","0","0","0","0",-0.35502028465271,3105.52001953125,"map_5670_1_1",5,70,300,20,5,5.43064893639116,0.1,17.7274980804054,0.310922847168643,6.80011654823783,51,0.2,2,159.379829837634,21.4875977432741,0.0111699888410059,0.0388149725472651,0.084289832512946,267,5670,1,"1","diploid","female"
"800","0","0","0","0",-0.35502028465271,3105.52001953125,"map_5670_1_2",5,70,300,20,5,5.87815104663312,0.1,16.04541058509,0.792691303762698,0.706527631608003,158,0.2,2,159.379829837634,21.4875977432741,0.021699486776404,0.102503055270583,0.0574971234329714,267,5670,1,"2","diploid","female"
"801","0","0","0","0",-0.35502028465271,3105.52001953125,"map_5670_1_3",5,70,300,20,5,5.31579779890245,0.1,10.5071050698312,0.262683865069307,10.2149947022299,23,0.2,2,159.379829837634,21.4875977432741,0.00305551885630179,0.00366297110665211,0.251042404054216,267,5670,1,"3","diploid","female"
"802","0","0","0","0",-0.620026290416718,3048.27587890625,"map_5671_1_1",5,70,300,20,5,0,0.1,13.681960340926,0.288549391409327,8.41486623662906,39,0.2,2,158.519255831392,21.4620074887872,0.00663142662861499,0.0184606451872186,0.168171118987663,268,5671,1,"1","diploid","female"
"803","0","0","0","0",-0.620026290416718,3048.27587890625,"map_5671_1_2",5,70,300,20,5,10.8559702557761,0.1,15.5001895573242,0.8046647700979,0.454294974861221,56,0.2,2,158.519255831392,21.4620074887872,0.020329390233861,0.0827774820856802,0.0786875545770066,268,5671,1,"2","diploid","female"
"804","0","0","0","0",-0.620026290416718,3048.27587890625,"map_5671_1_3",5,70,300,20,5,3.34514895642813,0.1,6.99778603217801,0.281092596674146,9.99346722015165,9,0.2,2,158.519255831392,21.4620074887872,0.00143440432985798,0.000907309316295085,0.425576901509129,268,5671,1,"3","diploid","female"
"805","0","0","0","0",-0.511472404003143,2979.65087890625,"map_5673_1_1",5,70,300,20,5,3.56457196044885,0.1,12.2648822436922,0.179857109943349,7.66091885439361,47,0.2,2,77.7301340324934,22.1930881555162,0.00368461807078865,0.0177816050965196,0.270841086203944,269,5673,1,"1","diploid","female"
"806","0","0","0","0",-0.511472404003143,2979.65087890625,"map_5673_1_2",5,70,300,20,5,3.99515354936811,0.1,23.6316834821183,0.234840234016779,6.64799915126482,53,0.2,2,77.7301340324934,22.1930881555162,0.0130327278478752,0.0660139515198744,0.227290809485873,269,5673,1,"2","diploid","female"
"807","0","0","0","0",-0.511472404003143,2979.65087890625,"map_5673_1_3",5,70,300,20,5,4.27231974063427,0.1,7.5200134995742,0.14117710358263,7.71702522351489,105,0.2,2,77.7301340324934,22.1930881555162,0.000798494973762927,0.000411808330991307,0.491299584700296,269,5673,1,"3","diploid","female"
"808","0","0","0","0",-0.579649686813354,2958.79907226562,"map_5674_1_1",5,70,300,20,5,2.08220132161605,0.1,12.6325518105937,0.31407369306311,3.35905995981916,7,0.2,2,83.2085390946398,22.1751346651502,0.005431854629443,0.0152079705965872,0.258948573787955,270,5674,1,"1","diploid","female"
"809","0","0","0","0",-0.579649686813354,2958.79907226562,"map_5674_1_2",5,70,300,20,5,6.19686274019972,0.1,10.9969513834147,0.833989600111248,0.99093445542918,16,0.2,2,83.2085390946398,22.1751346651502,0.0135594922392129,0.0757264804263968,0.457664811302617,270,5674,1,"2","diploid","female"
"810","0","0","0","0",-0.579649686813354,2958.79907226562,"map_5674_1_3",5,70,300,20,5,1.98743822063889,0.1,7.57761411967916,0.142692359559809,6.59083333634588,3,0.2,2,83.2085390946398,22.1751346651502,0.000760856408561047,0.000309184248400492,0.660598788580049,270,5674,1,"3","diploid","female"
"811","0","0","0","0",-0.324502110481262,2993.4208984375,"map_5697_1_1",5,70,300,20,5,3.90688783054781,0.1,8.5651032265082,0.232926694224087,5.15220869152811,6,0.2,2,20.8449429840691,22.2951323613772,0.00157075686914367,0.000688858366924972,0.541770537369675,271,5697,1,"1","diploid","female"
"812","0","0","0","0",-0.324502110481262,2993.4208984375,"map_5697_1_2",5,70,300,20,5,4.22531201672354,0.1,8.29711050745208,0.460750077233438,2.14635957848606,6,0.2,2,20.8449429840691,22.2951323613772,0.00285497505373189,0.000631663253804352,0.947903361001911,271,5697,1,"2","diploid","female"
"813","0","0","0","0",-0.324502110481262,2993.4208984375,"map_5697_1_3",5,70,300,20,5,5.08922617444631,0.1,5.76127392218591,0.207561735654545,7.23307491004921,3,0.2,2,20.8449429840691,22.2951323613772,0.000588814091492272,3.26559921227477e-06,0.792110516295155,271,5697,1,"3","diploid","female"
"814","0","0","0","0",-0.482558816671371,3007.69287109375,"map_5708_1_1",5,70,300,20,5,2.33090574839769,0.1,10.7158566834155,0.100022780159506,6.71142454785147,15,0.2,2,55.1361588996114,21.420493443807,0.0010741178329761,0.000775828203671235,0.411453176911522,272,5708,1,"1","diploid","female"
"815","0","0","0","0",-0.482558816671371,3007.69287109375,"map_5708_1_2",5,70,300,20,5,5.70214396230531,0.1,10.0516935987581,0.633294158098735,1.01025736492026,99,0.2,2,55.1361588996114,21.420493443807,0.00641013290687501,0.0127753822162052,0.212266633601998,272,5708,1,"2","diploid","female"
"816","0","0","0","0",-0.482558816671371,3007.69287109375,"map_5708_1_3",5,70,300,20,5,2.37372412683351,0.1,7.68152095138102,0.0429618491740278,7.04181326212396,18,0.2,2,55.1361588996114,21.420493443807,0.000219196974359504,7.92645908980706e-06,0.596692307276853,272,5708,1,"3","diploid","female"
"817","0","0","0","0",-0.24333767592907,3040.90209960938,"map_5709_1_1",5,70,300,20,5,5.02371103029131,0.1,12.7248315928192,0.202420606329087,6.89443340744024,14,0.2,2,113.87162826386,21.8347812707506,0.00349066364499184,0.00994360661027517,0.294591720955927,273,5709,1,"1","diploid","female"
"818","0","0","0","0",-0.24333767592907,3040.90209960938,"map_5709_1_2",5,70,300,20,5,8.3980521146341,0.1,11.1363484627015,0.708171404737506,1.12681388592407,70,0.2,2,113.87162826386,21.8347812707506,0.00968367169393381,0.0197620603455241,0.260806781112908,273,5709,1,"2","diploid","female"
"819","0","0","0","0",-0.24333767592907,3040.90209960938,"map_5709_1_3",5,70,300,20,5,3.75754686598411,0.1,8.23050688063608,0.120128246008872,9.3855734181988,12,0.2,2,113.87162826386,21.8347812707506,0.000780338012249898,0.000537048016102711,0.398599285755599,273,5709,1,"3","diploid","female"
"820","0","0","0","0",-0.365786790847778,3054.01245117188,"map_5713_1_1",5,70,300,20,5,4.52190141624926,0.1,9.22646451839146,0.34628071446121,4.54737395145856,6,0.2,2,56.7776805213916,21.8608688827633,0.00254894275532881,0.000691296196602414,0.468643778144401,274,5713,1,"1","diploid","female"
"821","0","0","0","0",-0.365786790847778,3054.01245117188,"map_5713_1_2",5,70,300,20,5,4.78217920944582,0.1,7.53920801100087,0.700823348757063,2.03432668580256,8,0.2,2,56.7776805213916,21.8608688827633,0.00345230495965734,0.00085970587520947,0.805398819453733,274,5713,1,"2","diploid","female"
"822","0","0","0","0",-0.365786790847778,3054.01245117188,"map_5713_1_3",5,70,300,20,5,5.34792282588506,0.1,6.3776788943588,0.21429408692987,9.18773274806102,3,0.2,2,56.7776805213916,21.8608688827633,0.000780782886271912,5.17291883290814e-05,0.622244601315375,274,5713,1,"3","diploid","female"
"823","0","0","0","0",-0.767269909381866,2775.24560546875,"map_5752_1_1",5,70,300,20,5,0,0.1,13.6423676712873,0.601093818232721,1.25844680327106,46,0.2,2,36.7939652392634,22.6802276957735,0.015090483373625,0.0613100373572187,0.27154917874124,275,5752,1,"1","diploid","female"
"824","0","0","0","0",-0.767269909381866,2775.24560546875,"map_5752_1_2",5,70,300,20,5,2.65629172586427,0.1,9.81992130653787,1.04916517609309,0.549901249267065,65,0.2,2,36.7939652392634,22.6802276957735,0.0155966254123332,0.0632035737181827,0.595355668683032,275,5752,1,"2","diploid","female"
"825","0","0","0","0",-0.767269909381866,2775.24560546875,"map_5752_1_3",5,70,300,20,5,0.658431784583539,0.1,7.45547755395188,0.0291535301524112,0.312731103027794,3,0.2,2,36.7939652392634,22.6802276957735,0.000133254783144624,4.89739900363631e-07,0.634565465814958,275,5752,1,"3","diploid","female"
"826","0","0","0","0",-0.727047622203827,2828.17626953125,"map_5753_1_1",5,70,300,20,5,1.16591442333572,0.1,15.2264026460207,0.251319140058218,3.00173760631374,36,0.2,2,37.1563638048711,22.65310477788,0.00724013780267339,0.0335653971196523,0.176869779342248,276,5753,1,"1","diploid","female"
"827","0","0","0","0",-0.727047622203827,2828.17626953125,"map_5753_1_2",5,70,300,20,5,2.36133265893746,0.1,17.423377884177,0.249965992998871,3.19073211692452,42,0.2,2,37.1563638048711,22.65310477788,0.010187230832432,0.0527803486727956,0.277697588535602,276,5753,1,"2","diploid","female"
"828","0","0","0","0",-0.727047622203827,2828.17626953125,"map_5753_1_3",5,70,300,20,5,0.985144343275112,0.1,7.53292853484923,0.0609691354155287,2.01209891413823,15,0.2,2,37.1563638048711,22.65310477788,0.000302092403217745,5.53258672422756e-06,0.706532444919934,276,5753,1,"3","diploid","female"
"829","0","0","0","0",-0.846190333366394,3002.77172851562,"map_5755_1_1",5,70,300,20,5,2.39435289964557,0.1,9.67168220867012,0.180636808184754,6.93153002746048,4,0.2,2,75.295628050237,21.5537782206488,0.00187638028461189,0.00413291649032553,0.286440434968265,277,5755,1,"1","diploid","female"
"830","0","0","0","0",-0.846190333366394,3002.77172851562,"map_5755_1_2",5,70,300,20,5,6.51282016611959,0.1,17.7439595936538,0.24854379863585,6.16797894743158,4,0.2,2,75.295628050237,21.5537782206488,0.0084524972333376,0.0293898098245897,0.178145690404297,277,5755,1,"2","diploid","female"
"831","0","0","0","0",-0.846190333366394,3002.77172851562,"map_5755_1_3",5,70,300,20,5,2.45123537856503,0.1,6.64268620804887,0.149005624583644,6.50951970676465,2,0.2,2,75.295628050237,21.5537782206488,0.000598445255960292,1.73086210412003e-05,0.53661387013199,277,5755,1,"3","diploid","female"
"832","0","0","0","0",-0.897233605384827,3051.162109375,"map_5756_1_1",5,70,300,20,5,3.23792443310766,0.1,9.19782318178107,0.166276702492092,6.6426967156786,31,0.2,2,80.6593882538552,21.5320617046335,0.00155297604957084,0.00179633226516271,0.40182813358386,278,5756,1,"1","diploid","female"
"833","0","0","0","0",-0.897233605384827,3051.162109375,"map_5756_1_2",5,70,300,20,5,3.2558696064101,0.1,16.3683748643113,0.313166979974572,3.0915973276522,48,0.2,2,80.6593882538552,21.5320617046335,0.00800113901781174,0.0138669722155988,0.232157775753898,278,5756,1,"2","diploid","female"
"834","0","0","0","0",-0.897233605384827,3051.162109375,"map_5756_1_3",5,70,300,20,5,4.6677917643001,0.1,6.21872524400684,0.108778428234318,5.9891628779851,66,0.2,2,80.6593882538552,21.5320617046335,0.000369177242832925,7.98370488008978e-06,0.713969910330383,278,5756,1,"3","diploid","female"
"835","0","0","0","0",-0.736628711223602,3011.15551757812,"map_5759_1_1",5,70,300,20,5,4.02060303982099,0.1,11.0621598755474,0.178666925684123,6.38587275450398,63,0.2,2,81.9685192488357,21.3595232578079,0.00218355844640316,0.00307276284205516,0.313478937377116,279,5759,1,"1","diploid","female"
"836","0","0","0","0",-0.736628711223602,3011.15551757812,"map_5759_1_2",5,70,300,20,5,5.65486762079504,0.1,11.4407365169103,0.809022259127257,0.807701402637202,226,0.2,2,81.9685192488357,21.3595232578079,0.0122923150045061,0.0518995139734776,0.160909504720686,279,5759,1,"2","diploid","female"
"837","0","0","0","0",-0.736628711223602,3011.15551757812,"map_5759_1_3",5,70,300,20,5,4.13531938332436,0.1,7.10855337101168,0.052868436607002,6.36473758177618,77,0.2,2,81.9685192488357,21.3595232578079,0.000233720942469046,6.87460338839516e-06,0.832969371328724,279,5759,1,"3","diploid","female"
"838","0","0","0","0",-0.597004771232605,3069.37646484375,"map_5761_1_1",5,70,300,20,5,2.41891066536925,0.1,9.24003031815353,0.221250858458713,7.27130875986859,19,0.2,2,83.0513578586008,21.8771558383507,0.00200100817454862,0.00272231453251665,0.289363104356758,280,5761,1,"1","diploid","female"
"839","0","0","0","0",-0.597004771232605,3069.37646484375,"map_5761_1_2",5,70,300,20,5,7.562801958812,0.1,9.24719110697016,0.292961781438266,7.87219825604664,24,0.2,2,83.0513578586008,21.8771558383507,0.00277512711171604,0.00354102336428621,0.35961601416763,280,5761,1,"2","diploid","female"
"840","0","0","0","0",-0.597004771232605,3069.37646484375,"map_5761_1_3",5,70,300,20,5,2.39981994374475,0.1,7.3021364432589,0.111069468900414,7.5979828631338,11,0.2,2,83.0513578586008,21.8771558383507,0.000501301794327945,1.38675757241085e-05,0.523762503303907,280,5761,1,"3","diploid","female"
"841","0","0","0","0",-0.562310218811035,2985.5166015625,"map_5770_1_1",5,70,300,20,5,4.1292266139855,0.1,17.5981129066799,0.14947417271224,5.42009274091251,63,0.2,2,196.41064928378,21.9897769387246,0.00590658432205637,0.0263659427940969,0.200157001554989,281,5770,1,"1","diploid","female"
"842","0","0","0","0",-0.562310218811035,2985.5166015625,"map_5770_1_2",5,70,300,20,5,4.96794653718205,0.1,24.7732214118774,0.434949785437568,3.28458993673596,85,0.2,2,196.41064928378,21.9897769387246,0.0293598840002332,0.1345758743242,0.1018441373282,281,5770,1,"2","diploid","female"
"843","0","0","0","0",-0.562310218811035,2985.5166015625,"map_5770_1_3",5,70,300,20,5,3.72697352029404,0.1,9.79146656465192,0.084038776704912,3.80669353839211,63,0.2,2,196.41064928378,21.9897769387246,0.000821092430141651,0.00144856049504416,0.550579492092374,281,5770,1,"3","diploid","female"
"844","0","0","0","0",-0.614170968532562,3016.67016601562,"map_5771_1_1",5,70,300,20,5,0,0.1,17.5612851054457,0.15870744345609,6.22069883332678,132,0.2,2,185.962308078905,22.0135831294266,0.00640806960110635,0.0279026109074861,0.203894639114865,282,5771,1,"1","diploid","female"
"845","0","0","0","0",-0.614170968532562,3016.67016601562,"map_5771_1_2",5,70,300,20,5,16.7064341369267,0.1,15.2257537728459,0.410782189467911,9.49788846578708,155,0.2,2,185.962308078905,22.0135831294266,0.014975001983613,0.0720733019027393,0.263318585245102,282,5771,1,"2","diploid","female"
"846","0","0","0","0",-0.614170968532562,3016.67016601562,"map_5771_1_3",5,70,300,20,5,0,0.1,7.74268285746986,0.227995985037092,9.57445969923543,142,0.2,2,185.962308078905,22.0135831294266,0.001649118922804,0.00363186157294128,0.496663282155206,282,5771,1,"3","diploid","female"
"847","0","0","0","0",-0.823947966098785,3066.11840820312,"map_5772_1_1",5,70,300,20,5,4.08886750499322,0.1,18.176660118644,0.19611698218976,7.87572075820611,75,0.2,2,194.020910446826,21.4857051655039,0.00780723824114218,0.0355718739868975,0.208070582643303,283,5772,1,"1","diploid","female"
"848","0","0","0","0",-0.823947966098785,3066.11840820312,"map_5772_1_2",5,70,300,20,5,4.59689631676168,0.1,22.8730919978469,0.26794687949428,7.1907728785137,77,0.2,2,194.020910446826,21.4857051655039,0.0157408837232432,0.0857858200508229,0.185361154905306,283,5772,1,"2","diploid","female"
"849","0","0","0","0",-0.823947966098785,3066.11840820312,"map_5772_1_3",5,70,300,20,5,3.99637164982733,0.1,9.65618557346254,0.112312084799959,7.81828164196553,73,0.2,2,194.020910446826,21.4857051655039,0.00120258849266163,0.00226583827266687,0.529498226331571,283,5772,1,"3","diploid","female"
"850","0","0","0","0",-0.930358350276947,3103.43359375,"map_5773_1_1",5,70,300,20,5,3.65766511609275,0.1,16.8716517403219,0.250051333144774,7.48054486214006,76,0.2,2,158.125377591662,21.4531303904249,0.00824171862092805,0.0372765894052953,0.0914650807092389,284,5773,1,"1","diploid","female"
"851","0","0","0","0",-0.930358350276947,3103.43359375,"map_5773_1_2",5,70,300,20,5,4.05149000042315,0.1,24.721511617175,0.362463632283333,5.18385519440503,119,0.2,2,158.125377591662,21.4531303904249,0.0221932393706812,0.142227808447241,0.0607245889570297,284,5773,1,"2","diploid","female"
"852","0","0","0","0",-0.930358350276947,3103.43359375,"map_5773_1_3",5,70,300,20,5,4.20452590889,0.1,9.06809993700173,0.190194050005442,9.58994746627873,112,0.2,2,158.125377591662,21.4531303904249,0.00153696247908717,0.000628677598492204,0.231683829241764,284,5773,1,"3","diploid","female"
"853","0","0","0","0",-0.213595151901245,3092.271484375,"map_5774_1_1",5,70,300,20,5,5.95312889197444,0.1,16.6688943455538,0.242366213550033,9.33559606988812,83,0.2,2,162.443552036222,21.4278867770139,0.00772387510768889,0.0340380541335849,0.151798149319033,285,5774,1,"1","diploid","female"
"854","0","0","0","0",-0.213595151901245,3092.271484375,"map_5774_1_2",5,70,300,20,5,6.33025252106414,0.1,16.3888571288542,0.337474250769464,8.33816262830039,97,0.2,2,162.443552036222,21.4278867770139,0.0104279883071204,0.0465818529188875,0.198599770062532,285,5774,1,"2","diploid","female"
"855","0","0","0","0",-0.213595151901245,3092.271484375,"map_5774_1_3",5,70,300,20,5,5.71158310300916,0.1,13.4423145700377,0.168364124019206,10.8277249484321,82,0.2,2,162.443552036222,21.4278867770139,0.00335366378048047,0.0108627163302739,0.237093984701103,285,5774,1,"3","diploid","female"
"856","0","0","0","0",-0.48900493979454,3021.95751953125,"map_5775_1_1",5,70,300,20,5,4.14716260064583,0.1,14.2225924274144,0.296968255689945,8.89267718781918,40,0.2,2,159.545452561489,22.1853561464734,0.00885987625479344,0.0488561223686242,0.208624058339257,286,5775,1,"1","diploid","female"
"857","0","0","0","0",-0.48900493979454,3021.95751953125,"map_5775_1_2",5,70,300,20,5,5.07134781147158,0.1,28.4742420757601,0.389400776734705,7.09289979333808,41,0.2,2,159.545452561489,22.1853561464734,0.0365934736494049,0.199966232467744,0.142550816343141,286,5775,1,"2","diploid","female"
"858","0","0","0","0",-0.48900493979454,3021.95751953125,"map_5775_1_3",5,70,300,20,5,4.47924959629996,0.1,7.73662301989883,0.319301450309925,9.61233995519945,11,0.2,2,159.545452561489,22.1853561464734,0.00236636888234602,0.00602670689971226,0.443532024679757,286,5775,1,"3","diploid","female"
"859","0","0","0","0",-0.900739073753357,2936.65942382812,"map_5778_1_1",5,70,300,20,5,2.80659601366725,0.1,12.5763237559878,0.139733499304267,4.45492406089625,9,0.2,2,81.4422410540406,22.1742642192481,0.00264962459944622,0.00733238957534329,0.245045781822443,287,5778,1,"1","diploid","female"
"860","0","0","0","0",-0.900739073753357,2936.65942382812,"map_5778_1_2",5,70,300,20,5,4.63080169722348,0.1,23.6158583563482,0.18433497798368,4.63092532862529,12,0.2,2,81.4422410540406,22.1742642192481,0.0117424979647427,0.0785452908011402,0.221133115027567,287,5778,1,"2","diploid","female"
"861","0","0","0","0",-0.900739073753357,2936.65942382812,"map_5778_1_3",5,70,300,20,5,2.69475446331601,0.1,7.90697242719944,0.0396883276570258,4.78462666349191,5,0.2,2,81.4422410540406,22.1742642192481,0.000215940694014198,1.28145553611315e-05,0.633242244403183,287,5778,1,"3","diploid","female"
"862","0","0","0","0",-0.412609130144119,2956.77612304688,"map_5801_1_1",5,70,300,20,5,3.55056910941574,0.1,11.0581714963335,0.139173198930621,4.41137916484026,12,0.2,2,20.6976743407572,22.3043106539569,0.00149848829839603,0.000601960656313355,0.407394386683384,288,5801,1,"1","diploid","female"
"863","0","0","0","0",-0.412609130144119,2956.77612304688,"map_5801_1_2",5,70,300,20,5,3.68978014760988,0.1,10.4313291483726,0.24435139389792,2.52772214126667,16,0.2,2,20.6976743407572,22.3043106539569,0.00234400474541352,0.00119557467301189,0.368802718276686,288,5801,1,"2","diploid","female"
"864","0","0","0","0",-0.412609130144119,2956.77612304688,"map_5801_1_3",5,70,300,20,5,4.52460217635649,0.1,7.66650819901123,0.0580741911890329,6.19302344370371,14,0.2,2,20.6976743407572,22.3043106539569,0.000287321794983334,6.02800804193684e-06,0.922889028774218,288,5801,1,"3","diploid","female"
"865","0","0","0","0",0.0124342059716582,3033.669921875,"map_5813_1_1",5,70,300,20,5,3.26778549739938,0.1,11.1153469505019,0.257742644583228,13.4075154779523,57,0.2,2,112.517780516235,21.8807070870468,0.00391045814793741,0.010871944528376,0.224277937209275,289,5813,1,"1","diploid","female"
"866","0","0","0","0",0.0124342059716582,3033.669921875,"map_5813_1_2",5,70,300,20,5,9.22632641154873,0.1,12.9173950009337,0.320418269085594,11.7578688841878,64,0.2,2,112.517780516235,21.8807070870468,0.00599680709747639,0.0119502109904055,0.163097313115294,289,5813,1,"2","diploid","female"
"867","0","0","0","0",0.0124342059716582,3033.669921875,"map_5813_1_3",5,70,300,20,5,2.78637667468671,0.1,9.02555277326721,0.225002242976631,13.0371285188029,37,0.2,2,112.517780516235,21.8807070870468,0.00192903023622476,0.00162737439097487,0.294257658988079,289,5813,1,"3","diploid","female"
"868","0","0","0","0",-0.418908834457397,3163.7802734375,"map_5815_1_1",5,70,300,20,5,5.11578590118862,0.1,13.9047126173048,0.29601349605772,7.916544307525,84,0.2,2,113.38282042722,21.8560448368786,0.00632767094826739,0.0171815717464301,0.189039261544814,290,5815,1,"1","diploid","female"
"869","0","0","0","0",-0.418908834457397,3163.7802734375,"map_5815_1_2",5,70,300,20,5,6.40681456734766,0.1,8.09166149228814,0.361267675328624,11.3361485893026,72,0.2,2,113.38282042722,21.8560448368786,0.00257731603192402,0.00244633516080268,0.335335167267266,290,5815,1,"2","diploid","female"
"870","0","0","0","0",-0.418908834457397,3163.7802734375,"map_5815_1_3",5,70,300,20,5,4.14769468724041,0.1,7.4467253470139,0.263145966900272,9.19941800838555,156,0.2,2,113.38282042722,21.8560448368786,0.00143006530528338,0.000435254698307491,0.380727060439158,290,5815,1,"3","diploid","female"
"871","0","0","0","0",-0.611893117427826,2900.72534179688,"map_5859_1_1",5,70,300,20,5,0,0.1,12.1343803912983,0.278104168228248,4.2972406075442,10,0.2,2,82.4814568579791,22.9853395903493,0.0052070360914534,0.0159990577797325,0.249107584269285,291,5859,1,"1","diploid","female"
"872","0","0","0","0",-0.611893117427826,2900.72534179688,"map_5859_1_2",5,70,300,20,5,6.69124024964128,0.1,19.5840988472247,0.386570759247533,2.98146861259405,7,0.2,2,82.4814568579791,22.9853395903493,0.0146576313234676,0.0337034834547152,0.178365034596005,291,5859,1,"2","diploid","female"
"873","0","0","0","0",-0.611893117427826,2900.72534179688,"map_5859_1_3",5,70,300,20,5,1.83735667048273,0.1,7.68241124518206,0.258177006781989,5.04908239321116,4,0.2,2,82.4814568579791,22.9853395903493,0.00142066125233941,0.000413505960366892,0.38568694777871,291,5859,1,"3","diploid","female"
"874","0","0","0","0",-0.904054284095764,2983.18530273438,"map_5861_1_1",5,70,300,20,5,1.82510512581811,0.1,13.2090370850931,0.166930408182834,4.51109702655521,55,0.2,2,79.363707206574,22.7479275083489,0.00357884498858253,0.0119942340184881,0.260227848521947,292,5861,1,"1","diploid","female"
"875","0","0","0","0",-0.904054284095764,2983.18530273438,"map_5861_1_2",5,70,300,20,5,6.71098762893732,0.1,16.8005913652977,0.228659018279061,5.80062019888868,63,0.2,2,79.363707206574,22.7479275083489,0.00888976765563666,0.0442171821974297,0.309860623886862,292,5861,1,"2","diploid","female"
"876","0","0","0","0",-0.904054284095764,2983.18530273438,"map_5861_1_3",5,70,300,20,5,1.88910308988549,0.1,8.79399283506188,0.0817642793543081,5.47243658929187,37,0.2,2,79.363707206574,22.7479275083489,0.000564335831540142,9.52943169836237e-05,0.5632489764431,292,5861,1,"3","diploid","female"
"877","0","0","0","0",-0.911300837993622,2974.29516601562,"map_5862_1_1",5,70,300,20,5,2.40048486962949,0.1,15.7127580369236,0.173526053490524,4.09155664932891,56,0.2,2,76.5053116364336,22.7937636137801,0.00444574933087081,0.00806528772296061,0.214325848188542,293,5862,1,"1","diploid","female"
"878","0","0","0","0",-0.911300837993622,2974.29516601562,"map_5862_1_2",5,70,300,20,5,3.11985834470129,0.1,19.3652559768697,0.223172312402025,4.58209811597745,63,0.2,2,76.5053116364336,22.7937636137801,0.00888151453829318,0.0302688271595483,0.318740263832394,293,5862,1,"2","diploid","female"
"879","0","0","0","0",-0.911300837993622,2974.29516601562,"map_5862_1_3",5,70,300,20,5,3.39401007745838,0.1,8.45810213559095,0.0730675840966982,5.07235249216288,37,0.2,2,76.5053116364336,22.7937636137801,0.00045293040449806,3.69631113182848e-05,0.547544811472891,293,5862,1,"3","diploid","female"
"880","0","0","0","0",-0.903569638729095,2972.44848632812,"map_5863_1_1",5,70,300,20,5,2.64772652294092,0.1,15.3898214170353,0.168135706440612,3.74518419417309,91,0.2,2,84.6420663535793,22.7267857696263,0.00472975791957832,0.0183467936253795,0.390335905065896,294,5863,1,"1","diploid","female"
"881","0","0","0","0",-0.903569638729095,2972.44848632812,"map_5863_1_2",5,70,300,20,5,5.3304023013843,0.1,10.3857549680272,0.92708640149195,0.849900096825497,229,0.2,2,84.6420663535793,22.7267857696263,0.012633894285999,0.0459485815872167,0.272479541640355,294,5863,1,"2","diploid","female"
"882","0","0","0","0",-0.903569638729095,2972.44848632812,"map_5863_1_3",5,70,300,20,5,2.78255057534721,0.1,7.69002073578363,0.0657181457955898,4.85933734250504,82,0.2,2,84.6420663535793,22.7267857696263,0.00035396755942923,7.98695142817992e-05,0.876629024921933,294,5863,1,"3","diploid","female"
"883","0","0","0","0",-0.779862642288208,2997.47802734375,"map_5865_1_1",5,70,300,20,5,2.82295833575893,0.1,12.4376550956901,0.121425159218139,5.14057519601661,52,0.2,2,86.6319905911569,22.4783040085768,0.00201944533786095,0.00456197418483382,0.245574033211697,295,5865,1,"1","diploid","female"
"884","0","0","0","0",-0.779862642288208,2997.47802734375,"map_5865_1_2",5,70,300,20,5,3.52198897225662,0.1,12.8318773345081,0.137441007434692,6.39168316538067,59,0.2,2,86.6319905911569,22.4783040085768,0.00241450619659396,0.00509926411288897,0.301035307904417,295,5865,1,"2","diploid","female"
"885","0","0","0","0",-0.779862642288208,2997.47802734375,"map_5865_1_3",5,70,300,20,5,3.83384161207221,0.1,8.37117856696537,0.0527666596587236,5.97538999170918,48,0.2,2,86.6319905911569,22.4783040085768,0.00033522652269983,5.66226667405055e-05,0.565671185723733,295,5865,1,"3","diploid","female"
"886","0","0","0","0",-0.870465636253357,2950.28442382812,"map_5873_1_1",5,70,300,20,5,2.73586318920843,0.1,17.3761890030412,0.166979066548026,5.12332681015464,34,0.2,2,90.29312230107,21.9750438090311,0.00555375634679759,0.0236936250152323,0.188878016932655,296,5873,1,"1","diploid","female"
"887","0","0","0","0",-0.870465636253357,2950.28442382812,"map_5873_1_2",5,70,300,20,5,2.8974491159228,0.1,26.2917890199592,0.35760105736979,2.35405693598797,78,0.2,2,90.29312230107,21.9750438090311,0.022530128841367,0.0963689609718495,0.139941945182933,296,5873,1,"2","diploid","female"
"888","0","0","0","0",-0.870465636253357,2950.28442382812,"map_5873_1_3",5,70,300,20,5,3.50394981711313,0.1,7.5845084447998,0.0754000702126762,5.33276485412928,32,0.2,2,90.29312230107,21.9750438090311,0.000405422815010223,7.80429204388621e-05,0.579340731932193,296,5873,1,"3","diploid","female"
"889","0","0","0","0",-0.806066393852234,2958.58618164062,"map_5874_1_1",5,70,300,20,5,2.82148830966866,0.1,13.9296906900285,0.131977921436796,6.16150113844196,21,0.2,2,66.0944401164387,21.9573759900639,0.00275868417019179,0.00498891514942079,0.182432569726235,297,5874,1,"1","diploid","female"
"890","0","0","0","0",-0.806066393852234,2958.58618164062,"map_5874_1_2",5,70,300,20,5,2.95668613943652,0.1,20.2399092070455,0.380267245607288,2.30682414602953,82,0.2,2,66.0944401164387,21.9573759900639,0.0146589629144537,0.0387128207226523,0.114847453171011,297,5874,1,"2","diploid","female"
"891","0","0","0","0",-0.806066393852234,2958.58618164062,"map_5874_1_3",5,70,300,20,5,3.81894408221511,0.1,8.29404395491164,0.0672679665030746,5.72937152923324,18,0.2,2,66.0944401164387,21.9573759900639,0.000432984519000348,1.30438468767305e-05,0.199273335684755,297,5874,1,"3","diploid","female"
"892","0","0","0","0",-0.849452614784241,2975.453125,"map_5875_1_1",5,70,300,20,5,2.78531829375236,0.1,11.484726782361,0.141821934255618,5.22308950560969,33,0.2,2,64.6349338312878,22.0296861409877,0.00215515978487966,0.00497523099758038,0.273894971865214,298,5875,1,"1","diploid","female"
"893","0","0","0","0",-0.849452614784241,2975.453125,"map_5875_1_2",5,70,300,20,5,2.98471438518648,0.1,20.7424263849376,0.21726862387522,3.94859806142395,42,0.2,2,64.6349338312878,22.0296861409877,0.00875150440693242,0.0212176204935303,0.277954366048456,298,5875,1,"2","diploid","female"
"894","0","0","0","0",-0.849452614784241,2975.453125,"map_5875_1_3",5,70,300,20,5,3.90828400602016,0.1,6.38056759448272,0.0899450904907084,5.22568622879985,68,0.2,2,64.6349338312878,22.0296861409877,0.000328821100442387,9.26848224385946e-06,0.640879979681678,298,5875,1,"3","diploid","female"
"895","0","0","0","0",-0.918882548809052,2999.05908203125,"map_5876_1_1",5,70,300,20,5,2.04530713730873,0.1,7.64328597941055,0.478410878551578,5.4065022688197,80,0.2,2,70.4159915328422,21.4828956113965,0.00289591818506196,0.00348194647336717,0.712872634431673,299,5876,1,"1","diploid","female"
"896","0","0","0","0",-0.918882548809052,2999.05908203125,"map_5876_1_2",5,70,300,20,5,5.36556777927383,0.1,16.2317987703705,0.581932623574201,0.952991398246471,181,0.2,2,70.4159915328422,21.4828956113965,0.0144985059084175,0.0244836481111815,0.0979707807236105,299,5876,1,"2","diploid","female"
"897","0","0","0","0",-0.918882548809052,2999.05908203125,"map_5876_1_3",5,70,300,20,5,2.21653650672309,0.1,6.81084643309189,0.117662935921707,5.36303011981334,53,0.2,2,70.4159915328422,21.4828956113965,0.000458047837747991,1.80617192097493e-05,0.848068327579368,299,5876,1,"3","diploid","female"
"898","0","0","0","0",-0.952279388904572,3012.0205078125,"map_5877_1_1",5,70,300,20,5,2.9564825925865,0.1,8.9103352833177,0.139558945270017,5.84086077499315,25,0.2,2,52.0117088936492,21.4754194299776,0.00120094804434828,0.00140320801661764,0.276803372492393,300,5877,1,"1","diploid","female"
"899","0","0","0","0",-0.952279388904572,3012.0205078125,"map_5877_1_2",5,70,300,20,5,2.79671917847561,0.1,15.8907833408308,0.228977162788464,3.61788268037922,38,0.2,2,52.0117088936492,21.4754194299776,0.00565816702084138,0.0133120641974895,0.326159087731736,300,5877,1,"2","diploid","female"
"900","0","0","0","0",-0.952279388904572,3012.0205078125,"map_5877_1_3",5,70,300,20,5,4.46572548051972,0.1,5.76838324697094,0.0736988187279697,4.36635970678435,49,0.2,2,52.0117088936492,21.4754194299776,0.000206672393101989,3.11016747468952e-07,0.794422672294272,300,5877,1,"3","diploid","female"
"901","0","0","0","0",-0.944848775863647,3026.81665039062,"map_5878_1_1",5,70,300,20,5,2.88551654118005,0.1,8.31143549798301,0.0995890104322447,5.18750497429247,5,0.2,2,50.8970092491454,21.4738602178833,0.000625814451934411,0.000215229319773114,0.432310038808854,301,5878,1,"1","diploid","female"
"902","0","0","0","0",-0.944848775863647,3026.81665039062,"map_5878_1_2",5,70,300,20,5,4.17358793008095,0.1,8.80365214010927,0.157494272191373,5.14301253521127,7,0.2,2,50.8970092491454,21.4738602178833,0.00120349006768377,0.00111309499365207,0.602161177605961,301,5878,1,"2","diploid","female"
"903","0","0","0","0",-0.944848775863647,3026.81665039062,"map_5878_1_3",5,70,300,20,5,3.47702655145651,0.1,6.81932518796255,0.0281311489372965,4.81845411074106,4,0.2,2,50.8970092491454,21.4738602178833,0.000108913847481099,5.6061774366079e-07,0.733000226412003,301,5878,1,"3","diploid","female"
"904","0","0","0","0",-0.827218413352966,3134.01806640625,"map_5910_1_1",5,70,300,20,5,3.63903654199081,0.1,7.90586656726312,0.120153127881843,5.97501600275322,15,0.2,2,23.7582921330319,21.2844624461262,0.000649119151420457,8.07421109601337e-05,0.444292871738215,302,5910,1,"1","diploid","female"
"905","0","0","0","0",-0.827218413352966,3134.01806640625,"map_5910_1_2",5,70,300,20,5,3.4605238662203,0.1,8.10046234985155,0.132808477127063,5.61380678781328,15,0.2,2,23.7582921330319,21.2844624461262,0.000743638369412787,7.00908316295815e-05,0.588333216499963,302,5910,1,"2","diploid","female"
"906","0","0","0","0",-0.827218413352966,3134.01806640625,"map_5910_1_3",5,70,300,20,5,4.86366940468731,0.1,6.68584019964162,0.0466059902717468,5.49535331867942,16,0.2,2,23.7582921330319,21.2844624461262,0.000171385411817845,8.28437149199421e-08,0.801407020883035,302,5910,1,"3","diploid","female"
"907","0","0","0","0",-0.226664051413536,3114.83227539062,"map_5918_1_1",5,70,300,20,5,5.78031336448173,0.1,13.3461843680969,0.234623808203831,7.30977083867643,38,0.2,2,113.248895176225,21.9107247898613,0.00425018163943343,0.0090753208142387,0.267644903377448,303,5918,1,"1","diploid","female"
"908","0","0","0","0",-0.226664051413536,3114.83227539062,"map_5918_1_2",5,70,300,20,5,6.91135453626473,0.1,9.93519365456159,0.630231108457124,1.44657715117077,37,0.2,2,113.248895176225,21.9107247898613,0.00570930189219961,0.00431836335244938,0.256298353773833,303,5918,1,"2","diploid","female"
"909","0","0","0","0",-0.226664051413536,3114.83227539062,"map_5918_1_3",5,70,300,20,5,4.97119083402443,0.1,8.75495560765179,0.157339585785206,9.92490142778356,171,0.2,2,113.248895176225,21.9107247898613,0.00120278545758292,0.000930809986744925,0.358078430742555,303,5918,1,"3","diploid","female"
"910","0","0","0","0",-0.438558220863342,3137.98193359375,"map_5919_1_1",5,70,300,20,5,5.02859696558445,0.1,10.4947140429616,0.308571938800872,8.03180556841079,7,0.2,2,113.911876482029,21.8722884641797,0.00384619109308616,0.00693676682993983,0.216575836593546,304,5919,1,"1","diploid","female"
"911","0","0","0","0",-0.438558220863342,3137.98193359375,"map_5919_1_2",5,70,300,20,5,6.18263929228467,0.1,10.5610020599227,0.357411754147244,6.10725485774836,4,0.2,2,113.911876482029,21.8722884641797,0.00398365160012108,0.00232933492481026,0.330631105267568,304,5919,1,"2","diploid","female"
"912","0","0","0","0",-0.438558220863342,3137.98193359375,"map_5919_1_3",5,70,300,20,5,4.37542164513315,0.1,6.5989870529635,0.283469536467898,8.76932100894098,3,0.2,2,113.911876482029,21.8722884641797,0.00113253425682837,0.000158637324499644,0.47836800545387,304,5919,1,"3","diploid","female"
"913","0","0","0","0",-0.835370182991028,2885.38208007812,"map_5964_1_1",5,70,300,20,5,2.17638969709255,0.1,18.7482574297571,0.241503596113198,3.37829437587846,10,0.2,2,80.1895337405791,23.0080461470392,0.00998580674930361,0.0617608247208005,0.131049227390371,305,5964,1,"1","diploid","female"
"914","0","0","0","0",-0.835370182991028,2885.38208007812,"map_5964_1_2",5,70,300,20,5,2.65161456400856,0.1,22.3644934530974,0.235504087198995,5.83158608636624,6,0.2,2,80.1895337405791,23.0080461470392,0.0143896013706468,0.0826228257009317,0.206273363154854,305,5964,1,"2","diploid","female"
"915","0","0","0","0",-0.835370182991028,2885.38208007812,"map_5964_1_3",5,70,300,20,5,2.45461905593201,0.1,8.67673030477471,0.152740220751162,3.51261015960899,4,0.2,2,80.1895337405791,23.0080461470392,0.00112190293646917,0.000747392908631194,0.386982809920929,305,5964,1,"3","diploid","female"
"916","0","0","0","0",-0.942326784133911,2902.888671875,"map_5965_1_1",5,70,300,20,5,2.16765496555021,0.1,16.0878177401098,0.258421185442945,2.90142848005961,7,0.2,2,77.471980142435,22.7711611670645,0.00801226148362437,0.0372992732212379,0.248445313681462,306,5965,1,"1","diploid","female"
"917","0","0","0","0",-0.942326784133911,2902.888671875,"map_5965_1_2",5,70,300,20,5,2.5736844379081,0.1,13.892272447448,0.839783336364795,0.296137852772453,17,0.2,2,77.471980142435,22.7711611670645,0.0184143750057626,0.086022238895794,0.13555785689363,306,5965,1,"2","diploid","female"
"918","0","0","0","0",-0.942326784133911,2902.888671875,"map_5965_1_3",5,70,300,20,5,2.67116543987194,0.1,6.70135044738445,0.143809751368483,3.85932105555499,2,0.2,2,77.471980142435,22.7711611670645,0.000552979019440116,3.85870005933241e-05,0.577554412708075,306,5965,1,"3","diploid","female"
"919","0","0","0","0",-0.601273775100708,2921.88232421875,"map_5966_1_1",5,70,300,20,5,0,0.1,20.4594041240333,0.185902544635601,3.90080088295965,60,0.2,2,83.509941170778,22.7223892676606,0.00806595419469899,0.0238160861378083,0.14801726664245,307,5966,1,"1","diploid","female"
"920","0","0","0","0",-0.601273775100708,2921.88232421875,"map_5966_1_2",5,70,300,20,5,6.62018216413314,0.1,14.641007508088,0.201312976666929,5.13369115274654,64,0.2,2,83.509941170778,22.7223892676606,0.00491638232595092,0.0137880923044166,0.313964530495701,307,5966,1,"2","diploid","female"
"921","0","0","0","0",-0.601273775100708,2921.88232421875,"map_5966_1_3",5,70,300,20,5,3.07706265338914,0.1,9.14283730475973,0.072580679725841,5.19716982927914,52,0.2,2,83.509941170778,22.7223892676606,0.000576416333836455,0.000398881982716133,0.543891252889311,307,5966,1,"3","diploid","female"
"922","0","0","0","0",-0.841536223888397,2938.70068359375,"map_5967_1_1",5,70,300,20,5,2.66641367260541,0.1,13.8537217999283,0.31058908584879,2.63357945456862,68,0.2,2,87.7531713061158,22.7155487550585,0.00606975879782572,0.0154415843726475,0.200492352019973,308,5967,1,"1","diploid","female"
"923","0","0","0","0",-0.841536223888397,2938.70068359375,"map_5967_1_2",5,70,300,20,5,5.13386782546039,0.1,9.98923594446889,0.915624607530404,0.71419514093976,113,0.2,2,87.7531713061158,22.7155487550585,0.00927652303470482,0.0170591277639675,0.316430826946747,308,5967,1,"2","diploid","female"
"924","0","0","0","0",-0.841536223888397,2938.70068359375,"map_5967_1_3",5,70,300,20,5,2.6032976588966,0.1,8.32527528080241,0.136926578915854,4.87339203862634,52,0.2,2,87.7531713061158,22.7155487550585,0.000816093299937051,0.000125808584128008,0.650266268193141,308,5967,1,"3","diploid","female"
"925","0","0","0","0",-0.603221118450165,2949.52661132812,"map_5968_1_1",5,70,300,20,5,3.04181577762596,0.1,15.1933358980277,0.159766954319135,6.14871227225741,36,0.2,2,80.6161964264423,22.4717126341489,0.00448301756565682,0.0155046341150147,0.214852404358529,309,5968,1,"1","diploid","female"
"926","0","0","0","0",-0.603221118450165,2949.52661132812,"map_5968_1_2",5,70,300,20,5,3.55613627761903,0.1,18.8965452020968,0.42850560453568,1.64738865986908,84,0.2,2,80.6161964264423,22.4717126341489,0.0148842897086346,0.0698126948869155,0.218394885091633,309,5968,1,"2","diploid","female"
"927","0","0","0","0",-0.603221118450165,2949.52661132812,"map_5968_1_3",5,70,300,20,5,3.69958366251293,0.1,7.41283101655328,0.101559606869832,5.91125066004275,44,0.2,2,80.6161964264423,22.4717126341489,0.000555220582772174,0.000151045467236838,0.522929032636318,309,5968,1,"3","diploid","female"
"928","0","0","0","0",-0.48116546869278,2958.791015625,"map_5969_1_1",5,70,300,20,5,3.33992752622577,0.1,11.0218546068108,0.259667575876083,6.38465824664275,5,0.2,2,85.9015293691641,22.4623527104408,0.00389575064264991,0.0119990822809842,0.189568661332568,310,5969,1,"1","diploid","female"
"929","0","0","0","0",-0.48116546869278,2958.791015625,"map_5969_1_2",5,70,300,20,5,3.92918209895528,0.1,11.2739542102785,0.334413445271965,6.59248416682012,4,0.2,2,85.9015293691641,22.4623527104408,0.00531526113354651,0.0172087693630592,0.229833035559163,310,5969,1,"2","diploid","female"
"930","0","0","0","0",-0.48116546869278,2958.791015625,"map_5969_1_3",5,70,300,20,5,3.99134515350146,0.1,7.23886803265706,0.229483828096936,7.18614717956207,2,0.2,2,85.9015293691641,22.4623527104408,0.0011735520451064,0.000669183385519083,0.413546867077416,310,5969,1,"3","diploid","female"
"931","0","0","0","0",-0.95382696390152,2947.76049804688,"map_5981_1_1",5,70,300,20,5,2.28174871085996,0.1,6.0781836128054,0.593914397386529,4.66094936154267,19,0.2,2,49.2067963732437,22.5505910622057,0.00255658656071605,0.00543880863483963,0.849468391921713,311,5981,1,"1","diploid","female"
"932","0","0","0","0",-0.95382696390152,2947.76049804688,"map_5981_1_2",5,70,300,20,5,2.65919905796174,0.1,5.55961505246051,2.14440680961732,5.43227323349323,28,0.2,2,49.2067963732437,22.5505910622057,0.00800955734543767,0.0207572847820524,1.88218511810996,311,5981,1,"2","diploid","female"
"933","0","0","0","0",-0.95382696390152,2947.76049804688,"map_5981_1_3",5,70,300,20,5,3.21245885872549,0.1,5.29335766466152,0.39657384888141,4.5094013392306,4,0.2,2,49.2067963732437,22.5505910622057,0.000914399594220875,1.16520532083279e-05,0.970720404379798,311,5981,1,"3","diploid","female"
"934","0","0","0","0",-0.98043555021286,3122.111328125,"map_6016_1_1",5,70,300,20,5,1.32087777749588,0.1,8.51023394735965,0.114974264746748,4.48035035130788,11,0.2,2,24.633298942021,22.5422187944583,0.000782753367694187,0.000429631827972017,0.4515646469157,312,6016,1,"1","diploid","female"
"935","0","0","0","0",-0.98043555021286,3122.111328125,"map_6016_1_2",5,70,300,20,5,3.76030395315115,0.1,8.24196673421633,0.0663445975051213,5.80820725885383,7,0.2,2,24.633298942021,22.5422187944583,0.000385062200868654,2.59934008699763e-05,0.964052879191247,312,6016,1,"2","diploid","female"
"936","0","0","0","0",-0.98043555021286,3122.111328125,"map_6016_1_3",5,70,300,20,5,1.72674006335445,0.1,6.55668505515164,0.0768364332107804,4.92902599117366,8,0.2,2,24.633298942021,22.5422187944583,0.000279176560738118,3.56196662588406e-07,0.813927724133754,312,6016,1,"3","diploid","female"
"937","0","0","0","0",-0.501658618450165,3104.83081054688,"map_6017_1_1",5,70,300,20,5,3.53952330485115,0.1,7.48023244094983,0.184063884511095,5.78159437361613,13,0.2,2,21.8576875291393,22.5760615613902,0.000944412172229982,0.000293833000736444,0.441902447472828,313,6017,1,"1","diploid","female"
"938","0","0","0","0",-0.501658618450165,3104.83081054688,"map_6017_1_2",5,70,300,20,5,4.6473867542598,0.1,6.44421954572103,0.300949639794337,7.08047550377858,11,0.2,2,21.8576875291393,22.5760615613902,0.00105415152861847,3.8593346998492e-05,0.82941426823736,313,6017,1,"2","diploid","female"
"939","0","0","0","0",-0.501658618450165,3104.83081054688,"map_6017_1_3",5,70,300,20,5,4.62383536277321,0.1,6.93246157350302,0.0741893217851577,6.57430919069853,12,0.2,2,21.8576875291393,22.5760615613902,0.000302149750132048,6.27137639495198e-06,0.716009212195705,313,6017,1,"3","diploid","female"
"940","0","0","0","0",-0.16765695810318,3022.61059570312,"map_6018_1_1",5,70,300,20,5,2.10295790187014,0.1,6.86255866582561,0.566491712773793,7.00129701510383,48,0.2,2,40.123632061125,22.5594214548172,0.00249687566599143,0.00160358031421082,0.754847724220622,314,6018,1,"1","diploid","female"
"941","0","0","0","0",-0.16765695810318,3022.61059570312,"map_6018_1_2",5,70,300,20,5,6.80260041254092,0.1,5.51722358655931,1.74211421094425,7.13428364061376,4,0.2,2,40.123632061125,22.5594214548172,0.00457485663919848,0.00120021403975067,1.41005891108417,314,6018,1,"2","diploid","female"
"942","0","0","0","0",-0.16765695810318,3022.61059570312,"map_6018_1_3",5,70,300,20,5,2.07349962061424,0.1,6.76742819427117,0.200539289219363,8.02576910801206,112,0.2,2,40.123632061125,22.5594214548172,0.000797051026797313,0.000153154422684239,0.712018231236452,314,6018,1,"3","diploid","female"
"943","0","0","0","0",-0.123544111847878,2981.578125,"map_6020_1_1",5,70,300,20,5,3.53272073921698,0.1,9.57786787634438,0.193397476272391,7.49158726331914,35,0.2,2,41.0459129160821,22.5414679961347,0.00205322944344532,0.00428087647440689,0.335589437035014,315,6020,1,"1","diploid","female"
"944","0","0","0","0",-0.123544111847878,2981.578125,"map_6020_1_2",5,70,300,20,5,6.00505577382575,0.1,8.85125269839518,0.256553367162222,7.82730507724089,39,0.2,2,41.0459129160821,22.5414679961347,0.00222556965389966,0.0051854707640329,0.470633160403249,315,6020,1,"2","diploid","female"
"945","0","0","0","0",-0.123544111847878,2981.578125,"map_6020_1_3",5,70,300,20,5,3.44042207381306,0.1,7.79707875673408,0.100866909766572,7.99366401852116,104,0.2,2,41.0459129160821,22.5414679961347,0.000566987106100276,0.000176598572774246,0.546039695093806,315,6020,1,"3","diploid","female"
"946","0","0","0","0",-0.55692857503891,3037.66333007812,"map_6021_1_1",5,70,300,20,5,3.46879747457141,0.1,7.98970646560789,0.39465449974426,4.15490393794361,44,0.2,2,40.7199493412956,22.3513628831866,0.00218111789038531,0.000545322176620527,0.685656463862742,316,6021,1,"1","diploid","female"
"947","0","0","0","0",-0.55692857503891,3037.66333007812,"map_6021_1_2",5,70,300,20,5,4.04607009800447,0.1,6.79297935461678,0.801464383121398,3.35364103287692,62,0.2,2,40.7199493412956,22.3513628831866,0.0031406881360845,0.000460113804615796,1.19878326215219,316,6021,1,"2","diploid","female"
"948","0","0","0","0",-0.55692857503891,3037.66333007812,"map_6021_1_3",5,70,300,20,5,4.7303960855215,0.1,7.30563390220055,0.138711861274794,7.06045798263543,90,0.2,2,40.7199493412956,22.3513628831866,0.000641499135495295,1.59043969327752e-05,0.789211853845667,316,6021,1,"3","diploid","female"
"949","0","0","0","0",-0.758329272270203,3090.41381835938,"map_6022_1_1",5,70,300,20,5,3.10996489565323,0.1,10.6917268222675,0.192302300284716,3.63556681383477,19,0.2,2,44.9739659165227,22.2918899595276,0.00196913973239299,0.00154983438466143,0.485867007177622,317,6022,1,"1","diploid","female"
"950","0","0","0","0",-0.758329272270203,3090.41381835938,"map_6022_1_2",5,70,300,20,5,3.85080488324215,0.1,9.48321837930705,0.256665535752668,2.84550267903592,21,0.2,2,44.9739659165227,22.2918899595276,0.00194335584811338,0.000429443025594023,1.1043281020956,317,6022,1,"2","diploid","female"
"951","0","0","0","0",-0.758329272270203,3090.41381835938,"map_6022_1_3",5,70,300,20,5,4.32845980471852,0.1,7.50791547072268,0.0552235285634251,6.03189133542471,14,0.2,2,44.9739659165227,22.2918899595276,0.000268930816549604,7.19840881021202e-06,0.918129221985644,317,6022,1,"3","diploid","female"
"952","0","0","0","0",-0.656247496604919,3101.01318359375,"map_6023_1_1",5,70,300,20,5,3.64359097938718,0.1,9.16709109241431,0.125483817253392,6.71656702687358,12,0.2,2,44.9294149297416,21.858805646928,0.00105146175950466,0.00134293579545044,0.386936844508333,318,6023,1,"1","diploid","female"
"953","0","0","0","0",-0.656247496604919,3101.01318359375,"map_6023_1_2",5,70,300,20,5,4.00029749552887,0.1,9.41294161169597,0.155516333575583,6.89711488921137,12,0.2,2,44.9294149297416,21.858805646928,0.00132639600397977,0.00157566284662561,0.538555222499,318,6023,1,"2","diploid","female"
"954","0","0","0","0",-0.656247496604919,3101.01318359375,"map_6023_1_3",5,70,300,20,5,4.84092949542411,0.1,7.07424556641888,0.0687240424267117,6.69118491094206,12,0.2,2,44.9294149297416,21.858805646928,0.000301851634077044,1.01888534511539e-05,0.727577499347725,318,6023,1,"3","diploid","female"
"955","0","0","0","0",-0.0747066736221313,3009.75,"map_6024_1_1",5,70,300,20,5,4.62734249742174,0.1,10.8679385514989,0.107973109496721,8.50741134545475,13,0.2,2,41.901475332108,21.9010150905199,0.00127988395157462,0.00112454515228166,0.352736728722631,319,6024,1,"1","diploid","female"
"956","0","0","0","0",-0.0747066736221313,3009.75,"map_6024_1_2",5,70,300,20,5,6.71835497026536,0.1,12.3758617067316,0.125237259418549,6.83938489916252,14,0.2,2,41.901475332108,21.9010150905199,0.00178490434650349,0.00241343466036488,0.496350421126451,319,6024,1,"2","diploid","female"
"957","0","0","0","0",-0.0747066736221313,3009.75,"map_6024_1_3",5,70,300,20,5,4.43472140039608,0.1,8.12903775503957,0.086221363013056,9.35915889770725,20,0.2,2,41.901475332108,21.9010150905199,0.000525784829242236,0.000115891750453611,0.492394021685473,319,6024,1,"3","diploid","female"
"958","0","0","0","0",-0.574792087078094,2829.94287109375,"map_6068_1_1",5,70,300,20,5,2.39356474321015,0.1,12.9233498716996,0.545762068705491,1.78494308668459,109,0.2,2,79.7443509307811,22.9898988527317,0.0113917467062483,0.0426133657070507,0.410856638361397,320,6068,1,"1","diploid","female"
"959","0","0","0","0",-0.574792087078094,2829.94287109375,"map_6068_1_2",5,70,300,20,5,2.65488591036439,0.1,8.61998395220613,0.907718487621983,1.5290096559361,165,0.2,2,79.7443509307811,22.9898988527317,0.00835784098309608,0.0216232430604377,0.919866608560996,320,6068,1,"2","diploid","female"
"960","0","0","0","0",-0.574792087078094,2829.94287109375,"map_6068_1_3",5,70,300,20,5,2.03755780946462,0.1,6.62488510482875,0.0977291884370029,1.53340087632018,33,0.2,2,79.7443509307811,22.9898988527317,0.000471659623691278,0.000409809216917546,0.337660272942021,320,6068,1,"3","diploid","female"
"961","0","0","0","0",-0.637271165847778,2861.52197265625,"map_6069_1_1",5,70,300,20,5,2.52233684612727,0.1,15.7171288800451,0.487307898476288,1.80884199339737,9,0.2,2,74.9283278012196,22.7633870801788,0.013639766927545,0.0712797732766835,0.129644126570905,321,6069,1,"1","diploid","female"
"962","0","0","0","0",-0.637271165847778,2861.52197265625,"map_6069_1_2",5,70,300,20,5,2.78602189681576,0.1,10.977257807256,1.06051469479063,0.46980892323645,23,0.2,2,74.9283278012196,22.7633870801788,0.0154586335201257,0.0368759024622487,0.301928481939671,321,6069,1,"2","diploid","female"
"963","0","0","0","0",-0.637271165847778,2861.52197265625,"map_6069_1_3",5,70,300,20,5,2.49857157552886,0.1,10.1153360884156,0.020444821451282,0.822751902681448,2,0.2,2,74.9283278012196,22.7633870801788,0.000219227616967248,0.000180171834506322,0.601645240360118,321,6069,1,"3","diploid","female"
"964","0","0","0","0",-0.325841277837753,2898.72827148438,"map_6070_1_1",5,70,300,20,5,0,0.1,21.211708162373,0.239068095936833,3.88199587960801,66,0.2,2,83.2578306831791,22.7403129015782,0.0103812123891224,0.0350759767453797,0.20047811588498,322,6070,1,"1","diploid","female"
"965","0","0","0","0",-0.325841277837753,2898.72827148438,"map_6070_1_2",5,70,300,20,5,7.94531378529584,0.1,14.3301386957858,0.43018781428061,2.02407322631221,80,0.2,2,83.2578306831791,22.7403129015782,0.00830974346845512,0.0137176020427621,0.193338306451061,322,6070,1,"2","diploid","female"
"966","0","0","0","0",-0.325841277837753,2898.72827148438,"map_6070_1_3",5,70,300,20,5,1.84287333758234,0.1,10.7400639935884,0.126019078854823,5.90617126839025,61,0.2,2,83.2578306831791,22.7403129015782,0.00143132631812025,0.00167321953914926,0.399866651053539,322,6070,1,"3","diploid","female"
"967","0","0","0","0",-0.749826192855835,2923.23706054688,"map_6072_1_1",5,70,300,20,5,1.73409256393928,0.1,13.2839661916397,0.196960262211876,4.66091902506159,9,0.2,2,81.8616078842518,22.4763438688428,0.00431681722344079,0.0140261166898806,0.217800948228507,323,6072,1,"1","diploid","female"
"968","0","0","0","0",-0.749826192855835,2923.23706054688,"map_6072_1_2",5,70,300,20,5,5.38518838741206,0.1,13.4562704666382,0.233629338608071,5.07477001175254,10,0.2,2,81.8616078842518,22.4763438688428,0.00536583718213672,0.0180357717433642,0.278409331998194,323,6072,1,"2","diploid","female"
"969","0","0","0","0",-0.749826192855835,2923.23706054688,"map_6072_1_3",5,70,300,20,5,1.60546463756589,0.1,7.72329154648428,0.0865215503902624,5.14467642903122,5,0.2,2,81.8616078842518,22.4763438688428,0.000460892780029644,7.70211434078845e-05,0.527315012383561,323,6072,1,"3","diploid","female"
"970","0","0","0","0",-0.669164419174194,2941.1591796875,"map_6073_1_1",5,70,300,20,5,2.88072037848254,0.1,14.2145620811813,0.155911624257696,5.49461382555349,8,0.2,2,85.7322574374684,22.4917968209268,0.00423934173078427,0.0206429929636369,0.260454137013226,324,6073,1,"1","diploid","female"
"971","0","0","0","0",-0.669164419174194,2941.1591796875,"map_6073_1_2",5,70,300,20,5,3.34177493339211,0.1,25.8492654868201,0.207157329391902,5.27719560228555,9,0.2,2,85.7322574374684,22.4917968209268,0.0140462475480738,0.0600496815050962,0.280719090169675,324,6073,1,"2","diploid","female"
"972","0","0","0","0",-0.669164419174194,2941.1591796875,"map_6073_1_3",5,70,300,20,5,3.51125346078634,0.1,7.55280982607009,0.0864207493968475,5.46058592486701,5,0.2,2,85.7322574374684,22.4917968209268,0.000449438854903795,0.000171213868974036,0.552185798012057,324,6073,1,"3","diploid","female"
"973","0","0","0","0",-0.842066049575806,2948.95556640625,"map_6074_1_1",5,70,300,20,5,2.58072944769829,0.1,12.6988413482358,0.216413313850585,4.96597642550004,4,0.2,2,85.3042307628746,22.4397303284469,0.00446031978284556,0.0134822246805499,0.221867031225107,325,6074,1,"1","diploid","female"
"974","0","0","0","0",-0.842066049575806,2948.95556640625,"map_6074_1_2",5,70,300,20,5,3.04622298563699,0.1,19.7894247126252,0.317289990970251,2.54775812644864,4,0.2,2,85.3042307628746,22.4397303284469,0.011253387167732,0.0245866622064981,0.196944168487297,325,6074,1,"2","diploid","female"
"975","0","0","0","0",-0.842066049575806,2948.95556640625,"map_6074_1_3",5,70,300,20,5,3.34743413932128,0.1,7.3769107444853,0.138927325585626,5.58009180191108,2,0.2,2,85.3042307628746,22.4397303284469,0.000709043488168965,0.000110556130192462,0.486118993339811,325,6074,1,"3","diploid","female"
"976","0","0","0","0",-0.296961724758148,2977.56884765625,"map_6075_1_1",5,70,300,20,5,4.86261851344338,0.1,12.0998632903472,0.376652744970626,3.94159185201605,41,0.2,2,85.2331591151481,22.3130183615954,0.00533595139321087,0.00812905025085827,0.247190126802392,326,6075,1,"1","diploid","female"
"977","0","0","0","0",-0.296961724758148,2977.56884765625,"map_6075_1_2",5,70,300,20,5,8.47550362811817,0.1,11.1461338614751,0.589489921338889,2.14396256340047,100,0.2,2,85.2331591151481,22.3130183615954,0.00866174206213825,0.0250077942684021,0.918659270450497,326,6075,1,"2","diploid","female"
"978","0","0","0","0",-0.296961724758148,2977.56884765625,"map_6075_1_3",5,70,300,20,5,4.37870887325719,0.1,9.29044636166027,0.194946908156317,8.27640454466728,26,0.2,2,85.2331591151481,22.3130183615954,0.00151992569458377,0.000796365430168268,0.459008314136083,326,6075,1,"3","diploid","female"
"979","0","0","0","0",-0.944273591041565,3017.8212890625,"map_6120_1_1",5,70,300,20,5,2.48868314087452,0.1,8.18575699270868,0.111199742176662,4.07060441915865,14,0.2,2,23.9465716069323,22.5496252298619,0.000729050624125629,0.000442194918840744,0.379244465761553,327,6120,1,"1","diploid","female"
"980","0","0","0","0",-0.944273591041565,3017.8212890625,"map_6120_1_2",5,70,300,20,5,3.06010487834002,0.1,8.3300198397624,0.120093184076379,5.10552701193238,15,0.2,2,23.9465716069323,22.5496252298619,0.000874089810805115,0.000577221215281465,0.532546957000764,327,6120,1,"2","diploid","female"
"981","0","0","0","0",-0.944273591041565,3017.8212890625,"map_6120_1_3",5,70,300,20,5,3.86664824354664,0.1,6.47874842470279,0.0431874044232122,4.48775666179925,11,0.2,2,23.9465716069323,22.5496252298619,0.000148511353582801,2.01597581759967e-07,0.783417509205671,327,6120,1,"3","diploid","female"
"982","0","0","0","0",-0.97026801109314,3013.92163085938,"map_6121_1_1",5,70,300,20,5,2.03234649319976,0.1,7.3785538210934,0.210970535282183,4.57951339021072,6,0.2,2,39.6309027735181,22.5661889199799,0.00118676346872443,0.00097683012011195,0.407201499535477,328,6121,1,"1","diploid","female"
"983","0","0","0","0",-0.97026801109314,3013.92163085938,"map_6121_1_2",5,70,300,20,5,3.71752435628239,0.1,7.07802054037453,0.279582656083402,5.70335898255454,4,0.2,2,39.6309027735181,22.5661889199799,0.00151890871505966,0.00180832068400076,0.681675918826942,328,6121,1,"2","diploid","female"
"984","0","0","0","0",-0.97026801109314,3013.92163085938,"map_6121_1_3",5,70,300,20,5,2.55852406467236,0.1,5.60359113732531,0.205086103536191,5.18486220941257,3,0.2,2,39.6309027735181,22.5661889199799,0.0005444200072765,2.93912803902581e-06,0.663912390165047,328,6121,1,"3","diploid","female"
"985","0","0","0","0",-0.677154898643494,2969.46704101562,"map_6122_1_1",5,70,300,20,5,2.3889780866115,0.1,10.5491571796316,0.107076794445893,5.11706001381277,14,0.2,2,41.5592292123459,22.5178744019332,0.00130629050621861,0.00293680863534561,0.33238923559959,329,6122,1,"1","diploid","female"
"986","0","0","0","0",-0.677154898643494,2969.46704101562,"map_6122_1_2",5,70,300,20,5,4.09968053537346,0.1,12.4828849721922,0.109774755697821,6.42851059857923,15,0.2,2,41.5592292123459,22.5178744019332,0.00201451260739705,0.00899752926726683,0.455218434300975,329,6122,1,"2","diploid","female"
"987","0","0","0","0",-0.677154898643494,2969.46704101562,"map_6122_1_3",5,70,300,20,5,2.66670188314113,0.1,7.36901930640744,0.0644358601847269,5.1469529751915,12,0.2,2,41.5592292123459,22.5178744019332,0.000319219219335559,2.42501814632761e-05,0.679309587767595,329,6122,1,"3","diploid","female"
"988","0","0","0","0",-0.615037083625793,3053.75830078125,"map_6126_1_1",5,70,300,20,5,3.36744070931207,0.1,9.51716422109261,0.290061095146417,3.89761725931205,36,0.2,2,42.9667767979378,22.3252576466811,0.00227804366477102,0.000847413219320295,0.542329041689187,330,6126,1,"1","diploid","female"
"989","0","0","0","0",-0.615037083625793,3053.75830078125,"map_6126_1_2",5,70,300,20,5,4.00250084823063,0.1,8.13086781431901,0.513772111128128,2.26780092447327,46,0.2,2,42.9667767979378,22.3252576466811,0.00289146624526156,0.000672613465921998,1.09126302240711,330,6126,1,"2","diploid","female"
"990","0","0","0","0",-0.615037083625793,3053.75830078125,"map_6126_1_3",5,70,300,20,5,4.64605591082997,0.1,6.94744128480674,0.110070495952663,6.77216388015159,82,0.2,2,42.9667767979378,22.3252576466811,0.000476794512273534,1.32247988785346e-05,0.923035196625683,330,6126,1,"3","diploid","female"
"991","0","0","0","0",-0.832774579524994,3041.85205078125,"map_6127_1_1",5,70,300,20,5,1.46143735331532,0.1,9.50960655200011,0.264685227807539,3.2851748666073,41,0.2,2,42.8510968201976,22.3288290798994,0.0021458082682087,0.00103383148974048,0.533718302220924,331,6127,1,"1","diploid","female"
"992","0","0","0","0",-0.832774579524994,3041.85205078125,"map_6127_1_2",5,70,300,20,5,3.64339287399807,0.1,8.18705154986721,0.563597515867231,1.48729922389264,101,0.2,2,42.8510968201976,22.3288290798994,0.00328054537571638,0.000718991085820772,0.909324414685644,331,6127,1,"2","diploid","female"
"993","0","0","0","0",-0.832774579524994,3041.85205078125,"map_6127_1_3",5,70,300,20,5,1.98718832495257,0.1,6.51786479917569,0.126152950816282,5.21767145155661,63,0.2,2,42.8510968201976,22.3288290798994,0.000439803151478717,2.38158330544206e-06,0.962220833310209,331,6127,1,"3","diploid","female"
"994","0","0","0","0",-0.723215937614441,2798.66162109375,"map_6172_1_1",5,70,300,20,5,2.04944480209355,0.1,18.4643571728259,0.31576175511587,2.71890823596926,84,0.2,2,75.6772521136211,23.0022377128221,0.0127958365144041,0.0602602808450579,0.10845771445118,332,6172,1,"1","diploid","female"
"995","0","0","0","0",-0.723215937614441,2798.66162109375,"map_6172_1_2",5,70,300,20,5,2.17614212696449,0.1,15.3536188999554,0.265989026282113,3.21830981440273,65,0.2,2,75.6772521136211,23.0022377128221,0.00797394350670539,0.0345023521148941,0.243145821038635,332,6172,1,"2","diploid","female"
"996","0","0","0","0",-0.723215937614441,2798.66162109375,"map_6172_1_3",5,70,300,20,5,0,0.1,8.03893722102705,0.0206134592202678,0.365268385979259,26,0.2,2,75.6772521136211,23.0022377128221,0.000115339949653848,1.80583484620662e-05,0.464671555560335,332,6172,1,"3","diploid","female"
"997","0","0","0","0",-0.818396151065826,2832.57055664062,"map_6173_1_1",5,70,300,20,5,2.12960509022214,0.1,12.6169876707463,0.608335445304332,1.86399217472595,76,0.2,2,82.2558699921516,22.7497315264223,0.01292801824633,0.0578104646023643,0.417196260668368,333,6173,1,"1","diploid","female"
"998","0","0","0","0",-0.818396151065826,2832.57055664062,"map_6173_1_2",5,70,300,20,5,2.2688575352982,0.1,11.8440679403545,1.28075534308339,0.984390303273416,143,0.2,2,82.2558699921516,22.7497315264223,0.0255128607087914,0.10303119396279,0.64430432221295,333,6173,1,"2","diploid","female"
"999","0","0","0","0",-0.818396151065826,2832.57055664062,"map_6173_1_3",5,70,300,20,5,0,0.1,6.27668716221505,0.0166800800123804,0.313531467787924,16,0.2,2,82.2558699921516,22.7497315264223,5.92508791302599e-05,2.99118621423136e-06,0.172975280022564,333,6173,1,"3","diploid","female"
"1000","0","0","0","0",-0.700584530830383,2868.64697265625,"map_6174_1_1",5,70,300,20,5,2.44065560534782,0.1,18.3345470596103,0.225952910416417,4.13387480330748,62,0.2,2,80.888188482519,22.725997263675,0.00834866960654525,0.0352527985896178,0.133097438295663,334,6174,1,"1","diploid","female"
"1001","0","0","0","0",-0.700584530830383,2868.64697265625,"map_6174_1_2",5,70,300,20,5,2.73168107074149,0.1,20.0708938969521,0.231328573622583,5.23158743689835,102,0.2,2,80.888188482519,22.725997263675,0.00964708844956099,0.0426136094058001,0.191781944782354,334,6174,1,"2","diploid","female"
"1002","0","0","0","0",-0.700584530830383,2868.64697265625,"map_6174_1_3",5,70,300,20,5,2.52434916371707,0.1,8.67639083790265,0.14966408947196,4.40776471056812,152,0.2,2,80.888188482519,22.725997263675,0.00105786379165368,0.000327476737457076,0.319486234552089,334,6174,1,"3","diploid","female"
"1003","0","0","0","0",-0.514742314815521,2908.66796875,"map_6177_1_1",5,70,300,20,5,3.08055959762821,0.1,11.4828247464172,0.317972946407244,6.23871447612386,11,0.2,2,87.081966000934,22.4601046624506,0.0055264356695825,0.0188814764597938,0.184614699484038,335,6177,1,"1","diploid","female"
"1004","0","0","0","0",-0.514742314815521,2908.66796875,"map_6177_1_2",5,70,300,20,5,3.40081034035775,0.1,11.6991699009114,0.410752681167592,5.36914930090472,7,0.2,2,87.081966000934,22.4601046624506,0.00736077860388698,0.0252339669236246,0.258161037050072,335,6177,1,"2","diploid","female"
"1005","0","0","0","0",-0.514742314815521,2908.66796875,"map_6177_1_3",5,70,300,20,5,3.33599975076222,0.1,7.06410396291993,0.308832086081732,6.74944987018395,5,0.2,2,87.081966000934,22.4601046624506,0.00154639154650327,0.000431606975410352,0.419374690036745,335,6177,1,"3","diploid","female"
"1006","0","0","0","0",-0.906168580055237,2903.84204101562,"map_6178_1_1",5,70,300,20,5,2.26531484760183,0.1,15.9347294112029,0.295231798696333,4.31982103308883,8,0.2,2,84.3712778234007,22.4886296083233,0.00974091784108692,0.0468308975466074,0.132445045337375,336,6178,1,"1","diploid","female"
"1007","0","0","0","0",-0.906168580055237,2903.84204101562,"map_6178_1_2",5,70,300,20,5,2.49365886597491,0.1,20.674168794956,0.361592733684914,4.03447796704933,6,0.2,2,84.3712778234007,22.4886296083233,0.019122097863907,0.106900551806151,0.12013480965362,336,6178,1,"2","diploid","female"
"1008","0","0","0","0",-0.906168580055237,2903.84204101562,"map_6178_1_3",5,70,300,20,5,2.80949443012117,0.1,8.03685762063182,0.139134020648412,2.97536835037307,3,0.2,2,84.3712778234007,22.4886296083233,0.000792472573773698,9.86181980476287e-05,0.495411400386354,336,6178,1,"3","diploid","female"
"1009","0","0","0","0",-0.631078124046326,2933.99731445312,"map_6179_1_1",5,70,300,20,5,3.6939510628808,0.1,7.3803453106236,0.645093181070254,5.969142993621,24,0.2,2,77.3274346356376,22.3222974078072,0.00539096617685598,0.0213514628422125,0.594089418354887,337,6179,1,"1","diploid","female"
"1010","0","0","0","0",-0.631078124046326,2933.99731445312,"map_6179_1_2",5,70,300,20,5,6.18824634769992,0.1,9.45733653703502,1.40440043595309,4.00935274235321,102,0.2,2,77.3274346356376,22.3222974078072,0.0229631364126493,0.0994621360477123,0.752298128061612,337,6179,1,"2","diploid","female"
"1011","0","0","0","0",-0.631078124046326,2933.99731445312,"map_6179_1_3",5,70,300,20,5,3.38861390116153,0.1,5.5286727222733,0.506574627234672,6.35983472614298,5,0.2,2,77.3274346356376,22.3222974078072,0.0013711078644436,0.000265031915553168,0.785530908352574,337,6179,1,"3","diploid","female"
"1012","0","0","0","0",0.337110161781311,2946.58154296875,"map_6207_1_1",5,70,300,20,5,2.47699376004597,0.1,8.7252698764882,0.307771104808673,7.90864035081744,4,0.2,2,14.7271394281094,22.4188490558172,0.00228440895290914,0.00085079707337963,0.39766369503807,338,6207,1,"1","diploid","female"
"1013","0","0","0","0",0.337110161781311,2946.58154296875,"map_6207_1_2",5,70,300,20,5,6.84994264268061,0.1,6.53592734803317,0.528042245753308,7.78061984838147,3,0.2,2,14.7271394281094,22.4188490558172,0.00206704997694197,0.000480139408574233,0.58425772590863,338,6207,1,"2","diploid","female"
"1014","0","0","0","0",0.337110161781311,2946.58154296875,"map_6207_1_3",5,70,300,20,5,2.02670900802129,0.1,6.26207434080376,0.3452686738817,10.2820623553443,2,0.2,2,14.7271394281094,22.4188490558172,0.00126164234823171,0.000239409730816813,0.555539635438731,338,6207,1,"3","diploid","female"
"1015","0","0","0","0",-0.773738741874695,2938.90844726562,"map_6224_1_1",5,70,300,20,5,1.9545861052431,0.1,9.104085082829,0.3211129629764,2.96049682953828,23,0.2,2,22.7301346000247,22.5723262355969,0.0023550048723261,0.00111019028126864,0.628049545402036,339,6224,1,"1","diploid","female"
"1016","0","0","0","0",-0.773738741874695,2938.90844726562,"map_6224_1_2",5,70,300,20,5,3.18770932338852,0.1,7.23657415173972,0.885314313559349,1.82663189343557,124,0.2,2,22.7301346000247,22.5723262355969,0.00409760108002778,0.00162579405866777,0.940283174229552,339,6224,1,"2","diploid","female"
"1017","0","0","0","0",-0.773738741874695,2938.90844726562,"map_6224_1_3",5,70,300,20,5,2.23528018098761,0.1,7.02852708040806,0.0613684222505284,4.56699716878581,11,0.2,2,22.7301346000247,22.5723262355969,0.000261536817250672,2.1663858559319e-06,1.0647437251146,339,6224,1,"3","diploid","female"
"1018","0","0","0","0",0.490330785512924,2992.87231445312,"map_6227_1_1",5,70,300,20,5,3.37232613929184,0.1,7.71427406359017,0.294879255073138,11.4050491020477,5,0.2,2,40.8137904694706,22.5691446323331,0.00177669851660995,0.00145667434798857,0.321110033954885,340,6227,1,"1","diploid","female"
"1019","0","0","0","0",0.490330785512924,2992.87231445312,"map_6227_1_2",5,70,300,20,5,7.94301546649012,0.1,6.6261458250666,0.577511999575019,8.78545547683711,5,0.2,2,40.8137904694706,22.5691446323331,0.00226623202056911,0.000479679515450287,0.696973050194997,340,6227,1,"2","diploid","female"
"1020","0","0","0","0",0.490330785512924,2992.87231445312,"map_6227_1_3",5,70,300,20,5,3.13887488291299,0.1,7.83319044375017,0.279306820277516,11.5515449596366,4,0.2,2,40.8137904694706,22.5691446323331,0.00194791936179114,0.00297761967496307,0.364079128038402,340,6227,1,"3","diploid","female"
"1021","0","0","0","0",-0.529510378837585,2951.27734375,"map_6232_1_1",5,70,300,20,5,1.91134224718322,0.1,7.14768945454962,0.405175675733132,5.3274010499031,32,0.2,2,41.8611725612336,22.1923549668998,0.00206075052564013,0.00220397665125054,0.706759876108075,341,6232,1,"1","diploid","female"
"1022","0","0","0","0",-0.529510378837585,2951.27734375,"map_6232_1_2",5,70,300,20,5,4.87265277036139,0.1,7.56289383352457,1.0418594216013,4.45123348071013,161,0.2,2,41.8611725612336,22.1923549668998,0.00707288677399882,0.00826271059842493,0.866409430705439,341,6232,1,"2","diploid","female"
"1023","0","0","0","0",-0.529510378837585,2951.27734375,"map_6232_1_3",5,70,300,20,5,1.92562581569779,0.1,6.83867790904647,0.127548684862484,5.5501356135619,15,0.2,2,41.8611725612336,22.1923549668998,0.000523633527680085,9.27827214286741e-05,0.713717527324536,341,6232,1,"3","diploid","female"
"1024","0","0","0","0",-0.722663879394531,2916.65673828125,"map_6233_1_1",5,70,300,20,5,2.84700328778039,0.1,10.5013061767192,0.114211991892479,5.00702091212635,29,0.2,2,31.3678998772884,22.1874369117509,0.00135900371694247,0.00212665314195774,0.348221964757577,342,6233,1,"1","diploid","female"
"1025","0","0","0","0",-0.722663879394531,2916.65673828125,"map_6233_1_2",5,70,300,20,5,2.76672954592387,0.1,19.2895846886454,0.127396313687689,4.97659178771967,39,0.2,2,31.3678998772884,22.1874369117509,0.00485434284192431,0.0187058787482871,0.357988332142941,342,6233,1,"2","diploid","female"
"1026","0","0","0","0",-0.722663879394531,2916.65673828125,"map_6233_1_3",5,70,300,20,5,3.47535314721293,0.1,7.13358880610157,0.0666068828858075,4.51547104005214,43,0.2,2,31.3678998772884,22.1874369117509,0.000294988038489382,5.25271599370644e-06,0.626713216424529,342,6233,1,"3","diploid","female"
"1027","0","0","0","0",-0.484048455953598,2907.2724609375,"map_6234_1_1",5,70,300,20,5,3.31381696477527,0.1,10.8000208411468,0.174338688040535,4.85910752484106,7,0.2,2,30.8117754871267,22.1763029172439,0.00206149087284572,0.00344487768492064,0.287193714083038,343,6234,1,"1","diploid","female"
"1028","0","0","0","0",-0.484048455953598,2907.2724609375,"map_6234_1_2",5,70,300,20,5,3.14711983607778,0.1,13.3546257253475,0.437300596433122,1.16466951971626,12,0.2,2,30.8117754871267,22.1763029172439,0.00811166135016275,0.0149109344661134,0.211943505357604,343,6234,1,"2","diploid","female"
"1029","0","0","0","0",-0.484048455953598,2907.2724609375,"map_6234_1_3",5,70,300,20,5,3.69741257852851,0.1,7.04904654621779,0.0884805820827532,5.29513026115167,4,0.2,2,30.8117754871267,22.1763029172439,0.000381163577460084,2.57762054917999e-05,0.548930229329929,343,6234,1,"3","diploid","female"
"1030","0","0","0","0",-0.776300609111786,2888.451171875,"map_6283_1_1",5,70,300,20,5,1.82048742845508,0.1,9.7752431122174,0.163798682692961,4.70901029579158,20,0.2,2,29.2338651148138,22.322881022693,0.00160698354054249,0.0022427465035014,0.274601353815106,344,6283,1,"1","diploid","female"
"1031","0","0","0","0",-0.776300609111786,2888.451171875,"map_6283_1_2",5,70,300,20,5,2.70707039298978,0.1,10.45595008373,0.180908682039683,4.59616833963619,22,0.2,2,29.2338651148138,22.322881022693,0.00211381372183407,0.00393190089058064,0.357233030830069,344,6283,1,"2","diploid","female"
"1032","0","0","0","0",-0.776300609111786,2888.451171875,"map_6283_1_3",5,70,300,20,5,1.83842580455812,0.1,6.63659666163857,0.0796955630315605,3.54620078488409,17,0.2,2,29.2338651148138,22.322881022693,0.000297146561958509,8.25561816109949e-07,0.787111206080362,344,6283,1,"3","diploid","female"
"1033","0","0","0","0",-0.728385806083679,2934.71166992188,"map_6284_1_1",5,70,300,20,5,1.1961174684833,0.1,8.6448646879057,0.143616699671677,5.24339332696517,32,0.2,2,27.8068731559372,22.3165299678562,0.00109346560200256,0.00115525727349544,0.343492413958937,345,6284,1,"1","diploid","female"
"1034","0","0","0","0",-0.728385806083679,2934.71166992188,"map_6284_1_2",5,70,300,20,5,3.44301557496052,0.1,9.79704592162308,0.144364203444973,5.64142466429852,29,0.2,2,27.8068731559372,22.3165299678562,0.00143866969857377,0.00203565344404347,0.473611301024259,345,6284,1,"2","diploid","female"
"1035","0","0","0","0",-0.728385806083679,2934.71166992188,"map_6284_1_3",5,70,300,20,5,1.27241821002929,0.1,6.48616505616616,0.0986350278544203,4.71910862426697,70,0.2,2,27.8068731559372,22.3165299678562,0.000354992764906527,2.59367420790185e-06,0.682457242483915,345,6284,1,"3","diploid","female"
"1036","0","0","0","0",0.193065002560616,2932.39697265625,"map_6287_1_1",5,70,300,20,5,2.59095084544173,0.1,8.569770248411,0.509853603857964,4.84034856443986,29,0.2,2,37.2643641902759,22.3261778124939,0.00342117064475097,0.00215646774657099,0.542176354442466,346,6287,1,"1","diploid","female"
"1037","0","0","0","0",0.193065002560616,2932.39697265625,"map_6287_1_2",5,70,300,20,5,5.66969128387691,0.1,7.8243175531605,0.507499367886998,3.87197418441183,20,0.2,2,37.2643641902759,22.3261778124939,0.00287950065664592,0.00187403053823198,1.34073077293981,346,6287,1,"2","diploid","female"
"1038","0","0","0","0",0.193065002560616,2932.39697265625,"map_6287_1_3",5,70,300,20,5,2.36513111784576,0.1,7.16538487607775,0.187440968650261,9.05378894276097,11,0.2,2,37.2643641902759,22.3261778124939,0.000895945373000735,0.000299047015176668,0.641325042464349,346,6287,1,"3","diploid","female"
"1039","0","0","0","0",0.695025682449341,3017.05029296875,"map_6304_1_1",5,70,300,20,5,7.87655408099645,0.1,7.8473440807389,0.376350196680462,14.8617918914723,8,0.2,2,55.3229127987675,22.2981014420688,0.00277314939195287,0.00521283341720015,0.312505199014951,347,6304,1,"1","diploid","female"
"1040","0","0","0","0",0.695025682449341,3017.05029296875,"map_6304_1_2",5,70,300,20,5,12.5975762382621,0.1,6.01543667345318,0.789863201206728,14.0123612417739,10,0.2,2,55.3229127987675,22.2981014420688,0.00272266357766192,0.000723896388962634,0.530566531162708,347,6304,1,"2","diploid","female"
"1041","0","0","0","0",0.695025682449341,3017.05029296875,"map_6304_1_3",5,70,300,20,5,5.93655733313014,0.1,8.11938244819245,0.371387340618623,14.483411822104,5,0.2,2,55.3229127987675,22.2981014420688,0.00287018401276728,0.00517943724562015,0.315045701534416,347,6304,1,"3","diploid","female"
"1042","0","0","0","0",-0.517848074436188,2894.09912109375,"map_6328_1_1",5,70,300,20,5,2.92767445214542,0.1,10.2859726282822,0.159271352233053,4.86959679138271,20,0.2,2,21.9706988112871,22.5732265654064,0.00192535955406396,0.00571731823143504,0.404749666579394,348,6328,1,"1","diploid","female"
"1043","0","0","0","0",-0.517848074436188,2894.09912109375,"map_6328_1_2",5,70,300,20,5,3.0310531603985,0.1,10.6358452001769,0.209536688291367,4.24281006009902,22,0.2,2,21.9706988112871,22.5732265654064,0.00268815398851783,0.00755299196899399,0.674102517392053,348,6328,1,"2","diploid","female"
"1044","0","0","0","0",-0.517848074436188,2894.09912109375,"map_6328_1_3",5,70,300,20,5,3.29195321870932,0.1,7.00720775422428,0.0894386834155248,4.72066668174091,21,0.2,2,21.9706988112871,22.5732265654064,0.000380768589352231,1.25509116054108e-05,0.655722408458201,348,6328,1,"3","diploid","female"
"1045","0","0","0","0",0.0909290388226509,2929.435546875,"map_6329_1_1",5,70,300,20,5,4.70833953857254,0.1,8.55962529709709,0.288803267798907,9.13601378966857,6,0.2,2,40.3532491086725,22.5302896869275,0.0025483871333553,0.00501287334519794,0.264804825896827,349,6329,1,"1","diploid","female"
"1046","0","0","0","0",0.0909290388226509,2929.435546875,"map_6329_1_2",5,70,300,20,5,5.02362705291005,0.1,7.25496629782542,0.464979964664709,9.23432495001969,5,0.2,2,40.3532491086725,22.5302896869275,0.00285613312735031,0.00431380209764151,0.407519674225294,349,6329,1,"2","diploid","female"
"1047","0","0","0","0",0.0909290388226509,2929.435546875,"map_6329_1_3",5,70,300,20,5,4.78174331834292,0.1,7.24439549855645,0.260298363710929,8.79339130114198,3,0.2,2,40.3532491086725,22.5302896869275,0.00133301627740483,0.000540629457408443,0.387090354905299,349,6329,1,"3","diploid","female"
"1048","0","0","0","0",-0.165780991315842,2981.37182617188,"map_6330_1_1",5,70,300,20,5,2.03429289217034,0.1,7.69247724883136,0.25513638005963,8.31562747697424,6,0.2,2,40.653995235893,22.5316296658775,0.00184266738027102,0.00279099493160517,0.328774272204155,350,6330,1,"1","diploid","female"
"1049","0","0","0","0",-0.165780991315842,2981.37182617188,"map_6330_1_2",5,70,300,20,5,6.28179193598519,0.1,6.79818230276186,0.436983244381969,9.56753669955191,5,0.2,2,40.653995235893,22.5316296658775,0.00230292757443453,0.00231621356379033,0.577724326881732,350,6330,1,"2","diploid","female"
"1050","0","0","0","0",-0.165780991315842,2981.37182617188,"map_6330_1_3",5,70,300,20,5,1.94947215220739,0.1,6.9800500647495,0.24604713253339,8.85673966694095,4,0.2,2,40.653995235893,22.5316296658775,0.0011989112598037,0.000460145531772534,0.376276886568971,350,6330,1,"3","diploid","female"
"1051","0","0","0","0",-0.432417571544647,2999.318359375,"map_6331_1_1",5,70,300,20,5,3.52948959818894,0.1,10.8979317346504,0.184796336387924,4.71562956825842,14,0.2,2,39.4223629873852,22.5531556814876,0.00197980342834294,0.00113976399912334,0.33559540466252,351,6331,1,"1","diploid","female"
"1052","0","0","0","0",-0.432417571544647,2999.318359375,"map_6331_1_2",5,70,300,20,5,4.19479382307528,0.1,9.77937508075159,0.377978842184052,2.04404775893428,22,0.2,2,39.4223629873852,22.5531556814876,0.00310477476180959,0.000913317267157575,0.502398674298395,351,6331,1,"2","diploid","female"
"1053","0","0","0","0",-0.432417571544647,2999.318359375,"map_6331_1_3",5,70,300,20,5,4.59026653633774,0.1,7.95102927802082,0.101457762790161,7.00683366609673,16,0.2,2,39.4223629873852,22.5531556814876,0.00054416323661944,2.01685731468046e-05,0.757416860965761,351,6331,1,"3","diploid","female"
"1054","0","0","0","0",-0.872067153453827,2985.13452148438,"map_6332_1_1",5,70,300,20,5,2.57848421537058,0.1,7.05764782688315,0.479233115226834,3.63283592392771,10,0.2,2,39.1774417015405,22.5903506020243,0.0022257905860366,0.00134994365066498,0.815801102009286,352,6332,1,"1","diploid","female"
"1055","0","0","0","0",-0.872067153453827,2985.13452148438,"map_6332_1_2",5,70,300,20,5,3.07284823872044,0.1,5.75679356069181,1.20716940681009,3.84069170960834,40,0.2,2,39.1774417015405,22.5903506020243,0.00362918138294534,0.00168897157618032,1.32615053411719,352,6332,1,"2","diploid","female"
"1056","0","0","0","0",-0.872067153453827,2985.13452148438,"map_6332_1_3",5,70,300,20,5,3.73501979564551,0.1,6.1404703942346,0.186471455989351,5.32287939022285,3,0.2,2,39.1774417015405,22.5903506020243,0.000586416060761108,6.56211326146566e-06,0.91805749094544,352,6332,1,"3","diploid","female"
"1057","0","0","0","0",-0.646746814250946,2901.16674804688,"map_6337_1_1",5,70,300,20,5,2.48227010509863,0.1,10.015906676458,0.130726310584537,4.79955296099599,18,0.2,2,31.0740161223269,22.1531157636167,0.00143305690549425,0.00266775500125342,0.310814850822355,353,6337,1,"1","diploid","female"
"1058","0","0","0","0",-0.646746814250946,2901.16674804688,"map_6337_1_2",5,70,300,20,5,3.31665660673284,0.1,13.443376573762,0.145866549780297,4.73830281518997,21,0.2,2,31.0740161223269,22.1531157636167,0.00329698123293514,0.0162815128625945,0.356511135849123,353,6337,1,"2","diploid","female"
"1059","0","0","0","0",-0.646746814250946,2901.16674804688,"map_6337_1_3",5,70,300,20,5,2.41398084842738,0.1,6.83701673682331,0.0651975928142792,4.18627534155337,16,0.2,2,31.0740161223269,22.1531157636167,0.000273137623392047,1.08538993962502e-05,0.662781648704308,353,6337,1,"3","diploid","female"
"1060","0","0","0","0",-0.877058565616608,2811.3603515625,"map_6386_1_1",5,70,300,20,5,0.877157698251792,0.1,13.9679261729668,0.247781382925889,2.47638033963508,68,0.2,2,29.2326669258582,22.4865742215551,0.00579052279630549,0.0192683860791633,0.191868596468222,354,6386,1,"1","diploid","female"
"1061","0","0","0","0",-0.877058565616608,2811.3603515625,"map_6386_1_2",5,70,300,20,5,2.22359434086848,0.1,13.2231093768244,0.262326686191181,2.21684829870108,72,0.2,2,29.2326669258582,22.4865742215551,0.00570464305170634,0.0180938930257622,0.28304024627974,354,6386,1,"2","diploid","female"
"1062","0","0","0","0",-0.877058565616608,2811.3603515625,"map_6386_1_3",5,70,300,20,5,0.635160676334102,0.1,5.62565680914982,0.0278893013482416,0.442764253923237,24,0.2,2,29.2326669258582,22.4865742215551,7.27982165157095e-05,5.01369048593479e-08,0.467304090847742,354,6386,1,"3","diploid","female"
"1063","0","0","0","0",-0.820141851902008,2833.48754882812,"map_6387_1_1",5,70,300,20,5,2.21201948570049,0.1,12.08837337276,0.249572109399903,3.08922932036237,11,0.2,2,29.9589345765817,22.3077714039242,0.00456291978248851,0.0187662892376977,0.184331727312095,355,6387,1,"1","diploid","female"
"1064","0","0","0","0",-0.820141851902008,2833.48754882812,"map_6387_1_2",5,70,300,20,5,2.05723615002817,0.1,12.4331606476001,0.275548781228331,2.54913460658161,12,0.2,2,29.9589345765817,22.3077714039242,0.00549154433288568,0.02746346441102,0.24654744652028,355,6387,1,"2","diploid","female"
"1065","0","0","0","0",-0.820141851902008,2833.48754882812,"map_6387_1_3",5,70,300,20,5,0,0.1,5.28650691352898,0.00895526965081121,0.116463634448431,4,0.2,2,29.9589345765817,22.3077714039242,2.05245169401788e-05,1.99341459586442e-08,0.81387416637491,355,6387,1,"3","diploid","female"
"1066","0","0","0","0",-0.704496920108795,2877.02075195312,"map_6388_1_1",5,70,300,20,5,2.55817141197009,0.1,9.42668300824898,0.20904349928545,5.20720002717978,45,0.2,2,30.0860518081194,22.3543816014118,0.00207163934414566,0.00350615152264991,0.265724168205115,356,6388,1,"1","diploid","female"
"1067","0","0","0","0",-0.704496920108795,2877.02075195312,"map_6388_1_2",5,70,300,20,5,2.52663259549782,0.1,10.5880898149202,0.213202681046442,4.72510530100087,43,0.2,2,30.0860518081194,22.3543816014118,0.00274968650922574,0.00586402061339943,0.34214463207017,356,6388,1,"2","diploid","female"
"1068","0","0","0","0",-0.704496920108795,2877.02075195312,"map_6388_1_3",5,70,300,20,5,2.87958728381859,0.1,7.09756852558908,0.0667241093782697,2.70584489627296,68,0.2,2,30.0860518081194,22.3543816014118,0.00028920063921147,1.36714105149947e-06,0.854482202161845,356,6388,1,"3","diploid","female"
"1069","0","0","0","0",0.663439095020294,2918.92407226562,"map_6400_1_1",5,70,300,20,5,6.30581187894268,0.1,10.9341576389572,0.225300169657723,8.74261483358181,8,0.2,2,19.9710256653123,22.8745413132812,0.00300438555448347,0.00446811168781436,0.227083243153514,357,6400,1,"1","diploid","female"
"1070","0","0","0","0",0.663439095020294,2918.92407226562,"map_6400_1_2",5,70,300,20,5,7.08377633188621,0.1,8.0805507805977,0.305812994495105,7.08502460734343,6,0.2,2,19.9710256653123,22.8745413132812,0.00193242330877192,0.000847692257313643,0.564452383468137,357,6400,1,"2","diploid","female"
"1071","0","0","0","0",0.663439095020294,2918.92407226562,"map_6400_1_3",5,70,300,20,5,5.61030208803,0.1,8.35934934670196,0.1971841027065,8.71717021403131,10,0.2,2,19.9710256653123,22.8745413132812,0.00144023732135505,0.00139325021326315,0.329498499766905,357,6400,1,"3","diploid","female"
"1072","0","0","0","0",0.321967393159866,2962.80859375,"map_6406_1_1",5,70,300,20,5,2.90919457949974,0.1,9.33839898600072,0.18292138793698,10.7353838441873,31,0.2,2,38.7459838759662,22.301914278455,0.00161706275592408,0.00174428685921073,0.307392736508457,358,6406,1,"1","diploid","female"
"1073","0","0","0","0",0.321967393159866,2962.80859375,"map_6406_1_2",5,70,300,20,5,7.97865438583423,0.1,9.79889326259578,0.222173447686325,8.78888586821164,25,0.2,2,38.7459838759662,22.301914278455,0.00206303705514526,0.00183673441135518,0.457758943930848,358,6406,1,"2","diploid","female"
"1074","0","0","0","0",0.321967393159866,2962.80859375,"map_6406_1_3",5,70,300,20,5,2.37179780794249,0.1,8.53902577165326,0.171730200778832,10.6996215330797,125,0.2,2,38.7459838759662,22.301914278455,0.00120061960560542,0.000653157376756993,0.358053389688384,358,6406,1,"3","diploid","female"
"1075","0","0","0","0",0.649745106697083,3007.70922851562,"map_6407_1_1",5,70,300,20,5,3.79489016818706,0.1,9.28574982445452,0.167226793470753,11.624883624353,26,0.2,2,42.0342579482996,22.2466916626078,0.0014222149570141,0.00146314347003098,0.345675636128924,359,6407,1,"1","diploid","female"
"1076","0","0","0","0",0.649745106697083,3007.70922851562,"map_6407_1_2",5,70,300,20,5,10.8131997872941,0.1,9.88824963640914,0.116281506369911,10.6349743514049,19,0.2,2,42.0342579482996,22.2466916626078,0.00106502816739923,0.000788587686817746,0.457728518687396,359,6407,1,"2","diploid","female"
"1077","0","0","0","0",0.649745106697083,3007.70922851562,"map_6407_1_3",5,70,300,20,5,2.96336464999321,0.1,10.8839960575144,0.164738170208879,11.5518686454208,77,0.2,2,42.0342579482996,22.2466916626078,0.0021371493307055,0.00486928598220245,0.297431178830147,359,6407,1,"3","diploid","female"
"1078","0","0","0","0",0.162364661693573,3048.6748046875,"map_6408_1_1",5,70,300,20,5,6.05738864914428,0.1,10.2425261788198,0.175110688774383,11.4464486630706,13,0.2,2,66.1612099951684,22.2511512485982,0.00213573743567444,0.00551410838768381,0.282479857301091,360,6408,1,"1","diploid","female"
"1079","0","0","0","0",0.162364661693573,3048.6748046875,"map_6408_1_2",5,70,300,20,5,6.96193557780226,0.1,8.15544080938506,0.268844814351697,10.8109973852489,12,0.2,2,66.1612099951684,22.2511512485982,0.00167012923122866,0.000856723578221953,0.603344862435198,360,6408,1,"2","diploid","female"
"1080","0","0","0","0",0.162364661693573,3048.6748046875,"map_6408_1_3",5,70,300,20,5,6.06838616461786,0.1,10.3772826955343,0.165166240638549,11.6059200147894,18,0.2,2,66.1612099951684,22.2511512485982,0.00187129651829011,0.00212044659339219,0.226020369480704,360,6408,1,"3","diploid","female"
"1081","0","0","0","0",-0.784228563308716,3075.56958007812,"map_6409_1_1",5,70,300,20,5,3.46868433865767,0.1,7.74139365945573,0.244672076816023,6.68902424403482,6,0.2,2,65.8585576329912,21.9051503364166,0.00161361223600702,0.00248261509228759,0.275836762899155,361,6409,1,"1","diploid","female"
"1082","0","0","0","0",-0.784228563308716,3075.56958007812,"map_6409_1_2",5,70,300,20,5,3.80458836115636,0.1,7.59160531479574,0.351350431943622,7.02222784434473,5,0.2,2,65.8585576329912,21.9051503364166,0.00229203438169695,0.00388739166519304,0.361194607191665,361,6409,1,"2","diploid","female"
"1083","0","0","0","0",-0.784228563308716,3075.56958007812,"map_6409_1_3",5,70,300,20,5,4.41212649679352,0.1,5.77925704661794,0.217210714992978,7.11980195135498,3,0.2,2,65.8585576329912,21.9051503364166,0.000626055042177808,1.86300811490394e-05,0.543565545229845,361,6409,1,"3","diploid","female"
"1084","0","0","0","0",0.599822223186493,2966.71459960938,"map_6416_1_1",5,70,300,20,5,7.46015454741516,0.1,13.6611224912666,0.202351515233212,10.8739995134501,27,0.2,2,62.294264102695,22.3957371864868,0.00452375750020244,0.0136359337915307,0.241382757668259,362,6416,1,"1","diploid","female"
"1085","0","0","0","0",0.599822223186493,2966.71459960938,"map_6416_1_2",5,70,300,20,5,7.95693320965126,0.1,8.17607682574841,0.328744120152085,8.43900956921987,32,0.2,2,62.294264102695,22.3957371864868,0.00201441493323644,0.00125564205973034,0.617335047469894,362,6416,1,"2","diploid","female"
"1086","0","0","0","0",0.599822223186493,2966.71459960938,"map_6416_1_3",5,70,300,20,5,6.56081339279108,0.1,12.5020825552624,0.176541356642684,10.5392941931243,74,0.2,2,62.294264102695,22.3957371864868,0.00311787720207057,0.00836402717318243,0.227509174924803,362,6416,1,"3","diploid","female"
"1087","0","0","0","0",-0.410787314176559,2867.06762695312,"map_6432_1_1",5,70,300,20,5,2.03991353934977,0.1,10.5901388093151,0.329824210255641,3.07548875198231,56,0.2,2,6.79897612108048,22.566353908805,0.00366997963589453,0.00715423314233465,0.413841798199505,363,6432,1,"1","diploid","female"
"1088","0","0","0","0",-0.410787314176559,2867.06762695312,"map_6432_1_2",5,70,300,20,5,2.91612614177647,0.1,8.25500923843902,0.828655185297382,0.983812664755599,83,0.2,2,6.79897612108048,22.566353908805,0.00567750663397217,0.0103271834605747,0.636547933157287,363,6432,1,"2","diploid","female"
"1089","0","0","0","0",-0.410787314176559,2867.06762695312,"map_6432_1_3",5,70,300,20,5,1.8145392001954,0.1,6.7740436743787,0.131416585078837,4.72247499770253,96,0.2,2,6.79897612108048,22.566353908805,0.000529475893452022,6.11133334591916e-06,0.895629115245127,363,6432,1,"3","diploid","female"
"1090","0","0","0","0",-0.425287216901779,2919.234375,"map_6433_1_1",5,70,300,20,5,3.20274633983695,0.1,10.9277307227479,0.110401242444642,5.30436736094715,27,0.2,2,11.5766028166807,22.5686961160282,0.00137234182989254,0.00234154739057885,0.318443815888541,364,6433,1,"1","diploid","female"
"1091","0","0","0","0",-0.425287216901779,2919.234375,"map_6433_1_2",5,70,300,20,5,3.39462295515769,0.1,13.3163666075638,0.0943451832340665,5.39261664680263,26,0.2,2,11.5766028166807,22.5686961160282,0.00161902274393562,0.00282195432723378,0.526275531706193,364,6433,1,"2","diploid","female"
"1092","0","0","0","0",-0.425287216901779,2919.234375,"map_6433_1_3",5,70,300,20,5,3.84577162037384,0.1,7.67999226553926,0.0729760655212656,5.50091943542341,77,0.2,2,11.5766028166807,22.5686961160282,0.000369811507197974,7.05906744703329e-06,0.588103695393523,364,6433,1,"3","diploid","female"
"1093","0","0","0","0",-0.0349403060972691,2925.5703125,"map_6443_1_1",5,70,300,20,5,4.57791237965826,0.1,8.17135963423583,0.420246437288952,4.74568078891524,5,0.2,2,14.1395891670299,22.1737127610351,0.00262901944199079,0.00129109159647853,0.57006055566341,365,6443,1,"1","diploid","female"
"1094","0","0","0","0",-0.0349403060972691,2925.5703125,"map_6443_1_2",5,70,300,20,5,4.29644460766736,0.1,7.07330919545318,0.715411588714796,2.78153447060745,5,0.2,2,14.1395891670299,22.1737127610351,0.00358032538612417,0.00290545849916538,1.26016567016411,365,6443,1,"2","diploid","female"
"1095","0","0","0","0",-0.0349403060972691,2925.5703125,"map_6443_1_3",5,70,300,20,5,4.94165538134814,0.1,5.55336477813362,0.479860000776145,8.1183708026182,2,0.2,2,14.1395891670299,22.1737127610351,0.0012672835654543,4.27033123701421e-05,0.878699886156166,365,6443,1,"3","diploid","female"
"1096","0","0","0","0",-0.673407673835754,2834.69873046875,"map_6492_1_1",5,70,300,20,5,2.45094290956421,0.1,14.0544744805564,0.238392051767849,4.02616172775805,29,0.2,2,31.0620879659869,22.3379463711186,0.00579296241755106,0.0197340167503359,0.216885763051792,366,6492,1,"1","diploid","female"
"1097","0","0","0","0",-0.673407673835754,2834.69873046875,"map_6492_1_2",5,70,300,20,5,2.26927874989037,0.1,17.9435897340964,0.251653852364769,2.83721641253437,31,0.2,2,31.0620879659869,22.3379463711186,0.00917146889804092,0.0406021967169933,0.207010692965595,366,6492,1,"2","diploid","female"
"1098","0","0","0","0",-0.673407673835754,2834.69873046875,"map_6492_1_3",5,70,300,20,5,0,0.1,8.02831046089742,0.00504480224584174,0.386877503259718,17,0.2,2,31.0620879659869,22.3379463711186,2.7886794578968e-05,6.81515236834232e-08,1.16620236885055,366,6492,1,"3","diploid","female"
"1099","0","0","0","0",-0.855038702487946,2873.05541992188,"map_6493_1_1",5,70,300,20,5,1.01264734499239,0.1,9.68259653243716,0.484915159975518,2.01919428470275,79,0.2,2,29.5231195081063,22.3011689254744,0.0050518445965996,0.0100704329737201,0.567269099771037,367,6493,1,"1","diploid","female"
"1100","0","0","0","0",-0.855038702487946,2873.05541992188,"map_6493_1_2",5,70,300,20,5,2.69299443506029,0.1,9.22850136980819,1.0843629706719,0.882452889499663,155,0.2,2,29.5231195081063,22.3011689254744,0.0109547326821184,0.0226464384194522,0.625916231866933,367,6493,1,"2","diploid","female"
"1101","0","0","0","0",-0.855038702487946,2873.05541992188,"map_6493_1_3",5,70,300,20,5,0.938887206498629,0.1,5.57679253493726,0.0152435996833011,1.1630228170721,23,0.2,2,29.5231195081063,22.3011689254744,4.01691989612553e-05,1.6252022689843e-07,1.31390726401819,367,6493,1,"3","diploid","female"
"1102","0","0","0","0",-0.596209704875946,3048.8564453125,"map_6512_1_1",5,70,300,20,5,3.60121571141843,0.1,9.72430260784557,0.397149662356791,3.63699489315572,7,0.2,2,66.2209561718659,22.2662564696928,0.00369486280107757,0.00445820903331236,0.481530436724101,368,6512,1,"1","diploid","female"
"1103","0","0","0","0",-0.596209704875946,3048.8564453125,"map_6512_1_2",5,70,300,20,5,4.27779369352446,0.1,8.23111493308936,0.344367689872028,5.90117914385958,4,0.2,2,66.2209561718659,22.2662564696928,0.00243132425701604,0.00303417441769838,1.81619760877712,368,6512,1,"2","diploid","female"
"1104","0","0","0","0",-0.596209704875946,3048.8564453125,"map_6512_1_3",5,70,300,20,5,4.4402622308118,0.1,6.22597448720421,0.285677776274516,8.01576901815173,2,0.2,2,66.2209561718659,22.2662564696928,0.000995430724100938,8.74494699814045e-05,0.78869250336357,368,6512,1,"3","diploid","female"
"1105","0","0","0","0",-0.85686320066452,3048.32885742188,"map_6513_1_1",5,70,300,20,5,3.25042951485228,0.1,9.16452600336411,0.345395893938793,3.86724759742929,45,0.2,2,63.8180369918925,21.9625025291908,0.00255431305146271,0.00113998897306174,0.612893782593433,369,6513,1,"1","diploid","female"
"1106","0","0","0","0",-0.85686320066452,3048.32885742188,"map_6513_1_2",5,70,300,20,5,3.48290854702247,0.1,7.2556265611343,1.05201810829893,2.24151287142465,20,0.2,2,63.8180369918925,21.9625025291908,0.00492098430922513,0.00192542649476243,0.859604733411988,369,6513,1,"2","diploid","female"
"1107","0","0","0","0",-0.85686320066452,3048.32885742188,"map_6513_1_3",5,70,300,20,5,4.28863926766065,0.1,7.81518222855305,0.081235033256421,6.35701225771724,67,0.2,2,63.8180369918925,21.9625025291908,0.000426728310860393,7.73447252860149e-06,0.911323828477003,369,6513,1,"3","diploid","female"
"1108","0","0","0","0",-0.775897741317749,3049.4609375,"map_6514_1_1",5,70,300,20,5,3.43838282669667,0.1,7.76458703781755,0.233015376118628,6.57328218607831,6,0.2,2,67.8048023417146,21.9163397475335,0.00157812659687149,0.00154533509206076,0.359120745496856,370,6514,1,"1","diploid","female"
"1109","0","0","0","0",-0.775897741317749,3049.4609375,"map_6514_1_2",5,70,300,20,5,3.67560943354369,0.1,13.1171118668451,0.310147200713334,4.44069997562765,5,0.2,2,67.8048023417146,21.9163397475335,0.00540580884444726,0.00366099309775836,0.204953419466867,370,6514,1,"2","diploid","female"
"1110","0","0","0","0",-0.775897741317749,3049.4609375,"map_6514_1_3",5,70,300,20,5,4.43549880275199,0.1,5.8587288868501,0.198485119157074,6.97861264435789,3,0.2,2,67.8048023417146,21.9163397475335,0.000599520720384424,1.32271659498747e-05,0.55857543545674,370,6514,1,"3","diploid","female"
"1111","0","0","0","0",-0.816702008247375,3073.87084960938,"map_6515_1_1",5,70,300,20,5,3.38943642198008,0.1,7.49293497366979,0.26176427847929,6.86423006331966,5,0.2,2,65.515765858647,21.9298912420093,0.00165375919946194,0.00223627583749483,0.323371626567699,371,6515,1,"1","diploid","female"
"1112","0","0","0","0",-0.816702008247375,3073.87084960938,"map_6515_1_2",5,70,300,20,5,3.71694939274104,0.1,7.23343689729354,0.388943330540298,7.77722256177637,4,0.2,2,65.515765858647,21.9298912420093,0.00243351651337261,0.00429123275021654,0.456892253088023,371,6515,1,"2","diploid","female"
"1113","0","0","0","0",-0.816702008247375,3073.87084960938,"map_6515_1_3",5,70,300,20,5,4.35639814728132,0.1,5.91852643116081,0.25981204847976,7.36241971440782,2,0.2,2,65.515765858647,21.9298912420093,0.00079987246252901,3.84838581659131e-05,0.657040386661098,371,6515,1,"3","diploid","female"
"1114","0","0","0","0",-0.866702795028687,3085.01318359375,"map_6516_1_1",5,70,300,20,5,1.63941667391709,0.1,9.07615854777793,0.149737411896868,6.05165168397098,33,0.2,2,55.7743044121321,21.9041426099944,0.00130565806908987,0.00236587973248989,0.330052557083552,372,6516,1,"1","diploid","female"
"1115","0","0","0","0",-0.866702795028687,3085.01318359375,"map_6516_1_2",5,70,300,20,5,4.89058978653777,0.1,10.1928092116388,0.173409539784096,6.80993578687265,31,0.2,2,55.7743044121321,21.9041426099944,0.00206558195519244,0.00643322059844008,0.46378249746175,372,6516,1,"2","diploid","female"
"1116","0","0","0","0",-0.866702795028687,3085.01318359375,"map_6516_1_3",5,70,300,20,5,1.84295189534912,0.1,6.77676537661885,0.105680909308867,6.51663546284197,70,0.2,2,55.7743044121321,21.9041426099944,0.000415633196847368,3.06627953305075e-06,0.642216614797157,372,6516,1,"3","diploid","female"
"1117","0","0","0","0",0.405183672904968,3001.01782226562,"map_6520_1_1",5,70,300,20,5,3.42699856390767,0.1,12.3108610638772,0.389408832954035,4.14531504818238,71,0.2,2,62.8086151237108,22.398311944499,0.00581125075015866,0.0088271371868929,0.24822552107268,373,6520,1,"1","diploid","female"
"1118","0","0","0","0",0.405183672904968,3001.01782226562,"map_6520_1_2",5,70,300,20,5,10.3429847137907,0.1,9.65366506994703,0.186597970598714,10.6931929978085,30,0.2,2,62.8086151237108,22.398311944499,0.00167192920122334,0.0015456790009508,0.352608788013052,373,6520,1,"2","diploid","female"
"1119","0","0","0","0",0.405183672904968,3001.01782226562,"map_6520_1_3",5,70,300,20,5,2.7538744868926,0.1,10.3048704456223,0.169850375813914,10.9723020285692,85,0.2,2,62.8086151237108,22.398311944499,0.00190630596010099,0.00353058344585356,0.30932652540287,373,6520,1,"3","diploid","female"
"1120","0","0","0","0",-0.102594308555126,2921.73266601562,"map_6547_1_1",5,70,300,20,5,4.35032006945273,0.1,9.3703950376057,0.138518157912721,7.04210120770472,14,0.2,2,13.9098631024509,22.1693993354029,0.00126343053441816,0.00171562050992004,0.4187739026228,374,6547,1,"1","diploid","female"
"1121","0","0","0","0",-0.102594308555126,2921.73266601562,"map_6547_1_2",5,70,300,20,5,4.07407101600483,0.1,13.3998826174251,0.160804498536202,4.35806004692323,14,0.2,2,13.9098631024509,22.1693993354029,0.00273420471394081,0.00255834988263505,0.434700682545406,374,6547,1,"2","diploid","female"
"1122","0","0","0","0",-0.102594308555126,2921.73266601562,"map_6547_1_3",5,70,300,20,5,4.74053213037759,0.1,7.250085386169,0.0914924348584076,6.80818542184745,22,0.2,2,13.9098631024509,22.1693993354029,0.000420535528552544,2.73827960247819e-05,0.609478394219822,374,6547,1,"3","diploid","female"
"1123","0","0","0","0",-0.808018267154694,2823.43334960938,"map_6597_1_1",5,70,300,20,5,2.19394538542394,0.1,12.8784133547894,0.46292762770164,1.33641109768349,80,0.2,2,29.7955447585381,22.3292110396646,0.00869165225395911,0.0223743428299848,0.338475662427673,375,6597,1,"1","diploid","female"
"1124","0","0","0","0",-0.808018267154694,2823.43334960938,"map_6597_1_2",5,70,300,20,5,2.00753602967312,0.1,13.1898578996332,0.729783332539204,0.291940772484381,168,0.2,2,29.7955447585381,22.3292110396646,0.0144546444483655,0.0461401903680981,0.26867803302365,375,6597,1,"2","diploid","female"
"1125","0","0","0","0",-0.808018267154694,2823.43334960938,"map_6597_1_3",5,70,300,20,5,0,0.1,5.60165624232888,0.00481203939629397,0.0778144956102347,40,0.2,2,29.7955447585381,22.3292110396646,1.26633949779939e-05,3.06171677548809e-09,0.521180401384027,375,6597,1,"3","diploid","female"
"1126","0","0","0","0",0.46434560418129,2909.08715820312,"map_6601_1_1",5,70,300,20,5,2.72907831043395,0.1,11.7321847568205,0.480241125299703,3.4605314052484,57,0.2,2,36.6560639764779,22.779202069423,0.0066929314502393,0.015770535655136,0.184341175273771,376,6601,1,"1","diploid","female"
"1127","0","0","0","0",0.46434560418129,2909.08715820312,"map_6601_1_2",5,70,300,20,5,8.16297972175506,0.1,7.93443363348946,0.371769353989181,7.4878225720455,33,0.2,2,36.6560639764779,22.779202069423,0.002088871117178,0.000663170079183077,0.705988158808338,376,6601,1,"2","diploid","female"
"1128","0","0","0","0",0.46434560418129,2909.08715820312,"map_6601_1_3",5,70,300,20,5,1.92160246309206,0.1,8.97196530672031,0.229854457498404,8.59691057693194,133,0.2,2,36.6560639764779,22.779202069423,0.00185930970312186,0.00158718805204617,0.299727382705418,376,6601,1,"3","diploid","female"
"1129","0","0","0","0",-0.854218661785126,3021.16943359375,"map_6616_1_1",5,70,300,20,5,2.96081676061276,0.1,7.48887335535352,0.501692151255848,4.11721967370561,22,0.2,2,65.5874395196224,22.2770205779725,0.00277077819217122,0.00371593059157009,0.734321136662032,377,6616,1,"1","diploid","female"
"1130","0","0","0","0",-0.854218661785126,3021.16943359375,"map_6616_1_2",5,70,300,20,5,3.4555164759357,0.1,6.06687877901708,1.32663948256518,4.29680634694108,149,0.2,2,65.5874395196224,22.2770205779725,0.00521051768893096,0.0124217813750764,1.25727773598243,377,6616,1,"2","diploid","female"
"1131","0","0","0","0",-0.854218661785126,3021.16943359375,"map_6616_1_3",5,70,300,20,5,3.92147135108423,0.1,6.98213428109446,0.122781911440507,5.85722354810583,6,0.2,2,65.5874395196224,22.2770205779725,0.000499423835707522,1.05303747719307e-05,0.844123737024087,377,6616,1,"3","diploid","female"
"1132","0","0","0","0",0.801839351654053,2844.04418945312,"map_6630_1_1",5,70,300,20,5,5.94370941614917,0.1,11.1840290711943,0.398990752606547,8.90228856264326,10,0.2,2,22.1491751285189,23.1292985850658,0.0066811862264528,0.0202668684951099,0.180455212313227,378,6630,1,"1","diploid","female"
"1133","0","0","0","0",0.801839351654053,2844.04418945312,"map_6630_1_2",5,70,300,20,5,0,0.1,6.56162608953679,0.556366166901337,8.35636573469394,5,0.2,2,22.1491751285189,23.1292985850658,0.00212966905238978,0.000161335219073923,0.460795455609207,378,6630,1,"2","diploid","female"
"1134","0","0","0","0",0.801839351654053,2844.04418945312,"map_6630_1_3",5,70,300,20,5,3.86728766853678,0.1,8.79821758513534,0.376642647368437,6.82036065484412,4,0.2,2,22.1491751285189,23.1292985850658,0.00344379591762057,0.00580124414296382,0.255459302479678,378,6630,1,"3","diploid","female"
"1135","0","0","0","0",-0.227207437157631,2881.20678710938,"map_6650_1_1",5,70,300,20,5,3.75332760007942,0.1,7.50806640338162,0.352760827632177,6.39276243269554,12,0.2,2,14.2892541873123,22.1826727899866,0.00225561950375714,0.00294809422051144,0.316643152475526,379,6650,1,"1","diploid","female"
"1136","0","0","0","0",-0.227207437157631,2881.20678710938,"map_6650_1_2",5,70,300,20,5,3.35899448898897,0.1,11.1998222998916,0.506850426319667,1.30263832457185,9,0.2,2,14.2892541873123,22.1826727899866,0.00636014872596196,0.0110321052062025,0.261967186913683,379,6650,1,"2","diploid","female"
"1137","0","0","0","0",-0.227207437157631,2881.20678710938,"map_6650_1_3",5,70,300,20,5,3.75069577392644,0.1,5.80375256917374,0.288384634814499,5.87594062880956,6,0.2,2,14.2892541873123,22.1826727899866,0.000839642864666407,2.44880390232733e-05,0.655009249574858,379,6650,1,"3","diploid","female"
"1138","0","0","0","0",-0.464925438165665,2874.86401367188,"map_6703_1_1",5,70,300,20,5,2.47851259512807,0.1,11.277716411113,0.319378235706237,4.7539804261374,9,0.2,2,40.881977558136,22.6691623975008,0.00460166115586194,0.00907922070815066,0.200136139044161,380,6703,1,"1","diploid","female"
"1139","0","0","0","0",-0.464925438165665,2874.86401367188,"map_6703_1_2",5,70,300,20,5,3.71494838562767,0.1,10.632602054439,0.748559464721643,0.479791697633185,14,0.2,2,40.881977558136,22.6691623975008,0.00772456264196555,0.00626220422701222,0.141306462493706,380,6703,1,"2","diploid","female"
"1140","0","0","0","0",-0.464925438165665,2874.86401367188,"map_6703_1_3",5,70,300,20,5,2.16856485923356,0.1,6.2922076350673,0.28622442540784,5.25697859634089,3,0.2,2,40.881977558136,22.6691623975008,0.00103159913888817,6.33788746167749e-05,0.50067311686238,380,6703,1,"3","diploid","female"
"1141","0","0","0","0",-0.587254881858826,2930.1298828125,"map_6704_1_1",5,70,300,20,5,2.78435771550154,0.1,8.14286344644268,0.226676119214665,5.16805246680364,7,0.2,2,37.4782958616846,22.7076519409552,0.00171912007537,0.00334519316679567,0.360029693821915,381,6704,1,"1","diploid","female"
"1142","0","0","0","0",-0.587254881858826,2930.1298828125,"map_6704_1_2",5,70,300,20,5,3.23535422425493,0.1,7.83829836024531,0.274584430145478,5.76628393913466,5,0.2,2,37.4782958616846,22.7076519409552,0.00206214089151893,0.0063968566552061,0.662200126099448,381,6704,1,"2","diploid","female"
"1143","0","0","0","0",-0.587254881858826,2930.1298828125,"map_6704_1_3",5,70,300,20,5,3.48659528185084,0.1,6.19710189627594,0.197549200003734,5.46737047570283,4,0.2,2,37.4782958616846,22.7076519409552,0.000666012115525818,3.01047661224748e-05,0.512671476209926,381,6704,1,"3","diploid","female"
"1144","0","0","0","0",-0.192572146654129,2937.89208984375,"map_6705_1_1",5,70,300,20,5,3.6523075238784,0.1,8.66805023206339,0.262129300744319,6.83598655798708,6,0.2,2,37.3404493648745,22.7799495747715,0.00229278823990021,0.00606144008474122,0.285662448038322,382,6705,1,"1","diploid","female"
"1145","0","0","0","0",-0.192572146654129,2937.89208984375,"map_6705_1_2",5,70,300,20,5,4.31578197007291,0.1,7.59997960194294,0.34394100053222,6.85166496394648,4,0.2,2,37.3404493648745,22.7799495747715,0.00195676113031341,0.00106575032642657,0.427474569168339,382,6705,1,"2","diploid","female"
"1146","0","0","0","0",-0.192572146654129,2937.89208984375,"map_6705_1_3",5,70,300,20,5,4.20834304079277,0.1,6.17282132385038,0.251124847550181,7.0549473051648,4,0.2,2,37.3404493648745,22.7799495747715,0.000861984425672922,0.0001067946096757,0.510257410655229,382,6705,1,"3","diploid","female"
"1147","0","0","0","0",0.645153164863586,2893.80883789062,"map_6706_1_1",5,70,300,20,5,6.11907085047866,0.1,12.896588964774,0.371871126521114,6.11737966201786,10,0.2,2,36.8594833891653,22.7658587632121,0.00623637696300023,0.010287749720365,0.249335891875346,383,6706,1,"1","diploid","female"
"1148","0","0","0","0",0.645153164863586,2893.80883789062,"map_6706_1_2",5,70,300,20,5,6.57083011233799,0.1,6.12766114000263,0.774542939314547,10.1694006588837,10,0.2,2,36.8594833891653,22.7658587632121,0.0027704493093247,0.0010004409702837,0.519034486360193,383,6706,1,"2","diploid","female"
"1149","0","0","0","0",0.645153164863586,2893.80883789062,"map_6706_1_3",5,70,300,20,5,5.01632330418217,0.1,7.75440482082864,0.386867746409736,9.30119322419623,4,0.2,2,36.8594833891653,22.7658587632121,0.00251985094405909,0.00208166094046798,0.333394625165216,383,6706,1,"3","diploid","female"
"1150","0","0","0","0",0.763917505741119,2856.96508789062,"map_6707_1_1",5,70,300,20,5,6.29875111815294,0.1,12.1050502441755,0.370966453920806,11.1611100976696,7,0.2,2,38.0197687384694,22.7423737062304,0.00736842675092919,0.0213598908921162,0.161902903096498,384,6707,1,"1","diploid","female"
"1151","0","0","0","0",0.763917505741119,2856.96508789062,"map_6707_1_2",5,70,300,20,5,6.38017803244468,0.1,6.66360884820305,0.64974593198431,11.8109592633076,6,0.2,2,38.0197687384694,22.7423737062304,0.00309004111376072,0.00173648529894873,0.500869118660455,384,6707,1,"2","diploid","female"
"1152","0","0","0","0",0.763917505741119,2856.96508789062,"map_6707_1_3",5,70,300,20,5,4.4089428944663,0.1,9.71507996690075,0.326657959327584,8.04260121228803,4,0.2,2,38.0197687384694,22.7423737062304,0.00352437944701749,0.00582892464578241,0.166033204330276,384,6707,1,"3","diploid","female"
"1153","0","0","0","0",0.81109082698822,2899.77783203125,"map_6734_1_1",5,70,300,20,5,6.48167674434504,0.1,12.4632603387119,0.188781474361971,9.84688131362727,16,0.2,2,21.9585537010946,23.1599287199948,0.00325021327288333,0.00685365509637692,0.220196789812793,385,6734,1,"1","diploid","female"
"1154","0","0","0","0",0.81109082698822,2899.77783203125,"map_6734_1_2",5,70,300,20,5,7.57964952739533,0.1,9.61077661595732,0.113925980310968,11.5643802015738,8,0.2,2,21.9585537010946,23.1599287199948,0.000968771294716463,0.000343599173741874,0.486492726621815,385,6734,1,"2","diploid","female"
"1155","0","0","0","0",0.81109082698822,2899.77783203125,"map_6734_1_3",5,70,300,20,5,5.10727049143635,0.1,12.6419208455633,0.206285664948802,7.83396992017903,34,0.2,2,21.9585537010946,23.1599287199948,0.00356716222844924,0.00811925896666474,0.194579476371068,385,6734,1,"3","diploid","female"
"1156","0","0","0","0",0.70844954252243,2807.97802734375,"map_6736_1_1",5,70,300,20,5,5.40675795542332,0.1,8.61256179868104,0.714396314439321,6.0433853785231,42,0.2,2,10.1569086125869,22.9308334827951,0.00659535437776735,0.0166548310884904,0.464158594667762,386,6736,1,"1","diploid","female"
"1157","0","0","0","0",0.70844954252243,2807.97802734375,"map_6736_1_2",5,70,300,20,5,0,0.1,8.2805535964736,5.12146673699233e-05,0.0195342649690919,16,0.2,2,10.1569086125869,22.9308334827951,3.3133720718499e-07,1.35185381203022e-08,1.00099452534122,386,6736,1,"2","diploid","female"
"1158","0","0","0","0",0.70844954252243,2807.97802734375,"map_6736_1_3",5,70,300,20,5,3.15243013924984,0.1,11.9358039803065,0.102744182999166,3.77767348596234,127,0.2,2,10.1569086125869,22.9308334827951,0.00152747452050389,0.0027081435262726,0.273663141740279,386,6736,1,"3","diploid","female"
"1159","0","0","0","0",0.793379664421082,2793.98852539062,"map_6797_1_1",5,70,300,20,5,0,0.1,20.5062058764972,0.135567879141834,1.89969875100278,139,0.2,2,179.145798794059,23.2390129009091,0.00609074555140509,0.0341347492281103,0.129244832595371,387,6797,1,"1","diploid","female"
"1160","0","0","0","0",0.793379664421082,2793.98852539062,"map_6797_1_2",5,70,300,20,5,0,0.1,50.8198112920059,1.0444476987365e-13,0,48,0.2,2,179.145798794059,23.2390129009091,2.11893859690674e-14,1.0444476987365e-13,0.295633369661849,387,6797,1,"2","diploid","female"
"1161","0","0","0","0",0.793379664421082,2793.98852539062,"map_6797_1_3",5,70,300,20,5,0,0.1,20.0794479648065,0.204808041335198,1.78746418459568,168,0.2,2,179.145798794059,23.2390129009091,0.00894531407663119,0.0436135086270766,0.0819318173351055,387,6797,1,"3","diploid","female"
"1162","0","0","0","0",-0.116548031568527,2859.23120117188,"map_6807_1_1",5,70,300,20,5,3.46787581599456,0.1,10.1700905456314,0.541399651856047,3.57406621846817,99,0.2,2,23.2484619792217,22.7118667420887,0.0068201578667531,0.0169700465714279,0.481406056922886,388,6807,1,"1","diploid","female"
"1163","0","0","0","0",-0.116548031568527,2859.23120117188,"map_6807_1_2",5,70,300,20,5,3.55913129332749,0.1,8.35783365993731,0.723909416960329,3.10324251657562,141,0.2,2,23.2484619792217,22.7118667420887,0.00637105941820909,0.0196495687478905,1.23602112519756,388,6807,1,"2","diploid","female"
"1164","0","0","0","0",-0.116548031568527,2859.23120117188,"map_6807_1_3",5,70,300,20,5,3.13591158794921,0.1,8.15849999817499,0.20629188562404,4.48368993067411,74,0.2,2,23.2484619792217,22.7118667420887,0.00119923849877802,0.000227172905122929,0.560614623816648,388,6807,1,"3","diploid","female"
"1165","0","0","0","0",-0.692656219005585,2923.49633789062,"map_6809_1_1",5,70,300,20,5,1.92856669995103,0.1,14.1321726717624,0.155382424858627,3.96737768069809,17,0.2,2,23.1728124917544,22.6428600619666,0.00294129923356565,0.00552161522311973,0.39448955858279,389,6809,1,"1","diploid","female"
"1166","0","0","0","0",-0.692656219005585,2923.49633789062,"map_6809_1_2",5,70,300,20,5,3.16479299906486,0.1,14.7715396076934,0.171032222568581,3.96274066582326,17,0.2,2,23.1728124917544,22.6428600619666,0.00357627737987881,0.00863797443615112,0.481027393362998,389,6809,1,"2","diploid","female"
"1167","0","0","0","0",-0.692656219005585,2923.49633789062,"map_6809_1_3",5,70,300,20,5,2.12428115693348,0.1,7.19500023970615,0.0768458327156569,4.64023866039875,17,0.2,2,23.1728124917544,22.6428600619666,0.000357927032835884,1.12716382951867e-05,0.840610439839477,389,6809,1,"3","diploid","female"
"1168","0","0","0","0",-0.173753172159195,2911.83251953125,"map_6810_1_1",5,70,300,20,5,3.70288055305826,0.1,7.97860203087828,0.286586409155268,6.55442423330601,7,0.2,2,24.9040357271995,22.6781745796584,0.00214028720354153,0.0047559106322629,0.344232597024532,390,6810,1,"1","diploid","female"
"1169","0","0","0","0",-0.173753172159195,2911.83251953125,"map_6810_1_2",5,70,300,20,5,3.97065370580171,0.1,7.27945135453946,0.409061019801585,5.86659491219488,6,0.2,2,24.9040357271995,22.6781745796584,0.00222729283971337,0.00116125634365463,0.501848657480294,390,6810,1,"2","diploid","female"
"1170","0","0","0","0",-0.173753172159195,2911.83251953125,"map_6810_1_3",5,70,300,20,5,4.05447991660107,0.1,5.80015558554903,0.263475850276952,6.3298009482799,4,0.2,2,24.9040357271995,22.6781745796584,0.000777105105212907,2.57735655133197e-05,0.574830231849024,390,6810,1,"3","diploid","female"
"1171","0","0","0","0",0.185478806495667,2881.13720703125,"map_6811_1_1",5,70,300,20,5,1.93447493492573,0.1,7.96627721288539,0.329022674400487,7.31457563583854,9,0.2,2,24.3853275978882,22.6184470006662,0.00229646570667186,0.00338436902074261,0.30778806354624,391,6811,1,"1","diploid","female"
"1172","0","0","0","0",0.185478806495667,2881.13720703125,"map_6811_1_2",5,70,300,20,5,5.25084853137336,0.1,7.21204996386812,0.444130958960883,5.61207357129229,6,0.2,2,24.3853275978882,22.6184470006662,0.00235369816104908,0.00196728990582409,0.419903749316678,391,6811,1,"2","diploid","female"
"1173","0","0","0","0",0.185478806495667,2881.13720703125,"map_6811_1_3",5,70,300,20,5,1.40393989697705,0.1,5.99018179187685,0.293773430364899,6.84827133423527,5,0.2,2,24.3853275978882,22.6184470006662,0.000942476019613225,0.000127335043621469,0.554311801639886,391,6811,1,"3","diploid","female"
"1174","0","0","0","0",0.502340376377106,2799.689453125,"map_6946_1_1",5,70,300,20,5,3.41456169703624,0.1,14.1045876755625,0.310023018224155,6.08167705820246,18,0.2,2,9.8277323665314,22.9030938893062,0.00718415460648319,0.0218988103929257,0.142868632609355,392,6946,1,"1","diploid","female"
"1175","0","0","0","0",0.502340376377106,2799.689453125,"map_6946_1_2",5,70,300,20,5,4.47279835674896,0.1,6.92646855117474,0.00104841569408779,0.0373393861200063,5,0.2,2,9.8277323665314,22.9030938893062,4.08983235601881e-06,2.48197801667445e-08,0.989797300247263,392,6946,1,"2","diploid","female"
"1176","0","0","0","0",0.502340376377106,2799.689453125,"map_6946_1_3",5,70,300,20,5,1.78357166505737,0.1,9.02887476757232,0.160504918966281,3.12521403081425,10,0.2,2,9.8277323665314,22.9030938893062,0.00124223828110845,0.000773301179099575,0.288575857475263,392,6946,1,"3","diploid","female"
"1177","0","0","0","0",0.561710774898529,2817.70336914062,"map_7007_1_1",5,70,300,20,5,0,0.1,10.9191768406286,0.865715046672311,1.2261222330489,98,0.2,2,91.6218075915627,23.2407482227482,0.0128245897171262,0.0624887420990528,0.146198391956258,393,7007,1,"1","diploid","female"
"1178","0","0","0","0",0.561710774898529,2817.70336914062,"map_7007_1_2",5,70,300,20,5,0,0.1,6.87822554318862,0.00160103538331819,0.456958659222496,7,0.2,2,91.6218075915627,23.2407482227482,7.97184327136341e-06,8.59947199639399e-06,0.870732671172666,393,7007,1,"2","diploid","female"
"1179","0","0","0","0",0.561710774898529,2817.70336914062,"map_7007_1_3",5,70,300,20,5,2.48194783383384,0.1,14.1075126652567,0.207115983935523,3.1608524898273,29,0.2,2,91.6218075915627,23.2407482227482,0.00490242459075518,0.0196835660094655,0.317841848552175,393,7007,1,"3","diploid","female"
"1180","0","0","0","0",0.703229188919067,2922.77587890625,"map_7019_1_1",5,70,300,20,5,6.84744850850077,0.1,9.00346418837763,0.526736228927711,4.87339543509161,7,0.2,2,26.0706933162042,22.6588722748614,0.00415816990682678,0.004358585393642,0.40850935484378,394,7019,1,"1","diploid","female"
"1181","0","0","0","0",0.703229188919067,2922.77587890625,"map_7019_1_2",5,70,300,20,5,7.17372226485774,0.1,8.16538691802381,0.672683406345516,1.97673518311353,4,0.2,2,26.0706933162042,22.6588722748614,0.00392168231808024,0.000918408873311601,0.370244398721335,394,7019,1,"2","diploid","female"
"1182","0","0","0","0",0.703229188919067,2922.77587890625,"map_7019_1_3",5,70,300,20,5,6.06097220556593,0.1,7.53084578114523,0.359796203665057,10.8935377498741,3,0.2,2,26.0706933162042,22.6588722748614,0.00208501585493202,0.00181729836885764,0.509713606686771,394,7019,1,"3","diploid","female"
"1183","0","0","0","0",0.268339335918427,2886.24194335938,"map_7020_1_1",5,70,300,20,5,4.74694119231376,0.1,10.9361576349821,0.304723980119169,5.02324839940295,9,0.2,2,25.1294591812002,22.6432744234239,0.00369085118939573,0.00470559167469764,0.217972661244158,395,7020,1,"1","diploid","female"
"1184","0","0","0","0",0.268339335918427,2886.24194335938,"map_7020_1_2",5,70,300,20,5,4.91402671647418,0.1,6.85921657195358,0.533703042343551,4.37862398418957,10,0.2,2,25.1294591812002,22.6432744234239,0.00227342028527844,0.0011649905114056,1.43573486561445,395,7020,1,"2","diploid","female"
"1185","0","0","0","0",0.268339335918427,2886.24194335938,"map_7020_1_3",5,70,300,20,5,4.24605692359683,0.1,8.07104891065838,0.184968228849955,6.54843330905046,6,0.2,2,25.1294591812002,22.6432744234239,0.00112432884233546,0.000565499400822399,0.567093136827105,395,7020,1,"3","diploid","female"
"1186","0","0","0","0",0.00658190483227372,3022.650390625,"map_7032_1_1",5,70,300,20,5,5.06752415925123,0.1,9.65529353276607,0.168366570499338,8.92542635710405,18,0.2,2,59.6081901974852,22.6363970924453,0.00177650727371391,0.00351808757267903,0.272688348696504,396,7032,1,"1","diploid","female"
"1187","0","0","0","0",0.00658190483227372,3022.650390625,"map_7032_1_2",5,70,300,20,5,5.97637759893903,0.1,9.25303869386964,0.177918711288792,9.97317093444949,12,0.2,2,59.6081901974852,22.6363970924453,0.00169370111087208,0.00310252191483129,0.442662782103889,396,7032,1,"2","diploid","female"
"1188","0","0","0","0",0.00658190483227372,3022.650390625,"map_7032_1_3",5,70,300,20,5,5.65808442715254,0.1,8.34789913612781,0.164045666219486,9.57139648977938,14,0.2,2,59.6081901974852,22.6363970924453,0.00117952793857367,0.0011449006403001,0.376379643104325,396,7032,1,"3","diploid","female"
"1189","0","0","0","0",0.520132839679718,2790.21850585938,"map_7112_1_1",5,70,300,20,5,0,0.1,33.3625530803847,0.303634686227386,2.06765090809446,74,0.2,2,90.0588753517482,23.1609319558043,0.0276225486780232,0.22285167229527,0.0867749487220226,397,7112,1,"1","diploid","female"
"1190","0","0","0","0",0.520132839679718,2790.21850585938,"map_7112_1_2",5,70,300,20,5,0,0.1,18.0276047532631,3.66820511362127e-06,7.43723958570195e-05,19,0.2,2,90.0588753517482,23.1609319558043,9.98354861901788e-08,1.39426544592481e-07,0.896565116548172,397,7112,1,"2","diploid","female"
"1191","0","0","0","0",0.520132839679718,2790.21850585938,"map_7112_1_3",5,70,300,20,5,0,0.1,10.2084973272461,0.0885943268066552,1.2666853564997,64,0.2,2,90.0588753517482,23.1609319558043,0.00119461004074997,0.00379144385921534,0.131065029144659,397,7112,1,"3","diploid","female"
"1192","0","0","0","0",0.113953143358231,2906.2021484375,"map_7124_1_1",5,70,300,20,5,3.30088447545674,0.1,10.1253546832657,0.157999642066705,8.20639213825542,35,0.2,2,25.6291051685216,22.6814095443269,0.00177338870086184,0.00369216718184265,0.302804987091975,398,7124,1,"1","diploid","female"
"1193","0","0","0","0",0.113953143358231,2906.2021484375,"map_7124_1_2",5,70,300,20,5,4.89634131982531,0.1,9.90217614124695,0.145580681941656,8.38775074489,36,0.2,2,25.6291051685216,22.6814095443269,0.00142282502101185,0.00243873973168498,0.564383742151884,398,7124,1,"2","diploid","female"
"1194","0","0","0","0",0.113953143358231,2906.2021484375,"map_7124_1_3",5,70,300,20,5,2.86182496675728,0.1,8.07083716888538,0.133928503358646,7.28259966729556,160,0.2,2,25.6291051685216,22.6814095443269,0.000813223892371191,0.000211850616462337,0.412469009304574,398,7124,1,"3","diploid","female"
"1195","0","0","0","0",-0.349858462810516,3008.82250976562,"map_7136_1_1",5,70,300,20,5,3.92661795773076,0.1,11.4952195311393,0.237470281745445,4.69310345899121,34,0.2,2,60.9653057434234,22.5963671949351,0.00331597416619977,0.00684106357501469,0.252270653904688,399,7136,1,"1","diploid","female"
"1196","0","0","0","0",-0.349858462810516,3008.82250976562,"map_7136_1_2",5,70,300,20,5,4.63245731294602,0.1,11.6825956369568,0.346868343473297,1.77137514572827,48,0.2,2,60.9653057434234,22.5963671949351,0.00465744595646957,0.00584827633595163,0.292742696005966,399,7136,1,"2","diploid","female"
"1197","0","0","0","0",-0.349858462810516,3008.82250976562,"map_7136_1_3",5,70,300,20,5,4.80817209221825,0.1,8.06877783972254,0.103682288702098,7.48306335110121,42,0.2,2,60.9653057434234,22.5963671949351,0.000607090978505868,0.000155581968901507,0.610061034232212,399,7136,1,"3","diploid","female"
"1198","0","0","0","0",-0.0976355597376823,2880.83349609375,"map_7154_1_1",5,70,300,20,5,2.5741649900845,0.1,9.09418484805603,0.273507001966976,5.65268519037693,10,0.2,2,9.02015110969147,22.9427627571925,0.00274060495599718,0.00583466662185155,0.256981676508837,400,7154,1,"1","diploid","female"
"1199","0","0","0","0",-0.0976355597376823,2880.83349609375,"map_7154_1_2",5,70,300,20,5,3.91938103023493,0.1,7.30189638923316,0.348587905886654,5.97026292958644,6,0.2,2,9.02015110969147,22.9427627571925,0.00188134950305349,0.00161620133623413,0.460393614417992,400,7154,1,"2","diploid","female"
"1200","0","0","0","0",-0.0976355597376823,2880.83349609375,"map_7154_1_3",5,70,300,20,5,2.22140361238318,0.1,7.01644617774459,0.226203894506455,5.48716130008036,5,0.2,2,9.02015110969147,22.9427627571925,0.000982514812798293,0.000117555762657847,0.450265543745026,400,7154,1,"3","diploid","female"
"1201","0","0","0","0",0.213293075561523,2783.82641601562,"map_7155_1_1",5,70,300,20,5,1.66559786203496,0.1,17.6546075344628,0.311512606220269,3.7259250330862,69,0.2,2,8.65355888464522,23.1938566945056,0.0112790484895025,0.0482469668612323,0.108415131525807,401,7155,1,"1","diploid","female"
"1202","0","0","0","0",0.213293075561523,2783.82641601562,"map_7155_1_2",5,70,300,20,5,3.92670273609725,0.1,7.45292447849454,0.000365268727546951,0.00627221465896119,19,0.2,2,8.65355888464522,23.1938566945056,1.6675688841055e-06,1.1685194207606e-08,0.579932557100745,401,7155,1,"2","diploid","female"
"1203","0","0","0","0",0.213293075561523,2783.82641601562,"map_7155_1_3",5,70,300,20,5,0.816228493906056,0.1,6.89627756009277,0.113995965640435,1.51342370626031,115,0.2,2,8.65355888464522,23.1938566945056,0.000479015307712083,2.62929115946477e-05,0.34865727901147,401,7155,1,"3","diploid","female"
"1204","0","0","0","0",-0.57151734828949,2855.20532226562,"map_7226_1_1",5,70,300,20,5,2.48252220287979,0.1,11.0654382282274,0.213932220514829,4.315859311914,48,0.2,2,24.4095092917796,22.8946585692177,0.00323803182968451,0.00902339330861495,0.204043148103621,402,7226,1,"1","diploid","female"
"1205","0","0","0","0",-0.57151734828949,2855.20532226562,"map_7226_1_2",5,70,300,20,5,2.65314717529094,0.1,9.34344916663751,0.215702948608887,4.74387899456349,53,0.2,2,24.4095092917796,22.8946585692177,0.00213706557571805,0.00401647581382098,0.357949143254742,402,7226,1,"2","diploid","female"
"1206","0","0","0","0",-0.57151734828949,2855.20532226562,"map_7226_1_3",5,70,300,20,5,2.50976345150268,0.1,6.81004923069141,0.112853567529927,3.97287022626314,33,0.2,2,24.4095092917796,22.8946585692177,0.000456499409958977,1.11829751201687e-05,0.534825291711503,402,7226,1,"3","diploid","female"
"1207","0","0","0","0",-0.10548435151577,2962.33666992188,"map_7239_1_1",5,70,300,20,5,1.73944582871305,0.1,13.2056768133836,0.13779837876271,5.75116066743823,27,0.2,2,17.0172642095144,22.5974681892268,0.00225781175210388,0.00198773557720666,0.369355565392944,403,7239,1,"1","diploid","female"
"1208","0","0","0","0",-0.10548435151577,2962.33666992188,"map_7239_1_2",5,70,300,20,5,5.10977685476491,0.1,12.4475967176834,0.210862527029807,3.99074355257812,32,0.2,2,17.0172642095144,22.5974681892268,0.00281534920073069,0.000508652985474831,0.369488129611113,403,7239,1,"2","diploid","female"
"1209","0","0","0","0",-0.10548435151577,2962.33666992188,"map_7239_1_3",5,70,300,20,5,1.66554761157236,0.1,9.56256821906276,0.10966133602312,7.4436066490146,118,0.2,2,17.0172642095144,22.5974681892268,0.000868954690044162,0.000143473514055921,0.678590404795085,403,7239,1,"3","diploid","female"
"1210","0","0","0","0",0.263514459133148,3001.1533203125,"map_7240_1_1",5,70,300,20,5,5.38908569684294,0.1,12.55669089349,0.201609680069559,9.43543794645906,13,0.2,2,61.5838995328377,22.6070827830537,0.00372879709170683,0.0123554728469418,0.20444859930336,404,7240,1,"1","diploid","female"
"1211","0","0","0","0",0.263514459133148,3001.1533203125,"map_7240_1_2",5,70,300,20,5,9.23450541345816,0.1,13.4738582147398,0.300370963564527,4.41327417726795,11,0.2,2,61.5838995328377,22.6070827830537,0.00517562245018194,0.00686822218416463,0.356870989312524,404,7240,1,"2","diploid","female"
"1212","0","0","0","0",0.263514459133148,3001.1533203125,"map_7240_1_3",5,70,300,20,5,4.45636111228941,0.1,9.81124443049645,0.196511678210278,10.507353154078,13,0.2,2,61.5838995328377,22.6070827830537,0.0020604426529775,0.00424995367550306,0.300965338133513,404,7240,1,"3","diploid","female"
"1213","0","0","0","0",-0.118819072842598,3065.33813476562,"map_7241_1_1",5,70,300,20,5,3.34973382577879,0.1,8.44424734670319,0.147434946132894,11.1152339691329,23,0.2,2,59.7007776779986,21.0935291298732,0.00104019815085989,0.000798321801688526,0.374618832931654,405,7241,1,"1","diploid","female"
"1214","0","0","0","0",-0.118819072842598,3065.33813476562,"map_7241_1_2",5,70,300,20,5,7.38838974001438,0.1,10.5184679790024,0.215630478241885,7.62610948364152,30,0.2,2,59.7007776779986,21.0935291298732,0.00254111796067483,0.00387841915770117,0.362874223213998,405,7241,1,"2","diploid","female"
"1215","0","0","0","0",-0.118819072842598,3065.33813476562,"map_7241_1_3",5,70,300,20,5,3.05276325021079,0.1,7.73379141434904,0.109472297800402,11.3991297907727,112,0.2,2,59.7007776779986,21.0935291298732,0.000599238632645019,0.000135815251071468,0.456364151820918,405,7241,1,"3","diploid","female"
"1216","0","0","0","0",0.319468706846237,2893.60375976562,"map_7258_1_1",5,70,300,20,5,2.66508743787797,0.1,8.60347607981823,0.243773626304107,7.53074472954354,18,0.2,2,7.69309925997128,22.6433440722765,0.00196630439993954,0.00353999785832219,0.325192794273357,406,7258,1,"1","diploid","female"
"1217","0","0","0","0",0.319468706846237,2893.60375976562,"map_7258_1_2",5,70,300,20,5,5.58468506386264,0.1,6.7167014737098,0.527925024260014,6.58828085302356,28,0.2,2,7.69309925997128,22.6433440722765,0.00222753909518971,0.00083168104314598,0.618675747710338,406,7258,1,"2","diploid","female"
"1218","0","0","0","0",0.319468706846237,2893.60375976562,"map_7258_1_3",5,70,300,20,5,2.15993290953243,0.1,7.87081344145928,0.106705016673162,7.00027327158576,28,0.2,2,7.69309925997128,22.6433440722765,0.00062933747498136,0.000252855251882709,0.497139554683801,406,7258,1,"3","diploid","female"
"1219","0","0","0","0",0.181136384606361,2802.94482421875,"map_7259_1_1",5,70,300,20,5,1.67627572672475,0.1,13.654368896302,0.30764812607255,4.07017952189212,41,0.2,2,8.36936958653982,23.2838257866708,0.00692512640520926,0.0274887427455044,0.144745419129846,407,7259,1,"1","diploid","female"
"1220","0","0","0","0",0.181136384606361,2802.94482421875,"map_7259_1_2",5,70,300,20,5,4.128679941172,0.1,6.62147861451507,0.0380249155485093,3.64163203209172,12,0.2,2,8.36936958653982,23.2838257866708,0.000148905358810409,1.04142716008719e-06,0.854657373429582,407,7259,1,"2","diploid","female"
"1221","0","0","0","0",0.181136384606361,2802.94482421875,"map_7259_1_3",5,70,300,20,5,0.916212009057275,0.1,7.28415937590812,0.151549808542984,3.05572134680438,40,0.2,2,8.36936958653982,23.2838257866708,0.000767429423815626,0.000246194661935032,0.46849156540457,407,7259,1,"3","diploid","female"
"1222","0","0","0","0",-0.456278055906296,2925.91333007812,"map_7342_1_1",5,70,300,20,5,3.23962144503728,0.1,8.57905703510666,0.127617773646546,5.64337957144253,8,0.2,2,9.72447036226525,22.5975003057672,0.000964431444551346,0.000792251371888996,0.431531083750394,408,7342,1,"1","diploid","female"
"1223","0","0","0","0",-0.456278055906296,2925.91333007812,"map_7342_1_2",5,70,300,20,5,3.34790038163487,0.1,11.2871927440413,0.137608121741274,5.37418351025285,7,0.2,2,9.72447036226525,22.5975003057672,0.00168703028332917,0.00200631917141018,0.534219286669263,408,7342,1,"2","diploid","female"
"1224","0","0","0","0",-0.456278055906296,2925.91333007812,"map_7342_1_3",5,70,300,20,5,3.99548559271664,0.1,6.88188020751986,0.104914012515772,5.59599447673688,5,0.2,2,9.72447036226525,22.5975003057672,0.000447830052493662,8.17342410009936e-06,0.614722351421048,408,7342,1,"3","diploid","female"
"1225","0","0","0","0",-0.419420510530472,2963.68798828125,"map_7343_1_1",5,70,300,20,5,2.28042324130009,0.1,8.13705180970481,0.138669131593395,5.30314027301764,27,0.2,2,9.45885302128883,22.5923629583314,0.000851351018370322,0.000349909019822658,0.371852893802404,409,7343,1,"1","diploid","female"
"1226","0","0","0","0",-0.419420510530472,2963.68798828125,"map_7343_1_2",5,70,300,20,5,3.62853965147341,0.1,9.18080750326956,0.141376351804032,3.99870291448334,29,0.2,2,9.45885302128883,22.5923629583314,0.00108130951751601,0.000447074219310816,0.446651272354283,409,7343,1,"2","diploid","female"
"1227","0","0","0","0",-0.419420510530472,2963.68798828125,"map_7343_1_3",5,70,300,20,5,2.59898259525782,0.1,7.24222808241848,0.0440418737757914,6.14449861233188,98,0.2,2,9.45885302128883,22.5923629583314,0.000196136572399248,1.84719492084374e-06,0.65450065170436,409,7343,1,"3","diploid","female"
"1228","0","0","0","0",-0.227719068527222,3005.44458007812,"map_7344_1_1",5,70,300,20,5,4.16610706824994,0.1,10.0700901718865,0.12839707742953,7.31707277869958,28,0.2,2,34.9067039085781,22.5977251194376,0.0013151934510182,0.00193616500783474,0.355187677805141,410,7344,1,"1","diploid","female"
"1229","0","0","0","0",-0.227719068527222,3005.44458007812,"map_7344_1_2",5,70,300,20,5,4.74630069015758,0.1,10.0917837755882,0.154510839203509,7.55372431354227,29,0.2,2,34.9067039085781,22.5977251194376,0.00144759642459007,0.00110467116082103,0.596292017152624,410,7344,1,"2","diploid","female"
"1230","0","0","0","0",-0.227719068527222,3005.44458007812,"map_7344_1_3",5,70,300,20,5,5.23782419801284,0.1,8.27455633693679,0.100401872175694,8.20791295943464,115,0.2,2,34.9067039085781,22.5977251194376,0.000595526692250021,5.0338010399312e-05,0.543307177622822,410,7344,1,"3","diploid","female"
"1231","0","0","0","0",-0.152656435966492,3059.2724609375,"map_7345_1_1",5,70,300,20,5,2.60268876681026,0.1,6.92401242551212,0.242085601608522,9.55704942449919,6,0.2,2,37.4921294850764,21.0657184322015,0.0010437733420025,0.000168779379622532,0.41249889156486,411,7345,1,"1","diploid","female"
"1232","0","0","0","0",-0.152656435966492,3059.2724609375,"map_7345_1_2",5,70,300,20,5,5.58599789025874,0.1,7.6831182151385,0.328124211705735,6.63628661106158,5,0.2,2,37.4921294850764,21.0657184322015,0.00186715953303287,0.000993344612978358,0.44040810971049,411,7345,1,"2","diploid","female"
"1233","0","0","0","0",-0.152656435966492,3059.2724609375,"map_7345_1_3",5,70,300,20,5,2.55528998988318,0.1,6.91490322219341,0.14053170024728,10.0954290713227,4,0.2,2,37.4921294850764,21.0657184322015,0.000581562390928539,2.25069766306845e-05,0.504209988871507,411,7345,1,"3","diploid","female"
"1234","0","0","0","0",0.401717782020569,2917.31005859375,"map_7362_1_1",5,70,300,20,5,2.29852826114899,0.1,7.40775854975307,0.326203424837751,9.25082217232142,8,0.2,2,9.39665624255506,22.6059298742385,0.00195207064001485,0.00193071759553301,0.413197913986449,412,7362,1,"1","diploid","female"
"1235","0","0","0","0",0.401717782020569,2917.31005859375,"map_7362_1_2",5,70,300,20,5,6.35511809536774,0.1,6.64155495706163,0.536701068235559,6.86924920820516,7,0.2,2,9.39665624255506,22.6059298742385,0.00212709035334883,0.000410715789879036,0.611082609535379,412,7362,1,"2","diploid","female"
"1236","0","0","0","0",0.401717782020569,2917.31005859375,"map_7362_1_3",5,70,300,20,5,1.76140665225647,0.1,6.06659885421056,0.299387489181776,8.89995503460485,6,0.2,2,9.39665624255506,22.6059298742385,0.0010055854452726,0.000222101698716466,0.570622709615246,412,7362,1,"3","diploid","female"
"1237","0","0","0","0",-0.622573792934418,2886.09912109375,"map_7446_1_1",5,70,300,20,5,2.74664368467118,0.1,13.3864178416915,0.127121562016787,3.91730319562338,9,0.2,2,9.23882143226672,22.5748890024483,0.00234989520701337,0.00428931780128982,0.402186551789939,413,7446,1,"1","diploid","female"
"1238","0","0","0","0",-0.622573792934418,2886.09912109375,"map_7446_1_2",5,70,300,20,5,2.70741571881123,0.1,13.9207589707689,0.259386162712828,2.00878690053404,12,0.2,2,9.23882143226672,22.5748890024483,0.00483986349181052,0.00913375844491345,0.381255397409229,413,7446,1,"2","diploid","female"
"1239","0","0","0","0",-0.622573792934418,2886.09912109375,"map_7446_1_3",5,70,300,20,5,3.17808508617555,0.1,6.96650604643954,0.0653016821530192,4.00542139669236,7,0.2,2,9.23882143226672,22.5748890024483,0.000278184465491473,4.65552850032001e-06,0.728798639189127,413,7446,1,"3","diploid","female"
"1240","0","0","0","0",-0.675151586532593,2929.10180664062,"map_7447_1_1",5,70,300,20,5,2.79869986955545,0.1,9.05951102733288,0.182438990401841,4.45844555197351,9,0.2,2,8.96399979892363,22.6230119259518,0.00152291277064799,0.00167749690071771,0.290050939488287,414,7447,1,"1","diploid","female"
"1241","0","0","0","0",-0.675151586532593,2929.10180664062,"map_7447_1_2",5,70,300,20,5,2.93199820739231,0.1,9.59672244767386,0.324964870873786,3.00900173972591,11,0.2,2,8.96399979892363,22.6230119259518,0.00310366047031694,0.00270727057757104,0.325915677738708,414,7447,1,"2","diploid","female"
"1242","0","0","0","0",-0.675151586532593,2929.10180664062,"map_7447_1_3",5,70,300,20,5,3.69162820630237,0.1,6.77646294839999,0.106385105820317,4.97463475295722,5,0.2,2,8.96399979892363,22.6230119259518,0.0004090952079973,7.33292035854003e-07,0.644337149614649,414,7447,1,"3","diploid","female"
"1243","0","0","0","0",-0.327683120965958,2978.15502929688,"map_7448_1_1",5,70,300,20,5,2.63553910386916,0.1,6.21526726557656,0.306922907734794,8.99896167785422,4,0.2,2,35.4592337172689,21.0636143816402,0.00114307313073915,0.000464078374166322,0.497164321976326,415,7448,1,"1","diploid","female"
"1244","0","0","0","0",-0.327683120965958,2978.15502929688,"map_7448_1_2",5,70,300,20,5,3.93353082387124,0.1,7.52579022794343,0.518005515826902,7.02675925376556,5,0.2,2,35.4592337172689,21.0636143816402,0.00403079413849182,0.01224669487305,0.468736854919654,415,7448,1,"2","diploid","female"
"1245","0","0","0","0",-0.327683120965958,2978.15502929688,"map_7448_1_3",5,70,300,20,5,2.99974065691277,0.1,5.98204204130368,0.164765862467513,7.36548430525049,2,0.2,2,35.4592337172689,21.0636143816402,0.000526191834481054,1.00882913316072e-05,0.592734904046907,415,7448,1,"3","diploid","female"
"1246","0","0","0","0",-0.175748720765114,3046.1513671875,"map_7449_1_1",5,70,300,20,5,5.91480811845218,0.1,9.20409200159846,0.119485137703186,9.37349527599222,6,0.2,2,35.5386411589246,21.0568292159443,0.000981966312354088,0.000333537782175813,0.491269033891249,416,7449,1,"1","diploid","female"
"1247","0","0","0","0",-0.175748720765114,3046.1513671875,"map_7449_1_2",5,70,300,20,5,4.56940766935883,0.1,10.1293381010871,0.207501889643704,6.7479337989731,7,0.2,2,35.5386411589246,21.0568292159443,0.00208453401194409,0.0026372871368824,0.39243486114445,416,7449,1,"2","diploid","female"
"1248","0","0","0","0",-0.175748720765114,3046.1513671875,"map_7449_1_3",5,70,300,20,5,7.2509419455945,0.1,7.50057714541565,0.0825954856470376,9.64514260279387,6,0.2,2,35.5386411589246,21.0568292159443,0.000425970903019889,2.99276952123644e-05,0.389899881138654,416,7449,1,"3","diploid","female"
"1249","0","0","0","0",-0.115989916026592,3127.62475585938,"map_7450_1_1",5,70,300,20,5,2.74500298972581,0.1,7.81285634171358,0.21083639845481,9.87631157521231,13,0.2,2,39.1654043308524,21.071268852631,0.00120127725633303,0.000216109613900557,0.293041224679716,417,7450,1,"1","diploid","female"
"1250","0","0","0","0",-0.115989916026592,3127.62475585938,"map_7450_1_2",5,70,300,20,5,6.25220928613901,0.1,7.41701645840004,0.325390115901483,6.08045410319234,13,0.2,2,39.1654043308524,21.071268852631,0.00161850619636507,0.000261244012777444,0.385162117392458,417,7450,1,"2","diploid","female"
"1251","0","0","0","0",-0.115989916026592,3127.62475585938,"map_7450_1_3",5,70,300,20,5,2.44253407679244,0.1,6.65319621228316,0.135280916913843,10.4669678770574,13,0.2,2,39.1654043308524,21.071268852631,0.000506525438863694,6.85007483718321e-06,0.603279524208015,417,7450,1,"3","diploid","female"
"1252","0","0","0","0",-0.00405535567551851,2933.82006835938,"map_7466_1_1",5,70,300,20,5,4.33211721576465,0.1,7.12481654524113,0.34667034699951,7.57405175318679,11,0.2,2,8.90060480304087,22.6120982101457,0.00202609154671317,0.00141827516388513,0.433831201644045,418,7466,1,"1","diploid","female"
"1253","0","0","0","0",-0.00405535567551851,2933.82006835938,"map_7466_1_2",5,70,300,20,5,4.6401856440422,0.1,5.66235615858093,0.722204668623625,8.11218586827293,11,0.2,2,8.90060480304087,22.6120982101457,0.00215358135084749,0.000651072790239764,0.767250760632689,418,7466,1,"2","diploid","female"
"1254","0","0","0","0",-0.00405535567551851,2933.82006835938,"map_7466_1_3",5,70,300,20,5,4.78423779404792,0.1,6.29248025975587,0.325463607364394,7.92781729457721,6,0.2,2,8.90060480304087,22.6120982101457,0.0012083848011448,8.90841517114603e-05,0.564417821139069,418,7466,1,"3","diploid","female"
"1255","0","0","0","0",-0.445549845695496,2891.02026367188,"map_7551_1_1",5,70,300,20,5,3.1219773742795,0.1,10.2267086463092,0.147291380015448,5.02676890037411,17,0.2,2,9.45384240031638,22.5890318510408,0.00162851828512284,0.00265692657308828,0.320091708110357,419,7551,1,"1","diploid","female"
"1256","0","0","0","0",-0.445549845695496,2891.02026367188,"map_7551_1_2",5,70,300,20,5,3.07521318952189,0.1,10.907812456815,0.177465429127074,4.81070178414681,17,0.2,2,9.45384240031638,22.5890318510408,0.00233445028946102,0.00549491896566729,0.430268806226642,419,7551,1,"2","diploid","female"
"1257","0","0","0","0",-0.445549845695496,2891.02026367188,"map_7551_1_3",5,70,300,20,5,3.49475494634578,0.1,7.09812628580785,0.0728619251018689,4.61844638909356,19,0.2,2,9.45384240031638,22.5890318510408,0.000317125289073249,7.91218630246121e-06,0.678349565052177,419,7551,1,"3","diploid","female"
"1258","0","0","0","0",-0.237847939133644,2959.94506835938,"map_7552_1_1",5,70,300,20,5,5.27627528048115,0.1,8.17831841278417,0.158263012733018,7.97981045971247,7,0.2,2,35.0630679225605,21.0990075146241,0.000999212402020678,0.000573019063736245,0.354998446780622,420,7552,1,"1","diploid","female"
"1259","0","0","0","0",-0.237847939133644,2959.94506835938,"map_7552_1_2",5,70,300,20,5,3.71034361958917,0.1,11.3560000183568,0.233738753525859,5.07010164364006,10,0.2,2,35.0630679225605,21.0990075146241,0.00359151956672982,0.0115618758075659,0.251094396860173,420,7552,1,"2","diploid","female"
"1260","0","0","0","0",-0.237847939133644,2959.94506835938,"map_7552_1_3",5,70,300,20,5,6.21764404952027,0.1,7.64513635437493,0.0592330106019058,7.35030707273653,6,0.2,2,35.0630679225605,21.0990075146241,0.000296655999763373,8.07066909526164e-06,0.53017601112666,420,7552,1,"3","diploid","female"
"1261","0","0","0","0",0.102394387125969,2956.06811523438,"map_7570_1_1",5,70,300,20,5,4.77573040514094,0.1,10.6484273380489,0.182146456257702,6.22963511503771,31,0.2,2,9.50710774300948,22.5971956622693,0.00182614487659137,0.000586527233584167,0.45820424457336,421,7570,1,"1","diploid","female"
"1262","0","0","0","0",0.102394387125969,2956.06811523438,"map_7570_1_2",5,70,300,20,5,5.23766006603209,0.1,9.99701281253452,0.235390460666784,4.4582453262589,23,0.2,2,9.50710774300948,22.5971956622693,0.00202103046528246,0.0004311738251472,0.556868972191301,421,7570,1,"2","diploid","female"
"1263","0","0","0","0",0.102394387125969,2956.06811523438,"map_7570_1_3",5,70,300,20,5,5.3447064477321,0.1,7.65918381285807,0.15446998611926,8.63362213485468,111,0.2,2,9.50710774300948,22.5971956622693,0.000803927274590632,7.38832377875582e-05,0.410531524699971,421,7570,1,"3","diploid","female"
"1264","0","0","0","0",0.0758097767829895,2760.29296875,"map_7572_1_1",5,70,300,20,5,0,0.1,11.7799970908671,0.23121278921864,2.40593034845555,16,0.2,2,8.83464979382844,23.2848235623517,0.00396906055306904,0.0132699851319363,0.169905894381294,422,7572,1,"1","diploid","female"
"1265","0","0","0","0",0.0758097767829895,2760.29296875,"map_7572_1_2",5,70,300,20,5,0,0.1,50.657999371416,2.83551361833912e-16,0,4,0.2,2,8.83464979382844,23.2848235623517,5.71600484622669e-17,2.83551361833912e-16,0.315401641770252,422,7572,1,"2","diploid","female"
"1266","0","0","0","0",0.0758097767829895,2760.29296875,"map_7572_1_3",5,70,300,20,5,0.865639316443429,0.1,8.25958943784811,0.0351707288170478,0.359805125499765,5,0.2,2,8.83464979382844,23.2848235623517,0.00022013259426224,2.09195186077921e-05,0.653337692459594,422,7572,1,"3","diploid","female"
"1267","0","0","0","0",-0.587381541728973,2858.2685546875,"map_7655_1_1",5,70,300,20,5,1.30036779267589,0.1,12.6433482077737,0.189028697013851,3.51344492722883,46,0.2,2,8.73198629186745,23.1553230264522,0.00352264735051559,0.0119648335166884,0.26039237598369,423,7655,1,"1","diploid","female"
"1268","0","0","0","0",-0.587381541728973,2858.2685546875,"map_7655_1_2",5,70,300,20,5,2.94099534257802,0.1,11.3900046429577,0.193142370871462,3.38465901580277,44,0.2,2,8.73198629186745,23.1553230264522,0.00251114131060278,0.00460865020794168,0.438049651250179,423,7655,1,"2","diploid","female"
"1269","0","0","0","0",-0.587381541728973,2858.2685546875,"map_7655_1_3",5,70,300,20,5,1.21659172171943,0.1,7.98786637788733,0.0934629595784844,3.78056956971437,97,0.2,2,8.73198629186745,23.1553230264522,0.000508353030557943,3.54142588913577e-06,0.645279761223374,423,7655,1,"3","diploid","female"
"1270","0","0","0","0",-0.332930892705917,2923.0244140625,"map_7656_1_1",5,70,300,20,5,5.03957251775257,0.1,7.53949794054488,0.198641765917463,7.98069829952415,8,0.2,2,36.012689392432,20.6950836413986,0.00106131949661962,0.000643609593946119,0.366976581242397,424,7656,1,"1","diploid","female"
"1271","0","0","0","0",-0.332930892705917,2923.0244140625,"map_7656_1_2",5,70,300,20,5,3.09868467692141,0.1,10.5404761441148,0.350709694575053,3.90170905713556,16,0.2,2,36.012689392432,20.6950836413986,0.00501050871767877,0.0156293923943311,0.215274800633532,424,7656,1,"2","diploid","female"
"1272","0","0","0","0",-0.332930892705917,2923.0244140625,"map_7656_1_3",5,70,300,20,5,5.6438691675934,0.1,7.27474633050882,0.0117473903970281,2.77582243087376,5,0.2,2,36.012689392432,20.6950836413986,5.3137174472262e-05,8.89527946396862e-07,1.03651084021302,424,7656,1,"3","diploid","female"
"1273","0","0","0","0",-0.24688333272934,2998.6494140625,"map_7673_1_1",5,70,300,20,5,4.43623595612042,0.1,12.4739811841509,0.15375020406159,5.55523555113694,23,0.2,2,58.4316224544943,22.3941069124545,0.00239056373777085,0.00363742232631012,0.364234579090222,425,7673,1,"1","diploid","female"
"1274","0","0","0","0",-0.24688333272934,2998.6494140625,"map_7673_1_2",5,70,300,20,5,5.03285085054647,0.1,10.1570858941287,0.46282512225373,1.61518657934979,72,0.2,2,58.4316224544943,22.3941069124545,0.00454811954271029,0.00537025131024342,0.295339159049688,425,7673,1,"2","diploid","female"
"1275","0","0","0","0",-0.24688333272934,2998.6494140625,"map_7673_1_3",5,70,300,20,5,5.13153251174442,0.1,8.19761252080885,0.0961789069793776,7.85248340824883,31,0.2,2,58.4316224544943,22.3941069124545,0.00058868279844289,0.000142907777916237,0.472151803439429,425,7673,1,"3","diploid","female"
"1276","0","0","0","0",-0.28179332613945,2955.81298828125,"map_7674_1_1",5,70,300,20,5,2.6248924018645,0.1,8.134498531753,0.149258915189282,5.88108047486913,13,0.2,2,9.163716847603,22.3603051630233,0.000973270218811997,0.000434917446955437,0.43769188082562,426,7674,1,"1","diploid","female"
"1277","0","0","0","0",-0.28179332613945,2955.81298828125,"map_7674_1_2",5,70,300,20,5,3.98718702671214,0.1,7.20552368380003,0.338540426694454,5.23147936171816,22,0.2,2,9.163716847603,22.3603051630233,0.00162076500101887,0.00052100261577334,0.653358435861944,426,7674,1,"2","diploid","female"
"1278","0","0","0","0",-0.28179332613945,2955.81298828125,"map_7674_1_3",5,70,300,20,5,2.81781432327911,0.1,7.5442491268533,0.0730741481969852,6.46223604733904,15,0.2,2,9.163716847603,22.3603051630233,0.000360368540342981,9.79620323923638e-06,0.526967040502797,426,7674,1,"3","diploid","female"
"1279","0","0","0","0",-0.0311179719865322,2763.06176757812,"map_7676_1_1",5,70,300,20,5,0,0.1,14.4961759907055,0.383752543197585,1.57346358158482,24,0.2,2,9.66793777372849,23.1997249810271,0.00961502492342602,0.0370246207698521,0.168396034601299,427,7676,1,"1","diploid","female"
"1280","0","0","0","0",-0.0311179719865322,2763.06176757812,"map_7676_1_2",5,70,300,20,5,0,0.1,10.1784999531174,2.43067708468862e-06,1.6926258635809e-06,4,0.2,2,9.66793777372849,23.1997249810271,2.0807702549778e-08,5.37994360584458e-09,1.15230508063633,427,7676,1,"2","diploid","female"
"1281","0","0","0","0",-0.0311179719865322,2763.06176757812,"map_7676_1_3",5,70,300,20,5,0,0.1,5.97581799460455,0.183209540738752,0.602710551020837,6,0.2,2,9.66793777372849,23.1997249810271,0.000578307655961347,2.49445450677041e-05,0.563123039687413,427,7676,1,"3","diploid","female"
"1282","0","0","0","0",-0.207769855856895,2833.95922851562,"map_7759_1_1",5,70,300,20,5,3.00531123132153,0.1,16.4512847313461,0.328991576169783,2.37800478670887,19,0.2,2,3.9705898465335,23.1467527070579,0.00890796460942606,0.0238980818263019,0.188532327245703,428,7759,1,"1","diploid","female"
"1283","0","0","0","0",-0.207769855856895,2833.95922851562,"map_7759_1_2",5,70,300,20,5,3.1855997547194,0.1,6.37502213882494,1.16219230699898,3.24956386253412,95,0.2,2,3.9705898465335,23.1467527070579,0.00470074458788243,0.0055198574673669,0.997335185327525,428,7759,1,"2","diploid","female"
"1284","0","0","0","0",-0.207769855856895,2833.95922851562,"map_7759_1_3",5,70,300,20,5,2.56617251786533,0.1,6.45786151993046,0.130631193597864,2.90125864073299,8,0.2,2,3.9705898465335,23.1467527070579,0.000519765914104563,2.88912398534778e-05,0.436463271346462,428,7759,1,"3","diploid","female"
"1285","0","0","0","0",-0.338007837533951,2939.56616210938,"map_7778_1_1",5,70,300,20,5,1.48902314775463,0.1,8.34596644793784,0.511584732809582,2.62554651340277,54,0.2,2,9.37007816800495,22.3729851111225,0.00307612316346646,0.000950336581419035,0.601415771655545,429,7778,1,"1","diploid","female"
"1286","0","0","0","0",-0.338007837533951,2939.56616210938,"map_7778_1_2",5,70,300,20,5,4.08378212352522,0.1,9.20841195977284,0.146088222251576,6.06301957302614,24,0.2,2,9.37007816800495,22.3729851111225,0.00122411523414216,0.00123785171670178,2.26875124208186,429,7778,1,"2","diploid","female"
"1287","0","0","0","0",-0.338007837533951,2939.56616210938,"map_7778_1_3",5,70,300,20,5,1.46636057913196,0.1,7.05912485408388,0.106649452667156,6.30184404887082,94,0.2,2,9.37007816800495,22.3729851111225,0.00046815946723205,7.65260675498048e-06,1.08577672327972,429,7778,1,"3","diploid","female"
"1288","0","0","0","0",-0.0184993930160999,2843.47412109375,"map_7779_1_1",5,70,300,20,5,3.33328852071903,0.1,11.8191916978333,0.264563689556871,4.67658632653922,51,0.2,2,9.68324194888142,23.1998800169986,0.00468245431262929,0.0206303946917824,0.192860274187592,430,7779,1,"1","diploid","female"
"1289","0","0","0","0",-0.0184993930160999,2843.47412109375,"map_7779_1_2",5,70,300,20,5,3.74536140120916,0.1,8.05362511952872,0.27638212810894,5.23686009830719,35,0.2,2,9.68324194888142,23.1998800169986,0.0018394775311725,0.00185902868557341,0.408254335907752,430,7779,1,"2","diploid","female"
"1290","0","0","0","0",-0.0184993930160999,2843.47412109375,"map_7779_1_3",5,70,300,20,5,2.77359664521923,0.1,7.92851543355976,0.129764829971179,4.32089532943443,104,0.2,2,9.68324194888142,23.1998800169986,0.000748314052287444,0.00018678654498033,0.422917454065362,430,7779,1,"3","diploid","female"
"1291","0","0","0","0",0.0785531774163246,2766.04858398438,"map_7780_1_1",5,70,300,20,5,0,0.1,17.6496288700895,0.258203180541738,2.30286282610877,45,0.2,2,9.18697266055401,23.2144415022131,0.00880547010505143,0.0342128589535984,0.14956068616806,431,7780,1,"1","diploid","female"
"1292","0","0","0","0",0.0785531774163246,2766.04858398438,"map_7780_1_2",5,70,300,20,5,0,0.1,5.05808076608403,3.54660595877577e-05,2.82669632831437e-05,12,0.2,2,9.18697266055401,23.2144415022131,7.31655975192489e-08,1.03492323751519e-09,1.7992950494124,431,7780,1,"2","diploid","female"
"1293","0","0","0","0",0.0785531774163246,2766.04858398438,"map_7780_1_3",5,70,300,20,5,0,0.1,8.00506256777576,0.0394146739533671,0.731102294943523,30,0.2,2,9.18697266055401,23.2144415022131,0.0002268965714421,1.085901040783e-05,0.416759577225277,431,7780,1,"3","diploid","female"
"1294","0","0","0","0",0.207418069243431,2854.47290039062,"map_7883_1_1",5,70,300,20,5,3.95071655753533,0.1,9.39909005863175,0.35097637828649,5.94848389396521,14,0.2,2,12.8337237324033,23.2418235681646,0.00398749752558284,0.0102524907602478,0.17494447567896,432,7883,1,"1","diploid","female"
"1295","0","0","0","0",0.207418069243431,2854.47290039062,"map_7883_1_2",5,70,300,20,5,4.47124003025634,0.1,6.67616188933396,0.489386651885955,5.945086738493,8,0.2,2,12.8337237324033,23.2418235681646,0.00214393970487999,0.000964479265594028,0.343685397825341,432,7883,1,"2","diploid","female"
"1296","0","0","0","0",0.207418069243431,2854.47290039062,"map_7883_1_3",5,70,300,20,5,3.22414710583863,0.1,6.40114746332483,0.355108545275105,5.56460813059982,8,0.2,2,12.8337237324033,23.2418235681646,0.00140357763170317,0.000584292158259557,0.375813162221423,432,7883,1,"3","diploid","female"
"1297","0","0","0","0",-0.556280076503754,3114.60791015625,"map_7935_1_1",5,70,300,20,5,0,0.1,17.6548293533379,0.380538934845304,5.54474356359047,228,0.2,2,196.169216422148,21.272579729623,0.0129310001371965,0.0441917339644767,0.179441059221533,433,7935,1,"1","diploid","female"
"1298","0","0","0","0",-0.556280076503754,3114.60791015625,"map_7935_1_2",5,70,300,20,5,19.8539849545015,0.1,19.5090592209775,0.635540587345311,2.68103111819347,344,0.2,2,196.169216422148,21.272579729623,0.0267549920182926,0.146303507242804,0.170086257127973,433,7935,1,"2","diploid","female"
"1299","0","0","0","0",-0.556280076503754,3114.60791015625,"map_7935_1_3",5,70,300,20,5,0,0.1,11.3961300838027,0.290472975714743,9.52362757324141,212,0.2,2,196.169216422148,21.272579729623,0.00391764694577529,0.00661173530496898,0.332845641568066,433,7935,1,"3","diploid","female"
"1300","0","0","0","0",-0.979458689689636,3119.40649414062,"map_7936_1_1",5,70,300,20,5,4.07045166693452,0.1,19.0185157736628,0.205600892207006,7.10607770557118,50,0.2,2,210.040138548791,21.2579274753135,0.00846916238374518,0.041950544727951,0.151147133346438,434,7936,1,"1","diploid","female"
"1301","0","0","0","0",-0.979458689689636,3119.40649414062,"map_7936_1_2",5,70,300,20,5,4.38310817664829,0.1,19.5857886116611,0.47596007471482,2.1486866999097,145,0.2,2,210.040138548791,21.2579274753135,0.0178954982648499,0.0718094058499916,0.120227458957618,434,7936,1,"2","diploid","female"
"1302","0","0","0","0",-0.979458689689636,3119.40649414062,"map_7936_1_3",5,70,300,20,5,3.78063713791565,0.1,9.5353000779175,0.0971935410265148,6.35855071384091,141,0.2,2,210.040138548791,21.2579274753135,0.00103801278110799,0.00233363849691299,0.413069872623396,434,7936,1,"3","diploid","female"
"1303","0","0","0","0",0.252924978733063,2846.78369140625,"map_7948_1_1",5,70,300,20,5,0,0.1,16.3455898532033,0.341140734587286,3.79070795058453,16,0.2,2,76.3828204430615,22.9325996834046,0.0111261440116946,0.0618121111227418,0.108878536528403,435,7948,1,"1","diploid","female"
"1304","0","0","0","0",0.252924978733063,2846.78369140625,"map_7948_1_2",5,70,300,20,5,0,0.1,13.4364976031797,0.469824007134127,5.27637673142774,10,0.2,2,76.3828204430615,22.9325996834046,0.0111418788256376,0.0470341286493085,0.137068047746288,435,7948,1,"2","diploid","female"
"1305","0","0","0","0",0.252924978733063,2846.78369140625,"map_7948_1_3",5,70,300,20,5,3.55494068939518,0.1,11.7586630692528,0.287710402475485,4.03552052850758,8,0.2,2,76.3828204430615,22.9325996834046,0.00466144712658126,0.0148248763986036,0.196883703417387,435,7948,1,"3","diploid","female"
"1306","0","0","0","0",0.545628726482391,2773.4130859375,"map_7949_1_1",5,70,300,20,5,0,0.1,15.9822930951062,0.273967402212445,2.18936149749588,78,0.2,2,77.8118819731018,22.912478963402,0.0074985948662702,0.0203561092779799,0.105035952266601,436,7949,1,"1","diploid","female"
"1307","0","0","0","0",0.545628726482391,2773.4130859375,"map_7949_1_2",5,70,300,20,5,0,0.1,50.7130578128992,1.23079185075073e-14,0,20,0.2,2,77.8118819731018,22.912478963402,2.48651402159734e-15,1.23079185075073e-14,0.302534178655865,436,7949,1,"2","diploid","female"
"1308","0","0","0","0",0.545628726482391,2773.4130859375,"map_7949_1_3",5,70,300,20,5,0,0.1,13.9765338009575,0.0799652525648198,0.589040407577134,131,0.2,2,77.8118819731018,22.912478963402,0.0016745664007518,0.0037165175253284,0.122702351703704,436,7949,1,"3","diploid","female"
"1309","0","0","0","0",-0.0963422134518623,2954.45141601562,"map_7986_1_1",5,70,300,20,5,3.01456112028054,0.1,6.52193582909595,0.688395107426042,6.53173799857259,42,0.2,2,11.561352915344,22.3528001707126,0.00269025635106097,0.00154872073765708,0.982004438610214,437,7986,1,"1","diploid","female"
"1310","0","0","0","0",-0.0963422134518623,2954.45141601562,"map_7986_1_2",5,70,300,20,5,4.54271453959375,0.1,5.59596963584513,1.42250586505232,6.03662500686025,16,0.2,2,11.561352915344,22.3528001707126,0.0040223313579098,0.00182122982788262,1.53194678898491,437,7986,1,"2","diploid","female"
"1311","0","0","0","0",-0.0963422134518623,2954.45141601562,"map_7986_1_3",5,70,300,20,5,3.05370246992294,0.1,6.47810548241361,0.145232224191454,6.69190249977859,21,0.2,2,11.561352915344,22.3528001707126,0.000516867712162166,2.76318302982972e-05,0.953824033762769,437,7986,1,"3","diploid","female"
"1312","0","0","0","0",-0.0488034151494503,2862.42529296875,"map_7987_1_1",5,70,300,20,5,2.49522100012325,0.1,9.73557059672325,0.458780312540505,3.19282630311661,36,0.2,2,12.6100975553756,23.2205666471293,0.00482072326675915,0.0131450831112011,0.432313131243678,438,7987,1,"1","diploid","female"
"1313","0","0","0","0",-0.0488034151494503,2862.42529296875,"map_7987_1_2",5,70,300,20,5,3.9583928179956,0.1,6.90197673421641,0.945132169135018,2.3544922179784,81,0.2,2,12.6100975553756,23.2205666471293,0.00431376981239685,0.00463152511926189,0.938206240507716,438,7987,1,"2","diploid","female"
"1314","0","0","0","0",-0.0488034151494503,2862.42529296875,"map_7987_1_3",5,70,300,20,5,1.9879942502353,0.1,8.27818169680777,0.164295526764779,4.82976967837685,15,0.2,2,12.6100975553756,23.2205666471293,0.000994823518161298,0.000274546328868428,0.579163208959496,438,7987,1,"3","diploid","female"
"1315","0","0","0","0",-0.787878811359406,3053.568359375,"map_8041_1_1",5,70,300,20,5,4.12181426801528,0.1,16.1115941577939,0.288764963360479,6.15285928959813,174,0.2,2,203.739392099982,21.7841756552425,0.00884803228705425,0.0369342535492221,0.217245855136292,439,8041,1,"1","diploid","female"
"1316","0","0","0","0",-0.787878811359406,3053.568359375,"map_8041_1_2",5,70,300,20,5,4.74564717596068,0.1,14.6185096647882,0.699910186816046,2.14118188264262,322,0.2,2,203.739392099982,21.7841756552425,0.0174987381421104,0.0648160261995359,0.245439432599536,439,8041,1,"2","diploid","female"
"1317","0","0","0","0",-0.787878811359406,3053.568359375,"map_8041_1_3",5,70,300,20,5,3.93894134437984,0.1,9.18708071414497,0.261614619243337,8.67531028194315,180,0.2,2,203.739392099982,21.7841756552425,0.00234427267813642,0.00354960099818733,0.501279722672307,439,8041,1,"3","diploid","female"
"1318","0","0","0","0",-0.492062151432037,2970.98828125,"map_8051_1_1",5,70,300,20,5,3.07376413445722,0.1,16.5327616344699,0.121888263530263,5.62677945176065,21,0.2,2,81.1766768008768,22.8961256962942,0.00373848337426286,0.0119553165789293,0.171082599833576,440,8051,1,"1","diploid","female"
"1319","0","0","0","0",-0.492062151432037,2970.98828125,"map_8051_1_2",5,70,300,20,5,3.87570809379304,0.1,17.1786693301657,0.462567155250542,1.45573632346109,47,0.2,2,81.1766768008768,22.8961256962942,0.0117236670061063,0.0122319631438681,0.174348869411579,440,8051,1,"2","diploid","female"
"1320","0","0","0","0",-0.492062151432037,2970.98828125,"map_8051_1_3",5,70,300,20,5,3.90233083335132,0.1,9.8635202849792,0.110292363496784,6.75988561999105,33,0.2,2,81.1766768008768,22.8961256962942,0.00115273662673829,0.00186854103132088,0.394748368858737,440,8051,1,"3","diploid","female"
"1321","0","0","0","0",-0.0498239621520042,2857.18920898438,"map_8052_1_1",5,70,300,20,5,0,0.1,16.4701630700673,0.277635770079773,3.1929001309147,35,0.2,2,82.5695203483303,22.9173394390119,0.00870419633865709,0.0357225948757272,0.101507827651634,441,8052,1,"1","diploid","female"
"1322","0","0","0","0",-0.0498239621520042,2857.18920898438,"map_8052_1_2",5,70,300,20,5,0,0.1,13.3871838766333,0.354831475302811,4.80340808589793,27,0.2,2,82.5695203483303,22.9173394390119,0.00750601788245122,0.0260565883287718,0.12690409763467,441,8052,1,"2","diploid","female"
"1323","0","0","0","0",-0.0498239621520042,2857.18920898438,"map_8052_1_3",5,70,300,20,5,3.32107631070335,0.1,11.0319264690871,0.186577435300116,3.64695378151763,13,0.2,2,82.5695203483303,22.9173394390119,0.00232963212409504,0.00367774541724081,0.223443615527181,441,8052,1,"3","diploid","female"
"1324","0","0","0","0",-0.0517097897827625,2801.06298828125,"map_8053_1_1",5,70,300,20,5,0,0.1,20.8387688376584,0.427928185295967,1.98377070912515,33,0.2,2,79.365119789922,22.9347392131852,0.018965593296774,0.0824515555490974,0.0928626872411998,442,8053,1,"1","diploid","female"
"1325","0","0","0","0",-0.0517097897827625,2801.06298828125,"map_8053_1_2",5,70,300,20,5,0,0.1,12.8168553158406,0.818224818096321,0.256512104807193,17,0.2,2,79.365119789922,22.9347392131852,0.0146229875307371,0.0463378763027343,0.097955909940143,442,8053,1,"2","diploid","female"
"1326","0","0","0","0",-0.0517097897827625,2801.06298828125,"map_8053_1_3",5,70,300,20,5,1.44930580890366,0.1,8.84857061320573,0.08823064147622,1.13698628660059,171,0.2,2,79.365119789922,22.9347392131852,0.000764459335361742,0.00119694948939357,0.419242728765298,442,8053,1,"3","diploid","female"
"1327","0","0","0","0",-0.655654013156891,2789.29858398438,"map_8072_1_1",5,70,300,20,5,2.11263027579154,0.1,14.3225090625506,0.454309399345384,2.32633968006275,30,0.2,2,11.8203251606033,22.9164303856699,0.0125148031706455,0.0570325785203619,0.137761081795523,443,8072,1,"1","diploid","female"
"1328","0","0","0","0",-0.655654013156891,2789.29858398438,"map_8072_1_2",5,70,300,20,5,2.03055986657954,0.1,14.9394946650775,0.5389931102376,1.20107290223809,13,0.2,2,11.8203251606033,22.9164303856699,0.0139588577893612,0.0461118183055563,0.187835222448244,443,8072,1,"2","diploid","female"
"1329","0","0","0","0",-0.655654013156891,2789.29858398438,"map_8072_1_3",5,70,300,20,5,0,0.1,7.7511140770772,0.0321881712654734,0.379901704809479,4,0.2,2,11.8203251606033,22.9164303856699,0.000160278235612977,1.8851243948332e-07,0.525731335489087,443,8072,1,"3","diploid","female"
"1330","0","0","0","0",-0.0168644096702337,2941.57885742188,"map_8090_1_1",5,70,300,20,5,4.61691110321254,0.1,8.35588549569767,0.150341865169914,7.59554742019353,14,0.2,2,11.7469092660469,22.2589022825459,0.00102407827063824,0.00110776314104886,0.389450829068043,444,8090,1,"1","diploid","female"
"1331","0","0","0","0",-0.0168644096702337,2941.57885742188,"map_8090_1_2",5,70,300,20,5,4.52522236257081,0.1,7.82584579379488,0.32271086083683,5.43208497482742,19,0.2,2,11.7469092660469,22.2589022825459,0.00181208296999356,0.00078981924770284,0.535917923453563,444,8090,1,"2","diploid","female"
"1332","0","0","0","0",-0.0168644096702337,2941.57885742188,"map_8090_1_3",5,70,300,20,5,5.16848199718787,0.1,7.76480775829107,0.0938766658501981,7.68346347198612,26,0.2,2,11.7469092660469,22.2589022825459,0.000506038820478938,0.000113280128993785,0.487256460988602,444,8090,1,"3","diploid","female"
"1333","0","0","0","0",-0.0770692974328995,2852.52465820312,"map_8091_1_1",5,70,300,20,5,3.30475353045702,0.1,10.8950923576971,0.239003456664966,4.94428084657242,20,0.2,2,12.0167202756947,23.1485223886315,0.00333952858098777,0.00840214804082725,0.206477675050272,445,8091,1,"1","diploid","female"
"1334","0","0","0","0",-0.0770692974328995,2852.52465820312,"map_8091_1_2",5,70,300,20,5,3.67145916326085,0.1,8.82329284711206,0.245056709987766,5.15467703994105,15,0.2,2,12.0167202756947,23.1485223886315,0.00202425937706545,0.00302991667444089,0.388927665383155,445,8091,1,"2","diploid","female"
"1335","0","0","0","0",-0.0770692974328995,2852.52465820312,"map_8091_1_3",5,70,300,20,5,2.89279539570944,0.1,7.35799850755866,0.153093020151347,4.63959128977453,14,0.2,2,12.0167202756947,23.1485223886315,0.000741792859624464,0.000157783468508919,0.469894275494485,445,8091,1,"3","diploid","female"
"1336","0","0","0","0",-0.840635299682617,3175.95434570312,"map_8141_1_1",5,70,300,20,5,5.02318910398874,0.1,11.9120594938104,0.29275398402225,7.17812134830154,6,0.2,2,123.940796145569,20.0402918696271,0.00470101006972838,0.0111702398156973,0.135749926811588,446,8141,1,"1","diploid","female"
"1337","0","0","0","0",-0.840635299682617,3175.95434570312,"map_8141_1_2",5,70,300,20,5,3.65983825393763,0.1,17.2573564832459,0.397250002876794,2.75751595558484,6,0.2,2,123.940796145569,20.0402918696271,0.0119079677190758,0.037342664914185,0.0628102857031407,446,8141,1,"2","diploid","female"
"1338","0","0","0","0",-0.840635299682617,3175.95434570312,"map_8141_1_3",5,70,300,20,5,5.09933942342044,0.1,7.8940975524695,0.136945907511086,8.752295570657,3,0.2,2,123.940796145569,20.0402918696271,0.00077256785960529,9.07941536816637e-05,0.389997696441669,446,8141,1,"3","diploid","female"
"1339","0","0","0","0",-0.704714834690094,3137.01782226562,"map_8142_1_1",5,70,300,20,5,4.37576906526215,0.1,13.5054850753441,0.223899692574356,7.1495786892029,59,0.2,2,121.057184194014,21.2744246553609,0.00434105971216377,0.0099667046980669,0.239162634460122,447,8142,1,"1","diploid","female"
"1340","0","0","0","0",-0.704714834690094,3137.01782226562,"map_8142_1_2",5,70,300,20,5,4.33069716384655,0.1,10.7239172409445,0.739886658288014,0.708940460878452,77,0.2,2,121.057184194014,21.2744246553609,0.00830422316011062,0.0112869251908761,0.142803740048122,447,8142,1,"2","diploid","female"
"1341","0","0","0","0",-0.704714834690094,3137.01782226562,"map_8142_1_3",5,70,300,20,5,4.811157021178,0.1,7.26591654667558,0.167240340084466,8.77451614441419,55,0.2,2,121.057184194014,21.2744246553609,0.000883286840502025,0.000310780080390896,0.407250487072984,447,8142,1,"3","diploid","female"
"1342","0","0","0","0",-0.535665452480316,3093.60424804688,"map_8143_1_1",5,70,300,20,5,4.58553489425125,0.1,10.6338624512917,0.205337272920837,10.1941349737585,82,0.2,2,97.4861379604403,21.2889396502726,0.00234805565237927,0.00278750932098668,0.306053828360259,448,8143,1,"1","diploid","female"
"1343","0","0","0","0",-0.535665452480316,3093.60424804688,"map_8143_1_2",5,70,300,20,5,4.28383124860635,0.1,12.2751384301461,0.302286313022067,8.36749777031363,162,0.2,2,97.4861379604403,21.2889396502726,0.00502920191630228,0.0125774204804508,0.428312118051316,448,8143,1,"2","diploid","female"
"1344","0","0","0","0",-0.535665452480316,3093.60424804688,"map_8143_1_3",5,70,300,20,5,5.42525014064945,0.1,8.74656617267627,0.147119908115667,10.2965067880521,141,0.2,2,97.4861379604403,21.2889396502726,0.00106209272901161,0.000230617569293879,0.402788540601402,448,8143,1,"3","diploid","female"
"1345","0","0","0","0",-0.818497657775879,3010.30126953125,"map_8146_1_1",5,70,300,20,5,3.28395028751462,0.1,10.7566245158916,0.227420471447263,6.46885917306522,133,0.2,2,95.5727345507802,21.8030505428547,0.00306555941634461,0.00790547223891112,0.235927974126838,449,8146,1,"1","diploid","female"
"1346","0","0","0","0",-0.818497657775879,3010.30126953125,"map_8146_1_2",5,70,300,20,5,3.27148864166053,0.1,16.4720154258235,0.326417496337721,6.74654107624758,157,0.2,2,95.5727345507802,21.8030505428547,0.0119046264883604,0.0719539281156002,0.218803174490616,449,8146,1,"2","diploid","female"
"1347","0","0","0","0",-0.818497657775879,3010.30126953125,"map_8146_1_3",5,70,300,20,5,4.36465725158527,0.1,7.77537072832131,0.144169105265697,6.77356457927596,130,0.2,2,95.5727345507802,21.8030505428547,0.000780221139305892,0.00020082593564099,0.453508443767079,449,8146,1,"3","diploid","female"
"1348","0","0","0","0",-0.70831423997879,2927.3720703125,"map_8155_1_1",5,70,300,20,5,0,0.1,13.9704499813495,0.255355269131419,4.55876279452866,39,0.2,2,78.3070619320157,22.9169651107535,0.00738411815156422,0.0404239571562761,0.179420329083845,450,8155,1,"1","diploid","female"
"1349","0","0","0","0",-0.70831423997879,2927.3720703125,"map_8155_1_2",5,70,300,20,5,6.92361147839022,0.1,20.1664750188611,0.312461978276835,5.14660048509107,36,0.2,2,78.3070619320157,22.9169651107535,0.0171821494008145,0.113880858185664,0.192433096863024,450,8155,1,"2","diploid","female"
"1350","0","0","0","0",-0.70831423997879,2927.3720703125,"map_8155_1_3",5,70,300,20,5,2.11224924484023,0.1,6.30001557545128,0.261053815227624,5.24124496909001,8,0.2,2,78.3070619320157,22.9169651107535,0.00107365799664132,0.00109890708815672,0.465950018947347,450,8155,1,"3","diploid","female"
"1351","0","0","0","0",0.0821539834141731,2861.98266601562,"map_8156_1_1",5,70,300,20,5,0,0.1,16.8217400529994,0.315042928547,3.70514803423122,8,0.2,2,78.6777389532704,22.9192486062794,0.0117249191837833,0.0595660970457257,0.121854949532955,451,8156,1,"1","diploid","female"
"1352","0","0","0","0",0.0821539834141731,2861.98266601562,"map_8156_1_2",5,70,300,20,5,0,0.1,15.2086371673844,0.446216056197348,5.59729099886849,6,0.2,2,78.6777389532704,22.9192486062794,0.0137153245084634,0.082044551801375,0.136158264148536,451,8156,1,"2","diploid","female"
"1353","0","0","0","0",0.0821539834141731,2861.98266601562,"map_8156_1_3",5,70,300,20,5,3.59586831636971,0.1,11.2483755831562,0.267371037418674,4.17640229185679,4,0.2,2,78.6777389532704,22.9192486062794,0.00398755317609911,0.0109862194905385,0.224888465849823,451,8156,1,"3","diploid","female"
"1354","0","0","0","0",0.501127302646637,2771.54077148438,"map_8158_1_1",5,70,300,20,5,3.57397314996444,0.1,7.85276653012143,1.03551967109721,2.67610380637117,167,0.2,2,15.6074833924205,22.8869030995754,0.00686663770535573,0.0119633629101997,0.651558780659207,452,8158,1,"1","diploid","female"
"1355","0","0","0","0",0.501127302646637,2771.54077148438,"map_8158_1_2",5,70,300,20,5,0,0.1,51.0132597871107,3.38073569931989e-16,0,11,0.2,2,15.6074833924205,22.8869030995754,6.91104286887094e-17,3.38073569931989e-16,0.320688950893557,452,8158,1,"2","diploid","female"
"1356","0","0","0","0",0.501127302646637,2771.54077148438,"map_8158_1_3",5,70,300,20,5,1.58231103625871,0.1,6.91353755181045,0.0892199273045445,1.29356439203317,27,0.2,2,15.6074833924205,22.8869030995754,0.000413724815515442,0.000179506568603456,0.278373626692393,452,8158,1,"3","diploid","female"
"1357","0","0","0","0",0.0304398108273745,2853.11279296875,"map_8195_1_1",5,70,300,20,5,1.68565831114633,0.1,12.1122821253958,0.245960110156787,5.21406132864479,28,0.2,2,11.7537171711458,23.1479542838907,0.00426343418998078,0.0149729927351538,0.196054611617981,453,8195,1,"1","diploid","female"
"1358","0","0","0","0",0.0304398108273745,2853.11279296875,"map_8195_1_2",5,70,300,20,5,4.37153792535528,0.1,8.42530042787798,0.382454652526936,4.56130894346994,26,0.2,2,11.7537171711458,23.1479542838907,0.00268246635877688,0.00289955796167797,0.499119900770796,453,8195,1,"2","diploid","female"
"1359","0","0","0","0",0.0304398108273745,2853.11279296875,"map_8195_1_3",5,70,300,20,5,1.19485537401356,0.1,8.80817364309562,0.168711972248388,4.84377273982037,36,0.2,2,11.7537171711458,23.1479542838907,0.0012102183024317,0.000394285223136933,0.284555642785183,453,8195,1,"3","diploid","female"
"1360","0","0","0","0",-0.0926153659820557,2787.0751953125,"map_8196_1_1",5,70,300,20,5,2.92866795767409,0.1,12.2975296747472,0.441500994284203,3.56372091230256,25,0.2,2,11.9526170256526,23.1477106354165,0.00890239309618635,0.0330317157108047,0.138008167862959,454,8196,1,"1","diploid","female"
"1361","0","0","0","0",-0.0926153659820557,2787.0751953125,"map_8196_1_2",5,70,300,20,5,0,0.1,7.02548644306448,0.00706671294875875,0.30778231400425,4,0.2,2,11.9526170256526,23.1477106354165,2.98174574289639e-05,1.52781875438994e-06,0.66650313345817,454,8196,1,"2","diploid","female"
"1362","0","0","0","0",-0.0926153659820557,2787.0751953125,"map_8196_1_3",5,70,300,20,5,0,0.1,7.11032583162803,0.071058028770933,0.544120659946603,5,0.2,2,11.9526170256526,23.1477106354165,0.000323369638659981,2.23713257872648e-05,0.371701698711183,454,8196,1,"3","diploid","female"
"1363","0","0","0","0",-0.931695640087128,3183.69018554688,"map_8242_1_1",5,70,300,20,5,3.01941861686269,0.1,10.8037658504431,0.177710768794784,8.97773753093661,63,0.2,2,143.663037810215,19.3133825215522,0.00246666552007974,0.00618802857274402,0.302826466460298,455,8242,1,"1","diploid","female"
"1364","0","0","0","0",-0.931695640087128,3183.69018554688,"map_8242_1_2",5,70,300,20,5,3.81406899345085,0.1,16.2586667369781,0.234086656962662,4.9795445702102,119,0.2,2,143.663037810215,19.3133825215522,0.00782342784277777,0.031665699643166,0.248150013591553,455,8242,1,"2","diploid","female"
"1365","0","0","0","0",-0.931695640087128,3183.69018554688,"map_8242_1_3",5,70,300,20,5,2.99719544577736,0.1,6.71709631323562,0.0321323356612028,5.46697170708656,61,0.2,2,143.663037810215,19.3133825215522,0.000129710322796472,1.35741818713867e-05,0.706539032013058,455,8242,1,"3","diploid","female"
"1366","0","0","0","0",-0.909281253814697,3145.36865234375,"map_8244_1_1",5,70,300,20,5,4.77780367231753,0.1,10.0608418746475,0.324729312255728,8.4809792724029,9,0.2,2,121.294970889424,20.0403760210884,0.00384674926768905,0.00809523445836009,0.284932721694227,456,8244,1,"1","diploid","female"
"1367","0","0","0","0",-0.909281253814697,3145.36865234375,"map_8244_1_2",5,70,300,20,5,3.41510305468466,0.1,17.5965643159987,0.495653723396365,2.10847050397924,10,0.2,2,121.294970889424,20.0403760210884,0.0147659391196927,0.0339656987264511,0.0544149245320541,456,8244,1,"2","diploid","female"
"1368","0","0","0","0",-0.909281253814697,3145.36865234375,"map_8244_1_3",5,70,300,20,5,5.37434720327037,0.1,6.63185999075698,0.214548024726437,9.11147315954318,4,0.2,2,121.294970889424,20.0403760210884,0.00087271474694569,6.60695187247204e-05,0.49398958488169,456,8244,1,"3","diploid","female"
"1369","0","0","0","0",-0.892784297466278,3111.79028320312,"map_8245_1_1",5,70,300,20,5,8.05239020952672,0.1,8.69208880796439,0.284291084363012,8.3969579367847,8,0.2,2,119.65660704806,20.0369441221455,0.00249977674890753,0.00567542839606075,0.435170057169296,457,8245,1,"1","diploid","female"
"1370","0","0","0","0",-0.892784297466278,3111.79028320312,"map_8245_1_2",5,70,300,20,5,8.79713558757504,0.1,15.3554199631084,0.437437331515054,2.69301257752769,10,0.2,2,119.65660704806,20.0369441221455,0.0132119370988245,0.062428953848591,0.237602869860834,457,8245,1,"2","diploid","female"
"1371","0","0","0","0",-0.892784297466278,3111.79028320312,"map_8245_1_3",5,70,300,20,5,6.72252831948933,0.1,5.57724281224218,0.138915198550758,5.52446219531928,4,0.2,2,119.65660704806,20.0369441221455,0.00036256148067179,8.11870817210476e-06,0.918842242292263,457,8245,1,"3","diploid","female"
"1372","0","0","0","0",-0.897129833698273,3082.30834960938,"map_8246_1_1",5,70,300,20,5,3.76514722411619,0.1,10.5537239589826,0.165091681785467,8.20058221741249,56,0.2,2,125.736014179217,21.2489174603096,0.00218145905761477,0.0050689064537175,0.303666429385282,458,8246,1,"1","diploid","female"
"1373","0","0","0","0",-0.897129833698273,3082.30834960938,"map_8246_1_2",5,70,300,20,5,3.58644336430779,0.1,18.1432395530137,0.187985049651384,8.65803295387797,59,0.2,2,125.736014179217,21.2489174603096,0.0076466050112353,0.0476327218351419,0.35945115029745,458,8246,1,"2","diploid","female"
"1374","0","0","0","0",-0.897129833698273,3082.30834960938,"map_8246_1_3",5,70,300,20,5,4.77375645438018,0.1,7.64782366332284,0.103863790802217,7.45061250295998,52,0.2,2,125.736014179217,21.2489174603096,0.000552542368748037,5.79206499519878e-05,0.550638305242224,458,8246,1,"3","diploid","female"
"1375","0","0","0","0",-0.821509957313538,3050.83227539062,"map_8247_1_1",5,70,300,20,5,3.27323593275459,0.1,8.81560254252862,0.206831818018665,6.89325228251783,14,0.2,2,91.230432958698,21.2875487073051,0.0016616351871704,0.00243611117306663,0.396555943319028,459,8247,1,"1","diploid","female"
"1376","0","0","0","0",-0.821509957313538,3050.83227539062,"map_8247_1_2",5,70,300,20,5,8.43094143495363,0.1,10.5315189977313,0.328353948588227,6.57653478830792,30,0.2,2,91.230432958698,21.2875487073051,0.00448989600181238,0.00935110032283173,0.453510386656955,459,8247,1,"2","diploid","female"
"1377","0","0","0","0",-0.821509957313538,3050.83227539062,"map_8247_1_3",5,70,300,20,5,3.22582190441833,0.1,7.28323351950434,0.106672390764729,5.98667719099167,8,0.2,2,91.230432958698,21.2875487073051,0.000476502990463658,1.92057357825072e-05,0.646455471338653,459,8247,1,"3","diploid","female"
"1378","0","0","0","0",-0.688515901565552,3034.74462890625,"map_8248_1_1",5,70,300,20,5,2.09447378535277,0.1,10.1934523740197,0.136282819162436,7.91985450234458,30,0.2,2,90.968246819569,21.2849440738344,0.00162882308517036,0.0036283500318653,0.351121446483457,460,8248,1,"1","diploid","female"
"1379","0","0","0","0",-0.688515901565552,3034.74462890625,"map_8248_1_2",5,70,300,20,5,3.84427096921399,0.1,19.0649207273554,0.193915266666261,6.85734883909369,47,0.2,2,90.968246819569,21.2849440738344,0.00784839607376533,0.0456701077643215,0.279103948397639,460,8248,1,"2","diploid","female"
"1380","0","0","0","0",-0.688515901565552,3034.74462890625,"map_8248_1_3",5,70,300,20,5,2.65762232365696,0.1,7.72241948502103,0.0839270878067733,7.71471966809834,82,0.2,2,90.968246819569,21.2849440738344,0.000487521194981931,0.000119021232613003,0.552114711618072,460,8248,1,"3","diploid","female"
"1381","0","0","0","0",-0.45668762922287,2961.08984375,"map_8250_1_1",5,70,300,20,5,0,0.1,11.4677014039478,0.221987495057206,7.22479719893182,5,0.2,2,94.1888229569723,21.7920682343138,0.00375858888877137,0.0139671120773015,0.241246904675281,461,8250,1,"1","diploid","female"
"1382","0","0","0","0",-0.45668762922287,2961.08984375,"map_8250_1_2",5,70,300,20,5,9.10376071345493,0.1,21.0062000369231,0.304459633089993,5.13862806617356,4,0.2,2,94.1888229569723,21.7920682343138,0.0150330426856357,0.0651431227197762,0.156797385564074,461,8250,1,"2","diploid","female"
"1383","0","0","0","0",-0.45668762922287,2961.08984375,"map_8250_1_3",5,70,300,20,5,5.05430844495342,0.1,7.58289628374717,0.138895963524525,6.59541139721684,2,0.2,2,94.1888229569723,21.7920682343138,0.000787447657865306,0.000484478210717492,0.473608504264987,461,8250,1,"3","diploid","female"
"1384","0","0","0","0",-0.667356908321381,2992.63696289062,"map_8252_1_1",5,70,300,20,5,2.8171537800203,0.1,13.2440464483697,0.312747116805459,4.46640678868209,20,0.2,2,95.050212865652,21.992150166238,0.00556915303585552,0.016646978992643,0.267809152040901,462,8252,1,"1","diploid","female"
"1385","0","0","0","0",-0.667356908321381,2992.63696289062,"map_8252_1_2",5,70,300,20,5,8.12237908305724,0.1,10.5953968436349,0.992341534214795,1.02850300031699,100,0.2,2,95.050212865652,21.992150166238,0.0134144539238468,0.052312275825401,0.331366239883202,462,8252,1,"2","diploid","female"
"1386","0","0","0","0",-0.667356908321381,2992.63696289062,"map_8252_1_3",5,70,300,20,5,2.66592179516342,0.1,8.52825220959316,0.15643541612802,7.35775042369831,9,0.2,2,95.050212865652,21.992150166238,0.00107340537313941,0.000627943142240399,0.505457273876739,462,8252,1,"3","diploid","female"
"1387","0","0","0","0",-0.950933456420898,3020.55493164062,"map_8253_1_1",5,70,300,20,5,4.22930490394618,0.1,9.40184634612556,0.191023177781133,5.64946860326943,39,0.2,2,100.056367169187,21.9865665689259,0.00187866823440214,0.00326260347313277,0.379638582420096,463,8253,1,"1","diploid","female"
"1388","0","0","0","0",-0.950933456420898,3020.55493164062,"map_8253_1_2",5,70,300,20,5,7.46926031966512,0.1,9.87664957218344,0.245909251660719,7.49142744029765,83,0.2,2,100.056367169187,21.9865665689259,0.00295282493975344,0.00726647161570538,0.460554123906585,463,8253,1,"2","diploid","female"
"1389","0","0","0","0",-0.950933456420898,3020.55493164062,"map_8253_1_3",5,70,300,20,5,3.69178863024503,0.1,7.29385544541452,0.126060454056127,5.81674085514891,21,0.2,2,100.056367169187,21.9865665689259,0.000580020176122534,6.04992477276729e-05,0.646433975615964,463,8253,1,"3","diploid","female"
"1390","0","0","0","0",-0.702232360839844,2997.48608398438,"map_8254_1_1",5,70,300,20,5,3.45357501147789,0.1,14.0060980082374,0.15319927200688,5.0883778786628,65,0.2,2,83.316595637125,22.0299907211185,0.00301659979961973,0.00539997164350931,0.320174675736635,464,8254,1,"1","diploid","female"
"1391","0","0","0","0",-0.702232360839844,2997.48608398438,"map_8254_1_2",5,70,300,20,5,3.71585506828922,0.1,20.4709177750294,0.396584842710146,1.80031248282981,84,0.2,2,83.316595637125,22.0299907211185,0.0164755562570897,0.0753603473957587,0.17596629133243,464,8254,1,"2","diploid","female"
"1392","0","0","0","0",-0.702232360839844,2997.48608398438,"map_8254_1_3",5,70,300,20,5,4.02781762381103,0.1,8.67057396080346,0.0726276036443739,6.44283284878998,65,0.2,2,83.316595637125,22.0299907211185,0.00049872328302811,8.09952896094243e-05,0.724612042517862,464,8254,1,"3","diploid","female"
"1393","0","0","0","0",-0.0957024022936821,2941.2060546875,"map_8255_1_1",5,70,300,20,5,0,0.1,11.7463865500971,0.289375154463514,7.35448985356779,8,0.2,2,91.9251682619716,22.5127703285428,0.004899258602841,0.0157575801675753,0.192934695916388,465,8255,1,"1","diploid","female"
"1394","0","0","0","0",-0.0957024022936821,2941.2060546875,"map_8255_1_2",5,70,300,20,5,11.2184844249535,0.1,10.7492228529136,0.397357579800938,8.48378892931032,6,0.2,2,91.9251682619716,22.5127703285428,0.00561272940550616,0.0164530079311302,0.243426526272096,465,8255,1,"2","diploid","female"
"1395","0","0","0","0",-0.0957024022936821,2941.2060546875,"map_8255_1_3",5,70,300,20,5,2.82529486664672,0.1,8.81961542889631,0.288443844588993,8.05664826910558,5,0.2,2,91.9251682619716,22.5127703285428,0.00243489361962081,0.00361530052810849,0.296492426158397,465,8255,1,"3","diploid","female"
"1396","0","0","0","0",-0.398537069559097,2901.19775390625,"map_8258_1_1",5,70,300,20,5,3.04180154836999,0.1,15.21467617339,0.304720171323038,3.94057562718725,60,0.2,2,57.506943080729,22.9171124201676,0.00763335383527649,0.0241019552580091,0.155448191436836,466,8258,1,"1","diploid","female"
"1397","0","0","0","0",-0.398537069559097,2901.19775390625,"map_8258_1_2",5,70,300,20,5,3.51639995806771,0.1,10.7890667986127,0.567757404010583,1.30975112909355,72,0.2,2,57.506943080729,22.9171124201676,0.00663000201348174,0.0108731156178363,0.165182789345705,466,8258,1,"2","diploid","female"
"1398","0","0","0","0",-0.398537069559097,2901.19775390625,"map_8258_1_3",5,70,300,20,5,3.17423408418814,0.1,9.20759702484448,0.194419609601955,5.61285163696105,45,0.2,2,57.506943080729,22.9171124201676,0.00156396081205712,0.000848034275293127,0.406134556885353,466,8258,1,"3","diploid","female"
"1399","0","0","0","0",-0.605343461036682,2890.57080078125,"map_8259_1_1",5,70,300,20,5,2.60263632413004,0.1,15.8945438168431,0.204780764486766,5.33123856067661,53,0.2,2,54.3433899881622,22.9528754351543,0.00694110426246523,0.0381743819272004,0.116568332978182,467,8259,1,"1","diploid","female"
"1400","0","0","0","0",-0.605343461036682,2890.57080078125,"map_8259_1_2",5,70,300,20,5,2.99112346682131,0.1,24.6609898743443,0.25063771455007,4.59561286419445,48,0.2,2,54.3433899881622,22.9528754351543,0.0143667120996882,0.0614347951319624,0.172219947314535,467,8259,1,"2","diploid","female"
"1401","0","0","0","0",-0.605343461036682,2890.57080078125,"map_8259_1_3",5,70,300,20,5,2.78503553899377,0.1,7.75893230827931,0.158663385882553,5.17440957785469,83,0.2,2,54.3433899881622,22.9528754351543,0.000974433955892233,0.000681758615701296,0.261937368907035,467,8259,1,"3","diploid","female"
"1402","0","0","0","0",-0.400283545255661,2861.3701171875,"map_8260_1_1",5,70,300,20,5,1.65901790885147,0.1,16.2017317669276,0.29746709483492,2.48585047321467,22,0.2,2,59.1203083604067,22.9023294438291,0.00795361219964273,0.019527308667799,0.199965135052572,468,8260,1,"1","diploid","female"
"1403","0","0","0","0",-0.400283545255661,2861.3701171875,"map_8260_1_2",5,70,300,20,5,3.35565512859085,0.1,13.6471425013772,0.241821968417841,5.43747012859705,13,0.2,2,59.1203083604067,22.9023294438291,0.00623320414808642,0.0210873934466692,0.267666998422271,468,8260,1,"2","diploid","female"
"1404","0","0","0","0",-0.400283545255661,2861.3701171875,"map_8260_1_3",5,70,300,20,5,1.48374973210317,0.1,9.25284142755481,0.105627205150065,3.38437739354508,7,0.2,2,59.1203083604067,22.9023294438291,0.000877261948652836,0.000374404990848294,0.421082745009579,468,8260,1,"3","diploid","female"
"1405","0","0","0","0",-0.0263992287218571,2810.68286132812,"map_8261_1_1",5,70,300,20,5,0,0.1,18.754020351742,0.321596870128719,3.17998091622566,66,0.2,2,60.8402037978408,22.9260537262639,0.0124193467640442,0.0471820677349668,0.0984816832400869,469,8261,1,"1","diploid","female"
"1406","0","0","0","0",-0.0263992287218571,2810.68286132812,"map_8261_1_2",5,70,300,20,5,0,0.1,15.2803514592094,0.302487245393523,3.4116514172316,47,0.2,2,60.8402037978408,22.9260537262639,0.00773710940496112,0.0194328297120426,0.198005424196978,469,8261,1,"2","diploid","female"
"1407","0","0","0","0",-0.0263992287218571,2810.68286132812,"map_8261_1_3",5,70,300,20,5,0,0.1,7.90584694325861,0.0589386852880843,1.41654933172287,26,0.2,2,60.8402037978408,22.9260537262639,0.000370577054212961,0.000182496978069573,0.183756745217854,469,8261,1,"3","diploid","female"
"1408","0","0","0","0",-0.196079686284065,2786.05786132812,"map_8262_1_1",5,70,300,20,5,2.85212975038048,0.1,14.7003447845758,0.449346586145139,3.58192559183523,15,0.2,2,20.5107560237356,22.9450814235514,0.012421007369096,0.0446735069565433,0.119025579627687,470,8262,1,"1","diploid","female"
"1409","0","0","0","0",-0.196079686284065,2786.05786132812,"map_8262_1_2",5,70,300,20,5,0,0.1,7.33777897832997,0.192156624742675,3.90122838971216,4,0.2,2,20.5107560237356,22.9450814235514,0.00092698084691008,7.503283193071e-05,0.509545439318791,470,8262,1,"2","diploid","female"
"1410","0","0","0","0",-0.196079686284065,2786.05786132812,"map_8262_1_3",5,70,300,20,5,0,0.1,8.44476076384514,0.0513575745240371,0.411590631522536,2,0.2,2,20.5107560237356,22.9450814235514,0.000319373016242545,2.10848607569164e-05,0.319407439407103,470,8262,1,"3","diploid","female"
"1411","0","0","0","0",0.373109579086304,2758.63647460938,"map_8263_1_1",5,70,300,20,5,0,0.1,16.7668219441809,0.170798175411688,1.76116706173687,14,0.2,2,19.8989157182137,22.9255941524062,0.00510233484229043,0.0170281454601753,0.221684510862345,471,8263,1,"1","diploid","female"
"1412","0","0","0","0",0.373109579086304,2758.63647460938,"map_8263_1_2",5,70,300,20,5,0,0.1,50.5982824687488,5.74243031616995e-16,0,4,0.2,2,19.8989157182137,22.9255941524062,1.15487066482886e-16,5.74243031616995e-16,0.312882005405855,471,8263,1,"2","diploid","female"
"1413","0","0","0","0",0.373109579086304,2758.63647460938,"map_8263_1_3",5,70,300,20,5,0,0.1,9.31726955230519,0.0472401513317095,0.566092924965374,6,0.2,2,19.8989157182137,22.9255941524062,0.000404848263386998,0.000247834795101249,0.257028767943326,471,8263,1,"3","diploid","female"
"1414","0","0","0","0",-0.408560425043106,2765.31494140625,"map_8281_1_1",5,70,300,20,5,2.38512843383799,0.1,17.9438962377581,0.368460791767967,1.65757274662218,52,0.2,2,4.52028746391798,22.9387548621971,0.0133720316415269,0.0608002950144425,0.131542690652013,472,8281,1,"1","diploid","female"
"1415","0","0","0","0",-0.408560425043106,2765.31494140625,"map_8281_1_2",5,70,300,20,5,0,0.1,6.21271101753202,0.00214628711030545,0.123863847581417,12,0.2,2,4.52028746391798,22.9387548621971,7.69756629134826e-06,3.61810108723113e-07,0.808138409784794,472,8281,1,"2","diploid","female"
"1416","0","0","0","0",-0.408560425043106,2765.31494140625,"map_8281_1_3",5,70,300,20,5,0,0.1,5.16166692229285,0.0603642171891376,0.107547059409967,13,0.2,2,4.52028746391798,22.9387548621971,0.000128456971248308,2.83820004112549e-08,1.05415594919646,472,8281,1,"3","diploid","female"
"1417","0","0","0","0",-0.325159847736359,2801.54443359375,"map_8282_1_1",5,70,300,20,5,2.70077307005234,0.1,11.5026201239201,0.669192629389684,1.79354530217496,37,0.2,2,5.41669831147721,22.9047791976337,0.0112995495659024,0.034664061413865,0.431852199056204,473,8282,1,"1","diploid","female"
"1418","0","0","0","0",-0.325159847736359,2801.54443359375,"map_8282_1_2",5,70,300,20,5,2.61016035795878,0.1,8.96734654021329,0.514732544458825,1.76034712429156,14,0.2,2,5.41669831147721,22.9047791976337,0.00485250308602863,0.0106627195306186,1.48214902804766,473,8282,1,"2","diploid","female"
"1419","0","0","0","0",-0.325159847736359,2801.54443359375,"map_8282_1_3",5,70,300,20,5,0,0.1,5.48626657423113,0.0447668647064923,0.614237931220762,5,0.2,2,5.41669831147721,22.9047791976337,0.000112866256462281,6.41228272575835e-07,0.668364191628181,473,8282,1,"3","diploid","female"
"1420","0","0","0","0",-0.699310123920441,2860.60278320312,"map_8283_1_1",5,70,300,20,5,2.30159185585021,0.1,11.7431993600017,0.234779808142337,3.07833128766842,28,0.2,2,9.38325762077919,22.9120206315388,0.00391557769124858,0.0118263789746531,0.242512852952256,474,8283,1,"1","diploid","female"
"1421","0","0","0","0",-0.699310123920441,2860.60278320312,"map_8283_1_2",5,70,300,20,5,2.47866759342994,0.1,14.7770368389399,0.289313548290953,1.40860690335571,33,0.2,2,9.38325762077919,22.9120206315388,0.00643386661101838,0.018731812854742,0.288441906858661,474,8283,1,"2","diploid","female"
"1422","0","0","0","0",-0.699310123920441,2860.60278320312,"map_8283_1_3",5,70,300,20,5,2.4918881626255,0.1,6.83860064739486,0.117207686129566,3.20728252725362,14,0.2,2,9.38325762077919,22.9120206315388,0.000448104896739823,5.87100403195653e-07,0.738703401020753,474,8283,1,"3","diploid","female"
"1423","0","0","0","0",0.017384298145771,2854.029296875,"map_8299_1_1",5,70,300,20,5,1.6264377572916,0.1,9.95030423204608,0.495857014852004,3.02797048107732,77,0.2,2,9.64473645152691,23.155160242801,0.00547554095421384,0.0145204327357214,0.450230215546629,475,8299,1,"1","diploid","female"
"1424","0","0","0","0",0.017384298145771,2854.029296875,"map_8299_1_2",5,70,300,20,5,4.21463692078417,0.1,7.44389592843495,0.682991392973142,2.33945264195934,64,0.2,2,9.64473645152691,23.155160242801,0.00344945008093024,0.00153082198829437,1.13994334868801,475,8299,1,"2","diploid","female"
"1425","0","0","0","0",0.017384298145771,2854.029296875,"map_8299_1_3",5,70,300,20,5,1.16955756806851,0.1,7.90904514471674,0.206589339897399,5.06869219232152,108,0.2,2,9.64473645152691,23.155160242801,0.00116654194702188,0.000253565343109671,0.652808168503736,475,8299,1,"3","diploid","female"
"1426","0","0","0","0",-0.070423536002636,2784.37231445312,"map_8300_1_1",5,70,300,20,5,1.71751959734347,0.1,14.2002815403215,0.529694279176957,1.30395608308241,26,0.2,2,8.93660507023186,23.2036774404025,0.0124366086824281,0.0488964257152384,0.202042802684244,476,8300,1,"1","diploid","female"
"1427","0","0","0","0",-0.070423536002636,2784.37231445312,"map_8300_1_2",5,70,300,20,5,3.18192032487165,0.1,7.37652735170278,0.00537615705709697,0.643131216467768,4,0.2,2,8.93660507023186,23.2036774404025,2.55413601952834e-05,9.49548222522223e-07,0.386921622543119,476,8300,1,"2","diploid","female"
"1428","0","0","0","0",-0.070423536002636,2784.37231445312,"map_8300_1_3",5,70,300,20,5,1.00047642705935,0.1,6.87513892378578,0.112831741131896,1.1171646963588,5,0.2,2,8.93660507023186,23.2036774404025,0.000474832970143448,2.02878751247503e-05,0.392300783241368,476,8300,1,"3","diploid","female"
"1429","0","0","0","0",-0.936058640480042,3203.21020507812,"map_8343_1_1",5,70,300,20,5,3.73614299053434,0.1,18.2307857593207,0.4065709038169,3.29571687106863,17,0.2,2,163.348234208319,21.4514436732363,0.0148862667876064,0.0612845002477989,0.121758553788861,477,8343,1,"1","diploid","female"
"1430","0","0","0","0",-0.936058640480042,3203.21020507812,"map_8343_1_2",5,70,300,20,5,4.07740544906985,0.1,13.6997114696675,0.749918236555665,0.936186560131299,16,0.2,2,163.348234208319,21.4514436732363,0.0161175356335971,0.0756798215450943,0.110247168768598,477,8343,1,"2","diploid","female"
"1431","0","0","0","0",-0.936058640480042,3203.21020507812,"map_8343_1_3",5,70,300,20,5,3.56616134121925,0.1,9.95544131441871,0.221007254325548,5.61112837434538,4,0.2,2,163.348234208319,21.4514436732363,0.00210221345280924,0.00126798621107881,0.423983842759775,477,8343,1,"3","diploid","female"
"1432","0","0","0","0",-0.943296253681183,3109.828125,"map_8346_1_1",5,70,300,20,5,3.54925739706176,0.1,15.5389513985463,0.233642410599061,4.68416081620645,34,0.2,2,154.560810526344,21.4329453359543,0.00622667596036528,0.0193298414165456,0.199084454824499,478,8346,1,"1","diploid","female"
"1433","0","0","0","0",-0.943296253681183,3109.828125,"map_8346_1_2",5,70,300,20,5,3.60694568929914,0.1,12.6393175300817,0.815328489475312,0.523152265243852,86,0.2,2,154.560810526344,21.4329453359543,0.0140887655557725,0.0404831294435603,0.0897593906373485,478,8346,1,"2","diploid","female"
"1434","0","0","0","0",-0.943296253681183,3109.828125,"map_8346_1_3",5,70,300,20,5,4.38382837015144,0.1,9.4940535013213,0.100045716199138,5.59808565382868,12,0.2,2,154.560810526344,21.4329453359543,0.000825463031940902,0.000323856728265086,0.460085702758719,478,8346,1,"3","diploid","female"
"1435","0","0","0","0",-0.962443470954895,3087.16064453125,"map_8347_1_1",5,70,300,20,5,3.09038788826593,0.1,10.9885442968391,0.429957676179796,5.73422355732244,46,0.2,2,145.732805245738,22.086923077521,0.00692112828231517,0.0223123382812265,0.25114578192832,479,8347,1,"1","diploid","female"
"1436","0","0","0","0",-0.962443470954895,3087.16064453125,"map_8347_1_2",5,70,300,20,5,3.6706031763113,0.1,16.153376037865,0.656283063340614,1.08239329360904,51,0.2,2,145.732805245738,22.086923077521,0.0159693972643424,0.0277916557149771,0.0661595658653049,479,8347,1,"2","diploid","female"
"1437","0","0","0","0",-0.962443470954895,3087.16064453125,"map_8347_1_3",5,70,300,20,5,3.98874125678975,0.1,6.74552404187904,0.400649158366293,8.20275479158883,17,0.2,2,145.732805245738,22.086923077521,0.00183306801756116,0.000758515935845156,0.515289368479142,479,8347,1,"3","diploid","female"
"1438","0","0","0","0",-0.91678911447525,3073.67602539062,"map_8348_1_1",5,70,300,20,5,0,0.1,10.918921447896,0.277252107230898,6.2796644746788,40,0.2,2,121.265832913674,22.0849917613523,0.00441363507192515,0.0143024588835552,0.252346722920313,480,8348,1,"1","diploid","female"
"1439","0","0","0","0",-0.91678911447525,3073.67602539062,"map_8348_1_2",5,70,300,20,5,10.1688804259326,0.1,17.3688958171891,0.538027959257691,1.33910354238219,46,0.2,2,121.265832913674,22.0849917613523,0.0143096091519736,0.0196117362072181,0.150098270708981,480,8348,1,"2","diploid","female"
"1440","0","0","0","0",-0.91678911447525,3073.67602539062,"map_8348_1_3",5,70,300,20,5,2.89151375009271,0.1,6.52911489152018,0.277234693724025,7.55626224264924,8,0.2,2,121.265832913674,22.0849917613523,0.0011438780630159,0.000432134259311091,0.500892430978164,480,8348,1,"3","diploid","female"
"1441","0","0","0","0",-0.918850004673004,3046.2763671875,"map_8349_1_1",5,70,300,20,5,3.1594744520425,0.1,16.902308822422,0.16176782262229,4.91559267623782,22,0.2,2,126.065026780696,22.0462686152157,0.00549867824315926,0.0207032825184144,0.189846261469578,481,8349,1,"1","diploid","female"
"1442","0","0","0","0",-0.918850004673004,3046.2763671875,"map_8349_1_2",5,70,300,20,5,3.59818373162437,0.1,25.2907164433811,0.22139512501925,4.5703114847917,33,0.2,2,126.065026780696,22.0462686152157,0.0142470705382953,0.0550647577690888,0.220885526835312,481,8349,1,"2","diploid","female"
"1443","0","0","0","0",-0.918850004673004,3046.2763671875,"map_8349_1_3",5,70,300,20,5,4.16524572749332,0.1,8.87055206878051,0.0713903100251495,6.3403592547023,10,0.2,2,126.065026780696,22.0462686152157,0.000569970372191214,0.000483713751680496,0.502933667904125,481,8349,1,"3","diploid","female"
"1444","0","0","0","0",-0.936977922916412,3020.93774414062,"map_8350_1_1",5,70,300,20,5,1.49360775600684,0.1,13.4316060549888,0.265469823546939,5.55056634954434,40,0.2,2,119.955719203252,22.4742078876179,0.00643344639016302,0.0246890255916469,0.201292093327447,482,8350,1,"1","diploid","female"
"1445","0","0","0","0",-0.936977922916412,3020.93774414062,"map_8350_1_2",5,70,300,20,5,3.77242455676161,0.1,20.8736539889283,0.511946881734939,1.5266917295041,46,0.2,2,119.955719203252,22.4742078876179,0.0195316547736715,0.0329059536942263,0.131375213077646,482,8350,1,"2","diploid","female"
"1446","0","0","0","0",-0.936977922916412,3020.93774414062,"map_8350_1_3",5,70,300,20,5,1.98174224100251,0.1,6.74037269344053,0.28975953529036,7.20292732949376,9,0.2,2,119.955719203252,22.4742078876179,0.00138081662674858,0.000980973716030535,0.479414016619784,482,8350,1,"3","diploid","female"
"1447","0","0","0","0",-0.851980626583099,2999.92138671875,"map_8351_1_1",5,70,300,20,5,0,0.1,11.5013197384055,0.223311748816358,4.21318713998161,141,0.2,2,97.5239354621532,22.4708103505216,0.00380139718820601,0.0136737773755335,0.272697823240133,483,8351,1,"1","diploid","female"
"1448","0","0","0","0",-0.851980626583099,2999.92138671875,"map_8351_1_2",5,70,300,20,5,8.14698002278752,0.1,12.4495978121516,0.309210283261622,6.98952787143227,142,0.2,2,97.5239354621532,22.4708103505216,0.0063814275569372,0.0280501870821741,0.336515031879337,483,8351,1,"2","diploid","female"
"1449","0","0","0","0",-0.851980626583099,2999.92138671875,"map_8351_1_3",5,70,300,20,5,4.12324714802963,0.1,7.98484139799224,0.177262729913065,6.35257529078722,134,0.2,2,97.5239354621532,22.4708103505216,0.00102168652402589,0.00029871005521973,0.460460076932308,483,8351,1,"3","diploid","female"
"1450","0","0","0","0",-0.920054376125336,2988.07470703125,"map_8352_1_1",5,70,300,20,5,2.65769817754531,0.1,15.9619993674218,0.111032001723895,4.83648253559603,30,0.2,2,92.6020358709798,22.4801702488828,0.00341257764242265,0.0179641629700158,0.211371437644392,484,8352,1,"1","diploid","female"
"1451","0","0","0","0",-0.920054376125336,2988.07470703125,"map_8352_1_2",5,70,300,20,5,3.11764396086411,0.1,24.7094291789245,0.247431571744639,4.66622721289781,62,0.2,2,92.6020358709798,22.4801702488828,0.0130779244633866,0.0296849124701419,0.212890112982079,484,8352,1,"2","diploid","female"
"1452","0","0","0","0",-0.920054376125336,2988.07470703125,"map_8352_1_3",5,70,300,20,5,3.59752537381579,0.1,8.59818566159705,0.0869063448273689,6.11469347985961,32,0.2,2,92.6020358709798,22.4801702488828,0.000619220743971422,0.000361229096911721,0.447317057089563,484,8352,1,"3","diploid","female"
"1453","0","0","0","0",-0.804414689540863,2982.8369140625,"map_8353_1_1",5,70,300,20,5,2.73716391104995,0.1,11.9672321943224,0.263075301776597,5.08547776117238,37,0.2,2,98.4703435375049,22.7500261325773,0.00497182680552827,0.0171301505562221,0.182669449615389,485,8353,1,"1","diploid","female"
"1454","0","0","0","0",-0.804414689540863,2982.8369140625,"map_8353_1_2",5,70,300,20,5,3.40458049055962,0.1,16.3844343688968,0.360847236300373,6.13924538654606,36,0.2,2,98.4703435375049,22.7500261325773,0.0144228229660211,0.0738370104611879,0.202122789073643,485,8353,1,"2","diploid","female"
"1455","0","0","0","0",-0.804414689540863,2982.8369140625,"map_8353_1_3",5,70,300,20,5,3.58478933289614,0.1,7.09907134054424,0.298360382189112,6.75376154627124,7,0.2,2,98.4703435375049,22.7500261325773,0.00159741550139498,0.00132564500735338,0.410981395790839,485,8353,1,"3","diploid","female"
"1456","0","0","0","0",-0.276134669780731,2953.60473632812,"map_8354_1_1",5,70,300,20,5,0,0.1,15.3430949433255,0.308978005635529,4.32587731668961,30,0.2,2,90.3804792692495,22.7748677706798,0.00787281385183324,0.0238951373589049,0.2000021801658,486,8354,1,"1","diploid","female"
"1457","0","0","0","0",-0.276134669780731,2953.60473632812,"map_8354_1_2",5,70,300,20,5,10.9459144095497,0.1,19.7307390718008,0.431869909196112,3.51368160679446,37,0.2,2,90.3804792692495,22.7748677706798,0.0160883473792706,0.0396776305017243,0.179487789543252,486,8354,1,"2","diploid","female"
"1458","0","0","0","0",-0.276134669780731,2953.60473632812,"map_8354_1_3",5,70,300,20,5,4.53221622245191,0.1,9.91165216977867,0.24867468215736,7.00213309667212,16,0.2,2,90.3804792692495,22.7748677706798,0.00261430901488313,0.0047340674912997,0.373060483016585,486,8354,1,"3","diploid","female"
"1459","0","0","0","0",-0.856953322887421,2833.48193359375,"map_8362_1_1",5,70,300,20,5,0,0.1,19.6661869143639,0.277473523379796,1.81681396811835,55,0.2,2,57.5969709084799,22.992753902279,0.0108758566316391,0.0394182508791383,0.15209732833717,487,8362,1,"1","diploid","female"
"1460","0","0","0","0",-0.856953322887421,2833.48193359375,"map_8362_1_2",5,70,300,20,5,3.73351272779937,0.1,18.4606091040222,0.492165605072136,0.50315521644082,76,0.2,2,57.5969709084799,22.992753902279,0.0156150329939547,0.0350828319287969,0.153079853442192,487,8362,1,"2","diploid","female"
"1461","0","0","0","0",-0.856953322887421,2833.48193359375,"map_8362_1_3",5,70,300,20,5,1.65446284829333,0.1,7.51870653569434,0.067442073799446,2.31148685802061,14,0.2,2,57.5969709084799,22.992753902279,0.000320924584202237,1.00585207527997e-05,0.837356999741179,487,8362,1,"3","diploid","female"
"1462","0","0","0","0",-0.910201847553253,2817.07275390625,"map_8363_1_1",5,70,300,20,5,0,0.1,22.7688466684194,0.280762924700683,1.99546243606958,59,0.2,2,56.0635577687232,23.0020750643539,0.0154514904710369,0.0786550911460695,0.0670664615726483,488,8363,1,"1","diploid","female"
"1463","0","0","0","0",-0.910201847553253,2817.07275390625,"map_8363_1_2",5,70,300,20,5,3.59922319298605,0.1,29.1475283565209,0.299952733867493,2.40123965577613,61,0.2,2,56.0635577687232,23.0020750643539,0.0246865801539449,0.145474816402467,0.0974984594026032,488,8363,1,"2","diploid","female"
"1464","0","0","0","0",-0.910201847553253,2817.07275390625,"map_8363_1_3",5,70,300,20,5,0.875538783139046,0.1,6.8837219915842,0.0379440173329805,0.414168087257426,13,0.2,2,56.0635577687232,23.0020750643539,0.0001624493242433,4.75179590735236e-06,0.457606516796083,488,8363,1,"3","diploid","female"
"1465","0","0","0","0",-0.740476489067078,2794.15380859375,"map_8365_1_1",5,70,300,20,5,2.04339998685327,0.1,18.5458217528596,0.436874198112078,1.09762009008693,100,0.2,2,56.9947706573887,23.0108336620817,0.0169903233201279,0.0710132760060302,0.107094879823558,489,8365,1,"1","diploid","female"
"1466","0","0","0","0",-0.740476489067078,2794.15380859375,"map_8365_1_2",5,70,300,20,5,2.05347473262796,0.1,12.960124978722,0.971085491799482,0.237136892483373,188,0.2,2,56.9947706573887,23.0108336620817,0.0222711822885991,0.095548045520068,0.142604715481521,489,8365,1,"2","diploid","female"
"1467","0","0","0","0",-0.740476489067078,2794.15380859375,"map_8365_1_3",5,70,300,20,5,0,0.1,7.46785997672798,0.0172831846662683,0.39865237310936,27,0.2,2,56.9947706573887,23.0108336620817,8.6809499554547e-05,5.32359551863635e-06,0.48584751020156,489,8365,1,"3","diploid","female"
"1468","0","0","0","0",-0.0675779283046722,2783.38354492188,"map_8366_1_1",5,70,300,20,5,1.45782024921379,0.1,10.5411986492948,0.788187969940427,3.23125971841389,34,0.2,2,18.1802185274463,23.0587328956241,0.0129498627680478,0.0479065389645848,0.294772760623051,490,8366,1,"1","diploid","female"
"1469","0","0","0","0",-0.0675779283046722,2783.38354492188,"map_8366_1_2",5,70,300,20,5,3.60402478731721,0.1,5.96973221774697,0.010932028201202,0.20488939440113,2,0.2,2,18.1802185274463,23.0587328956241,3.35464039487107e-05,1.40011163642559e-06,0.684256362306781,490,8366,1,"2","diploid","female"
"1470","0","0","0","0",-0.0675779283046722,2783.38354492188,"map_8366_1_3",5,70,300,20,5,0.736629045439643,0.1,7.72593071693037,0.049683865114356,0.471878012103505,2,0.2,2,18.1802185274463,23.0587328956241,0.000254618683518939,1.27077431069361e-05,0.336105061283607,490,8366,1,"3","diploid","female"
"1471","0","0","0","0",0.191571965813637,2765.19799804688,"map_8367_1_1",5,70,300,20,5,0,0.1,17.0685705046523,0.356600498165341,2.27031439253147,10,0.2,2,19.3588035524733,23.0262832704969,0.0109011513220622,0.0401563769946272,0.125881513731654,491,8367,1,"1","diploid","female"
"1472","0","0","0","0",0.191571965813637,2765.19799804688,"map_8367_1_2",5,70,300,20,5,0,0.1,50.5844589033407,3.10320344899149e-16,2.58989496898765e-29,2,0.2,2,19.3588035524733,23.0262832704969,6.2375704793704e-17,3.10320344899149e-16,0.317100604705361,491,8367,1,"2","diploid","female"
"1473","0","0","0","0",0.191571965813637,2765.19799804688,"map_8367_1_3",5,70,300,20,5,0,0.1,7.58349825295714,0.0571198197498273,0.28351089064621,2,0.2,2,19.3588035524733,23.0262832704969,0.000288857251218284,1.82390693745407e-05,0.294551644725372,491,8367,1,"3","diploid","female"
"1474","0","0","0","0",0.443325608968735,2750.95434570312,"map_8368_1_1",5,70,300,20,5,0,0.1,18.8214823133954,0.0586778450119852,0.564439148689818,6,0.2,2,20.7071505481396,22.9698812584016,0.00247638346613513,0.0117786383925003,0.129919168069791,492,8368,1,"1","diploid","female"
"1475","0","0","0","0",0.443325608968735,2750.95434570312,"map_8368_1_2",5,70,300,20,5,0,0.1,50.5443426109004,5.18753415762383e-16,0,2,0.2,2,20.7071505481396,22.9698812584016,1.04106549278912e-16,5.18753415762383e-16,0.310376386424382,492,8368,1,"2","diploid","female"
"1476","0","0","0","0",0.443325608968735,2750.95434570312,"map_8368_1_3",5,70,300,20,5,1.2533820392158,0.1,8.04444630399236,0.109147568569296,0.601200693920628,3,0.2,2,20.7071505481396,22.9698812584016,0.000610741883356273,0.00010451686283027,0.529423160992814,492,8368,1,"3","diploid","female"
"1477","0","0","0","0",-0.590919077396393,2778.4794921875,"map_8386_1_1",5,70,300,20,5,1.44751023054147,0.1,14.5534517169515,0.428721579686877,1.33417834223054,21,0.2,2,5.42110983440745,22.9117814250959,0.0101640515977533,0.0344837361644782,0.126799636811392,493,8386,1,"1","diploid","female"
"1478","0","0","0","0",-0.590919077396393,2778.4794921875,"map_8386_1_2",5,70,300,20,5,1.96967957190397,0.1,11.9989384244063,0.531042131082511,0.444481828761702,16,0.2,2,5.42110983440745,22.9117814250959,0.00809704589672485,0.0199002341169483,0.197287654290981,493,8386,1,"2","diploid","female"
"1479","0","0","0","0",-0.590919077396393,2778.4794921875,"map_8386_1_3",5,70,300,20,5,0.910361026373042,0.1,5.32882040794937,0.0566903501643984,0.389053277979836,4,0.2,2,5.42110983440745,22.9117814250959,0.000133754716562605,2.61739902058027e-07,0.513956369185312,493,8386,1,"3","diploid","female"
"1480","0","0","0","0",-0.779094398021698,2808.6591796875,"map_8387_1_1",5,70,300,20,5,2.00381654296279,0.1,11.8058966292589,0.525330454259001,1.21530520274247,12,0.2,2,9.35640723087463,22.9384170925102,0.00836053485225584,0.0234922438250216,0.2358617988583,494,8387,1,"1","diploid","female"
"1481","0","0","0","0",-0.779094398021698,2808.6591796875,"map_8387_1_2",5,70,300,20,5,1.99808059566853,0.1,8.99563029999513,0.955063170479229,0.344300914088179,19,0.2,2,9.35640723087463,22.9384170925102,0.00804776259295233,0.0138542992453384,0.375639763878691,494,8387,1,"2","diploid","female"
"1482","0","0","0","0",-0.779094398021698,2808.6591796875,"map_8387_1_3",5,70,300,20,5,0,0.1,5.42643720719485,0.0768301395301929,0.274307166706736,2,0.2,2,9.35640723087463,22.9384170925102,0.000186393960065634,1.17670538463388e-07,0.722477130782192,494,8387,1,"3","diploid","female"
"1483","0","0","0","0",-0.594361007213593,2845.56103515625,"map_8388_1_1",5,70,300,20,5,0.989226445623965,0.1,11.0337605822566,0.257165162495756,3.01977749358293,32,0.2,2,10.3335870823195,22.9106895049677,0.00358563309205132,0.00759034471406754,0.195159717969807,495,8388,1,"1","diploid","female"
"1484","0","0","0","0",-0.594361007213593,2845.56103515625,"map_8388_1_2",5,70,300,20,5,2.71018225064467,0.1,9.45260780319594,0.367206981593025,2.38468214803739,44,0.2,2,10.3335870823195,22.9106895049677,0.00368487255608702,0.00528209471321406,0.307131693328761,495,8388,1,"2","diploid","female"
"1485","0","0","0","0",-0.594361007213593,2845.56103515625,"map_8388_1_3",5,70,300,20,5,0.798006707307324,0.1,6.53629303536095,0.0376438681723421,1.94061232731827,14,0.2,2,10.3335870823195,22.9106895049677,0.000138165507284837,1.61718936547123e-07,1.06132951772614,495,8388,1,"3","diploid","female"
"1486","0","0","0","0",-0.80910450220108,2897.84252929688,"map_8389_1_1",5,70,300,20,5,1.51067248157365,0.1,7.85860499954065,0.474162743142192,2.95919358790603,14,0.2,2,10.3392512614273,22.9120516307066,0.00315202418903765,0.00473538736664159,0.576437639780617,496,8389,1,"1","diploid","female"
"1487","0","0","0","0",-0.80910450220108,2897.84252929688,"map_8389_1_2",5,70,300,20,5,2.49425674921559,0.1,6.93040262644105,1.24448911675255,2.08249190067202,64,0.2,2,10.3392512614273,22.9120516307066,0.00699187636664784,0.0100531729654021,0.999174631510191,496,8389,1,"2","diploid","female"
"1488","0","0","0","0",-0.80910450220108,2897.84252929688,"map_8389_1_3",5,70,300,20,5,1.6656860537342,0.1,5.8804788606295,0.240981958652317,4.31634814773476,3,0.2,2,10.3392512614273,22.9120516307066,0.000687267531417653,1.31892133389123e-06,0.963331185430716,496,8389,1,"3","diploid","female"
"1489","0","0","0","0",0.128265500068665,2867.83984375,"map_8403_1_1",5,70,300,20,5,2.2595073522863,0.1,10.563826599749,0.367747637358474,4.16497039772611,14,0.2,2,9.73705169742933,23.1810063080138,0.00448925091521801,0.00758462447708425,0.283659314706121,497,8403,1,"1","diploid","female"
"1490","0","0","0","0",0.128265500068665,2867.83984375,"map_8403_1_2",5,70,300,20,5,4.73136867075902,0.1,8.65385998978432,0.64853975492484,1.09846086164448,12,0.2,2,9.73705169742933,23.1810063080138,0.00435743207396066,0.00132452473125872,0.421340550227961,497,8403,1,"2","diploid","female"
"1491","0","0","0","0",0.128265500068665,2867.83984375,"map_8403_1_3",5,70,300,20,5,1.80986277957624,0.1,6.95309517785949,0.293835564186631,5.73156578205759,7,0.2,2,9.73705169742933,23.1810063080138,0.00130385804929607,0.000171564022854271,0.486657520539007,497,8403,1,"3","diploid","female"
"1492","0","0","0","0",-0.782135963439941,3180.759765625,"map_8446_1_1",5,70,300,20,5,2.34067043326187,0.1,20.7090720281347,0.301471088272624,5.76148583764815,47,0.2,2,164.15777600564,21.4160095544352,0.0139778636455348,0.0661961260923981,0.071954756648591,498,8446,1,"1","diploid","female"
"1493","0","0","0","0",-0.782135963439941,3180.759765625,"map_8446_1_2",5,70,300,20,5,5.22433870068512,0.1,17.1385240234559,0.728744015372493,0.685669911117819,46,0.2,2,164.15777600564,21.4160095544352,0.0223752373686893,0.0983097552687939,0.0727350856737098,498,8446,1,"2","diploid","female"
"1494","0","0","0","0",-0.782135963439941,3180.759765625,"map_8446_1_3",5,70,300,20,5,2.25035169497437,0.1,10.1894442627903,0.188424335831339,7.31484695535907,97,0.2,2,164.15777600564,21.4160095544352,0.00211646722662024,0.00243592929738795,0.187073468470864,498,8446,1,"3","diploid","female"
"1495","0","0","0","0",-0.858209311962128,3134.2470703125,"map_8447_1_1",5,70,300,20,5,3.92440868082751,0.1,11.8599986364396,0.424451901955368,6.13473154924768,47,0.2,2,165.789277466429,21.4601845831042,0.00796604545483789,0.029013675712115,0.208992220096697,499,8447,1,"1","diploid","female"
"1496","0","0","0","0",-0.858209311962128,3134.2470703125,"map_8447_1_2",5,70,300,20,5,4.06675464068893,0.1,11.9536033664938,0.666523574994323,2.50134814454641,53,0.2,2,165.789277466429,21.4601845831042,0.0115740663212829,0.0360938800613926,0.277554173889349,499,8447,1,"2","diploid","female"
"1497","0","0","0","0",-0.858209311962128,3134.2470703125,"map_8447_1_3",5,70,300,20,5,4.48306787625208,0.1,6.24937834325513,0.435410490822968,8.58985043134683,18,0.2,2,165.789277466429,21.4601845831042,0.00170966217481874,0.00074668622766713,0.554019719323793,499,8447,1,"3","diploid","female"
"1498","0","0","0","0",-0.934596598148346,3115.94775390625,"map_8448_1_1",5,70,300,20,5,3.57750592980735,0.1,14.9012032092532,0.266469829556869,4.42052333883717,59,0.2,2,146.954906495307,21.4533019609758,0.00603795793940267,0.0137618728278308,0.171225590107934,500,8448,1,"1","diploid","female"
"1499","0","0","0","0",-0.934596598148346,3115.94775390625,"map_8448_1_2",5,70,300,20,5,3.65309363530098,0.1,11.9316511109942,0.837583285785301,0.371535392591749,139,0.2,2,146.954906495307,21.4533019609758,0.0112988119571763,0.0156410657661341,0.083223677530897,500,8448,1,"2","diploid","female"
"1500","0","0","0","0",-0.934596598148346,3115.94775390625,"map_8448_1_3",5,70,300,20,5,4.36228903936071,0.1,8.97256859806489,0.108125753843643,6.72431867636446,34,0.2,2,146.954906495307,21.4533019609758,0.00081535166831387,0.000316480914244031,0.654268329389336,500,8448,1,"3","diploid","female"
"1501","0","0","0","0",-0.778794229030609,3080.78369140625,"map_8449_1_1",5,70,300,20,5,3.92686652846704,0.1,14.9606533123936,0.164970772313936,7.4515897862003,39,0.2,2,152.569796888535,21.4374492450938,0.0049803067558471,0.0220237250475837,0.190858544923252,501,8449,1,"1","diploid","female"
"1502","0","0","0","0",-0.778794229030609,3080.78369140625,"map_8449_1_2",5,70,300,20,5,3.86151133471156,0.1,23.517251378127,0.235014664635921,8.83726144476787,56,0.2,2,152.569796888535,21.4374492450938,0.0158130271253892,0.0827349222479903,0.168573735698487,501,8449,1,"2","diploid","female"
"1503","0","0","0","0",-0.778794229030609,3080.78369140625,"map_8449_1_3",5,70,300,20,5,4.81955707142038,0.1,7.63606571250159,0.0902558569538094,6.25250422407341,93,0.2,2,152.569796888535,21.4374492450938,0.000616608588777945,0.000974880275619565,0.397375828679278,501,8449,1,"3","diploid","female"
"1504","0","0","0","0",-0.896135032176971,3052.67333984375,"map_8450_1_1",5,70,300,20,5,3.5691957351746,0.1,16.0902162643102,0.193098893561292,5.85550152404373,54,0.2,2,148.685966928932,21.438184548058,0.00635746373330419,0.0324736071256727,0.253325469135587,502,8450,1,"1","diploid","female"
"1505","0","0","0","0",-0.896135032176971,3052.67333984375,"map_8450_1_2",5,70,300,20,5,3.4336824127398,0.1,29.3673801729143,0.328750994263483,5.18124639723903,72,0.2,2,148.685966928932,21.438184548058,0.0276946884407116,0.131827030741191,0.0897721673097496,502,8450,1,"2","diploid","female"
"1506","0","0","0","0",-0.896135032176971,3052.67333984375,"map_8450_1_3",5,70,300,20,5,4.61563561082889,0.1,10.0132901923671,0.107253263210343,7.48508887656531,37,0.2,2,148.685966928932,21.438184548058,0.00112851912863687,0.00206150333310448,0.439312349178381,502,8450,1,"3","diploid","female"
"1507","0","0","0","0",-0.945234656333923,2947.33642578125,"map_8455_1_1",5,70,300,20,5,0,0.1,18.2101753341347,0.158951111435449,4.23681755777726,19,0.2,2,91.2046174290172,22.4574149798185,0.00635960012665226,0.0306164622542595,0.209525728295497,503,8455,1,"1","diploid","female"
"1508","0","0","0","0",-0.945234656333923,2947.33642578125,"map_8455_1_2",5,70,300,20,5,6.84780122106061,0.1,32.3973387160948,0.233480427700214,4.4372775120536,31,0.2,2,91.2046174290172,22.4574149798185,0.0245852199226847,0.12496465557734,0.14094224667314,503,8455,1,"2","diploid","female"
"1509","0","0","0","0",-0.945234656333923,2947.33642578125,"map_8455_1_3",5,70,300,20,5,3.5237738946114,0.1,8.10417554857246,0.0594865807797491,3.74822991213148,10,0.2,2,91.2046174290172,22.4574149798185,0.000380625359170944,0.000190029986369974,0.687103667516763,503,8455,1,"3","diploid","female"
"1510","0","0","0","0",-0.939960360527039,2937.00927734375,"map_8456_1_1",5,70,300,20,5,0,0.1,16.4746291266047,0.148214169143225,4.48740976193648,76,0.2,2,98.294590571394,22.4288468661894,0.00500896466228899,0.0210181941838481,0.148474918506172,504,8456,1,"1","diploid","female"
"1511","0","0","0","0",-0.939960360527039,2937.00927734375,"map_8456_1_2",5,70,300,20,5,6.7035090719181,0.1,33.6914873489207,0.239225711859884,5.36044065120376,84,0.2,2,98.294590571394,22.4288468661894,0.0254240452322462,0.172879034496699,0.0967397419777726,504,8456,1,"2","diploid","female"
"1512","0","0","0","0",-0.939960360527039,2937.00927734375,"map_8456_1_3",5,70,300,20,5,3.42083395332167,0.1,8.23710742895099,0.0585389645657535,4.11259164433845,66,0.2,2,98.294590571394,22.4288468661894,0.000422486718733608,0.000345873096056621,0.352277189612423,504,8456,1,"3","diploid","female"
"1513","0","0","0","0",-0.957299590110779,2925.97509765625,"map_8457_1_1",5,70,300,20,5,2.32094031850301,0.1,16.6694143987459,0.242316610972789,3.64887609128525,6,0.2,2,94.9299591229207,22.7592597910732,0.00780867990855818,0.024719258846846,0.128227784252278,505,8457,1,"1","diploid","female"
"1514","0","0","0","0",-0.957299590110779,2925.97509765625,"map_8457_1_2",5,70,300,20,5,2.70739659953838,0.1,19.1505732404387,0.806759160016644,0.177777880652586,14,0.2,2,94.9299591229207,22.7592597910732,0.031864830340076,0.118489780978727,0.060825257688946,505,8457,1,"2","diploid","female"
"1515","0","0","0","0",-0.957299590110779,2925.97509765625,"map_8457_1_3",5,70,300,20,5,2.87699504853012,0.1,7.71110578035627,0.170809332797693,4.80622135276505,2,0.2,2,94.9299591229207,22.7592597910732,0.000970893607502892,0.000263950554527535,0.41967889233598,505,8457,1,"3","diploid","female"
"1516","0","0","0","0",-0.716870427131653,2803.21459960938,"map_8492_1_1",5,70,300,20,5,1.89643145419083,0.1,14.0714501241491,0.532791599506981,1.15935729728566,12,0.2,2,9.66417912740347,23.3632510217981,0.0120548492650159,0.036068694658855,0.272070646728036,506,8492,1,"1","diploid","female"
"1517","0","0","0","0",-0.716870427131653,2803.21459960938,"map_8492_1_2",5,70,300,20,5,2.10046862340151,0.1,8.21742244977492,0.456727531912381,3.13093515358505,5,0.2,2,9.66417912740347,23.3632510217981,0.00364186626729441,0.00509707825540515,1.93446243697276,506,8492,1,"2","diploid","female"
"1518","0","0","0","0",-0.716870427131653,2803.21459960938,"map_8492_1_3",5,70,300,20,5,0,0.1,6.97240867429099,0.0805128320299455,0.845062077945642,2,0.2,2,9.66417912740347,23.3632510217981,0.000324300656601422,1.94216974527603e-06,0.436854149085521,506,8492,1,"3","diploid","female"
"1519","0","0","0","0",-0.361343741416931,3019.16796875,"map_8505_1_1",5,70,300,20,5,3.93290849920787,0.1,9.97625731900633,0.352065569831179,5.39073313252841,14,0.2,2,82.9896525005962,22.8278943713453,0.00353173505722172,0.00514910175911285,0.43976883693182,507,8505,1,"1","diploid","female"
"1520","0","0","0","0",-0.361343741416931,3019.16796875,"map_8505_1_2",5,70,300,20,5,5.36667991521442,0.1,7.48025807950055,1.06893160938514,2.22086177328617,31,0.2,2,82.9896525005962,22.8278943713453,0.00546184029683589,0.00282545956742026,0.554374675107107,507,8505,1,"2","diploid","female"
"1521","0","0","0","0",-0.361343741416931,3019.16796875,"map_8505_1_3",5,70,300,20,5,4.26584655444954,0.1,7.58366368884317,0.322507468196928,8.39779919407309,6,0.2,2,82.9896525005962,22.8278943713453,0.0017295385317278,0.000231689703909836,0.574691100350947,507,8505,1,"3","diploid","female"
"1522","0","0","0","0",-0.28636759519577,2937.46508789062,"map_8506_1_1",5,70,300,20,5,3.43532690260665,0.1,11.7727277440881,0.219263231853665,2.70542585501353,18,0.2,2,10.6275260983115,22.7971213901558,0.00266363257389197,0.00215246442216111,0.291784893039159,508,8506,1,"1","diploid","female"
"1523","0","0","0","0",-0.28636759519577,2937.46508789062,"map_8506_1_2",5,70,300,20,5,3.95482423842712,0.1,7.43829792970538,0.238548137289991,5.97061261304052,15,0.2,2,10.6275260983115,22.7971213901558,0.00130338452852866,0.00101426923367356,0.520561596486568,508,8506,1,"2","diploid","female"
"1524","0","0","0","0",-0.28636759519577,2937.46508789062,"map_8506_1_3",5,70,300,20,5,4.14980235106125,0.1,7.40503010190866,0.0595621037786075,6.10132167347515,20,0.2,2,10.6275260983115,22.7971213901558,0.000289739711337848,1.32294671449961e-05,0.561199156705441,508,8506,1,"3","diploid","female"
"1525","0","0","0","0",-0.106100879609585,2863.76123046875,"map_8507_1_1",5,70,300,20,5,3.17654421593487,0.1,11.1350301606628,0.238951222658187,4.56119265804598,15,0.2,2,9.72022253461801,23.3499929970945,0.00362582292725127,0.0114911362922536,0.211800090962036,509,8507,1,"1","diploid","female"
"1526","0","0","0","0",-0.106100879609585,2863.76123046875,"map_8507_1_2",5,70,300,20,5,3.77135956582541,0.1,8.46220729380394,0.317438136047178,4.70783707330849,12,0.2,2,9.72022253461801,23.3499929970945,0.00255287311829913,0.00542764125864162,0.435892386695435,509,8507,1,"2","diploid","female"
"1527","0","0","0","0",-0.106100879609585,2863.76123046875,"map_8507_1_3",5,70,300,20,5,2.94026852571649,0.1,8.1057532746921,0.152713302798747,4.50624004501958,11,0.2,2,9.72022253461801,23.3499929970945,0.000904697570538743,0.000217959514190569,0.432046974038252,509,8507,1,"3","diploid","female"
"1528","0","0","0","0",-0.893353700637817,3118.966796875,"map_8550_1_1",5,70,300,20,5,3.81596238072925,0.1,13.6063408089797,0.422990893409683,5.37258730820416,16,0.2,2,169.668586604223,21.4342687190701,0.0100696563246484,0.041828345510664,0.257601993732235,510,8550,1,"1","diploid","female"
"1529","0","0","0","0",-0.893353700637817,3118.966796875,"map_8550_1_2",5,70,300,20,5,3.91175044424939,0.1,12.5616562537418,0.860920827166541,3.71985687976523,37,0.2,2,169.668586604223,21.4342687190701,0.0202093958465343,0.118716851649023,0.485419605005215,510,8550,1,"2","diploid","female"
"1530","0","0","0","0",-0.893353700637817,3118.966796875,"map_8550_1_3",5,70,300,20,5,4.53837500745652,0.1,8.82614019550132,0.329310653161678,7.98216219987935,5,0.2,2,169.668586604223,21.4342687190701,0.00264456558492777,0.00361158119292122,0.3673602651412,510,8550,1,"3","diploid","female"
"1531","0","0","0","0",-0.639180123806,3080.5234375,"map_8551_1_1",5,70,300,20,5,4.47627351667809,0.1,13.2188347553428,0.444666623792767,8.3431678006525,47,0.2,2,167.35231851977,21.4262077737092,0.0117823565788254,0.0558305670622119,0.266168194915455,511,8551,1,"1","diploid","female"
"1532","0","0","0","0",-0.639180123806,3080.5234375,"map_8551_1_2",5,70,300,20,5,4.38805014049862,0.1,22.4306623899237,0.645425221386166,3.48477946955621,53,0.2,2,167.35231851977,21.4262077737092,0.0365968187446921,0.227672334891482,0.125940432863459,511,8551,1,"2","diploid","female"
"1533","0","0","0","0",-0.639180123806,3080.5234375,"map_8551_1_3",5,70,300,20,5,5.24602700942822,0.1,7.5676757836856,0.376937611698512,9.55954062434065,23,0.2,2,167.35231851977,21.4262077737092,0.00314891875762715,0.00900116655509519,0.559943180258893,511,8551,1,"3","diploid","female"
"1534","0","0","0","0",-0.959798395633698,3055.16943359375,"map_8552_1_1",5,70,300,20,5,0,0.1,14.6490841570985,0.183249214853723,5.62673332684039,150,0.2,2,153.947935421205,21.4298667295167,0.00436566266922428,0.0146568397099516,0.21658855089453,512,8552,1,"1","diploid","female"
"1535","0","0","0","0",-0.959798395633698,3055.16943359375,"map_8552_1_2",5,70,300,20,5,11.0512998888144,0.1,18.2456354697708,0.270748604317221,8.68252324926371,152,0.2,2,153.947935421205,21.4298667295167,0.0099260152551512,0.0428326155382491,0.181853624901996,512,8552,1,"2","diploid","female"
"1536","0","0","0","0",-0.959798395633698,3055.16943359375,"map_8552_1_3",5,70,300,20,5,3.67555210892995,0.1,8.49277789550401,0.123217856229063,7.57399671517657,145,0.2,2,153.947935421205,21.4298667295167,0.000883246146739151,0.000518903350514582,0.47048440778868,512,8552,1,"3","diploid","female"
"1537","0","0","0","0",-0.800445854663849,3031.01928710938,"map_8553_1_1",5,70,300,20,5,3.75787999862172,0.1,13.0846368789932,0.156017380661875,7.7577735632586,55,0.2,2,157.175482936872,21.4171778846817,0.00368949467063673,0.0158723079358455,0.26018361342264,513,8553,1,"1","diploid","female"
"1538","0","0","0","0",-0.800445854663849,3031.01928710938,"map_8553_1_2",5,70,300,20,5,3.52135993195037,0.1,25.1605991244207,0.215938868551248,7.01269315375449,58,0.2,2,157.175482936872,21.4171778846817,0.0159159062455782,0.0851161185009822,0.203198079714248,513,8553,1,"2","diploid","female"
"1539","0","0","0","0",-0.800445854663849,3031.01928710938,"map_8553_1_3",5,70,300,20,5,4.75251333828687,0.1,7.60294281782108,0.0944751405886199,6.98203487631251,55,0.2,2,157.175482936872,21.4171778846817,0.000548835309402183,0.000420626425789866,0.549952660807823,513,8553,1,"3","diploid","female"
"1540","0","0","0","0",-0.872183620929718,2864.54443359375,"map_8599_1_1",5,70,300,20,5,2.06471274506282,0.1,14.185589509955,0.204016002849093,3.08822447074515,47,0.2,2,19.0723271583798,22.9397625569357,0.00438141067981172,0.0132460885738174,0.242680663542967,514,8599,1,"1","diploid","female"
"1541","0","0","0","0",-0.872183620929718,2864.54443359375,"map_8599_1_2",5,70,300,20,5,2.2507257647443,0.1,14.3497298082265,0.551499645250759,0.555736786558601,107,0.2,2,19.0723271583798,22.9397625569357,0.0109038812788839,0.0188299769247471,0.189962192443851,514,8599,1,"2","diploid","female"
"1542","0","0","0","0",-0.872183620929718,2864.54443359375,"map_8599_1_3",5,70,300,20,5,2.31799006373298,0.1,6.18263974269303,0.123851365854147,2.88816204450517,50,0.2,2,19.0723271583798,22.9397625569357,0.000407311856877266,2.3197528536886e-06,0.699273375019416,514,8599,1,"3","diploid","female"
"1543","0","0","0","0",-0.572523355484009,2888.1064453125,"map_8600_1_1",5,70,300,20,5,2.62195366584472,0.1,13.8487680327837,0.213057836780722,3.48842579580439,27,0.2,2,20.290888222349,22.930728225877,0.00403943256368899,0.0101944285794891,0.293731879174447,515,8600,1,"1","diploid","female"
"1544","0","0","0","0",-0.572523355484009,2888.1064453125,"map_8600_1_2",5,70,300,20,5,2.91893877872061,0.1,10.443427903258,0.640014239203166,0.787652952005544,90,0.2,2,20.290888222349,22.930728225877,0.00658623845635813,0.0105891598179982,0.168723201557714,515,8600,1,"2","diploid","female"
"1545","0","0","0","0",-0.572523355484009,2888.1064453125,"map_8600_1_3",5,70,300,20,5,2.9369161638388,0.1,8.2335791161314,0.0946214538557263,4.55507604472187,23,0.2,2,20.290888222349,22.930728225877,0.00060381601391302,8.38815989254316e-05,0.436274935131742,515,8600,1,"3","diploid","female"
"1546","0","0","0","0",-0.426106065511703,3031.54638671875,"map_8608_1_1",5,70,300,20,5,1.67470643452986,0.1,9.45948258400311,0.283392477122231,7.74725917547216,5,0.2,2,84.1151902968701,22.8284547241819,0.00295914465624931,0.00616267665765488,0.215296213819986,516,8608,1,"1","diploid","female"
"1547","0","0","0","0",-0.426106065511703,3031.54638671875,"map_8608_1_2",5,70,300,20,5,5.89266386942993,0.1,8.85512100337885,0.379438686558031,8.61548531303294,3,0.2,2,84.1151902968701,22.8284547241819,0.00298376585960954,0.00238644515076495,0.225871645679273,516,8608,1,"2","diploid","female"
"1548","0","0","0","0",-0.426106065511703,3031.54638671875,"map_8608_1_3",5,70,300,20,5,1.74760203525183,0.1,7.22889459735268,0.331847282204683,8.85943349584744,2,0.2,2,84.1151902968701,22.8284547241819,0.00166858022662438,0.000396362611860585,0.368674588554453,516,8608,1,"3","diploid","female"
"1549","0","0","0","0",0.187963843345642,2990.16015625,"map_8609_1_1",5,70,300,20,5,4.29493400863887,0.1,11.7567743306991,0.227484462059829,10.5305507112889,50,0.2,2,84.819618174404,22.7966906293022,0.00363920942847225,0.00975178033485189,0.19819358300854,517,8609,1,"1","diploid","female"
"1550","0","0","0","0",0.187963843345642,2990.16015625,"map_8609_1_2",5,70,300,20,5,8.16482160048115,0.1,10.2711118315727,0.325889140002381,9.35098924325683,54,0.2,2,84.819618174404,22.7966906293022,0.00351334997290953,0.0056693627338293,0.322369679079952,517,8609,1,"2","diploid","female"
"1551","0","0","0","0",0.187963843345642,2990.16015625,"map_8609_1_3",5,70,300,20,5,3.31316233516461,0.1,9.71293956161938,0.21021749283862,10.1362167883887,130,0.2,2,84.819618174404,22.7966906293022,0.00211950343305739,0.00365515290040504,0.318598156929138,517,8609,1,"3","diploid","female"
"1552","0","0","0","0",-0.0975015833973885,2918.12890625,"map_8610_1_1",5,70,300,20,5,3.82199228015861,0.1,9.69348004851833,0.142658599575025,6.18246262379862,29,0.2,2,10.102064504217,22.8360428118363,0.00128364512103306,0.0009576271893149,0.338834759213827,518,8610,1,"1","diploid","female"
"1553","0","0","0","0",-0.0975015833973885,2918.12890625,"map_8610_1_2",5,70,300,20,5,4.25481030587354,0.1,8.95005755732755,0.260548638233888,4.44267591336535,33,0.2,2,10.102064504217,22.8360428118363,0.00183017809326448,0.000427438595888478,0.542078697861322,518,8610,1,"2","diploid","female"
"1554","0","0","0","0",-0.0975015833973885,2918.12890625,"map_8610_1_3",5,70,300,20,5,4.19539609309708,0.1,8.54238661952691,0.100559692620032,6.57850908332456,103,0.2,2,10.102064504217,22.8360428118363,0.000650264373374014,2.52808170922644e-05,0.373720581941572,518,8610,1,"3","diploid","female"
"1555","0","0","0","0",-0.512972116470337,2814.5546875,"map_8611_1_1",5,70,300,20,5,2.22205255082625,0.1,11.3115344164589,0.510481157394268,1.68971090246647,117,0.2,2,10.3936063812619,23.3418556711867,0.00741913144920868,0.0200875974072763,0.347410235692955,519,8611,1,"1","diploid","female"
"1556","0","0","0","0",-0.512972116470337,2814.5546875,"map_8611_1_2",5,70,300,20,5,2.48938072587256,0.1,7.48101132721236,1.02386241786201,1.12149694561739,68,0.2,2,10.3936063812619,23.3418556711867,0.00551142887161393,0.00467028777117674,0.718357923670109,519,8611,1,"2","diploid","female"
"1557","0","0","0","0",-0.512972116470337,2814.5546875,"map_8611_1_3",5,70,300,20,5,1.87110978200513,0.1,5.9766382157386,0.193470681066482,2.47329086515138,70,0.2,2,10.3936063812619,23.3418556711867,0.000593490123081393,9.6395570328868e-06,0.362539034372419,519,8611,1,"3","diploid","female"
"1558","0","0","0","0",-0.909402012825012,3065.662109375,"map_8654_1_1",5,70,300,20,5,1.7972601542293,0.1,9.31373970614881,0.224942771392039,6.39878787894319,84,0.2,2,94.6498550972669,21.467183443663,0.0021949920996338,0.0056104262006488,0.326060453924263,520,8654,1,"1","diploid","female"
"1559","0","0","0","0",-0.909402012825012,3065.662109375,"map_8654_1_2",5,70,300,20,5,3.59488576175123,0.1,14.8660741632778,0.331969262441936,6.52091147059562,151,0.2,2,94.6498550972669,21.467183443663,0.0106464326865176,0.0507271575285144,0.28516108516343,520,8654,1,"2","diploid","female"
"1560","0","0","0","0",-0.909402012825012,3065.662109375,"map_8654_1_3",5,70,300,20,5,2.37473559691519,0.1,7.34618430392378,0.109584018360585,6.58919618837979,110,0.2,2,94.6498550972669,21.467183443663,0.000511734406380138,4.32196522633978e-05,0.570955156008748,520,8654,1,"3","diploid","female"
"1561","0","0","0","0",-0.652068197727203,3037.20532226562,"map_8655_1_1",5,70,300,20,5,4.06025059647992,0.1,8.2808428583311,0.454136993859838,6.41069733666177,7,0.2,2,96.6696251777319,21.4223008161103,0.00324527572991116,0.00413916874609734,0.494781460623663,521,8655,1,"1","diploid","female"
"1562","0","0","0","0",-0.652068197727203,3037.20532226562,"map_8655_1_2",5,70,300,20,5,3.74005175073071,0.1,7.50897262043547,1.14709910476597,4.14570839833132,36,0.2,2,96.6696251777319,21.4223008161103,0.00785082845612137,0.0170096166118862,0.802025703607896,521,8655,1,"2","diploid","female"
"1563","0","0","0","0",-0.652068197727203,3037.20532226562,"map_8655_1_3",5,70,300,20,5,5.20970553326579,0.1,7.05226714497719,0.221913202050179,8.49288093918684,3,0.2,2,96.6696251777319,21.4223008161103,0.0009735786620063,0.000187379350477565,0.526207470832175,521,8655,1,"3","diploid","female"
"1564","0","0","0","0",-0.68755966424942,2987.08618164062,"map_8657_1_1",5,70,300,20,5,3.68908935860148,0.1,12.0572322063836,0.170191103218401,6.24764111628705,7,0.2,2,76.9090479267792,21.4394525356863,0.00274040912245387,0.00717984261195399,0.269199396731285,522,8657,1,"1","diploid","female"
"1565","0","0","0","0",-0.68755966424942,2987.08618164062,"map_8657_1_2",5,70,300,20,5,3.17146277747991,0.1,14.3353645167205,0.687625441280901,0.484425373888465,27,0.2,2,76.9090479267792,21.4394525356863,0.015309741625848,0.0677424844010599,0.0990153826922642,522,8657,1,"2","diploid","female"
"1566","0","0","0","0",-0.68755966424942,2987.08618164062,"map_8657_1_3",5,70,300,20,5,4.90753312643476,0.1,8.48609236954407,0.0394582518313795,4.314373784431,4,0.2,2,76.9090479267792,21.4394525356863,0.000249969828182932,4.14586701342736e-05,0.643561292831284,522,8657,1,"3","diploid","female"
"1567","0","0","0","0",-0.364114493131638,2805.49194335938,"map_8702_1_1",5,70,300,20,5,1.18841152034947,0.1,15.4796895063769,0.300361911661732,2.67453306484358,26,0.2,2,8.00865934603535,22.943167871283,0.0080757525219961,0.0280025034811708,0.126965230280104,523,8702,1,"1","diploid","female"
"1568","0","0","0","0",-0.364114493131638,2805.49194335938,"map_8702_1_2",5,70,300,20,5,2.72961056515642,0.1,12.4412701716476,0.533192492275983,0.592505604102716,37,0.2,2,8.00865934603535,22.943167871283,0.00842549394465086,0.0172614092159823,0.239680854751026,523,8702,1,"2","diploid","female"
"1569","0","0","0","0",-0.364114493131638,2805.49194335938,"map_8702_1_3",5,70,300,20,5,0.765825937752602,0.1,5.71110124656451,0.0995083411301152,1.26620289421577,9,0.2,2,8.00865934603535,22.943167871283,0.000270151538755527,7.23595936123493e-07,0.425687728468113,523,8702,1,"3","diploid","female"
"1570","0","0","0","0",-0.502004206180573,2833.7333984375,"map_8703_1_1",5,70,300,20,5,1.46277488058728,0.1,11.6247868658894,0.38118660271473,2.17439772030205,66,0.2,2,19.0872500901206,22.9299563474433,0.00593141666130189,0.0163361979390343,0.274636123640418,524,8703,1,"1","diploid","female"
"1571","0","0","0","0",-0.502004206180573,2833.7333984375,"map_8703_1_2",5,70,300,20,5,2.79069513473016,0.1,8.78016071564983,0.832487624861237,0.876888086852233,90,0.2,2,19.0872500901206,22.9299563474433,0.00676621302792586,0.012209354997045,0.479738265539937,524,8703,1,"2","diploid","female"
"1572","0","0","0","0",-0.502004206180573,2833.7333984375,"map_8703_1_3",5,70,300,20,5,1.21516973519808,0.1,7.46243335019826,0.0187331524326987,1.68605119822992,66,0.2,2,19.0872500901206,22.9299563474433,9.40541015139824e-05,6.08064009339156e-06,0.305874181273303,524,8703,1,"3","diploid","female"
"1573","0","0","0","0",-0.641732335090637,2862.73193359375,"map_8704_1_1",5,70,300,20,5,2.41167084596833,0.1,11.38851428477,0.215437356740293,3.63764425077882,43,0.2,2,19.8250639315855,22.9303550255523,0.00336724990204865,0.00966598388199591,0.227096420615794,525,8704,1,"1","diploid","female"
"1574","0","0","0","0",-0.641732335090637,2862.73193359375,"map_8704_1_2",5,70,300,20,5,2.59592282893863,0.1,11.7454032365584,0.206706366092703,3.54057200878066,40,0.2,2,19.8250639315855,22.9303550255523,0.00345742158539481,0.00897236120118447,0.430363684656812,525,8704,1,"2","diploid","female"
"1575","0","0","0","0",-0.641732335090637,2862.73193359375,"map_8704_1_3",5,70,300,20,5,2.52515515597482,0.1,7.27668312921833,0.0718003725316015,3.82344510219107,61,0.2,2,19.8250639315855,22.9303550255523,0.000331010359791311,8.13710643724411e-06,0.528037530752596,525,8704,1,"3","diploid","female"
"1576","0","0","0","0",-0.441365391016006,3012.01733398438,"map_8712_1_1",5,70,300,20,5,3.70241366674643,0.1,10.8564432499018,0.158457625433401,6.07968983409454,29,0.2,2,83.367409538193,22.8358589586361,0.00217190602719355,0.00542644292113479,0.288103942918962,526,8712,1,"1","diploid","female"
"1577","0","0","0","0",-0.441365391016006,3012.01733398438,"map_8712_1_2",5,70,300,20,5,5.03030908939892,0.1,8.52375201570668,0.263752624756745,7.08061352364367,41,0.2,2,83.367409538193,22.8358589586361,0.00211747171722817,0.0037577526334772,0.593475437051049,526,8712,1,"2","diploid","female"
"1578","0","0","0","0",-0.441365391016006,3012.01733398438,"map_8712_1_3",5,70,300,20,5,4.0935027646591,0.1,7.94261366471531,0.111276792921508,6.86945439440413,32,0.2,2,83.367409538193,22.8358589586361,0.000645283900362954,0.000222919972257863,0.52241036971517,526,8712,1,"3","diploid","female"
"1579","0","0","0","0",-0.636036813259125,2957.73852539062,"map_8713_1_1",5,70,300,20,5,2.36580997839405,0.1,12.8427897225489,0.227836152148681,4.11667183867616,61,0.2,2,85.4752468730128,22.8236363728841,0.004190674620321,0.0119876910868588,0.388491495473489,527,8713,1,"1","diploid","female"
"1580","0","0","0","0",-0.636036813259125,2957.73852539062,"map_8713_1_2",5,70,300,20,5,4.48344579545228,0.1,9.11503254991954,0.838396540419342,1.59512852120137,201,0.2,2,85.4752468730128,22.8236363728841,0.00783257343104994,0.0169071500230318,0.640223055447981,527,8713,1,"2","diploid","female"
"1581","0","0","0","0",-0.636036813259125,2957.73852539062,"map_8713_1_3",5,70,300,20,5,2.19374707025008,0.1,7.70428177597057,0.0743755998218485,5.88718961497118,97,0.2,2,85.4752468730128,22.8236363728841,0.000394201722324493,9.31564389143372e-05,0.769876739053408,527,8713,1,"3","diploid","female"
"1582","0","0","0","0",-0.633110880851746,2863.11474609375,"map_8714_1_1",5,70,300,20,5,2.45726262529606,0.1,14.2038328731288,0.175883904738113,3.15277605500739,22,0.2,2,8.52230298303785,22.844167937472,0.0034906714657779,0.00570655541053604,0.244992539883334,528,8714,1,"1","diploid","female"
"1583","0","0","0","0",-0.633110880851746,2863.11474609375,"map_8714_1_2",5,70,300,20,5,2.59115008282343,0.1,14.6460438554439,0.183011911846642,2.63346292054181,19,0.2,2,8.52230298303785,22.844167937472,0.00357174638147347,0.00438995537497071,0.364406978951159,528,8714,1,"2","diploid","female"
"1584","0","0","0","0",-0.633110880851746,2863.11474609375,"map_8714_1_3",5,70,300,20,5,2.63686348250287,0.1,7.29810027739861,0.077653409007551,3.35278935459477,18,0.2,2,8.52230298303785,22.844167937472,0.000368326574696071,2.1329748980771e-06,0.608354691155998,528,8714,1,"3","diploid","female"
"1585","0","0","0","0",-0.669612646102905,3003.14306640625,"map_8759_1_1",5,70,300,20,5,3.26100997109301,0.1,17.0621332755342,0.147765679791862,6.15701061109598,30,0.2,2,91.4426223906964,22.4788001748019,0.00438783855876751,0.0106823147159862,0.178804113493,529,8759,1,"1","diploid","female"
"1586","0","0","0","0",-0.669612646102905,3003.14306640625,"map_8759_1_2",5,70,300,20,5,3.81042130545518,0.1,15.3746835536374,0.626211216192297,0.700996116613661,99,0.2,2,91.4426223906964,22.4788001748019,0.0148003448654134,0.041038420819024,0.11923745602723,529,8759,1,"2","diploid","female"
"1587","0","0","0","0",-0.669612646102905,3003.14306640625,"map_8759_1_3",5,70,300,20,5,4.21214395314714,0.1,9.09050515956985,0.105166340077712,7.18514741569344,36,0.2,2,91.4426223906964,22.4788001748019,0.0008735628806253,0.000394738579601724,0.396390980098361,529,8759,1,"3","diploid","female"
"1588","0","0","0","0",-0.722272872924805,2975.02856445312,"map_8760_1_1",5,70,300,20,5,2.27154238781902,0.1,12.5463828918711,0.232990795643268,5.01640493733501,130,0.2,2,75.2864783198334,22.4869950865854,0.00439926149125949,0.0116915550648664,0.2422980680645,530,8760,1,"1","diploid","female"
"1589","0","0","0","0",-0.722272872924805,2975.02856445312,"map_8760_1_2",5,70,300,20,5,7.25764033628373,0.1,16.21427073607,0.619203513982992,0.757592494802255,220,0.2,2,75.2864783198334,22.4869950865854,0.0170561413635568,0.0558355367801834,0.15784467564183,530,8760,1,"2","diploid","female"
"1590","0","0","0","0",-0.722272872924805,2975.02856445312,"map_8760_1_3",5,70,300,20,5,2.22100706683686,0.1,7.59957689730566,0.15468456699481,5.93971883466767,126,0.2,2,75.2864783198334,22.4869950865854,0.000806423904413157,0.000154811698022956,0.560563487224749,530,8760,1,"3","diploid","female"
"1591","0","0","0","0",-0.532599091529846,2813.2900390625,"map_8807_1_1",5,70,300,20,5,1.07503307796142,0.1,12.6213648217006,0.293212682011607,2.83137964281917,42,0.2,2,7.19421579463538,22.9142132755926,0.00544441266931472,0.016057917845355,0.149588032568768,531,8807,1,"1","diploid","female"
"1592","0","0","0","0",-0.532599091529846,2813.2900390625,"map_8807_1_2",5,70,300,20,5,2.51911868846759,0.1,10.3294154995609,0.326809118738637,2.44390348231296,37,0.2,2,7.19421579463538,22.9142132755926,0.00393947613249247,0.00825193394016694,0.254161410417642,531,8807,1,"2","diploid","female"
"1593","0","0","0","0",-0.532599091529846,2813.2900390625,"map_8807_1_3",5,70,300,20,5,0.752997097376485,0.1,5.83930257428969,0.0883276349454653,1.59774431545991,19,0.2,2,7.19421579463538,22.9142132755926,0.000255296851384478,2.00777543839162e-06,0.97303230219135,531,8807,1,"3","diploid","female"
"1594","0","0","0","0",-0.484334856271744,2839.34252929688,"map_8808_1_1",5,70,300,20,5,2.57374229672134,0.1,13.9266312566076,0.253601958662121,2.78451613642805,49,0.2,2,7.54762790347155,22.936944173684,0.00519916495096517,0.0148175625699801,0.234504344860004,532,8808,1,"1","diploid","female"
"1595","0","0","0","0",-0.484334856271744,2839.34252929688,"map_8808_1_2",5,70,300,20,5,2.64123672764534,0.1,8.31071251540605,0.966925678670043,0.73444271333469,48,0.2,2,7.54762790347155,22.936944173684,0.00686980524241865,0.00890231469532907,0.551158256816053,532,8808,1,"2","diploid","female"
"1596","0","0","0","0",-0.484334856271744,2839.34252929688,"map_8808_1_3",5,70,300,20,5,2.39823972073224,0.1,6.82108955498763,0.0972651033932122,3.0768454370023,71,0.2,2,7.54762790347155,22.936944173684,0.000381886319849055,2.18526691885526e-06,0.374437301933824,532,8808,1,"3","diploid","female"
"1597","0","0","0","0",-0.939366161823273,3002.47607421875,"map_8815_1_1",5,70,300,20,5,2.80588016807555,0.1,5.78032152392949,0.249103238360699,4.49538806092048,3,0.2,2,9.59860597732802,21.9098653613795,0.000730905225343638,3.81190438193607e-05,0.599203872956991,533,8815,1,"1","diploid","female"
"1598","0","0","0","0",-0.939366161823273,3002.47607421875,"map_8815_1_2",5,70,300,20,5,2.76887384259232,0.1,5.77022799558874,0.401558126334955,4.95639161939933,3,0.2,2,9.59860597732802,21.9098653613795,0.00123158699040183,0.000278691251677054,0.727283327778809,533,8815,1,"2","diploid","female"
"1599","0","0","0","0",-0.939366161823273,3002.47607421875,"map_8815_1_3",5,70,300,20,5,4.32419584272374,0.1,5.39256117651842,0.173791111486176,3.88210182491323,2,0.2,2,9.59860597732802,21.9098653613795,0.000412954742867557,9.6096197636851e-08,0.971775047246093,533,8815,1,"3","diploid","female"
"1600","0","0","0","0",-0.683966815471649,2953.69946289062,"map_8816_1_1",5,70,300,20,5,2.67309929942846,0.1,5.61689978014093,0.722981969739148,5.13213237927956,8,0.2,2,9.0498341073675,22.8259209752215,0.0020568530670646,0.000615048210950742,0.82667924477047,534,8816,1,"1","diploid","female"
"1601","0","0","0","0",-0.683966815471649,2953.69946289062,"map_8816_1_2",5,70,300,20,5,3.20994165530818,0.1,5.24071404552378,2.50852563396916,5.40715422940738,65,0.2,2,9.0498341073675,22.8259209752215,0.00579086026245159,0.000944955635950794,1.5463499706137,534,8816,1,"2","diploid","female"
"1602","0","0","0","0",-0.683966815471649,2953.69946289062,"map_8816_1_3",5,70,300,20,5,3.6596334993459,0.1,5.27986872430372,0.556853718230239,5.47919229825545,2,0.2,2,9.0498341073675,22.8259209752215,0.00126271136316947,1.73996942235044e-06,1.01412387380341,534,8816,1,"3","diploid","female"
"1603","0","0","0","0",-0.75722199678421,2877.85180664062,"map_8817_1_1",5,70,300,20,5,1.21434243216147,0.1,12.613979429589,0.219287332541867,2.68598575025826,32,0.2,2,9.78781136464439,22.7880239243787,0.00325765368777174,0.00396827354773045,0.295398089023855,535,8817,1,"1","diploid","female"
"1604","0","0","0","0",-0.75722199678421,2877.85180664062,"map_8817_1_2",5,70,300,20,5,2.72064896397961,0.1,9.49534796208406,0.819883828006839,0.394963127345096,147,0.2,2,9.78781136464439,22.7880239243787,0.0068171550771708,0.00743399279579869,0.172603032830243,535,8817,1,"2","diploid","female"
"1605","0","0","0","0",-0.75722199678421,2877.85180664062,"map_8817_1_3",5,70,300,20,5,1.26174570434349,0.1,7.16310753080348,0.0861412911630808,3.88228813976771,22,0.2,2,9.78781136464439,22.7880239243787,0.000381537045911869,5.31633241138568e-06,0.56403456847537,535,8817,1,"3","diploid","female"
"1606","0","0","0","0",-0.806919157505035,3051.04125976562,"map_8859_1_1",5,70,300,20,5,3.04667446624102,0.1,19.5950193435594,0.216791864184448,6.97629786606919,55,0.2,2,130.412557075982,21.9695123944964,0.00927715466462693,0.0430326891496874,0.109548411801769,536,8859,1,"1","diploid","female"
"1607","0","0","0","0",-0.806919157505035,3051.04125976562,"map_8859_1_2",5,70,300,20,5,9.48048477075884,0.1,24.493581095908,0.317824110979992,4.77410729188201,60,0.2,2,130.412557075982,21.9695123944964,0.0197337157183475,0.0910209711985136,0.141954827621554,536,8859,1,"2","diploid","female"
"1608","0","0","0","0",-0.806919157505035,3051.04125976562,"map_8859_1_3",5,70,300,20,5,2.95064430965385,0.1,9.85402650299251,0.157404374350536,8.65104168261067,50,0.2,2,130.412557075982,21.9695123944964,0.00172412810187289,0.00302022393028372,0.297347263332786,536,8859,1,"3","diploid","female"
"1609","0","0","0","0",-0.870215058326721,3042.72583007812,"map_8860_1_1",5,70,300,20,5,3.19089054668207,0.1,13.2883757996094,0.258144912392862,5.42995632582307,8,0.2,2,93.7322580204454,21.9870317993502,0.00475835019448699,0.00888300422192903,0.238265157655701,537,8860,1,"1","diploid","female"
"1610","0","0","0","0",-0.870215058326721,3042.72583007812,"map_8860_1_2",5,70,300,20,5,3.44106848637411,0.1,10.8207191695947,0.976320373897939,0.381037961410868,30,0.2,2,93.7322580204454,21.9870317993502,0.0114475058991031,0.0198550050963458,0.0822039495181688,537,8860,1,"2","diploid","female"
"1611","0","0","0","0",-0.870215058326721,3042.72583007812,"map_8860_1_3",5,70,300,20,5,4.36706055291587,0.1,7.20050525670493,0.218959413328213,7.51027847116989,4,0.2,2,93.7322580204454,21.9870317993502,0.00110108840939904,0.000276229254848275,0.455462554913346,537,8860,1,"3","diploid","female"
"1612","0","0","0","0",-0.167170748114586,2801.0048828125,"map_8911_1_1",5,70,300,20,5,2.73716192482213,0.1,12.8109005485982,0.40790849371269,3.32911143508777,9,0.2,2,7.383094389301,23.3811678796644,0.00839981508331157,0.0271415272545183,0.132446022855274,538,8911,1,"1","diploid","female"
"1613","0","0","0","0",-0.167170748114586,2801.0048828125,"map_8911_1_2",5,70,300,20,5,2.97413474659991,0.1,8.07020693566936,0.530788186062691,3.97889851449739,5,0.2,2,7.383094389301,23.3811678796644,0.00421094836163315,0.00566605889898008,0.339105719005205,538,8911,1,"2","diploid","female"
"1614","0","0","0","0",-0.167170748114586,2801.0048828125,"map_8911_1_3",5,70,300,20,5,1.96382199085945,0.1,6.313560778599,0.381118706772451,3.20206513968772,3,0.2,2,7.383094389301,23.3811678796644,0.00135460474260465,5.87285872650841e-05,0.431641727979016,538,8911,1,"3","diploid","female"
"1615","0","0","0","0",-0.877471745014191,2909.703125,"map_8919_1_1",5,70,300,20,5,0.96099182643819,0.1,9.97923369723701,0.136391316666038,3.25158420893578,14,0.2,2,9.09253331834444,23.1114436727294,0.00147681212942784,0.00315102400039422,0.271262743019049,539,8919,1,"1","diploid","female"
"1616","0","0","0","0",-0.877471745014191,2909.703125,"map_8919_1_2",5,70,300,20,5,2.74135759341254,0.1,10.4375228789091,0.101921225417371,4.6003883363152,11,0.2,2,9.09253331834444,23.1114436727294,0.001277310809115,0.00326206974611534,0.42211024679115,539,8919,1,"2","diploid","female"
"1617","0","0","0","0",-0.877471745014191,2909.703125,"map_8919_1_3",5,70,300,20,5,1.05952006872602,0.1,7.49287997044032,0.047515243193699,3.72370553211026,8,0.2,2,9.09253331834444,23.1114436727294,0.000221719707582441,1.15449857449959e-06,0.62723807422917,539,8919,1,"3","diploid","female"
"1618","0","0","0","0",-0.776371419429779,2874.25122070312,"map_8920_1_1",5,70,300,20,5,2.02101910107888,0.1,13.8493435490544,0.251744686952411,1.95332402772685,36,0.2,2,9.7097110402495,23.4433007837002,0.0048289687347469,0.0133182173316926,0.253487542634289,540,8920,1,"1","diploid","female"
"1619","0","0","0","0",-0.776371419429779,2874.25122070312,"map_8920_1_2",5,70,300,20,5,2.56258992407661,0.1,11.1200161501851,0.193726868120195,2.8174748851136,23,0.2,2,9.7097110402495,23.4433007837002,0.0022886216212617,0.00314355633001136,0.366369600295929,540,8920,1,"2","diploid","female"
"1620","0","0","0","0",-0.776371419429779,2874.25122070312,"map_8920_1_3",5,70,300,20,5,2.29981007571541,0.1,7.13858826038854,0.132933857335225,3.19933563692911,20,0.2,2,9.7097110402495,23.4433007837002,0.000565809185072008,1.39659488145785e-05,0.592634528657584,540,8920,1,"3","diploid","female"
"1621","0","0","0","0",-0.697397232055664,2804.06958007812,"map_8921_1_1",5,70,300,20,5,1.90779334287833,0.1,15.0725432229988,0.306275988713804,2.18245050803355,76,0.2,2,9.07554076598382,23.4361911575131,0.00880454945353133,0.0402500867857932,0.130305112655602,541,8921,1,"1","diploid","female"
"1622","0","0","0","0",-0.697397232055664,2804.06958007812,"map_8921_1_2",5,70,300,20,5,2.16425152455651,0.1,10.8213394556466,0.268118966510433,3.05350621948622,50,0.2,2,9.07554076598382,23.4361911575131,0.00428133644307373,0.0173616370152408,0.320562260281688,541,8921,1,"2","diploid","female"
"1623","0","0","0","0",-0.697397232055664,2804.06958007812,"map_8921_1_3",5,70,300,20,5,0,0.1,7.4129335106483,0.0239502151438441,0.943975560478614,53,0.2,2,9.07554076598382,23.4361911575131,0.000115139768543469,9.94287873188463e-07,0.324180329042152,541,8921,1,"3","diploid","female"
"1624","0","0","0","0",-0.688515603542328,2748.84741210938,"map_8922_1_1",5,70,300,20,5,0,0.1,17.6233057358689,0.392062266530064,1.21541929771548,44,0.2,2,2.8471215910269,23.430136886546,0.0143098769546233,0.0727692948253153,0.07559445669407,542,8922,1,"1","diploid","female"
"1625","0","0","0","0",-0.688515603542328,2748.84741210938,"map_8922_1_2",5,70,300,20,5,0,0.1,9.31814853846018,0.00105829941542351,0.0234214225031701,5,0.2,2,2.8471215910269,23.430136886546,7.86244178192542e-06,8.79477010892304e-07,0.560115284525385,542,8922,1,"2","diploid","female"
"1626","0","0","0","0",-0.688515603542328,2748.84741210938,"map_8922_1_3",5,70,300,20,5,0,0.1,7.64476331368871,0.0376766066034273,0.0450450661579622,5,0.2,2,2.8471215910269,23.430136886546,0.000184023951492503,3.86398851171007e-06,0.650230803020852,542,8922,1,"3","diploid","female"
"1627","0","0","0","0",-0.527506172657013,2969.32495117188,"map_8966_1_1",5,70,300,20,5,4.61021548050689,0.1,12.0551851418273,0.42980918176738,5.38717048792465,104,0.2,2,95.9592063498259,22.4340227619226,0.00831231222021857,0.031078881428736,0.313148631224538,543,8966,1,"1","diploid","female"
"1628","0","0","0","0",-0.527506172657013,2969.32495117188,"map_8966_1_2",5,70,300,20,5,8.01827083404805,0.1,19.0675034731125,0.613218354370791,1.90175507198926,141,0.2,2,95.9592063498259,22.4340227619226,0.02402571792938,0.0986555238215468,0.132395058145262,543,8966,1,"2","diploid","female"
"1629","0","0","0","0",-0.527506172657013,2969.32495117188,"map_8966_1_3",5,70,300,20,5,4.05591062975557,0.1,7.83385863166393,0.287655538799302,6.8780874329162,48,0.2,2,95.9592063498259,22.4340227619226,0.00176775528853299,0.00164417837920136,0.514280467596634,543,8966,1,"3","diploid","female"
"1630","0","0","0","0",-0.675187230110168,2770.68701171875,"map_9015_1_1",5,70,300,20,5,1.82720292211416,0.1,17.2188840189279,0.483477373159672,0.902119841325856,57,0.2,2,6.59887786994246,23.3844978442356,0.0163680159566972,0.0633092609912289,0.102618094742282,544,9015,1,"1","diploid","female"
"1631","0","0","0","0",-0.675187230110168,2770.68701171875,"map_9015_1_2",5,70,300,20,5,0,0.1,10.4950709928063,0.8073667317408,0.20423446327568,87,0.2,2,6.59887786994246,23.3844978442356,0.00817923061212368,0.000790239067588759,0.187937958679647,544,9015,1,"2","diploid","female"
"1632","0","0","0","0",-0.675187230110168,2770.68701171875,"map_9015_1_3",5,70,300,20,5,0,0.1,6.28126296442228,0.0480073799990391,0.310184294907966,7,0.2,2,6.59887786994246,23.3844978442356,0.000159784553074405,4.1542633869666e-07,0.819777872204229,544,9015,1,"3","diploid","female"
"1633","0","0","0","0",-0.545965909957886,2834.72509765625,"map_9023_1_1",5,70,300,20,5,1.08283684853368,0.1,10.4548985977346,0.444645255513623,2.19999449306188,33,0.2,2,10.0349656759678,23.0857371101084,0.00556627534396886,0.0149870645459799,0.382094982279842,545,9023,1,"1","diploid","female"
"1634","0","0","0","0",-0.545965909957886,2834.72509765625,"map_9023_1_2",5,70,300,20,5,2.73060826076656,0.1,7.18813567128837,1.09797397172388,1.45269589785498,142,0.2,2,10.0349656759678,23.0857371101084,0.00582867685471146,0.00957816997323108,0.780030094286747,545,9023,1,"2","diploid","female"
"1635","0","0","0","0",-0.545965909957886,2834.72509765625,"map_9023_1_3",5,70,300,20,5,0.840239958541804,0.1,6.62455762416629,0.116874750416796,2.75351356998481,9,0.2,2,10.0349656759678,23.0857371101084,0.000436997428202344,2.00712441814974e-05,0.652741372007626,545,9023,1,"3","diploid","female"
"1636","0","0","0","0",-0.818404316902161,2776.34936523438,"map_9024_1_1",5,70,300,20,5,0.776090066361648,0.1,15.8365394673757,0.3665880105402,1.55216408006395,104,0.2,2,9.1351235746669,23.4035688001056,0.0110332854480564,0.0459305327870089,0.100677181464485,546,9024,1,"1","diploid","female"
"1637","0","0","0","0",-0.818404316902161,2776.34936523438,"map_9024_1_2",5,70,300,20,5,1.93178870479567,0.1,11.808912350431,0.294576519356384,1.77452936349385,61,0.2,2,9.1351235746669,23.4035688001056,0.00468562851875019,0.0113118538959169,0.226582297347419,546,9024,1,"2","diploid","female"
"1638","0","0","0","0",-0.818404316902161,2776.34936523438,"map_9024_1_3",5,70,300,20,5,0.48960643679997,0.1,6.2295906204515,0.0234622926942711,0.336425313544823,45,0.2,2,9.1351235746669,23.4035688001056,8.23062248400217e-05,5.88786401535154e-07,0.484890645468045,546,9024,1,"3","diploid","female"
"1639","0","0","0","0",-0.891043126583099,2961.44555664062,"map_9069_1_1",5,70,300,20,5,0,0.1,17.0375133556193,0.364184463945607,2.99559757166379,46,0.2,2,167.833885420993,22.4428223433553,0.0114716872708163,0.0453315251023116,0.0922182323342965,547,9069,1,"1","diploid","female"
"1640","0","0","0","0",-0.891043126583099,2961.44555664062,"map_9069_1_2",5,70,300,20,5,13.2963548058344,0.1,11.1430553143666,1.17757118479569,0.476427499596285,58,0.2,2,167.833885420993,22.4428223433553,0.0167193810975032,0.0537050883243058,0.0566158589795661,547,9069,1,"2","diploid","female"
"1641","0","0","0","0",-0.891043126583099,2961.44555664062,"map_9069_1_3",5,70,300,20,5,5.83052966446675,0.1,10.3965937316632,0.26528592052394,6.47591198144758,37,0.2,2,167.833885420993,22.4428223433553,0.00326840652500576,0.00604877702902704,0.209118850704857,547,9069,1,"3","diploid","female"
"1642","0","0","0","0",-0.717113614082336,2926.599609375,"map_9070_1_1",5,70,300,20,5,0,0.1,19.4446282689961,0.33766086085792,2.87792011040834,66,0.2,2,160.37067554005,22.4455399243935,0.0140524956392492,0.0587264268198215,0.181848639598592,548,9070,1,"1","diploid","female"
"1643","0","0","0","0",-0.717113614082336,2926.599609375,"map_9070_1_2",5,70,300,20,5,0,0.1,25.6102765735174,0.570721478508729,1.42814878900675,97,0.2,2,160.37067554005,22.4455399243935,0.0392717224280675,0.149593046685583,0.0756831065628531,548,9070,1,"2","diploid","female"
"1644","0","0","0","0",-0.717113614082336,2926.599609375,"map_9070_1_3",5,70,300,20,5,0,0.1,12.5521062183411,0.148536530781334,4.98738016409942,34,0.2,2,160.37067554005,22.4455399243935,0.00241320106694211,0.00460295475709596,0.307789136453112,548,9070,1,"3","diploid","female"
"1645","0","0","0","0",0.797568619251251,2776.05639648438,"map_9103_1_1",5,70,300,20,5,0,0.1,7.03000417349095,0.34873447168463,7.09137909600016,65,0.2,2,9.22395300824331,23.0511689634946,0.00213143389102196,0.00416278169361151,0.411012949009577,549,9103,1,"1","diploid","female"
"1646","0","0","0","0",0.797568619251251,2776.05639648438,"map_9103_1_2",5,70,300,20,5,0,0.1,50.6624505808471,7.03439002617068e-17,0,15,0.2,2,9.22395300824331,23.0511689634946,1.41829732811961e-17,7.03439002617068e-17,0.325559333487425,549,9103,1,"2","diploid","female"
"1647","0","0","0","0",0.797568619251251,2776.05639648438,"map_9103_1_3",5,70,300,20,5,0,0.1,8.00476328310979,0.154826029253952,2.26494770328103,140,0.2,2,9.22395300824331,23.0511689634946,0.000951101608429221,0.000535034531143796,0.253281061618217,549,9103,1,"3","diploid","female"
"1648","0","0","0","0",-0.958408892154694,3041.75244140625,"map_9159_1_1",5,70,300,20,5,3.44507215516871,0.1,12.5290284847322,0.256269381967946,6.60875373330369,9,0.2,2,164.853217945542,21.3333959315438,0.00527609005610165,0.0241258161891325,0.274230546854508,550,9159,1,"1","diploid","female"
"1649","0","0","0","0",-0.958408892154694,3041.75244140625,"map_9159_1_2",5,70,300,20,5,3.22281973517081,0.1,20.5517326717213,0.357684483217784,7.3374701847251,10,0.2,2,164.853217945542,21.3333959315438,0.0172023677831471,0.107274851952221,0.169972449155518,550,9159,1,"2","diploid","female"
"1650","0","0","0","0",-0.958408892154694,3041.75244140625,"map_9159_1_3",5,70,300,20,5,4.43818182602346,0.1,8.43619033010553,0.167119039037883,5.88639949553087,4,0.2,2,164.853217945542,21.3333959315438,0.00114035291627261,0.00108420958482374,0.515982946435431,550,9159,1,"3","diploid","female"
"1651","0","0","0","0",0.336060166358948,3066.74633789062,"map_9415_1_1",5,70,300,20,5,6.9133329084751,0.1,12.3365712496945,0.198866909564096,10.0825796486868,24,0.2,2,68.8784927624801,22.6322365525289,0.00340245125738535,0.00765400572544718,0.245554630166106,551,9415,1,"1","diploid","female"
"1652","0","0","0","0",0.336060166358948,3066.74633789062,"map_9415_1_2",5,70,300,20,5,12.5128417794617,0.1,9.00942093597385,0.33934072961479,7.54834482264273,21,0.2,2,68.8784927624801,22.6322365525289,0.00252940009326058,0.00133587359796423,0.57080886856674,551,9415,1,"2","diploid","female"
"1653","0","0","0","0",0.336060166358948,3066.74633789062,"map_9415_1_3",5,70,300,20,5,5.5348833200122,0.1,11.3770194639115,0.204262443559625,10.0846901599571,76,0.2,2,68.8784927624801,22.6322365525289,0.00282413048262018,0.00505366046916218,0.233009693633171,551,9415,1,"3","diploid","female"
"1654","0","0","0","0",-0.922872185707092,3051.07250976562,"map_9518_1_1",5,70,300,20,5,3.01439657476561,0.1,9.20744435325642,0.167378952977226,5.14121774389763,6,0.2,2,63.9061056007182,22.0777227501009,0.00153998100424106,0.00259501231361208,0.300545978301326,552,9518,1,"1","diploid","female"
"1655","0","0","0","0",-0.922872185707092,3051.07250976562,"map_9518_1_2",5,70,300,20,5,3.23955749524312,0.1,9.57323757037237,0.223080680557055,5.62711615565106,5,0.2,2,63.9061056007182,22.0777227501009,0.00234497148380134,0.00489332980944861,0.382662400564215,552,9518,1,"2","diploid","female"
"1656","0","0","0","0",-0.922872185707092,3051.07250976562,"map_9518_1_3",5,70,300,20,5,4.35720543126743,0.1,6.90672245304798,0.100296303904238,6.093299253458,3,0.2,2,63.9061056007182,22.0777227501009,0.000411159266038558,2.52165788874289e-05,0.554679095615104,552,9518,1,"3","diploid","female"
"1657","0","0","0","0",-0.804043889045715,3036.07104492188,"map_9519_1_1",5,70,300,20,5,2.90934783174708,0.1,13.7437577862099,0.165048335960193,4.46949159755304,24,0.2,2,67.1436199112192,22.6364082218141,0.00292893422397986,0.0045583066232021,0.32762708186789,553,9519,1,"1","diploid","female"
"1658","0","0","0","0",-0.804043889045715,3036.07104492188,"map_9519_1_2",5,70,300,20,5,3.59753348896836,0.1,9.70217666763753,0.81877286440207,0.797946322884368,122,0.2,2,67.1436199112192,22.6364082218141,0.00687129444932579,0.00421510072779118,0.153107584555342,553,9519,1,"2","diploid","female"
"1659","0","0","0","0",-0.804043889045715,3036.07104492188,"map_9519_1_3",5,70,300,20,5,4.10911014549039,0.1,8.56081288426193,0.0856328576816252,6.39173620810704,23,0.2,2,67.1436199112192,22.6364082218141,0.000594803761503672,0.000135060457524737,0.452449660342191,553,9519,1,"3","diploid","female"
"1660","0","0","0","0",-0.681767404079437,3157.85571289062,"map_9617_1_1",5,70,300,20,5,2.61260308288275,0.1,15.1344211810635,0.337118856002487,5.48379042451306,47,0.2,2,147.984204086354,21.2300140469573,0.00953104552254655,0.0373816096241575,0.259984186394115,554,9617,1,"1","diploid","female"
"1661","0","0","0","0",-0.681767404079437,3157.85571289062,"map_9617_1_2",5,70,300,20,5,5.13022560432697,0.1,10.2571701932024,0.917885194708309,2.34225145824943,148,0.2,2,147.984204086354,21.2300140469573,0.0132682790011403,0.0425430331369495,0.535195153837117,554,9617,1,"2","diploid","female"
"1662","0","0","0","0",-0.681767404079437,3157.85571289062,"map_9617_1_3",5,70,300,20,5,2.63543453861714,0.1,10.3096481335375,0.14808589704632,7.95745629791987,20,0.2,2,147.984204086354,21.2300140469573,0.00163857898027357,0.00267274401423487,0.463181288472846,554,9617,1,"3","diploid","female"
"1663","0","0","0","0",-0.541763246059418,3027.52563476562,"map_9619_1_1",5,70,300,20,5,6.86668205769967,0.1,16.8063548925933,0.257370686520833,8.5512165100776,81,0.2,2,155.966884651057,21.2143329861156,0.00803893612418396,0.0259289334225506,0.0945961960732552,555,9619,1,"1","diploid","female"
"1664","0","0","0","0",-0.541763246059418,3027.52563476562,"map_9619_1_2",5,70,300,20,5,9.38419739663594,0.1,24.8987503711387,0.413653457729438,4.3841683495864,133,0.2,2,155.966884651057,21.2143329861156,0.0267973416531498,0.107512882094194,0.0673493820299638,555,9619,1,"2","diploid","female"
"1665","0","0","0","0",-0.541763246059418,3027.52563476562,"map_9619_1_3",5,70,300,20,5,5.05240832687082,0.1,10.2985376992602,0.17277005359855,10.2828228604797,69,0.2,2,155.966884651057,21.2143329861156,0.00196962891511732,0.00307848628571396,0.258656972398222,555,9619,1,"3","diploid","female"
"1666","0","0","0","0",-0.952667117118835,2992.546875,"map_9620_1_1",5,70,300,20,5,2.40256751740844,0.1,18.3742903447542,0.272975504542556,5.05507175389084,100,0.2,2,155.900711972056,22.0287415746307,0.0101925002406241,0.0409570774447818,0.167015033802041,556,9620,1,"1","diploid","female"
"1667","0","0","0","0",-0.952667117118835,2992.546875,"map_9620_1_2",5,70,300,20,5,6.80281868645329,0.1,23.7812562721221,0.48275883508125,2.27226567850086,131,0.2,2,155.900711972056,22.0287415746307,0.0254283563627116,0.0911115863113565,0.0757163640001088,556,9620,1,"2","diploid","female"
"1668","0","0","0","0",-0.952667117118835,2992.546875,"map_9620_1_3",5,70,300,20,5,2.41937424662484,0.1,9.52958031856747,0.159664447343691,7.04745304459187,61,0.2,2,155.900711972056,22.0287415746307,0.00148889659042563,0.00159621855394214,0.395926131837562,556,9620,1,"3","diploid","female"
"1669","0","0","0","0",-0.988600611686707,2987.8798828125,"map_9621_1_1",5,70,300,20,5,2.7473273275607,0.1,7.25451437007499,0.239929213480236,4.68456913392395,9,0.2,2,61.344099154108,22.0971502111864,0.0014759081422515,0.00194049684765958,0.394763541358894,557,9621,1,"1","diploid","female"
"1670","0","0","0","0",-0.988600611686707,2987.8798828125,"map_9621_1_2",5,70,300,20,5,2.76557696012826,0.1,14.351111825895,0.340386828505542,2.6224632720153,7,0.2,2,61.344099154108,22.0971502111864,0.00740569708373601,0.0150516218332418,0.2944072033162,557,9621,1,"2","diploid","female"
"1671","0","0","0","0",-0.988600611686707,2987.8798828125,"map_9621_1_3",5,70,300,20,5,3.96697012872711,0.1,5.57689115040716,0.195775894117838,4.57657184910958,4,0.2,2,61.344099154108,22.0971502111864,0.000519158594762877,1.01479003349822e-05,0.771786134879343,557,9621,1,"3","diploid","female"
"1672","0","0","0","0",-0.95361202955246,2935.2548828125,"map_9623_1_1",5,70,300,20,5,1.30366153097178,0.1,12.0457240016507,0.224616773422028,4.28295864054759,8,0.2,2,69.0681882839266,22.631944189568,0.00385473347380801,0.0114515301014796,0.170001500295492,558,9623,1,"1","diploid","female"
"1673","0","0","0","0",-0.95361202955246,2935.2548828125,"map_9623_1_2",5,70,300,20,5,2.89871595502625,0.1,13.0059695142564,0.279849986996764,4.73722808018616,7,0.2,2,69.0681882839266,22.631944189568,0.00568214035155803,0.0191192692625154,0.195197275776674,558,9623,1,"2","diploid","female"
"1674","0","0","0","0",-0.95361202955246,2935.2548828125,"map_9623_1_3",5,70,300,20,5,1.6407513153715,0.1,7.14672034925646,0.145140364768888,5.02941712357466,4,0.2,2,69.0681882839266,22.631944189568,0.0006790264053815,9.26810452833519e-05,0.462375325720945,558,9623,1,"3","diploid","female"
"1675","0","0","0","0",-0.826072812080383,3107.85913085938,"map_9721_1_1",5,70,300,20,5,4.13594949680151,0.1,10.1385478818414,0.263964884968693,8.04639999051798,21,0.2,2,122.189260121596,21.2378590120166,0.00368610326764879,0.00991882738034371,0.25231569948663,559,9721,1,"1","diploid","female"
"1676","0","0","0","0",-0.826072812080383,3107.85913085938,"map_9721_1_2",5,70,300,20,5,3.96617955459072,0.1,17.1923881243575,0.542409015843019,1.25402526593616,40,0.2,2,122.189260121596,21.2378590120166,0.0165217679635764,0.0515026582726839,0.168993423026791,559,9721,1,"2","diploid","female"
"1677","0","0","0","0",-0.826072812080383,3107.85913085938,"map_9721_1_3",5,70,300,20,5,4.49975625109115,0.1,6.32233767651456,0.246041744866651,8.23193350459858,5,0.2,2,122.189260121596,21.2378590120166,0.000975835390061803,0.000357876526518723,0.533067595588849,559,9721,1,"3","diploid","female"
"1678","0","0","0","0",-0.571958303451538,3081.1708984375,"map_9722_1_1",5,70,300,20,5,3.68703027197344,0.1,11.6136682367578,0.27208614893161,9.24622372651959,21,0.2,2,122.757475437912,21.2314913676823,0.00434110357173824,0.0109101355703569,0.182164752465225,560,9722,1,"1","diploid","female"
"1679","0","0","0","0",-0.571958303451538,3081.1708984375,"map_9722_1_2",5,70,300,20,5,8.99591645670334,0.1,12.6367344871304,0.704190698664046,0.934873823007045,50,0.2,2,122.757475437912,21.2314913676823,0.0113594567054055,0.02700464916614,0.0930106232859854,560,9722,1,"2","diploid","female"
"1680","0","0","0","0",-0.571958303451538,3081.1708984375,"map_9722_1_3",5,70,300,20,5,3.38569149121484,0.1,7.48577718341977,0.261775776089326,10.7443011743978,5,0.2,2,122.757475437912,21.2314913676823,0.00156535834160871,0.00112129546868693,0.363979820869394,560,9722,1,"3","diploid","female"
"1681","0","0","0","0",-0.475701838731766,3014.29370117188,"map_9826_1_1",5,70,300,20,5,4.98987277722384,0.1,13.2093933094385,0.171199228869862,9.66292599322963,19,0.2,2,126.885845412448,21.2197859395514,0.00382610793658729,0.0152974898020058,0.248358972481608,561,9826,1,"1","diploid","female"
"1682","0","0","0","0",-0.475701838731766,3014.29370117188,"map_9826_1_2",5,70,300,20,5,4.30226326268084,0.1,21.0193532854497,0.273470320257896,8.06370080773658,52,0.2,2,126.885845412448,21.2197859395514,0.0144269593081208,0.099136018170949,0.190681262802065,561,9826,1,"2","diploid","female"
"1683","0","0","0","0",-0.475701838731766,3014.29370117188,"map_9826_1_3",5,70,300,20,5,5.21448636443846,0.1,11.349512422562,0.0607773525605766,7.03554561880126,17,0.2,2,126.885845412448,21.2197859395514,0.000876226823350126,0.00259494494079493,0.435211952296011,561,9826,1,"3","diploid","female"
"1684","0","0","0","0",-0.693051278591156,2981.30078125,"map_9827_1_1",5,70,300,20,5,4.17933770564575,0.1,11.1474201545092,0.248390479424635,8.56207451699185,23,0.2,2,127.42367026497,21.2182466078174,0.00428754763799809,0.0150220736713681,0.213269479316493,562,9827,1,"1","diploid","female"
"1685","0","0","0","0",-0.693051278591156,2981.30078125,"map_9827_1_2",5,70,300,20,5,3.50374544379616,0.1,22.9178693741778,0.351277719267189,5.06485244224043,38,0.2,2,127.42367026497,21.2182466078174,0.0208336133826336,0.110753446800158,0.101927197409284,562,9827,1,"2","diploid","female"
"1686","0","0","0","0",-0.693051278591156,2981.30078125,"map_9827_1_3",5,70,300,20,5,4.51918989344522,0.1,6.50085614911248,0.179631979106965,6.53121583613191,5,0.2,2,127.42367026497,21.2182466078174,0.000757097037811361,0.000303167593030268,0.527540778259355,562,9827,1,"3","diploid","female"
"1687","0","0","0","0",0.900241076946259,2826.560546875,"map_9835_1_1",5,70,300,20,5,6.19938577016062,0.1,15.1445942959312,0.332477897325769,6.7555449463813,25,0.2,2,35.4190393492233,23.3123029854607,0.00892567244675099,0.0252084983524513,0.228516228546612,563,9835,1,"1","diploid","female"
"1688","0","0","0","0",0.900241076946259,2826.560546875,"map_9835_1_2",5,70,300,20,5,0,0.1,7.63014615808592,0.000718683352925858,0.0583725599137402,6,0.2,2,35.4190393492233,23.3123029854607,3.70931226924891e-06,1.60487354861255e-07,0.664501395786889,563,9835,1,"2","diploid","female"
"1689","0","0","0","0",0.900241076946259,2826.560546875,"map_9835_1_3",5,70,300,20,5,3.67577687481056,0.1,14.2750002486557,0.278656015729739,5.01864178289529,24,0.2,2,35.4190393492233,23.3123029854607,0.00673593942305327,0.0233736893322784,0.120452851289017,563,9835,1,"3","diploid","female"
"1690","0","0","0","0",0.814348638057709,2783.20385742188,"map_9836_1_1",5,70,300,20,5,0,0.1,12.3635585408821,0.139026290858863,2.83107605150111,16,0.2,2,10.6421762941981,23.2938655354784,0.00216806866636257,0.00238644737151404,0.263968764326857,564,9836,1,"1","diploid","female"
"1691","0","0","0","0",0.814348638057709,2783.20385742188,"map_9836_1_2",5,70,300,20,5,0,0.1,50.9077375323905,6.79939161092903e-17,0,6,0.2,2,10.6421762941981,23.2938655354784,1.38421419266288e-17,6.79939161092903e-17,0.32382999367922,564,9836,1,"2","diploid","female"
"1692","0","0","0","0",0.814348638057709,2783.20385742188,"map_9836_1_3",5,70,300,20,5,0,0.1,9.71031221234102,0.193313705696817,3.15288801421681,19,0.2,2,10.6421762941981,23.2938655354784,0.00188103052732309,0.00201811940617783,0.275913811486092,564,9836,1,"3","diploid","female"
"1693","0","0","0","0",0.736547291278839,2803.87353515625,"map_9941_1_1",5,70,300,20,5,0,0.1,15.7691157497979,0.287515010129676,4.8405531166536,64,0.2,2,10.7420619113303,23.603271951179,0.00781945476241495,0.0291228850083542,0.155199654077981,565,9941,1,"1","diploid","female"
"1694","0","0","0","0",0.736547291278839,2803.87353515625,"map_9941_1_2",5,70,300,20,5,0,0.1,14.2182384260076,1.28142335617007e-07,1.96442874114349e-05,13,0.2,2,10.7420619113303,23.603271951179,2.1053406036853e-09,5.27654445938442e-11,1.01729520116941,565,9941,1,"2","diploid","female"
"1695","0","0","0","0",0.736547291278839,2803.87353515625,"map_9941_1_3",5,70,300,20,5,2.83758174980814,0.1,10.295067874102,0.279323670240261,3.89851275177013,145,0.2,2,10.7420619113303,23.603271951179,0.00311868890907764,0.00510562559529301,0.178750101327094,565,9941,1,"3","diploid","female"
"1696","0","0","0","0",0.811823427677155,2754.21850585938,"map_9942_1_1",5,70,300,20,5,0,0.1,50.8624266617566,5.56910534371695e-14,0,27,0.2,2,11.1018462386539,23.5977725370118,1.13172037135938e-14,5.56910534371695e-14,0.297994932928808,566,9942,1,"1","diploid","female"
"1697","0","0","0","0",0.811823427677155,2754.21850585938,"map_9942_1_2",5,70,300,20,5,0,0.1,50.8648660814481,5.02452424048994e-17,0,11,0.2,2,11.1018462386539,23.5977725370118,1.02116883095043e-17,5.02452424048994e-17,0.322756379216894,566,9942,1,"2","diploid","female"
"1698","0","0","0","0",0.811823427677155,2754.21850585938,"map_9942_1_3",5,70,300,20,5,0,0.1,7.9949054143311,0.212093687955244,2.07220437296463,92,0.2,2,11.1018462386539,23.5977725370118,0.0015150075588767,0.00262275424906199,0.250072159360352,566,9942,1,"3","diploid","female"
"1699","0","0","0","0",0.00629317341372371,3070.71606445312,"map_10032_1_1",5,70,300,20,5,7.05065959481655,0.1,18.8849757991084,0.318016897966134,9.53144852811174,14,0.2,2,219.922386720727,21.6606563830032,0.0133502604074058,0.0692409081567492,0.0836888334056048,567,10032,1,"1","diploid","female"
"1700","0","0","0","0",0.00629317341372371,3070.71606445312,"map_10032_1_2",5,70,300,20,5,7.38364748171148,0.1,19.5475720533839,0.474663681896656,9.93447800215808,14,0.2,2,219.922386720727,21.6606563830032,0.0212686475172436,0.110356064393198,0.0877766165512694,567,10032,1,"2","diploid","female"
"1701","0","0","0","0",0.00629317341372371,3070.71606445312,"map_10032_1_3",5,70,300,20,5,5.70040491405703,0.1,17.5309445154822,0.349978740334887,10.9613549568297,7,0.2,2,219.922386720727,21.6606563830032,0.0130450662566255,0.0650582792439714,0.118348744079059,567,10032,1,"3","diploid","female"
"1702","0","0","0","0",0.61858069896698,2808.45483398438,"map_10046_1_1",5,70,300,20,5,3.54355381301821,0.1,17.4120715416702,0.340328642137983,3.16711789469741,25,0.2,2,10.3709492100731,23.5968267920273,0.0105320640558441,0.0333578344920184,0.128712005956963,568,10046,1,"1","diploid","female"
"1703","0","0","0","0",0.61858069896698,2808.45483398438,"map_10046_1_2",5,70,300,20,5,5.3253718806202,0.1,8.14378897271786,0.000363123741293834,0.0667947120757752,6,0.2,2,10.3709492100731,23.5968267920273,2.0084474196608e-06,1.72326929021149e-08,0.945642196711092,568,10046,1,"2","diploid","female"
"1704","0","0","0","0",0.61858069896698,2808.45483398438,"map_10046_1_3",5,70,300,20,5,1.8768014512111,0.1,10.3772225330899,0.258463843811039,2.69434849158907,18,0.2,2,10.3709492100731,23.5968267920273,0.00266514701649588,0.00338885780676076,0.422108389471751,568,10046,1,"3","diploid","female"
"1705","0","0","0","0",0.481994926929474,2760.36376953125,"map_10047_1_1",5,70,300,20,5,0,0.1,11.2371060818022,0.0317819825970287,0.30317707190482,15,0.2,2,2.16486027161049,23.5564214657839,0.000394059744843255,0.000489345054672192,0.353716283218038,569,10047,1,"1","diploid","female"
"1706","0","0","0","0",0.481994926929474,2760.36376953125,"map_10047_1_2",5,70,300,20,5,0,0.1,51.0676232775616,5.18959962740499e-17,0,6,0.2,2,2.16486027161049,23.5564214657839,1.06314255990782e-17,5.18959962740499e-17,0.335465345138991,569,10047,1,"2","diploid","female"
"1707","0","0","0","0",0.481994926929474,2760.36376953125,"map_10047_1_3",5,70,300,20,5,0,0.1,6.87190884207,0.178245904499615,1.52165013470622,17,0.2,2,2.16486027161049,23.5564214657839,0.000789307135586878,0.000244025650395249,0.346685389114116,569,10047,1,"3","diploid","female"
"1708","0","0","0","0",0.448574513196945,2924.82348632812,"map_10149_1_1",5,70,300,20,5,2.63916391121552,0.1,8.92217934034249,0.18398522620797,8.66582758517189,12,0.2,2,10.0749958393186,22.9797281453248,0.00147327715271088,0.0015003618448555,0.275198258341748,570,10149,1,"1","diploid","female"
"1709","0","0","0","0",0.448574513196945,2924.82348632812,"map_10149_1_2",5,70,300,20,5,6.95227178225815,0.1,7.88834243236974,0.209200069820789,8.44958287651212,9,0.2,2,10.0749958393186,22.9797281453248,0.00115222872820051,0.0002282438776122,0.443478021535153,570,10149,1,"2","diploid","female"
"1710","0","0","0","0",0.448574513196945,2924.82348632812,"map_10149_1_3",5,70,300,20,5,2.07364054501621,0.1,8.81814737941291,0.158410091505164,8.27324145539188,16,0.2,2,10.0749958393186,22.9797281453248,0.00125935035718051,0.00127389201111784,0.311619039212177,570,10149,1,"3","diploid","female"
"1711","0","0","0","0",0.313930630683899,2855.6103515625,"map_10150_1_1",5,70,300,20,5,3.45212645870622,0.1,8.53709441843592,0.379707417365386,7.34784850972769,17,0.2,2,10.8958116924743,22.9765586747416,0.00342423589923007,0.00756066713696739,0.230334980957418,571,10150,1,"1","diploid","female"
"1712","0","0","0","0",0.313930630683899,2855.6103515625,"map_10150_1_2",5,70,300,20,5,4.82410301519703,0.1,6.1588648463529,0.701302693171296,7.26626683791305,15,0.2,2,10.8958116924743,22.9765586747416,0.00263231525719029,0.00154056666251502,0.491141084820593,571,10150,1,"2","diploid","female"
"1713","0","0","0","0",0.313930630683899,2855.6103515625,"map_10150_1_3",5,70,300,20,5,2.42346164976318,0.1,7.14317093305462,0.323198654825259,6.31741249098662,10,0.2,2,10.8958116924743,22.9765586747416,0.00161600218959399,0.000863276604774774,0.325902831184606,571,10150,1,"3","diploid","female"
"1714","0","0","0","0",0.464924961328506,2787.38256835938,"map_10151_1_1",5,70,300,20,5,4.49202026873089,0.1,16.0949552397082,0.312696195041162,3.95591339526824,38,0.2,2,2.1093622062083,22.9960581440466,0.00916224844277317,0.0363025396756104,0.118383396250222,572,10151,1,"1","diploid","female"
"1715","0","0","0","0",0.464924961328506,2787.38256835938,"map_10151_1_2",5,70,300,20,5,0,0.1,6.00044325174375,0.000533361234162179,0.00274065085261906,10,0.2,2,2.1093622062083,22.9960581440466,1.59382913750473e-06,9.55779272132032e-09,0.693621990702084,572,10151,1,"2","diploid","female"
"1716","0","0","0","0",0.464924961328506,2787.38256835938,"map_10151_1_3",5,70,300,20,5,0,0.1,7.72274351965365,0.140944469796447,2.77967865924885,40,0.2,2,2.1093622062083,22.9960581440466,0.0008070707963763,0.000303242803152664,0.12642661115261,572,10151,1,"3","diploid","female"
