"","Ploidy_leveltriploid","Ploidy_levelunknown","geneticSexIDmale","geneticSexIDunknown","Cos.aspect","Elevation","prefix_this","minsize","maxsize","n_iterations","size_mean_initial","size_sd_initial","n_S_initial","n_A_initial","size_mean_final","n_A_final","n_S_final","longevity_90_final","n_S_lag_factor","n_S_scale_factor","SWE.mean","Tmax.mean","basal_area_density_final","n_A_final_gt_30_cm","cv_n_A_final_ten","index","pixel","replicate_climate_resample","replicate_data_resample","Ploidy_level","geneticSexID"
"1","0","0","0","0",-0.811225295066833,3083.4375,"map_978_1_1",5,70,300,20,5,3.10608165270146,0.1,10.7283626516814,0.138571087608905,2.51041351805803,12,0.2,1,64.4595073853616,22.4829117564796,0.00176309702809192,0.00444915349567294,0.384495010631854,1,978,1,"1","diploid","female"
"2","0","0","0","0",-0.811225295066833,3083.4375,"map_978_1_2",5,70,300,20,5,3.67380346581815,0.1,10.0531856510411,0.245397794373845,2.08720173741106,11,0.2,1,64.4595073853616,22.4829117564796,0.00257525898989264,0.00550434299775737,0.665248186788052,1,978,1,"2","diploid","female"
"3","0","0","0","0",-0.811225295066833,3083.4375,"map_978_1_3",5,70,300,20,5,4.64075255075425,0.1,7.0250875612112,0.07294470435269,2.87311197209174,11,0.2,1,64.4595073853616,22.4829117564796,0.000310563009387282,6.5896272473233e-06,0.815335510173832,1,978,1,"3","diploid","female"
"4","0","0","0","0",-0.822242736816406,3114.07470703125,"map_979_1_1",5,70,300,20,5,3.11941534281861,0.1,12.0781416189082,0.123124435210034,2.91025926759985,20,0.2,1,66.4092923676057,22.479649503841,0.00193845595294767,0.00501354756775098,0.403159448151958,2,979,1,"1","diploid","female"
"5","0","0","0","0",-0.822242736816406,3114.07470703125,"map_979_1_2",5,70,300,20,5,3.79212416728189,0.1,12.2739268819603,0.115261751417675,3.86561741644598,14,0.2,1,66.4092923676057,22.479649503841,0.0016902051141575,0.00314576681696225,0.708772390689469,2,979,1,"2","diploid","female"
"6","0","0","0","0",-0.822242736816406,3114.07470703125,"map_979_1_3",5,70,300,20,5,4.47757841362793,0.1,7.58774813144055,0.0783693330578558,2.88084318684539,16,0.2,1,66.4092923676057,22.479649503841,0.000399998933460943,2.56054453482683e-05,0.745353602402772,2,979,1,"3","diploid","female"
"7","0","0","0","0",-0.506825804710388,3098.98779296875,"map_2235_1_1",5,70,300,20,5,3.28733379091793,0.1,11.4723541644279,0.224318495280236,2.87990312207412,29,0.2,1,82.3077176116233,23.2421905119422,0.00357667470062241,0.00919037624374683,0.23843448570893,3,2235,1,"1","diploid","female"
"8","0","0","0","0",-0.506825804710388,3098.98779296875,"map_2235_1_2",5,70,300,20,5,5.26219555159424,0.1,9.18644553089794,0.234843284689506,2.66968918540059,13,0.2,1,82.3077176116233,23.2421905119422,0.00212074599702717,0.00160001494068645,0.402201251343827,3,2235,1,"2","diploid","female"
"9","0","0","0","0",-0.506825804710388,3098.98779296875,"map_2235_1_3",5,70,300,20,5,4.28494102970937,0.1,5.96681779520178,0.202999012808467,3.24928537309978,29,0.2,1,82.3077176116233,23.2421905119422,0.000645314557536584,5.79464904842479e-05,0.63021078573826,3,2235,1,"3","diploid","female"
"10","0","0","0","0",-0.479843199253082,3196.03735351562,"map_2236_1_1",5,70,300,20,5,3.40103992957056,0.1,13.9453144960504,0.266928512911481,1.78632062797559,72,0.2,1,85.4516093960632,23.2290319142812,0.00607719068819347,0.0198319039856553,0.157349923852092,4,2236,1,"1","diploid","female"
"11","0","0","0","0",-0.479843199253082,3196.03735351562,"map_2236_1_2",5,70,300,20,5,5.85168834504918,0.1,7.87994209012839,0.295409916846886,2.38576872092261,35,0.2,1,85.4516093960632,23.2290319142812,0.00158436899044692,0.00012241160288865,0.568295316231021,4,2236,1,"2","diploid","female"
"12","0","0","0","0",-0.479843199253082,3196.03735351562,"map_2236_1_3",5,70,300,20,5,3.46692073134124,0.1,7.47802293605639,0.0967898338480211,2.21336045660754,51,0.2,1,85.4516093960632,23.2290319142812,0.000473624720348606,1.83780600601868e-05,0.547014396276433,4,2236,1,"3","diploid","female"
"13","0","0","0","0",-0.282683879137039,3021.76196289062,"map_2441_1_1",5,70,300,20,5,2.24360985168613,0.1,13.2484996622801,0.138511368430474,2.68029204240329,8,0.2,1,50.4488311304999,23.9706551054387,0.00254908569097949,0.00382314444858226,0.198108734659137,5,2441,1,"1","diploid","female"
"14","0","0","0","0",-0.282683879137039,3021.76196289062,"map_2441_1_2",5,70,300,20,5,6.43339299753694,0.1,7.62487676091831,0.087760646195087,5.16559041840758,4,0.2,1,50.4488311304999,23.9706551054387,0.000481908511364096,5.61710245044359e-05,0.50013956242307,5,2441,1,"2","diploid","female"
"15","0","0","0","0",-0.282683879137039,3021.76196289062,"map_2441_1_3",5,70,300,20,5,2.33464457383633,0.1,8.51521068689247,0.0862338513167958,3.23164424820454,6,0.2,1,50.4488311304999,23.9706551054387,0.000565536165617091,4.23034668645453e-05,0.341083902895805,5,2441,1,"3","diploid","female"
"16","0","0","0","0",-0.611876130104065,2994.529296875,"map_2545_1_1",5,70,300,20,5,2.48670785750498,0.1,10.2949036192686,0.160876319766772,2.45120550602855,40,0.2,1,45.932410604534,24.0142641194239,0.00203570588128379,0.00504175774475321,0.357717178023969,6,2545,1,"1","diploid","female"
"17","0","0","0","0",-0.611876130104065,2994.529296875,"map_2545_1_2",5,70,300,20,5,4.54964342561077,0.1,7.18590438420154,0.125441255173934,3.38357147162502,15,0.2,1,45.932410604534,24.0142641194239,0.000664749392105606,0.000329147078424502,0.884156712493492,6,2545,1,"2","diploid","female"
"18","0","0","0","0",-0.611876130104065,2994.529296875,"map_2545_1_3",5,70,300,20,5,3.34677450469183,0.1,6.11157858629153,0.184150465506685,2.6197898404166,47,0.2,1,45.932410604534,24.0142641194239,0.000596083129692642,1.91731183021942e-06,0.71633926176171,6,2545,1,"3","diploid","female"
"19","0","0","0","0",-0.526411652565002,2959.6474609375,"map_2649_1_1",5,70,300,20,5,2.11896228491443,0.1,9.5509832207909,0.158588393861332,2.52423417146893,18,0.2,1,48.6007291375601,23.0731377374558,0.00149310354437897,0.00270571890796883,0.412938334018101,7,2649,1,"1","diploid","female"
"20","0","0","0","0",-0.526411652565002,2959.6474609375,"map_2649_1_2",5,70,300,20,5,4.46994292336388,0.1,8.4889675196484,0.21715738285265,3.07436705438852,21,0.2,1,48.6007291375601,23.0731377374558,0.00148416161277391,0.00126584404375976,0.609660059578791,7,2649,1,"2","diploid","female"
"21","0","0","0","0",-0.526411652565002,2959.6474609375,"map_2649_1_3",5,70,300,20,5,2.20731560241394,0.1,7.43210040361364,0.0556007510245852,2.48658570762301,11,0.2,1,48.6007291375601,23.0731377374558,0.000261830238637734,5.1576562229249e-06,0.872221403503929,7,2649,1,"3","diploid","female"
"22","0","0","0","0",-0.385358780622482,3069.30419921875,"map_2651_1_1",5,70,300,20,5,2.75134412033863,0.1,9.92007451067397,0.236688357607126,2.61580321735732,12,0.2,1,75.0354551587786,23.6882484025205,0.00268131570501896,0.00658251865062054,0.230729501861314,8,2651,1,"1","diploid","female"
"23","0","0","0","0",-0.385358780622482,3069.30419921875,"map_2651_1_2",5,70,300,20,5,8.046434273353,0.1,7.4505622096434,0.261355040839819,2.94972796810483,6,0.2,1,75.0354551587786,23.6882484025205,0.00122289273358277,0.000242052022845977,0.523370837128111,8,2651,1,"2","diploid","female"
"24","0","0","0","0",-0.385358780622482,3069.30419921875,"map_2651_1_3",5,70,300,20,5,2.733454310525,0.1,7.4912051239866,0.125207517602759,2.81294911742876,6,0.2,1,75.0354551587786,23.6882484025205,0.000594626563858578,8.80748660679783e-05,0.465436908301711,8,2651,1,"3","diploid","female"
"25","0","0","0","0",-0.421152800321579,3145.412109375,"map_2652_1_1",5,70,300,20,5,1.48954520183544,0.1,11.6263167915477,0.270027973784549,2.78025377100254,68,0.2,1,75.0124716647836,23.6665395314247,0.00385064338197379,0.00798285931478354,0.352793704149351,9,2652,1,"1","diploid","female"
"26","0","0","0","0",-0.421152800321579,3145.412109375,"map_2652_1_2",5,70,300,20,5,9.21460008552495,0.1,6.72024498086629,0.234554810297249,4.10686446431948,19,0.2,1,75.0124716647836,23.6665395314247,0.000862349212464196,3.61797956412882e-05,2.09401500933901,9,2652,1,"2","diploid","female"
"27","0","0","0","0",-0.421152800321579,3145.412109375,"map_2652_1_3",5,70,300,20,5,1.32147915567287,0.1,7.8088716209875,0.264646080886035,2.89430532825212,99,0.2,1,75.0124716647836,23.6665395314247,0.00139661134252107,2.01669975313052e-05,0.730401415627767,9,2652,1,"3","diploid","female"
"28","0","0","0","0",-0.364836037158966,2984.22021484375,"map_2754_1_1",5,70,300,20,5,3.01950774976973,0.1,11.4273427210904,0.302797126760471,2.20281338383904,4,0.2,1,77.8009363313846,23.6307621089855,0.00409547916823732,0.00790659975252473,0.290468120262312,10,2754,1,"1","diploid","female"
"29","0","0","0","0",-0.364836037158966,2984.22021484375,"map_2754_1_2",5,70,300,20,5,5.10423311206776,0.1,8.22743146113342,0.9413855335879,0.756360850954879,7,0.2,1,77.8009363313846,23.6307621089855,0.00574773605189145,0.003056779049721,0.371743153239037,10,2754,1,"2","diploid","female"
"30","0","0","0","0",-0.364836037158966,2984.22021484375,"map_2754_1_3",5,70,300,20,5,3.73340004762996,0.1,6.96096165419012,0.242886382304258,2.81060192766206,2,0.2,1,77.8009363313846,23.6307621089855,0.00103234069225839,0.000120122705709183,0.626214175948379,10,2754,1,"3","diploid","female"
"31","0","0","0","0",-0.457350522279739,3038.85693359375,"map_2755_1_1",5,70,300,20,5,2.959209154173,0.1,11.3835150204846,0.188491036527412,3.04806377843427,65,0.2,1,75.620063841937,23.6949483033959,0.0027069766790568,0.00634809776074168,0.261711463599093,11,2755,1,"1","diploid","female"
"32","0","0","0","0",-0.457350522279739,3038.85693359375,"map_2755_1_2",5,70,300,20,5,5.33353939861557,0.1,8.27816310767683,0.194763939285305,4.84625520066813,31,0.2,1,75.620063841937,23.6949483033959,0.00132907291777416,0.00164580744898037,0.48491118315057,11,2755,1,"2","diploid","female"
"33","0","0","0","0",-0.457350522279739,3038.85693359375,"map_2755_1_3",5,70,300,20,5,3.8508497555834,0.1,7.31987970803584,0.200586000858748,3.09775502798863,94,0.2,1,75.620063841937,23.6949483033959,0.00091007647135217,2.08125509405295e-05,0.487280972327568,11,2755,1,"3","diploid","female"
"34","0","0","0","0",-0.486126601696014,3019.85473632812,"map_2859_1_1",5,70,300,20,5,1.3444677977913,0.1,11.8362919014184,0.246377137623612,2.47652646691338,5,0.2,1,80.4495393239779,23.6214017406518,0.00378784006470451,0.00720917320785226,0.177108043526065,12,2859,1,"1","diploid","female"
"35","0","0","0","0",-0.486126601696014,3019.85473632812,"map_2859_1_2",5,70,300,20,5,7.43052410368385,0.1,9.23431693536903,0.243396483099993,3.65757042440995,2,0.2,1,80.4495393239779,23.6214017406518,0.00215220029544183,0.00068869555361386,0.38904917782498,12,2859,1,"2","diploid","female"
"36","0","0","0","0",-0.486126601696014,3019.85473632812,"map_2859_1_3",5,70,300,20,5,1.38688784601967,0.1,7.62505090493785,0.188810042979824,2.92948900150403,2,0.2,1,80.4495393239779,23.6214017406518,0.000977886543727434,7.57513425332615e-05,0.488459285587132,12,2859,1,"3","diploid","female"
"37","0","0","0","0",-0.634523153305054,3053.2119140625,"map_2860_1_1",5,70,300,20,5,2.2984299160007,0.1,12.2468182524953,0.145697290828738,2.6042441354382,151,0.2,1,76.8666189960467,23.6536465004829,0.00251824288123995,0.00835006647808268,0.524753229136079,13,2860,1,"1","diploid","female"
"38","0","0","0","0",-0.634523153305054,3053.2119140625,"map_2860_1_2",5,70,300,20,5,6.68898467305837,0.1,9.95537795659347,0.170624100279721,3.11281751112472,120,0.2,1,76.8666189960467,23.6536465004829,0.00165718680505967,0.00317883374283997,1.23840818019808,13,2860,1,"2","diploid","female"
"39","0","0","0","0",-0.634523153305054,3053.2119140625,"map_2860_1_3",5,70,300,20,5,2.46836297328098,0.1,6.94587707661362,0.079549303936186,2.38845024164925,133,0.2,1,76.8666189960467,23.6536465004829,0.000344922163786811,1.73371419559774e-05,1.09747808826766,13,2860,1,"3","diploid","female"
"40","0","0","0","0",-0.41746661067009,3135.35229492188,"map_2861_1_1",5,70,300,20,5,3.66860676004218,0.1,9.79898484274513,0.318158053623649,3.08622503578392,52,0.2,1,79.2809755509082,22.2834242397237,0.00285591521279467,0.00229447032852665,0.473195784548111,14,2861,1,"1","diploid","female"
"41","0","0","0","0",-0.41746661067009,3135.35229492188,"map_2861_1_2",5,70,300,20,5,7.46512654780137,0.1,7.60210254400453,0.625295941410817,1.57481042143687,59,0.2,1,79.2809755509082,22.2834242397237,0.00304717064956676,0.000404226670027582,0.997643337054134,14,2861,1,"2","diploid","female"
"42","0","0","0","0",-0.41746661067009,3135.35229492188,"map_2861_1_3",5,70,300,20,5,3.29272380736727,0.1,6.42904607619525,0.25203170111514,3.61392278582313,102,0.2,1,79.2809755509082,22.2834242397237,0.000870748920730964,4.22394168916096e-06,0.731756933792971,14,2861,1,"3","diploid","female"
"43","0","0","0","0",-0.660919785499573,3022.91137695312,"map_2964_1_1",5,70,300,20,5,2.30695946503455,0.1,10.2486367875903,0.225790185369635,2.46141561497074,29,0.2,1,63.6496906276557,23.6113677446232,0.00292977098232439,0.00787382630567672,0.296178448444067,15,2964,1,"1","diploid","female"
"44","0","0","0","0",-0.660919785499573,3022.91137695312,"map_2964_1_2",5,70,300,20,5,6.4558513760484,0.1,8.20064313521852,0.32100728006223,3.4908176021397,17,0.2,1,63.6496906276557,23.6113677446232,0.00283574110642953,0.00859450242809276,0.557218581365638,15,2964,1,"2","diploid","female"
"45","0","0","0","0",-0.660919785499573,3022.91137695312,"map_2964_1_3",5,70,300,20,5,2.58604185692676,0.1,6.06669776668585,0.206508068139786,2.68134233740835,28,0.2,1,63.6496906276557,23.6113677446232,0.000679066436876964,2.41001238188876e-05,0.770771720486417,15,2964,1,"3","diploid","female"
"46","0","0","0","0",-0.531648576259613,3076.76000976562,"map_2965_1_1",5,70,300,20,5,3.46575675001878,0.1,9.15446596189431,0.110792522346124,3.31805116804899,27,0.2,1,62.1018991696082,22.3192260317628,0.0009214892938393,0.00111173371870004,0.488787675784435,16,2965,1,"1","diploid","female"
"47","0","0","0","0",-0.531648576259613,3076.76000976562,"map_2965_1_2",5,70,300,20,5,6.67818112528698,0.1,9.25862578053057,0.107622994672931,3.80556514043334,30,0.2,1,62.1018991696082,22.3192260317628,0.000880397915196044,0.000887167383542707,0.675153066459632,16,2965,1,"2","diploid","female"
"48","0","0","0","0",-0.531648576259613,3076.76000976562,"map_2965_1_3",5,70,300,20,5,3.63413641704329,0.1,6.87167300431644,0.0429556390533161,2.86851347334019,53,0.2,1,62.1018991696082,22.3192260317628,0.000179212534556224,1.0075444021091e-05,0.88335819438789,16,2965,1,"3","diploid","female"
"49","0","0","0","0",-0.636561393737793,3003.02612304688,"map_3068_1_1",5,70,300,20,5,0.949689225574745,0.1,12.4487080639161,0.254802862675709,1.92709107931015,4,0.2,1,61.1609918294951,24.0191889917072,0.00432823653817491,0.0104489778772816,0.253190562400715,17,3068,1,"1","diploid","female"
"50","0","0","0","0",-0.636561393737793,3003.02612304688,"map_3068_1_2",5,70,300,20,5,4.8352373889395,0.1,7.90716521913657,0.245058520045597,2.41467155607245,2,0.2,1,61.1609918294951,24.0191889917072,0.00131594520819599,0.000619447901724377,1.00319213422188,17,3068,1,"2","diploid","female"
"51","0","0","0","0",-0.636561393737793,3003.02612304688,"map_3068_1_3",5,70,300,20,5,1.18712849395937,0.1,6.70506241207025,0.235295566419583,2.33429415063864,2,0.2,1,61.1609918294951,24.0191889917072,0.000938823446712671,5.92269780949437e-05,0.576982528696363,17,3068,1,"3","diploid","female"
"52","0","0","0","0",-0.55124819278717,3037.6044921875,"map_3069_1_1",5,70,300,20,5,2.55045049018226,0.1,10.4520933665756,0.235524780139521,2.32145869404463,62,0.2,1,60.6232760526809,23.8142893918989,0.00289931286557507,0.00614074353130927,0.255590893845634,18,3069,1,"1","diploid","female"
"53","0","0","0","0",-0.55124819278717,3037.6044921875,"map_3069_1_2",5,70,300,20,5,4.86379988594056,0.1,8.22694598998055,0.234901073880699,2.95145331458835,27,0.2,1,60.6232760526809,23.8142893918989,0.00148165005963883,0.000857512499765229,0.513496444938449,18,3069,1,"2","diploid","female"
"54","0","0","0","0",-0.55124819278717,3037.6044921875,"map_3069_1_3",5,70,300,20,5,3.58551838022817,0.1,7.79415071135163,0.125436790387704,2.52906726209591,68,0.2,1,60.6232760526809,23.8142893918989,0.000646658368518005,1.47979899278039e-05,0.479284604192284,18,3069,1,"3","diploid","female"
"55","0","0","0","0",-0.63727879524231,3102.81005859375,"map_3070_1_1",5,70,300,20,5,2.62745411255365,0.1,8.02903361472706,0.655165425743553,2.65724109731358,89,0.2,1,81.9802819565681,23.8149191794073,0.00536733136750838,0.00969663761298224,0.378331109111692,19,3070,1,"1","diploid","female"
"56","0","0","0","0",-0.63727879524231,3102.81005859375,"map_3070_1_2",5,70,300,20,5,5.45836054834908,0.1,5.0726273182221,6.62480453773942,3.71291467183095,1,0.2,1,81.9802819565681,23.8149191794073,0.0136454295938068,0.000134318080681527,1.90129233014117,19,3070,1,"2","diploid","female"
"57","0","0","0","0",-0.63727879524231,3102.81005859375,"map_3070_1_3",5,70,300,20,5,3.37487151654752,0.1,5.28407671869107,1.07788313448712,2.59178533436551,69,0.2,1,81.9802819565681,23.8149191794073,0.00255397369830941,1.36317273849228e-05,0.813938425607267,19,3070,1,"3","diploid","female"
"58","0","0","0","0",-0.450167804956436,3068.9248046875,"map_3074_1_1",5,70,300,20,5,3.40837916744645,0.1,10.1012279608363,0.368880001806713,2.89511472693854,61,0.2,1,80.111867312181,23.1201152186853,0.00398768482219903,0.00632751548967456,0.426285746984512,20,3074,1,"1","diploid","female"
"59","0","0","0","0",-0.450167804956436,3068.9248046875,"map_3074_1_2",5,70,300,20,5,5.57231867226256,0.1,5.25601398430473,1.20711928594441,2.78329789054866,26,0.2,1,80.111867312181,23.1201152186853,0.00282732218327007,0.000510458717776976,1.66443909902162,20,3074,1,"2","diploid","female"
"60","0","0","0","0",-0.450167804956436,3068.9248046875,"map_3074_1_3",5,70,300,20,5,4.05986023240828,0.1,6.7859141275706,0.383699655113227,3.37360475990035,90,0.2,1,80.111867312181,23.1201152186853,0.00151368996207633,2.15309352430566e-05,0.764915972558657,20,3074,1,"3","diploid","female"
"61","0","0","0","0",-0.860665440559387,2974.61328125,"map_3172_1_1",5,70,300,20,5,1.84681854807662,0.1,10.6777871027135,0.413766089535419,1.44745805103516,5,0.2,1,60.4510087198593,24.0418370699962,0.0054936147186585,0.0111668319634858,0.439690367131447,21,3172,1,"1","diploid","female"
"62","0","0","0","0",-0.860665440559387,2974.61328125,"map_3172_1_2",5,70,300,20,5,3.63280688274125,0.1,9.64070361929406,0.102070338079485,3.25742743542491,2,0.2,1,60.4510087198593,24.0418370699962,0.00103974701730241,0.000825066582295581,2.1121168161252,21,3172,1,"2","diploid","female"
"63","0","0","0","0",-0.860665440559387,2974.61328125,"map_3172_1_3",5,70,300,20,5,2.73046160763839,0.1,7.1440939317109,0.277396175789794,1.67480070727837,2,0.2,1,60.4510087198593,24.0418370699962,0.00117535416183257,5.94855971165838e-06,0.909121362562247,21,3172,1,"3","diploid","female"
"64","0","0","0","0",-0.776373386383057,3003.34985351562,"map_3173_1_1",5,70,300,20,5,2.13019284553312,0.1,10.420897267256,0.229810179228028,1.89342283466583,11,0.2,1,63.3879402174902,23.7569821859383,0.003008879777075,0.00699207117763541,0.268994714618846,22,3173,1,"1","diploid","female"
"65","0","0","0","0",-0.776373386383057,3003.34985351562,"map_3173_1_2",5,70,300,20,5,3.95343201802617,0.1,9.55960668467701,0.208320880238636,2.68629232318542,6,0.2,1,63.3879402174902,23.7569821859383,0.00194296210827738,0.000679100357421507,0.301695448807449,22,3173,1,"2","diploid","female"
"66","0","0","0","0",-0.776373386383057,3003.34985351562,"map_3173_1_3",5,70,300,20,5,3.15469813536632,0.1,7.44316645062953,0.1127362490361,2.24886749363969,4,0.2,1,63.3879402174902,23.7569821859383,0.00052359933767486,9.56919047049446e-06,0.513674237987835,22,3173,1,"3","diploid","female"
"67","0","0","0","0",-0.844617307186127,3037.07885742188,"map_3174_1_1",5,70,300,20,5,1.1154876972868,0.1,12.2404163028233,0.20493741736086,2.04602856432783,11,0.2,1,79.0380131033964,23.761265215446,0.00340904278355582,0.00803061728080149,0.308662110507557,23,3174,1,"1","diploid","female"
"68","0","0","0","0",-0.844617307186127,3037.07885742188,"map_3174_1_2",5,70,300,20,5,6.74092871342332,0.1,8.30469370202888,0.450493985776133,1.96461991700822,13,0.2,1,79.0380131033964,23.761265215446,0.00303906539732949,0.00287211625603194,0.693611677094259,23,3174,1,"2","diploid","female"
"69","0","0","0","0",-0.844617307186127,3037.07885742188,"map_3174_1_3",5,70,300,20,5,1.24122278338708,0.1,7.94618868540796,0.138061040003492,2.13279457955324,6,0.2,1,79.0380131033964,23.761265215446,0.000721329702954316,3.67241304859255e-06,0.674641363515087,23,3174,1,"3","diploid","female"
"70","0","0","0","0",-0.925605535507202,2915.75537109375,"map_3275_1_1",5,70,300,20,5,1.65562855685969,0.1,15.3639147032734,0.320398378400807,1.33939569741564,70,0.2,1,61.9927003363834,24.0165894395357,0.00902865975621243,0.0348890038608661,0.291283237806787,24,3275,1,"1","diploid","female"
"71","0","0","0","0",-0.925605535507202,2915.75537109375,"map_3275_1_2",5,70,300,20,5,3.03094316144301,0.1,14.402873001246,0.593561768528126,0.474085210739101,74,0.2,1,61.9927003363834,24.0165894395357,0.0136701148862391,0.0529707574699741,0.408801741662511,24,3275,1,"2","diploid","female"
"72","0","0","0","0",-0.925605535507202,2915.75537109375,"map_3275_1_3",5,70,300,20,5,2.22779221833643,0.1,5.6676110062672,0.350227035146151,1.48730852625387,35,0.2,1,61.9927003363834,24.0165894395357,0.000974298738760721,6.17305009305425e-06,0.971913369459229,24,3275,1,"3","diploid","female"
"73","0","0","0","0",-0.904919922351837,2932.15258789062,"map_3276_1_1",5,70,300,20,5,1.60576508957595,0.1,15.697645451837,0.147194820827362,1.73768265738053,86,0.2,1,63.7896067533778,24.0159828087816,0.00424969202721829,0.018245742320131,0.340071646778681,25,3276,1,"1","diploid","female"
"74","0","0","0","0",-0.904919922351837,2932.15258789062,"map_3276_1_2",5,70,300,20,5,4.77408400322041,0.1,12.5406082325697,0.0824306154890046,2.48494399678854,88,0.2,1,63.7896067533778,24.0159828087816,0.0012956650296369,0.00275354241061457,0.760801494043688,25,3276,1,"2","diploid","female"
"75","0","0","0","0",-0.904919922351837,2932.15258789062,"map_3276_1_3",5,70,300,20,5,1.72950681837929,0.1,6.69172621296943,0.06622939722911,1.54559358942782,111,0.2,1,63.7896067533778,24.0159828087816,0.000264735207322945,3.35436912691989e-06,0.844352555501766,25,3276,1,"3","diploid","female"
"76","0","0","0","0",-0.851982116699219,2953.86767578125,"map_3277_1_1",5,70,300,20,5,1.0089048963447,0.1,16.6118682846557,0.188278270293508,1.68797062042706,78,0.2,1,62.9729300931443,23.7449308733343,0.00553771733746567,0.0185114523305256,0.340720281415021,26,3277,1,"1","diploid","female"
"77","0","0","0","0",-0.851982116699219,2953.86767578125,"map_3277_1_2",5,70,300,20,5,5.50146631340465,0.1,11.5581337129677,0.249051333836922,1.82048741289092,112,0.2,1,62.9729300931443,23.7449308733343,0.00310268914614557,0.00345139704558556,1.19585511193815,26,3277,1,"2","diploid","female"
"78","0","0","0","0",-0.851982116699219,2953.86767578125,"map_3277_1_3",5,70,300,20,5,1.07795301644934,0.1,7.55566284110674,0.0575858721489601,1.70646130057609,110,0.2,1,62.9729300931443,23.7449308733343,0.000300549086999963,7.42666466444446e-06,1.18561049918823,26,3277,1,"3","diploid","female"
"79","0","0","0","0",-0.233471482992172,2951.47045898438,"map_3486_1_1",5,70,300,20,5,3.0416142019848,0.1,15.042545856089,0.308520671632814,1.34068203777575,99,0.2,1,72.8402597072513,23.805125160682,0.00715930903291046,0.018748102554966,0.280988035750399,27,3486,1,"1","diploid","female"
"80","0","0","0","0",-0.233471482992172,2951.47045898438,"map_3486_1_2",5,70,300,20,5,5.30398322176817,0.1,8.19103963364748,0.273058441396084,2.73454981520301,44,0.2,1,72.8402597072513,23.805125160682,0.00158145995793201,0.000153684611672206,0.525888914192644,27,3486,1,"2","diploid","female"
"81","0","0","0","0",-0.233471482992172,2951.47045898438,"map_3486_1_3",5,70,300,20,5,3.38855818463949,0.1,7.82099053534714,0.171881672489326,2.43184383406436,89,0.2,1,72.8402597072513,23.805125160682,0.000932069517416774,0.000164499694103061,0.510637083476618,27,3486,1,"3","diploid","female"
"82","0","0","0","0",-0.592703223228455,2939.67944335938,"map_3590_1_1",5,70,300,20,5,2.3469771596938,0.1,10.6688418281808,0.510500699302851,1.87759470002781,32,0.2,1,71.0296828881451,23.7617671104761,0.0072975958232584,0.0191447930264196,0.330521967470838,28,3590,1,"1","diploid","female"
"83","0","0","0","0",-0.592703223228455,2939.67944335938,"map_3590_1_2",5,70,300,20,5,4.0950895493034,0.1,6.69964805569014,1.75699733173747,1.19154066802295,248,0.2,1,71.0296828881451,23.7617671104761,0.00831282363862122,0.00477267636842387,0.768823583835523,28,3590,1,"2","diploid","female"
"84","0","0","0","0",-0.592703223228455,2939.67944335938,"map_3590_1_3",5,70,300,20,5,2.82121742980106,0.1,7.20653272176226,0.0724843367821195,1.5017185143466,4,0.2,1,71.0296828881451,23.7617671104761,0.00034879978917141,2.76111656212106e-05,1.02610855871528,28,3590,1,"3","diploid","female"
"85","0","0","0","0",-0.353633195161819,2973.78076171875,"map_3591_1_1",5,70,300,20,5,2.86548240426397,0.1,15.8716547747637,0.207406428619185,1.88212690338041,24,0.2,1,70.7213663595459,23.8024768681489,0.00523701156941466,0.0169118995046493,0.188426088279837,29,3591,1,"1","diploid","female"
"86","0","0","0","0",-0.353633195161819,2973.78076171875,"map_3591_1_2",5,70,300,20,5,5.1619560655236,0.1,10.7568599591721,0.140577889939116,2.62856372966744,15,0.2,1,70.7213663595459,23.8024768681489,0.00134178916956444,6.649520125374e-05,0.393304639198416,29,3591,1,"2","diploid","female"
"87","0","0","0","0",-0.353633195161819,2973.78076171875,"map_3591_1_3",5,70,300,20,5,3.41338726030358,0.1,9.70152472164435,0.07393209682545,2.79506506757087,14,0.2,1,70.7213663595459,23.8024768681489,0.000607539777593277,3.28644141751817e-05,0.48263491208395,29,3591,1,"3","diploid","female"
"88","0","0","0","0",-0.329372704029083,3016.84985351562,"map_3592_1_1",5,70,300,20,5,3.49941957042472,0.1,8.92497766154416,0.198117283089537,3.79199824936208,42,0.2,1,74.1234686683579,23.0844864314049,0.00213123241280338,0.00643568748625191,0.341392578739538,30,3592,1,"1","diploid","female"
"89","0","0","0","0",-0.329372704029083,3016.84985351562,"map_3592_1_2",5,70,300,20,5,5.32343913336231,0.1,6.36174687853898,0.320240055731655,4.58199346842777,47,0.2,1,74.1234686683579,23.0844864314049,0.00138667143074974,0.000964521345047648,0.617623409181003,30,3592,1,"2","diploid","female"
"90","0","0","0","0",-0.329372704029083,3016.84985351562,"map_3592_1_3",5,70,300,20,5,4.25844887700766,0.1,6.50458258921772,0.188275409871166,3.62029524522532,157,0.2,1,74.1234686683579,23.0844864314049,0.000783640383506916,0.000197830417596949,0.546962378130034,30,3592,1,"3","diploid","female"
"91","0","0","0","0",-0.752954065799713,3046.1005859375,"map_3593_1_1",5,70,300,20,5,2.7790964269547,0.1,15.1311705720912,0.145351898057469,2.6116817583049,64,0.2,1,92.1847380641291,23.1277786975155,0.00376440720691813,0.0138312569240429,0.242919281461445,31,3593,1,"1","diploid","female"
"92","0","0","0","0",-0.752954065799713,3046.1005859375,"map_3593_1_2",5,70,300,20,5,7.11435337361254,0.1,19.1482548087881,0.122822331258601,3.97556256167445,84,0.2,1,92.1847380641291,23.1277786975155,0.00518676386728119,0.0320307369981784,0.377106355804916,31,3593,1,"2","diploid","female"
"93","0","0","0","0",-0.752954065799713,3046.1005859375,"map_3593_1_3",5,70,300,20,5,2.81306732796912,0.1,8.43060773991204,0.0562941974285044,2.84102795046775,100,0.2,1,92.1847380641291,23.1277786975155,0.000367073000128362,6.38596804991537e-05,0.690825960736541,31,3593,1,"3","diploid","female"
"94","0","0","0","0",-0.472372323274612,2957.31176757812,"map_3695_1_1",5,70,300,20,5,0,0.1,13.323368185464,0.341896085471796,1.52555740937039,17,0.2,1,72.0212955791689,23.7855492749219,0.00695030465075487,0.0165545032805538,0.445101354819678,32,3695,1,"1","diploid","female"
"95","0","0","0","0",-0.472372323274612,2957.31176757812,"map_3695_1_2",5,70,300,20,5,7.07001335691784,0.1,8.81270242364472,0.61375166786192,0.71618059167891,26,0.2,1,72.0212955791689,23.7855492749219,0.00402593361478003,0.000301876366522793,0.41860429129939,32,3695,1,"2","diploid","female"
"96","0","0","0","0",-0.472372323274612,2957.31176757812,"map_3695_1_3",5,70,300,20,5,2.32467511025528,0.1,9.22217826913548,0.0736681966549815,2.24314291656341,8,0.2,1,72.0212955791689,23.7855492749219,0.000550850855353501,6.01643911424978e-05,0.721881512364046,32,3695,1,"3","diploid","female"
"97","0","0","0","0",-0.812907218933105,2984.13989257812,"map_3696_1_1",5,70,300,20,5,2.37299425087635,0.1,8.74867047828151,0.291411785059835,2.45829187131137,9,0.2,1,74.1863737233057,23.0773906317,0.00295293263626226,0.00791557139945072,0.35458587830803,33,3696,1,"1","diploid","female"
"98","0","0","0","0",-0.812907218933105,2984.13989257812,"map_3696_1_2",5,70,300,20,5,5.61170501298174,0.1,12.3564945616142,0.617477785048368,0.475044444155208,8,0.2,1,74.1863737233057,23.0773906317,0.00984902430914299,0.0273614943318219,0.269153072510887,33,3696,1,"2","diploid","female"
"99","0","0","0","0",-0.812907218933105,2984.13989257812,"map_3696_1_3",5,70,300,20,5,2.48718343122215,0.1,5.77419503636553,0.340633021262798,2.65420040870176,2,0.2,1,74.1863737233057,23.0773906317,0.000950739957090372,1.58688029780676e-05,0.734808709178397,33,3696,1,"3","diploid","female"
"100","0","0","0","0",-0.861461460590363,3170.83911132812,"map_3701_1_1",5,70,300,20,5,3.63999330603611,0.1,15.2514984980381,0.307070016306761,2.98070408636205,86,0.2,1,167.727573851018,21.8992195920427,0.00824736717150633,0.0268147965630632,0.161691736160565,34,3701,1,"1","diploid","female"
"101","0","0","0","0",-0.861461460590363,3170.83911132812,"map_3701_1_2",5,70,300,20,5,4.71098977331851,0.1,13.1128773848354,0.496508849760379,1.86141489299785,90,0.2,1,167.727573851018,21.8992195920427,0.0101944338179327,0.0287055425693957,0.334938174847183,34,3701,1,"2","diploid","female"
"102","0","0","0","0",-0.861461460590363,3170.83911132812,"map_3701_1_3",5,70,300,20,5,3.66062605009417,0.1,6.59782486830228,0.217688201720964,3.15209284687405,69,0.2,1,167.727573851018,21.8992195920427,0.000902116740973137,6.01586043968584e-05,0.545469657209798,34,3701,1,"3","diploid","female"
"103","0","0","0","0",-0.904599010944366,3197.70434570312,"map_3702_1_1",5,70,300,20,5,4.6009809734948,0.1,16.9096926143232,0.254357440234222,2.73539609636775,68,0.2,1,159.693643196081,20.6015594560575,0.0079685006038775,0.02840507726322,0.135727003129035,35,3702,1,"1","diploid","female"
"104","0","0","0","0",-0.904599010944366,3197.70434570312,"map_3702_1_2",5,70,300,20,5,4.07284614043264,0.1,17.4875715711862,0.322710410148095,1.49644419288285,76,0.2,1,159.693643196081,20.6015594560575,0.0100636837964351,0.0268341536258612,0.146322692508034,35,3702,1,"2","diploid","female"
"105","0","0","0","0",-0.904599010944366,3197.70434570312,"map_3702_1_3",5,70,300,20,5,4.21556794229455,0.1,8.89006716192293,0.0485109299909169,3.23380701135965,39,0.2,1,159.693643196081,20.6015594560575,0.000357708892051029,0.0001795151214779,0.503156613461456,35,3702,1,"3","diploid","female"
"106","0","0","0","0",-0.890967667102814,3228.64868164062,"map_3703_1_1",5,70,300,20,5,3.43277944824929,0.1,11.1578207170683,0.395721882163636,4.59907322680766,25,0.2,1,153.898534096753,20.6128554725436,0.00658076092768864,0.0211531821196645,0.178785663112738,36,3703,1,"1","diploid","female"
"107","0","0","0","0",-0.890967667102814,3228.64868164062,"map_3703_1_2",5,70,300,20,5,9.59012063902132,0.1,7.17378995850249,0.765757439157757,4.30492467052714,17,0.2,1,153.898534096753,20.6128554725436,0.00525474010480754,0.0111248319834942,0.567372828506408,36,3703,1,"2","diploid","female"
"108","0","0","0","0",-0.890967667102814,3228.64868164062,"map_3703_1_3",5,70,300,20,5,2.16459274296544,0.1,7.20027343746544,0.0701828418313809,1.6972564231118,91,0.2,1,153.898534096753,20.6128554725436,0.0003342475474726,2.74468550804937e-05,0.503050526569491,36,3703,1,"3","diploid","female"
"109","0","0","0","0",-0.920718967914581,3252.97436523438,"map_3704_1_1",5,70,300,20,5,4.49988409603522,0.1,13.5452632153536,0.479769619223938,1.7405647306914,12,0.2,1,157.534773741054,20.6164283391249,0.0101783488377101,0.0337103295435419,0.141424377683234,37,3704,1,"1","diploid","female"
"110","0","0","0","0",-0.920718967914581,3252.97436523438,"map_3704_1_2",5,70,300,20,5,4.11110408158805,0.1,9.49463853662467,0.741244771033121,0.51281920805873,9,0.2,1,157.534773741054,20.6164283391249,0.00697379172191536,0.0103695947473295,0.434717444387444,37,3704,1,"2","diploid","female"
"111","0","0","0","0",-0.920718967914581,3252.97436523438,"map_3704_1_3",5,70,300,20,5,3.29531454063571,0.1,7.27916275123438,0.302294928928703,2.44726115932944,3,0.2,1,157.534773741054,20.6164283391249,0.00139192038092114,2.38419217075212e-05,0.632953541335106,37,3704,1,"3","diploid","female"
"112","0","0","0","0",-0.0775306895375252,3080.07177734375,"map_3791_1_1",5,70,300,20,5,5.46361377444122,0.1,10.8550813812668,0.0975070315056734,4.50892694682467,24,0.2,1,79.7283365496765,22.1224600766584,0.00118176486971567,0.00175949928162123,0.361071807555336,38,3791,1,"1","diploid","female"
"113","0","0","0","0",-0.0775306895375252,3080.07177734375,"map_3791_1_2",5,70,300,20,5,6.39330617763426,0.1,11.1616137932827,0.0789950957193044,4.92890136038894,23,0.2,1,79.7283365496765,22.1224600766584,0.00105556729951193,0.00216691972981294,0.520089751058469,38,3791,1,"2","diploid","female"
"114","0","0","0","0",-0.0775306895375252,3080.07177734375,"map_3791_1_3",5,70,300,20,5,6.01926659647713,0.1,8.11344201647097,0.0453709897685946,4.46328441038031,91,0.2,1,79.7283365496765,22.1224600766584,0.000264700196956596,5.04395130635039e-05,0.567946922715543,38,3791,1,"3","diploid","female"
"115","0","0","0","0",-0.150173261761665,2992.1298828125,"map_3792_1_1",5,70,300,20,5,2.31861209472568,0.1,10.6879303638689,0.211070845302287,3.46970187033018,37,0.2,1,82.2325029594954,22.0833460822586,0.00247361107207681,0.00470229965513651,0.384030602418796,39,3792,1,"1","diploid","female"
"116","0","0","0","0",-0.150173261761665,2992.1298828125,"map_3792_1_2",5,70,300,20,5,7.74318147230401,0.1,9.28010664835347,0.773829059917379,1.43927446057127,116,0.2,1,82.2325029594954,22.0833460822586,0.0072684265391714,0.019784404281018,0.469949315838062,39,3792,1,"2","diploid","female"
"117","0","0","0","0",-0.150173261761665,2992.1298828125,"map_3792_1_3",5,70,300,20,5,2.0803521466076,0.1,9.05859988698447,0.0591392811565152,4.12790453761028,48,0.2,1,82.2325029594954,22.0833460822586,0.000433918283187146,0.000103606011751137,0.708736937324831,39,3792,1,"3","diploid","female"
"118","0","0","0","0",-0.884571433067322,2956.37036132812,"map_3800_1_1",5,70,300,20,5,2.19833214484784,0.1,10.9914560077609,0.277454921094041,1.71489351279426,5,0.2,1,69.7824196641231,23.1659972981889,0.00372493411180589,0.00676690338547048,0.348345440755535,40,3800,1,"1","diploid","female"
"119","0","0","0","0",-0.884571433067322,2956.37036132812,"map_3800_1_2",5,70,300,20,5,5.04320035812279,0.1,12.5310694183682,0.44794665221235,0.783039650568583,5,0.2,1,69.7824196641231,23.1659972981889,0.00758656998258019,0.00917490280592061,0.23468691506309,40,3800,1,"2","diploid","female"
"120","0","0","0","0",-0.884571433067322,2956.37036132812,"map_3800_1_3",5,70,300,20,5,2.26255911196052,0.1,6.07699936261722,0.277105890473613,1.41534100446581,2,0.2,1,69.7824196641231,23.1659972981889,0.000834784570954803,4.41747087073064e-06,1.01662790598512,40,3800,1,"3","diploid","female"
"121","0","0","0","0",-0.945974707603455,2965.47583007812,"map_3801_1_1",5,70,300,20,5,2.27351072208993,0.1,13.4410808124682,0.203643562663494,1.69372060598571,57,0.2,1,89.1937246100847,23.1353921964187,0.00430102325325669,0.0160867996063617,0.497473370497484,41,3801,1,"1","diploid","female"
"122","0","0","0","0",-0.945974707603455,2965.47583007812,"map_3801_1_2",5,70,300,20,5,3.38580527395368,0.1,11.8720536297009,0.60959897093224,1.15684350668346,83,0.2,1,89.1937246100847,23.1353921964187,0.0108694678390168,0.0611096053599196,0.760987685640394,41,3801,1,"2","diploid","female"
"123","0","0","0","0",-0.945974707603455,2965.47583007812,"map_3801_1_3",5,70,300,20,5,3.01812473660934,0.1,8.48975410537443,0.0456315171019686,1.72219777023603,28,0.2,1,89.1937246100847,23.1353921964187,0.000278010211101524,1.30133685991486e-05,1.12877895721097,41,3801,1,"3","diploid","female"
"124","0","0","0","0",-0.835117936134338,3066.89721679688,"map_3804_1_1",5,70,300,20,5,3.3733426434404,0.1,9.3521214555412,0.184617422323545,2.86899767308452,7,0.2,1,87.8710293944096,21.980474648312,0.00160802145211886,0.00152425286787653,0.318646602719635,42,3804,1,"1","diploid","female"
"125","0","0","0","0",-0.835117936134338,3066.89721679688,"map_3804_1_2",5,70,300,20,5,3.89284252338364,0.1,13.0327100579842,0.265994887234634,2.66122268380238,8,0.2,1,87.8710293944096,21.980474648312,0.00483385978127946,0.0064001319074982,0.325026626643471,42,3804,1,"2","diploid","female"
"126","0","0","0","0",-0.835117936134338,3066.89721679688,"map_3804_1_3",5,70,300,20,5,4.44861472666205,0.1,7.46251252887001,0.07537531921858,2.90022032353308,4,0.2,1,87.8710293944096,21.980474648312,0.000349681023297221,1.95904668088285e-06,0.734757333677886,42,3804,1,"3","diploid","female"
"127","0","0","0","0",-0.911488592624664,3109.03979492188,"map_3805_1_1",5,70,300,20,5,0,0.1,15.7312756346094,0.23942367309008,3.38561741268389,77,0.2,1,158.707259130636,21.9618757584826,0.00727872490459723,0.0328407724182276,0.228321608255566,43,3805,1,"1","diploid","female"
"128","0","0","0","0",-0.911488592624664,3109.03979492188,"map_3805_1_2",5,70,300,20,5,9.75143406949637,0.1,18.919002940007,0.311219853342626,3.33526771733056,76,0.2,1,158.707259130636,21.9618757584826,0.0132744004434982,0.0809729861007236,0.252284753975644,43,3805,1,"2","diploid","female"
"129","0","0","0","0",-0.911488592624664,3109.03979492188,"map_3805_1_3",5,70,300,20,5,4.05670244583371,0.1,7.2291377309091,0.157646161311104,3.54025064418102,65,0.2,1,158.707259130636,21.9618757584826,0.00077841241608625,0.000173461256603789,0.59651302787927,43,3805,1,"3","diploid","female"
"130","0","0","0","0",-0.972898662090302,3131.078125,"map_3806_1_1",5,70,300,20,5,4.36676884587854,0.1,12.1991834179875,0.290459891809007,4.2698311086893,7,0.2,1,156.330917827315,20.6110379699589,0.00550928792372719,0.0214377714415581,0.216757654517006,44,3806,1,"1","diploid","female"
"131","0","0","0","0",-0.972898662090302,3131.078125,"map_3806_1_2",5,70,300,20,5,3.69709288377595,0.1,16.392381428527,0.43069294147429,2.51603608114742,8,0.2,1,156.330917827315,20.6110379699589,0.0152069282215241,0.0724777053995188,0.166704252192916,44,3806,1,"2","diploid","female"
"132","0","0","0","0",-0.972898662090302,3131.078125,"map_3806_1_3",5,70,300,20,5,4.91932539912823,0.1,7.34064712454214,0.127631507524508,1.64919465413497,3,0.2,1,156.330917827315,20.6110379699589,0.000593399247862952,0.000157161000368721,0.70811884832232,44,3806,1,"3","diploid","female"
"133","0","0","0","0",-0.936655461788177,3156.57373046875,"map_3807_1_1",5,70,300,20,5,6.36445218698574,0.1,13.5197222182107,0.310337633012247,4.32983448038792,139,0.2,1,160.27482057489,20.6106104000594,0.00617007498198309,0.0142637353774252,0.180854056835718,45,3807,1,"1","diploid","female"
"134","0","0","0","0",-0.936655461788177,3156.57373046875,"map_3807_1_2",5,70,300,20,5,8.80410242438307,0.1,16.5746877436893,0.590194093032342,0.88547595647643,247,0.2,1,160.27482057489,20.6106104000594,0.0145624621847167,0.0227247481430822,0.0575097633374787,45,3807,1,"2","diploid","female"
"135","0","0","0","0",-0.936655461788177,3156.57373046875,"map_3807_1_3",5,70,300,20,5,4.75024646431266,0.1,9.60367982856602,0.114588125613326,3.39316239257216,113,0.2,1,160.27482057489,20.6106104000594,0.000913913938991328,8.95145472124922e-05,0.512931789853394,45,3807,1,"3","diploid","female"
"136","0","0","0","0",-0.941332876682281,3183.19653320312,"map_3808_1_1",5,70,300,20,5,6.35349751098265,0.1,14.2684543030101,0.23017832040326,3.26324901624841,65,0.2,1,163.327759118571,20.5915096082297,0.00551504253265907,0.0196074870100966,0.216976574081209,46,3808,1,"1","diploid","female"
"137","0","0","0","0",-0.941332876682281,3183.19653320312,"map_3808_1_2",5,70,300,20,5,8.95586005735228,0.1,14.8503918598515,0.310256608462703,2.12575804894483,75,0.2,1,163.327759118571,20.5915096082297,0.00808161602520572,0.0302449013079548,0.245159476163164,46,3808,1,"2","diploid","female"
"138","0","0","0","0",-0.941332876682281,3183.19653320312,"map_3808_1_3",5,70,300,20,5,4.39078381571328,0.1,8.23480750890402,0.0429398460300084,2.89843459742264,38,0.2,1,163.327759118571,20.5915096082297,0.000261390377303952,6.49852030197925e-05,0.70969036549961,46,3808,1,"3","diploid","female"
"139","0","0","0","0",-0.667052984237671,3222.68359375,"map_3810_1_1",5,70,300,20,5,4.94836109291843,0.1,12.87487080111,0.443452166433266,2.94213728482981,38,0.2,1,153.527805379063,20.9220311290534,0.00878125879975019,0.0271355096160023,0.16957556039105,47,3810,1,"1","diploid","female"
"140","0","0","0","0",-0.667052984237671,3222.68359375,"map_3810_1_2",5,70,300,20,5,4.78129883824621,0.1,9.94032988159638,0.759670005530386,0.65080334533426,32,0.2,1,153.527805379063,20.9220311290534,0.00773980305739445,0.00934009908482301,0.313211027449639,47,3810,1,"2","diploid","female"
"141","0","0","0","0",-0.667052984237671,3222.68359375,"map_3810_1_3",5,70,300,20,5,3.99697810896321,0.1,6.26951826913057,0.393247507742218,3.8731763779854,4,0.2,1,153.527805379063,20.9220311290534,0.00142497964436749,0.000215704681865223,0.514277028202383,47,3810,1,"3","diploid","female"
"142","0","0","0","0",-0.846039652824402,3245.07275390625,"map_3812_1_1",5,70,300,20,5,2.51512455283526,0.1,16.0671386546039,0.300119039561674,2.26218429190119,59,0.2,1,142.485432520261,20.9063375435002,0.00939169072240376,0.0440650864016305,0.161606184582847,48,3812,1,"1","diploid","female"
"143","0","0","0","0",-0.846039652824402,3245.07275390625,"map_3812_1_2",5,70,300,20,5,7.54486161623804,0.1,11.0486318366497,0.259676991290968,1.90733558216848,42,0.2,1,142.485432520261,20.9063375435002,0.00364627987316623,0.011259491992067,0.503385162523358,48,3812,1,"2","diploid","female"
"144","0","0","0","0",-0.846039652824402,3245.07275390625,"map_3812_1_3",5,70,300,20,5,1.57626334041515,0.1,7.99518895748471,0.0972536903888892,1.97924096828451,51,0.2,1,142.485432520261,20.9063375435002,0.000521404284001146,2.31625974346462e-05,0.875466425850157,48,3812,1,"3","diploid","female"
"145","0","0","0","0",0.192412167787552,2994.11791992188,"map_3896_1_1",5,70,300,20,5,6.15938705367001,0.1,12.8422828266808,0.15005841009818,4.71040489253992,32,0.2,1,105.533850090052,22.2100203152907,0.00299171966777603,0.0108610716869718,0.260213137764644,49,3896,1,"1","diploid","female"
"146","0","0","0","0",0.192412167787552,2994.11791992188,"map_3896_1_2",5,70,300,20,5,6.88663533191991,0.1,13.7477444202898,0.202406447386675,3.75477893909321,50,0.2,1,105.533850090052,22.2100203152907,0.00505854239868444,0.0212426353991407,0.297152836651842,49,3896,1,"2","diploid","female"
"147","0","0","0","0",0.192412167787552,2994.11791992188,"map_3896_1_3",5,70,300,20,5,6.14627608988518,0.1,10.3765245268894,0.0725020169817262,4.70179672647526,115,0.2,1,105.533850090052,22.2100203152907,0.000835861431832805,0.00180100177217993,0.444222321991612,49,3896,1,"3","diploid","female"
"148","0","0","0","0",-0.92236864566803,2925.67700195312,"map_3904_1_1",5,70,300,20,5,1.73767867412496,0.1,8.8928847770656,0.341389072002506,1.43573527838072,28,0.2,1,30.6929367743061,23.8647114778014,0.00335336698338254,0.0067573221380194,0.254603791498047,50,3904,1,"1","diploid","female"
"149","0","0","0","0",-0.92236864566803,2925.67700195312,"map_3904_1_2",5,70,300,20,5,3.07348172933137,0.1,6.26289837549648,0.814528886417619,1.26744941736346,57,0.2,1,30.6929367743061,23.8647114778014,0.00301599778430489,0.000390535335404752,0.508850805722291,50,3904,1,"2","diploid","female"
"150","0","0","0","0",-0.92236864566803,2925.67700195312,"map_3904_1_3",5,70,300,20,5,2.37184625480329,0.1,5.75446596100836,0.342636087719068,1.40435538395225,7,0.2,1,30.6929367743061,23.8647114778014,0.000911285779285755,6.4944751714418e-08,0.73505183890397,50,3904,1,"3","diploid","female"
"151","0","0","0","0",-0.920646369457245,2933.58349609375,"map_3906_1_1",5,70,300,20,5,1.75275676983021,0.1,14.8642545774301,0.187795004015694,1.06295245459677,21,0.2,1,31.0036498389371,23.8140627129133,0.00406181739965975,0.00660148308208987,0.291631408172442,51,3906,1,"1","diploid","female"
"152","0","0","0","0",-0.920646369457245,2933.58349609375,"map_3906_1_2",5,70,300,20,5,3.12080777630729,0.1,10.2641000048338,0.231959681068058,1.19475121953731,25,0.2,1,31.0036498389371,23.8140627129133,0.00227261246441012,0.00111299134076822,0.590213401245346,51,3906,1,"2","diploid","female"
"153","0","0","0","0",-0.920646369457245,2933.58349609375,"map_3906_1_3",5,70,300,20,5,2.4631522465064,0.1,6.79407917323145,0.0264448921831152,1.36937520825704,11,0.2,1,31.0036498389371,23.8140627129133,0.000103730463865792,1.72610404954056e-07,0.994884588575652,51,3906,1,"3","diploid","female"
"154","0","0","0","0",-0.806814908981323,2960.16333007812,"map_3907_1_1",5,70,300,20,5,1.63296013299002,0.1,6.30613651054829,0.550869906753515,2.06900164670191,9,0.2,1,28.8615006521295,23.4211993687441,0.00218866760772221,0.0010767192751259,0.456492582324289,52,3907,1,"1","diploid","female"
"155","0","0","0","0",-0.806814908981323,2960.16333007812,"map_3907_1_2",5,70,300,20,5,3.95534586920094,0.1,6.24971937324398,1.16405539585763,1.30841810093534,13,0.2,1,28.8615006521295,23.4211993687441,0.00420783062429516,0.000247421381272194,0.455269171699308,52,3907,1,"2","diploid","female"
"156","0","0","0","0",-0.806814908981323,2960.16333007812,"map_3907_1_3",5,70,300,20,5,1.91194291555673,0.1,5.25960251089162,0.485597048558304,2.18370051616076,2,0.2,1,28.8615006521295,23.4211993687441,0.00108066897594353,1.32879683782464e-07,0.85446372625476,52,3907,1,"3","diploid","female"
"157","0","0","0","0",-0.905501186847687,2995.88720703125,"map_3908_1_1",5,70,300,20,5,1.57866703530979,0.1,8.85673974943637,0.218235886856685,1.99145752737664,27,0.2,1,27.6116776119831,23.4414927258708,0.00163513338283711,0.00100956841905074,0.567672368825441,53,3908,1,"1","diploid","female"
"158","0","0","0","0",-0.905501186847687,2995.88720703125,"map_3908_1_2",5,70,300,20,5,4.00627610589202,0.1,7.35925838602686,1.08484036143049,0.766257327754908,144,0.2,1,27.6116776119831,23.4414927258708,0.00517792020274554,0.000817584764254791,0.695864510055464,53,3908,1,"2","diploid","female"
"159","0","0","0","0",-0.905501186847687,2995.88720703125,"map_3908_1_3",5,70,300,20,5,1.9817893056469,0.1,5.42177327080602,0.166042764599988,1.75909346334206,20,0.2,1,27.6116776119831,23.4414927258708,0.000404169891178359,5.94541456229732e-08,1.24206209282804,53,3908,1,"3","diploid","female"
"160","0","0","0","0",-0.956486403942108,3022.45092773438,"map_3909_1_1",5,70,300,20,5,0.882108087523651,0.1,6.56442205103442,0.500096740618295,1.69367976385683,72,0.2,1,34.6873809934851,23.4225344468853,0.00200328301396517,0.000842215301870906,0.680244690192519,54,3909,1,"1","diploid","female"
"161","0","0","0","0",-0.956486403942108,3022.45092773438,"map_3909_1_2",5,70,300,20,5,4.58109829701487,0.1,5.35241070996426,1.56923952322706,1.78543853274791,12,0.2,1,34.6873809934851,23.4225344468853,0.00373783257303729,0.000289499517199277,1.42255278240564,54,3909,1,"2","diploid","female"
"162","0","0","0","0",-0.956486403942108,3022.45092773438,"map_3909_1_3",5,70,300,20,5,1.08490236579306,0.1,5.97587710895664,0.311234981063856,1.72689095613327,39,0.2,1,34.6873809934851,23.4225344468853,0.000890159766749915,4.56998901612933e-08,0.843737611973531,54,3909,1,"3","diploid","female"
"163","0","0","0","0",-0.952602863311768,3047.53247070312,"map_3910_1_1",5,70,300,20,5,2.42297430587596,0.1,6.13664454608494,0.298318865830388,2.28844594027145,5,0.2,1,35.9059965460007,22.8318879686189,0.00104623107837962,0.000254422871668385,0.487721580635243,55,3910,1,"1","diploid","female"
"164","0","0","0","0",-0.952602863311768,3047.53247070312,"map_3910_1_2",5,70,300,20,5,3.47985310795725,0.1,5.55106951356063,0.498553166601227,2.99479369303513,3,0.2,1,35.9059965460007,22.8318879686189,0.00134147298747741,0.000120622422362221,0.838836850268365,55,3910,1,"2","diploid","female"
"165","0","0","0","0",-0.952602863311768,3047.53247070312,"map_3910_1_3",5,70,300,20,5,3.70002021533865,0.1,5.44765131210167,0.343702065216854,2.59812731844107,2,0.2,1,35.9059965460007,22.8318879686189,0.000829155539027074,1.80169720226851e-07,0.833066090543613,55,3910,1,"3","diploid","female"
"166","0","0","0","0",-0.944451749324799,3072.35961914062,"map_3911_1_1",5,70,300,20,5,1.04812854456682,0.1,8.70277839864103,0.21943686281834,1.49568804546479,16,0.2,1,32.1830511639681,22.8300217500689,0.00145297487569257,0.000455307484451051,0.711366691356747,56,3911,1,"1","diploid","female"
"167","0","0","0","0",-0.944451749324799,3072.35961914062,"map_3911_1_2",5,70,300,20,5,4.69323247799539,0.1,6.53808445296442,0.943956295665435,1.07458344632009,119,0.2,1,32.1830511639681,22.8300217500689,0.00336887972422245,0.000178017514565914,1.10156655204311,56,3911,1,"2","diploid","female"
"168","0","0","0","0",-0.944451749324799,3072.35961914062,"map_3911_1_3",5,70,300,20,5,1.25709566001084,0.1,7.25746755744551,0.0224956285019319,2.10484887573713,10,0.2,1,32.1830511639681,22.8300217500689,9.93340182113208e-05,1.4681396360359e-07,1.30661461260162,56,3911,1,"3","diploid","female"
"169","0","0","0","0",-0.916541457176208,3101.38598632812,"map_3912_1_1",5,70,300,20,5,2.5513223798316,0.1,7.15004697985936,0.196073630118219,2.08825829822194,22,0.2,1,32.6899407725794,22.8347153266535,0.00102657715757426,0.000314051005287016,0.400940464160679,57,3912,1,"1","diploid","female"
"170","0","0","0","0",-0.916541457176208,3101.38598632812,"map_3912_1_2",5,70,300,20,5,3.84861995074086,0.1,5.68172701864338,0.253074833147097,2.08926869105513,13,0.2,1,32.6899407725794,22.8347153266535,0.000750432044933912,1.36342053412386e-05,0.646524363197918,57,3912,1,"2","diploid","female"
"171","0","0","0","0",-0.916541457176208,3101.38598632812,"map_3912_1_3",5,70,300,20,5,3.6785630416632,0.1,5.34881530541951,0.149112947691345,1.95666488142322,17,0.2,1,32.6899407725794,22.8347153266535,0.000352257027178919,1.43290566086716e-07,0.918739709384312,57,3912,1,"3","diploid","female"
"172","0","0","0","0",-0.862296938896179,3138.79345703125,"map_3913_1_1",5,70,300,20,5,1.45917881707554,0.1,7.6348643112209,0.333239605245519,3.02769636712323,7,0.2,1,59.6639077940652,22.3957007929864,0.00202508575283953,0.00138490656510105,0.366481474474026,58,3913,1,"1","diploid","female"
"173","0","0","0","0",-0.862296938896179,3138.79345703125,"map_3913_1_2",5,70,300,20,5,6.02679237745777,0.1,7.4409266028463,0.46462148465572,2.73199915748862,3,0.2,1,59.6639077940652,22.3957007929864,0.00238089735785668,0.000194724565579576,0.61612470190107,58,3913,1,"2","diploid","female"
"174","0","0","0","0",-0.862296938896179,3138.79345703125,"map_3913_1_3",5,70,300,20,5,1.46951057715867,0.1,5.82904309074976,0.315362505681519,3.16541275571711,3,0.2,1,59.6639077940652,22.3957007929864,0.000914999806161328,4.11070604332179e-06,0.744004298124958,58,3913,1,"3","diploid","female"
"175","0","0","0","0",-0.8231081366539,3154.34497070312,"map_3914_1_1",5,70,300,20,5,2.76504844990436,0.1,8.51807696280448,0.286185743747826,2.55789471918158,41,0.2,1,62.8283324732733,22.3775562706712,0.00232752384954839,0.00337197232780829,0.423382320551961,59,3914,1,"1","diploid","female"
"176","0","0","0","0",-0.8231081366539,3154.34497070312,"map_3914_1_2",5,70,300,20,5,5.84885716185778,0.1,6.24477109739406,0.57541149354237,2.8055170608275,46,0.2,1,62.8283324732733,22.3775562706712,0.00186491225467877,0.000160950078890534,0.968946714288196,59,3914,1,"2","diploid","female"
"177","0","0","0","0",-0.8231081366539,3154.34497070312,"map_3914_1_3",5,70,300,20,5,2.67118225887209,0.1,6.73433482295323,0.105856797569958,2.50935207830252,46,0.2,1,62.8283324732733,22.3775562706712,0.00039378148663702,1.26111707696684e-06,0.794257892629924,59,3914,1,"3","diploid","female"
"178","0","0","0","0",-0.59453821182251,3222.84765625,"map_3919_1_1",5,70,300,20,5,4.20662530694113,0.1,18.0628698403147,0.343780393079795,2.74854178497434,97,0.2,1,142.749524861079,22.1667257152655,0.0130054324020411,0.0554946819207773,0.113767550589654,60,3919,1,"1","diploid","female"
"179","0","0","0","0",-0.59453821182251,3222.84765625,"map_3919_1_2",5,70,300,20,5,5.76497793255268,0.1,10.7205242911394,0.28774608795737,3.86232320963911,57,0.2,1,142.749524861079,22.1667257152655,0.00368598062429989,0.00625857776608572,0.455542005124587,60,3919,1,"2","diploid","female"
"180","0","0","0","0",-0.59453821182251,3222.84765625,"map_3919_1_3",5,70,300,20,5,3.26527237481109,0.1,7.14435028721566,0.258402599386937,3.11104427270094,78,0.2,1,142.749524861079,22.1667257152655,0.00125803526176518,0.000409016526078534,0.429271430002647,60,3919,1,"3","diploid","female"
"181","0","0","0","0",-0.865955233573914,3249.96875,"map_3920_1_1",5,70,300,20,5,0,0.1,20.1892273260882,0.451804158337516,1.09565587794555,132,0.2,1,149.028862278327,22.1724656767227,0.0199960756007908,0.0920114066470369,0.0736673912571833,61,3920,1,"1","diploid","female"
"182","0","0","0","0",-0.865955233573914,3249.96875,"map_3920_1_2",5,70,300,20,5,9.18341733083889,0.1,14.775985540898,0.358005314486948,1.35107663950044,71,0.2,1,149.028862278327,22.1724656767227,0.00795932075936172,0.0197762082065864,0.249208797226634,61,3920,1,"2","diploid","female"
"183","0","0","0","0",-0.865955233573914,3249.96875,"map_3920_1_3",5,70,300,20,5,2.60531441336836,0.1,7.26891553943746,0.214662375499841,2.07928112940138,103,0.2,1,149.028862278327,22.1724656767227,0.00108834396236014,0.000157280507086549,0.361040920267252,61,3920,1,"3","diploid","female"
"184","0","0","0","0",0.179017141461372,3011.1748046875,"map_4000_1_1",5,70,300,20,5,6.1904236240543,0.1,12.88778389038,0.207330769553858,5.81177260134947,57,0.2,1,106.296989073389,22.1801984573652,0.00363406938562118,0.00650749447286314,0.214785789537507,62,4000,1,"1","diploid","female"
"185","0","0","0","0",0.179017141461372,3011.1748046875,"map_4000_1_2",5,70,300,20,5,7.05925741324319,0.1,15.1513912903503,0.266629248458163,4.5809637539742,51,0.2,1,106.296989073389,22.1801984573652,0.00655408263232533,0.0172516973745935,0.277942632283308,62,4000,1,"2","diploid","female"
"186","0","0","0","0",0.179017141461372,3011.1748046875,"map_4000_1_3",5,70,300,20,5,6.27057202346124,0.1,9.0442666238866,0.17454683117425,5.87596353387782,142,0.2,1,106.296989073389,22.1801984573652,0.0014024978781352,0.000432539066802937,0.367195043407385,62,4000,1,"3","diploid","female"
"187","0","0","0","0",0.310723572969437,2923.95434570312,"map_4001_1_1",5,70,300,20,5,6.21160615440063,0.1,16.9915574584111,0.2490630614818,5.25724184151931,58,0.2,1,109.838081714719,22.1783285840141,0.00780537251283351,0.0229213059274215,0.150638401000688,63,4001,1,"1","diploid","female"
"188","0","0","0","0",0.310723572969437,2923.95434570312,"map_4001_1_2",5,70,300,20,5,6.33680386428212,0.1,16.4749849725098,0.500226913814408,1.20733045315517,70,0.2,1,109.838081714719,22.1783285840141,0.013142116016803,0.0382641309986266,0.166431049811081,63,4001,1,"2","diploid","female"
"189","0","0","0","0",0.310723572969437,2923.95434570312,"map_4001_1_3",5,70,300,20,5,5.3622063058673,0.1,10.5970100968715,0.189525588822484,4.84197523884981,56,0.2,1,109.838081714719,22.1783285840141,0.00242622199002523,0.00441373284285752,0.436357237174894,63,4001,1,"3","diploid","female"
"190","0","0","0","0",-0.892697036266327,2934.44995117188,"map_4013_1_1",5,70,300,20,5,2.00113282720661,0.1,10.7726152948592,0.0973189059992435,1.81501363901339,35,0.2,1,31.7862317997752,23.3855376429468,0.0011903897625142,0.00204487884902638,0.469170958044616,64,4013,1,"1","diploid","female"
"191","0","0","0","0",-0.892697036266327,2934.44995117188,"map_4013_1_2",5,70,300,20,5,3.06844543462763,0.1,10.5341519887499,0.0513982915994186,2.35298700365004,37,0.2,1,31.7862317997752,23.3855376429468,0.000563029767281204,0.000629498118660732,0.78256567570027,64,4013,1,"2","diploid","female"
"192","0","0","0","0",-0.892697036266327,2934.44995117188,"map_4013_1_3",5,70,300,20,5,2.73221391824779,0.1,6.39551680059849,0.0446747465495636,1.58393847943974,61,0.2,1,31.7862317997752,23.3855376429468,0.000158526062199494,2.03220289868008e-07,0.973201359625062,64,4013,1,"3","diploid","female"
"193","0","0","0","0",-0.855232119560242,2970.0712890625,"map_4014_1_1",5,70,300,20,5,2.43376539074115,0.1,9.44407742031439,0.0653780927045902,2.05637084417004,13,0.2,1,35.4465989163548,22.7769683282373,0.000619601667800333,0.000785338339789709,0.346977764588547,65,4014,1,"1","diploid","female"
"194","0","0","0","0",-0.855232119560242,2970.0712890625,"map_4014_1_2",5,70,300,20,5,3.19458344865387,0.1,17.3344522547527,0.0663947975945653,2.73367306139938,16,0.2,1,35.4465989163548,22.7769683282373,0.00196150139797771,0.00315468508443129,0.476538833642245,65,4014,1,"2","diploid","female"
"195","0","0","0","0",-0.855232119560242,2970.0712890625,"map_4014_1_3",5,70,300,20,5,3.4727746404333,0.1,7.41100639125678,0.0181115558468749,2.18810279228193,12,0.2,1,35.4465989163548,22.7769683282373,8.46073096145637e-05,8.23622672519315e-07,0.647442666038009,65,4014,1,"3","diploid","female"
"196","0","0","0","0",-0.892844378948212,3006.89379882812,"map_4015_1_1",5,70,300,20,5,1.89815293344719,0.1,8.10694692350447,0.135305923130884,2.22589539163261,11,0.2,1,34.8649312293411,22.8343157695377,0.000867148043448416,0.000424975806296239,0.495276068897079,66,4015,1,"1","diploid","female"
"197","0","0","0","0",-0.892844378948212,3006.89379882812,"map_4015_1_2",5,70,300,20,5,4.00890611459573,0.1,8.68003929300147,0.123587802422269,2.75984091935474,7,0.2,1,34.8649312293411,22.8343157695377,0.00092508078974082,0.000672887485377275,0.778756979293241,66,4015,1,"2","diploid","female"
"198","0","0","0","0",-0.892844378948212,3006.89379882812,"map_4015_1_3",5,70,300,20,5,2.32351800770992,0.1,6.08768586659542,0.111243498278058,2.23848483548118,5,0.2,1,34.8649312293411,22.8343157695377,0.000344449220164232,1.05675883199687e-07,0.843885061557221,66,4015,1,"3","diploid","female"
"199","0","0","0","0",-0.943261563777924,3062.07446289062,"map_4017_1_1",5,70,300,20,5,2.77596366756429,0.1,11.4892972683832,0.136887172992694,1.92169430493344,6,0.2,1,56.5830297913662,22.3984343355544,0.00168310052303538,0.00122436811865513,0.386009382361968,67,4017,1,"1","diploid","female"
"200","0","0","0","0",-0.943261563777924,3062.07446289062,"map_4017_1_2",5,70,300,20,5,3.51559583440408,0.1,15.1046815400432,0.13934340268979,1.76367641418863,5,0.2,1,56.5830297913662,22.3984343355544,0.00282834672307122,0.001706437185566,0.408196636464097,67,4017,1,"2","diploid","female"
"201","0","0","0","0",-0.943261563777924,3062.07446289062,"map_4017_1_3",5,70,300,20,5,4.05011498765871,0.1,7.0698207543923,0.0419173692464661,2.6466752114507,3,0.2,1,56.5830297913662,22.3984343355544,0.000176801042778817,1.02338209837086e-06,0.891568359580375,67,4017,1,"3","diploid","female"
"202","0","0","0","0",-0.930176496505737,3081.70556640625,"map_4018_1_1",5,70,300,20,5,2.82923539300466,0.1,9.51370044575628,0.136308988732811,2.88219152222096,20,0.2,1,56.1495566273053,22.399386932842,0.00128356375428447,0.000935990125263484,0.327151449121739,68,4018,1,"1","diploid","female"
"203","0","0","0","0",-0.930176496505737,3081.70556640625,"map_4018_1_2",5,70,300,20,5,3.64825662038004,0.1,13.4484523480776,0.221564665970565,2.21251050204698,18,0.2,1,56.1495566273053,22.399386932842,0.00341590005155879,0.000746053763730811,0.400587059037851,68,4018,1,"2","diploid","female"
"204","0","0","0","0",-0.930176496505737,3081.70556640625,"map_4018_1_3",5,70,300,20,5,4.04677963121852,0.1,6.67169721783768,0.100433988592231,2.79926741866051,18,0.2,1,56.1495566273053,22.399386932842,0.000395617114980556,1.19991568997257e-06,0.607294249984596,68,4018,1,"3","diploid","female"
"205","0","0","0","0",-0.805192470550537,3104.74584960938,"map_4019_1_1",5,70,300,20,5,3.1117865530831,0.1,8.02232692124958,0.205505427084355,2.68175321679196,4,0.2,1,56.7243619836446,22.4064632375639,0.00133538700038443,0.000891763443214922,0.361668019233743,69,4019,1,"1","diploid","female"
"206","0","0","0","0",-0.805192470550537,3104.74584960938,"map_4019_1_2",5,70,300,20,5,4.07396548343679,0.1,7.10444912024815,0.2026088802571,2.82542725132614,3,0.2,1,56.7243619836446,22.4064632375639,0.000947180177458242,0.000169302985615514,0.590360388127261,69,4019,1,"2","diploid","female"
"207","0","0","0","0",-0.805192470550537,3104.74584960938,"map_4019_1_3",5,70,300,20,5,4.17548224279775,0.1,6.62251168796808,0.111722904771679,2.8303938223644,2,0.2,1,56.7243619836446,22.4064632375639,0.000407022335743978,2.22079665799254e-06,0.655530000655608,69,4019,1,"3","diploid","female"
"208","0","0","0","0",-0.740401744842529,3174.17333984375,"map_4022_1_1",5,70,300,20,5,1.71741451921636,0.1,10.6694611847317,0.239004183355932,3.08595242613227,43,0.2,1,78.9145480881498,22.3884320082723,0.00292050535800865,0.00456216047886818,0.252856834753828,70,4022,1,"1","diploid","female"
"209","0","0","0","0",-0.740401744842529,3174.17333984375,"map_4022_1_2",5,70,300,20,5,7.30987939566598,0.1,9.03337664604157,0.204600994491317,3.30593243155661,16,0.2,1,78.9145480881498,22.3884320082723,0.00161049898095049,0.000267990992186021,0.577575942848363,70,4022,1,"2","diploid","female"
"210","0","0","0","0",-0.740401744842529,3174.17333984375,"map_4022_1_3",5,70,300,20,5,1.48343213634317,0.1,6.04807063609901,0.195185160550905,2.93504225011489,29,0.2,1,78.9145480881498,22.3884320082723,0.000624763708329449,6.37580189451461e-06,0.718649396174633,70,4022,1,"3","diploid","female"
"211","0","0","0","0",-0.863746285438538,3175.13598632812,"map_4023_1_1",5,70,300,20,5,3.26539706103781,0.1,6.80450341797812,0.653362441965133,3.01675665549021,20,0.2,1,74.6054689401012,22.1956131976308,0.00353685368698066,0.00511168668900836,0.501451683150611,71,4023,1,"1","diploid","female"
"212","0","0","0","0",-0.863746285438538,3175.13598632812,"map_4023_1_2",5,70,300,20,5,4.22582634119486,0.1,5.16540334781103,3.05071313250821,3.58787950049357,13,0.2,1,74.6054689401012,22.1956131976308,0.00676072233851688,0.000696237510587493,1.65660104200386,71,4023,1,"2","diploid","female"
"213","0","0","0","0",-0.863746285438538,3175.13598632812,"map_4023_1_3",5,70,300,20,5,3.66599697478793,0.1,5.40188974972684,0.581527118968638,3.1775976170795,3,0.2,1,74.6054689401012,22.1956131976308,0.00139543624721685,4.65697006426373e-06,0.83647789793042,71,4023,1,"3","diploid","female"
"214","0","0","0","0",-0.775563657283783,3197.00268554688,"map_4024_1_1",5,70,300,20,5,1.76757813290063,0.1,11.6785008344264,0.256854047647909,2.70363009273,73,0.2,1,91.1671489956371,22.1657097456331,0.00397693649269595,0.0103783896714689,0.24971688801145,72,4024,1,"1","diploid","female"
"215","0","0","0","0",-0.775563657283783,3197.00268554688,"map_4024_1_2",5,70,300,20,5,7.08786374248949,0.1,8.36483367101248,0.257818291970092,2.97665018021679,43,0.2,1,91.1671489956371,22.1657097456331,0.00154508248010458,0.00039167882432948,0.627109568828289,72,4024,1,"2","diploid","female"
"216","0","0","0","0",-0.775563657283783,3197.00268554688,"map_4024_1_3",5,70,300,20,5,1.41909344742178,0.1,6.97528356263054,0.116783550295523,2.74539096155626,51,0.2,1,91.1671489956371,22.1657097456331,0.000501726581575385,1.58401032925108e-05,0.71978459503981,72,4024,1,"3","diploid","female"
"217","0","0","0","0",-0.855206310749054,3225.14770507812,"map_4025_1_1",5,70,300,20,5,3.08495403919584,0.1,10.5672816238739,0.50930365744669,1.53124704243616,133,0.2,1,91.54414376864,22.1569511694502,0.00669823688149044,0.019084081373607,0.453989704365371,73,4025,1,"1","diploid","female"
"218","0","0","0","0",-0.855206310749054,3225.14770507812,"map_4025_1_2",5,70,300,20,5,6.41955888837522,0.1,7.23060864477456,0.337886028983389,2.23053709402179,44,0.2,1,91.54414376864,22.1569511694502,0.00155857741533369,0.000420246513730228,1.60191274692628,73,4025,1,"2","diploid","female"
"219","0","0","0","0",-0.855206310749054,3225.14770507812,"map_4025_1_3",5,70,300,20,5,2.2542687271229,0.1,6.23001903219868,0.138365538997376,2.2981529317063,44,0.2,1,91.54414376864,22.1569511694502,0.000463012932710288,4.04259859042029e-06,0.78295218591284,73,4025,1,"3","diploid","female"
"220","0","0","0","0",-0.548826575279236,3252.38427734375,"map_4026_1_1",5,70,300,20,5,3.77879565664916,0.1,13.9758403899254,0.33893657064663,1.78813357757736,86,0.2,1,88.3167595910867,22.1985757705249,0.00713775560574377,0.0195749292583399,0.121629395858537,74,4026,1,"1","diploid","female"
"221","0","0","0","0",-0.548826575279236,3252.38427734375,"map_4026_1_2",5,70,300,20,5,7.87154740074327,0.1,7.54267890061446,0.568732293316164,1.83518200866123,49,0.2,1,88.3167595910867,22.1985757705249,0.00280354859446034,3.76828785860376e-06,0.70743239941813,74,4026,1,"2","diploid","female"
"222","0","0","0","0",-0.548826575279236,3252.38427734375,"map_4026_1_3",5,70,300,20,5,2.25092305514221,0.1,7.41413773342374,0.160166657052246,2.28050295744446,57,0.2,1,88.3167595910867,22.1985757705249,0.000761885184755639,1.28976543364707e-05,0.535341166080661,74,4026,1,"3","diploid","female"
"223","0","0","0","0",-0.284211128950119,2903.31689453125,"map_4078_1_1",5,70,300,20,5,3.96081151733299,0.1,14.4345594480135,0.337869035778682,3.10689259401934,37,0.2,1,123.805730008604,22.5232594808999,0.0100598304531479,0.0488363170383605,0.188760660651043,75,4078,1,"1","diploid","female"
"224","0","0","0","0",-0.284211128950119,2903.31689453125,"map_4078_1_2",5,70,300,20,5,4.0076019629684,0.1,13.8915617743665,0.502745158345571,2.17192117905131,40,0.2,1,123.805730008604,22.5232594808999,0.0135958043130039,0.0636499653619077,0.237703298267017,75,4078,1,"2","diploid","female"
"225","0","0","0","0",-0.284211128950119,2903.31689453125,"map_4078_1_3",5,70,300,20,5,3.84831438923345,0.1,7.25068111684987,0.343459589865764,3.19587443926979,7,0.2,1,123.805730008604,22.5232594808999,0.00219697782181571,0.00472189169348148,0.495323472272618,75,4078,1,"3","diploid","female"
"226","0","0","0","0",-0.94545716047287,3224.787109375,"map_4097_1_1",5,70,300,20,5,8.16506874702079,0.1,10.7199123876076,0.403323493536339,2.84159912353403,69,0.2,1,138.590818550896,19.4177489933381,0.00523525290389107,0.0139171765884175,0.348449462574034,76,4097,1,"1","diploid","female"
"227","0","0","0","0",-0.94545716047287,3224.787109375,"map_4097_1_2",5,70,300,20,5,8.23079833922364,0.1,9.9052283107309,0.913602477693201,0.862809660882685,19,0.2,1,138.590818550896,19.4177489933381,0.0116417048146817,0.0428566096185962,0.536749128389599,76,4097,1,"2","diploid","female"
"228","0","0","0","0",-0.94545716047287,3224.787109375,"map_4097_1_3",5,70,300,20,5,5.16106094921578,0.1,8.16911952769632,0.0518843276893615,2.18643462552218,59,0.2,1,138.590818550896,19.4177489933381,0.000288388293445099,4.4076939998171e-06,0.933733228717635,76,4097,1,"3","diploid","female"
"229","0","0","0","0",-0.920151472091675,3243.17749023438,"map_4100_1_1",5,70,300,20,5,0,0.1,14.5028817691595,0.589067463902242,1.29628662973588,191,0.2,1,153.658894206202,22.176649963869,0.0154696585073263,0.0589846383609392,0.153855299060148,77,4100,1,"1","diploid","female"
"230","0","0","0","0",-0.920151472091675,3243.17749023438,"map_4100_1_2",5,70,300,20,5,0,0.1,9.54573936991868,0.8412043547201,0.552282338034905,63,0.2,1,153.658894206202,22.176649963869,0.00728355597063421,0.00374762920406865,0.347020030893283,77,4100,1,"2","diploid","female"
"231","0","0","0","0",-0.920151472091675,3243.17749023438,"map_4100_1_3",5,70,300,20,5,2.61658928265857,0.1,7.70605603788619,0.372728775469429,2.03630265276868,92,0.2,1,153.658894206202,22.176649963869,0.00193820205514101,1.70411157776686e-05,0.508412017168467,77,4100,1,"3","diploid","female"
"232","0","0","0","0",-0.776589393615723,3195.78515625,"map_4101_1_1",5,70,300,20,5,3.53373576514673,0.1,19.4422134998964,0.37051110113217,2.09460674158492,95,0.2,1,152.902726208253,22.2051391019642,0.0152508029686849,0.0703255686998915,0.124948240876552,78,4101,1,"1","diploid","female"
"233","0","0","0","0",-0.776589393615723,3195.78515625,"map_4101_1_2",5,70,300,20,5,5.07623376898563,0.1,13.5315292486143,0.803212600221136,0.337138933161178,125,0.2,1,152.902726208253,22.2051391019642,0.0167457922384886,0.0578319039979829,0.164925735601843,78,4101,1,"2","diploid","female"
"234","0","0","0","0",-0.776589393615723,3195.78515625,"map_4101_1_3",5,70,300,20,5,3.19768059470811,0.1,6.7204277616084,0.279489212895001,3.06890060040042,76,0.2,1,152.902726208253,22.2051391019642,0.00132987433857144,0.000731223609088854,0.416187028546589,78,4101,1,"3","diploid","female"
"235","0","0","0","0",0.547783732414246,2960.46435546875,"map_4105_1_1",5,70,300,20,5,7.61130854426107,0.1,9.85962804334886,0.248127064258103,7.03449484499987,63,0.2,1,106.433255978201,22.1690668813678,0.00333052633148683,0.0121146493902858,0.256829626254512,79,4105,1,"1","diploid","female"
"236","0","0","0","0",0.547783732414246,2960.46435546875,"map_4105_1_2",5,70,300,20,5,8.05202503197482,0.1,8.00940610510416,0.585359729801604,5.71931504324887,68,0.2,1,106.433255978201,22.1690668813678,0.00555865517338428,0.0203306199912545,0.59708170117532,79,4105,1,"2","diploid","female"
"237","0","0","0","0",0.547783732414246,2960.46435546875,"map_4105_1_3",5,70,300,20,5,6.61588917332054,0.1,9.84460687431258,0.186202870727138,6.38654506090947,155,0.2,1,106.433255978201,22.1690668813678,0.00223816100600984,0.00659150712323086,0.264283774176325,79,4105,1,"3","diploid","female"
"238","0","0","0","0",0.543270885944366,2896.4189453125,"map_4106_1_1",5,70,300,20,5,0,0.1,8.08159041812507,0.573486826645603,4.19217386404628,14,0.2,1,39.185828874525,24.0049900803719,0.00481272014717272,0.0123963236725186,0.389423787215824,80,4106,1,"1","diploid","female"
"239","0","0","0","0",0.543270885944366,2896.4189453125,"map_4106_1_2",5,70,300,20,5,7.36340495675693,0.1,6.4586203900623,0.88204684044303,3.38403563313689,6,0.2,1,39.185828874525,24.0049900803719,0.00345988742159919,5.33744629780647e-05,0.447440950898163,80,4106,1,"2","diploid","female"
"240","0","0","0","0",0.543270885944366,2896.4189453125,"map_4106_1_3",5,70,300,20,5,3.79028610359079,0.1,6.94702387901113,0.570425831124399,3.84895642727354,3,0.2,1,39.185828874525,24.0049900803719,0.0026971534981577,0.000496056177078139,0.452170628241106,80,4106,1,"3","diploid","female"
"241","0","0","0","0",-0.303969889879227,2857.30078125,"map_4108_1_1",5,70,300,20,5,0.95372046702031,0.1,15.6444888063989,0.191772808648868,1.5680608043128,55,0.2,1,40.6569361299078,24.0065846261524,0.00544314134882093,0.0197303612818502,0.262289750972192,81,4108,1,"1","diploid","female"
"242","0","0","0","0",-0.303969889879227,2857.30078125,"map_4108_1_2",5,70,300,20,5,4.06506471341151,0.1,11.5381576546209,0.187332064183942,1.92519769704542,49,0.2,1,40.6569361299078,24.0065846261524,0.00234537209844036,0.00242916200756703,0.456663425538707,81,4108,1,"2","diploid","female"
"243","0","0","0","0",-0.303969889879227,2857.30078125,"map_4108_1_3",5,70,300,20,5,0.785997548977807,0.1,8.06720211244144,0.0717770122779707,1.4183039760716,33,0.2,1,40.6569361299078,24.0065846261524,0.000408138176214325,2.72800256238898e-05,0.822717278110223,81,4108,1,"3","diploid","female"
"244","0","0","0","0",-0.880662739276886,2951.16137695312,"map_4119_1_1",5,70,300,20,5,2.34563036944369,0.1,10.3459994239308,0.0923004817916073,1.9878097405538,24,0.2,1,33.171069291739,22.8317892901525,0.00100910150934885,0.00101883184722552,0.388053491478653,82,4119,1,"1","diploid","female"
"245","0","0","0","0",-0.880662739276886,2951.16137695312,"map_4119_1_2",5,70,300,20,5,3.0114593969262,0.1,14.0189584980368,0.220641144578583,0.950786659277669,46,0.2,1,33.171069291739,22.8317892901525,0.00407346170208288,0.0109208597903238,0.405930226200816,82,4119,1,"2","diploid","female"
"246","0","0","0","0",-0.880662739276886,2951.16137695312,"map_4119_1_3",5,70,300,20,5,3.27182884892886,0.1,6.20778477034402,0.0334897952359944,1.81055946742439,33,0.2,1,33.171069291739,22.8317892901525,0.000109789218006371,2.11607963279145e-07,0.908293639464874,82,4119,1,"3","diploid","female"
"247","0","0","0","0",-0.818437099456787,2982.07275390625,"map_4120_1_1",5,70,300,20,5,1.95478057658107,0.1,7.81760326212599,0.164072462697482,2.23144148743271,12,0.2,1,33.3110943133649,22.8632714651748,0.000995237106744591,0.000574926144942248,0.396711846324219,83,4120,1,"1","diploid","female"
"248","0","0","0","0",-0.818437099456787,2982.07275390625,"map_4120_1_2",5,70,300,20,5,4.00008064486698,0.1,7.89072258044888,0.196001617813064,2.40833678840057,9,0.2,1,33.3110943133649,22.8632714651748,0.00122688869243087,0.000739134550234219,0.51472146123984,83,4120,1,"2","diploid","female"
"249","0","0","0","0",-0.818437099456787,2982.07275390625,"map_4120_1_3",5,70,300,20,5,2.29620592224373,0.1,5.93953015473941,0.117297091044905,2.1381380610713,6,0.2,1,33.3110943133649,22.8632714651748,0.000344836304144146,3.61239816060395e-07,0.790061706508951,83,4120,1,"3","diploid","female"
"250","0","0","0","0",-0.812349498271942,3031.53491210938,"map_4122_1_1",5,70,300,20,5,2.97898758151624,0.1,9.44100842407906,0.0899787800134478,2.42570162942271,17,0.2,1,58.4872834183449,22.3991530522952,0.000768425400247755,0.000640150349886211,0.401410291273285,84,4122,1,"1","diploid","female"
"251","0","0","0","0",-0.812349498271942,3031.53491210938,"map_4122_1_2",5,70,300,20,5,3.63736738891688,0.1,9.8611305145866,0.0882941147274885,3.06294217595975,20,0.2,1,58.4872834183449,22.3991530522952,0.000883184198618255,0.00115740672951827,0.557614302362565,84,4122,1,"2","diploid","female"
"252","0","0","0","0",-0.812349498271942,3031.53491210938,"map_4122_1_3",5,70,300,20,5,4.23025644622301,0.1,7.09411287392156,0.0225095289249062,2.5174422503302,28,0.2,1,58.4872834183449,22.3991530522952,9.48326579579954e-05,1.35938265303476e-06,0.775473548900058,84,4122,1,"3","diploid","female"
"253","0","0","0","0",-0.653793573379517,3126.47778320312,"map_4125_1_1",5,70,300,20,5,3.55520780780857,0.1,11.7035032508052,0.128490550381203,2.48179886037113,22,0.2,1,75.5090145668714,22.4614084325096,0.00166550615450319,0.00200996051872332,0.376298952201393,85,4125,1,"1","diploid","female"
"254","0","0","0","0",-0.653793573379517,3126.47778320312,"map_4125_1_2",5,70,300,20,5,4.75336454100862,0.1,9.66160198454255,0.270765451530949,1.09772860608458,29,0.2,1,75.5090145668714,22.4614084325096,0.00212254103505064,0.000396992937222015,0.552364928887488,85,4125,1,"2","diploid","female"
"255","0","0","0","0",-0.653793573379517,3126.47778320312,"map_4125_1_3",5,70,300,20,5,4.27523186821992,0.1,7.5057357406198,0.0431180542410467,2.87561292709248,20,0.2,1,75.5090145668714,22.4614084325096,0.000205788539017567,2.44756382890308e-06,0.661934420316192,85,4125,1,"3","diploid","female"
"256","0","0","0","0",-0.95085197687149,3145.31982421875,"map_4126_1_1",5,70,300,20,5,2.74050006577526,0.1,8.67855838637799,0.268830026055106,2.44687124828871,49,0.2,1,75.4493772500377,22.4157858299391,0.00207862541135787,0.00260146798524245,0.336027209187009,86,4126,1,"1","diploid","female"
"257","0","0","0","0",-0.95085197687149,3145.31982421875,"map_4126_1_2",5,70,300,20,5,5.8761150418691,0.1,7.10606844442227,0.393365928512302,3.22922822952874,47,0.2,1,75.4493772500377,22.4157858299391,0.00176029032330453,0.000419779166684425,0.666285660454617,86,4126,1,"2","diploid","female"
"258","0","0","0","0",-0.95085197687149,3145.31982421875,"map_4126_1_3",5,70,300,20,5,2.68368030453551,0.1,6.95265161400778,0.10330780415704,2.50016188502319,48,0.2,1,75.4493772500377,22.4157858299391,0.00041252679503793,1.79521349760328e-06,0.690352312947309,86,4126,1,"3","diploid","female"
"259","0","0","0","0",-0.45854640007019,3151.85131835938,"map_4128_1_1",5,70,300,20,5,4.34812028590478,0.1,8.30139014690582,0.378361581052455,4.16321442835818,9,0.2,1,90.2184534358028,22.1922218303744,0.00291919686218905,0.00473059737771321,0.274497179024882,87,4128,1,"1","diploid","female"
"260","0","0","0","0",-0.45854640007019,3151.85131835938,"map_4128_1_2",5,70,300,20,5,5.44775932475078,0.1,6.4997443598929,0.703185373355888,4.69690084975726,7,0.2,1,90.2184534358028,22.1922218303744,0.00290546743085797,0.000673417050841246,0.508862049767436,87,4128,1,"2","diploid","female"
"261","0","0","0","0",-0.45854640007019,3151.85131835938,"map_4128_1_3",5,70,300,20,5,4.63873104228201,0.1,6.21714627966535,0.397317333548817,4.30549724661193,3,0.2,1,90.2184534358028,22.1922218303744,0.00138598158063456,7.92765724820629e-05,0.579531760287847,87,4128,1,"3","diploid","female"
"262","0","0","0","0",-0.634115278720856,3185.69580078125,"map_4129_1_1",5,70,300,20,5,3.86293012683596,0.1,10.4350020854817,0.382536132214104,2.10201118693463,101,0.2,1,88.0070270715758,22.1965804025052,0.00454069381558976,0.0109590898282951,0.463842069297885,88,4129,1,"1","diploid","female"
"263","0","0","0","0",-0.634115278720856,3185.69580078125,"map_4129_1_2",5,70,300,20,5,4.99398190327221,0.1,7.69613243334567,0.852087400364008,1.09092887984777,146,0.2,1,88.0070270715758,22.1965804025052,0.0044504474193122,0.00189753733263541,0.566103131388833,88,4129,1,"2","diploid","female"
"264","0","0","0","0",-0.634115278720856,3185.69580078125,"map_4129_1_3",5,70,300,20,5,3.91780080164708,0.1,7.01097240488405,0.108606089019299,2.96013819996209,62,0.2,1,88.0070270715758,22.1965804025052,0.00047459947926036,4.21457274242546e-05,0.920500462967166,88,4129,1,"3","diploid","female"
"265","0","0","0","0",-0.293218731880188,2876.2763671875,"map_4182_1_1",5,70,300,20,5,3.26538349895568,0.1,16.7391875668211,0.491681284266249,1.00832844775656,63,0.2,1,123.776973141388,23.2791936078077,0.0159865766358681,0.0683587527077195,0.272917344041766,89,4182,1,"1","diploid","female"
"266","0","0","0","0",-0.293218731880188,2876.2763671875,"map_4182_1_2",5,70,300,20,5,3.98269713708342,0.1,9.72961533350231,1.3028055244897,0.568847187480631,102,0.2,1,123.776973141388,23.2791936078077,0.0164158147068683,0.0518279414702079,0.517501465118064,89,4182,1,"2","diploid","female"
"267","0","0","0","0",-0.293218731880188,2876.2763671875,"map_4182_1_3",5,70,300,20,5,2.94945472526988,0.1,11.611493249783,0.309130029754383,2.17750412912988,57,0.2,1,123.776973141388,23.2791936078077,0.00419768456096968,0.0071563369855897,0.3859865236116,89,4182,1,"3","diploid","female"
"268","0","0","0","0",-0.341727435588837,2963.20581054688,"map_4183_1_1",5,70,300,20,5,0,0.1,14.8586029878351,0.316047690853598,3.30604755119117,35,0.2,1,116.725723139867,23.3203626203907,0.00946397815975063,0.0494715167319117,0.151397052861997,90,4183,1,"1","diploid","female"
"269","0","0","0","0",-0.341727435588837,2963.20581054688,"map_4183_1_2",5,70,300,20,5,10.4758109877106,0.1,23.9406722877744,0.460093881761279,2.44785859921224,26,0.2,1,116.725723139867,23.3203626203907,0.0287381868205958,0.13596064769188,0.132322140023251,90,4183,1,"2","diploid","female"
"270","0","0","0","0",-0.341727435588837,2963.20581054688,"map_4183_1_3",5,70,300,20,5,3.79092432230422,0.1,8.3182232395708,0.34504639112597,3.84795110685247,6,0.2,1,116.725723139867,23.3203626203907,0.00282582628213442,0.00454557142839678,0.342978804200959,90,4183,1,"3","diploid","female"
"271","0","0","0","0",-0.837248623371124,3152.1279296875,"map_4201_1_1",5,70,300,20,5,2.98407019848884,0.1,12.9091428388874,0.334835363360025,1.96484194893324,158,0.2,1,137.35003649436,22.5812648038135,0.00687650343850213,0.0213272757250119,0.159230120362165,91,4201,1,"1","diploid","female"
"272","0","0","0","0",-0.837248623371124,3152.1279296875,"map_4201_1_2",5,70,300,20,5,4.50655658263264,0.1,8.59885754427878,0.466303589365269,2.33295429911863,147,0.2,1,137.35003649436,22.5812648038135,0.00357328726633093,0.00403740478938627,0.345370058584507,91,4201,1,"2","diploid","female"
"273","0","0","0","0",-0.837248623371124,3152.1279296875,"map_4201_1_3",5,70,300,20,5,3.49954211681135,0.1,7.6316399436546,0.233354485289027,2.50314056727873,119,0.2,1,137.35003649436,22.5812648038135,0.00115363848099629,9.70696964615858e-05,0.420094834761178,91,4201,1,"3","diploid","female"
"274","0","0","0","0",-0.955699026584625,3169.22045898438,"map_4203_1_1",5,70,300,20,5,2.83094765015267,0.1,18.7760962536852,0.314612204560249,1.5902428818437,81,0.2,1,159.185608163625,22.6636914259571,0.0127607937706364,0.0633943254370684,0.165944879945971,92,4203,1,"1","diploid","female"
"275","0","0","0","0",-0.955699026584625,3169.22045898438,"map_4203_1_2",5,70,300,20,5,4.66461823697344,0.1,13.6398366685021,0.621933149355343,1.16070536261382,100,0.2,1,159.185608163625,22.6636914259571,0.0142998196715153,0.0600694602167582,0.40598458170438,92,4203,1,"2","diploid","female"
"276","0","0","0","0",-0.955699026584625,3169.22045898438,"map_4203_1_3",5,70,300,20,5,2.94435463068637,0.1,9.62753128172085,0.0504022550675249,2.46435868308409,59,0.2,1,159.185608163625,22.6636914259571,0.000461732287036263,0.000218373586932442,0.627293141418925,92,4203,1,"3","diploid","female"
"277","0","0","0","0",-0.969034194946289,3159.5244140625,"map_4204_1_1",5,70,300,20,5,0,0.1,16.5032146130322,0.370973581899812,2.07239884675655,91,0.2,1,159.617011719764,22.637709243221,0.0129985036825935,0.070721220274474,0.211156605583078,93,4204,1,"1","diploid","female"
"278","0","0","0","0",-0.969034194946289,3159.5244140625,"map_4204_1_2",5,70,300,20,5,11.4808533090014,0.1,13.0779137311216,0.636813731465636,1.19436316046395,98,0.2,1,159.617011719764,22.637709243221,0.013829611898683,0.0750513012911841,0.558486615646984,93,4204,1,"2","diploid","female"
"279","0","0","0","0",-0.969034194946289,3159.5244140625,"map_4204_1_3",5,70,300,20,5,1.88588868892243,0.1,6.01627783607512,0.341417568099878,2.64249143648548,77,0.2,1,159.617011719764,22.637709243221,0.0011512888411323,0.000284065135784952,0.727975323323724,93,4204,1,"3","diploid","female"
"280","0","0","0","0",-0.797347545623779,3134.8203125,"map_4205_1_1",5,70,300,20,5,3.14059180243327,0.1,18.1788598880599,0.284077080239902,2.08968093950567,92,0.2,1,152.188113697343,22.6481720173478,0.0111750819803437,0.0430853832113795,0.178870380036415,94,4205,1,"1","diploid","female"
"281","0","0","0","0",-0.797347545623779,3134.8203125,"map_4205_1_2",5,70,300,20,5,5.00958549647761,0.1,12.7113767890331,0.785532423797401,1.61355974810598,204,0.2,1,152.188113697343,22.6481720173478,0.0181915872262851,0.10464201248379,0.492450075216413,94,4205,1,"2","diploid","female"
"282","0","0","0","0",-0.797347545623779,3134.8203125,"map_4205_1_3",5,70,300,20,5,3.41507388014752,0.1,10.1481268740501,0.107726761760704,2.86998912589975,109,0.2,1,152.188113697343,22.6481720173478,0.00102357118682546,0.000538206912023201,0.492858840610358,94,4205,1,"3","diploid","female"
"283","0","0","0","0",0.530532717704773,2937.5556640625,"map_4210_1_1",5,70,300,20,5,4.56249094316842,0.1,8.50401090121204,0.338285663984549,5.02192742374991,33,0.2,1,40.1531509484762,23.985951423645,0.00314137231872173,0.00694738893538204,0.310579200201342,95,4210,1,"1","diploid","female"
"284","0","0","0","0",0.530532717704773,2937.5556640625,"map_4210_1_2",5,70,300,20,5,8.118200771587,0.1,5.46076072101709,0.98224079366383,5.3203449039055,11,0.2,1,40.1531509484762,23.985951423645,0.00254868260596214,8.29758037850539e-07,0.805028625471831,95,4210,1,"2","diploid","female"
"285","0","0","0","0",0.530532717704773,2937.5556640625,"map_4210_1_3",5,70,300,20,5,4.39771544496516,0.1,6.61582597209388,0.341522175938219,4.22379691855165,220,0.2,1,40.1531509484762,23.985951423645,0.00141187166470219,0.000167481788378145,0.563543430058999,95,4210,1,"3","diploid","female"
"286","0","0","0","0",-0.842052578926086,2931.89208984375,"map_4224_1_1",5,70,300,20,5,2.35725812026012,0.1,9.44392770358029,0.282102359417865,1.73985418739104,36,0.2,1,33.3298296302656,22.8304371369109,0.00239208555120026,0.00260098711841643,0.546711628998669,96,4224,1,"1","diploid","female"
"287","0","0","0","0",-0.842052578926086,2931.89208984375,"map_4224_1_2",5,70,300,20,5,2.9478615270848,0.1,6.85402043259011,1.21956875676814,0.831910470682686,208,0.2,1,33.3298296302656,22.8304371369109,0.00560813250004118,0.0093743508337137,0.760639082878223,96,4224,1,"2","diploid","female"
"288","0","0","0","0",-0.842052578926086,2931.89208984375,"map_4224_1_3",5,70,300,20,5,3.13162435237813,0.1,5.95284911129389,0.109007712827015,1.84182465764642,20,0.2,1,33.3298296302656,22.8304371369109,0.000332688673816984,6.19975590680976e-07,1.11558808028667,96,4224,1,"3","diploid","female"
"289","0","0","0","0",-0.825347542762756,2965.74340820312,"map_4225_1_1",5,70,300,20,5,2.79165041058153,0.1,12.4731674415359,0.168335865091324,2.69170642044742,25,0.2,1,59.7951097931973,22.3596529257258,0.00264317644534701,0.00489116523056059,0.36518338093144,97,4225,1,"1","diploid","female"
"290","0","0","0","0",-0.825347542762756,2965.74340820312,"map_4225_1_2",5,70,300,20,5,3.16556653148341,0.1,17.7140404902522,0.397883595271301,1.04681695509195,60,0.2,1,59.7951097931973,22.3596529257258,0.0126233417043389,0.0407187575050044,0.20448454163235,97,4225,1,"2","diploid","female"
"291","0","0","0","0",-0.825347542762756,2965.74340820312,"map_4225_1_3",5,70,300,20,5,3.7867122203829,0.1,6.98283278426839,0.0895506450518912,2.56877530704973,21,0.2,1,59.7951097931973,22.3596529257258,0.000391642546620705,2.54171757967874e-06,0.566783343980399,97,4225,1,"3","diploid","female"
"292","0","0","0","0",-0.765887200832367,2990.31201171875,"map_4226_1_1",5,70,300,20,5,1.43763587530793,0.1,11.1287271527446,0.0933023508806492,2.67132376706446,64,0.2,1,59.9091014339282,22.3791057587726,0.00119444537126361,0.00153576001703934,0.393782724219885,98,4226,1,"1","diploid","female"
"293","0","0","0","0",-0.765887200832367,2990.31201171875,"map_4226_1_2",5,70,300,20,5,5.12302990911627,0.1,14.2922482328168,0.20008688480343,1.73529704966873,101,0.2,1,59.9091014339282,22.3791057587726,0.00364027190554648,0.00374375674991186,0.389336134264919,98,4226,1,"2","diploid","female"
"294","0","0","0","0",-0.765887200832367,2990.31201171875,"map_4226_1_3",5,70,300,20,5,1.55751987972544,0.1,6.89575361046027,0.0399948765781949,2.28440487735115,95,0.2,1,59.9091014339282,22.3791057587726,0.000166877004269404,2.57791099060091e-06,0.902981365405054,98,4226,1,"3","diploid","female"
"295","0","0","0","0",-0.574953019618988,3085.05249023438,"map_4229_1_1",5,70,300,20,5,3.48056094160002,0.1,7.22761297369346,0.295717449408621,3.70988726364422,8,0.2,1,79.7484896650346,22.381442200121,0.00173056575367566,0.00245438616614099,0.353661377693913,99,4229,1,"1","diploid","female"
"296","0","0","0","0",-0.574953019618988,3085.05249023438,"map_4229_1_2",5,70,300,20,5,6.98112540455651,0.1,6.35307409295583,0.461033962012579,3.73696669919515,5,0.2,1,79.7484896650346,22.381442200121,0.00190569812762716,0.00180915998010353,0.537814359811097,99,4229,1,"2","diploid","female"
"297","0","0","0","0",-0.574953019618988,3085.05249023438,"map_4229_1_3",5,70,300,20,5,3.41928553764009,0.1,5.87586596989867,0.291964076011365,3.80162818916248,2,0.2,1,79.7484896650346,22.381442200121,0.000878609067530535,4.36803838812038e-05,0.627913656591812,99,4229,1,"3","diploid","female"
"298","0","0","0","0",-0.627932786941528,3127.28784179688,"map_4232_1_1",5,70,300,20,5,3.85269234332929,0.1,10.3988403535114,0.182157382133307,3.90033851623907,28,0.2,1,93.2134973234513,22.1467064066451,0.00226444412072004,0.00495952491725276,0.329099807440399,100,4232,1,"1","diploid","female"
"299","0","0","0","0",-0.627932786941528,3127.28784179688,"map_4232_1_2",5,70,300,20,5,4.77073344108989,0.1,10.3303339769528,0.195816613112741,4.18004014984634,16,0.2,1,93.2134973234513,22.1467064066451,0.00207930741704828,0.00270185701006445,0.631544884508466,100,4232,1,"2","diploid","female"
"300","0","0","0","0",-0.627932786941528,3127.28784179688,"map_4232_1_3",5,70,300,20,5,4.55395291647882,0.1,6.81112732728758,0.150927707456044,3.66769691799412,12,0.2,1,93.2134973234513,22.1467064066451,0.000622647674212347,2.13607831607169e-05,0.603888054657353,100,4232,1,"3","diploid","female"
"301","0","0","0","0",-0.850703835487366,3164.48266601562,"map_4235_1_1",5,70,300,20,5,3.60333602058951,0.1,11.7716566336435,0.214207858906296,3.28794809848479,46,0.2,1,102.9356791284,21.5188122768339,0.00322757778168698,0.00809443474043559,0.21175174865209,101,4235,1,"1","diploid","female"
"302","0","0","0","0",-0.850703835487366,3164.48266601562,"map_4235_1_2",5,70,300,20,5,5.97222126975104,0.1,10.154262301863,0.342804482109669,2.51922365228498,81,0.2,1,102.9356791284,21.5188122768339,0.00371453707415631,0.00827981400745223,0.378131944852009,101,4235,1,"2","diploid","female"
"303","0","0","0","0",-0.850703835487366,3164.48266601562,"map_4235_1_3",5,70,300,20,5,3.18581706851364,0.1,7.57707203721673,0.0807131495606021,3.23398074799872,40,0.2,1,102.9356791284,21.5188122768339,0.000401262880816177,3.83271008454229e-06,0.701709849456743,101,4235,1,"3","diploid","female"
"304","0","0","0","0",-0.908679306507111,3074.32250976562,"map_4304_1_1",5,70,300,20,5,2.77175750928546,0.1,14.4374188020784,0.283151449289182,2.12480276095122,48,0.2,1,132.981973641735,22.6305833094144,0.0064963392103856,0.0189709157818423,0.156533170200418,102,4304,1,"1","diploid","female"
"305","0","0","0","0",-0.908679306507111,3074.32250976562,"map_4304_1_2",5,70,300,20,5,3.93242101752611,0.1,11.3471263674845,0.991751696573479,0.170011867233259,15,0.2,1,132.981973641735,22.6305833094144,0.0131399654313866,0.0293279384516729,0.0780523907416673,102,4304,1,"2","diploid","female"
"306","0","0","0","0",-0.908679306507111,3074.32250976562,"map_4304_1_3",5,70,300,20,5,3.78890930561254,0.1,6.74382028365538,0.168555113043576,3.17726385718797,154,0.2,1,132.981973641735,22.6305833094144,0.000749711261941486,9.41293635727591e-05,0.399464716728628,102,4304,1,"3","diploid","female"
"307","0","0","0","0",-0.877164304256439,3113.501953125,"map_4306_1_1",5,70,300,20,5,2.87804276714415,0.1,11.8757786189877,0.325958191215702,2.92073062022975,39,0.2,1,133.313437110166,22.6203495272766,0.00630482253784525,0.0244846255215364,0.227429857914594,103,4306,1,"1","diploid","female"
"308","0","0","0","0",-0.877164304256439,3113.501953125,"map_4306_1_2",5,70,300,20,5,4.22260408498855,0.1,9.93423915853197,0.445246448387337,3.33027463493461,31,0.2,1,133.313437110166,22.6203495272766,0.00611800361584225,0.0227343371205377,0.426868024974935,103,4306,1,"2","diploid","female"
"309","0","0","0","0",-0.877164304256439,3113.501953125,"map_4306_1_3",5,70,300,20,5,3.70638809589609,0.1,6.08750009187547,0.359871953785666,3.32907894676187,6,0.2,1,133.313437110166,22.6203495272766,0.00117781040901734,7.73841539787401e-05,0.574739506015022,103,4306,1,"3","diploid","female"
"310","0","0","0","0",-0.818107068538666,3088.5712890625,"map_4308_1_1",5,70,300,20,5,0,0.1,12.9074877306588,0.371902169771135,2.10667554849325,61,0.2,1,156.37143702206,22.6466542038014,0.00811856415430664,0.0322295403973341,0.400439674550467,104,4308,1,"1","diploid","female"
"311","0","0","0","0",-0.818107068538666,3088.5712890625,"map_4308_1_2",5,70,300,20,5,11.7132795356222,0.1,11.0394638272,0.983449191373343,1.33801865494307,100,0.2,1,156.37143702206,22.6466542038014,0.016939093451006,0.0702429201751014,0.5756222484266,104,4308,1,"2","diploid","female"
"312","0","0","0","0",-0.818107068538666,3088.5712890625,"map_4308_1_3",5,70,300,20,5,2.26133024096527,0.1,8.31875035471968,0.120756995660185,2.69538359994178,24,0.2,1,156.37143702206,22.6466542038014,0.00070811886285355,0.000166714882742333,0.611950810767741,104,4308,1,"3","diploid","female"
"313","0","0","0","0",-0.720339834690094,3086.19506835938,"map_4309_1_1",5,70,300,20,5,0,0.1,13.6693333840131,0.373158271042237,2.73987700361486,9,0.2,1,158.882356840115,22.6333116706688,0.00932892083248368,0.0386169352908098,0.218857862510042,105,4309,1,"1","diploid","female"
"314","0","0","0","0",-0.720339834690094,3086.19506835938,"map_4309_1_2",5,70,300,20,5,12.5007502241202,0.1,13.9393988252798,0.690072804720454,0.727363418686866,9,0.2,1,158.882356840115,22.6333116706688,0.0160370960623151,0.0626719401728568,0.20903395282069,105,4309,1,"2","diploid","female"
"315","0","0","0","0",-0.720339834690094,3086.19506835938,"map_4309_1_3",5,70,300,20,5,3.96845845415937,0.1,7.07448570970196,0.426052325007594,3.21561327313947,3,0.2,1,158.882356840115,22.6333116706688,0.00190532886376198,0.000688862597407499,0.666330230606227,105,4309,1,"3","diploid","female"
"316","0","0","0","0",-0.894158899784088,3096.01708984375,"map_4310_1_1",5,70,300,20,5,1.14061389784523,0.1,9.85703006322272,0.261937903440548,2.63044184568908,76,0.2,1,104.994881297267,22.6269370157193,0.0031247480987912,0.00730350391428701,0.242549977973271,106,4310,1,"1","diploid","female"
"317","0","0","0","0",-0.894158899784088,3096.01708984375,"map_4310_1_2",5,70,300,20,5,4.24629618535185,0.1,9.07156815907192,0.419460510801396,2.12416483755027,69,0.2,1,104.994881297267,22.6269370157193,0.00397454170422644,0.00608034977207223,0.317774504535418,106,4310,1,"2","diploid","female"
"318","0","0","0","0",-0.894158899784088,3096.01708984375,"map_4310_1_3",5,70,300,20,5,1.42098505925204,0.1,6.17289789501677,0.205344425055995,2.85076688452884,115,0.2,1,104.994881297267,22.6269370157193,0.000660862158212646,4.75575668961598e-06,0.604826777174522,106,4310,1,"3","diploid","female"
"319","0","0","0","0",0.748384952545166,2887.87841796875,"map_4316_1_1",5,70,300,20,5,5.95444286702687,0.1,9.81749824622802,0.299079574975971,4.72156550989623,48,0.2,1,38.4091282495827,23.1013564981099,0.00315937698491109,0.00461588243799698,0.27960420075868,107,4316,1,"1","diploid","female"
"320","0","0","0","0",0.748384952545166,2887.87841796875,"map_4316_1_2",5,70,300,20,5,7.50889610345497,0.1,8.15146052575427,0.306424364676527,3.29183577377822,24,0.2,1,38.4091282495827,23.1013564981099,0.00183746656255609,2.46389474799335e-05,0.384125497432716,107,4316,1,"2","diploid","female"
"321","0","0","0","0",0.748384952545166,2887.87841796875,"map_4316_1_3",5,70,300,20,5,4.70456611257354,0.1,8.08929331944643,0.197287115916244,3.82796652595933,106,0.2,1,38.4091282495827,23.1013564981099,0.00119010178475686,0.000169822661769553,0.427967230469747,107,4316,1,"3","diploid","female"
"322","0","0","0","0",-0.25074514746666,2901.0126953125,"map_4328_1_1",5,70,300,20,5,0,0.1,11.6187312797411,0.287951766774523,1.54023027085245,86,0.2,1,34.1074561692552,24.45045626145,0.00435328651715406,0.0105574923163875,0.362986607538143,108,4328,1,"1","diploid","female"
"323","0","0","0","0",-0.25074514746666,2901.0126953125,"map_4328_1_2",5,70,300,20,5,4.64934896940364,0.1,8.55856461030383,0.337608697187762,1.11030615693895,35,0.2,1,34.1074561692552,24.45045626145,0.00207425703729762,0.000230434425834825,0.955745546653822,108,4328,1,"2","diploid","female"
"324","0","0","0","0",-0.25074514746666,2901.0126953125,"map_4328_1_3",5,70,300,20,5,2.63264712827844,0.1,7.65979734322156,0.13592125330944,1.83011207973625,87,0.2,1,34.1074561692552,24.45045626145,0.000679556560518559,2.16497112307197e-05,0.648855437788115,108,4328,1,"3","diploid","female"
"325","0","0","0","0",-0.258511573076248,2934.27270507812,"map_4329_1_1",5,70,300,20,5,3.03176180043694,0.1,13.9437141193145,0.280887435347126,1.6024845079257,61,0.2,1,58.4420244416525,23.8158730127751,0.00553250135639995,0.0125604011628246,0.250745237627928,109,4329,1,"1","diploid","female"
"326","0","0","0","0",-0.258511573076248,2934.27270507812,"map_4329_1_2",5,70,300,20,5,4.84195647943334,0.1,7.77713742228031,1.06028310476867,0.951819574930699,124,0.2,1,58.4420244416525,23.8158730127751,0.00563771291767702,0.0019018435505348,0.53026461550471,109,4329,1,"2","diploid","female"
"327","0","0","0","0",-0.258511573076248,2934.27270507812,"map_4329_1_3",5,70,300,20,5,3.37681122183907,0.1,7.97012447894363,0.114269189329098,2.63601171388754,73,0.2,1,58.4420244416525,23.8158730127751,0.000649496061938608,8.69639823403444e-05,0.79026065820489,109,4329,1,"3","diploid","female"
"328","0","0","0","0",-0.573571443557739,3026.28247070312,"map_4332_1_1",5,70,300,20,5,2.72388674079265,0.1,8.7994578022959,0.504537295658935,2.474226248918,139,0.2,1,79.7658089926076,23.7751669261675,0.0048578057614031,0.0131212896239259,0.599501671942127,110,4332,1,"1","diploid","female"
"329","0","0","0","0",-0.573571443557739,3026.28247070312,"map_4332_1_2",5,70,300,20,5,4.96181054354444,0.1,5.98981865369231,2.13924426340047,3.10177186558978,3,0.2,1,79.7658089926076,23.7751669261675,0.00731362060763972,0.00421450625414394,1.29696192822208,110,4332,1,"2","diploid","female"
"330","0","0","0","0",-0.573571443557739,3026.28247070312,"map_4332_1_3",5,70,300,20,5,3.56747329856962,0.1,6.7903876807351,0.292139982467222,2.76912957576787,107,0.2,1,79.7658089926076,23.7751669261675,0.00114839252378066,0.000148915996738155,0.787029249863257,110,4332,1,"3","diploid","female"
"331","0","0","0","0",-0.794133603572845,3126.3740234375,"map_4338_1_1",5,70,300,20,5,2.97689329973639,0.1,10.8410887053929,0.26080171056103,2.43065548362097,56,0.2,1,85.3305931503195,23.0017121837781,0.00353378983747889,0.00955783403854558,0.236162858827362,111,4338,1,"1","diploid","female"
"332","0","0","0","0",-0.794133603572845,3126.3740234375,"map_4338_1_2",5,70,300,20,5,4.60079181852965,0.1,9.28859837631607,0.252112727867964,2.88544220171302,35,0.2,1,85.3305931503195,23.0017121837781,0.00206003133294356,0.00212977257832751,0.513450399009138,111,4338,1,"2","diploid","female"
"333","0","0","0","0",-0.794133603572845,3126.3740234375,"map_4338_1_3",5,70,300,20,5,3.71952899620308,0.1,7.35713392115551,0.129498921385192,2.85581477710274,83,0.2,1,85.3305931503195,23.0017121837781,0.000599804902819952,1.00544988355825e-05,0.604670129811658,111,4338,1,"3","diploid","female"
"334","0","0","0","0",-0.391192227602005,3052.33544921875,"map_4393_1_1",5,70,300,20,5,0,0.1,15.8222536778231,0.400522294311774,2.1664126167616,101,0.2,1,132.479821778611,23.3001691313413,0.0117633758766933,0.0512434923058469,0.29956818808928,112,4393,1,"1","diploid","female"
"335","0","0","0","0",-0.391192227602005,3052.33544921875,"map_4393_1_2",5,70,300,20,5,13.2912926888865,0.1,8.56756386284395,1.26443197964174,1.19150350945122,12,0.2,1,132.479821778611,23.3001691313413,0.0118821733965673,0.0382216412983838,0.609390636997421,112,4393,1,"2","diploid","female"
"336","0","0","0","0",-0.391192227602005,3052.33544921875,"map_4393_1_3",5,70,300,20,5,2.38083910527001,0.1,12.1117877607245,0.277086336135892,3.66187547562827,136,0.2,1,132.479821778611,23.3001691313413,0.00422042580183715,0.00978112456203561,0.409506233497541,112,4393,1,"3","diploid","female"
"337","0","0","0","0",-0.866042017936707,3044.26684570312,"map_4406_1_1",5,70,300,20,5,0,0.1,12.0923552126362,0.31097996082002,1.80010202072825,5,0.2,1,116.14982644268,22.9450822603135,0.00473005853612567,0.0102838844160289,0.382044824298324,113,4406,1,"1","diploid","female"
"338","0","0","0","0",-0.866042017936707,3044.26684570312,"map_4406_1_2",5,70,300,20,5,8.91073815100368,0.1,7.79823906470573,1.24160535236878,0.907046773019122,21,0.2,1,116.14982644268,22.9450822603135,0.00788025778581939,0.0180342085137844,0.510354662700325,113,4406,1,"2","diploid","female"
"339","0","0","0","0",-0.866042017936707,3044.26684570312,"map_4406_1_3",5,70,300,20,5,1.9270848326869,0.1,7.510568662787,0.225980742941434,3.40221552774051,2,0.2,1,116.14982644268,22.9450822603135,0.00116531833689183,7.19524571476781e-05,0.728041301844889,113,4406,1,"3","diploid","female"
"340","0","0","0","0",-0.90191376209259,3040.06298828125,"map_4407_1_1",5,70,300,20,5,0,0.1,9.71264474711782,0.287754833748727,2.68998069272082,40,0.2,1,110.574640863362,22.9220285362844,0.00369094853265607,0.0123326565960516,0.29311297475749,114,4407,1,"1","diploid","female"
"341","0","0","0","0",-0.90191376209259,3040.06298828125,"map_4407_1_2",5,70,300,20,5,10.9018992509667,0.1,9.1113482396009,0.426446555723374,3.5805270300001,39,0.2,1,110.574640863362,22.9220285362844,0.005338310841185,0.0154452034024507,0.417500130788968,114,4407,1,"2","diploid","female"
"342","0","0","0","0",-0.90191376209259,3040.06298828125,"map_4407_1_3",5,70,300,20,5,4.12982381896885,0.1,5.9576891679389,0.354789594933141,3.15000419326679,8,0.2,1,110.574640863362,22.9220285362844,0.00113065473799432,3.80026798024427e-05,0.598173141133121,114,4407,1,"3","diploid","female"
"343","0","0","0","0",-0.714999079704285,3023.49072265625,"map_4408_1_1",5,70,300,20,5,3.06340767961978,0.1,14.4263448252293,0.243517327852899,2.2099813916115,46,0.2,1,113.270136734972,22.6011074528742,0.00525216938981917,0.0113880271277414,0.317492739130753,115,4408,1,"1","diploid","female"
"344","0","0","0","0",-0.714999079704285,3023.49072265625,"map_4408_1_2",5,70,300,20,5,4.09988868220716,0.1,15.2431563397178,0.489114652469176,0.621062825192226,121,0.2,1,113.270136734972,22.6011074528742,0.0105270374813461,0.0192137900527895,0.184091066120332,115,4408,1,"2","diploid","female"
"345","0","0","0","0",-0.714999079704285,3023.49072265625,"map_4408_1_3",5,70,300,20,5,4.02328623682979,0.1,9.05675055632938,0.0859957890021787,3.1381642073937,51,0.2,1,113.270136734972,22.6011074528742,0.0006305878812447,5.50225391668627e-05,0.828522874602774,115,4408,1,"3","diploid","female"
"346","0","0","0","0",-0.849756836891174,3056.1572265625,"map_4410_1_1",5,70,300,20,5,2.85394137233597,0.1,13.6821612017648,0.30341772038068,1.02949589928135,67,0.2,1,116.121343055041,22.5652337869536,0.00532115699216809,0.00854053946643574,0.184275189735936,116,4410,1,"1","diploid","female"
"347","0","0","0","0",-0.849756836891174,3056.1572265625,"map_4410_1_2",5,70,300,20,5,3.9731593589947,0.1,9.20616086341334,0.840694181362282,0.410604651273001,117,0.2,1,116.121343055041,22.5652337869536,0.00670729374377189,0.00763913919281942,0.361573727451621,116,4410,1,"2","diploid","female"
"348","0","0","0","0",-0.849756836891174,3056.1572265625,"map_4410_1_3",5,70,300,20,5,3.87170589984522,0.1,11.5702894836537,0.0450342653756173,2.76268111056188,38,0.2,1,116.121343055041,22.5652337869536,0.000528561073538316,0.000111000128976385,0.43139065389704,116,4410,1,"3","diploid","female"
"349","0","0","0","0",-0.743287324905396,3045.70751953125,"map_4411_1_1",5,70,300,20,5,0,0.1,11.8330512538374,0.342430261801919,1.89763667466182,9,0.2,1,124.12635639102,22.683197850748,0.00522550713336719,0.00877734207561478,0.350646892862899,117,4411,1,"1","diploid","female"
"350","0","0","0","0",-0.743287324905396,3045.70751953125,"map_4411_1_2",5,70,300,20,5,12.1370243668797,0.1,14.35797046633,0.50678756731694,0.59359440807089,12,0.2,1,124.12635639102,22.683197850748,0.00973037838890639,0.0105106273764007,0.180478899396702,117,4411,1,"2","diploid","female"
"351","0","0","0","0",-0.743287324905396,3045.70751953125,"map_4411_1_3",5,70,300,20,5,2.46358732911866,0.1,8.40131294085364,0.110983199437948,2.64331721995049,4,0.2,1,124.12635639102,22.683197850748,0.000662978452708551,2.11785120895279e-05,0.607803346974216,117,4411,1,"3","diploid","female"
"352","0","0","0","0",-0.699229598045349,3045.1650390625,"map_4412_1_1",5,70,300,20,5,3.1375521574944,0.1,11.6480494295648,0.486128532996323,2.50716680796447,164,0.2,1,125.323785693146,22.6786504487791,0.00884574089433848,0.0281763177718206,0.409350884645841,118,4412,1,"1","diploid","female"
"353","0","0","0","0",-0.699229598045349,3045.1650390625,"map_4412_1_2",5,70,300,20,5,4.53441626674545,0.1,14.7768747254161,0.780355558873856,1.07101288599566,230,0.2,1,125.323785693146,22.6786504487791,0.0201611075228125,0.0547148683365865,0.242235009993435,118,4412,1,"2","diploid","female"
"354","0","0","0","0",-0.699229598045349,3045.1650390625,"map_4412_1_3",5,70,300,20,5,3.86840063591493,0.1,7.35754691543919,0.355379167514438,3.32904008330369,131,0.2,1,125.323785693146,22.6786504487791,0.00177572450687193,0.000825236880281352,0.637706365690329,118,4412,1,"3","diploid","female"
"355","0","0","0","0",-0.633472621440887,2997.30932617188,"map_4436_1_1",5,70,300,20,5,2.42701569833503,0.1,8.83143856749327,0.227084860667411,2.27172705594229,5,0.2,1,43.35128801368,23.8241431188742,0.00186602723072793,0.00226878851484604,0.330314620586962,119,4436,1,"1","diploid","female"
"356","0","0","0","0",-0.633472621440887,2997.30932617188,"map_4436_1_2",5,70,300,20,5,4.19623531626794,0.1,7.48131125484593,0.222976590174452,3.22038721727254,3,0.2,1,43.35128801368,23.8241431188742,0.00110765118926069,0.00013771242056548,0.611998076650193,119,4436,1,"2","diploid","female"
"357","0","0","0","0",-0.633472621440887,2997.30932617188,"map_4436_1_3",5,70,300,20,5,3.42840232980284,0.1,5.91887975887688,0.261726192222755,2.5741408978399,2,0.2,1,43.35128801368,23.8241431188742,0.000784814246357849,7.53230266741521e-06,0.662905178353134,119,4436,1,"3","diploid","female"
"358","0","0","0","0",0.226167351007462,3104.93701171875,"map_4442_1_1",5,70,300,20,5,5.90842613832672,0.1,10.1191566217382,0.24396948951137,5.82542444029498,54,0.2,1,81.6629273471642,22.9519210076147,0.00282478724492958,0.00507510492321328,0.272522648184921,120,4442,1,"1","diploid","female"
"359","0","0","0","0",0.226167351007462,3104.93701171875,"map_4442_1_2",5,70,300,20,5,8.63524283343922,0.1,6.66522404969884,0.423260498760841,6.4509013834842,42,0.2,1,81.6629273471642,22.9519210076147,0.00171183935380349,0.000331676037055403,0.523265168485012,120,4442,1,"2","diploid","female"
"360","0","0","0","0",0.226167351007462,3104.93701171875,"map_4442_1_3",5,70,300,20,5,5.67867973097337,0.1,8.56300548570353,0.25910443927917,5.19380376668432,151,0.2,1,81.6629273471642,22.9519210076147,0.00191962354567042,0.00143237108763782,0.40159800098835,120,4442,1,"3","diploid","female"
"361","0","0","0","0",-0.549995899200439,2875.46752929688,"map_4495_1_1",5,70,300,20,5,0,0.1,12.5077556192731,0.379049004607087,2.01857236669713,15,0.2,1,63.498609940277,23.2663797754518,0.00822353688427793,0.0346387796300011,0.224491514886394,121,4495,1,"1","diploid","female"
"362","0","0","0","0",-0.549995899200439,2875.46752929688,"map_4495_1_2",5,70,300,20,5,5.04149063698727,0.1,11.1919965396352,0.531311306398449,1.72782642336859,7,0.2,1,63.498609940277,23.2663797754518,0.00916148644218463,0.035670729682925,0.351916840748431,121,4495,1,"2","diploid","female"
"363","0","0","0","0",-0.549995899200439,2875.46752929688,"map_4495_1_3",5,70,300,20,5,2.16300370326522,0.1,6.0059318647273,0.435904695492134,2.34996825805112,5,0.2,1,63.498609940277,23.2663797754518,0.00143726745879073,0.000365854728223258,0.632629593130376,121,4495,1,"3","diploid","female"
"364","0","0","0","0",-0.571952760219574,2957.35864257812,"map_4496_1_1",5,70,300,20,5,2.89912451350183,0.1,12.5042323770462,0.138507735600423,2.48656359501572,16,0.2,1,61.8508783210552,23.3234458086895,0.00265838395993801,0.0103024271261474,0.309702361807049,122,4496,1,"1","diploid","female"
"365","0","0","0","0",-0.571952760219574,2957.35864257812,"map_4496_1_2",5,70,300,20,5,6.13794284156243,0.1,12.2564859497272,0.130035759643084,3.80903289817434,13,0.2,1,61.8508783210552,23.3234458086895,0.00251917900473682,0.0116122588939342,0.561650305013341,122,4496,1,"2","diploid","female"
"366","0","0","0","0",-0.571952760219574,2957.35864257812,"map_4496_1_3",5,70,300,20,5,2.9154851425861,0.1,7.82858456175227,0.0767330150652836,2.64117505023974,18,0.2,1,61.8508783210552,23.3234458086895,0.000425290309884936,5.2725584563381e-05,0.645539330056021,122,4496,1,"3","diploid","female"
"367","0","0","0","0",-0.617641985416412,3020.15869140625,"map_4497_1_1",5,70,300,20,5,3.13262792742319,0.1,20.6284176761585,0.307508426763776,2.08219804870573,111,0.2,1,135.056097753024,23.3036031480115,0.0139133089329241,0.074832669866014,0.116841636641005,123,4497,1,"1","diploid","female"
"368","0","0","0","0",-0.617641985416412,3020.15869140625,"map_4497_1_2",5,70,300,20,5,4.66606098119417,0.1,24.7206559212707,0.523555430990071,1.16382975355165,123,0.2,1,135.056097753024,23.3036031480115,0.0291578802723683,0.0741592400698095,0.107613099025791,123,4497,1,"2","diploid","female"
"369","0","0","0","0",-0.617641985416412,3020.15869140625,"map_4497_1_3",5,70,300,20,5,3.97524250880616,0.1,11.3709197335153,0.221602960100159,3.48456575389905,100,0.2,1,135.056097753024,23.3036031480115,0.00296859808990387,0.00506964262378557,0.341117937615968,123,4497,1,"3","diploid","female"
"370","0","0","0","0",-0.85857081413269,3001.31591796875,"map_4511_1_1",5,70,300,20,5,1.14395313582292,0.1,15.1403202690854,0.212501740546995,2.02350745467302,60,0.2,1,107.014704118139,22.9194131427693,0.00544680830168948,0.0182826371789405,0.229244168673057,124,4511,1,"1","diploid","female"
"371","0","0","0","0",-0.85857081413269,3001.31591796875,"map_4511_1_2",5,70,300,20,5,3.88236129284624,0.1,14.2512716052541,0.336576007865034,2.57276767318572,71,0.2,1,107.014704118139,22.9194131427693,0.00765337226142667,0.0265780668561806,0.303091795405921,124,4511,1,"2","diploid","female"
"372","0","0","0","0",-0.85857081413269,3001.31591796875,"map_4511_1_3",5,70,300,20,5,1.48422287339832,0.1,9.97119597618089,0.106834382257805,2.78962709244014,43,0.2,1,107.014704118139,22.9194131427693,0.00101273285908532,0.000908799414272719,0.512968998762173,124,4511,1,"3","diploid","female"
"373","0","0","0","0",-0.847593724727631,2987.60913085938,"map_4512_1_1",5,70,300,20,5,2.71611915013516,0.1,14.2012009247826,0.324131169034764,1.67994039541829,49,0.2,1,119.448721641718,22.5898674735727,0.00722769711538579,0.0193881637045177,0.218496479063175,125,4512,1,"1","diploid","female"
"374","0","0","0","0",-0.847593724727631,2987.60913085938,"map_4512_1_2",5,70,300,20,5,3.51256181565173,0.1,13.71251615945,0.887017922401648,0.151236590468557,34,0.2,1,119.448721641718,22.5898674735727,0.0190429104521024,0.0580292079939089,0.0770894171970633,125,4512,1,"2","diploid","female"
"375","0","0","0","0",-0.847593724727631,2987.60913085938,"map_4512_1_3",5,70,300,20,5,3.6200703012282,0.1,8.77149369204661,0.178408886933951,3.10689458550091,146,0.2,1,119.448721641718,22.5898674735727,0.00121439968843907,0.000265977033195616,0.568265549892161,125,4512,1,"3","diploid","female"
"376","0","0","0","0",-0.807406902313232,3004.67553710938,"map_4515_1_1",5,70,300,20,5,2.82845260773001,0.1,13.274912781596,0.11797286365433,2.31323910819474,57,0.2,1,123.713797242935,22.6193636998782,0.00239368174232762,0.00699107269711806,0.392787490435516,126,4515,1,"1","diploid","female"
"377","0","0","0","0",-0.807406902313232,3004.67553710938,"map_4515_1_2",5,70,300,20,5,3.93332184067063,0.1,15.1327188588632,0.151305537953659,3.31770805646099,66,0.2,1,123.713797242935,22.6193636998782,0.00436320196557661,0.0158312053472127,0.514266790053942,126,4515,1,"2","diploid","female"
"378","0","0","0","0",-0.807406902313232,3004.67553710938,"map_4515_1_3",5,70,300,20,5,3.565438396711,0.1,9.20951805070173,0.0388520259431036,2.55472897690873,56,0.2,1,123.713797242935,22.6193636998782,0.000278008487691077,1.53496905650883e-05,0.823588683012821,126,4515,1,"3","diploid","female"
"379","0","0","0","0",0.835663914680481,2930.01733398438,"map_4526_1_1",5,70,300,20,5,0,0.1,13.1095221434985,0.283506893507971,3.19059912247667,36,0.2,1,92.6400526560026,24.2531444584413,0.00651832237912579,0.0262494216409278,0.220225594457189,127,4526,1,"1","diploid","female"
"380","0","0","0","0",0.835663914680481,2930.01733398438,"map_4526_1_2",5,70,300,20,5,10.4796976433245,0.1,6.565066877975,0.577935713881708,4.68271401166834,12,0.2,1,92.6400526560026,24.2531444584413,0.00219025237402844,0.000306954949587389,0.350371246775596,127,4526,1,"2","diploid","female"
"381","0","0","0","0",0.835663914680481,2930.01733398438,"map_4526_1_3",5,70,300,20,5,4.47227734673465,0.1,7.54227809384118,0.465699440221183,3.96900297486133,15,0.2,1,92.6400526560026,24.2531444584413,0.00295853146083948,0.00417415587992852,0.340027212268824,127,4526,1,"3","diploid","female"
"382","0","0","0","0",-0.798988938331604,2984.11499023438,"map_4542_1_1",5,70,300,20,5,1.83504044049058,0.1,11.3293013831204,0.29963612938361,1.90249410042308,8,0.2,1,47.9085015569414,23.7844273741459,0.00449732403249912,0.00718275945422793,0.297652556904312,128,4542,1,"1","diploid","female"
"383","0","0","0","0",-0.798988938331604,2984.11499023438,"map_4542_1_2",5,70,300,20,5,4.90213601717674,0.1,7.2370947799517,0.457950353497178,2.84864285747754,4,0.2,1,47.9085015569414,23.7844273741459,0.00273500123774741,0.00121941006725632,0.582209755779855,128,4542,1,"2","diploid","female"
"384","0","0","0","0",-0.798988938331604,2984.11499023438,"map_4542_1_3",5,70,300,20,5,2.13768993441783,0.1,5.71306781450544,0.408706035074028,2.69222124412097,3,0.2,1,47.9085015569414,23.7844273741459,0.00113137180452636,2.68829172008409e-05,0.680994580096141,128,4542,1,"3","diploid","female"
"385","0","0","0","0",-0.728797972202301,3016.68432617188,"map_4543_1_1",5,70,300,20,5,1.18654365236134,0.1,9.87488338574468,0.181535744896059,2.15024077991659,9,0.2,1,46.4768801480037,23.4449426129279,0.00213774908904347,0.00577040609818425,0.447918444452864,129,4543,1,"1","diploid","female"
"386","0","0","0","0",-0.728797972202301,3016.68432617188,"map_4543_1_2",5,70,300,20,5,5.72938388443134,0.1,7.59761840066237,0.273269957961512,2.73060536438393,7,0.2,1,46.4768801480037,23.4449426129279,0.0015802608396719,0.00325962364801706,1.03601136654906,129,4543,1,"2","diploid","female"
"387","0","0","0","0",-0.728797972202301,3016.68432617188,"map_4543_1_3",5,70,300,20,5,1.33631568351645,0.1,7.57374292767101,0.0839635114092092,2.60832820881108,5,0.2,1,46.4768801480037,23.4449426129279,0.000419624512482043,2.88896434609383e-05,0.753873052039718,129,4543,1,"3","diploid","female"
"388","0","0","0","0",-0.589713633060455,3167.17895507812,"map_4547_1_1",5,70,300,20,5,3.49805359399546,0.1,9.69133315046015,0.393902794054793,3.05517183024228,12,0.2,1,86.0962362352796,23.0220530498331,0.00522999768444946,0.0207374818343921,0.266724165154442,130,4547,1,"1","diploid","female"
"389","0","0","0","0",-0.589713633060455,3167.17895507812,"map_4547_1_2",5,70,300,20,5,5.58264979078492,0.1,5.81350028822629,0.775078237355479,4.9838031139525,7,0.2,1,86.0962362352796,23.0220530498331,0.00237530924992234,0.000207135971716028,0.78577534098851,130,4547,1,"2","diploid","female"
"390","0","0","0","0",-0.589713633060455,3167.17895507812,"map_4547_1_3",5,70,300,20,5,3.62177720831267,0.1,5.99977860893269,0.483586954086675,3.25920683250388,3,0.2,1,86.0962362352796,23.0220530498331,0.00153308532864939,0.000107748518966546,0.598157682807993,130,4547,1,"3","diploid","female"
"391","0","0","0","0",-0.715584754943848,2964.35498046875,"map_4601_1_1",5,70,300,20,5,0,0.1,17.8281386158877,0.432481061498023,0.675121801123596,58,0.2,1,132.42927992938,24.7002890087309,0.0134734424282998,0.0400590328460247,0.0568600305848329,131,4601,1,"1","diploid","female"
"392","0","0","0","0",-0.715584754943848,2964.35498046875,"map_4601_1_2",5,70,300,20,5,9.97638781852715,0.1,12.057011616451,0.879649818897897,0.311798195764832,68,0.2,1,132.42927992938,24.7002890087309,0.0117217932336045,0.0121706011738165,0.0603780770305561,131,4601,1,"2","diploid","female"
"393","0","0","0","0",-0.715584754943848,2964.35498046875,"map_4601_1_3",5,70,300,20,5,2.52458725021939,0.1,12.1128603621216,0.297828149366631,2.17579448114513,51,0.2,1,132.42927992938,24.7002890087309,0.00410594405123248,0.00279016214938259,0.234910064767208,131,4601,1,"3","diploid","female"
"394","0","0","0","0",-0.566956579685211,3033.39331054688,"map_4602_1_1",5,70,300,20,5,2.46380124342454,0.1,26.9698645873375,0.234671746227319,1.47050812927865,91,0.2,1,140.157671690779,24.6956233868435,0.0175704310405814,0.112797885390039,0.113051515486607,132,4602,1,"1","diploid","female"
"395","0","0","0","0",-0.566956579685211,3033.39331054688,"map_4602_1_2",5,70,300,20,5,5.67804116739896,0.1,15.6503923814293,0.192025412265843,4.48371789626955,43,0.2,1,140.157671690779,24.6956233868435,0.00520845612385991,0.0179089323729805,0.370327435332836,132,4602,1,"2","diploid","female"
"396","0","0","0","0",-0.566956579685211,3033.39331054688,"map_4602_1_3",5,70,300,20,5,3.13673872251363,0.1,13.2275004725794,0.205966884970663,2.56912832939591,145,0.2,1,140.157671690779,24.6956233868435,0.00434102972000344,0.0142714440717559,0.303238274689892,132,4602,1,"3","diploid","female"
"397","0","0","0","0",-0.632281005382538,2987.88061523438,"map_4614_1_1",5,70,300,20,5,2.46552996003504,0.1,21.9113441876477,0.227679408357384,2.2423092210164,76,0.2,1,116.129838316148,23.99676253191,0.0121348020837993,0.0485854481303137,0.157640159844799,133,4614,1,"1","diploid","female"
"398","0","0","0","0",-0.632281005382538,2987.88061523438,"map_4614_1_2",5,70,300,20,5,4.73954943282665,0.1,19.5711296302047,0.508742145026258,0.73551405967846,80,0.2,1,116.129838316148,23.99676253191,0.0191697477765746,0.0863732209541538,0.203217205267818,133,4614,1,"2","diploid","female"
"399","0","0","0","0",-0.632281005382538,2987.88061523438,"map_4614_1_3",5,70,300,20,5,3.03954909376208,0.1,7.67121991090395,0.189068551503251,2.81922653186846,69,0.2,1,116.129838316148,23.99676253191,0.00115519133885669,0.00071065464070211,0.518361710073848,133,4614,1,"3","diploid","female"
"400","0","0","0","0",-0.695186614990234,2966.79931640625,"map_4615_1_1",5,70,300,20,5,0,0.1,21.0091800671101,0.173031461567233,1.60758763915611,62,0.2,1,105.1574524344,23.9909579852623,0.00865678582239236,0.0440307897264095,0.156848339390559,134,4615,1,"1","diploid","female"
"401","0","0","0","0",-0.695186614990234,2966.79931640625,"map_4615_1_2",5,70,300,20,5,11.9896233521896,0.1,29.735085507079,0.137870407186051,2.62598910324628,56,0.2,1,105.1574524344,23.9909579852623,0.0122433090826811,0.0619587321550349,0.253791744028059,134,4615,1,"2","diploid","female"
"402","0","0","0","0",-0.695186614990234,2966.79931640625,"map_4615_1_3",5,70,300,20,5,3.25412787571179,0.1,10.8913751178947,0.0413313384308862,2.22202309675521,53,0.2,1,105.1574524344,23.9909579852623,0.000463842089229209,0.000355408843586063,0.440269713637745,134,4615,1,"3","diploid","female"
"403","0","0","0","0",0.85246330499649,2910.52490234375,"map_4632_1_1",5,70,300,20,5,0,0.1,9.49772766341752,0.210501891059503,2.61712363207225,71,0.2,1,93.644355228969,24.2985684970421,0.00269181562571815,0.00694570638196437,0.354079247268103,135,4632,1,"1","diploid","female"
"404","0","0","0","0",0.85246330499649,2910.52490234375,"map_4632_1_2",5,70,300,20,5,9.8532418463602,0.1,6.70918987783859,0.375307714951267,7.8070709099154,26,0.2,1,93.644355228969,24.2985684970421,0.00202877204572901,0.00489463704728102,0.480035716963714,135,4632,1,"2","diploid","female"
"405","0","0","0","0",0.85246330499649,2910.52490234375,"map_4632_1_3",5,70,300,20,5,4.23228516723696,0.1,11.8102831940482,0.296596680510622,3.98522036096307,92,0.2,1,93.644355228969,24.2985684970421,0.00597370974595679,0.0235631689883676,0.280758291520191,135,4632,1,"3","diploid","female"
"406","0","0","0","0",-0.377169817686081,2978.74853515625,"map_4647_1_1",5,70,300,20,5,3.07335021999063,0.1,9.24293168483072,0.205420826151625,3.12706757664895,54,0.2,1,43.0973802143553,23.490585901254,0.00221692078929015,0.00650484207408554,0.326446172072351,136,4647,1,"1","diploid","female"
"407","0","0","0","0",-0.377169817686081,2978.74853515625,"map_4647_1_2",5,70,300,20,5,4.58509872500891,0.1,6.96271271456711,0.26820584150218,4.08311817335869,32,0.2,1,43.0973802143553,23.490585901254,0.00127466382143657,0.000396364426111134,0.679571802886454,136,4647,1,"2","diploid","female"
"408","0","0","0","0",-0.377169817686081,2978.74853515625,"map_4647_1_3",5,70,300,20,5,3.95850453330283,0.1,6.19823713549243,0.218029117542989,3.20232020386909,118,0.2,1,43.0973802143553,23.490585901254,0.00075791268409988,8.33226775876085e-05,0.662199919166541,136,4647,1,"3","diploid","female"
"409","0","0","0","0",0.173808470368385,3044.12036132812,"map_4648_1_1",5,70,300,20,5,4.98688411097004,0.1,12.8596542029794,0.166645734168819,4.09675137043697,32,0.2,1,83.5846090443507,23.4337598743629,0.00325466802189594,0.00965304576441688,0.307302814869737,137,4648,1,"1","diploid","female"
"410","0","0","0","0",0.173808470368385,3044.12036132812,"map_4648_1_2",5,70,300,20,5,8.05160302207251,0.1,10.5837917953641,0.143547835604803,5.59568054945011,18,0.2,1,83.5846090443507,23.4337598743629,0.00158081119400299,0.00141337633387995,0.610962413932036,137,4648,1,"2","diploid","female"
"411","0","0","0","0",0.173808470368385,3044.12036132812,"map_4648_1_3",5,70,300,20,5,5.16047106641825,0.1,9.83148901527316,0.139665232983192,4.27863844680903,81,0.2,1,83.5846090443507,23.4337598743629,0.0013663679966007,0.00196896482993999,0.488772796519004,137,4648,1,"3","diploid","female"
"412","0","0","0","0",-0.0576749034225941,3096.27099609375,"map_4649_1_1",5,70,300,20,5,4.3717671079091,0.1,14.9424290373532,0.111205865462035,3.40958514474932,33,0.2,1,77.0533199595455,23.4651920833989,0.0029490841232609,0.0108667274330355,0.229427325806138,138,4649,1,"1","diploid","female"
"413","0","0","0","0",-0.0576749034225941,3096.27099609375,"map_4649_1_2",5,70,300,20,5,7.49223368052446,0.1,10.0142031983183,0.0426633000446261,7.26388248414277,14,0.2,1,77.0533199595455,23.4651920833989,0.000472843515375064,0.000847944853254535,0.585822174060088,138,4649,1,"2","diploid","female"
"414","0","0","0","0",-0.0576749034225941,3096.27099609375,"map_4649_1_3",5,70,300,20,5,4.62509303921071,0.1,11.0385922671313,0.10090439367735,3.88833350069866,59,0.2,1,77.0533199595455,23.4651920833989,0.00133008160119165,0.00231692113899672,0.368713335435351,138,4649,1,"3","diploid","female"
"415","0","0","0","0",-0.923714399337769,3126.27368164062,"map_4650_1_1",5,70,300,20,5,2.70345695716899,0.1,9.46184146741212,0.281000928847299,2.53562354146417,4,0.2,1,88.7411911511342,22.9030727166802,0.00295352580073489,0.00661047286602848,0.265171990752031,139,4650,1,"1","diploid","female"
"416","0","0","0","0",-0.923714399337769,3126.27368164062,"map_4650_1_2",5,70,300,20,5,4.22737044854677,0.1,7.52260508776132,0.291058149343208,3.60034328276271,2,0.2,1,88.7411911511342,22.9030727166802,0.0015128978789919,0.0004940344378882,0.455086175502726,139,4650,1,"2","diploid","female"
"417","0","0","0","0",-0.923714399337769,3126.27368164062,"map_4650_1_3",5,70,300,20,5,3.42785837923278,0.1,6.02244219084237,0.289478198773783,2.76813690088135,2,0.2,1,88.7411911511342,22.9030727166802,0.000896224306807816,9.49086631177343e-06,0.522439601956143,139,4650,1,"3","diploid","female"
"418","0","0","0","0",-0.886783540248871,3125.3603515625,"map_4651_1_1",5,70,300,20,5,2.83373985038534,0.1,11.9123220329864,0.36979394010995,1.50504010781634,7,0.2,1,87.4667498471333,22.9425119442269,0.00593587082907118,0.0208754382467447,0.336804515589251,140,4651,1,"1","diploid","female"
"419","0","0","0","0",-0.886783540248871,3125.3603515625,"map_4651_1_2",5,70,300,20,5,4.43782852314209,0.1,7.37663539840892,0.286290710154283,3.54504859082279,3,0.2,1,87.4667498471333,22.9425119442269,0.00162262829585849,0.00298730574021439,2.06038150143206,140,4651,1,"2","diploid","female"
"420","0","0","0","0",-0.886783540248871,3125.3603515625,"map_4651_1_3",5,70,300,20,5,3.52302678817626,0.1,6.02434400549536,0.297518286178896,2.88250542973597,3,0.2,1,87.4667498471333,22.9425119442269,0.000944010028165874,7.93488409013677e-05,0.742962249368844,140,4651,1,"3","diploid","female"
"421","0","0","0","0",-0.834280908107758,3206.32055664062,"map_4657_1_1",5,70,300,20,5,1.8222367345695,0.1,10.1448649503377,0.253452670912582,2.6775916565462,9,0.2,1,92.865477349671,21.2969438145195,0.00293366420945513,0.00717759615440733,0.268957663558451,141,4657,1,"1","diploid","female"
"422","0","0","0","0",-0.834280908107758,3206.32055664062,"map_4657_1_2",5,70,300,20,5,4.21715100502597,0.1,7.60099365964962,0.429890320688424,2.47068890789603,8,0.2,1,92.865477349671,21.2969438145195,0.00249835871827571,0.00299398542384257,0.622951134548436,141,4657,1,"2","diploid","female"
"423","0","0","0","0",-0.834280908107758,3206.32055664062,"map_4657_1_3",5,70,300,20,5,1.7123830044773,0.1,7.38071268535101,0.0686641047503862,2.79050762941233,4,0.2,1,92.865477349671,21.2969438145195,0.000315126968877691,5.82213042716927e-06,0.67241928200175,141,4657,1,"3","diploid","female"
"424","0","0","0","0",-0.477963477373123,3237.6689453125,"map_4658_1_1",5,70,300,20,5,2.62681498192354,0.1,11.9723995178636,0.341277877276512,2.0119164665418,40,0.2,1,95.8397707764888,21.2995579928655,0.00525258866096401,0.0127508693099,0.27488364437902,142,4658,1,"1","diploid","female"
"425","0","0","0","0",-0.477963477373123,3237.6689453125,"map_4658_1_2",5,70,300,20,5,8.12031778103666,0.1,8.60374663179003,0.314700436098093,1.40788554673011,20,0.2,1,95.8397707764888,21.2995579928655,0.00200808835944876,0.000426379862497734,0.78809179877818,142,4658,1,"2","diploid","female"
"426","0","0","0","0",-0.477963477373123,3237.6689453125,"map_4658_1_3",5,70,300,20,5,1.62897138456923,0.1,7.74361828777476,0.0968127005536236,2.98618295378692,19,0.2,1,95.8397707764888,21.2995579928655,0.000506486882123153,2.52099431475363e-05,0.668193096900942,142,4658,1,"3","diploid","female"
"427","0","0","0","0",-0.777981996536255,3304.48315429688,"map_4659_1_1",5,70,300,20,5,0,0.1,14.6086849549044,0.588692226577787,0.8128435467561,80,0.2,1,112.382439267992,21.3119613141581,0.0153944864981371,0.0632277990637565,0.118915715100678,143,4659,1,"1","diploid","female"
"428","0","0","0","0",-0.777981996536255,3304.48315429688,"map_4659_1_2",5,70,300,20,5,0,0.1,5.81296862233885,0.000709172254487648,0.0202285747190816,5,0.2,1,112.382439267992,21.3119613141581,2.03074260484923e-06,1.03406265338789e-09,0.886952188419979,143,4659,1,"2","diploid","female"
"429","0","0","0","0",-0.777981996536255,3304.48315429688,"map_4659_1_3",5,70,300,20,5,1.14564170427367,0.1,6.93461553388097,0.206154475747397,1.45119251396282,8,0.2,1,112.382439267992,21.3119613141581,0.000835327671702232,1.43404446386844e-05,0.460105318710959,143,4659,1,"3","diploid","female"
"430","0","0","0","0",-0.585932731628418,2888.84814453125,"map_4705_1_1",5,70,300,20,5,0,0.1,16.9950999132721,0.0642794569678787,0.208702702774952,120,0.2,1,131.98431493436,24.7244000402136,0.00202915217262029,0.00693728676010345,0.30543266652389,144,4705,1,"1","diploid","female"
"431","0","0","0","0",-0.585932731628418,2888.84814453125,"map_4705_1_2",5,70,300,20,5,4.049460612345,0.1,21.8763989933552,0.451841229333051,2.71029380227291,140,0.2,1,131.98431493436,24.7244000402136,0.0271186566170347,0.182561942943905,0.227306934259435,144,4705,1,"2","diploid","female"
"432","0","0","0","0",-0.585932731628418,2888.84814453125,"map_4705_1_3",5,70,300,20,5,2.14197446260196,0.1,9.31747428811844,0.354485908273343,1.67522473609784,160,0.2,1,131.98431493436,24.7244000402136,0.00326364723040611,0.00480690099552163,0.392631981732545,144,4705,1,"3","diploid","female"
"433","0","0","0","0",-0.720766127109528,2971.7529296875,"map_4706_1_1",5,70,300,20,5,2.10616710473669,0.1,17.0790278104902,0.501661797967278,0.765298508842016,18,0.2,1,127.412287290706,24.7181399236618,0.0188625614600153,0.0892754353953062,0.297298250542313,145,4706,1,"1","diploid","female"
"434","0","0","0","0",-0.720766127109528,2971.7529296875,"map_4706_1_2",5,70,300,20,5,4.55944085179568,0.1,14.6719766146437,1.05620704130975,1.03063961163972,22,0.2,1,127.412287290706,24.7181399236618,0.032397593975933,0.198856492816797,0.442509327379172,145,4706,1,"2","diploid","female"
"435","0","0","0","0",-0.720766127109528,2971.7529296875,"map_4706_1_3",5,70,300,20,5,2.68431654205282,0.1,8.17123435504132,0.566580693078334,1.97332672486031,4,0.2,1,127.412287290706,24.7181399236618,0.00378754254729577,0.00356143788356786,0.594402006597276,145,4706,1,"3","diploid","female"
"436","0","0","0","0",-0.805969178676605,3028.92309570312,"map_4707_1_1",5,70,300,20,5,2.08484301324205,0.1,19.8787609989916,0.323495510880054,0.71990659644232,71,0.2,1,132.850661984314,24.7119406863833,0.0124510085086882,0.0403412214849431,0.118678416154331,146,4707,1,"1","diploid","female"
"437","0","0","0","0",-0.805969178676605,3028.92309570312,"map_4707_1_2",5,70,300,20,5,4.83187351036564,0.1,15.5874559213625,0.632274382809574,0.420207949860483,79,0.2,1,132.850661984314,24.7119406863833,0.0132876813684846,0.00953950837193248,0.149617128264747,146,4707,1,"2","diploid","female"
"438","0","0","0","0",-0.805969178676605,3028.92309570312,"map_4707_1_3",5,70,300,20,5,2.83314590213818,0.1,12.4240228559189,0.200170122302384,1.76811343309611,63,0.2,1,132.850661984314,24.7119406863833,0.00276941168547837,0.00187407306053249,0.511144945228873,146,4707,1,"3","diploid","female"
"439","0","0","0","0",-0.796147465705872,3063.412109375,"map_4708_1_1",5,70,300,20,5,0,0.1,19.2023264623244,0.240970198587999,2.15155712574055,71,0.2,1,151.165892768936,23.3756634823112,0.0103379571133599,0.0558951395329552,0.133609691602813,147,4708,1,"1","diploid","female"
"440","0","0","0","0",-0.796147465705872,3063.412109375,"map_4708_1_2",5,70,300,20,5,10.8160651005809,0.1,24.0572997377341,0.285623624488916,2.83534774084081,50,0.2,1,151.165892768936,23.3756634823112,0.0162373771329041,0.0891439050535887,0.168910342825595,147,4708,1,"2","diploid","female"
"441","0","0","0","0",-0.796147465705872,3063.412109375,"map_4708_1_3",5,70,300,20,5,3.83165841276227,0.1,9.17045182157302,0.1481077902941,3.05998584330945,51,0.2,1,151.165892768936,23.3756634823112,0.00137339540692631,0.00212108906435335,0.45931081900987,147,4708,1,"3","diploid","female"
"442","0","0","0","0",0.738621234893799,2940.00439453125,"map_4737_1_1",5,70,300,20,5,0,0.1,10.9946780843998,0.26075299590057,4.30072593172245,41,0.2,1,43.5983878247366,23.6082190603381,0.00349302627513415,0.0105273171588893,0.410681806823548,148,4737,1,"1","diploid","female"
"443","0","0","0","0",0.738621234893799,2940.00439453125,"map_4737_1_2",5,70,300,20,5,13.9760760373023,0.1,8.71544500718076,0.182577394852324,5.0525404759653,22,0.2,1,43.5983878247366,23.6082190603381,0.00119002029698078,0.000161172308764007,0.607719862496051,148,4737,1,"2","diploid","female"
"444","0","0","0","0",0.738621234893799,2940.00439453125,"map_4737_1_3",5,70,300,20,5,2.06319890053789,0.1,10.0202152934178,0.173266324972907,4.50863285533241,119,0.2,1,43.5983878247366,23.6082190603381,0.00172888599691801,0.0024395814738284,0.541477196470778,148,4737,1,"3","diploid","female"
"445","0","0","0","0",0.815302491188049,2889.84057617188,"map_4738_1_1",5,70,300,20,5,0,0.1,13.7396293348858,0.200697488108498,4.76147979010936,42,0.2,1,47.0396491429735,23.6302081069017,0.00443438657183582,0.0159235931368093,0.244452845350654,149,4738,1,"1","diploid","female"
"446","0","0","0","0",0.815302491188049,2889.84057617188,"map_4738_1_2",5,70,300,20,5,8.1637894624856,0.1,9.10503776134541,0.141160815938929,5.17749371906316,23,0.2,1,47.0396491429735,23.6302081069017,0.0011920265140596,0.0011390851617012,0.612597625836337,149,4738,1,"2","diploid","female"
"447","0","0","0","0",0.815302491188049,2889.84057617188,"map_4738_1_3",5,70,300,20,5,4.50114341927494,0.1,9.76915962227759,0.162623786345778,3.83115438269523,125,0.2,1,47.0396491429735,23.6302081069017,0.0015868342252788,0.00246906532562381,0.409570021854217,149,4738,1,"3","diploid","female"
"448","0","0","0","0",-0.511481702327728,3036.04418945312,"map_4752_1_1",5,70,300,20,5,2.61734164499262,0.1,14.3042922054952,0.192690513716329,2.69014441602208,102,0.2,1,74.253309241957,24.4142570278045,0.00527477109656769,0.0242846341888153,0.111229170083097,150,4752,1,"1","diploid","female"
"449","0","0","0","0",-0.511481702327728,3036.04418945312,"map_4752_1_2",5,70,300,20,5,5.56118987923309,0.1,7.02118984704283,0.135035292858861,5.15146253327362,24,0.2,1,74.253309241957,24.4142570278045,0.000676484306758107,0.000208037039800403,0.383546574971253,150,4752,1,"2","diploid","female"
"450","0","0","0","0",-0.511481702327728,3036.04418945312,"map_4752_1_3",5,70,300,20,5,3.30171204765611,0.1,8.23208143886515,0.245128692092058,3.37864803365446,116,0.2,1,74.253309241957,24.4142570278045,0.00162908659852683,0.000826903476598975,0.342075286480865,150,4752,1,"3","diploid","female"
"451","0","0","0","0",-0.915229320526123,3138.4091796875,"map_4757_1_1",5,70,300,20,5,1.2847229022363,0.1,14.229208487623,0.232026029699757,1.81324098570864,10,0.2,1,89.1593591556993,23.5654869383752,0.00559489053164052,0.01966911090014,0.167394483982495,151,4757,1,"1","diploid","female"
"452","0","0","0","0",-0.915229320526123,3138.4091796875,"map_4757_1_2",5,70,300,20,5,7.24000442859382,0.1,9.31016845275472,0.162529939652149,3.2851165475136,4,0.2,1,89.1593591556993,23.5654869383752,0.00140718207501829,0.0014827697148014,0.560642027283072,151,4757,1,"2","diploid","female"
"453","0","0","0","0",-0.915229320526123,3138.4091796875,"map_4757_1_3",5,70,300,20,5,1.27479761063408,0.1,7.47430744205526,0.125563033358161,2.35340021070657,4,0.2,1,89.1593591556993,23.5654869383752,0.00063484698970117,0.000143569194650748,0.572155180700584,151,4757,1,"3","diploid","female"
"454","0","0","0","0",-0.806408226490021,3162.43188476562,"map_4759_1_1",5,70,300,20,5,2.69662127758115,0.1,17.5176426054388,0.260266616430371,1.90063244005699,12,0.2,1,97.3212804319058,23.3013835313444,0.00890140252931496,0.0293650228563354,0.134812271081774,152,4759,1,"1","diploid","female"
"455","0","0","0","0",-0.806408226490021,3162.43188476562,"map_4759_1_2",5,70,300,20,5,7.27520223981927,0.1,12.6098181949519,0.158548705874563,3.12539730699526,4,0.2,1,97.3212804319058,23.3013835313444,0.00244332578203574,0.00146907749639851,0.51021027011491,152,4759,1,"2","diploid","female"
"456","0","0","0","0",-0.806408226490021,3162.43188476562,"map_4759_1_3",5,70,300,20,5,2.35120388270164,0.1,8.28645682029818,0.150551056151326,2.51260627939731,5,0.2,1,97.3212804319058,23.3013835313444,0.000950497648214757,0.000154504231069899,0.428948181555454,152,4759,1,"3","diploid","female"
"457","0","0","0","0",-0.481934785842896,3163.17651367188,"map_4761_1_1",5,70,300,20,5,1.94268667353932,0.1,11.4141552796627,0.422960067415005,1.93319020737508,57,0.2,1,92.9165637881257,22.9854494855253,0.00620222913144982,0.0158740089151391,0.16803560017017,153,4761,1,"1","diploid","female"
"458","0","0","0","0",-0.481934785842896,3163.17651367188,"map_4761_1_2",5,70,300,20,5,9.05807242566648,0.1,7.47110620162142,0.625828044254235,1.81423556833478,49,0.2,1,92.9165637881257,22.9854494855253,0.00298221419750738,0.000467991381739479,1.20101073381764,153,4761,1,"2","diploid","female"
"459","0","0","0","0",-0.481934785842896,3163.17651367188,"map_4761_1_3",5,70,300,20,5,1.60400241474638,0.1,7.67318739817804,0.252428873501438,2.80096779336786,127,0.2,1,92.9165637881257,22.9854494855253,0.00133101523494067,0.000270613496949087,0.641529152963154,153,4761,1,"3","diploid","female"
"460","0","0","0","0",-0.743525266647339,3196.962890625,"map_4762_1_1",5,70,300,20,5,3.19006665262098,0.1,11.0405147217574,0.56639219505843,1.7590625572498,15,0.2,1,93.2139333300416,22.9839852393268,0.00903176385361843,0.031673829075224,0.350249016334578,154,4762,1,"1","diploid","female"
"461","0","0","0","0",-0.743525266647339,3196.962890625,"map_4762_1_2",5,70,300,20,5,5.11314272939081,0.1,7.980168145465,0.679967335328275,1.33168723162895,5,0.2,1,93.2139333300416,22.9839852393268,0.00389630220743847,0.00122364717440618,0.364311479879971,154,4762,1,"2","diploid","female"
"462","0","0","0","0",-0.743525266647339,3196.962890625,"map_4762_1_3",5,70,300,20,5,3.12413897008567,0.1,6.83726556889014,0.387719183337443,2.44299632061752,3,0.2,1,93.2139333300416,22.9839852393268,0.00157438196233994,0.000102123519497873,0.677946775931357,154,4762,1,"3","diploid","female"
"463","0","0","0","0",-0.739355802536011,3230.44970703125,"map_4763_1_1",5,70,300,20,5,0,0.1,15.9819106950242,0.548599050919171,1.02639084575135,20,0.2,1,115.530797077572,22.9604467011765,0.0166683927570976,0.0646182995547371,0.118967377859835,155,4763,1,"1","diploid","female"
"464","0","0","0","0",-0.739355802536011,3230.44970703125,"map_4763_1_2",5,70,300,20,5,9.14985307855417,0.1,7.41305872721754,0.412014764509817,3.52474827262041,3,0.2,1,115.530797077572,22.9604467011765,0.00255742750589111,0.00276096879721486,1.98913085525997,155,4763,1,"2","diploid","female"
"465","0","0","0","0",-0.739355802536011,3230.44970703125,"map_4763_1_3",5,70,300,20,5,2.40548563092302,0.1,7.23904528820496,0.503314768824443,1.80414086702881,4,0.2,1,115.530797077572,22.9604467011765,0.00240042418679984,0.00048416175600959,0.536778744323975,155,4763,1,"3","diploid","female"
"466","0","0","0","0",-0.753512024879456,2888.05126953125,"map_4810_1_1",5,70,300,20,5,0,0.1,16.5356042946377,0.520674861532462,0.527157353508233,197,0.2,1,62.8149893141268,24.7241101375846,0.0180580103758564,0.0884645699925087,0.328995452381287,156,4810,1,"1","diploid","female"
"467","0","0","0","0",-0.753512024879456,2888.05126953125,"map_4810_1_2",5,70,300,20,5,5.42012784681381,0.1,11.6390861199721,0.764408267374492,0.677972205190417,202,0.2,1,62.8149893141268,24.7241101375846,0.0152830249811607,0.0789628739239896,1.07618910202029,156,4810,1,"2","diploid","female"
"468","0","0","0","0",-0.753512024879456,2888.05126953125,"map_4810_1_3",5,70,300,20,5,1.6439644241305,0.1,6.81023565547916,0.530281547833291,1.32733425458877,172,0.2,1,62.8149893141268,24.7241101375846,0.0020945472904445,0.000257277165452001,0.767546751706111,156,4810,1,"3","diploid","female"
"469","0","0","0","0",-0.818398594856262,3014.24096679688,"map_4812_1_1",5,70,300,20,5,2.53125881807939,0.1,12.5449597401215,0.305749606736863,2.54493319647665,35,0.2,1,109.780292726434,23.3998878335372,0.00725428050875968,0.0305084586062797,0.20491562549661,157,4812,1,"1","diploid","female"
"470","0","0","0","0",-0.818398594856262,3014.24096679688,"map_4812_1_2",5,70,300,20,5,3.79100495715581,0.1,12.3162141157028,0.487469281664294,3.57548895534869,30,0.2,1,109.780292726434,23.3998878335372,0.012665207448456,0.0850964906723548,0.348227138619239,157,4812,1,"2","diploid","female"
"471","0","0","0","0",-0.818398594856262,3014.24096679688,"map_4812_1_3",5,70,300,20,5,3.72119298901016,0.1,6.06561175621801,0.330978063952878,3.08136463731216,5,0.2,1,109.780292726434,23.3998878335372,0.00112824601532138,0.000245225524503729,0.569929978407815,157,4812,1,"3","diploid","female"
"472","0","0","0","0",0.662158012390137,3011.61499023438,"map_4841_1_1",5,70,300,20,5,5.94495678970834,0.1,5.76646869909231,0.838622786642394,6.29149296143793,42,0.2,1,46.2526549308799,23.5960386447336,0.00280602007436686,0.00274768612681324,0.835608174565614,158,4841,1,"1","diploid","female"
"473","0","0","0","0",0.662158012390137,3011.61499023438,"map_4841_1_2",5,70,300,20,5,9.8248933820072,0.1,5.05884470692353,5.47019735009499,7.09721886324793,1,0.2,1,46.2526549308799,23.5960386447336,0.0111151552482557,1.92137576471903e-06,1.88120645679434,158,4841,1,"2","diploid","female"
"474","0","0","0","0",0.662158012390137,3011.61499023438,"map_4841_1_3",5,70,300,20,5,5.98457672517382,0.1,5.8477138798813,0.703490623910456,5.90828070811208,6,0.2,1,46.2526549308799,23.5960386447336,0.00223905141006534,0.000721436775968742,0.778217174461802,158,4841,1,"3","diploid","female"
"475","0","0","0","0",0.672016143798828,2961.0634765625,"map_4842_1_1",5,70,300,20,5,5.71648845334817,0.1,12.4328179107253,0.131217735305576,4.41939615175998,26,0.2,1,47.9609497949927,23.5967756412882,0.00220662707178563,0.00656909063824743,0.313358399636314,159,4842,1,"1","diploid","female"
"476","0","0","0","0",0.672016143798828,2961.0634765625,"map_4842_1_2",5,70,300,20,5,8.90359970835397,0.1,8.88902958202546,0.136416533617627,5.24142605678697,20,0.2,1,47.9609497949927,23.5967756412882,0.000952825607163711,0.000285937354205934,0.730678902638212,159,4842,1,"2","diploid","female"
"477","0","0","0","0",0.672016143798828,2961.0634765625,"map_4842_1_3",5,70,300,20,5,5.45190867559377,0.1,10.5594731852769,0.11326725073886,4.13169463055741,131,0.2,1,47.9609497949927,23.5967756412882,0.00122976115936521,0.00143250871682152,0.441808003390205,159,4842,1,"3","diploid","female"
"478","0","0","0","0",-0.742177248001099,3036.5390625,"map_4857_1_1",5,70,300,20,5,2.23516867263942,0.1,14.6135669244807,0.136569035091447,2.02886021741139,100,0.2,1,79.5388600596558,24.4077788499767,0.00337672897280229,0.0114473973691195,0.230150669067694,160,4857,1,"1","diploid","female"
"479","0","0","0","0",-0.742177248001099,3036.5390625,"map_4857_1_2",5,70,300,20,5,4.79924914527984,0.1,8.97807924347348,0.0581250099717822,4.39505259002585,70,0.2,1,79.5388600596558,24.4077788499767,0.000497819577514932,0.000297912990270117,0.670321227003948,160,4857,1,"2","diploid","female"
"480","0","0","0","0",-0.742177248001099,3036.5390625,"map_4857_1_3",5,70,300,20,5,3.00335517730555,0.1,7.76125218559056,0.12769288017713,2.60393181158187,92,0.2,1,79.5388600596558,24.4077788499767,0.00075869916038032,0.000120116754315166,0.511328693101858,160,4857,1,"3","diploid","female"
"481","0","0","0","0",-0.694369554519653,3072.76025390625,"map_4858_1_1",5,70,300,20,5,1.22680448243276,0.1,13.5543699780174,0.24131461521979,1.87720812409109,9,0.2,1,77.426012240375,23.6402662378609,0.00430334302197244,0.00670604484600567,0.256787913841561,161,4858,1,"1","diploid","female"
"482","0","0","0","0",-0.694369554519653,3072.76025390625,"map_4858_1_2",5,70,300,20,5,4.86992735812712,0.1,8.00134958511727,0.20584696202122,4.0213866999594,5,0.2,1,77.426012240375,23.6402662378609,0.0011153538431501,0.000129921013659922,0.700552191926968,161,4858,1,"2","diploid","female"
"483","0","0","0","0",-0.694369554519653,3072.76025390625,"map_4858_1_3",5,70,300,20,5,1.55982550574012,0.1,8.05326728094572,0.132613148062487,2.7077322316301,5,0.2,1,77.426012240375,23.6402662378609,0.000766429513775902,9.90422593009095e-05,0.549400442983599,161,4858,1,"3","diploid","female"
"484","0","0","0","0",-0.842748522758484,3124.52734375,"map_4862_1_1",5,70,300,20,5,1.43230627241921,0.1,16.6518376051331,0.269512092562568,1.87709613875295,68,0.2,1,82.9886168609822,23.3434527797424,0.0074739673923344,0.0227362298764204,0.206009571656044,162,4862,1,"1","diploid","female"
"485","0","0","0","0",-0.842748522758484,3124.52734375,"map_4862_1_2",5,70,300,20,5,7.2518063954413,0.1,12.2429470583145,0.117473897702312,4.76257549287609,28,0.2,1,82.9886168609822,23.3434527797424,0.00165899827875112,0.00130634521043975,0.533361651746575,162,4862,1,"2","diploid","female"
"486","0","0","0","0",-0.842748522758484,3124.52734375,"map_4862_1_3",5,70,300,20,5,1.43004265207513,0.1,8.33992575139414,0.167840694399324,3.06890553264758,98,0.2,1,82.9886168609822,23.3434527797424,0.00106835513643075,9.70563408855698e-05,0.525008241469773,162,4862,1,"3","diploid","female"
"487","0","0","0","0",-0.693818807601929,3119.4931640625,"map_4863_1_1",5,70,300,20,5,1.56358474007155,0.1,13.5137687879548,0.267355397095879,2.3711001228363,5,0.2,1,91.4850514307371,23.3557805700292,0.00615193094695895,0.0199482930658869,0.167431379328112,163,4863,1,"1","diploid","female"
"488","0","0","0","0",-0.693818807601929,3119.4931640625,"map_4863_1_2",5,70,300,20,5,7.82161384936979,0.1,8.48910568598269,0.269077880161364,3.71990699202768,3,0.2,1,91.4850514307371,23.3557805700292,0.00244950233455858,0.00462370310153336,0.429014851795119,163,4863,1,"2","diploid","female"
"489","0","0","0","0",-0.693818807601929,3119.4931640625,"map_4863_1_3",5,70,300,20,5,1.51940360612029,0.1,7.14683184984443,0.204572948233601,2.93502962015935,2,0.2,1,91.4850514307371,23.3557805700292,0.000935012935132614,0.000219140037092825,0.482535187438493,163,4863,1,"3","diploid","female"
"490","0","0","0","0",-0.38486385345459,3113.2509765625,"map_4864_1_1",5,70,300,20,5,3.56429305713526,0.1,13.3790144917166,0.207714716653409,3.74967392165677,65,0.2,1,92.0297929630723,23.3562252127055,0.00444712812693248,0.0179808450471842,0.115765406224976,164,4864,1,"1","diploid","female"
"491","0","0","0","0",-0.38486385345459,3113.2509765625,"map_4864_1_2",5,70,300,20,5,9.08690967849432,0.1,9.25139511354627,0.162383221375874,6.64962809650342,24,0.2,1,92.0297929630723,23.3562252127055,0.00144396123764936,0.00181389910268707,0.403502392808155,164,4864,1,"2","diploid","female"
"492","0","0","0","0",-0.38486385345459,3113.2509765625,"map_4864_1_3",5,70,300,20,5,3.09278856873144,0.1,8.76496573805857,0.218244664739762,3.95844365782987,129,0.2,1,92.0297929630723,23.3562252127055,0.0016832008027086,0.00126400199292196,0.286909281407829,164,4864,1,"3","diploid","female"
"493","0","0","0","0",-0.718864440917969,3142.11669921875,"map_4865_1_1",5,70,300,20,5,3.0470427774713,0.1,12.0516057043182,0.356287392465941,1.91167417868169,69,0.2,1,94.9875839208052,22.9463769369875,0.00546952286926215,0.0136739822217027,0.35362953253866,165,4865,1,"1","diploid","female"
"494","0","0","0","0",-0.718864440917969,3142.11669921875,"map_4865_1_2",5,70,300,20,5,7.32474646276724,0.1,8.39023150572894,0.666207499784693,1.16627999832415,62,0.2,1,94.9875839208052,22.9463769369875,0.00409466560800572,0.00141283202458417,0.859709431565436,165,4865,1,"2","diploid","female"
"495","0","0","0","0",-0.718864440917969,3142.11669921875,"map_4865_1_3",5,70,300,20,5,2.72359788227079,0.1,7.48962177327766,0.199253322877569,3.31539445224727,120,0.2,1,94.9875839208052,22.9463769369875,0.00102641147013492,0.000127828855566771,0.778383489014357,165,4865,1,"3","diploid","female"
"496","0","0","0","0",-0.317398309707642,3166.98852539062,"map_4866_1_1",5,70,300,20,5,4.27263560282315,0.1,9.78239661803746,0.563143643793047,2.26947504725745,24,0.2,1,90.7801333836147,22.9868698346126,0.00657817149015114,0.0202466703779675,0.555053368125756,166,4866,1,"1","diploid","female"
"497","0","0","0","0",-0.317398309707642,3166.98852539062,"map_4866_1_2",5,70,300,20,5,6.58991314158209,0.1,7.07586263444399,0.163700162755062,4.53072488202682,4,0.2,1,90.7801333836147,22.9868698346126,0.000734712989534697,0.000107025467319653,2.14228424501076,166,4866,1,"2","diploid","female"
"498","0","0","0","0",-0.317398309707642,3166.98852539062,"map_4866_1_3",5,70,300,20,5,4.09835226605656,0.1,8.27715864842558,0.206942700865038,2.86624845923575,7,0.2,1,90.7801333836147,22.9868698346126,0.00130707233002975,0.000658687417706341,0.623315519232093,166,4866,1,"3","diploid","female"
"499","0","0","0","0",-0.10347755998373,3160.68432617188,"map_4878_1_1",5,70,300,20,5,5.98605862534315,0.1,10.1047745784683,0.292391629137781,4.15029427795893,7,0.2,1,82.3312466326742,21.937650477873,0.00318853397420768,0.00468778805120754,0.245085001959836,167,4878,1,"1","diploid","female"
"500","0","0","0","0",-0.10347755998373,3160.68432617188,"map_4878_1_2",5,70,300,20,5,6.68429300765145,0.1,7.36144083124078,0.400325809820122,3.88778284322451,4,0.2,1,82.3312466326742,21.937650477873,0.00206326873344681,0.000724008857412075,0.450890098650893,167,4878,1,"2","diploid","female"
"501","0","0","0","0",-0.10347755998373,3160.68432617188,"map_4878_1_3",5,70,300,20,5,5.53394212954221,0.1,7.33543979949202,0.230102816294579,4.51747581862145,4,0.2,1,82.3312466326742,21.937650477873,0.001115366777249,0.000130511423261524,0.550905137591851,167,4878,1,"3","diploid","female"
"502","0","0","0","0",-0.751388549804688,2865.4072265625,"map_4915_1_1",5,70,300,20,5,0,0.1,20.201126277687,0.284445340769255,0.932664807605164,75,0.2,1,61.9259310109275,24.712254955127,0.0140245364385161,0.0613611502427936,0.156066823218777,168,4915,1,"1","diploid","female"
"503","0","0","0","0",-0.751388549804688,2865.4072265625,"map_4915_1_2",5,70,300,20,5,5.57461287390493,0.1,14.0301779739948,0.234183519190016,1.96971079714324,29,0.2,1,61.9259310109275,24.712254955127,0.00567368184199341,0.0177493226334757,0.313841481273727,168,4915,1,"2","diploid","female"
"504","0","0","0","0",-0.751388549804688,2865.4072265625,"map_4915_1_3",5,70,300,20,5,0.787408877652603,0.1,7.1119491423472,0.181143881872041,1.41070950605742,25,0.2,1,61.9259310109275,24.712254955127,0.000850613130446574,0.0001534355910463,0.578825663313072,168,4915,1,"3","diploid","female"
"505","0","0","0","0",-0.729580044746399,2948.6787109375,"map_4916_1_1",5,70,300,20,5,0,0.1,10.2948744711523,0.539763386875951,1.83501026980451,18,0.2,1,110.315121875649,23.3390845001998,0.0073091180992108,0.019333481018644,0.500232011886893,169,4916,1,"1","diploid","female"
"506","0","0","0","0",-0.729580044746399,2948.6787109375,"map_4916_1_2",5,70,300,20,5,7.8547163485686,0.1,6.80160514755806,1.50473496356671,2.0697913523022,106,0.2,1,110.315121875649,23.3390845001998,0.00876072513209178,0.0168258581440847,1.08170761529942,169,4916,1,"2","diploid","female"
"507","0","0","0","0",-0.729580044746399,2948.6787109375,"map_4916_1_3",5,70,300,20,5,3.28679948505159,0.1,7.37822637088221,0.400097670800917,2.39284216032924,4,0.2,1,110.315121875649,23.3390845001998,0.00193833238310229,0.000311555618513887,0.681475635160302,169,4916,1,"3","diploid","female"
"508","0","0","0","0",-0.349183619022369,3019.63403320312,"map_4917_1_1",5,70,300,20,5,3.50633320755747,0.1,19.3194995352324,0.200237201685176,2.77243588733323,28,0.2,1,112.278359245224,23.3625658022605,0.0098777365471632,0.0511722400085774,0.285473752774751,170,4917,1,"1","diploid","female"
"509","0","0","0","0",-0.349183619022369,3019.63403320312,"map_4917_1_2",5,70,300,20,5,5.17611213050605,0.1,21.1390673529791,0.287970529306048,3.12241604573504,19,0.2,1,112.278359245224,23.3625658022605,0.015912861222077,0.1071336027626,0.418125071117736,170,4917,1,"2","diploid","female"
"510","0","0","0","0",-0.349183619022369,3019.63403320312,"map_4917_1_3",5,70,300,20,5,4.54194068661088,0.1,11.5705537124309,0.147394325214246,3.61651343595506,36,0.2,1,112.278359245224,23.3625658022605,0.00256540603803095,0.00899286976682719,0.450106851885711,170,4917,1,"3","diploid","female"
"511","0","0","0","0",-0.55238139629364,3122.48559570312,"map_4918_1_1",5,70,300,20,5,3.21629088441439,0.1,12.9040438029562,0.361694355145546,2.78252283423542,12,0.2,1,109.746906546659,23.3922462765429,0.00789409139669376,0.0255151631039908,0.213633958793428,171,4918,1,"1","diploid","female"
"512","0","0","0","0",-0.55238139629364,3122.48559570312,"map_4918_1_2",5,70,300,20,5,5.2811993402121,0.1,5.95463815158427,0.840804612692099,5.20615118708649,8,0.2,1,109.746906546659,23.3922462765429,0.0030462870495791,0.00233215992313345,0.766579236142562,171,4918,1,"2","diploid","female"
"513","0","0","0","0",-0.55238139629364,3122.48559570312,"map_4918_1_3",5,70,300,20,5,4.05255837856106,0.1,6.3577972782355,0.459335541455896,3.59547636296789,5,0.2,1,109.746906546659,23.3922462765429,0.00182286343148359,0.000683418564889827,0.5485891660644,171,4918,1,"3","diploid","female"
"514","0","0","0","0",-0.154239818453789,3135.8623046875,"map_4934_1_1",5,70,300,20,5,0,0.1,16.4839582229218,0.361793097153522,2.27911739388272,11,0.2,1,219.304884672957,22.8543037091379,0.0118244235400911,0.0560203585330426,0.215228735920402,172,4934,1,"1","diploid","female"
"515","0","0","0","0",-0.154239818453789,3135.8623046875,"map_4934_1_2",5,70,300,20,5,9.72944191682368,0.1,10.8243630543222,0.855272324157409,0.858624403121265,17,0.2,1,219.304884672957,22.8543037091379,0.0113992597278539,0.0241508589235032,0.3108966432547,172,4934,1,"2","diploid","female"
"516","0","0","0","0",-0.154239818453789,3135.8623046875,"map_4934_1_3",5,70,300,20,5,3.78166502202381,0.1,10.7983067032741,0.206991215030127,3.32598862629091,6,0.2,1,219.304884672957,22.8543037091379,0.00275576154725178,0.00652363150454303,0.43463766867551,172,4934,1,"3","diploid","female"
"517","0","0","0","0",-0.427926331758499,3234.9345703125,"map_4935_1_1",5,70,300,20,5,0,0.1,20.952740856835,0.503552016646013,0.849337865295901,14,0.2,1,237.812155181783,22.8346986244683,0.0271110971326623,0.150797427679489,0.251127355480175,173,4935,1,"1","diploid","female"
"518","0","0","0","0",-0.427926331758499,3234.9345703125,"map_4935_1_2",5,70,300,20,5,0,0.1,9.97355166372015,0.000630568653337781,0.0123128223193914,2,0.2,1,237.812155181783,22.8346986244683,5.39455196457869e-06,1.19256098214694e-06,0.28253427796647,173,4935,1,"2","diploid","female"
"519","0","0","0","0",-0.427926331758499,3234.9345703125,"map_4935_1_3",5,70,300,20,5,2.43884934430281,0.1,9.67093789084737,0.542078391534414,1.69609952688113,4,0.2,1,237.812155181783,22.8346986244683,0.00544884505075813,0.0114783663570481,0.306932970998607,173,4935,1,"3","diploid","female"
"520","0","0","0","0",0.0849150642752647,3097.5458984375,"map_4944_1_1",5,70,300,20,5,0,0.1,17.8634088704489,0.265955547202308,1.10613225828468,135,0.2,1,207.278965161092,23.623600788898,0.00805421495478185,0.0198598033251394,0.229942014151534,174,4944,1,"1","diploid","female"
"521","0","0","0","0",0.0849150642752647,3097.5458984375,"map_4944_1_2",5,70,300,20,5,11.4708421808538,0.1,17.2792984264516,0.346583835841699,5.0192407418842,120,0.2,1,207.278965161092,23.623600788898,0.0114268858351906,0.0490919647502862,0.388010473868488,174,4944,1,"2","diploid","female"
"522","0","0","0","0",0.0849150642752647,3097.5458984375,"map_4944_1_3",5,70,300,20,5,3.94475418224051,0.1,8.58542194055839,0.714449888797602,3.71040800373154,226,0.2,1,207.278965161092,23.623600788898,0.00648315330113307,0.0196199635339764,0.657961793651786,174,4944,1,"3","diploid","female"
"523","0","0","0","0",0.192078590393066,3054.80322265625,"map_4945_1_1",5,70,300,20,5,4.91753109150498,0.1,11.7230925470726,0.275757396126214,3.73243879049531,86,0.2,1,117.274986064315,23.6313385580069,0.00521464011532593,0.0164019855073742,0.243985112692979,175,4945,1,"1","diploid","female"
"524","0","0","0","0",0.192078590393066,3054.80322265625,"map_4945_1_2",5,70,300,20,5,9.30575325201257,0.1,6.05390150797312,0.677646601221019,4.741173625808,104,0.2,1,117.274986064315,23.6313385580069,0.0023578191834198,0.00100508512497067,0.400257054090834,175,4945,1,"2","diploid","female"
"525","0","0","0","0",0.192078590393066,3054.80322265625,"map_4945_1_3",5,70,300,20,5,4.49388265602047,0.1,7.81277509103351,0.262505221864722,4.03847179706332,81,0.2,1,117.274986064315,23.6313385580069,0.00177258408965263,0.00182984058428569,0.410552248500178,175,4945,1,"3","diploid","female"
"526","0","0","0","0",0.259244978427887,3002.54150390625,"map_4946_1_1",5,70,300,20,5,0,0.1,12.3675649069196,0.275476409788933,4.08443018579394,85,0.2,1,123.726595450873,23.5960301199625,0.00593284742486989,0.0325840134113017,0.219387833891831,176,4946,1,"1","diploid","female"
"527","0","0","0","0",0.259244978427887,3002.54150390625,"map_4946_1_2",5,70,300,20,5,18.1081108423923,0.1,8.47233914537161,0.558828861638661,4.30198064558141,94,0.2,1,123.726595450873,23.5960301199625,0.00538866562362009,0.0185725438319598,0.441692484318111,176,4946,1,"2","diploid","female"
"528","0","0","0","0",0.259244978427887,3002.54150390625,"map_4946_1_3",5,70,300,20,5,2.56294248456326,0.1,9.78585876103076,0.243923237485557,4.60187249340374,81,0.2,1,123.726595450873,23.5960301199625,0.0029047192054042,0.00860140767687077,0.374867560481914,176,4946,1,"3","diploid","female"
"529","0","0","0","0",0.67797189950943,2939.53466796875,"map_4947_1_1",5,70,300,20,5,0,0.1,12.343424510234,0.185345252132447,2.68431226415244,39,0.2,1,116.254235543286,24.4974916851006,0.00371085049814558,0.0123670846239165,0.209393582581904,177,4947,1,"1","diploid","female"
"530","0","0","0","0",0.67797189950943,2939.53466796875,"map_4947_1_2",5,70,300,20,5,10.7953442754913,0.1,10.8760758012178,0.555549434260917,1.83239262439802,26,0.2,1,116.254235543286,24.4974916851006,0.00647300229068996,0.00589224271378365,0.357663298934677,177,4947,1,"2","diploid","female"
"531","0","0","0","0",0.67797189950943,2939.53466796875,"map_4947_1_3",5,70,300,20,5,3.87342637523792,0.1,10.8493559384798,0.443697291719876,3.66071257028095,34,0.2,1,116.254235543286,24.4974916851006,0.00690652266287826,0.022174757264277,0.291007933349398,177,4947,1,"3","diploid","female"
"532","0","0","0","0",-0.727792859077454,2994.02490234375,"map_4961_1_1",5,70,300,20,5,1.52715308982105,0.1,9.80692523567184,0.251932965862366,1.72113066776749,4,0.2,1,25.4797126126052,24.392628582081,0.00305798013327241,0.0103233461436516,0.363958578839319,178,4961,1,"1","diploid","female"
"533","0","0","0","0",-0.727792859077454,2994.02490234375,"map_4961_1_2",5,70,300,20,5,4.6240075025275,0.1,12.5206732958773,0.19030855977616,1.94405905524075,2,0.2,1,25.4797126126052,24.392628582081,0.00289024524782926,0.00136090236589654,0.553936578389489,178,4961,1,"2","diploid","female"
"534","0","0","0","0",-0.727792859077454,2994.02490234375,"map_4961_1_3",5,70,300,20,5,1.88366975641637,0.1,6.83672371908625,0.232934966140978,2.27859820354996,2,0.2,1,25.4797126126052,24.392628582081,0.000929395223105051,7.19187403980265e-06,0.675791334192732,178,4961,1,"3","diploid","female"
"535","0","0","0","0",-0.6367307305336,3034.83447265625,"map_4962_1_1",5,70,300,20,5,2.64951416365127,0.1,7.42369513098072,0.518381559026347,1.72760540277412,17,0.2,1,26.131746765387,23.5874808525854,0.00265201585780928,0.00125744792892713,0.712147284262339,179,4962,1,"1","diploid","female"
"536","0","0","0","0",-0.6367307305336,3034.83447265625,"map_4962_1_2",5,70,300,20,5,4.26917724920992,0.1,5.61001031826983,1.17656793412077,2.13773985118968,51,0.2,1,26.131746765387,23.5874808525854,0.00304363952355779,7.37077377744562e-05,1.41068799993907,179,4962,1,"2","diploid","female"
"537","0","0","0","0",-0.6367307305336,3034.83447265625,"map_4962_1_3",5,70,300,20,5,3.88849893125152,0.1,6.99856542587731,0.158603387339463,2.70757855583247,5,0.2,1,26.131746765387,23.5874808525854,0.000637039512713998,2.77987191748918e-06,0.910313012084159,179,4962,1,"3","diploid","female"
"538","0","0","0","0",-0.322354286909103,3125.50952148438,"map_4964_1_1",5,70,300,20,5,3.45529528396069,0.1,14.425967928526,0.207629776819568,2.30660894763872,19,0.2,1,57.9379124166165,23.577590589217,0.00422909526849591,0.0069865797647307,0.293726299799683,180,4964,1,"1","diploid","female"
"539","0","0","0","0",-0.322354286909103,3125.50952148438,"map_4964_1_2",5,70,300,20,5,6.00359093341815,0.1,9.2512773976362,0.0988979538198203,4.43031886263772,6,0.2,1,57.9379124166165,23.577590589217,0.000733774647257687,6.07043408123945e-05,0.684791848605603,180,4964,1,"2","diploid","female"
"540","0","0","0","0",-0.322354286909103,3125.50952148438,"map_4964_1_3",5,70,300,20,5,4.17912112746973,0.1,8.23287705166373,0.140853134956932,3.19270081271835,13,0.2,1,57.9379124166165,23.577590589217,0.000879163559801675,0.000167617713001824,0.503250980588474,180,4964,1,"3","diploid","female"
"541","0","0","0","0",-0.715540766716003,3084.49853515625,"map_4966_1_1",5,70,300,20,5,2.66679518338962,0.1,11.9019372738531,0.157032785527138,2.59108383244273,23,0.2,1,56.0883397256021,23.3036858329477,0.00266194999297842,0.00914763863066136,0.34030474067999,181,4966,1,"1","diploid","female"
"542","0","0","0","0",-0.715540766716003,3084.49853515625,"map_4966_1_2",5,70,300,20,5,6.4868549881893,0.1,10.1153254589485,0.117127312247008,3.7247249861846,9,0.2,1,56.0883397256021,23.3036858329477,0.0011167995469864,0.000643222590058918,0.762771429381618,181,4966,1,"2","diploid","female"
"543","0","0","0","0",-0.715540766716003,3084.49853515625,"map_4966_1_3",5,70,300,20,5,2.96289340481007,0.1,6.92713586071176,0.139087948038178,3.08294137690529,10,0.2,1,56.0883397256021,23.3036858329477,0.000599966853363415,8.5012623789148e-05,0.661716100640807,181,4966,1,"3","diploid","female"
"544","0","0","0","0",-0.658994376659393,3086.6748046875,"map_4967_1_1",5,70,300,20,5,2.90718472124404,0.1,10.2488399122101,0.146667663947993,2.86530323785533,42,0.2,1,50.8551821962147,23.337729865504,0.00180823104547713,0.00442443204344895,0.25063088156628,182,4967,1,"1","diploid","female"
"545","0","0","0","0",-0.658994376659393,3086.6748046875,"map_4967_1_2",5,70,300,20,5,4.5399691926696,0.1,7.99765398717506,0.0994444478391944,4.7317225390357,23,0.2,1,50.8551821962147,23.337729865504,0.000616281139807228,0.000389476301809509,0.64005857906512,182,4967,1,"2","diploid","female"
"546","0","0","0","0",-0.658994376659393,3086.6748046875,"map_4967_1_3",5,70,300,20,5,3.99960662967737,0.1,7.24694494234757,0.140603208631421,3.1817431294546,96,0.2,1,50.8551821962147,23.337729865504,0.000646018552914725,3.95286026879547e-05,0.522736240345684,182,4967,1,"3","diploid","female"
"547","0","0","0","0",-0.460387855768204,3092.982421875,"map_4968_1_1",5,70,300,20,5,3.34029615551248,0.1,10.6567659119271,0.317874651301744,2.64465136439913,7,0.2,1,50.2975871962962,23.3281222207206,0.00404645724605252,0.00851658181052082,0.235070453184249,183,4968,1,"1","diploid","female"
"548","0","0","0","0",-0.460387855768204,3092.982421875,"map_4968_1_2",5,70,300,20,5,5.20122773255263,0.1,7.21068934835293,0.832033790196001,0.803495195352052,7,0.2,1,50.2975871962962,23.3281222207206,0.00368609054677774,0.000132605637692781,0.839449155376742,183,4968,1,"2","diploid","female"
"549","0","0","0","0",-0.460387855768204,3092.982421875,"map_4968_1_3",5,70,300,20,5,4.31904958883797,0.1,6.9326958787854,0.393936745390874,3.87221341693861,2,0.2,1,50.2975871962962,23.3281222207206,0.00177565827894665,0.000155351678462585,0.734160682322539,183,4968,1,"3","diploid","female"
"550","0","0","0","0",0.186097964644432,3170.97192382812,"map_4970_1_1",5,70,300,20,5,5.71339064165774,0.1,11.195140488664,0.380312768906685,2.5227702634262,59,0.2,1,68.3882683804661,22.9976761774631,0.00493015397731404,0.00789223634901499,0.213090240031197,184,4970,1,"1","diploid","female"
"551","0","0","0","0",0.186097964644432,3170.97192382812,"map_4970_1_2",5,70,300,20,5,8.45412678623516,0.1,7.4043201371976,0.014419972120224,5.06333995233665,8,0.2,1,68.3882683804661,22.9976761774631,6.81964582334456e-05,3.6900774611363e-06,2.75659693284603,184,4970,1,"2","diploid","female"
"552","0","0","0","0",0.186097964644432,3170.97192382812,"map_4970_1_3",5,70,300,20,5,5.06727680253805,0.1,8.47515281469266,0.283002533105655,3.35970320759841,67,0.2,1,68.3882683804661,22.9976761774631,0.00185303230992496,0.000830197145795074,0.556089388008518,184,4970,1,"3","diploid","female"
"553","0","0","0","0",-0.76128488779068,3228.33984375,"map_4973_1_1",5,70,300,20,5,1.73556620365876,0.1,11.6536535332261,0.282884976016716,2.01489856256061,29,0.2,1,68.7621042894763,22.1246369532969,0.00422597312056881,0.00927121197299144,0.150270997101617,185,4973,1,"1","diploid","female"
"554","0","0","0","0",-0.76128488779068,3228.33984375,"map_4973_1_2",5,70,300,20,5,6.67639551474908,0.1,9.40259461306391,0.228399840869552,1.54420774722821,12,0.2,1,68.7621042894763,22.1246369532969,0.00175262896004035,0.000357297424354747,0.474770106593551,185,4973,1,"2","diploid","female"
"555","0","0","0","0",-0.76128488779068,3228.33984375,"map_4973_1_3",5,70,300,20,5,1.26663719756005,0.1,6.99730241792555,0.181858675363891,2.31430257282609,17,0.2,1,68.7621042894763,22.1246369532969,0.00074517838253354,1.36266304816095e-05,0.625492860894151,185,4973,1,"3","diploid","female"
"556","0","0","0","0",-0.639778196811676,2971.75952148438,"map_5021_1_1",5,70,300,20,5,1.91756290949464,0.1,20.1680485466224,0.220709948997033,0.845490012950392,85,0.2,1,110.926962196629,25.2418042754282,0.00985483276889389,0.0465123863994031,0.174817695167927,186,5021,1,"1","diploid","female"
"557","0","0","0","0",-0.639778196811676,2971.75952148438,"map_5021_1_2",5,70,300,20,5,4.66418056353639,0.1,11.296849131948,0.224818439035241,3.92202210877789,59,0.2,1,110.926962196629,25.2418042754282,0.00310449224379001,0.0077484368817563,0.632776953063819,186,5021,1,"2","diploid","female"
"558","0","0","0","0",-0.639778196811676,2971.75952148438,"map_5021_1_3",5,70,300,20,5,2.63727429123327,0.1,9.154697050278,0.217437185329319,2.22134088197555,71,0.2,1,110.926962196629,25.2418042754282,0.00192835847058396,0.00251965606601965,0.50065969638954,186,5021,1,"3","diploid","female"
"559","0","0","0","0",-0.670611202716827,3044.7939453125,"map_5022_1_1",5,70,300,20,5,0.968765532351427,0.1,26.6722546693969,0.27497868429973,0.727035405228431,17,0.2,1,117.641574390703,25.1993172249525,0.0204072422303845,0.0905299340142922,0.083884432546593,187,5022,1,"1","diploid","female"
"560","0","0","0","0",-0.670611202716827,3044.7939453125,"map_5022_1_2",5,70,300,20,5,5.9524838871895,0.1,22.7222061510217,0.19781919281084,3.22101964790863,5,0.2,1,117.641574390703,25.1993172249525,0.0108545742865914,0.0365792669125348,0.231075426574793,187,5022,1,"2","diploid","female"
"561","0","0","0","0",-0.670611202716827,3044.7939453125,"map_5022_1_3",5,70,300,20,5,1.23973904915329,0.1,12.2626002722764,0.182833664456635,1.84014151277841,7,0.2,1,117.641574390703,25.1993172249525,0.00309310972052101,0.00728260474318902,0.288857829871547,187,5022,1,"3","diploid","female"
"562","0","0","0","0",-0.437946051359177,3014.42309570312,"map_5037_1_1",5,70,300,20,5,2.91737374846194,0.1,20.847304646002,0.185761802374089,1.96878714780169,29,0.2,1,100.532267434256,23.9243808841389,0.00857167227275502,0.0411344520179593,0.18934043585446,188,5037,1,"1","diploid","female"
"563","0","0","0","0",-0.437946051359177,3014.42309570312,"map_5037_1_2",5,70,300,20,5,5.58528489179486,0.1,18.0160999032896,0.125477232230776,3.8523688418826,17,0.2,1,100.532267434256,23.9243808841389,0.00403022629827974,0.00986565313256241,0.370412630949623,188,5037,1,"2","diploid","female"
"564","0","0","0","0",-0.437946051359177,3014.42309570312,"map_5037_1_3",5,70,300,20,5,3.44742566692539,0.1,11.0988710761484,0.0768635447310825,2.60087056999156,62,0.2,1,100.532267434256,23.9243808841389,0.000940969334191351,0.000548585321131803,0.522462175613508,188,5037,1,"3","diploid","female"
"565","0","0","0","0",-0.565759062767029,3089.013671875,"map_5038_1_1",5,70,300,20,5,0,0.1,17.6074931639692,0.454043553953529,0.79219940522391,11,0.2,1,241.705734405011,23.8874169490134,0.0159623877331975,0.0575463260337818,0.104430322763628,189,5038,1,"1","diploid","female"
"566","0","0","0","0",-0.565759062767029,3089.013671875,"map_5038_1_2",5,70,300,20,5,0,0.1,21.4276444973651,0.765931399424831,0.89390524388985,7,0.2,1,241.705734405011,23.8874169490134,0.03649215477925,0.242676129328363,0.0975892828605304,189,5038,1,"2","diploid","female"
"567","0","0","0","0",-0.565759062767029,3089.013671875,"map_5038_1_3",5,70,300,20,5,4.00283817344149,0.1,11.3238999499775,0.529630481818275,2.228071758404,3,0.2,1,241.705734405011,23.8874169490134,0.00757303954252357,0.0184393690833112,0.314399290983226,189,5038,1,"3","diploid","female"
"568","0","0","0","0",-0.577181935310364,3173.5263671875,"map_5039_1_1",5,70,300,20,5,0,0.1,18.3481003521524,0.26038993386766,1.38299496361256,7,0.2,1,235.813190358818,22.810529060406,0.0104955294065866,0.0490993636276447,0.204012967756643,190,5039,1,"1","diploid","female"
"569","0","0","0","0",-0.577181935310364,3173.5263671875,"map_5039_1_2",5,70,300,20,5,7.659854146118,0.1,12.8293828197313,0.503053215558482,4.65628981652277,4,0.2,1,235.813190358818,22.810529060406,0.0116497641298848,0.0459450406785245,0.410708676234308,190,5039,1,"2","diploid","female"
"570","0","0","0","0",-0.577181935310364,3173.5263671875,"map_5039_1_3",5,70,300,20,5,2.89318258153107,0.1,8.73872631097433,0.441970877362587,2.69877109237029,3,0.2,1,235.813190358818,22.810529060406,0.00322510765753545,0.00231062416021521,0.432980146384872,190,5039,1,"3","diploid","female"
"571","0","0","0","0",-0.0172621458768845,2988.92651367188,"map_5051_1_1",5,70,300,20,5,0,0.1,21.5995249016892,0.150754414770902,1.61398367336929,60,0.2,1,115.596972734825,24.4793727382605,0.00687816584364099,0.0313129684418153,0.250859592301878,191,5051,1,"1","diploid","female"
"572","0","0","0","0",-0.0172621458768845,2988.92651367188,"map_5051_1_2",5,70,300,20,5,15.6977162191564,0.1,16.4836411849338,0.413998547484159,0.672689033367155,70,0.2,1,115.596972734825,24.4793727382605,0.012525660287078,0.0562420308904397,0.280479256613279,191,5051,1,"2","diploid","female"
"573","0","0","0","0",-0.0172621458768845,2988.92651367188,"map_5051_1_3",5,70,300,20,5,2.19955693642293,0.1,15.0048852869159,0.126423020626367,2.71421472646991,65,0.2,1,115.596972734825,24.4793727382605,0.00345891304741612,0.0125819879321303,0.362637029402649,191,5051,1,"3","diploid","female"
"574","0","0","0","0",0.51125979423523,2947.48779296875,"map_5052_1_1",5,70,300,20,5,0,0.1,17.0289844498288,0.273096731728081,1.79002289546958,123,0.2,1,121.606558295975,24.4548158140806,0.00821961188822702,0.0365234502885926,0.187920373641445,192,5052,1,"1","diploid","female"
"575","0","0","0","0",0.51125979423523,2947.48779296875,"map_5052_1_2",5,70,300,20,5,10.049360066885,0.1,9.27935645748536,1.03434087125563,0.92517062115056,215,0.2,1,121.606558295975,24.4548158140806,0.00888748673684831,0.0169090156241658,0.315000570086657,192,5052,1,"2","diploid","female"
"576","0","0","0","0",0.51125979423523,2947.48779296875,"map_5052_1_3",5,70,300,20,5,1.9180732909379,0.1,13.8586447595184,0.38817649832632,3.15931670905112,134,0.2,1,121.606558295975,24.4548158140806,0.00899206044199734,0.0361645038480251,0.259231491643419,192,5052,1,"3","diploid","female"
"577","0","0","0","0",-0.41074600815773,3092.7392578125,"map_5069_1_1",5,70,300,20,5,3.424901449061,0.1,10.4239767268581,0.259131137729964,2.66454697569079,6,0.2,1,52.8356301190449,23.3485678073972,0.00319230466759378,0.0037436789327388,0.308577760981834,193,5069,1,"1","diploid","female"
"578","0","0","0","0",-0.41074600815773,3092.7392578125,"map_5069_1_2",5,70,300,20,5,5.28671723560063,0.1,6.54071219059651,0.502734547746222,3.40062607081376,4,0.2,1,52.8356301190449,23.3485678073972,0.00205293789331013,0.000210347078749283,0.778460904206401,193,5069,1,"2","diploid","female"
"579","0","0","0","0",-0.41074600815773,3092.7392578125,"map_5069_1_3",5,70,300,20,5,4.46050224176982,0.1,7.11380336714081,0.240501932048977,3.36361251583438,3,0.2,1,52.8356301190449,23.3485678073972,0.00111649853123116,0.000163665573208054,0.56017667780797,193,5069,1,"3","diploid","female"
"580","0","0","0","0",-0.774861752986908,3123.43872070312,"map_5075_1_1",5,70,300,20,5,1.46691823694244,0.1,12.1159204433248,0.264711212708445,1.6773868003592,10,0.2,1,68.9403079767956,22.9796120526387,0.00387229655680003,0.0058725936213045,0.358074695812521,194,5075,1,"1","diploid","female"
"581","0","0","0","0",-0.774861752986908,3123.43872070312,"map_5075_1_2",5,70,300,20,5,6.63599309173491,0.1,9.31646924438502,0.365536770955251,0.999219800455057,7,0.2,1,68.9403079767956,22.9796120526387,0.00280678196396376,0.000591026263342874,0.969123593767887,194,5075,1,"2","diploid","female"
"582","0","0","0","0",-0.774861752986908,3123.43872070312,"map_5075_1_3",5,70,300,20,5,1.49552105361489,0.1,7.38476914033027,0.11262742926446,2.95040179074282,4,0.2,1,68.9403079767956,22.9796120526387,0.000530797125369555,1.95288835560235e-05,0.805379530373755,194,5075,1,"3","diploid","female"
"583","0","0","0","0",-0.489530265331268,3124.4013671875,"map_5076_1_1",5,70,300,20,5,4.18110992113329,0.1,11.4722047995235,0.129373952858183,3.01622857209728,22,0.2,1,68.3565707111675,22.1292513777647,0.00184600062022815,0.003078379409459,0.332870995625423,195,5076,1,"1","diploid","female"
"584","0","0","0","0",-0.489530265331268,3124.4013671875,"map_5076_1_2",5,70,300,20,5,4.85030201410199,0.1,9.3412160632724,0.173759209767528,3.14576930240602,21,0.2,1,68.3565707111675,22.1292513777647,0.0016247138326177,0.0023895854087909,0.605795867968372,195,5076,1,"2","diploid","female"
"585","0","0","0","0",-0.489530265331268,3124.4013671875,"map_5076_1_3",5,70,300,20,5,4.95804867838816,0.1,8.10585623543699,0.0563253440329053,3.35995199008336,23,0.2,1,68.3565707111675,22.1292513777647,0.000319042503941458,3.16093088071771e-05,0.669733878707072,195,5076,1,"3","diploid","female"
"586","0","0","0","0",-0.4200479388237,3208.18090820312,"map_5079_1_1",5,70,300,20,5,4.97340696754528,0.1,11.4523603798234,0.354148829003264,3.27596083351791,8,0.2,1,111.737921496166,21.8057246233538,0.00580088546777883,0.0187188525024638,0.166731638521655,196,5079,1,"1","diploid","female"
"587","0","0","0","0",-0.4200479388237,3208.18090820312,"map_5079_1_2",5,70,300,20,5,5.72085041618253,0.1,7.5235383333886,0.414632981943611,3.50126690042681,4,0.2,1,111.737921496166,21.8057246233538,0.00240800628640177,0.00239225503822638,0.404555873953493,196,5079,1,"2","diploid","female"
"588","0","0","0","0",-0.4200479388237,3208.18090820312,"map_5079_1_3",5,70,300,20,5,4.16821865260368,0.1,7.2286541787499,0.242007799753704,3.37207170624916,3,0.2,1,111.737921496166,21.8057246233538,0.00112786226971353,0.000140407537316778,0.437492565705504,196,5079,1,"3","diploid","female"
"589","0","0","0","0",-0.639707684516907,3076.1669921875,"map_5127_1_1",5,70,300,20,5,0,0.1,13.5808980630364,0.202151898809701,2.41613281166873,27,0.2,1,110.768746537624,23.3152048759418,0.00435089541974024,0.0130734539677185,0.27254192321406,197,5127,1,"1","diploid","female"
"590","0","0","0","0",-0.639707684516907,3076.1669921875,"map_5127_1_2",5,70,300,20,5,10.5714205849953,0.1,9.31036658289583,0.400613001549688,2.81958132621737,22,0.2,1,110.768746537624,23.3152048759418,0.00352029760779247,0.00345694142923272,0.721784331454036,197,5127,1,"2","diploid","female"
"591","0","0","0","0",-0.639707684516907,3076.1669921875,"map_5127_1_3",5,70,300,20,5,3.99489664148006,0.1,8.19813931350903,0.127042023393365,3.13836147884179,25,0.2,1,110.768746537624,23.3152048759418,0.000884939407711213,0.000751146488643575,0.469492527735434,197,5127,1,"3","diploid","female"
"592","0","0","0","0",-0.46103110909462,2983.03271484375,"map_5141_1_1",5,70,300,20,5,0,0.1,21.5316284238717,0.246253623667211,1.86764795218443,68,0.2,1,98.5189240319388,23.9236024905149,0.0117671614598896,0.0532218471963755,0.0793102324671972,198,5141,1,"1","diploid","female"
"593","0","0","0","0",-0.46103110909462,2983.03271484375,"map_5141_1_2",5,70,300,20,5,12.1431521303569,0.1,15.1585968219764,0.247923552546138,3.9264737581027,63,0.2,1,98.5189240319388,23.9236024905149,0.0060136618023974,0.0176930560458745,0.158394460891243,198,5141,1,"2","diploid","female"
"594","0","0","0","0",-0.46103110909462,2983.03271484375,"map_5141_1_3",5,70,300,20,5,3.25470468982507,0.1,12.0945136096592,0.176450878778596,2.62128466215283,64,0.2,1,98.5189240319388,23.9236024905149,0.00246381673196567,0.00403249279338398,0.262056804736026,198,5141,1,"3","diploid","female"
"595","0","0","0","0",-0.657663822174072,3039.6396484375,"map_5142_1_1",5,70,300,20,5,0,0.1,24.1608476887474,0.124974663675669,1.2039717944934,141,0.2,1,231.469254934115,23.9121176441907,0.00944297833855284,0.0432365308019065,0.151390880998474,199,5142,1,"1","diploid","female"
"596","0","0","0","0",-0.657663822174072,3039.6396484375,"map_5142_1_2",5,70,300,20,5,0,0.1,26.1379667164353,0.694288310659109,0.668392545032171,208,0.2,1,231.469254934115,23.9121176441907,0.0433629427450539,0.146266221637036,0.101860030465825,199,5142,1,"2","diploid","female"
"597","0","0","0","0",-0.657663822174072,3039.6396484375,"map_5142_1_3",5,70,300,20,5,3.87674656278565,0.1,10.6813582255687,0.356353442737898,3.75468631847319,162,0.2,1,231.469254934115,23.9121176441907,0.00490124596217213,0.00794151543894281,0.383554754207159,199,5142,1,"3","diploid","female"
"598","0","0","0","0",-0.560474216938019,3107.43798828125,"map_5143_1_1",5,70,300,20,5,0,0.1,24.6984515234323,0.173353154992014,1.32282812491553,162,0.2,1,234.781928648584,23.8920679052275,0.0124160240302163,0.0703092594052827,0.130964261300421,200,5143,1,"1","diploid","female"
"599","0","0","0","0",-0.560474216938019,3107.43798828125,"map_5143_1_2",5,70,300,20,5,8.00162873087723,0.1,11.5391501833914,0.561642820427261,7.03861890977407,176,0.2,1,234.781928648584,23.8920679052275,0.0104762637913797,0.0429540045050574,0.28272236025245,200,5143,1,"2","diploid","female"
"600","0","0","0","0",-0.560474216938019,3107.43798828125,"map_5143_1_3",5,70,300,20,5,2.76354987561441,0.1,12.4165452190812,0.419160157038147,2.74733075687605,183,0.2,1,234.781928648584,23.8920679052275,0.00601087879576989,0.0034152350516946,0.277024783588549,200,5143,1,"3","diploid","female"
"601","0","0","0","0",-0.672857284545898,3198.90673828125,"map_5144_1_1",5,70,300,20,5,0,0.1,22.7604076663701,0.0660608422238142,0.664108651841972,95,0.2,1,239.286911897881,23.8889871705014,0.00318098006706975,0.0113078538280951,0.250108246206284,201,5144,1,"1","diploid","female"
"602","0","0","0","0",-0.672857284545898,3198.90673828125,"map_5144_1_2",5,70,300,20,5,8.06448483719552,0.1,5.63336575865351,0.267425221836894,4.3734816765151,88,0.2,1,239.286911897881,23.8889871705014,0.000828359781730734,0.000481247127767886,0.658120108892012,201,5144,1,"2","diploid","female"
"603","0","0","0","0",-0.672857284545898,3198.90673828125,"map_5144_1_3",5,70,300,20,5,2.10968066697583,0.1,8.01984757414677,0.268410892114811,2.26827100014576,100,0.2,1,239.286911897881,23.8889871705014,0.00172019603906655,0.000748346350561269,0.733174831367326,201,5144,1,"3","diploid","female"
"604","0","0","0","0",0.217398256063461,3021.82885742188,"map_5154_1_1",5,70,300,20,5,5.47377349437563,0.1,19.4320502754555,0.222046944370432,3.37498872903519,6,0.2,1,121.789010310886,23.2378721449462,0.00870702782647335,0.0290521601813976,0.215617204326277,202,5154,1,"1","diploid","female"
"605","0","0","0","0",0.217398256063461,3021.82885742188,"map_5154_1_2",5,70,300,20,5,8.46680897359767,0.1,6.78292157596182,0.877470875387119,5.26224700936191,10,0.2,1,121.789010310886,23.2378721449462,0.003781766378766,0.00213868483295003,0.663871822151937,202,5154,1,"2","diploid","female"
"606","0","0","0","0",0.217398256063461,3021.82885742188,"map_5154_1_3",5,70,300,20,5,4.95630844754007,0.1,10.396316371719,0.331811207775445,5.11071803101002,4,0.2,1,121.789010310886,23.2378721449462,0.00417216576702988,0.00736798721388796,0.295820907600241,202,5154,1,"3","diploid","female"
"607","0","0","0","0",0.577024102210999,2934.13671875,"map_5157_1_1",5,70,300,20,5,4.85201837772819,0.1,11.7014880328759,0.213921638062635,4.24320607698433,67,0.2,1,39.9512543448578,24.1844265488955,0.00385202968818701,0.0131800332847402,0.247290471545688,203,5157,1,"1","diploid","female"
"608","0","0","0","0",0.577024102210999,2934.13671875,"map_5157_1_2",5,70,300,20,5,8.23785861642892,0.1,7.48060719228252,0.185660176008496,6.26744513246196,19,0.2,1,39.9512543448578,24.1844265488955,0.0010044383344469,0.000353053179321721,0.617322021205714,203,5157,1,"2","diploid","female"
"609","0","0","0","0",0.577024102210999,2934.13671875,"map_5157_1_3",5,70,300,20,5,4.46652679735853,0.1,9.44967327304643,0.250927020645298,3.98950851055288,136,0.2,1,39.9512543448578,24.1844265488955,0.002546172388268,0.0042787319484179,0.32687512837304,203,5157,1,"3","diploid","female"
"610","0","0","0","0",-0.228993922472,3244.01782226562,"map_5182_1_1",5,70,300,20,5,4.61525840553367,0.1,19.1621178442515,0.442203990749493,1.27923528101412,38,0.2,1,117.327812955229,22.8873912526127,0.0175428833346253,0.0740843613742785,0.0982999844901838,204,5182,1,"1","diploid","female"
"611","0","0","0","0",-0.228993922472,3244.01782226562,"map_5182_1_2",5,70,300,20,5,7.24736074480615,0.1,8.05988699229728,0.639913566483026,1.78343098996152,30,0.2,1,117.327812955229,22.8873912526127,0.00346539718498751,0.000397882262104905,0.5162655729394,204,5182,1,"2","diploid","female"
"612","0","0","0","0",-0.228993922472,3244.01782226562,"map_5182_1_3",5,70,300,20,5,3.20490788374981,0.1,9.43729765399342,0.312975819367296,2.29906959596048,179,0.2,1,117.327812955229,22.8873912526127,0.00271943594600785,0.00174059046866288,0.279570932858062,204,5182,1,"3","diploid","female"
"613","0","0","0","0",-0.451143354177475,3175.51904296875,"map_5183_1_1",5,70,300,20,5,1.68679251391371,0.1,18.7104788604074,0.38281948044493,1.74586388345102,11,0.2,1,113.562876400361,23.6898529287193,0.0147623729343749,0.0692734564502534,0.131650495784329,205,5183,1,"1","diploid","female"
"614","0","0","0","0",-0.451143354177475,3175.51904296875,"map_5183_1_2",5,70,300,20,5,7.10895500628226,0.1,11.6130409814455,0.511338872654344,1.48830698426977,4,0.2,1,113.562876400361,23.6898529287193,0.00617523682655323,0.00426368375328069,0.320088005818982,205,5183,1,"2","diploid","female"
"615","0","0","0","0",-0.451143354177475,3175.51904296875,"map_5183_1_3",5,70,300,20,5,1.59576207430453,0.1,8.43519590055952,0.422867003436893,2.87921151144617,4,0.2,1,113.562876400361,23.6898529287193,0.00319357664645898,0.00260185793988354,0.338099662130302,205,5183,1,"3","diploid","female"
"616","0","0","0","0",-0.840107023715973,3211.080078125,"map_5185_1_1",5,70,300,20,5,2.66309208957032,0.1,17.6768397901797,0.434083292121612,1.35755760016164,13,0.2,1,111.672238758632,23.6606925421511,0.0167722575181955,0.0784791531276658,0.106328680243578,206,5185,1,"1","diploid","female"
"617","0","0","0","0",-0.840107023715973,3211.080078125,"map_5185_1_2",5,70,300,20,5,5.18484571215768,0.1,7.6697002573757,0.46733326685064,3.52468314380405,3,0.2,1,111.672238758632,23.6606925421511,0.00269670734250797,0.000902887674850972,0.45364706153897,206,5185,1,"2","diploid","female"
"618","0","0","0","0",-0.840107023715973,3211.080078125,"map_5185_1_3",5,70,300,20,5,2.52918846286859,0.1,6.20584848786025,0.654457079129251,1.98076141610096,4,0.2,1,111.672238758632,23.6606925421511,0.00241532634884398,0.000631782666556961,0.425691714882813,206,5185,1,"3","diploid","female"
"619","0","0","0","0",-0.876870512962341,3217.41796875,"map_5186_1_1",5,70,300,20,5,0,0.1,18.7509114523642,0.488457791261011,0.926858658617977,82,0.2,1,128.754700847638,23.6486376142449,0.0200458915471528,0.0958355772594812,0.171157515749782,207,5186,1,"1","diploid","female"
"620","0","0","0","0",-0.876870512962341,3217.41796875,"map_5186_1_2",5,70,300,20,5,9.38221860372808,0.1,8.19425014727434,0.938214415884069,0.595676218821152,33,0.2,1,128.754700847638,23.6486376142449,0.00565474876197786,0.00220192716611898,0.568144484505704,207,5186,1,"2","diploid","female"
"621","0","0","0","0",-0.876870512962341,3217.41796875,"map_5186_1_3",5,70,300,20,5,2.02904320481156,0.1,7.94623070965412,0.33326932580736,1.95228565447826,143,0.2,1,128.754700847638,23.6486376142449,0.0019609400794632,0.000542219304414664,0.612650327222807,207,5186,1,"3","diploid","female"
"622","0","0","0","0",-0.812707602977753,3233.08422851562,"map_5187_1_1",5,70,300,20,5,2.84690835996883,0.1,21.6708728781104,0.390218971779556,1.06997060894578,122,0.2,1,130.366759024585,23.6792561316675,0.0201926143268855,0.115839561757106,0.0881755789190432,208,5187,1,"1","diploid","female"
"623","0","0","0","0",-0.812707602977753,3233.08422851562,"map_5187_1_2",5,70,300,20,5,5.67363437142885,0.1,8.60782383886401,0.190616904562458,5.11696093018472,33,0.2,1,130.366759024585,23.6792561316675,0.00148114401158074,0.00253052435972423,0.567894909469297,208,5187,1,"2","diploid","female"
"624","0","0","0","0",-0.812707602977753,3233.08422851562,"map_5187_1_3",5,70,300,20,5,2.3656458035824,0.1,7.92153841529734,0.343423364581069,1.70295574427841,154,0.2,1,130.366759024585,23.6792561316675,0.0020284405219672,0.00120762952343202,0.388380159397621,208,5187,1,"3","diploid","female"
"625","0","0","0","0",-0.88099879026413,3277.49926757812,"map_5188_1_1",5,70,300,20,5,0,0.1,27.9463172917979,0.476057999734333,0.5636099492386,132,0.2,1,131.032844758905,23.6213325166755,0.034356198217315,0.226436557502352,0.0549995403309225,209,5188,1,"1","diploid","female"
"626","0","0","0","0",-0.88099879026413,3277.49926757812,"map_5188_1_2",5,70,300,20,5,0,0.1,6.09369726495829,0.0115447978298771,0.0282753734329706,11,0.2,1,131.032844758905,23.6213325166755,3.44776881334394e-05,9.57827992539566e-09,1.66173239858781,209,5188,1,"2","diploid","female"
"627","0","0","0","0",-0.88099879026413,3277.49926757812,"map_5188_1_3",5,70,300,20,5,1.50764623775344,0.1,9.38020098538782,0.331754919749226,1.08359165853874,49,0.2,1,131.032844758905,23.6213325166755,0.00266640335585005,0.000729607528681737,0.303919703451117,209,5188,1,"3","diploid","female"
"628","0","0","0","0",-0.507381677627563,2992.4033203125,"map_5231_1_1",5,70,300,20,5,0,0.1,15.3631473206693,0.228348916655256,2.75332115532306,76,0.2,1,117.789551136106,23.2947518960186,0.00625239729358291,0.0209345272951881,0.242223179518107,210,5231,1,"1","diploid","female"
"629","0","0","0","0",-0.507381677627563,2992.4033203125,"map_5231_1_2",5,70,300,20,5,9.95782400197864,0.1,15.7332284310446,0.280813500751673,3.49382782149851,78,0.2,1,117.789551136106,23.2947518960186,0.00700592992619463,0.0132734403890356,0.182383545674729,210,5231,1,"2","diploid","female"
"630","0","0","0","0",-0.507381677627563,2992.4033203125,"map_5231_1_3",5,70,300,20,5,3.98892574708505,0.1,11.1070655626365,0.150579945915822,3.49853500014491,52,0.2,1,117.789551136106,23.2947518960186,0.00197959485299447,0.00344731739992355,0.350263388314939,210,5231,1,"3","diploid","female"
"631","0","0","0","0",-0.592670440673828,2944.7802734375,"map_5245_1_1",5,70,300,20,5,2.45742685152113,0.1,18.1327208734885,0.290151539329378,1.82205798553031,139,0.2,1,102.285766668098,23.924622073126,0.011539734679468,0.0512892230219845,0.163634685170985,211,5245,1,"1","diploid","female"
"632","0","0","0","0",-0.592670440673828,2944.7802734375,"map_5245_1_2",5,70,300,20,5,4.36228007746733,0.1,11.6887052372923,0.354844386406564,4.06149769557635,120,0.2,1,102.285766668098,23.924622073126,0.00605139710360549,0.0175278676684833,0.351003768685392,211,5245,1,"2","diploid","female"
"633","0","0","0","0",-0.592670440673828,2944.7802734375,"map_5245_1_3",5,70,300,20,5,2.79433011422171,0.1,7.78006266601921,0.284432415736052,2.44244289404611,130,0.2,1,102.285766668098,23.924622073126,0.0015267458015671,0.000432767855149615,0.452851982246562,211,5245,1,"3","diploid","female"
"634","0","0","0","0",-0.594928801059723,2992.01611328125,"map_5246_1_1",5,70,300,20,5,0,0.1,29.7069084862619,0.164296358765917,0.759048028455456,4,0.2,1,242.975708388015,23.8735335680602,0.0138725991392893,0.0824116880005467,0.100791621513327,212,5246,1,"1","diploid","female"
"635","0","0","0","0",-0.594928801059723,2992.01611328125,"map_5246_1_2",5,70,300,20,5,6.49336741959326,0.1,21.3277446829228,0.828100741332286,0.430496257867661,8,0.2,1,242.975708388015,23.8735335680602,0.0418152886471289,0.17952971766115,0.076032903776937,212,5246,1,"2","diploid","female"
"636","0","0","0","0",-0.594928801059723,2992.01611328125,"map_5246_1_3",5,70,300,20,5,2.64283087429377,0.1,8.77150522812966,0.586442483229663,1.89506165402227,2,0.2,1,242.975708388015,23.8735335680602,0.00464160801184709,0.00536316643076017,0.524291566933904,212,5246,1,"3","diploid","female"
"637","0","0","0","0",-0.533792078495026,3049.91015625,"map_5247_1_1",5,70,300,20,5,0,0.1,19.5433026469359,0.470464638378049,0.993312610675485,104,0.2,1,242.610260313928,23.8870454116517,0.0165762082778293,0.0478519342059682,0.0760189950271108,213,5247,1,"1","diploid","female"
"638","0","0","0","0",-0.533792078495026,3049.91015625,"map_5247_1_2",5,70,300,20,5,7.50581025783069,0.1,12.8557356263959,1.15018535094782,0.157383079388237,188,0.2,1,242.610260313928,23.8870454116517,0.0183084760625003,0.0398387473931151,0.0485214150483786,213,5247,1,"2","diploid","female"
"639","0","0","0","0",-0.533792078495026,3049.91015625,"map_5247_1_3",5,70,300,20,5,2.8746630066398,0.1,12.4868757902411,0.397298996836714,2.43212749102096,98,0.2,1,242.610260313928,23.8870454116517,0.0061976804524118,0.0127191418537678,0.304908687182695,213,5247,1,"3","diploid","female"
"640","0","0","0","0",-0.640262365341187,3120.35522460938,"map_5248_1_1",5,70,300,20,5,0,0.1,13.9799009045349,0.777875594783463,0.161881492968902,85,0.2,1,225.134632693573,23.9259035978603,0.015031211667721,0.0287117159969378,0.0840131923019203,214,5248,1,"1","diploid","female"
"641","0","0","0","0",-0.640262365341187,3120.35522460938,"map_5248_1_2",5,70,300,20,5,7.71628287506929,0.1,14.0938217860563,0.714336942536104,0.88275023794248,78,0.2,1,225.134632693573,23.9259035978603,0.016297212966223,0.0358836600515655,0.263294313483382,214,5248,1,"2","diploid","female"
"642","0","0","0","0",-0.640262365341187,3120.35522460938,"map_5248_1_3",5,70,300,20,5,2.62571400543412,0.1,9.6017411801741,0.307636606320163,1.82516749394335,58,0.2,1,225.134632693573,23.9259035978603,0.00296042484907185,0.00470530099495361,0.500448059810839,214,5248,1,"3","diploid","female"
"643","0","0","0","0",0.358740299940109,3039.40698242188,"map_5258_1_1",5,70,300,20,5,6.1058013463536,0.1,12.0910309074536,0.306791050932227,5.75822758244921,33,0.2,1,121.766898196401,23.2261558507368,0.00662775844056664,0.0272276853096332,0.213142930377885,215,5258,1,"1","diploid","female"
"644","0","0","0","0",0.358740299940109,3039.40698242188,"map_5258_1_2",5,70,300,20,5,9.56206401862739,0.1,8.21086574570002,0.46702459551282,7.43309513193956,12,0.2,1,121.766898196401,23.2261558507368,0.00424650685342701,0.014784965619505,0.402462975715716,215,5258,1,"2","diploid","female"
"645","0","0","0","0",0.358740299940109,3039.40698242188,"map_5258_1_3",5,70,300,20,5,5.3244792699214,0.1,9.53624638162382,0.400320463490965,5.57741882007437,10,0.2,1,121.766898196401,23.2261558507368,0.00532848771733079,0.0206431580033813,0.336051683701156,215,5258,1,"3","diploid","female"
"646","0","0","0","0",0.261160433292389,2995.96752929688,"map_5259_1_1",5,70,300,20,5,0,0.1,21.1104633612331,0.35558525535671,0.900264633015676,9,0.2,1,120.27667436568,24.1823178820436,0.015848455853892,0.10554124871494,0.121875618230906,216,5259,1,"1","diploid","female"
"647","0","0","0","0",0.261160433292389,2995.96752929688,"map_5259_1_2",5,70,300,20,5,9.08289447522349,0.1,12.217860226814,0.998074720590281,0.416006243864748,11,0.2,1,120.27667436568,24.1823178820436,0.0170442258794495,0.0512594348610971,0.240150265116477,216,5259,1,"2","diploid","female"
"648","0","0","0","0",0.261160433292389,2995.96752929688,"map_5259_1_3",5,70,300,20,5,4.08684743483495,0.1,13.4873632420205,0.397224191054402,2.43587444877336,4,0.2,1,120.27667436568,24.1823178820436,0.00759936427048402,0.0171224441181918,0.253250456161139,216,5259,1,"3","diploid","female"
"649","0","0","0","0",-0.788539409637451,3032.92553710938,"map_5277_1_1",5,70,300,20,5,2.21657067813849,0.1,12.5878589297635,0.319359257130889,1.44868945610402,10,0.2,1,54.9373675691725,24.0630974774873,0.00563044676229925,0.0191206053826522,0.253044111784689,217,5277,1,"1","diploid","female"
"650","0","0","0","0",-0.788539409637451,3032.92553710938,"map_5277_1_2",5,70,300,20,5,4.06694524265025,0.1,5.44624405717564,0.613685074984099,3.85991941483744,6,0.2,1,54.9373675691725,24.0630974774873,0.00163984216749873,0.000901967589630614,0.895849392217241,217,5277,1,"2","diploid","female"
"651","0","0","0","0",-0.788539409637451,3032.92553710938,"map_5277_1_3",5,70,300,20,5,3.35287528064739,0.1,5.99239317851387,0.44310215472823,2.8388087716992,3,0.2,1,54.9373675691725,24.0630974774873,0.00145247428902784,0.000138333883517762,0.570592146456334,217,5277,1,"3","diploid","female"
"652","0","0","0","0",-0.497709333896637,3206.37475585938,"map_5286_1_1",5,70,300,20,5,3.86785971667179,0.1,17.0121174822341,0.383017259336906,2.23629407042671,82,0.2,1,112.063611775142,22.9283824009225,0.0135899243537965,0.0631313931643445,0.14950954032097,218,5286,1,"1","diploid","female"
"653","0","0","0","0",-0.497709333896637,3206.37475585938,"map_5286_1_2",5,70,300,20,5,6.01678265679266,0.1,6.44567314033905,1.00467303858831,4.3057860335615,15,0.2,1,112.063611775142,22.9283824009225,0.00386889569629712,0.00240435194420458,0.960537762895403,218,5286,1,"2","diploid","female"
"654","0","0","0","0",-0.497709333896637,3206.37475585938,"map_5286_1_3",5,70,300,20,5,3.37732023762561,0.1,8.12674044459773,0.244896366135373,2.54888654371704,148,0.2,1,112.063611775142,22.9283824009225,0.00157436562145865,0.00119408449562743,0.465497852253558,218,5286,1,"3","diploid","female"
"655","0","0","0","0",-0.561676561832428,3138.15869140625,"map_5287_1_1",5,70,300,20,5,3.2153423176044,0.1,19.2678208759687,0.249634136514107,2.22447242725422,58,0.2,1,115.600837346327,23.6278667502757,0.0111459173316604,0.054327274772529,0.117808786571155,219,5287,1,"1","diploid","female"
"656","0","0","0","0",-0.561676561832428,3138.15869140625,"map_5287_1_2",5,70,300,20,5,5.88286740461311,0.1,11.8827605631255,0.203759588021309,3.62314344235102,19,0.2,1,115.600837346327,23.6278667502757,0.00285964016370404,0.00423674313842567,0.350011073352244,219,5287,1,"2","diploid","female"
"657","0","0","0","0",-0.561676561832428,3138.15869140625,"map_5287_1_3",5,70,300,20,5,3.53203371302961,0.1,9.94452156034496,0.154390971320466,2.89552678358011,51,0.2,1,115.600837346327,23.6278667502757,0.0015711712252802,0.00176271498130673,0.390899711409662,219,5287,1,"3","diploid","female"
"658","0","0","0","0",-0.816978991031647,3133.22802734375,"map_5289_1_1",5,70,300,20,5,1.52964609338042,0.1,14.4641421255727,0.408016047939097,1.46132268114383,124,0.2,1,113.300091176334,23.6746124804086,0.0105114754568949,0.0472505612692262,0.378691027384656,220,5289,1,"1","diploid","female"
"659","0","0","0","0",-0.816978991031647,3133.22802734375,"map_5289_1_2",5,70,300,20,5,8.54703027961351,0.1,9.04502463119329,0.555186754283688,1.88019064119009,115,0.2,1,113.300091176334,23.6746124804086,0.00568288119931018,0.0187387194141548,1.45345628678431,220,5289,1,"2","diploid","female"
"660","0","0","0","0",-0.816978991031647,3133.22802734375,"map_5289_1_3",5,70,300,20,5,1.45803067901754,0.1,8.8373804505995,0.16695360948629,2.57568541941466,88,0.2,1,113.300091176334,23.6746124804086,0.00120534844608557,0.000482032879405795,0.809590631710348,220,5289,1,"3","diploid","female"
"661","0","0","0","0",-0.905277907848358,3130.048828125,"map_5290_1_1",5,70,300,20,5,2.67142554970739,0.1,14.1009908537057,0.408843571654479,1.63493579537534,33,0.2,1,123.007954809753,23.6723783514164,0.0107733577537059,0.0441069211814414,0.253348334695784,221,5290,1,"1","diploid","female"
"662","0","0","0","0",-0.905277907848358,3130.048828125,"map_5290_1_2",5,70,300,20,5,4.98899465569832,0.1,7.47755307230069,1.21952862980529,1.23023590131633,54,0.2,1,123.007954809753,23.6723783514164,0.00819386273976063,0.0181965228604517,0.673642492756838,221,5290,1,"2","diploid","female"
"663","0","0","0","0",-0.905277907848358,3130.048828125,"map_5290_1_3",5,70,300,20,5,3.16304648431071,0.1,7.00772788472909,0.41759839563486,2.76408528298678,4,0.2,1,123.007954809753,23.6723783514164,0.00191243660018882,0.000642319184988798,0.660486763771025,221,5290,1,"3","diploid","female"
"664","0","0","0","0",-0.687353074550629,3159.92553710938,"map_5291_1_1",5,70,300,20,5,3.11789108972013,0.1,21.4854934561012,0.320140176709563,1.73697868331962,117,0.2,1,130.887101043498,23.6442912170393,0.0157464787608091,0.0746632306469368,0.0862717080564025,222,5291,1,"1","diploid","female"
"665","0","0","0","0",-0.687353074550629,3159.92553710938,"map_5291_1_2",5,70,300,20,5,5.9010194522505,0.1,16.4847971014689,0.235937854394222,3.66634664953882,81,0.2,1,130.887101043498,23.6442912170393,0.0070551137662627,0.0301309803211625,0.29808805460207,222,5291,1,"2","diploid","female"
"666","0","0","0","0",-0.687353074550629,3159.92553710938,"map_5291_1_3",5,70,300,20,5,3.23695104375957,0.1,10.2175631958744,0.204348931828703,2.65972374217169,94,0.2,1,130.887101043498,23.6442912170393,0.00215885595679838,0.00232779663474037,0.373826586042518,222,5291,1,"3","diploid","female"
"667","0","0","0","0",-0.765075981616974,3204.55224609375,"map_5292_1_1",5,70,300,20,5,0,0.1,19.8786489491236,0.415569591999874,0.895280134073622,23,0.2,1,126.231635540427,23.6564314065978,0.0180486078492527,0.0829476770866997,0.0860865910009147,223,5292,1,"1","diploid","female"
"668","0","0","0","0",-0.765075981616974,3204.55224609375,"map_5292_1_2",5,70,300,20,5,10.0213795255363,0.1,7.92256492060394,0.445655023655105,2.86561855923337,7,0.2,1,126.231635540427,23.6564314065978,0.00260450962218295,0.00213026576386563,0.628187369658532,223,5292,1,"2","diploid","female"
"669","0","0","0","0",-0.765075981616974,3204.55224609375,"map_5292_1_3",5,70,300,20,5,2.235702605036,0.1,8.43992814612631,0.227045126398803,1.6836924663533,6,0.2,1,126.231635540427,23.6564314065978,0.00155507660983688,0.000801498449496545,0.38659724186591,223,5292,1,"3","diploid","female"
"670","0","0","0","0",-0.491004467010498,2835.20678710938,"map_5334_1_1",5,70,300,20,5,0,0.1,13.3773977407566,0.0322018408083889,0.0841623176300356,44,0.2,1,42.7916778854754,25.1847796694649,0.00078790305119403,0.00509253305918311,0.302708076351904,224,5334,1,"1","diploid","female"
"671","0","0","0","0",-0.491004467010498,2835.20678710938,"map_5334_1_2",5,70,300,20,5,3.35874474654158,0.1,9.74093346871724,0.469963246711752,1.54582020826786,57,0.2,1,42.7916778854754,25.1847796694649,0.00437055138975254,0.00587658953019317,0.504900800443033,224,5334,1,"2","diploid","female"
"672","0","0","0","0",-0.491004467010498,2835.20678710938,"map_5334_1_3",5,70,300,20,5,1.59846840777488,0.1,8.10617078859384,0.244426609524984,1.24610807074419,38,0.2,1,42.7916778854754,25.1847796694649,0.00152662689891607,0.000387940874896102,0.498939542789552,224,5334,1,"3","diploid","female"
"673","0","0","0","0",-0.484031081199646,2943.03393554688,"map_5335_1_1",5,70,300,20,5,1.42071728461814,0.1,12.2175163062389,0.14788707125566,2.57403574973435,24,0.2,1,43.7061705690286,23.3061453699934,0.0024978044844053,0.00567671126397626,0.299729300257619,225,5335,1,"1","diploid","female"
"674","0","0","0","0",-0.484031081199646,2943.03393554688,"map_5335_1_2",5,70,300,20,5,5.91072243353372,0.1,12.7378891203154,0.115465455688075,3.1447108598063,19,0.2,1,43.7061705690286,23.3061453699934,0.00199294976186579,0.00386437375077693,0.404929150015658,225,5335,1,"2","diploid","female"
"675","0","0","0","0",-0.484031081199646,2943.03393554688,"map_5335_1_3",5,70,300,20,5,1.35559257393256,0.1,7.54775007654021,0.0893267846008033,2.69192390752294,23,0.2,1,43.7061705690286,23.3061453699934,0.000463377587169062,3.47648816538669e-05,0.694136632691999,225,5335,1,"3","diploid","female"
"676","0","0","0","0",-0.567287981510162,3011.931640625,"map_5351_1_1",5,70,300,20,5,2.61829958956347,0.1,17.6682027779755,0.444217300759591,1.63429215210391,160,0.2,1,125.464733839827,23.9309492121767,0.0174026598559184,0.0705242806197477,0.287976397201492,226,5351,1,"1","diploid","female"
"677","0","0","0","0",-0.567287981510162,3011.931640625,"map_5351_1_2",5,70,300,20,5,5.00466522251719,0.1,8.47369347196063,1.63250073196328,2.09115238309381,8,0.2,1,125.464733839827,23.9309492121767,0.0162054426388311,0.0794607777134815,0.836782679425798,226,5351,1,"2","diploid","female"
"678","0","0","0","0",-0.567287981510162,3011.931640625,"map_5351_1_3",5,70,300,20,5,3.24624285017989,0.1,11.1377385328381,0.320671480560263,2.61710710762688,128,0.2,1,125.464733839827,23.9309492121767,0.00370069323913861,0.00335174586588056,0.238345408583402,226,5351,1,"3","diploid","female"
"679","0","0","0","0",-0.692135155200958,3064.44750976562,"map_5352_1_1",5,70,300,20,5,2.48929429108159,0.1,22.0254643844159,0.260774744743666,1.73508558123759,62,0.2,1,129.66352477343,23.8650283767007,0.0131988362495773,0.0727924745325516,0.194351218604937,227,5352,1,"1","diploid","female"
"680","0","0","0","0",-0.692135155200958,3064.44750976562,"map_5352_1_2",5,70,300,20,5,5.05046120061282,0.1,20.4821204894842,0.213845158627736,6.23404861359602,26,0.2,1,129.66352477343,23.8650283767007,0.00922347724228315,0.0424236866544256,0.386115605120923,227,5352,1,"2","diploid","female"
"681","0","0","0","0",-0.692135155200958,3064.44750976562,"map_5352_1_3",5,70,300,20,5,3.17660868412333,0.1,9.1395128781263,0.248155361670246,3.34970134198111,13,0.2,1,129.66352477343,23.8650283767007,0.00214438398721902,0.00280809516090849,0.450368423135083,227,5352,1,"3","diploid","female"
"682","0","0","0","0",-0.669309675693512,3128.16235351562,"map_5353_1_1",5,70,300,20,5,3.50268957650719,0.1,12.1885392288479,0.466532754705153,2.20845133823046,6,0.2,1,129.426500668953,22.3890180845461,0.00810821342863643,0.0180256845672358,0.302475036787923,228,5353,1,"1","diploid","female"
"683","0","0","0","0",-0.669309675693512,3128.16235351562,"map_5353_1_2",5,70,300,20,5,4.79686961145488,0.1,8.1437227332791,1.06350599153095,1.99850906880585,10,0.2,1,129.426500668953,22.3890180845461,0.00756495395869914,0.0105385834545161,0.622306805104331,228,5353,1,"2","diploid","female"
"684","0","0","0","0",-0.669309675693512,3128.16235351562,"map_5353_1_3",5,70,300,20,5,4.0101310991766,0.1,9.02511350591482,0.327514277212509,3.38165579782385,2,0.2,1,129.426500668953,22.3890180845461,0.00242463705638191,0.000285894911980546,0.319848762863637,228,5353,1,"3","diploid","female"
"685","0","0","0","0",-0.662699997425079,3211.009765625,"map_5354_1_1",5,70,300,20,5,4.08876699068037,0.1,18.2571764952806,0.34169434555789,1.94932546387507,125,0.2,1,196.76618554505,22.3961808695746,0.0117607247047926,0.0382600163360478,0.111256857123606,229,5354,1,"1","diploid","female"
"686","0","0","0","0",-0.662699997425079,3211.009765625,"map_5354_1_2",5,70,300,20,5,6.43902784589753,0.1,9.38014295680936,0.384553084724049,2.98090023573479,104,0.2,1,196.76618554505,22.3961808695746,0.0034108975113612,0.00352739648856016,0.621191815272894,229,5354,1,"2","diploid","female"
"687","0","0","0","0",-0.662699997425079,3211.009765625,"map_5354_1_3",5,70,300,20,5,2.81759060100556,0.1,10.4546060736209,0.240983200157823,2.57434177201324,98,0.2,1,196.76618554505,22.3961808695746,0.00232835696397201,0.000502170474102536,0.434712398678325,229,5354,1,"3","diploid","female"
"688","0","0","0","0",0.226648986339569,3061.06005859375,"map_5362_1_1",5,70,300,20,5,5.54073904527086,0.1,11.3487706154008,0.148502834252855,4.87619311305345,32,0.2,1,81.7780615023996,23.2075192046984,0.00228138001905306,0.00592892896277205,0.295537441276609,230,5362,1,"1","diploid","female"
"689","0","0","0","0",0.226648986339569,3061.06005859375,"map_5362_1_2",5,70,300,20,5,13.5068403150698,0.1,7.8892609633622,0.0938872612863213,6.33736282161256,16,0.2,1,81.7780615023996,23.2075192046984,0.00056502507965076,0.000293155909507667,0.613347747510122,230,5362,1,"2","diploid","female"
"690","0","0","0","0",0.226648986339569,3061.06005859375,"map_5362_1_3",5,70,300,20,5,4.33755132826161,0.1,8.85785660569794,0.119010640038592,4.49781425972892,80,0.2,1,81.7780615023996,23.2075192046984,0.000992343330501487,0.00123447510648557,0.475619617522125,230,5362,1,"3","diploid","female"
"691","0","0","0","0",0.321259260177612,3017.83935546875,"map_5363_1_1",5,70,300,20,5,4.60139374447073,0.1,13.9146357246417,0.206276370894448,3.66812325069326,66,0.2,1,84.576275112621,24.1762295364938,0.00471333813026397,0.0192107282713025,0.227513789442758,231,5363,1,"1","diploid","female"
"692","0","0","0","0",0.321259260177612,3017.83935546875,"map_5363_1_2",5,70,300,20,5,8.93440128796734,0.1,8.38947108410337,0.27077811542096,5.90656897495371,37,0.2,1,84.576275112621,24.1762295364938,0.00166217449127637,0.000276491635364512,0.663873507290153,231,5363,1,"2","diploid","female"
"693","0","0","0","0",0.321259260177612,3017.83935546875,"map_5363_1_3",5,70,300,20,5,4.67367482594355,0.1,11.2005758328334,0.216519552308945,3.71269348624764,74,0.2,1,84.576275112621,24.1762295364938,0.00279329980551711,0.00466500963434903,0.349902205798595,231,5363,1,"3","diploid","female"
"694","0","0","0","0",-0.442198544740677,3168.13354492188,"map_5390_1_1",5,70,300,20,5,2.27423762131052,0.1,15.2162098618605,0.303990897341577,2.88169995065373,50,0.2,1,114.077935652875,22.8941727603393,0.00891510991950131,0.0434559218947237,0.227554089668098,232,5390,1,"1","diploid","female"
"695","0","0","0","0",-0.442198544740677,3168.13354492188,"map_5390_1_2",5,70,300,20,5,10.4840044577203,0.1,8.05082201456634,0.592522107013668,3.6910350065911,39,0.2,1,114.077935652875,22.8941727603393,0.00433966440483993,0.0117237830207937,0.866900941900177,232,5390,1,"2","diploid","female"
"696","0","0","0","0",-0.442198544740677,3168.13354492188,"map_5390_1_3",5,70,300,20,5,1.77679899785225,0.1,9.01837556786661,0.190898027321968,3.05415134014598,18,0.2,1,114.077935652875,22.8941727603393,0.00162659514055242,0.00153392725800724,0.360170921329189,232,5390,1,"3","diploid","female"
"697","0","0","0","0",-0.834142029285431,3065.69067382812,"map_5394_1_1",5,70,300,20,5,0,0.1,13.6468496408268,0.431819528360544,1.78835541175185,34,0.2,1,129.363600201781,23.6375730607465,0.0112005400874238,0.0507807081164574,0.320603239017267,233,5394,1,"1","diploid","female"
"698","0","0","0","0",-0.834142029285431,3065.69067382812,"map_5394_1_2",5,70,300,20,5,8.62241672633692,0.1,8.33335406323851,1.15723008472516,1.48237341249525,54,0.2,1,129.363600201781,23.6375730607465,0.0117514984869144,0.0556447781486527,0.784890339443664,233,5394,1,"2","diploid","female"
"699","0","0","0","0",-0.834142029285431,3065.69067382812,"map_5394_1_3",5,70,300,20,5,1.62533875351706,0.1,6.07319924538152,0.625890284254859,3.09971606564012,5,0.2,1,129.363600201781,23.6375730607465,0.00220173303498634,0.00121893305460995,0.71872678852563,233,5394,1,"3","diploid","female"
"700","0","0","0","0",0.296198606491089,3006.4482421875,"map_5401_1_1",5,70,300,20,5,5.50789747611632,0.1,11.7775222643944,0.3457531363022,3.25947599438142,13,0.2,1,90.4733400439899,23.613928512455,0.00539005285990946,0.016098977209679,0.282548185992075,234,5401,1,"1","diploid","female"
"701","0","0","0","0",0.296198606491089,3006.4482421875,"map_5401_1_2",5,70,300,20,5,8.61592763346358,0.1,6.01263996528154,1.4706165434187,3.60715840776416,70,0.2,1,90.4733400439899,23.613928512455,0.00478571415885923,0.0020170223864601,1.05875187000275,234,5401,1,"2","diploid","female"
"702","0","0","0","0",0.296198606491089,3006.4482421875,"map_5401_1_3",5,70,300,20,5,5.03757264556091,0.1,10.4049387933419,0.294022418319918,3.96292649995245,10,0.2,1,90.4733400439899,23.613928512455,0.00353961453112632,0.0083190820581656,0.390728492989061,234,5401,1,"3","diploid","female"
"703","0","0","0","0",-0.579273283481598,3071.58935546875,"map_5441_1_1",5,70,300,20,5,2.29200452287168,0.1,16.7847353972749,0.414792280487699,1.15120844038805,15,0.2,1,107.33407674517,24.9774303178587,0.0138606853577283,0.0494874045556482,0.195671522912685,235,5441,1,"1","diploid","female"
"704","0","0","0","0",-0.579273283481598,3071.58935546875,"map_5441_1_2",5,70,300,20,5,5.82379717931378,0.1,6.42436598948981,1.67248050363453,3.20831695255809,96,0.2,1,107.33407674517,24.9774303178587,0.00721402285120696,0.00140935624776474,1.11311023753015,235,5441,1,"2","diploid","female"
"705","0","0","0","0",-0.579273283481598,3071.58935546875,"map_5441_1_3",5,70,300,20,5,2.96400373306952,0.1,9.2314925135981,0.491405028251337,1.91001394830531,6,0.2,1,107.33407674517,24.9774303178587,0.00435228238609122,0.00637718536127901,0.411673997925382,235,5441,1,"3","diploid","female"
"706","0","0","0","0",-0.513742566108704,2973.08056640625,"map_5455_1_1",5,70,300,20,5,2.41576573052013,0.1,16.5680997314758,0.154222241065163,2.13592426258566,73,0.2,1,126.180217654206,24.4803823950547,0.00556265314975971,0.0279987524181604,0.202446375964456,236,5455,1,"1","diploid","female"
"707","0","0","0","0",-0.513742566108704,2973.08056640625,"map_5455_1_2",5,70,300,20,5,4.98232998974574,0.1,10.3173877855781,0.120679769651461,5.66360943399322,40,0.2,1,126.180217654206,24.4803823950547,0.0015044184820619,0.00328828108665549,0.343923820849915,236,5455,1,"2","diploid","female"
"708","0","0","0","0",-0.513742566108704,2973.08056640625,"map_5455_1_3",5,70,300,20,5,2.86292498741334,0.1,9.22908666994518,0.196747990930194,2.87554052472935,73,0.2,1,126.180217654206,24.4803823950547,0.00185616133282914,0.00312389791502764,0.350673880019609,236,5455,1,"3","diploid","female"
"709","0","0","0","0",-0.703641295433044,3021.51318359375,"map_5456_1_1",5,70,300,20,5,2.40221116526303,0.1,11.4827666330405,0.59467342062247,1.72521388679885,11,0.2,1,123.76934683917,23.9437959586531,0.0107858543800847,0.0469847177137064,0.555468761566315,237,5456,1,"1","diploid","female"
"710","0","0","0","0",-0.703641295433044,3021.51318359375,"map_5456_1_2",5,70,300,20,5,4.66714804537693,0.1,17.3416275764644,0.783481995307458,0.329442511771476,7,0.2,1,123.76934683917,23.9437959586531,0.022968173745775,0.0959439561139804,0.122957650146462,237,5456,1,"2","diploid","female"
"711","0","0","0","0",-0.703641295433044,3021.51318359375,"map_5456_1_3",5,70,300,20,5,3.10232535769694,0.1,7.62852259524563,0.566845673306657,2.42172159085598,3,0.2,1,123.76934683917,23.9437959586531,0.00305839297421973,0.00127219684655609,0.711935958258659,237,5456,1,"3","diploid","female"
"712","0","0","0","0",-0.699574947357178,3067.98217773438,"map_5457_1_1",5,70,300,20,5,3.35125748506051,0.1,12.4499899402725,0.234613796419543,3.08456800940038,58,0.2,1,131.676269138374,22.4098644771977,0.00429843641951219,0.0164397431337332,0.439513888394167,238,5457,1,"1","diploid","female"
"713","0","0","0","0",-0.699574947357178,3067.98217773438,"map_5457_1_2",5,70,300,20,5,4.35819129687955,0.1,8.13838203778493,1.14162929352799,0.972496797774261,15,0.2,1,131.676269138374,22.4098644771977,0.00854320758632185,0.0219946835827784,0.590727743747879,238,5457,1,"2","diploid","female"
"714","0","0","0","0",-0.699574947357178,3067.98217773438,"map_5457_1_3",5,70,300,20,5,4.20669482088192,0.1,7.21510115828693,0.13753431688627,3.60161053878658,114,0.2,1,131.676269138374,22.4098644771977,0.000704636143511399,0.000706212460007394,0.898588747038557,238,5457,1,"3","diploid","female"
"715","0","0","0","0",-0.807107090950012,3125.19213867188,"map_5458_1_1",5,70,300,20,5,3.68302185029054,0.1,18.9120469564323,0.277013312985644,1.91482661393897,58,0.2,1,193.599909392702,22.3515242567094,0.00998619889520922,0.0314564125882308,0.240506312622229,239,5458,1,"1","diploid","female"
"716","0","0","0","0",-0.807107090950012,3125.19213867188,"map_5458_1_2",5,70,300,20,5,5.49442327582427,0.1,18.135165308858,0.434655515604311,1.91797045856096,62,0.2,1,193.599909392702,22.3515242567094,0.0144843133525651,0.0385084676379794,0.29364628634993,239,5458,1,"2","diploid","female"
"717","0","0","0","0",-0.807107090950012,3125.19213867188,"map_5458_1_3",5,70,300,20,5,3.38663018179927,0.1,7.72207854526829,0.238703830291217,3.78352514428584,59,0.2,1,193.599909392702,22.3515242567094,0.00158250429810561,0.00129546811247723,0.516564948642723,239,5458,1,"3","diploid","female"
"718","0","0","0","0",-0.746030867099762,3189.29833984375,"map_5459_1_1",5,70,300,20,5,0,0.1,19.294170309498,0.317269442034101,1.7937427669523,147,0.2,1,193.271386891108,22.398496570566,0.0124653629443099,0.0503811511437062,0.196843502261918,240,5459,1,"1","diploid","female"
"719","0","0","0","0",-0.746030867099762,3189.29833984375,"map_5459_1_2",5,70,300,20,5,0,0.1,8.31282130989373,0.390070651120956,4.90610544793051,124,0.2,1,193.271386891108,22.398496570566,0.00326522255340813,0.00866377944282957,0.50044185728868,240,5459,1,"2","diploid","female"
"720","0","0","0","0",-0.746030867099762,3189.29833984375,"map_5459_1_3",5,70,300,20,5,3.74553776883437,0.1,6.68152359157119,0.309364507135703,3.39634996866367,183,0.2,1,193.271386891108,22.398496570566,0.00128147600690061,0.000338795220345294,0.50701555283204,240,5459,1,"3","diploid","female"
"721","0","0","0","0",-0.257853657007217,3075.72509765625,"map_5496_1_1",5,70,300,20,5,3.48273173399304,0.1,13.3522687026427,0.364258974707498,2.31932067113154,113,0.2,1,97.1054965174475,23.6470296365478,0.00730938877173856,0.0202976163670237,0.368359916587316,241,5496,1,"1","diploid","female"
"722","0","0","0","0",-0.257853657007217,3075.72509765625,"map_5496_1_2",5,70,300,20,5,9.3031000877787,0.1,8.12034993875614,0.71550044392804,1.75604008133002,89,0.2,1,97.1054965174475,23.6470296365478,0.00434647560698257,0.00263788348989288,1.03223280227182,241,5496,1,"2","diploid","female"
"723","0","0","0","0",-0.257853657007217,3075.72509765625,"map_5496_1_3",5,70,300,20,5,3.04571870853321,0.1,9.22899350635763,0.231227996883402,3.80860187095071,131,0.2,1,97.1054965174475,23.6470296365478,0.00186421858851834,0.00102154490434472,0.650988716241775,241,5496,1,"3","diploid","female"
"724","0","0","0","0",-0.608374118804932,2993.90649414062,"map_5545_1_1",5,70,300,20,5,0,0.1,19.0281353431183,0.350462802449371,0.740228241211009,14,0.2,1,117.805673878058,24.9162858937666,0.0141476253221006,0.0619453435717372,0.150924338903345,242,5545,1,"1","diploid","female"
"725","0","0","0","0",-0.608374118804932,2993.90649414062,"map_5545_1_2",5,70,300,20,5,10.3523989793659,0.1,10.0625294767316,0.946384579380855,0.745111295383364,23,0.2,1,117.805673878058,24.9162858937666,0.0102151966611804,0.0365731760832265,0.507057401442822,242,5545,1,"2","diploid","female"
"726","0","0","0","0",-0.608374118804932,2993.90649414062,"map_5545_1_3",5,70,300,20,5,1.62132735799293,0.1,11.1050142302191,0.275998638073656,2.02240543930717,5,0.2,1,117.805673878058,24.9162858937666,0.00347238302336795,0.00566655956698349,0.398167843909093,242,5545,1,"3","diploid","female"
"727","0","0","0","0",-0.585331320762634,3105.60229492188,"map_5546_1_1",5,70,300,20,5,2.97081106241393,0.1,19.0204535509931,0.232608323924397,1.70523731660217,10,0.2,1,112.045802461745,23.6856004410804,0.00902163059811612,0.035519230948882,0.156546142331095,243,5546,1,"1","diploid","female"
"728","0","0","0","0",-0.585331320762634,3105.60229492188,"map_5546_1_2",5,70,300,20,5,5.44949589068476,0.1,15.2823778629071,0.110997782950134,2.43110261895135,4,0.2,1,112.045802461745,23.6856004410804,0.00253319519146699,0.00515698236468663,0.383413699696109,243,5546,1,"2","diploid","female"
"729","0","0","0","0",-0.585331320762634,3105.60229492188,"map_5546_1_3",5,70,300,20,5,3.68282563118251,0.1,9.85937146042139,0.101370298046162,2.76655172598509,5,0.2,1,112.045802461745,23.6856004410804,0.000954699044665737,0.000447901269693172,0.444024798441157,243,5546,1,"3","diploid","female"
"730","0","0","0","0",-0.702405691146851,3129.666015625,"map_5550_1_1",5,70,300,20,5,0,0.1,17.3174550480073,0.0309285557559878,0.284023727736547,66,0.2,1,283.405154079298,23.5068410645292,0.0011755032436337,0.00643797649314484,0.13429545972875,244,5550,1,"1","diploid","female"
"731","0","0","0","0",-0.702405691146851,3129.666015625,"map_5550_1_2",5,70,300,20,5,0,0.1,32.0732284624573,0.635212414004679,0.988845325644564,81,0.2,1,283.405154079298,23.5068410645292,0.0541451311980294,0.401358837994472,0.0618318070970661,244,5550,1,"2","diploid","female"
"732","0","0","0","0",-0.702405691146851,3129.666015625,"map_5550_1_3",5,70,300,20,5,3.69853097830295,0.1,14.6089736487504,0.290350175378886,3.27078216008749,72,0.2,1,283.405154079298,23.5068410645292,0.00771347543286856,0.0305441006703385,0.282650201374951,244,5550,1,"3","diploid","female"
"733","0","0","0","0",-0.604670166969299,2982.10668945312,"map_5560_1_1",5,70,300,20,5,2.28929170286627,0.1,23.6433713928079,0.305318934026013,0.959531993781836,79,0.2,1,125.662816842925,24.4429653017756,0.0181801727061937,0.102597304236539,0.0996961938068914,245,5560,1,"1","diploid","female"
"734","0","0","0","0",-0.604670166969299,2982.10668945312,"map_5560_1_2",5,70,300,20,5,4.79111714394256,0.1,25.3963852857631,0.412369422983609,2.5820826169775,77,0.2,1,125.662816842925,24.4429653017756,0.0280878329918807,0.142807270622743,0.172817934268701,245,5560,1,"2","diploid","female"
"735","0","0","0","0",-0.604670166969299,2982.10668945312,"map_5560_1_3",5,70,300,20,5,2.81181750826847,0.1,10.1333968767731,0.314784130323512,2.37015933753062,27,0.2,1,125.662816842925,24.4429653017756,0.0033731485558892,0.00578329302082616,0.30302487761707,245,5560,1,"3","diploid","female"
"736","0","0","0","0",-0.609092891216278,3022.51586914062,"map_5561_1_1",5,70,300,20,5,0,0.1,13.8641279928945,0.200291568684918,2.72438093452347,54,0.2,1,131.827622651262,24.1941304034701,0.0054781714490979,0.0224829522586667,0.229278018031352,246,5561,1,"1","diploid","female"
"737","0","0","0","0",-0.609092891216278,3022.51586914062,"map_5561_1_2",5,70,300,20,5,15.0764572078052,0.1,7.7925101414022,0.16069632095115,4.91940836171911,52,0.2,1,131.827622651262,24.1941304034701,0.00136030682678651,0.00329233187643275,0.688806016019851,246,5561,1,"2","diploid","female"
"738","0","0","0","0",-0.609092891216278,3022.51586914062,"map_5561_1_3",5,70,300,20,5,2.15524257321707,0.1,7.17103161709497,0.233823092215505,3.05940967009991,53,0.2,1,131.827622651262,24.1941304034701,0.00118285795818008,0.000681919291561193,0.51618375835046,246,5561,1,"3","diploid","female"
"739","0","0","0","0",-0.798336088657379,3062.111328125,"map_5562_1_1",5,70,300,20,5,0,0.1,35.4719869009902,0.132734303933277,1.02717110556206,11,0.2,1,192.575455332911,24.1767618084271,0.0156072701891494,0.0944577214858848,0.145826543629856,247,5562,1,"1","diploid","female"
"740","0","0","0","0",-0.798336088657379,3062.111328125,"map_5562_1_2",5,70,300,20,5,17.7287300620435,0.1,10.8428297032367,1.00255511538817,2.929253418956,52,0.2,1,192.575455332911,24.1767618084271,0.0202838056851702,0.108620128325932,0.750497124327152,247,5562,1,"2","diploid","female"
"741","0","0","0","0",-0.798336088657379,3062.111328125,"map_5562_1_3",5,70,300,20,5,2.2501281219903,0.1,9.14595964729522,0.260854909578495,2.07465442916085,7,0.2,1,192.575455332911,24.1767618084271,0.00248243721519416,0.00674392371217939,0.576622166761125,247,5562,1,"3","diploid","female"
"742","0","0","0","0",-0.720260322093964,3110.47631835938,"map_5563_1_1",5,70,300,20,5,0,0.1,26.3949562280862,0.190722188582516,1.61127066915127,155,0.2,1,192.894174607489,24.2288906352993,0.0153600849648269,0.0835549169116301,0.0912756171304468,248,5563,1,"1","diploid","female"
"743","0","0","0","0",-0.720260322093964,3110.47631835938,"map_5563_1_2",5,70,300,20,5,0,0.1,12.5710811135135,0.433361666394857,6.08624331579981,128,0.2,1,192.894174607489,24.2288906352993,0.00972172388369072,0.0380529890901377,0.273554055194261,248,5563,1,"2","diploid","female"
"744","0","0","0","0",-0.720260322093964,3110.47631835938,"map_5563_1_3",5,70,300,20,5,3.29097953203229,0.1,9.62482986109541,0.370083897778392,3.08228324952242,155,0.2,1,192.894174607489,24.2288906352993,0.00423313477298939,0.00905005441474671,0.32604423437516,248,5563,1,"3","diploid","female"
"745","0","0","0","0",-0.530690550804138,3191.32666015625,"map_5564_1_1",5,70,300,20,5,0,0.1,19.7175151381041,0.548697661534482,0.808090563185988,295,0.2,1,194.769453485939,23.6095384551309,0.0213290418439265,0.0512737422622921,0.0930027621102766,249,5564,1,"1","diploid","female"
"746","0","0","0","0",-0.530690550804138,3191.32666015625,"map_5564_1_2",5,70,300,20,5,0,0.1,11.4471273252469,0.0654092747251783,4.85588009870281,103,0.2,1,194.769453485939,23.6095384551309,0.000954962762523383,0.00222349506844298,2.57263372798795,249,5564,1,"2","diploid","female"
"747","0","0","0","0",-0.530690550804138,3191.32666015625,"map_5564_1_3",5,70,300,20,5,3.318424687307,0.1,7.8066034189883,0.856759623734212,2.21273382837474,55,0.2,1,194.769453485939,23.6095384551309,0.00561795964664482,0.00788351934218317,0.64744084016301,249,5564,1,"3","diploid","female"
"748","0","0","0","0",-0.550361812114716,3219.63818359375,"map_5565_1_1",5,70,300,20,5,0,0.1,25.5302155024542,0.356305384084741,1.7620558334264,105,0.2,1,159.986387309838,23.6262029212707,0.0264637959809261,0.142373045038729,0.100997076344486,250,5565,1,"1","diploid","female"
"749","0","0","0","0",-0.550361812114716,3219.63818359375,"map_5565_1_2",5,70,300,20,5,6.91970411143608,0.1,6.88776048698827,0.206101202645617,5.41475945340433,45,0.2,1,159.986387309838,23.6262029212707,0.000979608214350211,0.0008932157322309,0.657891696879329,250,5565,1,"2","diploid","female"
"750","0","0","0","0",-0.550361812114716,3219.63818359375,"map_5565_1_3",5,70,300,20,5,2.6276216994235,0.1,7.52440371312293,0.323854408287823,2.19115357674408,88,0.2,1,159.986387309838,23.6262029212707,0.00198000999148958,0.00247735168301067,0.445095024474132,250,5565,1,"3","diploid","female"
"751","0","0","0","0",-0.580001294612885,3143.38720703125,"map_5566_1_1",5,70,300,20,5,0,0.1,15.924533417693,0.526824111310138,1.78652292253465,14,0.2,1,161.023258931613,23.5886689161805,0.0176380001591469,0.0912749707256399,0.281717335071041,251,5566,1,"1","diploid","female"
"752","0","0","0","0",-0.580001294612885,3143.38720703125,"map_5566_1_2",5,70,300,20,5,15.3969197355974,0.1,13.4248725230721,0.763799388560051,0.745620129400693,6,0.2,1,161.023258931613,23.5886689161805,0.0136194773622977,0.0195359798790712,0.120654821745278,251,5566,1,"2","diploid","female"
"753","0","0","0","0",-0.580001294612885,3143.38720703125,"map_5566_1_3",5,70,300,20,5,3.38575278956545,0.1,8.73419061135656,0.546923019391094,2.4127136613182,4,0.2,1,161.023258931613,23.5886689161805,0.00424791015482765,0.00505674900526599,0.41534049433376,251,5566,1,"3","diploid","female"
"754","0","0","0","0",-0.558310508728027,3084.20166015625,"map_5567_1_1",5,70,300,20,5,3.29541680764293,0.1,21.482359486895,0.307099410455315,2.08416718254532,72,0.2,1,160.685586745557,23.6114229453626,0.014873924756322,0.0791277573284813,0.0995424254055205,252,5567,1,"1","diploid","female"
"755","0","0","0","0",-0.558310508728027,3084.20166015625,"map_5567_1_2",5,70,300,20,5,6.10777728044371,0.1,26.268481687705,0.380360005301018,2.16334355960546,115,0.2,1,160.685586745557,23.6114229453626,0.0238621715796771,0.0716138323187164,0.162232846592784,252,5567,1,"2","diploid","female"
"756","0","0","0","0",-0.558310508728027,3084.20166015625,"map_5567_1_3",5,70,300,20,5,3.63126380066571,0.1,11.8433071363826,0.205092602115574,3.27597320248153,169,0.2,1,160.685586745557,23.6114229453626,0.00316076757679316,0.00719887368758438,0.292288416654145,252,5567,1,"3","diploid","female"
"757","0","0","0","0",-0.937974452972412,2991.00439453125,"map_5570_1_1",5,70,300,20,5,1.86690142464504,0.1,20.336330321394,0.217834262318672,1.2603982301638,114,0.2,1,88.6396157464316,24.4052268764373,0.00944601302075379,0.0407921482276821,0.139879715542307,253,5570,1,"1","diploid","female"
"758","0","0","0","0",-0.937974452972412,2991.00439453125,"map_5570_1_2",5,70,300,20,5,3.81037779782844,0.1,13.0761784342165,0.132290866517223,4.29207581922778,64,0.2,1,88.6396157464316,24.4052268764373,0.0025947836162127,0.0100995393996972,0.459153348903892,253,5570,1,"2","diploid","female"
"759","0","0","0","0",-0.937974452972412,2991.00439453125,"map_5570_1_3",5,70,300,20,5,2.6359170961616,0.1,7.68066513892185,0.185943869536687,2.34239958811951,99,0.2,1,88.6396157464316,24.4052268764373,0.000988741117872022,0.000383599582213373,0.518996828059254,253,5570,1,"3","diploid","female"
"760","0","0","0","0",-0.830215573310852,2966.68774414062,"map_5592_1_1",5,70,300,20,5,1.8715652763864,0.1,14.3117834309607,0.167363594441581,1.61625161094054,19,0.2,1,20.694243116261,24.5026309696675,0.004066291311201,0.0120457943291738,0.207085925148748,254,5592,1,"1","diploid","female"
"761","0","0","0","0",-0.830215573310852,2966.68774414062,"map_5592_1_2",5,70,300,20,5,3.53430264429486,0.1,8.86597850803067,0.137568167747484,3.08458236547984,10,0.2,1,20.694243116261,24.5026309696675,0.00125412843007431,0.00367732728623107,0.657450085783474,254,5592,1,"2","diploid","female"
"762","0","0","0","0",-0.830215573310852,2966.68774414062,"map_5592_1_3",5,70,300,20,5,2.81296058651852,0.1,7.12175357586466,0.116358734505311,2.15673357909441,12,0.2,1,20.694243116261,24.5026309696675,0.000522021841706952,1.62602574233432e-05,0.61978271550592,254,5592,1,"3","diploid","female"
"763","0","0","0","0",-0.0571692623198032,3001.42504882812,"map_5593_1_1",5,70,300,20,5,1.30144526249367,0.1,14.6841103548151,0.183201909964379,2.25681254013265,45,0.2,1,19.7896083034451,24.5282769385894,0.00392316168392788,0.00720209368658143,0.301213103912255,255,5593,1,"1","diploid","female"
"764","0","0","0","0",-0.0571692623198032,3001.42504882812,"map_5593_1_2",5,70,300,20,5,7.42486327669235,0.1,8.23187953561902,0.0470021676219882,4.53174125702245,20,0.2,1,19.7896083034451,24.5282769385894,0.000269167513821801,1.14682373679664e-05,2.41960029375765,255,5593,1,"2","diploid","female"
"765","0","0","0","0",-0.0571692623198032,3001.42504882812,"map_5593_1_3",5,70,300,20,5,1.28684630415556,0.1,9.55870518801947,0.171023893059434,3.10757117606298,154,0.2,1,19.7896083034451,24.5282769385894,0.00149321572853073,0.000692492918282058,0.844011184238397,255,5593,1,"3","diploid","female"
"766","0","0","0","0",-0.298453807830811,3145.67211914062,"map_5606_1_1",5,70,300,20,5,0,0.1,20.724069528777,0.191848523176253,1.66611165685789,7,0.2,1,109.846520721714,24.0723762366463,0.0091959774886091,0.0668175043094206,0.143187190768408,256,5606,1,"1","diploid","female"
"767","0","0","0","0",-0.298453807830811,3145.67211914062,"map_5606_1_2",5,70,300,20,5,11.3021941379408,0.1,9.15418293057954,0.235663094203299,3.79885020051748,2,0.2,1,109.846520721714,24.0723762366463,0.0017308000713519,0.000244326020210397,0.574796694336123,256,5606,1,"2","diploid","female"
"768","0","0","0","0",-0.298453807830811,3145.67211914062,"map_5606_1_3",5,70,300,20,5,2.30182226109141,0.1,8.28787009006204,0.33676414635645,2.76543862709909,4,0.2,1,109.846520721714,24.0723762366463,0.00227827047418677,0.00149672759873832,0.36286469060853,256,5606,1,"3","diploid","female"
"769","0","0","0","0",0.125896453857422,3059.69067382812,"map_5609_1_1",5,70,300,20,5,4.81241757556144,0.1,7.58688170907568,0.33613498539342,4.86717884741325,7,0.2,1,57.3945314321803,23.5988696122618,0.00241669110888574,0.0058218859028821,0.401091828167021,257,5609,1,"1","diploid","female"
"770","0","0","0","0",0.125896453857422,3059.69067382812,"map_5609_1_2",5,70,300,20,5,7.76496209112877,0.1,5.22404340927325,0.827201584302317,6.68489618431542,6,0.2,1,57.3945314321803,23.5988696122618,0.00189088724496471,0.000118039809253843,1.59021764108783,257,5609,1,"2","diploid","female"
"771","0","0","0","0",0.125896453857422,3059.69067382812,"map_5609_1_3",5,70,300,20,5,5.11346098126515,0.1,7.24722618458398,0.432822937253009,5.06217080799413,3,0.2,1,57.3945314321803,23.5988696122618,0.00239816834659114,0.00154691228032556,0.441398842536654,257,5609,1,"3","diploid","female"
"772","0","0","0","0",-0.645097851753235,2823.83032226562,"map_5648_1_1",5,70,300,20,5,0,0.1,14.4446510888762,0.0231090407919983,0.0519105164485235,76,0.2,1,112.011654172625,24.9520085139396,0.000740270846018126,0.00441581281332121,0.337136501094308,258,5648,1,"1","diploid","female"
"773","0","0","0","0",-0.645097851753235,2823.83032226562,"map_5648_1_2",5,70,300,20,5,3.11835755302007,0.1,23.0070414677409,0.712262827158456,0.25312741225709,124,0.2,1,112.011654172625,24.9520085139396,0.0362664564041404,0.146481364520482,0.12517968225646,258,5648,1,"2","diploid","female"
"774","0","0","0","0",-0.645097851753235,2823.83032226562,"map_5648_1_3",5,70,300,20,5,1.39369243253144,0.1,11.1666612757021,0.364720529083591,0.768916236141646,89,0.2,1,112.011654172625,24.9520085139396,0.00489845345533187,0.0110017486100491,0.483251994639622,258,5648,1,"3","diploid","female"
"775","0","0","0","0",-0.641028344631195,3016.28247070312,"map_5650_1_1",5,70,300,20,5,0,0.1,13.5335864536264,0.300702104481806,2.66101912441507,11,0.2,1,113.597515289966,23.6766761813581,0.00708236075541553,0.0253831624602219,0.157663689407417,259,5650,1,"1","diploid","female"
"776","0","0","0","0",-0.641028344631195,3016.28247070312,"map_5650_1_2",5,70,300,20,5,9.55606705154702,0.1,14.6815999936292,0.436573942233678,1.79521554534283,5,0.2,1,113.597515289966,23.6766761813581,0.00890103776830893,0.012940343307478,0.212695970615164,259,5650,1,"2","diploid","female"
"777","0","0","0","0",-0.641028344631195,3016.28247070312,"map_5650_1_3",5,70,300,20,5,1.77393735570173,0.1,6.95257253905753,0.389397637105992,3.54517153615173,5,0.2,1,113.597515289966,23.6766761813581,0.00191071888138247,0.00085011271034582,0.432547984081976,259,5650,1,"3","diploid","female"
"778","0","0","0","0",-0.760176956653595,3111.72680664062,"map_5651_1_1",5,70,300,20,5,0,0.1,16.9017037514465,0.020702963178314,0.108304997786993,42,0.2,1,295.298242562633,23.6756163703775,0.000783869162457471,0.00378216727661293,0.215608301534685,260,5651,1,"1","diploid","female"
"779","0","0","0","0",-0.760176956653595,3111.72680664062,"map_5651_1_2",5,70,300,20,5,8.31385583916618,0.1,15.351478935431,1.26416600324396,2.68186649379692,58,0.2,1,295.298242562633,23.6756163703775,0.0561410703404084,0.272122789574471,0.439416666600767,260,5651,1,"2","diploid","female"
"780","0","0","0","0",-0.760176956653595,3111.72680664062,"map_5651_1_3",5,70,300,20,5,2.83403907851237,0.1,8.63103514680535,0.690835031295437,3.38977684349506,43,0.2,1,295.298242562633,23.6756163703775,0.00764546483011385,0.0251784106713686,0.450998193803997,260,5651,1,"3","diploid","female"
"781","0","0","0","0",-0.781871914863586,3105.98608398438,"map_5653_1_1",5,70,300,20,5,0,0.1,12.1462535292744,0.138933715072488,1.03092720716577,68,0.2,1,291.818584099957,23.5087438241192,0.00221842942793972,0.00671396598285302,0.588346544631969,261,5653,1,"1","diploid","female"
"782","0","0","0","0",-0.781871914863586,3105.98608398438,"map_5653_1_2",5,70,300,20,5,7.99832940637633,0.1,28.1584856557179,0.463552469261744,1.63954972922585,77,0.2,1,291.818584099957,23.5087438241192,0.0361590128351449,0.184269864692374,0.112689714012311,261,5653,1,"2","diploid","female"
"783","0","0","0","0",-0.781871914863586,3105.98608398438,"map_5653_1_3",5,70,300,20,5,2.92971499488292,0.1,17.3788155527274,0.233105252661751,2.42490520249955,69,0.2,1,291.818584099957,23.5087438241192,0.00806397385748934,0.0308673418045939,0.280224682397763,261,5653,1,"3","diploid","female"
"784","0","0","0","0",-0.394487857818604,2946.60473632812,"map_5661_1_1",5,70,300,20,5,2.50307984985723,0.1,18.5228659877491,0.264438357279602,1.69916188667491,34,0.2,1,66.9665588334549,24.4713947931925,0.0104676495161269,0.046913310017366,0.178452196084304,262,5661,1,"1","diploid","female"
"785","0","0","0","0",-0.394487857818604,2946.60473632812,"map_5661_1_2",5,70,300,20,5,4.88507039165291,0.1,7.53878697670808,0.284152803370589,4.17266458836615,16,0.2,1,66.9665588334549,24.4713947931925,0.00151801833591064,0.000665359028296236,0.631858951331967,262,5661,1,"2","diploid","female"
"786","0","0","0","0",-0.394487857818604,2946.60473632812,"map_5661_1_3",5,70,300,20,5,2.91378670874648,0.1,8.3422536733408,0.180677766352306,2.4201166663111,15,0.2,1,66.9665588334549,24.4713947931925,0.00121883249821298,0.000757497588568031,0.507511277301444,262,5661,1,"3","diploid","female"
"787","0","0","0","0",-0.490346521139145,2987.00805664062,"map_5665_1_1",5,70,300,20,5,0,0.1,19.6453679634393,0.297296303522842,1.65494679948795,7,0.2,1,121.265670548246,24.1844094366198,0.0113399352001917,0.0327501567705151,0.0797454386761502,263,5665,1,"1","diploid","female"
"788","0","0","0","0",-0.490346521139145,2987.00805664062,"map_5665_1_2",5,70,300,20,5,15.1880111738633,0.1,12.3439116531041,0.223440283098478,4.0827698355139,3,0.2,1,121.265670548246,24.1844094366198,0.00377704291222342,0.00734907805490499,0.234179020687409,263,5665,1,"2","diploid","female"
"789","0","0","0","0",-0.490346521139145,2987.00805664062,"map_5665_1_3",5,70,300,20,5,2.1503166606459,0.1,10.7598594444071,0.242766285768807,2.65982638088442,3,0.2,1,121.265670548246,24.1844094366198,0.00288265344271829,0.0026429552322048,0.230203424559902,263,5665,1,"3","diploid","female"
"790","0","0","0","0",-0.786131680011749,3012.65795898438,"map_5666_1_1",5,70,300,20,5,0,0.1,22.654782966085,0.430045561285719,1.08471203558103,24,0.2,1,192.28004662143,24.1689046646405,0.0225006064046535,0.080989427245243,0.132904736354167,264,5666,1,"1","diploid","female"
"791","0","0","0","0",-0.786131680011749,3012.65795898438,"map_5666_1_2",5,70,300,20,5,18.1067280359751,0.1,18.0383123105265,0.904484217026074,0.161515798962662,53,0.2,1,192.28004662143,24.1689046646405,0.026187320044795,0.0288573106615328,0.0802865688037081,264,5666,1,"2","diploid","female"
"792","0","0","0","0",-0.786131680011749,3012.65795898438,"map_5666_1_3",5,70,300,20,5,3.21737191176217,0.1,9.02758091627165,0.613605509449593,2.12208134698077,10,0.2,1,192.28004662143,24.1689046646405,0.00557893063691663,0.0156735228978826,0.574651578184474,264,5666,1,"3","diploid","female"
"793","0","0","0","0",-0.56416130065918,3055.22607421875,"map_5667_1_1",5,70,300,20,5,0,0.1,27.660695516722,0.190901797986098,2.17757826004019,75,0.2,1,201.271277975798,24.1545011425335,0.0174705644202436,0.099451790341958,0.136134862044558,265,5667,1,"1","diploid","female"
"794","0","0","0","0",-0.56416130065918,3055.22607421875,"map_5667_1_2",5,70,300,20,5,6.89753567960214,0.1,30.0859758432272,0.253106594901724,4.59399798333726,70,0.2,1,201.271277975798,24.1545011425335,0.0258494974788483,0.148502403263475,0.24060234703622,265,5667,1,"2","diploid","female"
"795","0","0","0","0",-0.56416130065918,3055.22607421875,"map_5667_1_3",5,70,300,20,5,2.88439162519709,0.1,10.8669649700511,0.219249827615619,3.06897002463002,73,0.2,1,201.271277975798,24.1545011425335,0.00413645594700677,0.0175071851418422,0.478248741277647,265,5667,1,"3","diploid","female"
"796","0","0","0","0",-0.57792717218399,3133.88500976562,"map_5668_1_1",5,70,300,20,5,0,0.1,19.6342533155349,0.13022809869069,1.32210577353065,9,0.2,1,191.401989781579,23.6224924013596,0.0054497843394004,0.0260937004011268,0.136118179400766,266,5668,1,"1","diploid","female"
"797","0","0","0","0",-0.57792717218399,3133.88500976562,"map_5668_1_2",5,70,300,20,5,7.13552477573638,0.1,16.0262483408005,0.251924052981377,4.20850126899136,5,0.2,1,191.401989781579,23.6224924013596,0.00665534887013775,0.0206553530815461,0.301278905343966,266,5668,1,"2","diploid","female"
"798","0","0","0","0",-0.57792717218399,3133.88500976562,"map_5668_1_3",5,70,300,20,5,2.99942159020207,0.1,12.4082096049195,0.194870213183762,2.71338398972097,6,0.2,1,191.401989781579,23.6224924013596,0.00342434709259272,0.00995460085427962,0.345416578259899,266,5668,1,"3","diploid","female"
"799","0","0","0","0",-0.35502028465271,3105.52001953125,"map_5670_1_1",5,70,300,20,5,3.82111600725147,0.1,22.1094769612617,0.339186289634026,1.97755547535455,83,0.2,1,159.379829837634,23.6363575176015,0.0182609990595766,0.0735511898614117,0.0576102835417382,267,5670,1,"1","diploid","female"
"800","0","0","0","0",-0.35502028465271,3105.52001953125,"map_5670_1_2",5,70,300,20,5,7.15446651215498,0.1,15.4803388222564,0.392228349489489,4.15884530208176,49,0.2,1,159.379829837634,23.6363575176015,0.0102525763962406,0.0252468754535224,0.131479397662437,267,5670,1,"2","diploid","female"
"801","0","0","0","0",-0.35502028465271,3105.52001953125,"map_5670_1_3",5,70,300,20,5,3.87186058054959,0.1,11.9549200563977,0.331647178123899,3.15751449979029,31,0.2,1,159.379829837634,23.6363575176015,0.00526320485762679,0.00876526182490619,0.230155242824091,267,5670,1,"3","diploid","female"
"802","0","0","0","0",-0.620026290416718,3048.27587890625,"map_5671_1_1",5,70,300,20,5,0,0.1,17.7353165082705,0.316578096662671,2.47683146990719,40,0.2,1,158.519255831392,23.608208237666,0.0114797205446311,0.0401053847415372,0.123241619512978,268,5671,1,"1","diploid","female"
"803","0","0","0","0",-0.620026290416718,3048.27587890625,"map_5671_1_2",5,70,300,20,5,13.303260498476,0.1,15.1064382294678,0.874322720444357,0.191870783482212,50,0.2,1,158.519255831392,23.608208237666,0.0212096807581467,0.0849267578616259,0.100169098531266,268,5671,1,"2","diploid","female"
"804","0","0","0","0",-0.620026290416718,3048.27587890625,"map_5671_1_3",5,70,300,20,5,2.17419381165808,0.1,7.45248588479182,0.395670581994623,3.58140153328301,9,0.2,1,158.519255831392,23.608208237666,0.00246035223317421,0.00273158860722764,0.399858143068486,268,5671,1,"3","diploid","female"
"805","0","0","0","0",-0.511472404003143,2979.65087890625,"map_5673_1_1",5,70,300,20,5,2.47524662665925,0.1,19.0945598344443,0.214304047241439,2.4275400765725,110,0.2,1,77.7301340324934,24.4123969710678,0.00990451295821539,0.0556847950140308,0.186515189781542,269,5673,1,"1","diploid","female"
"806","0","0","0","0",-0.511472404003143,2979.65087890625,"map_5673_1_2",5,70,300,20,5,4.89443172181413,0.1,9.33843299859797,0.153036197565387,4.82462888222671,30,0.2,1,77.7301340324934,24.4123969710678,0.00143886003085017,0.00195825295767285,0.66410093042397,269,5673,1,"2","diploid","female"
"807","0","0","0","0",-0.511472404003143,2979.65087890625,"map_5673_1_3",5,70,300,20,5,3.07327586108032,0.1,8.27519715678137,0.233354782877474,3.0112859136617,115,0.2,1,77.7301340324934,24.4123969710678,0.00172953693732404,0.00189861383948218,0.435020025203861,269,5673,1,"3","diploid","female"
"808","0","0","0","0",-0.579649686813354,2958.79907226562,"map_5674_1_1",5,70,300,20,5,0,0.1,15.3487142871954,0.425217830376482,0.855461128718805,11,0.2,1,83.2085390946398,24.3926481316652,0.0119849810861723,0.0471233023855258,0.167842634140282,270,5674,1,"1","diploid","female"
"809","0","0","0","0",-0.579649686813354,2958.79907226562,"map_5674_1_2",5,70,300,20,5,7.64219912350774,0.1,9.38695991376357,0.215928125437974,3.25204073722992,3,0.2,1,83.2085390946398,24.3926481316652,0.00202853176973114,0.00393264783077235,1.858116400498,270,5674,1,"2","diploid","female"
"810","0","0","0","0",-0.579649686813354,2958.79907226562,"map_5674_1_3",5,70,300,20,5,1.27627000798881,0.1,9.27762677755807,0.235236709784778,2.15049920344834,3,0.2,1,83.2085390946398,24.3926481316652,0.00194959190343979,0.00165106437106618,0.621997433865981,270,5674,1,"3","diploid","female"
"811","0","0","0","0",-0.324502110481262,2993.4208984375,"map_5697_1_1",5,70,300,20,5,2.71447686769516,0.1,10.4133113428607,0.353451424809786,1.26777480017829,9,0.2,1,20.8449429840691,24.5246455975149,0.00387289762914465,0.00714381871213657,0.438434508548368,271,5697,1,"1","diploid","female"
"812","0","0","0","0",-0.324502110481262,2993.4208984375,"map_5697_1_2",5,70,300,20,5,5.17592135923213,0.1,7.57104506685786,0.325144560130906,1.95606986332342,3,0.2,1,20.8449429840691,24.5246455975149,0.00159909569648179,2.57478651181522e-05,1.16710158359683,271,5697,1,"2","diploid","female"
"813","0","0","0","0",-0.324502110481262,2993.4208984375,"map_5697_1_3",5,70,300,20,5,3.66331974606768,0.1,5.77853147406367,0.460065698541967,2.53793032824961,4,0.2,1,20.8449429840691,24.5246455975149,0.00135623523933312,3.45151110638233e-05,0.740825841886499,271,5697,1,"3","diploid","female"
"814","0","0","0","0",-0.482558816671371,3007.69287109375,"map_5708_1_1",5,70,300,20,5,1.49906777763589,0.1,13.4716804602714,0.161410910369601,2.02529360285223,26,0.2,1,55.1361588996114,23.5625427881877,0.00303672219893258,0.00660352728394196,0.309160595087752,272,5708,1,"1","diploid","female"
"815","0","0","0","0",-0.482558816671371,3007.69287109375,"map_5708_1_2",5,70,300,20,5,6.97830790226572,0.1,9.63124153796595,0.581522283744073,0.580511249909317,73,0.2,1,55.1361588996114,23.5625427881877,0.00468499838165615,0.00171363612528032,0.270455220371361,272,5708,1,"2","diploid","female"
"816","0","0","0","0",-0.482558816671371,3007.69287109375,"map_5708_1_3",5,70,300,20,5,1.54685587634657,0.1,8.30918933103496,0.0909468470836765,2.94147882218979,24,0.2,1,55.1361588996114,23.5625427881877,0.000561946678988879,6.7589389728696e-05,0.528494547622646,272,5708,1,"3","diploid","female"
"817","0","0","0","0",-0.24333767592907,3040.90209960938,"map_5709_1_1",5,70,300,20,5,0,0.1,15.8781835430388,0.284136799088095,1.55902172682628,27,0.2,1,113.87162826386,24.0182593978257,0.00756899985146405,0.0339215460899696,0.210823195152303,273,5709,1,"1","diploid","female"
"818","0","0","0","0",-0.24333767592907,3040.90209960938,"map_5709_1_2",5,70,300,20,5,10.2132368438541,0.1,8.66575414065086,0.182694257535325,5.25397611083137,8,0.2,1,113.87162826386,24.0182593978257,0.00150636065436083,0.00327269281564005,0.451126568769925,273,5709,1,"2","diploid","female"
"819","0","0","0","0",-0.24333767592907,3040.90209960938,"map_5709_1_3",5,70,300,20,5,2.58126802224182,0.1,8.92096094612849,0.185699666812061,3.05371445771562,14,0.2,1,113.87162826386,24.0182593978257,0.00151640992712054,0.00181563530277837,0.363866014389663,273,5709,1,"3","diploid","female"
"820","0","0","0","0",-0.365786790847778,3054.01245117188,"map_5713_1_1",5,70,300,20,5,3.16834866428361,0.1,10.3446456495376,0.438558722075063,1.31839303878328,10,0.2,1,56.7776805213916,24.0469557710396,0.0045029999194838,0.00545999296347171,0.4097696247044,274,5713,1,"1","diploid","female"
"821","0","0","0","0",-0.365786790847778,3054.01245117188,"map_5713_1_2",5,70,300,20,5,5.83422814410322,0.1,6.59694802473144,0.325652208244774,4.52075361911058,3,0.2,1,56.7776805213916,24.0469557710396,0.00126085635692669,9.74467224649789e-05,2.14064516505414,274,5713,1,"2","diploid","female"
"822","0","0","0","0",-0.365786790847778,3054.01245117188,"map_5713_1_3",5,70,300,20,5,3.88051522976358,0.1,6.62047957009609,0.363085159802801,3.14330294628957,4,0.2,1,56.7776805213916,24.0469557710396,0.00150874050556263,0.000320429973335442,0.609556482185227,274,5713,1,"3","diploid","female"
"823","0","0","0","0",-0.767269909381866,2775.24560546875,"map_5752_1_1",5,70,300,20,5,0,0.1,10.6281140319251,0.0273149669552131,0.0107992919455957,12,0.2,1,36.7939652392634,24.9482504653508,0.000467559565888641,0.00209736160925005,0.710777346345503,275,5752,1,"1","diploid","female"
"824","0","0","0","0",-0.767269909381866,2775.24560546875,"map_5752_1_2",5,70,300,20,5,3.28716247575009,0.1,8.52689706744629,0.000682666632159334,0.0231635749064003,3,0.2,1,36.7939652392634,24.9482504653508,4.82403094961111e-06,8.60564148606537e-07,0.322183773114514,275,5752,1,"2","diploid","female"
"825","0","0","0","0",-0.767269909381866,2775.24560546875,"map_5752_1_3",5,70,300,20,5,0.424432887188602,0.1,8.36225059138268,0.0779280892346369,0.184977347010571,3,0.2,1,36.7939652392634,24.9482504653508,0.000472655372233606,5.48002987929711e-05,0.638717544709163,275,5752,1,"3","diploid","female"
"826","0","0","0","0",-0.727047622203827,2828.17626953125,"map_5753_1_1",5,70,300,20,5,0,0.1,15.7034496225291,0.143583054055441,0.490438292936962,49,0.2,1,37.1563638048711,24.918415255668,0.00394934240804768,0.0149011662160106,0.195005958063012,276,5753,1,"1","diploid","female"
"827","0","0","0","0",-0.727047622203827,2828.17626953125,"map_5753_1_2",5,70,300,20,5,2.92688601067288,0.1,10.7550474392889,0.25380095966492,1.69398171233902,27,0.2,1,37.1563638048711,24.918415255668,0.00323667344485546,0.00802184003671503,0.541159387810277,276,5753,1,"2","diploid","female"
"828","0","0","0","0",-0.727047622203827,2828.17626953125,"map_5753_1_3",5,70,300,20,5,0.651845919776459,0.1,8.21941131449312,0.175730839775974,0.96866936814248,23,0.2,1,37.1563638048711,24.918415255668,0.00105246074451306,0.000169432816517009,0.457728240761786,276,5753,1,"3","diploid","female"
"829","0","0","0","0",-0.846190333366394,3002.77172851562,"map_5755_1_1",5,70,300,20,5,0,0.1,14.1198671193748,0.218111989835635,1.77003906547582,5,0.2,1,75.295628050237,23.7091560427137,0.00513278089885702,0.023662638677779,0.205770318398035,277,5755,1,"1","diploid","female"
"830","0","0","0","0",-0.846190333366394,3002.77172851562,"map_5755_1_2",5,70,300,20,5,7.9849118161825,0.1,12.3448291638618,0.252948120630749,3.55072590759122,3,0.2,1,75.295628050237,23.7091560427137,0.00420075570257346,0.016590915405472,0.426717112510323,277,5755,1,"2","diploid","female"
"831","0","0","0","0",-0.846190333366394,3002.77172851562,"map_5755_1_3",5,70,300,20,5,1.59037591004435,0.1,7.27024196331923,0.274763817656566,2.94788743209193,2,0.2,1,75.295628050237,23.7091560427137,0.00137781232999076,0.000180694631138752,0.493152380957068,277,5755,1,"3","diploid","female"
"832","0","0","0","0",-0.897233605384827,3051.162109375,"map_5756_1_1",5,70,300,20,5,2.27673397020596,0.1,13.4797852107068,0.209120929802169,2.12458135043839,62,0.2,1,80.6593882538552,23.6852678750969,0.00446425179735673,0.0108838495697539,0.260743412819192,278,5756,1,"1","diploid","female"
"833","0","0","0","0",-0.897233605384827,3051.162109375,"map_5756_1_2",5,70,300,20,5,3.96464857590712,0.1,11.8568386949053,0.183457850949903,3.5429678079342,26,0.2,1,80.6593882538552,23.6852678750969,0.00291562222104215,0.0033555422501098,0.34015958926023,278,5756,1,"2","diploid","female"
"834","0","0","0","0",-0.897233605384827,3051.162109375,"map_5756_1_3",5,70,300,20,5,3.39800409223364,0.1,6.33216908126763,0.22685339459141,2.67550756550428,105,0.2,1,80.6593882538552,23.6852678750969,0.000824470781054447,6.7413105204901e-05,0.642803725383913,278,5756,1,"3","diploid","female"
"835","0","0","0","0",-0.736628711223602,3011.15551757812,"map_5759_1_1",5,70,300,20,5,2.72186325903149,0.1,14.9403494709044,0.245876954157263,1.85617706715062,103,0.2,1,81.9685192488357,23.4954755835887,0.0062304106780003,0.0199727732896133,0.227450896145286,279,5759,1,"1","diploid","female"
"836","0","0","0","0",-0.736628711223602,3011.15551757812,"map_5759_1_2",5,70,300,20,5,6.85126889022445,0.1,10.6400933491251,0.733984432864139,0.485366786569907,158,0.2,1,81.9685192488357,23.4954755835887,0.00825262554686693,0.0132999548213117,0.208437767010826,279,5759,1,"2","diploid","female"
"837","0","0","0","0",-0.736628711223602,3011.15551757812,"map_5759_1_3",5,70,300,20,5,2.85810186072291,0.1,7.78732998909456,0.108278921314432,2.7807713709276,87,0.2,1,81.9685192488357,23.4954755835887,0.000592095111757855,6.58364335079771e-05,0.744692584304176,279,5759,1,"3","diploid","female"
"838","0","0","0","0",-0.597004771232605,3069.37646484375,"map_5761_1_1",5,70,300,20,5,0,0.1,12.3303135371866,0.25402522456348,2.09335279195591,32,0.2,1,83.0513578586008,24.0648714221857,0.00463256569067795,0.0130988346228151,0.224133896161718,280,5761,1,"1","diploid","female"
"839","0","0","0","0",-0.597004771232605,3069.37646484375,"map_5761_1_2",5,70,300,20,5,9.3017749612119,0.1,7.7632917520761,0.252934031521952,4.63078500584064,14,0.2,1,83.0513578586008,24.0648714221857,0.00134822164995147,0.00016356479736572,0.584315039291907,280,5761,1,"2","diploid","female"
"840","0","0","0","0",-0.597004771232605,3069.37646484375,"map_5761_1_3",5,70,300,20,5,1.54786757160549,0.1,7.7052192344728,0.161717211460199,2.71208823651846,13,0.2,1,83.0513578586008,24.0648714221857,0.00083070061973874,7.44302440626823e-05,0.480063205637114,280,5761,1,"3","diploid","female"
"841","0","0","0","0",-0.562310218811035,2985.5166015625,"map_5770_1_1",5,70,300,20,5,0,0.1,25.6211161321259,0.0927111866134992,0.830942783113522,63,0.2,1,196.41064928378,24.1887546325971,0.00666401506182071,0.0300071363727555,0.18099004862621,281,5770,1,"1","diploid","female"
"842","0","0","0","0",-0.562310218811035,2985.5166015625,"map_5770_1_2",5,70,300,20,5,6.07924030248368,0.1,24.7341569450991,0.401194610173581,1.83513043985277,73,0.2,1,196.41064928378,24.1887546325971,0.0277746389476724,0.116612755624758,0.152470769956857,281,5770,1,"2","diploid","female"
"843","0","0","0","0",-0.562310218811035,2985.5166015625,"map_5770_1_3",5,70,300,20,5,2.68604416800008,0.1,12.5420956615124,0.158257075309491,2.09251931220473,65,0.2,1,196.41064928378,24.1887546325971,0.00269659287990454,0.00615603605510811,0.380482412539328,281,5770,1,"3","diploid","female"
"844","0","0","0","0",-0.614170968532562,3016.67016601562,"map_5771_1_1",5,70,300,20,5,0,0.1,21.9121410401193,0.147490518110736,1.86821535567134,138,0.2,1,185.962308078905,24.2149414423692,0.00951788222124683,0.0459295713291936,0.157423050074642,282,5771,1,"1","diploid","female"
"845","0","0","0","0",-0.614170968532562,3016.67016601562,"map_5771_1_2",5,70,300,20,5,20.3738884393241,0.1,22.6041386789699,0.38553745726733,5.58939786801673,124,0.2,1,185.962308078905,24.2149414423692,0.0270426879880642,0.159545236011608,0.256170234256681,282,5771,1,"2","diploid","female"
"846","0","0","0","0",-0.614170968532562,3016.67016601562,"map_5771_1_3",5,70,300,20,5,3.46992866760601,0.1,8.40152489892543,0.330129676934063,3.5069513980114,147,0.2,1,185.962308078905,24.2149414423692,0.00302898759266466,0.00840396622463651,0.445350494969556,282,5771,1,"3","diploid","female"
"847","0","0","0","0",-0.823947966098785,3066.11840820312,"map_5772_1_1",5,70,300,20,5,2.87701106402997,0.1,18.768456025733,0.189389445460356,2.32037781105488,74,0.2,1,194.020910446826,23.6342756820543,0.0079568507580034,0.0377310820190669,0.185395496680898,283,5772,1,"1","diploid","female"
"848","0","0","0","0",-0.823947966098785,3066.11840820312,"map_5772_1_2",5,70,300,20,5,5.5950145712839,0.1,18.8979344409935,0.200219906871773,5.08017224814017,69,0.2,1,194.020910446826,23.6342756820543,0.00882431212076262,0.0396505421180608,0.355356994360327,283,5772,1,"2","diploid","female"
"849","0","0","0","0",-0.823947966098785,3066.11840820312,"map_5772_1_3",5,70,300,20,5,2.91083190925493,0.1,10.7652118333475,0.18532173758682,3.16314885960925,72,0.2,1,194.020910446826,23.6342756820543,0.00265880726723937,0.0072607718473254,0.455643126309287,283,5772,1,"3","diploid","female"
"850","0","0","0","0",-0.930358350276947,3103.43359375,"map_5773_1_1",5,70,300,20,5,2.57360821661859,0.1,23.0675606082475,0.296656982541971,2.16214334434948,153,0.2,1,158.125377591662,23.5984434294674,0.0166651681451978,0.0898505091260152,0.0600284493882574,284,5773,1,"1","diploid","female"
"851","0","0","0","0",-0.930358350276947,3103.43359375,"map_5773_1_2",5,70,300,20,5,4.93118487469983,0.1,26.3896042310658,0.35149750271749,2.93283298260549,95,0.2,1,158.125377591662,23.5984434294674,0.0244005786894074,0.149574518563683,0.107919312423727,284,5773,1,"2","diploid","female"
"852","0","0","0","0",-0.930358350276947,3103.43359375,"map_5773_1_3",5,70,300,20,5,3.06244495038765,0.1,10.6706308279131,0.268225119270404,3.28612744016948,125,0.2,1,158.125377591662,23.5984434294674,0.0031169185376196,0.00309263955493492,0.195465678969685,284,5773,1,"3","diploid","female"
"853","0","0","0","0",-0.213595151901245,3092.271484375,"map_5774_1_1",5,70,300,20,5,4.18874362323837,0.1,18.4722650277409,0.22505042796355,2.48428065482923,86,0.2,1,162.443552036222,23.5706754547153,0.00924614098652797,0.0484543055757378,0.270416193396503,285,5774,1,"1","diploid","female"
"854","0","0","0","0",-0.213595151901245,3092.271484375,"map_5774_1_2",5,70,300,20,5,7.70473220510025,0.1,13.1826366560685,0.28555081379034,5.7220144945762,77,0.2,1,162.443552036222,23.5706754547153,0.00551010026059329,0.020660364482983,0.358150364034455,285,5774,1,"2","diploid","female"
"855","0","0","0","0",-0.213595151901245,3092.271484375,"map_5774_1_3",5,70,300,20,5,4.16013819668615,0.1,14.9782956594723,0.214375590699949,3.46313901472873,82,0.2,1,162.443552036222,23.5706754547153,0.00544096789974765,0.0212459716095393,0.224903356138372,285,5774,1,"3","diploid","female"
"856","0","0","0","0",-0.48900493979454,3021.95751953125,"map_5775_1_1",5,70,300,20,5,0,0.1,17.5752205397694,0.292715244569207,2.23480451547507,41,0.2,1,159.545452561489,24.4038917611208,0.0130614629209058,0.0760224905678218,0.184420957276269,286,5775,1,"1","diploid","female"
"857","0","0","0","0",-0.48900493979454,3021.95751953125,"map_5775_1_2",5,70,300,20,5,6.21286899091653,0.1,27.1323361104002,0.485136561455103,1.65514622589538,34,0.2,1,159.545452561489,24.4038917611208,0.0338902346389875,0.119097858900137,0.217580978863475,286,5775,1,"2","diploid","female"
"858","0","0","0","0",-0.48900493979454,3021.95751953125,"map_5775_1_3",5,70,300,20,5,3.22213001267989,0.1,8.72307554561832,0.434079642396945,3.29484092303839,11,0.2,1,159.545452561489,24.4038917611208,0.00446847440229479,0.015517017525996,0.395287511848006,286,5775,1,"3","diploid","female"
"859","0","0","0","0",-0.900739073753357,2936.65942382812,"map_5778_1_1",5,70,300,20,5,0,0.1,17.4827809767543,0.205840818996894,1.33387595270963,14,0.2,1,81.4422410540406,24.391690641173,0.00774380897324429,0.0317067899680614,0.170009449325548,287,5778,1,"1","diploid","female"
"860","0","0","0","0",-0.900739073753357,2936.65942382812,"map_5778_1_2",5,70,300,20,5,5.65389165056521,0.1,12.7889391063134,0.122798033915096,3.01219520452469,7,0.2,1,81.4422410540406,24.391690641173,0.00267611309764595,0.00858990273689559,0.459887103630685,287,5778,1,"2","diploid","female"
"861","0","0","0","0",-0.900739073753357,2936.65942382812,"map_5778_1_3",5,70,300,20,5,1.83492017434023,0.1,8.52609076942933,0.0790668542747212,1.7793007115191,5,0.2,1,81.4422410540406,24.391690641173,0.00051765213667628,0.000114665004625057,0.567229525693249,287,5778,1,"3","diploid","female"
"862","0","0","0","0",-0.412609130144119,2956.77612304688,"map_5801_1_1",5,70,300,20,5,2.46690924661397,0.1,12.9788564344083,0.265806581840682,1.01949211890334,24,0.2,1,20.6976743407572,24.5347417193526,0.00420389840520513,0.00619900988739588,0.280642124511496,288,5801,1,"1","diploid","female"
"863","0","0","0","0",-0.412609130144119,2956.77612304688,"map_5801_1_2",5,70,300,20,5,4.51990570194482,0.1,8.13111447305902,0.105173872326962,3.08188083148826,8,0.2,1,20.6976743407572,24.5347417193526,0.000607120553700151,0.000161979840145119,2.23350608363202,288,5801,1,"2","diploid","female"
"864","0","0","0","0",-0.412609130144119,2956.77612304688,"map_5801_1_3",5,70,300,20,5,3.25689288068452,0.1,8.56274599894662,0.128258117660497,2.19366435193748,19,0.2,1,20.6976743407572,24.5347417193526,0.000803134744307582,9.50666953670534e-05,0.910941195972989,288,5801,1,"3","diploid","female"
"865","0","0","0","0",0.0124342059716582,3033.669921875,"map_5813_1_1",5,70,300,20,5,2.08502998876349,0.1,18.1687341372552,0.177798980198812,2.67133719325583,55,0.2,1,112.517780516235,24.0687777957515,0.00679018599898483,0.0380035704845415,0.147222467325971,289,5813,1,"1","diploid","female"
"866","0","0","0","0",0.0124342059716582,3033.669921875,"map_5813_1_2",5,70,300,20,5,11.3366596817409,0.1,8.3048501044512,0.292580383264246,8.72294024038492,48,0.2,1,112.517780516235,24.0687777957515,0.00209832284981892,0.00109667736250277,0.475810289275318,289,5813,1,"2","diploid","female"
"867","0","0","0","0",0.0124342059716582,3033.669921875,"map_5813_1_3",5,70,300,20,5,1.80235356862298,0.1,10.2287670228222,0.285806668020064,4.42400940391885,49,0.2,1,112.517780516235,24.0687777957515,0.00329705197701325,0.00481416239016454,0.255844338289729,289,5813,1,"3","diploid","female"
"868","0","0","0","0",-0.418908834457397,3163.7802734375,"map_5815_1_1",5,70,300,20,5,0,0.1,17.7379101127097,0.409087970683785,0.813163126907116,189,0.2,1,113.38282042722,24.0416493205665,0.0127936034865099,0.0418228635641289,0.148688783452671,290,5815,1,"1","diploid","female"
"869","0","0","0","0",-0.418908834457397,3163.7802734375,"map_5815_1_2",5,70,300,20,5,7.81790317116683,0.1,6.90733510795602,0.330783409458378,7.35279565201363,55,0.2,1,113.38282042722,24.0416493205665,0.0015464255535569,0.000233800262342782,0.48704739349351,290,5815,1,"2","diploid","female"
"870","0","0","0","0",-0.418908834457397,3163.7802734375,"map_5815_1_3",5,70,300,20,5,3.00847271529757,0.1,8.44370184920511,0.353405194448358,2.88673138805801,167,0.2,1,113.38282042722,24.0416493205665,0.00259286323328222,0.00182418797758739,0.329848325691144,290,5815,1,"3","diploid","female"
"871","0","0","0","0",-0.611893117427826,2900.72534179688,"map_5859_1_1",5,70,300,20,5,0,0.1,38.5512995236756,0.165519779392306,0.479266101905662,10,0.2,1,82.4814568579791,25.2838735493843,0.0237301001885046,0.116482420452174,0.146440347712941,291,5859,1,"1","diploid","female"
"872","0","0","0","0",-0.611893117427826,2900.72534179688,"map_5859_1_2",5,70,300,20,5,8.29722979984785,0.1,7.71190711805458,0.373503378307874,3.47501397253357,5,0.2,1,82.4814568579791,25.2838735493843,0.00212861339780455,0.0016051827251133,0.736314555818491,291,5859,1,"2","diploid","female"
"873","0","0","0","0",-0.611893117427826,2900.72534179688,"map_5859_1_3",5,70,300,20,5,1.18070692179688,0.1,8.68842504354951,0.389565322639048,1.5322109627385,5,0.2,1,82.4814568579791,25.2838735493843,0.00300182340326055,0.00273041400903633,0.327917727274909,291,5859,1,"3","diploid","female"
"874","0","0","0","0",-0.904054284095764,2983.18530273438,"map_5861_1_1",5,70,300,20,5,0,0.1,18.7174514707091,0.232241583407459,1.23339074439157,64,0.2,1,79.363707206574,25.0227202591838,0.0101318395179089,0.0446247312085148,0.171679151733611,292,5861,1,"1","diploid","female"
"875","0","0","0","0",-0.904054284095764,2983.18530273438,"map_5861_1_2",5,70,300,20,5,8.31622882719205,0.1,13.2450186925385,0.214574907816928,3.26623445327309,51,0.2,1,79.363707206574,25.0227202591838,0.00517360447108812,0.0261412493500915,0.523626182248641,292,5861,1,"2","diploid","female"
"876","0","0","0","0",-0.904054284095764,2983.18530273438,"map_5861_1_3",5,70,300,20,5,1.2011064930085,0.1,9.68392433337519,0.150525769026734,1.85726938328644,52,0.2,1,79.363707206574,25.0227202591838,0.00132382971778966,0.000677117378358002,0.496647645230425,292,5861,1,"3","diploid","female"
"877","0","0","0","0",-0.911300837993622,2974.29516601562,"map_5862_1_1",5,70,300,20,5,1.64964861193883,0.1,21.8958596959242,0.30461133022925,0.758526845376972,68,0.2,1,76.5053116364336,25.0731399751581,0.0135369500732993,0.0342730730919625,0.152073850217501,293,5862,1,"1","diploid","female"
"878","0","0","0","0",-0.911300837993622,2974.29516601562,"map_5862_1_2",5,70,300,20,5,3.84148906074047,0.1,10.7239721368153,0.179889695962244,3.14218517657021,49,0.2,1,76.5053116364336,25.0731399751581,0.00207809708716723,0.00120363925578651,0.495328688322084,293,5862,1,"2","diploid","female"
"879","0","0","0","0",-0.911300837993622,2974.29516601562,"map_5862_1_3",5,70,300,20,5,2.41743015723292,0.1,9.2476013654967,0.126894917397776,1.72507761730771,51,0.2,1,76.5053116364336,25.0731399751581,0.000990060637318078,0.000306771022627976,0.498051235185943,293,5862,1,"3","diploid","female"
"880","0","0","0","0",-0.903569638729095,2972.44848632812,"map_5863_1_1",5,70,300,20,5,0,0.1,19.0395229424519,0.292280611897683,0.889303498298818,109,0.2,1,84.6420663535793,24.9994643465889,0.0125688158338113,0.0562122042949825,0.2393618356297,294,5863,1,"1","diploid","female"
"881","0","0","0","0",-0.903569638729095,2972.44848632812,"map_5863_1_2",5,70,300,20,5,6.54061820318946,0.1,11.9415239383294,1.01533425598449,0.334426803725317,202,0.2,1,84.6420663535793,24.9994643465889,0.0178427595835895,0.0882672695939237,0.313661921246683,294,5863,1,"2","diploid","female"
"882","0","0","0","0",-0.903569638729095,2972.44848632812,"map_5863_1_3",5,70,300,20,5,1.87406909818952,0.1,8.90200715753037,0.12637081184311,1.66858225014794,86,0.2,1,84.6420663535793,24.9994643465889,0.000979903296708397,0.000638807661046666,0.789608765387607,294,5863,1,"3","diploid","female"
"883","0","0","0","0",-0.779862642288208,2997.47802734375,"map_5865_1_1",5,70,300,20,5,1.94889563137276,0.1,16.4466394673787,0.182040254395816,1.48439874931707,63,0.2,1,86.6319905911569,24.7261344094345,0.00556780016200604,0.0206837363430612,0.166092835137616,295,5865,1,"1","diploid","female"
"884","0","0","0","0",-0.779862642288208,2997.47802734375,"map_5865_1_2",5,70,300,20,5,4.32628633819914,0.1,11.0185108985252,0.0839868498506324,3.89823072471729,44,0.2,1,86.6319905911569,24.7261344094345,0.000982652815387348,0.000831462909233333,0.540716090595358,295,5865,1,"2","diploid","female"
"885","0","0","0","0",-0.779862642288208,2997.47802734375,"map_5865_1_3",5,70,300,20,5,2.74234419927731,0.1,8.99173296765646,0.100420963661979,2.12998751690211,54,0.2,1,86.6319905911569,24.7261344094345,0.000764617664286109,0.000337198213103804,0.516524812776846,295,5865,1,"3","diploid","female"
"886","0","0","0","0",-0.870465636253357,2950.28442382812,"map_5873_1_1",5,70,300,20,5,1.90374089725323,0.1,22.6382806321714,0.255159290547567,1.29934768282303,74,0.2,1,90.29312230107,24.1725481899342,0.0134525428399351,0.0703705314274842,0.129662211671918,296,5873,1,"1","diploid","female"
"887","0","0","0","0",-0.870465636253357,2950.28442382812,"map_5873_1_2",5,70,300,20,5,3.54558755978578,0.1,17.3504863048516,0.794683335960367,0.126801778974697,107,0.2,1,90.29312230107,24.1725481899342,0.0242572180581446,0.0850764444215786,0.110128158369436,296,5873,1,"2","diploid","female"
"888","0","0","0","0",-0.870465636253357,2950.28442382812,"map_5873_1_3",5,70,300,20,5,2.52531012629227,0.1,8.12135933324779,0.144365962503744,2.09410169119026,56,0.2,1,90.29312230107,24.1725481899342,0.00095724045155719,0.000516453381133045,0.480009045275391,296,5873,1,"3","diploid","female"
"889","0","0","0","0",-0.806066393852234,2958.58618164062,"map_5874_1_1",5,70,300,20,5,1.9633228399086,0.1,20.3890515566146,0.184717072106843,1.69223279116729,42,0.2,1,66.0944401164387,24.1531135890703,0.00789137275752038,0.0243594168181413,0.130659691882426,297,5874,1,"1","diploid","female"
"890","0","0","0","0",-0.806066393852234,2958.58618164062,"map_5874_1_2",5,70,300,20,5,3.6180754776908,0.1,12.0089260055646,0.0755828426836723,3.84375871450352,19,0.2,1,66.0944401164387,24.1531135890703,0.00125909079936318,0.00233702567201742,0.237911471540304,297,5874,1,"2","diploid","female"
"891","0","0","0","0",-0.806066393852234,2958.58618164062,"map_5874_1_3",5,70,300,20,5,2.75232770613917,0.1,9.70880100836416,0.136038359744089,2.57684467279557,26,0.2,1,66.0944401164387,24.1531135890703,0.00124605014052457,0.000160209612802379,0.18398076268219,297,5874,1,"3","diploid","female"
"892","0","0","0","0",-0.849452614784241,2975.453125,"map_5875_1_1",5,70,300,20,5,1.93815405996896,0.1,18.273515721312,0.207755506042583,1.52192738469433,78,0.2,1,64.6349338312878,24.2326547550865,0.00738870805130393,0.0340190959354815,0.20376780439155,298,5875,1,"1","diploid","female"
"893","0","0","0","0",-0.849452614784241,2975.453125,"map_5875_1_2",5,70,300,20,5,3.65237343961447,0.1,13.2077810194856,0.128408987796258,2.74630876182515,23,0.2,1,64.6349338312878,24.2326547550865,0.00234056793656267,0.00376603475592168,0.486410634061802,298,5875,1,"2","diploid","female"
"894","0","0","0","0",-0.849452614784241,2975.453125,"map_5875_1_3",5,70,300,20,5,2.81671533325792,0.1,6.73640250405633,0.185549705888789,2.29554571361871,98,0.2,1,64.6349338312878,24.2326547550865,0.000792689202402217,9.94085622287592e-05,0.558726761512305,298,5875,1,"3","diploid","female"
"895","0","0","0","0",-0.918882548809052,2999.05908203125,"map_5876_1_1",5,70,300,20,5,1.31178139146633,0.1,10.1564292223847,0.518388493166674,1.80705025089302,165,0.2,1,70.4159915328422,23.6311851725362,0.00691379628496961,0.0199913976918513,0.542096258747289,299,5876,1,"1","diploid","female"
"896","0","0","0","0",-0.918882548809052,2999.05908203125,"map_5876_1_2",5,70,300,20,5,6.57514199174694,0.1,6.24717333943631,2.28186757759877,2.48840677488328,3,0.2,1,70.4159915328422,23.6311851725362,0.00954454820243378,0.011444331983525,1.39848419573089,299,5876,1,"2","diploid","female"
"897","0","0","0","0",-0.918882548809052,2999.05908203125,"map_5876_1_3",5,70,300,20,5,1.44064734306402,0.1,6.85710983910694,0.333315384899908,2.44212162469335,113,0.2,1,70.4159915328422,23.6311851725362,0.00134748598628748,0.000166981546807806,0.85369446324334,299,5876,1,"3","diploid","female"
"898","0","0","0","0",-0.952279388904572,3012.0205078125,"map_5877_1_1",5,70,300,20,5,2.0802418075656,0.1,13.5190926695448,0.18242677203042,1.98181363211517,50,0.2,1,52.0117088936492,23.6229613729754,0.00390944355619822,0.0161359040709984,0.22859883179577,300,5877,1,"1","diploid","female"
"899","0","0","0","0",-0.952279388904572,3012.0205078125,"map_5877_1_2",5,70,300,20,5,3.40396725901865,0.1,12.0777164238288,0.144644873643174,2.92282655327698,23,0.2,1,52.0117088936492,23.6229613729754,0.00245544655731489,0.00421923074042575,0.406182939998985,300,5877,1,"2","diploid","female"
"900","0","0","0","0",-0.952279388904572,3012.0205078125,"map_5877_1_3",5,70,300,20,5,3.25269453536216,0.1,5.89702057228306,0.180412554081098,2.39909086097709,94,0.2,1,52.0117088936492,23.6229613729754,0.000540068719905845,5.45235002063553e-06,0.73217103445827,300,5877,1,"3","diploid","female"
"901","0","0","0","0",-0.944848775863647,3026.81665039062,"map_5878_1_1",5,70,300,20,5,1.94915234319591,0.1,9.92005082817188,0.149401714081648,1.79764724489675,7,0.2,1,50.8970092491454,23.6212462396717,0.00155804463778065,0.00244337548812499,0.373272956331893,301,5878,1,"1","diploid","female"
"902","0","0","0","0",-0.944848775863647,3026.81665039062,"map_5878_1_2",5,70,300,20,5,5.06267931846659,0.1,8.23038852244591,0.137110052727369,2.66248515185256,5,0.2,1,50.8970092491454,23.6212462396717,0.000813500090433645,0.000300522232002481,0.847994325000482,301,5878,1,"2","diploid","female"
"903","0","0","0","0",-0.944848775863647,3026.81665039062,"map_5878_1_3",5,70,300,20,5,2.39833842081463,0.1,7.09532272513489,0.0696049969901015,2.31647547721937,4,0.2,1,50.8970092491454,23.6212462396717,0.00029571599028047,7.31720342584345e-06,0.681643536134611,301,5878,1,"3","diploid","female"
"904","0","0","0","0",-0.827218413352966,3134.01806640625,"map_5910_1_1",5,70,300,20,5,2.57784006093948,0.1,9.39710551820932,0.171972063804301,1.98923669498821,25,0.2,1,23.7582921330319,23.4129086907388,0.00158585071565207,0.00253843451273864,0.350471074536828,302,5910,1,"1","diploid","female"
"905","0","0","0","0",-0.827218413352966,3134.01806640625,"map_5910_1_2",5,70,300,20,5,4.198680926484,0.1,8.22436681976981,0.0984054115569089,3.13344324834566,10,0.2,1,23.7582921330319,23.4129086907388,0.000553097354863146,1.47685622181347e-05,0.750997461390212,302,5910,1,"2","diploid","female"
"906","0","0","0","0",-0.827218413352966,3134.01806640625,"map_5910_1_3",5,70,300,20,5,3.56568011023253,0.1,7.03440948992592,0.123788778158082,2.42991480075821,24,0.2,1,23.7582921330319,23.4129086907388,0.000504266037025867,1.98479826389829e-06,0.726608121313219,302,5910,1,"3","diploid","female"
"907","0","0","0","0",-0.226664051413536,3114.83227539062,"map_5918_1_1",5,70,300,20,5,0,0.1,11.9610670561926,0.581636023040856,0.70187709116244,19,0.2,1,113.248895176225,24.1017972688474,0.00838412654038225,0.0173995634819805,0.134195453167311,303,5918,1,"1","diploid","female"
"908","0","0","0","0",-0.226664051413536,3114.83227539062,"map_5918_1_2",5,70,300,20,5,8.43356709924117,0.1,10.842565156496,0.265425679378421,2.86512674866812,49,0.2,1,113.248895176225,24.1017972688474,0.00264902777679344,0.000467376336926324,0.447115803102917,303,5918,1,"2","diploid","female"
"909","0","0","0","0",-0.226664051413536,3114.83227539062,"map_5918_1_3",5,70,300,20,5,3.60578420410456,0.1,9.84060176519239,0.2258498570494,3.1358520326628,174,0.2,1,113.248895176225,24.1017972688474,0.00227922183907499,0.00330573022127706,0.314214718578971,303,5918,1,"3","diploid","female"
"910","0","0","0","0",-0.438558220863342,3137.98193359375,"map_5919_1_1",5,70,300,20,5,0,0.1,14.2071204264505,0.347163030429723,1.59908335942028,9,0.2,1,113.911876482029,24.0595173105977,0.0069218281685124,0.0109290547847119,0.166809000186951,304,5919,1,"1","diploid","female"
"911","0","0","0","0",-0.438558220863342,3137.98193359375,"map_5919_1_2",5,70,300,20,5,7.54435372231214,0.1,7.5535623107589,0.415797957673309,5.01050345808903,3,0.2,1,113.911876482029,24.0595173105977,0.00245129848245762,0.000381730510099382,0.478388571382761,304,5919,1,"2","diploid","female"
"912","0","0","0","0",-0.438558220863342,3137.98193359375,"map_5919_1_3",5,70,300,20,5,3.1736513002753,0.1,6.75753804951144,0.443990564266449,2.92187675541852,4,0.2,1,113.911876482029,24.0595173105977,0.00198480371189929,0.000727393419360612,0.43609658445232,304,5919,1,"3","diploid","female"
"913","0","0","0","0",-0.835370182991028,2885.38208007812,"map_5964_1_1",5,70,300,20,5,0,0.1,32.0274647579653,0.279382839247036,0.392089793965924,14,0.2,1,80.1895337405791,25.3088507617431,0.0246840386200376,0.202519392299659,0.0794713661771815,305,5964,1,"1","diploid","female"
"914","0","0","0","0",-0.835370182991028,2885.38208007812,"map_5964_1_2",5,70,300,20,5,3.26788106548459,0.1,14.1955656469669,0.199346588828925,3.91749058149595,4,0.2,1,80.1895337405791,25.3088507617431,0.00549931361317124,0.0331214178441467,0.407155082370153,305,5964,1,"2","diploid","female"
"915","0","0","0","0",-0.835370182991028,2885.38208007812,"map_5964_1_3",5,70,300,20,5,1.73915956998566,0.1,8.45402073056891,0.381401868031307,1.44667155926913,5,0.2,1,80.1895337405791,25.3088507617431,0.00303715048438095,0.00518361922344383,0.344256579370919,305,5964,1,"3","diploid","female"
"916","0","0","0","0",-0.942326784133911,2902.888671875,"map_5965_1_1",5,70,300,20,5,0,0.1,23.1439345382265,0.37410766562459,0.638032644553909,11,0.2,1,77.471980142435,25.048277283771,0.0220634681249467,0.132801802219482,0.14541310395256,306,5965,1,"1","diploid","female"
"917","0","0","0","0",-0.942326784133911,2902.888671875,"map_5965_1_2",5,70,300,20,5,3.16898381967036,0.1,10.629846274964,0.292533210300115,2.26219440841764,3,0.2,1,77.471980142435,25.048277283771,0.00479722352420731,0.0212471615822391,0.489870360510639,306,5965,1,"2","diploid","female"
"918","0","0","0","0",-0.942326784133911,2902.888671875,"map_5965_1_3",5,70,300,20,5,1.90257416505386,0.1,7.30629589590519,0.269303115050115,1.26250641744461,3,0.2,1,77.471980142435,25.048277283771,0.00131595701881243,0.000347584353548715,0.474390508096918,306,5965,1,"3","diploid","female"
"919","0","0","0","0",-0.601273775100708,2921.88232421875,"map_5966_1_1",5,70,300,20,5,0,0.1,33.7555209412371,0.25761690662647,0.820405675692537,67,0.2,1,83.509941170778,24.9946281944266,0.0288914315578032,0.158674131164789,0.100427247442983,307,5966,1,"1","diploid","female"
"920","0","0","0","0",-0.601273775100708,2921.88232421875,"map_5966_1_2",5,70,300,20,5,8.12323001584971,0.1,11.9413445625962,0.166097679460045,2.92493073770429,51,0.2,1,83.509941170778,24.9946281944266,0.00249757230440413,0.00622160678782948,0.574713918263177,307,5966,1,"2","diploid","female"
"921","0","0","0","0",-0.601273775100708,2921.88232421875,"map_5966_1_3",5,70,300,20,5,2.0724252356815,0.1,10.3417256719507,0.127027343710282,1.66648992871882,57,0.2,1,83.509941170778,24.9946281944266,0.00138883908004478,0.00232717151881461,0.4820118346687,307,5966,1,"3","diploid","female"
"922","0","0","0","0",-0.841536223888397,2938.70068359375,"map_5967_1_1",5,70,300,20,5,0,0.1,16.5031351104203,0.436317314986438,0.567062456511079,75,0.2,1,87.7531713061158,24.9871036305644,0.0128224250179615,0.0478630815727054,0.121270930017599,308,5967,1,"1","diploid","female"
"923","0","0","0","0",-0.841536223888397,2938.70068359375,"map_5967_1_2",5,70,300,20,5,6.2994624895863,0.1,10.0250201083408,0.675171800917567,0.751243626875007,80,0.2,1,87.7531713061158,24.9871036305644,0.00628065150668371,0.00565828786978692,0.244188107652704,308,5967,1,"2","diploid","female"
"924","0","0","0","0",-0.841536223888397,2938.70068359375,"map_5967_1_3",5,70,300,20,5,1.75334088772797,0.1,8.90482645031062,0.303545889383516,1.37635636543372,62,0.2,1,87.7531713061158,24.9871036305644,0.00216180557668212,0.000860831670952573,0.525914887147951,308,5967,1,"3","diploid","female"
"925","0","0","0","0",-0.603221118450165,2949.52661132812,"map_5968_1_1",5,70,300,20,5,2.09998900988464,0.1,23.462117718945,0.231370317057042,1.70602293318543,76,0.2,1,80.6161964264423,24.7188838975638,0.0136034328957694,0.0623783285326049,0.141096884179245,309,5968,1,"1","diploid","female"
"926","0","0","0","0",-0.603221118450165,2949.52661132812,"map_5968_1_2",5,70,300,20,5,4.36823167699475,0.1,9.07722488897405,0.115505463050047,4.24310264921398,21,0.2,1,80.6161964264423,24.7188838975638,0.000905541280223727,0.000610124582768023,0.870032351459688,309,5968,1,"2","diploid","female"
"927","0","0","0","0",-0.603221118450165,2949.52661132812,"map_5968_1_3",5,70,300,20,5,2.64630958271376,0.1,8.61843598114383,0.1856583891628,2.17496988044714,68,0.2,1,80.6161964264423,24.7188838975638,0.00155781472069081,0.00140095763812476,0.405801027837796,309,5968,1,"3","diploid","female"
"928","0","0","0","0",-0.48116546869278,2958.791015625,"map_5969_1_1",5,70,300,20,5,2.30579746165935,0.1,14.8941721885424,0.300872865174681,1.76101177682402,6,0.2,1,85.9015293691641,24.7085879814849,0.00844266932389627,0.0356809802895531,0.137665759690014,310,5969,1,"1","diploid","female"
"929","0","0","0","0",-0.48116546869278,2958.791015625,"map_5969_1_2",5,70,300,20,5,4.8264679330087,0.1,9.01356254380793,0.331288588856285,4.02258434333234,3,0.2,1,85.9015293691641,24.7085879814849,0.00292135722872059,0.00481517460065234,0.371715025732162,310,5969,1,"2","diploid","female"
"930","0","0","0","0",-0.48116546869278,2958.791015625,"map_5969_1_3",5,70,300,20,5,2.85500637129925,0.1,7.7932731153424,0.354457654111285,2.42464977838164,2,0.2,1,85.9015293691641,24.7085879814849,0.00228227631506891,0.00251323102562623,0.379232525311927,310,5969,1,"3","diploid","female"
"931","0","0","0","0",-0.95382696390152,2947.76049804688,"map_5981_1_1",5,70,300,20,5,1.57406230024857,0.1,8.10182527066185,0.671068779033046,1.61259210320629,38,0.2,1,49.2067963732437,24.8056501684263,0.00743205897160364,0.0331908500801958,0.651243717720707,311,5981,1,"1","diploid","female"
"932","0","0","0","0",-0.95382696390152,2947.76049804688,"map_5981_1_2",5,70,300,20,5,3.26479155084092,0.1,5.10949260657641,3.41616232889851,2.80677465338923,3,0.2,1,49.2067963732437,24.8056501684263,0.00754707845435319,0.00381158750506185,2.36566700911953,311,5981,1,"2","diploid","female"
"933","0","0","0","0",-0.95382696390152,2947.76049804688,"map_5981_1_3",5,70,300,20,5,2.29484297518144,0.1,5.36241953842194,0.874892722720075,2.07997337450797,6,0.2,1,49.2067963732437,24.8056501684263,0.0021174995826049,0.000130583912450496,0.984965738225413,311,5981,1,"3","diploid","female"
"934","0","0","0","0",-0.98043555021286,3122.111328125,"map_6016_1_1",5,70,300,20,5,0.855105645754824,0.1,11.3337820833001,0.177359074138966,1.44094796916644,20,0.2,1,24.633298942021,24.7964406739042,0.00264581504628028,0.00662433735608727,0.314273632767478,312,6016,1,"1","diploid","female"
"935","0","0","0","0",-0.98043555021286,3122.111328125,"map_6016_1_2",5,70,300,20,5,4.6574237492935,0.1,8.07633208189634,0.038399666232499,3.0041438855693,5,0.2,1,24.633298942021,24.7964406739042,0.000212622218647216,2.31312660010083e-06,1.30008919902368,312,6016,1,"2","diploid","female"
"936","0","0","0","0",-0.98043555021286,3122.111328125,"map_6016_1_3",5,70,300,20,5,1.1439919304441,0.1,7.5213880997382,0.203328669879608,1.71071305510374,12,0.2,1,24.633298942021,24.7964406739042,0.0009605502609307,8.50742866508695e-06,0.624613365488156,312,6016,1,"3","diploid","female"
"937","0","0","0","0",-0.501658618450165,3104.83081054688,"map_6017_1_1",5,70,300,20,5,2.44728064503845,0.1,9.33124572070183,0.228780529009186,1.91053491206854,22,0.2,1,21.8576875291393,24.8336677175292,0.00217656674380256,0.00373920529401216,0.325710105119889,313,6017,1,"1","diploid","female"
"938","0","0","0","0",-0.501658618450165,3104.83081054688,"map_6017_1_2",5,70,300,20,5,5.70584230769254,0.1,6.22764230225982,0.321826635594581,3.75459953201651,8,0.2,1,21.8576875291393,24.8336677175292,0.00101588463017761,4.18308476508044e-06,1.08158057195342,313,6017,1,"2","diploid","female"
"939","0","0","0","0",-0.501658618450165,3104.83081054688,"map_6017_1_3",5,70,300,20,5,3.31269717862023,0.1,7.315925991672,0.123285540147384,2.33636187307464,17,0.2,1,21.8576875291393,24.8336677175292,0.00057998098465479,6.19467049141078e-05,0.628395525054838,313,6017,1,"3","diploid","female"
"940","0","0","0","0",-0.16765695810318,3022.61059570312,"map_6018_1_1",5,70,300,20,5,1.32686154419986,0.1,8.0984698898874,0.589263208456881,2.34409340767909,95,0.2,1,40.123632061125,24.8153636002989,0.00465567229906918,0.0106746611788679,0.638140925364602,314,6018,1,"1","diploid","female"
"941","0","0","0","0",-0.16765695810318,3022.61059570312,"map_6018_1_2",5,70,300,20,5,8.40764420915991,0.1,7.0678240708469,0.113015830233146,4.30094571350967,18,0.2,1,40.123632061125,24.8153636002989,0.000505002023470574,4.79738201116231e-05,2.29913485474618,314,6018,1,"2","diploid","female"
"942","0","0","0","0",-0.16765695810318,3022.61059570312,"map_6018_1_3",5,70,300,20,5,1.32739466669598,0.1,6.95634582579002,0.383465087223617,2.84013386642357,137,0.2,1,40.123632061125,24.8153636002989,0.0016959906154587,0.000912385703952932,0.687929096259,314,6018,1,"3","diploid","female"
"943","0","0","0","0",-0.123544111847878,2981.578125,"map_6020_1_1",5,70,300,20,5,2.34555982885828,0.1,14.2237339890888,0.229376605845863,2.40963016451775,72,0.2,1,41.0459129160821,24.7956147957482,0.00586742248974596,0.022991309202433,0.217616125985092,315,6020,1,"1","diploid","female"
"944","0","0","0","0",-0.123544111847878,2981.578125,"map_6020_1_2",5,70,300,20,5,7.34804493671981,0.1,7.83523330973496,0.210118739888732,4.5671827151429,26,0.2,1,41.0459129160821,24.7956147957482,0.00116976606673563,0.000169090101772216,0.687660098798177,315,6020,1,"2","diploid","female"
"945","0","0","0","0",-0.123544111847878,2981.578125,"map_6020_1_3",5,70,300,20,5,2.33504429860197,0.1,8.54613018078134,0.148778680362007,2.76197952677355,110,0.2,1,41.0459129160821,24.7956147957482,0.00108376590566979,0.000944578081793327,0.503562706163651,315,6020,1,"3","diploid","female"
"946","0","0","0","0",-0.55692857503891,3037.66333007812,"map_6021_1_1",5,70,300,20,5,2.40913284775844,0.1,8.84329982351114,0.548119472879181,1.23308209115765,100,0.2,1,40.7199493412956,24.5864991715052,0.00429613740642804,0.00564428277258485,0.631983530268144,316,6021,1,"1","diploid","female"
"947","0","0","0","0",-0.55692857503891,3037.66333007812,"map_6021_1_2",5,70,300,20,5,4.95756211236205,0.1,6.28157959128451,0.0935120032651554,3.76945876196378,14,0.2,1,40.7199493412956,24.5864991715052,0.000333039230673275,4.0229129929474e-05,2.52170287989975,316,6021,1,"2","diploid","female"
"948","0","0","0","0",-0.55692857503891,3037.66333007812,"map_6021_1_3",5,70,300,20,5,3.40384892951585,0.1,8.31331144552835,0.313002346827723,2.22965315185406,116,0.2,1,40.7199493412956,24.5864991715052,0.00183708777011092,0.000156031843488104,0.731152934828577,316,6021,1,"3","diploid","female"
"949","0","0","0","0",-0.758329272270203,3090.41381835938,"map_6022_1_1",5,70,300,20,5,2.159918138899,0.1,13.4250275201417,0.32081814161727,0.905120242849281,50,0.2,1,44.9739659165227,24.5210789554803,0.00601344280988079,0.0153682115839831,0.34780774049564,317,6022,1,"1","diploid","female"
"950","0","0","0","0",-0.758329272270203,3090.41381835938,"map_6022_1_2",5,70,300,20,5,4.71830787130346,0.1,8.53248498297672,0.0760246465148564,3.83671069089977,9,0.2,1,44.9739659165227,24.5210789554803,0.000460373217156664,5.03304839544529e-05,2.11559750547417,317,6022,1,"2","diploid","female"
"951","0","0","0","0",-0.758329272270203,3090.41381835938,"map_6022_1_3",5,70,300,20,5,3.11462782531862,0.1,8.34474220724423,0.100588727700098,2.12423460921277,18,0.2,1,44.9739659165227,24.5210789554803,0.000632254368757373,0.000102362047190249,0.889210653500754,317,6022,1,"3","diploid","female"
"952","0","0","0","0",-0.656247496604919,3101.01318359375,"map_6023_1_1",5,70,300,20,5,2.55190624684154,0.1,12.5277248732543,0.173206383348872,2.2235388477013,20,0.2,1,44.9294149297416,24.0446862116209,0.00328085749907564,0.0115237361826719,0.281774556525021,318,6023,1,"1","diploid","female"
"953","0","0","0","0",-0.656247496604919,3101.01318359375,"map_6023_1_2",5,70,300,20,5,4.88135533612812,0.1,8.90211590591717,0.140124414552768,3.80070381745655,8,0.2,1,44.9294149297416,24.0446862116209,0.000952184734045912,0.000176331579354804,0.747859441398747,318,6023,1,"2","diploid","female"
"954","0","0","0","0",-0.656247496604919,3101.01318359375,"map_6023_1_3",5,70,300,20,5,3.51130095193974,0.1,7.54831357600865,0.127408564425741,2.79068515541584,16,0.2,1,44.9294149297416,24.0446862116209,0.000656473358607584,8.11382054811973e-05,0.675265316786634,318,6023,1,"3","diploid","female"
"955","0","0","0","0",-0.0747066736221313,3009.75,"map_6024_1_1",5,70,300,20,5,3.11303843680451,0.1,14.8572655425093,0.158739096414644,2.70186477683364,21,0.2,1,41.901475332108,24.0911165995719,0.0036266765411069,0.00807029009693375,0.282093904128501,319,6024,1,"1","diploid","female"
"956","0","0","0","0",-0.0747066736221313,3009.75,"map_6024_1_2",5,70,300,20,5,8.16882477496154,0.1,10.1704325510239,0.069701955054114,4.71759681293083,9,0.2,1,41.901475332108,24.0911165995719,0.000679615385233949,0.000271178143575293,0.587457458636773,319,6024,1,"2","diploid","female"
"957","0","0","0","0",-0.0747066736221313,3009.75,"map_6024_1_3",5,70,300,20,5,3.04788240336927,0.1,8.93668229639887,0.144241001509071,3.46483506518666,29,0.2,1,41.901475332108,24.0911165995719,0.00111681793102905,0.00061959222613024,0.450034964447948,319,6024,1,"3","diploid","female"
"958","0","0","0","0",-0.574792087078094,2829.94287109375,"map_6068_1_1",5,70,300,20,5,0,0.1,10.2676721831832,0.145228548234088,0.334374227807834,74,0.2,1,79.7443509307811,25.2888887380049,0.00264641509632607,0.0145969917622564,0.577711396910216,320,6068,1,"1","diploid","female"
"959","0","0","0","0",-0.574792087078094,2829.94287109375,"map_6068_1_2",5,70,300,20,5,3.27191271132029,0.1,8.19080626743567,0.787145186057316,1.00284452562956,110,0.2,1,79.7443509307811,25.2888887380049,0.00548885383358222,0.00656249476527724,1.19342450345504,320,6068,1,"2","diploid","female"
"960","0","0","0","0",-0.574792087078094,2829.94287109375,"map_6068_1_3",5,70,300,20,5,1.44366114781257,0.1,9.50999426481562,0.395928689695982,0.638089101409283,78,0.2,1,79.7443509307811,25.2888887380049,0.00347142391108257,0.00357411913212762,0.593720949660618,320,6068,1,"3","diploid","female"
"961","0","0","0","0",-0.637271165847778,2861.52197265625,"map_6069_1_1",5,70,300,20,5,0,0.1,20.6872325431896,0.10710619820449,0.424641711836834,5,0.2,1,74.9283278012196,25.0397257881967,0.0048564363117512,0.0232629613493969,0.167696932037037,321,6069,1,"1","diploid","female"
"962","0","0","0","0",-0.637271165847778,2861.52197265625,"map_6069_1_2",5,70,300,20,5,3.43043544197384,0.1,10.6006182478827,0.862866752039954,0.418165419313485,8,0.2,1,74.9283278012196,25.0397257881967,0.0107354975256288,0.0329517565826754,0.796645447063769,321,6069,1,"2","diploid","female"
"963","0","0","0","0",-0.637271165847778,2861.52197265625,"map_6069_1_3",5,70,300,20,5,1.77964182157397,0.1,9.49846376024426,0.417039800433788,0.873983736810071,2,0.2,1,74.9283278012196,25.0397257881967,0.00357902277800866,0.00303508151958268,0.494148394253882,321,6069,1,"3","diploid","female"
"964","0","0","0","0",-0.325841277837753,2898.72827148438,"map_6070_1_1",5,70,300,20,5,0,0.1,19.4680509575948,0.911006799448129,0.0485941372875711,105,0.2,1,83.2578306831791,25.014344191736,0.0289764875600827,0.0338765506461471,0.0388704954311429,322,6070,1,"1","diploid","female"
"965","0","0","0","0",-0.325841277837753,2898.72827148438,"map_6070_1_2",5,70,300,20,5,9.84580082631245,0.1,11.5367938780645,0.0779230114452062,4.98935893260156,44,0.2,1,83.2578306831791,25.014344191736,0.00105089680484591,0.00142935731624604,0.517246598228894,322,6070,1,"2","diploid","female"
"966","0","0","0","0",-0.325841277837753,2898.72827148438,"map_6070_1_3",5,70,300,20,5,1.17171325557282,0.1,12.3934499138596,0.206229665930476,1.80289787852309,64,0.2,1,83.2578306831791,25.014344191736,0.00337929358016527,0.00813843608722865,0.278334047638748,322,6070,1,"3","diploid","female"
"967","0","0","0","0",-0.749826192855835,2923.23706054688,"map_6072_1_1",5,70,300,20,5,0,0.1,17.7259692634314,0.257504159839845,1.27094927761812,14,0.2,1,81.8616078842518,24.7239782557271,0.0100233043556751,0.0415519659317017,0.147124036382903,323,6072,1,"1","diploid","female"
"968","0","0","0","0",-0.749826192855835,2923.23706054688,"map_6072_1_2",5,70,300,20,5,6.65736455215411,0.1,10.8512450388732,0.200637355234144,2.9632491774162,6,0.2,1,81.8616078842518,24.7239782557271,0.00269458958995923,0.00660659363738986,0.468901261901726,323,6072,1,"2","diploid","female"
"969","0","0","0","0",-0.749826192855835,2923.23706054688,"map_6072_1_3",5,70,300,20,5,1.02562391105463,0.1,8.18306015223046,0.161343697258112,1.7249025415989,5,0.2,1,81.8616078842518,24.7239782557271,0.00101251927951632,0.000451866553670247,0.463484563930376,323,6072,1,"3","diploid","female"
"970","0","0","0","0",-0.669164419174194,2941.1591796875,"map_6073_1_1",5,70,300,20,5,1.98877301507242,0.1,20.8825974895633,0.211385779836024,1.42192118440067,12,0.2,1,85.7322574374684,24.7409765030195,0.0109298685772071,0.062726394490457,0.16841123402502,324,6073,1,"1","diploid","female"
"971","0","0","0","0",-0.669164419174194,2941.1591796875,"map_6073_1_2",5,70,300,20,5,4.10491780455729,0.1,19.4775265982623,0.143484186032743,4.13307474763615,5,0.2,1,85.7322574374684,24.7409765030195,0.0080500672532805,0.0420002370415435,0.477468242770425,324,6073,1,"2","diploid","female"
"972","0","0","0","0",-0.669164419174194,2941.1591796875,"map_6073_1_3",5,70,300,20,5,2.51159712233789,0.1,8.22435049980034,0.159229000076582,1.96110324978516,6,0.2,1,85.7322574374684,24.7409765030195,0.00104344388173624,0.000912971114507897,0.471498240789046,324,6073,1,"3","diploid","female"
"973","0","0","0","0",-0.842066049575806,2948.95556640625,"map_6074_1_1",5,70,300,20,5,1.78166722571273,0.1,20.1732641167737,0.282333161207662,1.33582705019111,6,0.2,1,85.3042307628746,24.6837033612916,0.0125720953985728,0.0479334181126022,0.122927678438716,325,6074,1,"1","diploid","female"
"974","0","0","0","0",-0.842066049575806,2948.95556640625,"map_6074_1_2",5,70,300,20,5,3.74187227435455,0.1,11.4651248073062,0.254038965199372,3.27571269438906,3,0.2,1,85.3042307628746,24.6837033612916,0.00433550844229471,0.00899008104384588,0.426488437190027,325,6074,1,"2","diploid","female"
"975","0","0","0","0",-0.842066049575806,2948.95556640625,"map_6074_1_3",5,70,300,20,5,2.39441727731387,0.1,8.21877656497088,0.249390376557497,1.99310306888915,2,0.2,1,85.3042307628746,24.6837033612916,0.0017309837127159,0.000914877315910263,0.423785140637353,325,6074,1,"3","diploid","female"
"976","0","0","0","0",-0.296961724758148,2977.56884765625,"map_6075_1_1",5,70,300,20,5,0,0.1,13.9929175855967,0.468858987677335,0.990560725408078,93,0.2,1,85.2331591151481,24.5443201977549,0.00990090677587392,0.026973177204227,0.17038673462947,326,6075,1,"1","diploid","female"
"977","0","0","0","0",-0.296961724758148,2977.56884765625,"map_6075_1_2",5,70,300,20,5,10.3592791841721,0.1,9.17537919475032,0.107287810736765,5.00296446789433,15,0.2,1,85.2331591151481,24.5443201977549,0.00129929410369072,0.00386633572383914,1.91375225077717,326,6075,1,"2","diploid","female"
"978","0","0","0","0",-0.296961724758148,2977.56884765625,"map_6075_1_3",5,70,300,20,5,2.97332881498,0.1,10.2823994976984,0.305981417129769,2.35230042094762,43,0.2,1,85.2331591151481,24.5443201977549,0.00306940591892911,0.0031997095162622,0.430706690158867,326,6075,1,"3","diploid","female"
"979","0","0","0","0",-0.944273591041565,3017.8212890625,"map_6120_1_1",5,70,300,20,5,1.72071365484394,0.1,11.7635607442004,0.169461168102144,1.3324886304513,25,0.2,1,23.9465716069323,24.8045877528481,0.00285698252863403,0.00680416247631157,0.253929999273877,327,6120,1,"1","diploid","female"
"980","0","0","0","0",-0.944273591041565,3017.8212890625,"map_6120_1_2",5,70,300,20,5,3.75705246928385,0.1,7.37519892078994,0.0986651982411147,2.88348124638425,10,0.2,1,23.9465716069323,24.8045877528481,0.000477263678667,8.22792514392157e-05,0.775105820761122,327,6120,1,"2","diploid","female"
"981","0","0","0","0",-0.944273591041565,3017.8212890625,"map_6120_1_3",5,70,300,20,5,2.77021860039398,0.1,6.42553086622978,0.159356460117494,1.72232060672364,15,0.2,1,23.9465716069323,24.8045877528481,0.00054578429185161,5.29597668195269e-06,0.715465412311771,327,6120,1,"3","diploid","female"
"982","0","0","0","0",-0.97026801109314,3013.92163085938,"map_6121_1_1",5,70,300,20,5,1.3493821461322,0.1,9.96663511862336,0.267280744388697,1.56768064457833,8,0.2,1,39.6309027735181,24.8228078119779,0.00348510202134207,0.00959357391438386,0.289655765897495,328,6121,1,"1","diploid","female"
"983","0","0","0","0",-0.97026801109314,3013.92163085938,"map_6121_1_2",5,70,300,20,5,4.54892294962155,0.1,6.28510414517792,0.293402024485009,2.96641828067643,3,0.2,1,39.6309027735181,24.8228078119779,0.00102097191211135,0.000164694428038254,1.019425104589,328,6121,1,"2","diploid","female"
"984","0","0","0","0",-0.97026801109314,3013.92163085938,"map_6121_1_3",5,70,300,20,5,1.73649247152626,0.1,5.55697606281496,0.523206771583985,2.17179689122081,4,0.2,1,39.6309027735181,24.8228078119779,0.00140098628443508,3.98486064891546e-05,0.638169036352267,328,6121,1,"3","diploid","female"
"985","0","0","0","0",-0.677154898643494,2969.46704101562,"map_6122_1_1",5,70,300,20,5,1.58616869139242,0.1,15.3863861275465,0.16756304258853,1.68513309379522,25,0.2,1,41.5592292123459,24.7696618421265,0.00478314555879476,0.0211526922102431,0.217018792581482,329,6122,1,"1","diploid","female"
"986","0","0","0","0",-0.677154898643494,2969.46704101562,"map_6122_1_2",5,70,300,20,5,5.01654571326782,0.1,9.96121479082983,0.0773975929328101,3.67027228468726,9,0.2,1,41.5592292123459,24.7696618421265,0.000725381924362038,0.000560567805117899,0.724953888196054,329,6122,1,"2","diploid","female"
"987","0","0","0","0",-0.677154898643494,2969.46704101562,"map_6122_1_3",5,70,300,20,5,1.80991369509454,0.1,8.05748348698788,0.133944442166782,2.11545497476493,17,0.2,1,41.5592292123459,24.7696618421265,0.00083022520724578,0.000248077845912932,0.597670587468696,329,6122,1,"3","diploid","female"
"988","0","0","0","0",-0.615037083625793,3053.75830078125,"map_6126_1_1",5,70,300,20,5,2.33873902559995,0.1,10.6666294019694,0.4671804546236,0.912970975700195,92,0.2,1,42.9667767979378,24.5577834113492,0.0052988731983432,0.0084458431356079,0.434106029249313,330,6126,1,"1","diploid","female"
"989","0","0","0","0",-0.615037083625793,3053.75830078125,"map_6126_1_2",5,70,300,20,5,4.90417765368711,0.1,8.95000778710503,0.254771107304116,2.33787954179783,20,0.2,1,42.9667767979378,24.5577834113492,0.00168583491902667,0.000131572195784942,1.54163027789703,330,6126,1,"2","diploid","female"
"990","0","0","0","0",-0.615037083625793,3053.75830078125,"map_6126_1_3",5,70,300,20,5,3.34316030891226,0.1,8.18938435850318,0.202217307661135,2.67703044804139,103,0.2,1,42.9667767979378,24.5577834113492,0.00124792098954083,0.000140140862383805,0.891659661896544,330,6126,1,"3","diploid","female"
"991","0","0","0","0",-0.832774579524994,3041.85205078125,"map_6127_1_1",5,70,300,20,5,0.949329920536979,0.1,11.6625598866581,0.401361562415301,0.792647868740891,108,0.2,1,42.8510968201976,24.5617119878894,0.00563189476384443,0.0109313507819257,0.430928454201641,331,6127,1,"1","diploid","female"
"992","0","0","0","0",-0.832774579524994,3041.85205078125,"map_6127_1_2",5,70,300,20,5,4.50421913248471,0.1,8.24074222598664,0.506496218983635,0.777230410685095,73,0.2,1,42.8510968201976,24.5617119878894,0.00282945950423908,0.000140529913916238,0.925648182691243,331,6127,1,"2","diploid","female"
"993","0","0","0","0",-0.832774579524994,3041.85205078125,"map_6127_1_3",5,70,300,20,5,1.32063077907058,0.1,6.60062625543323,0.357036964619054,2.0989564400017,119,0.2,1,42.8510968201976,24.5617119878894,0.00130874169213926,4.27665520862798e-05,0.892007738665368,331,6127,1,"3","diploid","female"
"994","0","0","0","0",-0.723215937614441,2798.66162109375,"map_6172_1_1",5,70,300,20,5,0,0.1,50.9031382618701,7.51888259290709e-14,0,64,0.2,1,75.6772521136211,25.3024614841043,1.53037875272782e-14,7.51888259290709e-14,0.304040245745897,332,6172,1,"1","diploid","female"
"995","0","0","0","0",-0.723215937614441,2798.66162109375,"map_6172_1_2",5,70,300,20,5,0,0.1,10.6338722640805,0.234465426319166,1.25785643937225,33,0.2,1,75.6772521136211,25.3024614841043,0.00333967207063367,0.012090417616606,0.912335000481548,332,6172,1,"2","diploid","female"
"996","0","0","0","0",-0.723215937614441,2798.66162109375,"map_6172_1_3",5,70,300,20,5,1.11059244208338,0.1,7.49981735878225,0.318379486662655,0.753276852817423,62,0.2,1,75.6772521136211,25.3024614841043,0.00185619380128804,0.00185961139206683,0.344878095159029,332,6172,1,"3","diploid","female"
"997","0","0","0","0",-0.818396151065826,2832.57055664062,"map_6173_1_1",5,70,300,20,5,0,0.1,18.026258613542,0.063231677727869,0.260237435094195,51,0.2,1,82.2558699921516,25.0247046790646,0.00206321521489162,0.0087571386771927,0.252726787603944,333,6173,1,"1","diploid","female"
"998","0","0","0","0",-0.818396151065826,2832.57055664062,"map_6173_1_2",5,70,300,20,5,2.79364972356176,0.1,9.90948875767639,1.31324101760458,0.812285549661471,118,0.2,1,82.2558699921516,25.0247046790646,0.0198143681273055,0.100132865537966,0.921284652795382,333,6173,1,"2","diploid","female"
"999","0","0","0","0",-0.818396151065826,2832.57055664062,"map_6173_1_3",5,70,300,20,5,1.40560549129458,0.1,7.59865273699304,0.483654823263704,0.673862786434684,41,0.2,1,82.2558699921516,25.0247046790646,0.00246729631990279,0.000619836652621847,0.707280268622732,333,6173,1,"3","diploid","female"
"1000","0","0","0","0",-0.700584530830383,2868.64697265625,"map_6174_1_1",5,70,300,20,5,0,0.1,15.6704720759376,0.195518326668295,0.770295797693072,130,0.2,1,80.888188482519,24.9985969900425,0.00601576044659874,0.0252081339545157,0.233120287705612,334,6174,1,"1","diploid","female"
"1001","0","0","0","0",-0.700584530830383,2868.64697265625,"map_6174_1_2",5,70,300,20,5,3.36352545252818,0.1,18.2524131015936,0.186789060583309,3.4391450500456,70,0.2,1,80.888188482519,24.9985969900425,0.00634947088174787,0.0232005722642553,0.345997033215307,334,6174,1,"2","diploid","female"
"1002","0","0","0","0",-0.700584530830383,2868.64697265625,"map_6174_1_3",5,70,300,20,5,1.79800226177442,0.1,10.2541868459005,0.258735504079207,1.48850064132196,170,0.2,1,80.888188482519,24.9985969900425,0.00270011941899621,0.00292753288344737,0.287790129438663,334,6174,1,"3","diploid","female"
"1003","0","0","0","0",-0.514742314815521,2908.66796875,"map_6177_1_1",5,70,300,20,5,0,0.1,14.3198458044293,0.346923029355589,1.54747045491783,17,0.2,1,87.081966000934,24.7061151286956,0.00966336092667122,0.0443457089333553,0.204728429855362,335,6177,1,"1","diploid","female"
"1004","0","0","0","0",-0.514742314815521,2908.66796875,"map_6177_1_2",5,70,300,20,5,4.17743480464938,0.1,9.43105242296284,0.448509388682204,3.29465620613587,5,0.2,1,87.081966000934,24.7061151286956,0.00464451965675842,0.0103173602781307,0.39275114780752,335,6177,1,"2","diploid","female"
"1005","0","0","0","0",-0.514742314815521,2908.66796875,"map_6177_1_3",5,70,300,20,5,2.3862382672477,0.1,7.78399663640958,0.461600277009239,2.28157208214537,5,0.2,1,87.081966000934,24.7061151286956,0.00299653626299954,0.00180068395143602,0.377218900565128,335,6177,1,"3","diploid","female"
"1006","0","0","0","0",-0.906168580055237,2903.84204101562,"map_6178_1_1",5,70,300,20,5,1.56391334376112,0.1,22.3879707342344,0.32935180006336,0.777264887918432,10,0.2,1,84.3712778234007,24.7374925691556,0.0188670292010894,0.105969421128085,0.0888168929154343,336,6178,1,"1","diploid","female"
"1007","0","0","0","0",-0.906168580055237,2903.84204101562,"map_6178_1_2",5,70,300,20,5,3.06312210770045,0.1,20.5933491785178,0.370431528107607,2.369082340026,4,0.2,1,84.3712778234007,24.7374925691556,0.0208573591635922,0.1167390706484,0.172005848991366,336,6178,1,"2","diploid","female"
"1008","0","0","0","0",-0.906168580055237,2903.84204101562,"map_6178_1_3",5,70,300,20,5,2.0096293829886,0.1,7.209564035068,0.393735819591608,1.69008960460532,3,0.2,1,84.3712778234007,24.7374925691556,0.00200745187412857,0.000877615189835179,0.379210719057485,336,6178,1,"3","diploid","female"
"1009","0","0","0","0",-0.631078124046326,2933.99731445312,"map_6179_1_1",5,70,300,20,5,0,0.1,10.3102546600138,0.669252309400051,1.76022860821541,44,0.2,1,77.3274346356376,24.5545271485879,0.0127190832070803,0.0677207655859797,0.469516673573669,337,6179,1,"1","diploid","female"
"1010","0","0","0","0",-0.631078124046326,2933.99731445312,"map_6179_1_2",5,70,300,20,5,7.56365336964529,0.1,5.60448084748307,3.9200520626602,3.24241356469176,2,0.2,1,77.3274346356376,24.5545271485879,0.0155644403538686,0.0418126201416411,1.82275730683171,337,6179,1,"2","diploid","female"
"1011","0","0","0","0",-0.631078124046326,2933.99731445312,"map_6179_1_3",5,70,300,20,5,2.30101238671082,0.1,5.58539643967967,1.03726459697515,2.4798429923966,9,0.2,1,77.3274346356376,24.5545271485879,0.00300843155902368,0.00146264460172448,0.901367102165998,337,6179,1,"3","diploid","female"
"1012","0","0","0","0",0.337110161781311,2946.58154296875,"map_6207_1_1",5,70,300,20,5,1.56570344808814,0.1,11.366419844844,0.348480396602064,2.17665780009588,5,0.2,1,14.7271394281094,24.6607339613989,0.00449330904116408,0.00598669018321351,0.282544404292449,338,6207,1,"1","diploid","female"
"1013","0","0","0","0",0.337110161781311,2946.58154296875,"map_6207_1_2",5,70,300,20,5,8.45396300161224,0.1,5.17314118705176,1.06593419165461,5.17826033657778,6,0.2,1,14.7271394281094,24.6607339613989,0.00233549369338051,4.29551989109943e-05,0.995488245760923,338,6207,1,"2","diploid","female"
"1014","0","0","0","0",0.337110161781311,2946.58154296875,"map_6207_1_3",5,70,300,20,5,1.29919641474665,0.1,6.60539810750171,0.499240228626552,3.64904528748314,2,0.2,1,14.7271394281094,24.6607339613989,0.00216555427358932,0.00104957447652062,0.530702883190819,338,6207,1,"3","diploid","female"
"1015","0","0","0","0",-0.773738741874695,2938.90844726562,"map_6224_1_1",5,70,300,20,5,1.29775291876565,0.1,10.4503713651573,0.475521511605786,0.796973009258964,64,0.2,1,22.7301346000247,24.8295588591566,0.00535783730719088,0.0100699710680314,0.522181902339937,339,6224,1,"1","diploid","female"
"1016","0","0","0","0",-0.773738741874695,2938.90844726562,"map_6224_1_2",5,70,300,20,5,3.90061845146474,0.1,7.61292988259069,0.639883987844099,1.1216502584849,43,0.2,1,22.7301346000247,24.8295588591566,0.00310654515482452,0.000241757793338201,1.32169427836406,339,6224,1,"2","diploid","female"
"1017","0","0","0","0",-0.773738741874695,2938.90844726562,"map_6224_1_3",5,70,300,20,5,1.51710404433264,0.1,7.67172906573837,0.128693812986564,1.86213190652909,14,0.2,1,22.7301346000247,24.8295588591566,0.00067606510886755,4.11633834970616e-05,0.869201946371119,339,6224,1,"3","diploid","female"
"1018","0","0","0","0",0.490330785512924,2992.87231445312,"map_6227_1_1",5,70,300,20,5,2.18316574793312,0.1,9.50795677322082,0.296252421477846,3.89108598600754,7,0.2,1,40.8137904694706,24.8260590955665,0.00324214586780566,0.00786026931169832,0.262958471677189,340,6227,1,"1","diploid","female"
"1019","0","0","0","0",0.490330785512924,2992.87231445312,"map_6227_1_2",5,70,300,20,5,9.83803153562507,0.1,6.38851748177412,0.582835494368003,5.18119335395681,3,0.2,1,40.8137904694706,24.8260590955665,0.00198905683042322,8.44539093330766e-05,0.850058386436174,340,6227,1,"2","diploid","female"
"1020","0","0","0","0",0.490330785512924,2992.87231445312,"map_6227_1_3",5,70,300,20,5,2.07955303344868,0.1,8.62559461833628,0.383703894699865,3.73788897086562,4,0.2,1,40.8137904694706,24.8260590955665,0.00363449645115679,0.00928866068854964,0.340245796171822,340,6227,1,"3","diploid","female"
"1021","0","0","0","0",-0.529510378837585,2951.27734375,"map_6232_1_1",5,70,300,20,5,1.22264393349898,0.1,9.16536136544563,0.455575550924,1.87261592447114,70,0.2,1,41.8611725612336,24.4115904635897,0.00498654142210628,0.0151531322543525,0.553839839623605,341,6232,1,"1","diploid","female"
"1022","0","0","0","0",-0.529510378837585,2951.27734375,"map_6232_1_2",5,70,300,20,5,5.99817725750683,0.1,7.07062119110904,1.38847666499194,2.2584149132601,127,0.2,1,41.8611725612336,24.4115904635897,0.00756446479913522,0.00314087017328699,0.862464732018779,341,6232,1,"2","diploid","female"
"1023","0","0","0","0",-0.529510378837585,2951.27734375,"map_6232_1_3",5,70,300,20,5,1.25118323507458,0.1,7.11643427411689,0.308616104934182,2.26029814019406,25,0.2,1,41.8611725612336,24.4115904635897,0.00148016000853833,0.000887872294694819,0.68990522525343,341,6232,1,"3","diploid","female"
"1024","0","0","0","0",-0.722663879394531,2916.65673828125,"map_6233_1_1",5,70,300,20,5,1.98239098202993,0.1,15.5167225072657,0.171063618644036,1.62439548382404,63,0.2,1,31.3678998772884,24.406180602926,0.00475571157967746,0.0159254225753447,0.229217051935899,342,6233,1,"1","diploid","female"
"1025","0","0","0","0",-0.722663879394531,2916.65673828125,"map_6233_1_2",5,70,300,20,5,3.38288494070695,0.1,18.0472029832275,0.0843565487241642,2.80662686933195,24,0.2,1,31.3678998772884,24.406180602926,0.00276227659557352,0.00759377296144895,0.578757659019313,342,6233,1,"2","diploid","female"
"1026","0","0","0","0",-0.722663879394531,2916.65673828125,"map_6233_1_3",5,70,300,20,5,2.50545408465247,0.1,7.82224779561521,0.140316421865274,1.98665314979655,84,0.2,1,31.3678998772884,24.406180602926,0.00076978150341797,7.59444075153598e-05,0.550609150607918,342,6233,1,"3","diploid","female"
"1027","0","0","0","0",-0.484048455953598,2907.2724609375,"map_6234_1_1",5,70,300,20,5,2.30743704977941,0.1,14.6683297790852,0.250506180730076,1.3483257191085,11,0.2,1,30.8117754871267,24.3939332089683,0.00596720212734031,0.0229261809645027,0.192996611640029,343,6234,1,"1","diploid","female"
"1028","0","0","0","0",-0.484048455953598,2907.2724609375,"map_6234_1_2",5,70,300,20,5,3.84798879809288,0.1,10.9670707741022,0.489299535096334,0.47208028372941,9,0.2,1,30.8117754871267,24.3939332089683,0.00561849431581884,0.00558223971932965,0.251967591261493,343,6234,1,"2","diploid","female"
"1029","0","0","0","0",-0.484048455953598,2907.2724609375,"map_6234_1_3",5,70,300,20,5,2.66554132921678,0.1,7.55085062751679,0.178094417065178,1.95678056089833,5,0.2,1,30.8117754871267,24.3939332089683,0.000929448700383705,0.000297625814304321,0.488025455860814,343,6234,1,"3","diploid","female"
"1030","0","0","0","0",-0.776300609111786,2888.451171875,"map_6283_1_1",5,70,300,20,5,1.2099036945383,0.1,13.4551677336873,0.228274713938553,1.44053236976907,41,0.2,1,29.2338651148138,24.5551691249624,0.00509474455583106,0.0175703886429919,0.19875416021701,344,6283,1,"1","diploid","female"
"1031","0","0","0","0",-0.776300609111786,2888.451171875,"map_6283_1_2",5,70,300,20,5,3.30874709075125,0.1,9.60521423054427,0.142714598950842,2.77892358150396,14,0.2,1,29.2338651148138,24.5551691249624,0.00119303136417854,0.000703225685103715,0.506319161783535,344,6283,1,"2","diploid","female"
"1032","0","0","0","0",-0.776300609111786,2888.451171875,"map_6283_1_3",5,70,300,20,5,1.24836900034171,0.1,7.40155003779436,0.221053759995378,1.54080900636741,28,0.2,1,29.2338651148138,24.5551691249624,0.00100459389802497,1.44174132310854e-05,0.589451673963832,344,6283,1,"3","diploid","female"
"1033","0","0","0","0",-0.728385806083679,2934.71166992188,"map_6284_1_1",5,70,300,20,5,0.755712139068789,0.1,12.0012982454855,0.194132563695427,1.73539200102137,73,0.2,1,27.8068731559372,24.5481829646418,0.0034350894825626,0.0098956291777048,0.236694313618335,345,6284,1,"1","diploid","female"
"1034","0","0","0","0",-0.728385806083679,2934.71166992188,"map_6284_1_2",5,70,300,20,5,4.25026396941972,0.1,8.96897688099644,0.110847012623897,3.28585036553046,19,0.2,1,27.8068731559372,24.5481829646418,0.000821441245598745,0.000274429225474143,0.711320518497795,345,6284,1,"2","diploid","female"
"1035","0","0","0","0",-0.728385806083679,2934.71166992188,"map_6284_1_3",5,70,300,20,5,0.815313750078008,0.1,7.2782745241375,0.206057805355072,2.11187873027822,100,0.2,1,27.8068731559372,24.5481829646418,0.000941640970299527,3.9738448499197e-05,0.59254148717952,345,6284,1,"3","diploid","female"
"1036","0","0","0","0",0.193065002560616,2932.39697265625,"map_6287_1_1",5,70,300,20,5,1.67715883831207,0.1,9.97003023906231,0.533813529762123,1.5953534402797,53,0.2,1,37.2643641902759,24.5587955937433,0.00563406498696849,0.011053338281499,0.473400776149617,346,6287,1,"1","diploid","female"
"1037","0","0","0","0",0.193065002560616,2932.39697265625,"map_6287_1_2",5,70,300,20,5,7.0130619473911,0.1,6.84599863051116,0.2115092639161,5.51219585319689,6,0.2,1,37.2643641902759,24.5587955937433,0.000894517464418094,0.00023233288635452,2.48358323301982,346,6287,1,"2","diploid","female"
"1038","0","0","0","0",0.193065002560616,2932.39697265625,"map_6287_1_3",5,70,300,20,5,1.56534293119965,0.1,7.93086652450453,0.279893208615532,3.02851117613138,13,0.2,1,37.2643641902759,24.5587955937433,0.00172791706857684,0.00142853414743477,0.617918928024724,346,6287,1,"3","diploid","female"
"1039","0","0","0","0",0.695025682449341,3017.05029296875,"map_6304_1_1",5,70,300,20,5,0,0.1,10.4190087993592,0.336585813207056,5.0597027996954,9,0.2,1,55.3229127987675,24.5279115862757,0.00499817790951161,0.0192741752429194,0.243212463552958,347,6304,1,"1","diploid","female"
"1040","0","0","0","0",0.695025682449341,3017.05029296875,"map_6304_1_2",5,70,300,20,5,15.3680363646807,0.1,7.5702901167515,0.47535468377129,4.5294733598407,3,0.2,1,55.3229127987675,24.5279115862757,0.00237419977524346,0.000158623801916394,0.643215529439555,347,6304,1,"2","diploid","female"
"1041","0","0","0","0",0.695025682449341,3017.05029296875,"map_6304_1_3",5,70,300,20,5,4.04884050127825,0.1,8.98982411372102,0.451504184938198,4.70944671806838,4,0.2,1,55.3229127987675,24.5279115862757,0.00458150346794663,0.0114399811295118,0.295956858058576,347,6304,1,"3","diploid","female"
"1042","0","0","0","0",-0.517848074436188,2894.09912109375,"map_6328_1_1",5,70,300,20,5,2.02423897361805,0.1,14.9220464176835,0.233191495762175,1.47061891569587,43,0.2,1,21.9706988112871,24.8305492219471,0.00642037431222055,0.0324846293603016,0.27941393655529,348,6328,1,"1","diploid","female"
"1043","0","0","0","0",-0.517848074436188,2894.09912109375,"map_6328_1_2",5,70,300,20,5,3.72138413993942,0.1,9.2064431117747,0.192426958788025,2.20185049445927,14,0.2,1,21.9706988112871,24.8305492219471,0.00147147315843879,0.00108021297286369,0.932634154707855,348,6328,1,"2","diploid","female"
"1044","0","0","0","0",-0.517848074436188,2894.09912109375,"map_6328_1_3",5,70,300,20,5,2.3584845229497,0.1,7.75850319812538,0.202607205121164,1.71674347870685,34,0.2,1,21.9706988112871,24.8305492219471,0.00107286801630457,0.000129683222060283,0.576893377327472,348,6328,1,"3","diploid","female"
"1045","0","0","0","0",0.0909290388226509,2929.435546875,"map_6329_1_1",5,70,300,20,5,3.25541809746678,0.1,12.500116033741,0.303226823526057,2.89605830998685,7,0.2,1,40.3532491086725,24.7833186556203,0.00650859049805814,0.0242950399007997,0.182113720709339,349,6329,1,"1","diploid","female"
"1046","0","0","0","0",0.0909290388226509,2929.435546875,"map_6329_1_2",5,70,300,20,5,6.16777240462921,0.1,5.98469860073665,0.572688388339678,5.75131860070944,4,0.2,1,40.3532491086725,24.7833186556203,0.0020604886088427,0.0012458085059357,0.605950994037553,349,6329,1,"2","diploid","female"
"1047","0","0","0","0",0.0909290388226509,2929.435546875,"map_6329_1_3",5,70,300,20,5,3.42582863721605,0.1,8.08667167143339,0.379060223093006,2.8942756518312,3,0.2,1,40.3532491086725,24.7833186556203,0.00257981210404988,0.00237188013301976,0.342388784561457,349,6329,1,"3","diploid","female"
"1048","0","0","0","0",-0.165780991315842,2981.37182617188,"map_6330_1_1",5,70,300,20,5,1.28353734797046,0.1,12.1556875523267,0.27222352127492,2.80139493787076,8,0.2,1,40.653995235893,24.7847926324652,0.00573293676298231,0.0180861636295894,0.20593028780638,350,6330,1,"1","diploid","female"
"1049","0","0","0","0",-0.165780991315842,2981.37182617188,"map_6330_1_2",5,70,300,20,5,7.76395325181326,0.1,5.6999915300008,0.515614197227358,5.60737674338046,4,0.2,1,40.653995235893,24.7847926324652,0.00150071962532923,8.15562811955795e-05,0.828831351644524,350,6330,1,"2","diploid","female"
"1050","0","0","0","0",-0.165780991315842,2981.37182617188,"map_6330_1_3",5,70,300,20,5,1.24799585781736,0.1,7.87003006054684,0.38293190585827,3.19025879205012,5,0.2,1,40.653995235893,24.7847926324652,0.00262238350228476,0.00288374761838634,0.338536023917941,350,6330,1,"3","diploid","female"
"1051","0","0","0","0",-0.432417571544647,2999.318359375,"map_6331_1_1",5,70,300,20,5,2.4403431865172,0.1,13.0397265181681,0.290697573410806,1.17084114615023,29,0.2,1,39.4223629873852,24.8084712496364,0.00486565203862284,0.00874681773096884,0.228926596313169,351,6331,1,"1","diploid","female"
"1052","0","0","0","0",-0.432417571544647,2999.318359375,"map_6331_1_2",5,70,300,20,5,5.15017004896602,0.1,6.6230903081484,0.426973583648601,2.35717181254139,17,0.2,1,39.4223629873852,24.8084712496364,0.00155039342158787,7.44398780410473e-05,1.95833852244974,351,6331,1,"2","diploid","female"
"1053","0","0","0","0",-0.432417571544647,2999.318359375,"map_6331_1_3",5,70,300,20,5,3.28864715350089,0.1,8.26756580450462,0.256942382019296,2.16883904943357,25,0.2,1,39.4223629873852,24.8084712496364,0.00151748456025436,0.000175161899622824,0.714646501081876,351,6331,1,"3","diploid","female"
"1054","0","0","0","0",-0.872067153453827,2985.13452148438,"map_6332_1_1",5,70,300,20,5,1.78280349366959,0.1,8.32919711923206,0.601854651153874,1.19549282388675,18,0.2,1,39.1774417015405,24.8493856622267,0.00502889530513255,0.0116817305404299,0.710143932721678,352,6332,1,"1","diploid","female"
"1055","0","0","0","0",-0.872067153453827,2985.13452148438,"map_6332_1_2",5,70,300,20,5,3.7726981662412,0.1,5.62183250049901,0.93396149522413,2.17156120032426,11,0.2,1,39.1774417015405,24.8493856622267,0.00248972975999228,0.000250716160434987,1.75752686816549,352,6332,1,"2","diploid","female"
"1056","0","0","0","0",-0.872067153453827,2985.13452148438,"map_6332_1_3",5,70,300,20,5,2.67591481278536,0.1,6.73964632575894,0.387554279023738,1.9752634557324,3,0.2,1,39.1774417015405,24.8493856622267,0.00148741343526949,9.4159833718e-05,0.889135775026612,352,6332,1,"3","diploid","female"
"1057","0","0","0","0",-0.646746814250946,2901.16674804688,"map_6337_1_1",5,70,300,20,5,1.66821640294108,0.1,14.5576327026578,0.194052054135818,1.51523100301033,35,0.2,1,31.0740161223269,24.3684273399784,0.00497438911911559,0.0192054213019151,0.2032946713492,353,6337,1,"1","diploid","female"
"1058","0","0","0","0",-0.646746814250946,2901.16674804688,"map_6337_1_2",5,70,300,20,5,4.04340418396527,0.1,10.4152861291226,0.116544077825599,2.72946471753215,13,0.2,1,31.0740161223269,24.3684273399784,0.00134904367024067,0.00227414235273798,0.551355796491666,353,6337,1,"2","diploid","female"
"1059","0","0","0","0",-0.646746814250946,2901.16674804688,"map_6337_1_3",5,70,300,20,5,1.65984340356225,0.1,7.41094266093463,0.146766076633716,1.77679726699963,24,0.2,1,31.0740161223269,24.3684273399784,0.000753744952672723,0.000131853537876592,0.581947618424904,353,6337,1,"3","diploid","female"
"1060","0","0","0","0",-0.877058565616608,2811.3603515625,"map_6386_1_1",5,70,300,20,5,0,0.1,19.4246607036054,0.223483939302348,0.5268264787503,69,0.2,1,29.2326669258582,24.7352316437106,0.00902328521263511,0.0322737381326774,0.182701620186533,354,6386,1,"1","diploid","female"
"1061","0","0","0","0",-0.877058565616608,2811.3603515625,"map_6386_1_2",5,70,300,20,5,2.74888770425769,0.1,10.5630157275882,0.312941696214179,1.1941315853678,64,0.2,1,29.2326669258582,24.7352316437106,0.00393344077822376,0.00893971334178112,0.474265016455262,354,6386,1,"2","diploid","female"
"1062","0","0","0","0",-0.877058565616608,2811.3603515625,"map_6386_1_3",5,70,300,20,5,0.40576164791618,0.1,8.35963541844944,0.0952235693929156,0.651977688016745,36,0.2,1,29.2326669258582,24.7352316437106,0.00060518435342984,2.36075768451564e-05,0.67238205867598,354,6386,1,"3","diploid","female"
"1063","0","0","0","0",-0.820141851902008,2833.48754882812,"map_6387_1_1",5,70,300,20,5,0,0.1,13.8752746254194,0.305421484158001,0.739836030263492,18,0.2,1,29.9589345765817,24.5385485443166,0.00835613572256635,0.0382908155032846,0.213766455614951,355,6387,1,"1","diploid","female"
"1064","0","0","0","0",-0.820141851902008,2833.48754882812,"map_6387_1_2",5,70,300,20,5,2.52310394987743,0.1,10.3730445405484,0.253665611652037,1.47715903523456,8,0.2,1,29.9589345765817,24.5385485443166,0.00337245069148032,0.0115040732272153,0.375665769110032,355,6387,1,"2","diploid","female"
"1065","0","0","0","0",-0.820141851902008,2833.48754882812,"map_6387_1_3",5,70,300,20,5,1.56039867366537,0.1,6.12769632259292,0.399460978386465,0.792549025666776,6,0.2,1,29.9589345765817,24.5385485443166,0.00124563162965536,7.3986623964035e-06,0.590845807330491,355,6387,1,"3","diploid","female"
"1066","0","0","0","0",-0.704496920108795,2877.02075195312,"map_6388_1_1",5,70,300,20,5,1.77201188769254,0.1,13.2169156723506,0.260520784433209,1.58858296710192,110,0.2,1,30.0860518081194,24.589819761553,0.00552452697454701,0.0186846832899791,0.184960104981703,356,6388,1,"1","diploid","female"
"1067","0","0","0","0",-0.704496920108795,2877.02075195312,"map_6388_1_2",5,70,300,20,5,3.09879674314606,0.1,8.92669723666322,0.193290917095881,2.86904482042474,29,0.2,1,30.0860518081194,24.589819761553,0.00159999889256367,0.00151379768522793,0.515874021158019,356,6388,1,"2","diploid","female"
"1068","0","0","0","0",-0.704496920108795,2877.02075195312,"map_6388_1_3",5,70,300,20,5,2.06642556877292,0.1,6.13589616156573,0.286527540079276,1.70175380437223,113,0.2,1,30.0860518081194,24.589819761553,0.000952104918242686,1.83376826229103e-05,0.626746567557919,356,6388,1,"3","diploid","female"
"1069","0","0","0","0",0.663439095020294,2918.92407226562,"map_6400_1_1",5,70,300,20,5,0,0.1,10.5823379768415,0.0626328711046767,1.7936264048608,8,0.2,1,19.9710256653123,25.1619954446093,0.000682185345771787,0.000907252423695414,0.362552783522076,357,6400,1,"1","diploid","female"
"1070","0","0","0","0",0.663439095020294,2918.92407226562,"map_6400_1_2",5,70,300,20,5,8.72739982988065,0.1,7.15823686306338,0.22274335438925,4.62787545134552,4,0.2,1,19.9710256653123,25.1619954446093,0.00102118078692848,9.76383123874986e-05,0.557652786029583,357,6400,1,"2","diploid","female"
"1071","0","0","0","0",0.663439095020294,2918.92407226562,"map_6400_1_3",5,70,300,20,5,3.99330180999202,0.1,8.8391571335453,0.317739933259652,2.6103740710633,13,0.2,1,19.9710256653123,25.1619954446093,0.00284018913073901,0.00461205586514958,0.301325472069056,357,6400,1,"3","diploid","female"
"1072","0","0","0","0",0.321967393159866,2962.80859375,"map_6406_1_1",5,70,300,20,5,1.84391501947809,0.1,11.9834509824917,0.207463353095109,3.55598575135957,59,0.2,1,38.7459838759662,24.5321057063005,0.0033710593258575,0.00880102303279054,0.231603732750038,358,6406,1,"1","diploid","female"
"1073","0","0","0","0",0.321967393159866,2962.80859375,"map_6406_1_2",5,70,300,20,5,9.8328550812467,0.1,9.30204835957371,0.158291838473974,5.8300604712031,16,0.2,1,38.7459838759662,24.5321057063005,0.00126318701901307,0.000437627206803115,0.669270800190936,358,6406,1,"2","diploid","female"
"1074","0","0","0","0",0.321967393159866,2962.80859375,"map_6406_1_3",5,70,300,20,5,1.52424223088865,0.1,9.44992485827865,0.25050023357856,3.5076273039716,128,0.2,1,38.7459838759662,24.5321057063005,0.00222877154517581,0.00225427161747392,0.337188236974359,358,6406,1,"3","diploid","female"
"1075","0","0","0","0",0.649745106697083,3007.70922851562,"map_6407_1_1",5,70,300,20,5,2.40528943223631,0.1,11.5596821549187,0.178078145029859,4.02726463097916,48,0.2,1,42.0342579482996,24.4713608288686,0.00263874356219874,0.00638072665888398,0.263895729665233,359,6407,1,"1","diploid","female"
"1076","0","0","0","0",0.649745106697083,3007.70922851562,"map_6407_1_2",5,70,300,20,5,13.3261351264702,0.1,8.81382250740622,0.10091311062843,6.40267095384089,12,0.2,1,42.0342579482996,24.4713608288686,0.000685733305745047,8.57199938329906e-05,0.595114765773208,359,6407,1,"2","diploid","female"
"1077","0","0","0","0",0.649745106697083,3007.70922851562,"map_6407_1_3",5,70,300,20,5,1.90441425062306,0.1,12.5126211819799,0.220705728976475,3.5951577309011,77,0.2,1,42.0342579482996,24.4713608288686,0.00397473321066713,0.0118626560999902,0.255976320372668,359,6407,1,"3","diploid","female"
"1078","0","0","0","0",0.162364661693573,3048.6748046875,"map_6408_1_1",5,70,300,20,5,4.21478424105154,0.1,15.3007601650063,0.194142602217501,3.85772994764814,21,0.2,1,66.1612099951684,24.476266373458,0.00550148388100511,0.0257667654928586,0.192818841030127,360,6408,1,"1","diploid","female"
"1079","0","0","0","0",0.162364661693573,3048.6748046875,"map_6408_1_2",5,70,300,20,5,8.52218041964939,0.1,7.65158735261807,0.203837506212367,6.70762966942736,7,0.2,1,66.1612099951684,24.476266373458,0.00100563515677942,5.30254145200486e-05,0.920395598293039,360,6408,1,"2","diploid","female"
"1080","0","0","0","0",0.162364661693573,3048.6748046875,"map_6408_1_3",5,70,300,20,5,4.37421428279262,0.1,12.3325543864777,0.22585373138452,3.79646119227234,24,0.2,1,66.1612099951684,24.476266373458,0.00377071811011889,0.00732040587638487,0.198066748695671,360,6408,1,"3","diploid","female"
"1081","0","0","0","0",-0.784228563308716,3075.56958007812,"map_6409_1_1",5,70,300,20,5,2.4320901919333,0.1,10.6872243671586,0.282382685865361,2.21707635661168,8,0.2,1,65.8585576329912,24.0956653700583,0.00448710906264285,0.0166170391365188,0.208303085001618,361,6409,1,"1","diploid","female"
"1082","0","0","0","0",-0.784228563308716,3075.56958007812,"map_6409_1_2",5,70,300,20,5,4.63991447588931,0.1,6.39079115112346,0.397167736155873,4.18361093689975,4,0.2,1,65.8585576329912,24.0956653700583,0.00150929555054977,0.000275567789197582,0.531400621389886,361,6409,1,"2","diploid","female"
"1083","0","0","0","0",-0.784228563308716,3075.56958007812,"map_6409_1_3",5,70,300,20,5,3.20357555417382,0.1,5.79295493039653,0.448601610699442,2.84902922281511,4,0.2,1,65.8585576329912,24.0956653700583,0.00134956909908575,0.000157474078759569,0.529937669154589,361,6409,1,"3","diploid","female"
"1084","0","0","0","0",0.599822223186493,2966.71459960938,"map_6416_1_1",5,70,300,20,5,0,0.1,20.9704930241288,0.207551069674565,2.99906988200696,49,0.2,1,62.294264102695,24.6353109051355,0.00928219714759208,0.0307064733731168,0.119972724304485,362,6416,1,"1","diploid","female"
"1085","0","0","0","0",0.599822223186493,2966.71459960938,"map_6416_1_2",5,70,300,20,5,9.75458132187933,0.1,8.00914883114799,0.18014615188474,5.63686236553694,14,0.2,1,62.294264102695,24.6353109051355,0.0009557293677096,9.28064848658717e-05,0.903919206527318,362,6416,1,"2","diploid","female"
"1086","0","0","0","0",0.599822223186493,2966.71459960938,"map_6416_1_3",5,70,300,20,5,4.71552312242161,0.1,14.7164300710845,0.245841661971748,3.02903333352282,76,0.2,1,62.294264102695,24.6353109051355,0.00608490273691831,0.0207677604707012,0.180023919222606,362,6416,1,"3","diploid","female"
"1087","0","0","0","0",-0.410787314176559,2867.06762695312,"map_6432_1_1",5,70,300,20,5,1.35440630761646,0.1,13.5221830051587,0.43400041356946,0.785437498811469,146,0.2,1,6.79897612108048,24.8229892996855,0.00916029823984107,0.0367512919845954,0.301129893816155,363,6432,1,"1","diploid","female"
"1088","0","0","0","0",-0.410787314176559,2867.06762695312,"map_6432_1_2",5,70,300,20,5,3.56829757090922,0.1,9.71573854123036,0.284540352804594,1.55144632252915,31,0.2,1,6.79897612108048,24.8229892996855,0.00236479222257709,0.000937691729506694,1.52286715942451,363,6432,1,"2","diploid","female"
"1089","0","0","0","0",-0.410787314176559,2867.06762695312,"map_6432_1_3",5,70,300,20,5,1.23154349178736,0.1,8.08425245458143,0.255551091903411,1.49767918211021,117,0.2,1,6.79897612108048,24.8229892996855,0.00144108763684959,7.21745587513502e-05,0.463375375941766,363,6432,1,"3","diploid","female"
"1090","0","0","0","0",-0.425287216901779,2919.234375,"map_6433_1_1",5,70,300,20,5,2.21442789137967,0.1,16.1401463511134,0.178395712430614,1.57593032397082,58,0.2,1,11.5766028166807,24.825565727631,0.00504790597210938,0.0196463197943551,0.209462952089824,364,6433,1,"1","diploid","female"
"1091","0","0","0","0",-0.425287216901779,2919.234375,"map_6433_1_2",5,70,300,20,5,4.16775798968081,0.1,10.4354238140765,0.0582913504152728,3.540585877066,18,0.2,1,11.5766028166807,24.825565727631,0.000578486615974938,0.00027063371324477,0.757530478123743,364,6433,1,"2","diploid","female"
"1092","0","0","0","0",-0.425287216901779,2919.234375,"map_6433_1_3",5,70,300,20,5,2.75526176796858,0.1,8.9264561706081,0.167989275153114,1.7432176012612,103,0.2,1,11.5766028166807,24.825565727631,0.00113702827319822,0.000116644983348861,0.482932912786545,364,6433,1,"3","diploid","female"
"1093","0","0","0","0",-0.0349403060972691,2925.5703125,"map_6443_1_1",5,70,300,20,5,3.19061616009926,0.1,9.9794368522324,0.486026069251438,1.45757315245938,7,0.2,1,14.1395891670299,24.3910840371386,0.0054390721802479,0.0102373448712781,0.463257034652727,365,6443,1,"1","diploid","female"
"1094","0","0","0","0",-0.0349403060972691,2925.5703125,"map_6443_1_2",5,70,300,20,5,5.25549443966148,0.1,5.08750270150509,4.61065014010484,3.96339604329314,2,0.2,1,14.1395891670299,24.3910840371386,0.00955163587784525,0.000167627671871564,1.79808408791956,365,6443,1,"2","diploid","female"
"1095","0","0","0","0",-0.0349403060972691,2925.5703125,"map_6443_1_3",5,70,300,20,5,3.56782066121109,0.1,5.77922946473408,0.842149922730363,3.07050435323339,3,0.2,1,14.1395891670299,24.3910840371386,0.00254986861467351,0.000407142569964731,0.857434647819714,365,6443,1,"3","diploid","female"
"1096","0","0","0","0",-0.673407673835754,2834.69873046875,"map_6492_1_1",5,70,300,20,5,0,0.1,21.9362738278421,0.514765844266023,0.32914487166444,104,0.2,1,31.0620879659869,24.5717410082305,0.0238019163557148,0.091676992497164,0.130408200593099,366,6492,1,"1","diploid","female"
"1097","0","0","0","0",-0.673407673835754,2834.69873046875,"map_6492_1_2",5,70,300,20,5,2.78316428434476,0.1,13.4648277724107,0.24672368427419,1.81255733964362,20,0.2,1,31.0620879659869,24.5717410082305,0.00556773277033379,0.0207084390306714,0.567676521959272,366,6492,1,"2","diploid","female"
"1098","0","0","0","0",-0.673407673835754,2834.69873046875,"map_6492_1_3",5,70,300,20,5,1.66952157961287,0.1,7.13094805855721,0.239301651770759,1.27836412149438,31,0.2,1,31.0620879659869,24.5717410082305,0.00103123243180211,3.44196246581291e-05,0.653648233118743,366,6492,1,"3","diploid","female"
"1099","0","0","0","0",-0.855038702487946,2873.05541992188,"map_6493_1_1",5,70,300,20,5,0.639794929319861,0.1,14.6745008029407,0.492998548495543,0.569346350334654,80,0.2,1,29.5231195081063,24.5312858180218,0.0133834281888123,0.0528671159589366,0.355696911032187,367,6493,1,"1","diploid","female"
"1100","0","0","0","0",-0.855038702487946,2873.05541992188,"map_6493_1_2",5,70,300,20,5,3.32439309901054,0.1,8.97953811003803,1.28641211136795,0.324817244369833,158,0.2,1,29.5231195081063,24.5312858180218,0.0112706272289893,0.00830432303228355,0.60078837990934,367,6493,1,"2","diploid","female"
"1101","0","0","0","0",-0.855038702487946,2873.05541992188,"map_6493_1_3",5,70,300,20,5,0.60160067122353,0.1,7.92734265807207,0.102735475548681,1.2079145316204,37,0.2,1,29.5231195081063,24.5312858180218,0.000545939701556014,2.13658503622437e-05,1.00945119741349,367,6493,1,"3","diploid","female"
"1102","0","0","0","0",-0.596209704875946,3048.8564453125,"map_6512_1_1",5,70,300,20,5,2.50575753154915,0.1,12.2427198556624,0.485505230097248,1.02197529137071,11,0.2,1,66.2209561718659,24.492882116662,0.00846143480153723,0.02348987091024,0.391087194113306,368,6512,1,"1","diploid","female"
"1103","0","0","0","0",-0.596209704875946,3048.8564453125,"map_6512_1_2",5,70,300,20,5,5.236493392799,0.1,7.9901694563061,0.59109103463929,1.25990341946641,4,0.2,1,66.2209561718659,24.492882116662,0.00311857546053399,0.000103674323686053,1.08616093341414,368,6512,1,"2","diploid","female"
"1104","0","0","0","0",-0.596209704875946,3048.8564453125,"map_6512_1_3",5,70,300,20,5,3.20062994385669,0.1,7.39794323475362,0.419590942463321,2.7401259935304,2,0.2,1,66.2209561718659,24.492882116662,0.00218538319064967,0.000817193129576895,0.761953538118498,368,6512,1,"3","diploid","female"
"1105","0","0","0","0",-0.85686320066452,3048.32885742188,"map_6513_1_1",5,70,300,20,5,2.27905942738566,0.1,10.3414948195795,0.47991859732995,1.07772203536976,100,0.2,1,63.8180369918925,24.1587527821098,0.0051708769162022,0.00873582925808579,0.530655633286893,369,6513,1,"1","diploid","female"
"1106","0","0","0","0",-0.85686320066452,3048.32885742188,"map_6513_1_2",5,70,300,20,5,4.24760742857774,0.1,8.80908202269396,0.0944716019280901,4.1952303599081,30,0.2,1,63.8180369918925,24.1587527821098,0.000676973536953513,0.000292958720087371,2.47522521819243,369,6513,1,"2","diploid","female"
"1107","0","0","0","0",-0.85686320066452,3048.32885742188,"map_6513_1_3",5,70,300,20,5,3.11391342214061,0.1,9.17534042520485,0.18788589745643,2.40342974471946,109,0.2,1,63.8180369918925,24.1587527821098,0.00133862314663316,8.40142648073903e-05,0.804227893485073,369,6513,1,"3","diploid","female"
"1108","0","0","0","0",-0.775897741317749,3049.4609375,"map_6514_1_1",5,70,300,20,5,2.41084409316906,0.1,11.0806555982469,0.273068196857847,2.23856761332544,8,0.2,1,67.8048023417146,24.1079737222868,0.00435720610378528,0.0108429673158205,0.247677010746042,370,6514,1,"1","diploid","female"
"1109","0","0","0","0",-0.775897741317749,3049.4609375,"map_6514_1_2",5,70,300,20,5,4.48261725040633,0.1,6.48615576315406,0.366511149367914,3.82946913337339,4,0.2,1,67.8048023417146,24.1079737222868,0.00155161644666823,0.00066448025245704,0.864069630469583,370,6514,1,"2","diploid","female"
"1110","0","0","0","0",-0.775897741317749,3049.4609375,"map_6514_1_3",5,70,300,20,5,3.22054581739443,0.1,5.9189258267499,0.414445001740712,2.90602222196742,4,0.2,1,67.8048023417146,24.1079737222868,0.00134167807299066,0.000127237264426527,0.541101677385436,370,6514,1,"3","diploid","female"
"1111","0","0","0","0",-0.816702008247375,3073.87084960938,"map_6515_1_1",5,70,300,20,5,2.3765250086923,0.1,10.0676923598856,0.296675880961394,2.33657881829678,6,0.2,1,65.515765858647,24.1228803662103,0.00399786199435005,0.0128171658249799,0.239830603603594,371,6515,1,"1","diploid","female"
"1112","0","0","0","0",-0.816702008247375,3073.87084960938,"map_6515_1_2",5,70,300,20,5,4.53303370992947,0.1,5.90908494802999,0.462296159719377,4.43618034535497,3,0.2,1,65.515765858647,24.1228803662103,0.00160311110470953,0.000814799893620656,0.716578793336747,371,6515,1,"2","diploid","female"
"1113","0","0","0","0",-0.816702008247375,3073.87084960938,"map_6515_1_3",5,70,300,20,5,3.163112077367,0.1,6.25963466404056,0.418666531673662,3.03991200877692,2,0.2,1,65.515765858647,24.1228803662103,0.0015140568753516,0.000284641414053924,0.587699626656702,371,6515,1,"3","diploid","female"
"1114","0","0","0","0",-0.866702795028687,3085.01318359375,"map_6516_1_1",5,70,300,20,5,1.04650599179428,0.1,12.6499719253441,0.20183541288529,1.97510880034225,68,0.2,1,55.7743044121321,24.0945568709939,0.00408070582193104,0.0160939692565631,0.227810575204948,372,6516,1,"1","diploid","female"
"1115","0","0","0","0",-0.866702795028687,3085.01318359375,"map_6516_1_2",5,70,300,20,5,6.00548406980181,0.1,8.69780832176014,0.129825930148027,4.01493316778621,21,0.2,1,55.7743044121321,24.0945568709939,0.000873226595837837,0.000327607212382005,0.736889340040988,372,6516,1,"2","diploid","female"
"1116","0","0","0","0",-0.866702795028687,3085.01318359375,"map_6516_1_3",5,70,300,20,5,1.19228437484933,0.1,7.55556707641439,0.210180537017662,2.54800109250647,108,0.2,1,55.7743044121321,24.0945568709939,0.00103087289630906,4.24320941159555e-05,0.557862830255597,372,6516,1,"3","diploid","female"
"1117","0","0","0","0",0.405183672904968,3001.01782226562,"map_6520_1_1",5,70,300,20,5,0,0.1,16.7522508692774,0.313956922100548,2.09108165198959,89,0.2,1,62.8086151237108,24.6381431389489,0.0093829126117025,0.0306594186493533,0.224101430366349,373,6520,1,"1","diploid","female"
"1118","0","0","0","0",0.405183672904968,3001.01782226562,"map_6520_1_2",5,70,300,20,5,12.7649550744865,0.1,8.92385976336566,0.121789699468102,6.9230054276379,17,0.2,1,62.8086151237108,24.6381431389489,0.000837331769299848,0.000119285048036751,0.519628789776435,373,6520,1,"2","diploid","female"
"1119","0","0","0","0",0.405183672904968,3001.01782226562,"map_6520_1_3",5,70,300,20,5,1.76533673352852,0.1,11.59970515348,0.242498420997164,3.34390882009789,85,0.2,1,62.8086151237108,24.6381431389489,0.00366463907602674,0.0110838128355886,0.278653980136618,373,6520,1,"3","diploid","female"
"1120","0","0","0","0",-0.102594308555126,2921.73266601562,"map_6547_1_1",5,70,300,20,5,3.03199370457067,0.1,13.0338652903634,0.190373725735187,2.24893668235624,25,0.2,1,13.9098631024509,24.3863392689431,0.00372582677604099,0.0127968930309512,0.254275288744114,374,6547,1,"1","diploid","female"
"1121","0","0","0","0",-0.102594308555126,2921.73266601562,"map_6547_1_2",5,70,300,20,5,4.98348274598704,0.1,10.2362665787913,0.121960792569882,3.20813431142958,9,0.2,1,13.9098631024509,24.3863392689431,0.00127279563633351,0.000343158143719288,0.431019542620485,374,6547,1,"2","diploid","female"
"1122","0","0","0","0",-0.102594308555126,2921.73266601562,"map_6547_1_3",5,70,300,20,5,3.4226118931187,0.1,7.91753510943859,0.183683217456105,2.53819880570644,35,0.2,1,13.9098631024509,24.3863392689431,0.00103321375075639,0.000297457842238463,0.534747579582121,374,6547,1,"3","diploid","female"
"1123","0","0","0","0",-0.808018267154694,2823.43334960938,"map_6597_1_1",5,70,300,20,5,0,0.1,18.6639375258182,0.531736050116633,0.363810385699451,170,0.2,1,29.7955447585381,24.5621321436311,0.0226975237031431,0.101494666501474,0.13632496140693,375,6597,1,"1","diploid","female"
"1124","0","0","0","0",-0.808018267154694,2823.43334960938,"map_6597_1_2",5,70,300,20,5,2.46214907604076,0.1,10.8295379363161,0.975011759121018,0.242962560250425,151,0.2,1,29.7955447585381,24.5621321436311,0.0129764862335396,0.0239641337830161,0.259453560594381,375,6597,1,"2","diploid","female"
"1125","0","0","0","0",-0.808018267154694,2823.43334960938,"map_6597_1_3",5,70,300,20,5,1.47551714835243,0.1,6.29425202029204,0.459493587468275,1.01511667080245,111,0.2,1,29.7955447585381,24.5621321436311,0.00152267282583006,1.21344126365966e-05,0.893303379569428,375,6597,1,"3","diploid","female"
"1126","0","0","0","0",0.46434560418129,2909.08715820312,"map_6601_1_1",5,70,300,20,5,0,0.1,11.578874085947,0.0435231572985715,0.553944686408377,56,0.2,1,36.6560639764779,25.0571222763653,0.00063167241562679,0.00120210321191819,0.201326447618432,376,6601,1,"1","diploid","female"
"1127","0","0","0","0",0.46434560418129,2909.08715820312,"map_6601_1_2",5,70,300,20,5,10.1157265979807,0.1,7.7798266038164,0.293026885313733,5.33025459848994,21,0.2,1,36.6560639764779,25.0571222763653,0.00151849467353314,8.1518342684268e-05,0.805626380964504,376,6601,1,"2","diploid","female"
"1128","0","0","0","0",0.46434560418129,2909.08715820312,"map_6601_1_3",5,70,300,20,5,1.22280383871925,0.1,10.3047008387122,0.32459862645856,2.38227306135393,136,0.2,1,36.6560639764779,25.0571222763653,0.00357212423409276,0.00522915037356063,0.334526726704831,376,6601,1,"3","diploid","female"
"1129","0","0","0","0",-0.854218661785126,3021.16943359375,"map_6616_1_1",5,70,300,20,5,2.06016231516444,0.1,9.32305215782587,0.586378079284201,1.3651895371282,48,0.2,1,65.5874395196224,24.5047226357698,0.00662788878318892,0.0263047818852805,0.621077016131361,377,6616,1,"1","diploid","female"
"1130","0","0","0","0",-0.854218661785126,3021.16943359375,"map_6616_1_2",5,70,300,20,5,4.22993498315183,0.1,5.8532688031008,0.859369892158904,2.50686565948915,37,0.2,1,65.5874395196224,24.5047226357698,0.0025222355287702,0.000327824582672002,1.76442572737232,377,6616,1,"2","diploid","female"
"1131","0","0","0","0",-0.854218661785126,3021.16943359375,"map_6616_1_3",5,70,300,20,5,2.82667508760212,0.1,7.22735611935227,0.328185090432946,2.1447309042813,8,0.2,1,65.5874395196224,24.5047226357698,0.00146047815233066,0.000130980569579163,0.765315787378961,377,6616,1,"3","diploid","female"
"1132","0","0","0","0",0.801839351654053,2844.04418945312,"map_6630_1_1",5,70,300,20,5,0,0.1,50.5426236596174,2.53610360679484e-14,0,5,0.2,1,22.1491751285189,25.4422284435724,5.08915319755948e-15,2.53610360679484e-14,0.302632180931806,378,6630,1,"1","diploid","female"
"1133","0","0","0","0",0.801839351654053,2844.04418945312,"map_6630_1_2",5,70,300,20,5,0,0.1,7.02017531574873,0.000247420161205506,0.00124799595615012,2,0.2,1,22.1491751285189,25.4422284435724,9.78232528711924e-07,2.75769793025071e-10,1.27611810783985,378,6630,1,"2","diploid","female"
"1134","0","0","0","0",0.801839351654053,2844.04418945312,"map_6630_1_3",5,70,300,20,5,2.73448775892287,0.1,10.4176949753508,0.508486085071033,1.83307719450006,5,0.2,1,22.1491751285189,25.4422284435724,0.00701850062307037,0.0181620351901376,0.217938015861173,378,6630,1,"3","diploid","female"
"1135","0","0","0","0",-0.227207437157631,2881.20678710938,"map_6650_1_1",5,70,300,20,5,2.61347179293296,0.1,11.1637915430974,0.3714275543816,1.91390563633574,18,0.2,1,14.2892541873123,24.4009400689853,0.00607095769688379,0.0203925951740415,0.211641583875978,379,6650,1,"1","diploid","female"
"1136","0","0","0","0",-0.227207437157631,2881.20678710938,"map_6650_1_2",5,70,300,20,5,4.10704829803813,0.1,6.53466741885124,0.645636509255613,2.7935348290476,8,0.2,1,14.2892541873123,24.4009400689853,0.00296166399693054,0.00244251331891548,0.53580135479725,379,6650,1,"2","diploid","female"
"1137","0","0","0","0",-0.227207437157631,2881.20678710938,"map_6650_1_3",5,70,300,20,5,2.70395428867678,0.1,6.10591275830356,0.495417331504036,2.33448445627906,7,0.2,1,14.2892541873123,24.4009400689853,0.00167881282071692,0.000273495304610397,0.599158411884154,379,6650,1,"3","diploid","female"
"1138","0","0","0","0",-0.464925438165665,2874.86401367188,"map_6703_1_1",5,70,300,20,5,0,0.1,13.8842496679173,0.681124081687742,0.248867383386848,40,0.2,1,40.881977558136,24.9360786372509,0.0132237838156693,0.0337919632933299,0.0901266262007114,380,6703,1,"1","diploid","female"
"1139","0","0","0","0",-0.464925438165665,2874.86401367188,"map_6703_1_2",5,70,300,20,5,4.55387636287887,0.1,11.5502195767809,0.549733227787861,0.615050526639331,5,0.2,1,40.881977558136,24.9360786372509,0.00630037348500441,0.00174155544873541,0.255618542230984,380,6703,1,"2","diploid","female"
"1140","0","0","0","0",-0.464925438165665,2874.86401367188,"map_6703_1_3",5,70,300,20,5,1.47555437728257,0.1,7.00347198100554,0.428330167413915,1.78432486996418,3,0.2,1,40.881977558136,24.9360786372509,0.00207473164429565,0.000501684818332178,0.404043892288655,380,6703,1,"3","diploid","female"
"1141","0","0","0","0",-0.587254881858826,2930.1298828125,"map_6704_1_1",5,70,300,20,5,1.91537365481756,0.1,11.7475673692072,0.27952740154639,1.69386344345547,10,0.2,1,37.4782958616846,24.9784171350507,0.00546465959142719,0.0235984001733043,0.271152891057878,381,6704,1,"1","diploid","female"
"1142","0","0","0","0",-0.587254881858826,2930.1298828125,"map_6704_1_2",5,70,300,20,5,3.97728098680266,0.1,6.67942472015974,0.267310964763142,2.94465841831461,3,0.2,1,37.4782958616846,24.9784171350507,0.00103112174743079,0.000202761365144007,1.02441456921132,381,6704,1,"2","diploid","female"
"1143","0","0","0","0",-0.587254881858826,2930.1298828125,"map_6704_1_3",5,70,300,20,5,2.48386087414847,0.1,6.48850951409882,0.362319144225948,2.08538926916799,4,0.2,1,37.4782958616846,24.9784171350507,0.0014151038842646,0.000270012668646168,0.450775000391568,381,6704,1,"3","diploid","female"
"1144","0","0","0","0",-0.192572146654129,2937.89208984375,"map_6705_1_1",5,70,300,20,5,2.51037698825239,0.1,12.7116118754028,0.302217498331377,2.13609338008822,9,0.2,1,37.3404493648745,25.0579445322487,0.00651672247867402,0.0344466808611759,0.197004273279681,382,6705,1,"1","diploid","female"
"1145","0","0","0","0",-0.192572146654129,2937.89208984375,"map_6705_1_2",5,70,300,20,5,5.31374503344167,0.1,6.84615811472882,0.348385323938426,4.10074446076732,3,0.2,1,37.3404493648745,25.0579445322487,0.00147344218095071,0.000129865932675114,0.608987041968577,382,6705,1,"2","diploid","female"
"1146","0","0","0","0",-0.192572146654129,2937.89208984375,"map_6705_1_3",5,70,300,20,5,2.99803905113815,0.1,6.21662365268088,0.477174994718375,2.44241698805453,4,0.2,1,37.3404493648745,25.0579445322487,0.00177061511872404,0.00079379658572226,0.465520610456397,382,6705,1,"3","diploid","female"
"1147","0","0","0","0",0.645153164863586,2893.80883789062,"map_6706_1_1",5,70,300,20,5,0,0.1,6.74623411494297,0.133767174806791,0.959873445814853,7,0.2,1,36.8594833891653,25.0424446395333,0.000707387558926383,0.0011880383547157,0.974444315039621,383,6706,1,"1","diploid","female"
"1148","0","0","0","0",0.645153164863586,2893.80883789062,"map_6706_1_2",5,70,300,20,5,8.0902409151209,0.1,5.38433234499911,1.09294159654131,6.98811593406397,11,0.2,1,36.8594833891653,25.0424446395333,0.00269115393639724,9.66237989405669e-05,0.85036522042189,383,6706,1,"2","diploid","female"
"1149","0","0","0","0",0.645153164863586,2893.80883789062,"map_6706_1_3",5,70,300,20,5,3.57364716072181,0.1,8.91862911867002,0.514510593100132,2.72941771500023,4,0.2,1,36.8594833891653,25.0424446395333,0.00479964861574673,0.00724798145934652,0.288856687407979,383,6706,1,"3","diploid","female"
"1150","0","0","0","0",0.763917505741119,2856.96508789062,"map_6707_1_1",5,70,300,20,5,0,0.1,14.7277770927057,0.0126731249482765,0.0272018591797575,4,0.2,1,38.0197687384694,25.0166110768535,0.000328430886008169,0.00140151867874379,0.436274222453336,384,6707,1,"1","diploid","female"
"1151","0","0","0","0",0.763917505741119,2856.96508789062,"map_6707_1_2",5,70,300,20,5,0,0.1,7.87509059377044,0.00761733361700399,0.272405353167909,2,0.2,1,38.0197687384694,25.0166110768535,3.93277444949132e-05,1.7813237808076e-07,0.470127636850533,384,6707,1,"2","diploid","female"
"1152","0","0","0","0",0.763917505741119,2856.96508789062,"map_6707_1_3",5,70,300,20,5,3.14094712425296,0.1,11.4384614339704,0.440802551811007,2.30874863296229,4,0.2,1,38.0197687384694,25.0166110768535,0.00695766627924268,0.0181942927335969,0.145603732196869,384,6707,1,"3","diploid","female"
"1153","0","0","0","0",0.81109082698822,2899.77783203125,"map_6734_1_1",5,70,300,20,5,0,0.1,11.4620292981073,0.0110704008893561,0.0204587737995321,15,0.2,1,21.9585537010946,25.4759215919943,0.000142316199784012,0.000275934252405447,0.65066154242184,385,6734,1,"1","diploid","female"
"1154","0","0","0","0",0.81109082698822,2899.77783203125,"map_6734_1_2",5,70,300,20,5,9.34719383491041,0.1,9.05827648886229,0.0484302720396258,6.78671745150021,5,0.2,1,21.9585537010946,25.4759215919943,0.000359057968109343,3.35981924667393e-05,0.706835642138361,385,6734,1,"2","diploid","female"
"1155","0","0","0","0",0.81109082698822,2899.77783203125,"map_6734_1_3",5,70,300,20,5,3.6112567352986,0.1,15.0192210315746,0.299841580488629,2.11430045962711,58,0.2,1,21.9585537010946,25.4759215919943,0.00746906495087635,0.0233077217678757,0.157836644870699,385,6734,1,"3","diploid","female"
"1156","0","0","0","0",0.70844954252243,2807.97802734375,"map_6736_1_1",5,70,300,20,5,0,0.1,51.3142464410032,2.57595776855025e-14,0,56,0.2,1,10.1569086125869,25.2239168310746,5.32824217555569e-15,2.57595776855025e-14,0.303777649360397,386,6736,1,"1","diploid","female"
"1157","0","0","0","0",0.70844954252243,2807.97802734375,"map_6736_1_2",5,70,300,20,5,0,0.1,5.00288383508312,1.23072185801561e-06,4.86563075261181e-07,12,0.2,1,10.1569086125869,25.2239168310746,2.42101737107259e-09,9.46925702053982e-12,3.04427547738169,386,6736,1,"2","diploid","female"
"1158","0","0","0","0",0.70844954252243,2807.97802734375,"map_6736_1_3",5,70,300,20,5,2.23762525970141,0.1,8.78268803229639,0.596926185960761,1.24049458644428,225,0.2,1,10.1569086125869,25.2239168310746,0.00559339080104124,0.0120478298882748,0.4477784104978,386,6736,1,"3","diploid","female"
"1159","0","0","0","0",0.793379664421082,2793.98852539062,"map_6797_1_1",5,70,300,20,5,0,0.1,50.8576943032946,2.93593605636807e-13,0,125,0.2,1,179.145798794059,25.562914191,5.9650913357739e-14,2.93593605636807e-13,0.295739551647831,387,6797,1,"1","diploid","female"
"1160","0","0","0","0",0.793379664421082,2793.98852539062,"map_6797_1_2",5,70,300,20,5,0,0.1,50.9193100490814,1.49659698701855e-14,0,32,0.2,1,179.145798794059,25.562914191,3.04813281560546e-15,1.49659698701855e-14,0.304640908739497,387,6797,1,"2","diploid","female"
"1161","0","0","0","0",0.793379664421082,2793.98852539062,"map_6797_1_3",5,70,300,20,5,1.75518234883267,0.1,23.421682002869,0.556958975298245,0.602121550447015,243,0.2,1,179.145798794059,25.562914191,0.0326305889068546,0.169157109909043,0.0558467700438351,387,6797,1,"3","diploid","female"
"1162","0","0","0","0",-0.116548031568527,2859.23120117188,"map_6807_1_1",5,70,300,20,5,0,0.1,13.4618862768562,0.0515445051966281,0.508101484172714,61,0.2,1,23.2484619792217,24.9830534162976,0.00100871652259366,0.00365854306019229,0.343183668832876,388,6807,1,"1","diploid","female"
"1163","0","0","0","0",-0.116548031568527,2859.23120117188,"map_6807_1_2",5,70,300,20,5,4.37530614619043,0.1,10.5452897254316,0.0521998746911709,3.4587861173985,21,0.2,1,23.2484619792217,24.9830534162976,0.000529654600251436,0.000379225054411001,2.1232857556221,388,6807,1,"2","diploid","female"
"1164","0","0","0","0",-0.116548031568527,2859.23120117188,"map_6807_1_3",5,70,300,20,5,2.23403276504207,0.1,8.56119366760952,0.422767349363396,1.16119499305242,123,0.2,1,23.2484619792217,24.9830534162976,0.00286655263229492,0.00156672131149952,0.494230619878388,388,6807,1,"3","diploid","female"
"1165","0","0","0","0",-0.692656219005585,2923.49633789062,"map_6809_1_1",5,70,300,20,5,1.27701224530181,0.1,18.4830114662627,0.296126034459291,0.88194680196785,43,0.2,1,23.1728124917544,24.9071460681632,0.0102022030820722,0.0428465235061155,0.241480805062832,389,6809,1,"1","diploid","female"
"1166","0","0","0","0",-0.692656219005585,2923.49633789062,"map_6809_1_2",5,70,300,20,5,3.87613263989755,0.1,11.4550644477954,0.0811780376186664,3.13740600706642,10,0.2,1,23.1728124917544,24.9071460681632,0.00102702646762313,0.00126535624864573,1.98762794541437,389,6809,1,"2","diploid","female"
"1167","0","0","0","0",-0.692656219005585,2923.49633789062,"map_6809_1_3",5,70,300,20,5,1.43767027789676,0.1,7.79175329915142,0.152151112098465,1.76894511269966,27,0.2,1,23.1728124917544,24.9071460681632,0.000883528163691379,0.000252081978581721,0.697909684208747,389,6809,1,"3","diploid","female"
"1168","0","0","0","0",-0.173753172159195,2911.83251953125,"map_6810_1_1",5,70,300,20,5,2.554815105693,0.1,11.4926238342987,0.325092492242167,2.04716345856538,10,0.2,1,24.9040357271995,24.9459920376242,0.00606835573332602,0.0257194688531454,0.235261278710952,390,6810,1,"1","diploid","female"
"1169","0","0","0","0",-0.173753172159195,2911.83251953125,"map_6810_1_2",5,70,300,20,5,4.87969675383841,0.1,6.82219345878125,0.450676829171164,3.32398930587022,4,0.2,1,24.9040357271995,24.9459920376242,0.001948505289224,0.00076082735119852,0.674621478197764,390,6810,1,"2","diploid","female"
"1170","0","0","0","0",-0.173753172159195,2911.83251953125,"map_6810_1_3",5,70,300,20,5,2.89882678173102,0.1,5.83936627663796,0.542188322502444,2.30318511711118,5,0.2,1,24.9040357271995,24.9459920376242,0.00169880317692825,0.000250356395186684,0.560469939950816,390,6810,1,"3","diploid","female"
"1171","0","0","0","0",0.185478806495667,2881.13720703125,"map_6811_1_1",5,70,300,20,5,1.2177074470058,0.1,7.25771059544825,0.458401842437044,2.150468200672,16,0.2,1,24.3853275978882,24.8802917007328,0.00333746459492828,0.00922886698725964,0.492954599641192,391,6811,1,"1","diploid","female"
"1172","0","0","0","0",0.185478806495667,2881.13720703125,"map_6811_1_2",5,70,300,20,5,6.49524746586507,0.1,6.58777668044049,0.495114667221764,3.2734490873049,5,0.2,1,24.3853275978882,24.8802917007328,0.00202383115316216,0.000615658321440431,0.530885807420958,391,6811,1,"2","diploid","female"
"1173","0","0","0","0",0.185478806495667,2881.13720703125,"map_6811_1_3",5,70,300,20,5,0.896589911109602,0.1,6.06588747854722,0.530979852239441,2.3294635779297,6,0.2,1,24.3853275978882,24.8802917007328,0.00184604119985272,0.000710401641564803,0.532877379641502,391,6811,1,"3","diploid","female"
"1174","0","0","0","0",0.502340376377106,2799.689453125,"map_6946_1_1",5,70,300,20,5,0,0.1,50.6823699894904,2.77777589661211e-14,0,12,0.2,1,9.8277323665314,25.1934032782368,5.60493079894353e-15,2.77777589661211e-14,0.304699772751828,392,6946,1,"1","diploid","female"
"1175","0","0","0","0",0.502340376377106,2799.689453125,"map_6946_1_2",5,70,300,20,5,0,0.1,10.5056726172303,1.56244647570837e-06,5.06339809408613e-05,3,0.2,1,9.8277323665314,25.1934032782368,1.38605521965972e-08,7.98293022401533e-12,0.961765864460648,392,6946,1,"2","diploid","female"
"1176","0","0","0","0",0.502340376377106,2799.689453125,"map_6946_1_3",5,70,300,20,5,1.20920976545219,0.1,9.563237255491,0.380565590862749,1.22722418262162,14,0.2,1,9.8277323665314,25.1934032782368,0.00371576582616358,0.00575459541678179,0.272243996728612,392,6946,1,"3","diploid","female"
"1177","0","0","0","0",0.561710774898529,2817.70336914062,"map_7007_1_1",5,70,300,20,5,0,0.1,51.1421211799998,1.44401880426532e-13,0,19,0.2,1,91.6218075915627,25.564823045023,2.96678926783624e-14,1.44401880426532e-13,0.299380726581698,393,7007,1,"1","diploid","female"
"1178","0","0","0","0",0.561710774898529,2817.70336914062,"map_7007_1_2",5,70,300,20,5,0,0.1,5.15416573739962,0.000558407586592186,0.00124098516473456,5,0.2,1,91.6218075915627,25.564823045023,1.20604593092019e-06,1.03534825522084e-08,0.724538363386346,393,7007,1,"2","diploid","female"
"1179","0","0","0","0",0.561710774898529,2817.70336914062,"map_7007_1_3",5,70,300,20,5,1.59144732186166,0.1,16.970231263071,0.360602620893885,0.660290663111087,50,0.2,1,91.6218075915627,25.564823045023,0.012242181162581,0.0551882136879858,0.248213047479871,393,7007,1,"3","diploid","female"
"1180","0","0","0","0",0.703229188919067,2922.77587890625,"map_7019_1_1",5,70,300,20,5,0,0.1,10.5589793604217,0.200399532652208,2.20430478399503,4,0.2,1,26.0706933162042,24.9247595023475,0.00240096322763381,0.00465471931390375,0.214418834952109,394,7019,1,"1","diploid","female"
"1181","0","0","0","0",0.703229188919067,2922.77587890625,"map_7019_1_2",5,70,300,20,5,8.81607711032979,0.1,7.78585764622551,0.694545515743263,1.20113924593021,3,0.2,1,26.0706933162042,24.9247595023475,0.00354121154745906,0.000187831498815438,0.723637964429793,394,7019,1,"2","diploid","female"
"1182","0","0","0","0",0.703229188919067,2922.77587890625,"map_7019_1_3",5,70,300,20,5,4.33340623562659,0.1,8.53139616544284,0.462786648563346,3.25123844577417,3,0.2,1,26.0706933162042,24.9247595023475,0.00373424382840202,0.00591075182093742,0.474976301625913,394,7019,1,"3","diploid","female"
"1183","0","0","0","0",0.268339335918427,2886.24194335938,"map_7020_1_1",5,70,300,20,5,0,0.1,9.64140176505683,0.253341846286735,1.82545131391375,11,0.2,1,25.1294591812002,24.9076018657663,0.00290822560466831,0.00842629254542593,0.319788428559452,395,7020,1,"1","diploid","female"
"1184","0","0","0","0",0.268339335918427,2886.24194335938,"map_7020_1_2",5,70,300,20,5,6.03799242034288,0.1,6.23277618168846,0.285259705385499,3.72099057069193,4,0.2,1,25.1294591812002,24.9076018657663,0.000918870909207425,6.83083815574511e-05,2.36313577797102,395,7020,1,"2","diploid","female"
"1185","0","0","0","0",0.268339335918427,2886.24194335938,"map_7020_1_3",5,70,300,20,5,3.02726459430015,0.1,9.02909161816747,0.307573281468823,1.78007177976728,7,0.2,1,25.1294591812002,24.9076018657663,0.00253808160270878,0.00282807902598106,0.510457302603485,395,7020,1,"3","diploid","female"
"1186","0","0","0","0",0.00658190483227372,3022.650390625,"map_7032_1_1",5,70,300,20,5,3.51114686922578,0.1,13.5928357633269,0.199502081332563,2.89674532132488,30,0.2,1,59.6081901974852,24.9000368016899,0.00443156879679462,0.0161037595297118,0.187963514502806,396,7032,1,"1","diploid","female"
"1187","0","0","0","0",0.00658190483227372,3022.650390625,"map_7032_1_2",5,70,300,20,5,7.33219293770067,0.1,8.09321994929212,0.147904531648688,6.00646491475238,7,0.2,1,59.6081901974852,24.9000368016899,0.000954413045831602,0.000856976820909322,0.721582167410871,396,7032,1,"2","diploid","female"
"1188","0","0","0","0",0.00658190483227372,3022.650390625,"map_7032_1_3",5,70,300,20,5,4.06261180748607,0.1,9.46873724218199,0.243039741639374,3.15277089543804,17,0.2,1,59.6081901974852,24.9000368016899,0.00242369110252627,0.0043145135465294,0.304000720771439,396,7032,1,"3","diploid","female"
"1189","0","0","0","0",0.520132839679718,2790.21850585938,"map_7112_1_1",5,70,300,20,5,0,0.1,51.1295082604447,1.50841222972216e-13,0,57,0.2,1,90.0588753517482,25.4770251513848,3.09756819909331e-14,1.50841222972216e-13,0.300480107385054,397,7112,1,"1","diploid","female"
"1190","0","0","0","0",0.520132839679718,2790.21850585938,"map_7112_1_2",5,70,300,20,5,0,0.1,51.182320806995,4.09856423073187e-16,0,12,0.2,1,90.0588753517482,25.4770251513848,8.4340284592269e-17,4.09856423073187e-16,0.317422401661199,397,7112,1,"2","diploid","female"
"1191","0","0","0","0",0.520132839679718,2790.21850585938,"map_7112_1_3",5,70,300,20,5,1.60946807255204,0.1,17.4144544515497,0.327204594694327,0.693908769360235,76,0.2,1,90.0588753517482,25.4770251513848,0.0110990836373557,0.0452595077266449,0.140748700281549,397,7112,1,"3","diploid","female"
"1192","0","0","0","0",0.113953143358231,2906.2021484375,"map_7124_1_1",5,70,300,20,5,2.19493903999529,0.1,14.4360333527618,0.201795474259645,2.61098891607914,67,0.2,1,25.6291051685216,24.9495504987596,0.00518496926594053,0.0213059115374266,0.20793181754006,398,7124,1,"1","diploid","female"
"1193","0","0","0","0",0.113953143358231,2906.2021484375,"map_7124_1_2",5,70,300,20,5,5.99896795076317,0.1,9.06232262232362,0.0887945111495143,4.98981125109192,26,0.2,1,25.6291051685216,24.9495504987596,0.000644640914545573,0.000116672845459923,0.896823636279007,398,7124,1,"2","diploid","female"
"1194","0","0","0","0",0.113953143358231,2906.2021484375,"map_7124_1_3",5,70,300,20,5,1.94776019003952,0.1,9.10887798583893,0.22224293996926,2.4425906188064,167,0.2,1,25.6291051685216,24.9495504987596,0.00178807756829354,0.00113353901122772,0.351738745024709,398,7124,1,"3","diploid","female"
"1195","0","0","0","0",-0.349858462810516,3008.82250976562,"map_7136_1_1",5,70,300,20,5,2.7206446216468,0.1,15.343778621465,0.316754402747761,1.25685422202478,73,0.2,1,60.9653057434234,24.8560039144286,0.00832681126143967,0.0322993417006025,0.160289458224482,399,7136,1,"1","diploid","female"
"1196","0","0","0","0",-0.349858462810516,3008.82250976562,"map_7136_1_2",5,70,300,20,5,5.68338767620916,0.1,6.10774943500328,0.670477391708003,1.89036748405276,79,0.2,1,60.9653057434234,24.8560039144286,0.00204978408896644,0.000292136566736029,1.48471443898524,399,7136,1,"2","diploid","female"
"1197","0","0","0","0",-0.349858462810516,3008.82250976562,"map_7136_1_3",5,70,300,20,5,3.45235864995767,0.1,9.02999366105483,0.164941633985789,2.17009907256639,61,0.2,1,60.9653057434234,24.8560039144286,0.00128146086873169,0.00086661119844063,0.552466861079545,399,7136,1,"3","diploid","female"
"1198","0","0","0","0",-0.0976355597376823,2880.83349609375,"map_7154_1_1",5,70,300,20,5,1.70495519161173,0.1,12.8824989791609,0.198227669379391,1.13937699910025,11,0.2,1,9.02015110969147,25.2370390329118,0.00360442965704217,0.00907264600288579,0.200334745446467,400,7154,1,"1","diploid","female"
"1199","0","0","0","0",-0.0976355597376823,2880.83349609375,"map_7154_1_2",5,70,300,20,5,4.81040993192517,0.1,6.47357679824932,0.421649531739568,3.42387933708707,5,0.2,1,9.02015110969147,25.2370390329118,0.00159882988270625,0.000501935464691663,0.674552627517348,400,7154,1,"2","diploid","female"
"1200","0","0","0","0",-0.0976355597376823,2880.83349609375,"map_7154_1_3",5,70,300,20,5,1.50604710409441,0.1,7.89746504582466,0.361694341612113,1.66849304122307,6,0.2,1,9.02015110969147,25.2370390329118,0.00212913558426623,0.00109879508866268,0.384719141063161,400,7154,1,"3","diploid","female"
"1201","0","0","0","0",0.213293075561523,2783.82641601562,"map_7155_1_1",5,70,300,20,5,0,0.1,51.0563182208737,3.80594354353311e-14,0,76,0.2,1,8.65355888464522,25.5132423639562,7.79331722248443e-15,3.80594354353311e-14,0.302354597984446,401,7155,1,"1","diploid","female"
"1202","0","0","0","0",0.213293075561523,2783.82641601562,"map_7155_1_2",5,70,300,20,5,4.87334738800682,0.1,51.1400374309914,5.52533818463682e-18,6.43640693352081e-29,14,0.2,1,8.65355888464522,25.5132423639562,1.1351330801547e-18,5.52533818463682e-18,0.332418163846116,401,7155,1,"2","diploid","female"
"1203","0","0","0","0",0.213293075561523,2783.82641601562,"map_7155_1_3",5,70,300,20,5,0.523647229902468,0.1,9.07717216341492,0.327512165892697,0.859785685333142,148,0.2,1,8.65355888464522,25.5132423639562,0.00273555362608675,0.00265472213731311,0.257958607123757,401,7155,1,"3","diploid","female"
"1204","0","0","0","0",-0.57151734828949,2855.20532226562,"map_7226_1_1",5,70,300,20,5,0,0.1,13.8482323734636,0.25885321821539,0.868233621717737,94,0.2,1,24.4095092917796,25.1841244261394,0.00594311592731734,0.0199783396652077,0.17598596282807,402,7226,1,"1","diploid","female"
"1205","0","0","0","0",-0.57151734828949,2855.20532226562,"map_7226_1_2",5,70,300,20,5,3.26432878433557,0.1,7.84848638145536,0.241596382744961,2.64288773640013,36,0.2,1,24.4095092917796,25.1841244261394,0.00139934896693213,0.000866126828450625,0.562518202342577,402,7226,1,"2","diploid","female"
"1206","0","0","0","0",-0.57151734828949,2855.20532226562,"map_7226_1_3",5,70,300,20,5,1.78468073176956,0.1,7.56471716435072,0.211488115547244,1.35413738912573,61,0.2,1,24.4095092917796,25.1841244261394,0.00110740433161452,0.000154894306650687,0.512416777943172,402,7226,1,"3","diploid","female"
"1207","0","0","0","0",-0.10548435151577,2962.33666992188,"map_7239_1_1",5,70,300,20,5,1.0973801525109,0.1,14.7275266015935,0.323864718181351,1.30881944279578,64,0.2,1,17.0172642095144,24.8572150081495,0.00723696583133836,0.0139150572443173,0.292277708625727,403,7239,1,"1","diploid","female"
"1208","0","0","0","0",-0.10548435151577,2962.33666992188,"map_7239_1_2",5,70,300,20,5,6.3103234459533,0.1,13.0064336960799,0.183160936555558,2.02766935618902,24,0.2,1,17.0172642095144,24.8572150081495,0.00259769470952749,0.000122585862278672,0.492400433388442,403,7239,1,"2","diploid","female"
"1209","0","0","0","0",-0.10548435151577,2962.33666992188,"map_7239_1_3",5,70,300,20,5,1.0655029181649,0.1,10.9787675724559,0.194521383915442,2.1362571713324,128,0.2,1,17.0172642095144,24.8572150081495,0.00210910716297023,0.00128900506004112,0.503599868051369,403,7239,1,"3","diploid","female"
"1210","0","0","0","0",0.263514459133148,3001.1533203125,"map_7240_1_1",5,70,300,20,5,0,0.1,18.2817593114963,0.258025962648787,2.53666069476078,21,0.2,1,61.5838995328377,24.8677910613591,0.00979376711751049,0.0452420666540197,0.164174614033667,404,7240,1,"1","diploid","female"
"1211","0","0","0","0",0.263514459133148,3001.1533203125,"map_7240_1_2",5,70,300,20,5,11.2878963071736,0.1,9.11767986046871,0.296559680159689,4.49979533325089,7,0.2,1,61.5838995328377,24.8677910613591,0.00252749888906235,0.00443383224330951,0.396616328730202,404,7240,1,"2","diploid","female"
"1212","0","0","0","0",0.263514459133148,3001.1533203125,"map_7240_1_3",5,70,300,20,5,3.0267946359322,0.1,11.2039963826284,0.291198049525896,3.07055310072852,16,0.2,1,61.5838995328377,24.8677910613591,0.0042200573229777,0.0133428079133032,0.277024653312129,404,7240,1,"3","diploid","female"
"1213","0","0","0","0",-0.118819072842598,3065.33813476562,"map_7241_1_1",5,70,300,20,5,2.17495383140779,0.1,10.9170372711147,0.167937432972013,3.86358230485165,41,0.2,1,59.7007776779986,23.2028820428605,0.00223124029496177,0.00529042025285565,0.277183568427274,405,7241,1,"1","diploid","female"
"1214","0","0","0","0",-0.118819072842598,3065.33813476562,"map_7241_1_2",5,70,300,20,5,8.99538452446333,0.1,9.60831510278074,0.157934515103087,4.78130990544246,21,0.2,1,59.7007776779986,23.2028820428605,0.00141500131269665,0.00139683594124485,0.613735010830933,405,7241,1,"2","diploid","female"
"1215","0","0","0","0",-0.118819072842598,3065.33813476562,"map_7241_1_3",5,70,300,20,5,2.00677382759728,0.1,8.56335113548941,0.169566048320552,4.35656911071781,125,0.2,1,59.7007776779986,23.2028820428605,0.00116936605084627,0.000673564289951415,0.41740945885041,405,7241,1,"3","diploid","female"
"1216","0","0","0","0",0.319468706846237,2893.60375976562,"map_7258_1_1",5,70,300,20,5,0,0.1,14.4720058561713,0.093892907898236,1.8971928905308,20,0.2,1,7.69309925997128,24.9076784795041,0.00209284479849857,0.00580861307876935,0.296218745996104,406,7258,1,"1","diploid","female"
"1217","0","0","0","0",0.319468706846237,2893.60375976562,"map_7258_1_2",5,70,300,20,5,6.91942196788497,0.1,6.15810000039476,0.734846069478007,3.68666536662999,32,0.2,1,7.69309925997128,24.9076784795041,0.00238658324497538,0.000254637758739965,0.839445962446128,406,7258,1,"2","diploid","female"
"1218","0","0","0","0",0.319468706846237,2893.60375976562,"map_7258_1_3",5,70,300,20,5,1.43121954800152,0.1,8.81661920816998,0.164774957971392,2.21648696647631,44,0.2,1,7.69309925997128,24.9076784795041,0.00133330581030566,0.00141291041975946,0.449926993135201,406,7258,1,"3","diploid","female"
"1219","0","0","0","0",0.181136384606361,2802.94482421875,"map_7259_1_1",5,70,300,20,5,0,0.1,50.9095429901837,2.88052973887738e-14,0,33,0.2,1,8.36936958653982,25.6122083653379,5.8644666468463e-15,2.88052973887738e-14,0.305745132821977,407,7259,1,"1","diploid","female"
"1220","0","0","0","0",0.181136384606361,2802.94482421875,"map_7259_1_2",5,70,300,20,5,5.12641915276307,0.1,6.82047957733759,1.91006778195214e-05,0.000362753924437472,8,0.2,1,8.36936958653982,25.6122083653379,7.19671492518974e-08,3.90714611381195e-10,0.561960112743349,407,7259,1,"2","diploid","female"
"1221","0","0","0","0",0.181136384606361,2802.94482421875,"map_7259_1_3",5,70,300,20,5,0.587519643791065,0.1,8.82085899443072,0.380639306981821,0.835934483040712,87,0.2,1,8.36936958653982,25.6122083653379,0.00301614019033698,0.00359248174195624,0.37875064011354,407,7259,1,"3","diploid","female"
"1222","0","0","0","0",-0.456278055906296,2925.91333007812,"map_7342_1_1",5,70,300,20,5,2.24570562008181,0.1,12.5424510003086,0.17472279710808,1.85477891015783,12,0.2,1,9.72447036226525,24.8572503363439,0.00305460233402406,0.008249850537331,0.309637129547897,408,7342,1,"1","diploid","female"
"1223","0","0","0","0",-0.456278055906296,2925.91333007812,"map_7342_1_2",5,70,300,20,5,4.10657898168706,0.1,9.37753652428558,0.0777695108798529,3.26148076231496,4,0.2,1,9.72447036226525,24.8572503363439,0.000697469434255951,0.000470333145364162,0.800204401500391,408,7342,1,"2","diploid","female"
"1224","0","0","0","0",-0.456278055906296,2925.91333007812,"map_7342_1_3",5,70,300,20,5,2.87017666921238,0.1,8.88159062488286,0.202808094291703,1.978346754983,6,0.2,1,9.72447036226525,24.8572503363439,0.00146740090196053,0.000137294089999292,0.631765123480747,408,7342,1,"3","diploid","female"
"1225","0","0","0","0",-0.419420510530472,2963.68798828125,"map_7343_1_1",5,70,300,20,5,1.51580233382834,0.1,10.4917258134523,0.181426256694979,1.6252946356864,52,0.2,1,9.45885302128883,24.8515992541646,0.00217193298172752,0.00425519066198096,0.268033959267776,409,7343,1,"1","diploid","female"
"1226","0","0","0","0",-0.419420510530472,2963.68798828125,"map_7343_1_2",5,70,300,20,5,4.43538419205512,0.1,9.27610539434765,0.142061329050881,1.47247689763097,22,0.2,1,9.45885302128883,24.8515992541646,0.00103531803340941,0.000120469561593934,0.556240086541557,409,7343,1,"2","diploid","female"
"1227","0","0","0","0",-0.419420510530472,2963.68798828125,"map_7343_1_3",5,70,300,20,5,1.76524890599949,0.1,9.24049483065331,0.0635843523853042,1.50906251998327,105,0.2,1,9.45885302128883,24.8515992541646,0.000457362765259935,2.64044068340387e-05,0.610426767025785,409,7343,1,"3","diploid","female"
"1228","0","0","0","0",-0.227719068527222,3005.44458007812,"map_7344_1_1",5,70,300,20,5,2.88794546392558,0.1,13.4623360993336,0.183740515375557,2.30201416257164,56,0.2,1,34.9067039085781,24.8574976313814,0.00384003189199086,0.0134442294577141,0.262388796150739,410,7344,1,"1","diploid","female"
"1229","0","0","0","0",-0.227719068527222,3005.44458007812,"map_7344_1_2",5,70,300,20,5,5.82187533472842,0.1,10.0571675695675,0.0845328917614004,5.00584838031774,19,0.2,1,34.9067039085781,24.8574976313814,0.000740844397296462,0.000187161336243471,0.84264375412218,410,7344,1,"2","diploid","female"
"1230","0","0","0","0",-0.227719068527222,3005.44458007812,"map_7344_1_3",5,70,300,20,5,3.7626166987004,0.1,9.28390729325608,0.199995075740365,2.46105593551446,127,0.2,1,34.9067039085781,24.8574976313814,0.00148761400508047,0.000351748746480759,0.534146694419508,410,7344,1,"3","diploid","female"
"1231","0","0","0","0",-0.152656435966492,3059.2724609375,"map_7345_1_1",5,70,300,20,5,1.68990379527242,0.1,8.20513602831009,0.246527312123387,3.33404964588571,7,0.2,1,37.4921294850764,23.1722902754217,0.00170149651846708,0.00158444742982775,0.319243005943128,411,7345,1,"1","diploid","female"
"1232","0","0","0","0",-0.152656435966492,3059.2724609375,"map_7345_1_2",5,70,300,20,5,6.80096756449945,0.1,6.93570580765449,0.390018548029058,3.84104239495774,4,0.2,1,37.4921294850764,23.1722902754217,0.00169548663372109,0.000290346765781218,0.627393589337753,411,7345,1,"2","diploid","female"
"1233","0","0","0","0",-0.152656435966492,3059.2724609375,"map_7345_1_3",5,70,300,20,5,1.67975327705638,0.1,7.62181519144241,0.228634731341891,3.90100492124216,4,0.2,1,37.4921294850764,23.1722902754217,0.00118705971421632,0.000165471741035967,0.456546776207361,411,7345,1,"3","diploid","female"
"1234","0","0","0","0",0.401717782020569,2917.31005859375,"map_7362_1_1",5,70,300,20,5,1.44874518132776,0.1,7.94667240935376,0.426202389896598,2.76805000946093,13,0.2,1,9.39665624255506,24.8665228616624,0.0038898120133966,0.008981177444093,0.415941676452605,412,7362,1,"1","diploid","female"
"1235","0","0","0","0",0.401717782020569,2917.31005859375,"map_7362_1_2",5,70,300,20,5,7.8566209194164,0.1,6.47196489509768,0.587170057887196,3.96474550923233,5,0.2,1,9.39665624255506,24.8665228616624,0.00210952474371179,0.000105913018889802,0.715130150426546,412,7362,1,"2","diploid","female"
"1236","0","0","0","0",0.401717782020569,2917.31005859375,"map_7362_1_3",5,70,300,20,5,1.12629631729028,0.1,6.17553727581835,0.505973467951589,3.05687584584834,7,0.2,1,9.39665624255506,24.8665228616624,0.00188711795366864,0.00107028786901269,0.562360011817693,412,7362,1,"3","diploid","female"
"1237","0","0","0","0",-0.622573792934418,2886.09912109375,"map_7446_1_1",5,70,300,20,5,1.90397343136408,0.1,18.731408491697,0.255721228559677,0.919059179184883,18,0.2,1,9.23882143226672,24.8323779026931,0.00937471832490365,0.0323802811722041,0.246425201349922,413,7446,1,"1","diploid","female"
"1238","0","0","0","0",-0.622573792934418,2886.09912109375,"map_7446_1_2",5,70,300,20,5,3.32095200518782,0.1,14.9397414260396,0.107792867053987,1.98347018284032,6,0.2,1,9.23882143226672,24.8323779026931,0.00227221144742772,0.00410037444502417,0.630157784324389,413,7446,1,"2","diploid","female"
"1239","0","0","0","0",-0.622573792934418,2886.09912109375,"map_7446_1_3",5,70,300,20,5,2.28299300684271,0.1,7.69581271661612,0.141531369750856,1.61980871056467,8,0.2,1,9.23882143226672,24.8323779026931,0.000773729270551583,0.000128499610039111,0.60249196690693,413,7446,1,"3","diploid","female"
"1240","0","0","0","0",-0.675151586532593,2929.10180664062,"map_7447_1_1",5,70,300,20,5,1.94005877927833,0.1,12.558541631818,0.259864272512433,1.30141815508136,15,0.2,1,8.96399979892363,24.885313118547,0.00497607662437375,0.0157602272682674,0.191990142187254,414,7447,1,"1","diploid","female"
"1241","0","0","0","0",-0.675151586532593,2929.10180664062,"map_7447_1_2",5,70,300,20,5,3.59642786233135,0.1,8.39045410983304,0.3808703058077,1.34803698875399,8,0.2,1,8.96399979892363,24.885313118547,0.00237397100606485,0.000509093787918079,0.366511863407757,414,7447,1,"2","diploid","female"
"1242","0","0","0","0",-0.675151586532593,2929.10180664062,"map_7447_1_3",5,70,300,20,5,2.65189922557853,0.1,7.35993486458851,0.327835024103238,1.49833378179176,6,0.2,1,8.96399979892363,24.885313118547,0.00146522444571786,1.40893291151962e-05,0.614500322180519,414,7447,1,"3","diploid","female"
"1243","0","0","0","0",-0.327683120965958,2978.15502929688,"map_7448_1_1",5,70,300,20,5,1.76297363369227,0.1,7.61650224572855,0.316743996598055,3.23035719659209,4,0.2,1,35.4592337172689,23.1699758198042,0.00218683205969073,0.00403790653079527,0.374954147376888,415,7448,1,"1","diploid","female"
"1244","0","0","0","0",-0.327683120965958,2978.15502929688,"map_7448_1_2",5,70,300,20,5,4.80090083751874,0.1,5.99456122022844,0.724442170800597,4.1316738853763,4,0.2,1,35.4592337172689,23.1699758198042,0.0028901456397324,0.00410629746646067,0.748360730503425,415,7448,1,"2","diploid","female"
"1245","0","0","0","0",-0.327683120965958,2978.15502929688,"map_7448_1_3",5,70,300,20,5,2.05190670617907,0.1,6.33666913553072,0.332404930922765,3.68701024733024,2,0.2,1,35.4592337172689,23.1699758198042,0.00126265225953126,9.70414929215707e-05,0.543978636039742,415,7448,1,"3","diploid","female"
"1246","0","0","0","0",-0.175748720765114,3046.1513671875,"map_7449_1_1",5,70,300,20,5,4.21881104608747,0.1,12.8177752732548,0.185361627021765,2.84849464189795,9,0.2,1,35.5386411589246,23.1625121375387,0.00281175941565604,0.00345690264459496,0.354786200120251,416,7449,1,"1","diploid","female"
"1247","0","0","0","0",-0.175748720765114,3046.1513671875,"map_7449_1_2",5,70,300,20,5,5.52464245233743,0.1,8.65585593287689,0.412306818816336,2.0017041349457,8,0.2,1,35.5386411589246,23.1625121375387,0.00262303559610846,0.00050326700286131,0.582067677508677,416,7449,1,"2","diploid","female"
"1248","0","0","0","0",-0.175748720765114,3046.1513671875,"map_7449_1_3",5,70,300,20,5,5.34999518746616,0.1,8.52234101932313,0.142760165785666,4.20230007164909,7,0.2,1,35.5386411589246,23.1625121375387,0.000987302407425616,0.000250228777333361,0.403778569943073,416,7449,1,"3","diploid","female"
"1249","0","0","0","0",-0.115989916026592,3127.62475585938,"map_7450_1_1",5,70,300,20,5,1.78230721610901,0.1,9.21208034943164,0.243276483230926,3.27994516375338,20,0.2,1,39.1654043308524,23.1783957378941,0.00210203137953354,0.00166691210984943,0.216449856785116,417,7450,1,"1","diploid","female"
"1250","0","0","0","0",-0.115989916026592,3127.62475585938,"map_7450_1_2",5,70,300,20,5,7.61208174382682,0.1,7.35839399427612,0.34790027890574,2.98275693944805,10,0.2,1,39.1654043308524,23.1783957378941,0.00157580446765249,6.06241369738687e-05,0.972835311001026,417,7450,1,"2","diploid","female"
"1251","0","0","0","0",-0.115989916026592,3127.62475585938,"map_7450_1_3",5,70,300,20,5,1.6056317036649,0.1,6.95629545157294,0.240038565012154,3.74235014698228,18,0.2,1,39.1654043308524,23.1783957378941,0.000989963669652137,3.97959489126161e-05,0.628925736469357,417,7450,1,"3","diploid","female"
"1252","0","0","0","0",-0.00405535567551851,2933.82006835938,"map_7466_1_1",5,70,300,20,5,2.99355092505216,0.1,12.547748264371,0.350297755229635,2.21376064623251,16,0.2,1,8.90060480304087,24.8733080311603,0.00664905507133107,0.0136550661468273,0.227535890702363,418,7466,1,"1","diploid","female"
"1253","0","0","0","0",-0.00405535567551851,2933.82006835938,"map_7466_1_2",5,70,300,20,5,5.69869866830878,0.1,5.94200418310795,0.671780253105363,4.26683375142666,6,0.2,1,8.90060480304087,24.8733080311603,0.00213467207262187,0.000100435070209161,0.784192384596757,418,7466,1,"2","diploid","female"
"1254","0","0","0","0",-0.00405535567551851,2933.82006835938,"map_7466_1_3",5,70,300,20,5,3.42575630868687,0.1,6.9842049941615,0.498256315563303,2.83207074660646,8,0.2,1,8.90060480304087,24.8733080311603,0.00249124626978209,0.000708598089403053,0.484072928788288,418,7466,1,"3","diploid","female"
"1255","0","0","0","0",-0.445549845695496,2891.02026367188,"map_7551_1_1",5,70,300,20,5,2.16415474898396,0.1,14.6433295848401,0.210118084318392,1.50462048221139,32,0.2,1,9.45384240031638,24.8479350361449,0.00539820617383628,0.0191661058711466,0.203383390567693,419,7551,1,"1","diploid","female"
"1256","0","0","0","0",-0.445549845695496,2891.02026367188,"map_7551_1_2",5,70,300,20,5,3.77209725760434,0.1,9.73548296272733,0.206464400750735,2.42773548790687,13,0.2,1,9.45384240031638,24.8479350361449,0.00189888982381717,0.00227269501853305,0.640088727093573,419,7551,1,"2","diploid","female"
"1257","0","0","0","0",-0.445549845695496,2891.02026367188,"map_7551_1_3",5,70,300,20,5,2.51047435383096,0.1,7.64767103566679,0.146705033442982,1.75626699071537,30,0.2,1,9.45384240031638,24.8479350361449,0.000774168938328611,0.000145846456808885,0.567000176498707,419,7551,1,"3","diploid","female"
"1258","0","0","0","0",-0.237847939133644,2959.94506835938,"map_7552_1_1",5,70,300,20,5,3.7633694939401,0.1,10.3360147748684,0.188521809979449,2.7289113045008,10,0.2,1,35.0630679225605,23.2089082660865,0.00223055147417347,0.00460429148346943,0.260573573524117,420,7552,1,"1","diploid","female"
"1259","0","0","0","0",-0.237847939133644,2959.94506835938,"map_7552_1_2",5,70,300,20,5,4.4859910423396,0.1,10.2904206786006,0.209711409990848,2.84874021785083,7,0.2,1,35.0630679225605,23.2089082660865,0.00250619737132709,0.00671622466045199,0.360600018510118,420,7552,1,"2","diploid","female"
"1260","0","0","0","0",-0.237847939133644,2959.94506835938,"map_7552_1_3",5,70,300,20,5,4.58759234205725,0.1,8.40153222546132,0.126345752037134,3.16065936301739,7,0.2,1,35.0630679225605,23.2089082660865,0.000781827885759137,8.20446442576183e-05,0.477198241325012,420,7552,1,"3","diploid","female"
"1261","0","0","0","0",0.102394387125969,2956.06811523438,"map_7570_1_1",5,70,300,20,5,3.30009357089521,0.1,12.4756045561964,0.296475992387002,1.5615061552768,75,0.2,1,9.50710774300948,24.8569152284962,0.0043436066764448,0.00568332239982882,0.31128435724357,421,7570,1,"1","diploid","female"
"1262","0","0","0","0",0.102394387125969,2956.06811523438,"map_7570_1_2",5,70,300,20,5,6.43246816680157,0.1,10.3266716267049,0.217771675248364,2.37076963069995,17,0.2,1,9.50710774300948,24.8569152284962,0.00195228156647386,0.000114614312457995,0.616875811997581,421,7570,1,"2","diploid","female"
"1263","0","0","0","0",0.102394387125969,2956.06811523438,"map_7570_1_3",5,70,300,20,5,3.8270802204223,0.1,8.51092565787895,0.292322128492279,2.48248773337952,123,0.2,1,9.50710774300948,24.8569152284962,0.00187297069243395,0.000474942461311382,0.374130836391558,421,7570,1,"3","diploid","female"
"1264","0","0","0","0",0.0758097767829895,2760.29296875,"map_7572_1_1",5,70,300,20,5,0,0.1,50.5897891545717,5.99661812459251e-14,0,13,0.2,1,8.83464979382844,25.6133059185869,1.20556199234961e-14,5.99661812459251e-14,0.299377713386839,422,7572,1,"1","diploid","female"
"1265","0","0","0","0",0.0758097767829895,2760.29296875,"map_7572_1_2",5,70,300,20,5,0,0.1,50.7486640733629,1.05926539799945e-17,0,3,0.2,1,8.83464979382844,25.6133059185869,2.14297607096072e-18,1.05926539799945e-17,0.326171874706957,422,7572,1,"2","diploid","female"
"1266","0","0","0","0",0.0758097767829895,2760.29296875,"map_7572_1_3",5,70,300,20,5,0.573606147880814,0.1,6.18276477773716,0.992465296428324,0.652339736388931,15,0.2,1,8.83464979382844,25.6133059185869,0.00376603544073387,0.00205493066104484,0.451155249703122,422,7572,1,"3","diploid","female"
"1267","0","0","0","0",-0.587381541728973,2858.2685546875,"map_7655_1_1",5,70,300,20,5,0,0.1,13.1794314703139,0.460099245284178,0.543799319149061,151,0.2,1,8.73198629186745,25.4708553290974,0.00980086562370013,0.0422257820155711,0.383883515730657,423,7655,1,"1","diploid","female"
"1268","0","0","0","0",-0.587381541728973,2858.2685546875,"map_7655_1_2",5,70,300,20,5,3.65931636655578,0.1,11.3975888426814,0.110030965207234,2.33448163407021,26,0.2,1,8.73198629186745,25.4708553290974,0.0013479888377369,0.00177822523028823,0.695132718917739,423,7655,1,"2","diploid","female"
"1269","0","0","0","0",-0.587381541728973,2858.2685546875,"map_7655_1_3",5,70,300,20,5,0.803730696624296,0.1,8.26613942132526,0.4423562917288,0.484796681580286,157,0.2,1,8.73198629186745,25.4708553290974,0.00248652736702756,6.19462712014392e-05,0.560614463962672,423,7655,1,"3","diploid","female"
"1270","0","0","0","0",-0.332930892705917,2923.0244140625,"map_7656_1_1",5,70,300,20,5,3.61636960835695,0.1,9.01422456679965,0.234896907472244,2.74996126603464,11,0.2,1,36.012689392432,22.7645920055385,0.00215707996577176,0.0049690297798657,0.27619448018041,424,7656,1,"1","diploid","female"
"1271","0","0","0","0",-0.332930892705917,2923.0244140625,"map_7656_1_2",5,70,300,20,5,3.73500633391143,0.1,8.88251568299837,0.383534277629253,2.19442948668453,11,0.2,1,36.012689392432,22.7645920055385,0.00369934578852176,0.0108679705505633,0.322723418814016,424,7656,1,"2","diploid","female"
"1272","0","0","0","0",-0.332930892705917,2923.0244140625,"map_7656_1_3",5,70,300,20,5,4.18794797607261,0.1,6.48979370712723,0.157918267762269,2.77645562490813,7,0.2,1,36.012689392432,22.7645920055385,0.000566161272939928,5.14270838786582e-05,0.53187437423403,424,7656,1,"3","diploid","female"
"1273","0","0","0","0",-0.24688333272934,2998.6494140625,"map_7673_1_1",5,70,300,20,5,3.07907552296764,0.1,16.0850574584866,0.236842849709151,1.57240811611972,56,0.2,1,58.4316224544943,24.6335176037,0.00662651015779895,0.0195461250614863,0.247360932032282,425,7673,1,"1","diploid","female"
"1274","0","0","0","0",-0.24688333272934,2998.6494140625,"map_7673_1_2",5,70,300,20,5,6.16695900482626,0.1,8.18835944604826,0.121060545431248,3.89403962085029,14,0.2,1,58.4316224544943,24.6335176037,0.000691311290787474,0.000161972360720175,0.977628900470596,425,7673,1,"2","diploid","female"
"1275","0","0","0","0",-0.24688333272934,2998.6494140625,"map_7673_1_3",5,70,300,20,5,3.68962077575404,0.1,8.58258256291558,0.202397279505371,2.34667962418924,54,0.2,1,58.4316224544943,24.6335176037,0.00143412071621158,0.000885859308856865,0.404870713827574,425,7673,1,"3","diploid","female"
"1276","0","0","0","0",-0.28179332613945,2955.81298828125,"map_7674_1_1",5,70,300,20,5,1.74916006347471,0.1,11.4732406393526,0.198147714338276,1.9463574306212,22,0.2,1,9.163716847603,24.5963356793257,0.00296882979220523,0.005036902172698,0.285242797026398,426,7674,1,"1","diploid","female"
"1277","0","0","0","0",-0.28179332613945,2955.81298828125,"map_7674_1_2",5,70,300,20,5,4.86923028349909,0.1,6.6384987188233,0.466074646053156,2.59433057855838,20,0.2,1,9.163716847603,24.5963356793257,0.00171044649784403,7.93224834722055e-05,0.91594863026707,426,7674,1,"2","diploid","female"
"1278","0","0","0","0",-0.28179332613945,2955.81298828125,"map_7674_1_3",5,70,300,20,5,1.9188296667023,0.1,8.26806173272895,0.164672010480554,2.3894153536955,21,0.2,1,9.163716847603,24.5963356793257,0.00101176585027861,0.000124311958931089,0.479966789670838,426,7674,1,"3","diploid","female"
"1279","0","0","0","0",-0.0311179719865322,2763.06176757812,"map_7676_1_1",5,70,300,20,5,0,0.1,51.0207881902945,4.36002857153972e-14,0,13,0.2,1,9.66793777372849,25.5196974791298,8.91556919876404e-15,4.36002857153972e-14,0.300674536948958,427,7676,1,"1","diploid","female"
"1280","0","0","0","0",-0.0311179719865322,2763.06176757812,"map_7676_1_2",5,70,300,20,5,0,0.1,51.1629962325898,7.62059088990569e-18,0,3,0.2,1,9.66793777372849,25.5196974791298,1.566997259324e-18,7.62059088990569e-18,0.333070292368828,427,7676,1,"2","diploid","female"
"1281","0","0","0","0",-0.0311179719865322,2763.06176757812,"map_7676_1_3",5,70,300,20,5,1.13562355267428,0.1,8.87664369295069,0.51323994753251,0.341974043851165,9,0.2,1,9.66793777372849,25.5196974791298,0.00375903575802086,0.00165651283811513,0.330840964167665,427,7676,1,"3","diploid","female"
"1282","0","0","0","0",-0.207769855856895,2833.95922851562,"map_7759_1_1",5,70,300,20,5,0,0.1,15.6239493345858,0.0323076964933738,0.262432502351183,13,0.2,1,3.9705898465335,25.4614279777637,0.000811451293401069,0.0023665898594382,0.215455966733575,428,7759,1,"1","diploid","female"
"1283","0","0","0","0",-0.207769855856895,2833.95922851562,"map_7759_1_2",5,70,300,20,5,3.92830530119136,0.1,5.69568805179353,1.25569871594341,1.91307063156744,85,0.2,1,3.9705898465335,25.4614279777637,0.00351864856296505,0.000770311670264143,1.34156857830852,428,7759,1,"2","diploid","female"
"1284","0","0","0","0",-0.207769855856895,2833.95922851562,"map_7759_1_3",5,70,300,20,5,1.82299985958148,0.1,7.9765200824069,0.40376799890791,1.0411596296966,12,0.2,1,3.9705898465335,25.4614279777637,0.00251307438934725,0.000530283493104234,0.515985959438585,428,7759,1,"3","diploid","female"
"1285","0","0","0","0",-0.338007837533951,2939.56616210938,"map_7778_1_1",5,70,300,20,5,0.9429253632909,0.1,9.21885207989342,0.705162187222505,0.744444478487398,107,0.2,1,9.37007816800495,24.6102836222348,0.00607406347558445,0.00988767110957824,0.54154901597514,429,7778,1,"1","diploid","female"
"1286","0","0","0","0",-0.338007837533951,2939.56616210938,"map_7778_1_2",5,70,300,20,5,5.03733549355708,0.1,7.19145140372062,0.803878039738778,0.931659668888725,76,0.2,1,9.37007816800495,24.6102836222348,0.00347986112460942,0.000488162626634119,1.06430453628113,429,7778,1,"2","diploid","female"
"1287","0","0","0","0",-0.338007837533951,2939.56616210938,"map_7778_1_3",5,70,300,20,5,0.941840883286627,0.1,8.7632561970102,0.229440219764805,2.32756703529717,110,0.2,1,9.37007816800495,24.6102836222348,0.00151329772552562,0.00011766205031484,0.943582836183891,429,7778,1,"3","diploid","female"
"1288","0","0","0","0",-0.0184993930160999,2843.47412109375,"map_7779_1_1",5,70,300,20,5,0,0.1,26.0313515336301,4.50165090569048e-08,1.51702262725937e-09,55,0.2,1,9.68324194888142,25.5198680186985,2.51557160133727e-09,5.10837863320871e-09,0.452295663021889,430,7779,1,"1","diploid","female"
"1289","0","0","0","0",-0.0184993930160999,2843.47412109375,"map_7779_1_2",5,70,300,20,5,4.62082940241516,0.1,6.827384655354,0.326541092627105,3.1729163872505,29,0.2,1,9.68324194888142,25.5198680186985,0.00136837569226209,0.000245430508013272,0.617694384288812,430,7779,1,"2","diploid","female"
"1290","0","0","0","0",-0.0184993930160999,2843.47412109375,"map_7779_1_3",5,70,300,20,5,1.95956343520099,0.1,9.52593632767366,0.19692124242239,1.05167085253751,114,0.2,1,9.68324194888142,25.5198680186985,0.00172025701102927,0.00139716081664864,0.373155482891352,430,7779,1,"3","diploid","female"
"1291","0","0","0","0",0.0785531774163246,2766.04858398438,"map_7780_1_1",5,70,300,20,5,0,0.1,51.3744154343429,4.25788070234907e-14,0,41,0.2,1,9.18697266055401,25.5358856524344,8.82777695363397e-15,4.25788070234907e-14,0.297742215422195,431,7780,1,"1","diploid","female"
"1292","0","0","0","0",0.0785531774163246,2766.04858398438,"map_7780_1_2",5,70,300,20,5,0,0.1,51.4526546910379,5.99092039168475e-18,0,8,0.2,1,9.18697266055401,25.5358856524344,1.24587516833769e-18,5.99092039168475e-18,0.321645350757084,431,7780,1,"2","diploid","female"
"1293","0","0","0","0",0.0785531774163246,2766.04858398438,"map_7780_1_3",5,70,300,20,5,1.21585905591236,0.1,9.16414116289437,0.27612140474275,0.505862821131815,63,0.2,1,9.18697266055401,25.5358856524344,0.00228288938140912,0.00149859034619251,0.281150653258771,431,7780,1,"3","diploid","female"
"1294","0","0","0","0",0.207418069243431,2854.47290039062,"map_7883_1_1",5,70,300,20,5,0,0.1,40.6258709858071,9.54534575889097e-10,2.93384860553493e-12,9,0.2,1,12.8337237324033,25.566005924981,1.25367712057832e-10,9.47587672706378e-10,0.298034780617566,432,7883,1,"1","diploid","female"
"1295","0","0","0","0",0.207418069243431,2854.47290039062,"map_7883_1_2",5,70,300,20,5,5.51638017906469,0.1,6.12669722382276,0.555943100968641,3.50287753052688,6,0.2,1,12.8337237324033,25.566005924981,0.00189800316210883,0.00020531089258848,0.474015696813667,432,7883,1,"2","diploid","female"
"1296","0","0","0","0",0.207418069243431,2854.47290039062,"map_7883_1_3",5,70,300,20,5,2.27788016300082,0.1,6.73787787649113,0.623766122714315,1.57405152212657,12,0.2,1,12.8337237324033,25.566005924981,0.00307631852736896,0.00330002400062838,0.363510475931592,432,7883,1,"3","diploid","female"
"1297","0","0","0","0",-0.556280076503754,3114.60791015625,"map_7935_1_1",5,70,300,20,5,0,0.1,22.8160806074478,0.395192870207495,1.16379913965871,230,0.2,1,196.169216422148,23.3998377025854,0.0218620324504851,0.0933659669115962,0.140402027744205,433,7935,1,"1","diploid","female"
"1298","0","0","0","0",-0.556280076503754,3114.60791015625,"map_7935_1_2",5,70,300,20,5,0,0.1,14.8638616962916,1.05881806986259,0.629464926695258,21,0.2,1,196.169216422148,23.3998377025854,0.0281225972200065,0.162850309365449,0.254694506424015,433,7935,1,"2","diploid","female"
"1299","0","0","0","0",-0.556280076503754,3114.60791015625,"map_7935_1_3",5,70,300,20,5,4.40856721768325,0.1,14.0120465277139,0.376793830651105,2.58724549889959,214,0.2,1,196.169216422148,23.3998377025854,0.00790651849262749,0.0199332808293407,0.301686099125493,433,7935,1,"3","diploid","female"
"1300","0","0","0","0",-0.979458689689636,3119.40649414062,"map_7936_1_1",5,70,300,20,5,2.88443199109987,0.1,23.8176495555046,0.233090582590719,1.74889373693077,94,0.2,1,210.040138548791,23.3837202228449,0.0130512121303099,0.0655821436897278,0.128238239838754,434,7936,1,"1","diploid","female"
"1301","0","0","0","0",-0.979458689689636,3119.40649414062,"map_7936_1_2",5,70,300,20,5,5.31692182703598,0.1,13.0843430880779,0.989106162373179,0.13748107711628,20,0.2,1,210.040138548791,23.3837202228449,0.01666468399188,0.0336926618544207,0.0736338138447756,434,7936,1,"2","diploid","female"
"1302","0","0","0","0",-0.979458689689636,3119.40649414062,"map_7936_1_3",5,70,300,20,5,2.7724905464686,0.1,11.6173155828976,0.185484439781816,3.05915687469889,157,0.2,1,210.040138548791,23.3837202228449,0.00303158370156756,0.00904499380915642,0.342680861096717,434,7936,1,"3","diploid","female"
"1303","0","0","0","0",0.252924978733063,2846.78369140625,"map_7948_1_1",5,70,300,20,5,0,0.1,36.3154656848342,0.00252112547631301,3.08321494356854e-06,10,0.2,1,76.3828204430615,25.2258596517451,0.000264648895558378,0.00237136389866309,0.143534988427797,435,7948,1,"1","diploid","female"
"1304","0","0","0","0",0.252924978733063,2846.78369140625,"map_7948_1_2",5,70,300,20,5,0,0.1,8.5043828847534,0.494938053640977,3.24105941618638,7,0.2,1,76.3828204430615,25.2258596517451,0.00332049217083023,0.00168039141455481,0.265334705076332,435,7948,1,"2","diploid","female"
"1305","0","0","0","0",0.252924978733063,2846.78369140625,"map_7948_1_3",5,70,300,20,5,2.41666847903421,0.1,13.8123084817659,0.485906295589934,1.25084564192531,11,0.2,1,76.3828204430615,25.2258596517451,0.0115698617476852,0.0484581518185818,0.124655967013775,435,7948,1,"3","diploid","female"
"1306","0","0","0","0",0.545628726482391,2773.4130859375,"map_7949_1_1",5,70,300,20,5,0,0.1,50.7406190304263,2.07390389885293e-13,0,100,0.2,1,77.8118819731018,25.2037268597422,4.19428725295568e-14,2.07390389885293e-13,0.300222243948109,436,7949,1,"1","diploid","female"
"1307","0","0","0","0",0.545628726482391,2773.4130859375,"map_7949_1_2",5,70,300,20,5,0,0.1,50.8175909589195,6.86125014860019e-16,0,15,0.2,1,77.8118819731018,25.2037268597422,1.39186186524063e-16,6.86125014860019e-16,0.312911349573531,436,7949,1,"2","diploid","female"
"1308","0","0","0","0",0.545628726482391,2773.4130859375,"map_7949_1_3",5,70,300,20,5,1.61163391123065,0.1,16.6261667241572,0.458212293214174,0.75141845261423,199,0.2,1,77.8118819731018,25.2037268597422,0.0141972276390885,0.0606597133513746,0.0855895268042881,436,7949,1,"3","diploid","female"
"1309","0","0","0","0",-0.0963422134518623,2954.45141601562,"map_7986_1_1",5,70,300,20,5,2.00882516812988,0.1,7.82659353578677,0.716873710997127,2.20573642186104,88,0.2,1,11.561352915344,24.5880801877838,0.00530692406200754,0.0128846617659132,0.812822435234366,437,7986,1,"1","diploid","female"
"1310","0","0","0","0",-0.0963422134518623,2954.45141601562,"map_7986_1_2",5,70,300,20,5,5.54765127828012,0.1,7.5933660102195,0.0951163440963297,3.70041568689079,7,0.2,1,11.561352915344,24.5880801877838,0.00048060905145398,1.55670297337406e-05,2.39486009089432,437,7986,1,"2","diploid","female"
"1311","0","0","0","0",-0.0963422134518623,2954.45141601562,"map_7986_1_3",5,70,300,20,5,2.07946096524608,0.1,6.41839348713247,0.416794519670131,2.59915474247025,41,0.2,1,11.561352915344,24.5880801877838,0.00150643000125117,0.000247749274690679,1.00734546316286,437,7986,1,"3","diploid","female"
"1312","0","0","0","0",-0.0488034151494503,2862.42529296875,"map_7987_1_1",5,70,300,20,5,1.64543164928588,0.1,14.0146421949723,0.0397263990615398,0.429131859777856,18,0.2,1,12.6100975553756,25.5426233118423,0.000818932846372776,0.00164481873245194,0.351744042746633,438,7987,1,"1","diploid","female"
"1313","0","0","0","0",-0.0488034151494503,2862.42529296875,"map_7987_1_2",5,70,300,20,5,4.86998978252581,0.1,8.98538596182803,0.059501804570343,3.70052332144495,6,0.2,1,12.6100975553756,25.5426233118423,0.000474980923522587,0.000655956364817316,2.33606429876902,438,7987,1,"2","diploid","female"
"1314","0","0","0","0",-0.0488034151494503,2862.42529296875,"map_7987_1_3",5,70,300,20,5,1.34243681379321,0.1,9.30075883687879,0.239320395362419,1.3839763569804,20,0.2,1,12.6100975553756,25.5426233118423,0.00200590319270536,0.00194848716221489,0.449835350114081,438,7987,1,"3","diploid","female"
"1315","0","0","0","0",-0.787878811359406,3053.568359375,"map_8041_1_1",5,70,300,20,5,0,0.1,12.651743005625,0.492624231512868,0.671931966917297,220,0.2,1,203.739392099982,23.9625932207667,0.00783701186102123,0.0160534149494793,0.30558693618756,439,8041,1,"1","diploid","female"
"1316","0","0","0","0",-0.787878811359406,3053.568359375,"map_8041_1_2",5,70,300,20,5,5.78296777354567,0.1,10.2939159975428,1.25641199728443,0.802182861452369,16,0.2,1,203.739392099982,23.9625932207667,0.014695105556536,0.035499795750899,0.321623804566552,439,8041,1,"2","diploid","female"
"1317","0","0","0","0",-0.787878811359406,3053.568359375,"map_8041_1_3",5,70,300,20,5,2.86444826865218,0.1,11.2617775656527,0.35879131018607,2.79366188276453,182,0.2,1,203.739392099982,23.9625932207667,0.00518293189348458,0.0123460323995832,0.433741058184726,439,8041,1,"3","diploid","female"
"1318","0","0","0","0",-0.492062151432037,2970.98828125,"map_8051_1_1",5,70,300,20,5,2.11082982032278,0.1,23.94328383117,0.161564440203561,1.53350763497423,40,0.2,1,81.1766768008768,25.1857382659236,0.00895733046632254,0.0322567836122035,0.142927898908589,440,8051,1,"1","diploid","female"
"1319","0","0","0","0",-0.492062151432037,2970.98828125,"map_8051_1_2",5,70,300,20,5,4.76792581659227,0.1,19.0288576183534,0.0748599551024053,4.71726519230708,11,0.2,1,81.1766768008768,25.1857382659236,0.00254933059205088,0.00357641011669573,0.417847145797625,440,8051,1,"2","diploid","female"
"1320","0","0","0","0",-0.492062151432037,2970.98828125,"map_8051_1_3",5,70,300,20,5,2.77528694161687,0.1,11.7536875433757,0.186457912590238,2.24993969727031,60,0.2,1,81.1766768008768,25.1857382659236,0.00295698922439424,0.00786928171043661,0.329569653262035,440,8051,1,"3","diploid","female"
"1321","0","0","0","0",-0.0498239621520042,2857.18920898438,"map_8052_1_1",5,70,300,20,5,0,0.1,31.061581110664,0.0058285399713079,0.000360610595304472,22,0.2,1,82.5695203483303,25.2090733829131,0.000480074440602047,0.00223415567984905,0.181089792848724,441,8052,1,"1","diploid","female"
"1322","0","0","0","0",-0.0498239621520042,2857.18920898438,"map_8052_1_2",5,70,300,20,5,0,0.1,11.5632781276925,0.318690538601327,2.86020965756976,13,0.2,1,82.5695203483303,25.2090733829131,0.00461213849504126,0.00991265772952641,0.212034781461342,441,8052,1,"2","diploid","female"
"1323","0","0","0","0",-0.0498239621520042,2857.18920898438,"map_8052_1_3",5,70,300,20,5,2.25768617194834,0.1,12.0609794293565,0.36436827704859,1.12313447472953,19,0.2,1,82.5695203483303,25.2090733829131,0.0060285300413237,0.015558402775882,0.142343399235418,441,8052,1,"3","diploid","female"
"1324","0","0","0","0",-0.0517097897827625,2801.06298828125,"map_8053_1_1",5,70,300,20,5,0,0.1,50.9320922445003,1.09018145045295e-13,0,86,0.2,1,79.365119789922,25.2282131345037,2.22145609671306e-14,1.09018145045295e-13,0.299394837938282,442,8053,1,"1","diploid","female"
"1325","0","0","0","0",-0.0517097897827625,2801.06298828125,"map_8053_1_2",5,70,300,20,5,0,0.1,8.07006626028566,0.000356812965298984,0.00211918720109778,28,0.2,1,79.365119789922,25.2282131345037,2.33744241732239e-06,3.70567856862027e-06,0.480317933938713,442,8053,1,"2","diploid","female"
"1326","0","0","0","0",-0.0517097897827625,2801.06298828125,"map_8053_1_3",5,70,300,20,5,0.934339476436708,0.1,16.094375394263,0.324207085577746,0.663250286215733,232,0.2,1,79.365119789922,25.2282131345037,0.00864700559816929,0.023779980586667,0.184608792876225,442,8053,1,"3","diploid","female"
"1327","0","0","0","0",-0.655654013156891,2789.29858398438,"map_8072_1_1",5,70,300,20,5,0,0.1,50.587890878188,3.21702113604226e-13,1.24827251404593e-27,13,0.2,1,11.8203251606033,25.2080734242368,6.46708518472587e-14,3.21702113604226e-13,0.300536543654851,443,8072,1,"1","diploid","female"
"1328","0","0","0","0",-0.655654013156891,2789.29858398438,"map_8072_1_2",5,70,300,20,5,0,0.1,5.91537060575601,0.131874583875414,0.770630111443169,4,0.2,1,11.8203251606033,25.2080734242368,0.000381726435885707,5.74011915942438e-07,0.905819247829943,443,8072,1,"2","diploid","female"
"1329","0","0","0","0",-0.655654013156891,2789.29858398438,"map_8072_1_3",5,70,300,20,5,1.16738057959412,0.1,6.83019976954693,0.608174767761813,0.609132438541672,7,0.2,1,11.8203251606033,25.2080734242368,0.00261795655638068,1.88802678170993e-05,0.456427381745925,443,8072,1,"3","diploid","female"
"1330","0","0","0","0",-0.0168644096702337,2941.57885742188,"map_8090_1_1",5,70,300,20,5,3.21135421070544,0.1,11.5318874132689,0.189024980740509,2.53389902244233,25,0.2,1,11.7469092660469,24.4847925108005,0.00317453306240367,0.0122526228193786,0.272864536516013,444,8090,1,"1","diploid","female"
"1331","0","0","0","0",-0.0168644096702337,2941.57885742188,"map_8090_1_2",5,70,300,20,5,5.53863686618517,0.1,7.08158772784584,0.504570979011742,2.59888441725284,21,0.2,1,11.7469092660469,24.4847925108005,0.00213511915609189,0.000147607183378677,0.784831261263104,444,8090,1,"2","diploid","female"
"1332","0","0","0","0",-0.0168644096702337,2941.57885742188,"map_8090_1_3",5,70,300,20,5,3.72353041348875,0.1,8.74901593736951,0.176232113903303,2.81779717787575,43,0.2,1,11.7469092660469,24.4847925108005,0.00126881708866513,0.000951827082360517,0.45816137741893,444,8090,1,"3","diploid","female"
"1333","0","0","0","0",-0.0770692974328995,2852.52465820312,"map_8091_1_1",5,70,300,20,5,0,0.1,19.0005069995527,0.034559661218553,0.286125851674513,19,0.2,1,12.0167202756947,25.4633746274946,0.00120052752898231,0.00345358322492185,0.409537035025896,445,8091,1,"1","diploid","female"
"1334","0","0","0","0",-0.0770692974328995,2852.52465820312,"map_8091_1_2",5,70,300,20,5,4.52583961160961,0.1,8.26530061291144,0.194122304885936,3.12431325660526,9,0.2,1,12.0167202756947,25.4633746274946,0.00119520308486056,0.000523903667474661,0.547598025839948,445,8091,1,"2","diploid","female"
"1335","0","0","0","0",-0.0770692974328995,2852.52465820312,"map_8091_1_3",5,70,300,20,5,2.04771697808148,0.1,7.82367800444003,0.321644009114758,1.30799774770253,22,0.2,1,12.0167202756947,25.4633746274946,0.00188313541071992,0.00135922746279098,0.455769370059657,445,8091,1,"3","diploid","female"
"1336","0","0","0","0",-0.840635299682617,3175.95434570312,"map_8141_1_1",5,70,300,20,5,3.64114122360731,0.1,15.4100070957099,0.330891726303308,2.1913014390287,8,0.2,1,123.940796145569,22.0443210565899,0.0093539175195836,0.0328028047891185,0.115405038836577,446,8141,1,"1","diploid","female"
"1337","0","0","0","0",-0.840635299682617,3175.95434570312,"map_8141_1_2",5,70,300,20,5,4.38918000277129,0.1,15.0092797100133,0.360267010124156,2.00710911202457,4,0.2,1,123.940796145569,22.0443210565899,0.0087935683413645,0.0229052348168547,0.142894166305176,446,8141,1,"2","diploid","female"
"1338","0","0","0","0",-0.840635299682617,3175.95434570312,"map_8141_1_3",5,70,300,20,5,3.8199604722727,0.1,8.96511165061256,0.207315052047249,3.09050402447393,3,0.2,1,123.940796145569,22.0443210565899,0.00160066970803244,0.000643889087229633,0.305053248570169,446,8141,1,"3","diploid","female"
"1339","0","0","0","0",-0.704714834690094,3137.01782226562,"map_8142_1_1",5,70,300,20,5,3.10078814595352,0.1,17.4827998546879,0.293160955796161,1.98936742643307,59,0.2,1,121.057184194014,23.401867120897,0.00941473433861687,0.0336640711613583,0.163899678528877,447,8142,1,"1","diploid","female"
"1340","0","0","0","0",-0.704714834690094,3137.01782226562,"map_8142_1_2",5,70,300,20,5,5.25334473819586,0.1,11.4339570934754,0.205767710519228,4.05932336536327,54,0.2,1,121.057184194014,23.401867120897,0.00277870907955272,0.00366938774173956,0.414508003512535,447,8142,1,"2","diploid","female"
"1341","0","0","0","0",-0.704714834690094,3137.01782226562,"map_8142_1_3",5,70,300,20,5,3.52821148187367,0.1,8.56226589750724,0.25258592071896,3.10205079141676,55,0.2,1,121.057184194014,23.401867120897,0.00200676587944506,0.00154200083433356,0.297904683740822,447,8142,1,"3","diploid","female"
"1342","0","0","0","0",-0.535665452480316,3093.60424804688,"map_8143_1_1",5,70,300,20,5,3.24943387799618,0.1,14.2288774996585,0.219822990087566,2.25373330147554,160,0.2,1,97.4861379604403,23.4178336152999,0.00506403102783322,0.0148416614407481,0.257160941363801,448,8143,1,"1","diploid","female"
"1343","0","0","0","0",-0.535665452480316,3093.60424804688,"map_8143_1_2",5,70,300,20,5,5.19649412040545,0.1,11.1332110138432,0.282580913987155,4.96679121774059,130,0.2,1,97.4861379604403,23.4178336152999,0.00346496491617527,0.00498032854797917,0.612024889448141,448,8143,1,"2","diploid","female"
"1344","0","0","0","0",-0.535665452480316,3093.60424804688,"map_8143_1_3",5,70,300,20,5,3.9785502227465,0.1,9.81308236795642,0.215080677702534,3.67991197798187,153,0.2,1,97.4861379604403,23.4178336152999,0.00205876090520756,0.00131871911220293,0.373096419125059,448,8143,1,"3","diploid","female"
"1345","0","0","0","0",-0.818497657775879,3010.30126953125,"map_8146_1_1",5,70,300,20,5,2.30633254500656,0.1,14.7608649622978,0.264191077534772,1.68536559855356,162,0.2,1,95.5727345507802,23.9833555971401,0.00763461796743125,0.0314550209549364,0.181511599297909,449,8146,1,"1","diploid","female"
"1346","0","0","0","0",-0.818497657775879,3010.30126953125,"map_8146_1_2",5,70,300,20,5,3.98658237428148,0.1,9.71380128486375,0.345634476140326,4.03049451045579,134,0.2,1,95.5727345507802,23.9833555971401,0.00366333232112686,0.00671920538546768,0.397125114291914,449,8146,1,"2","diploid","female"
"1347","0","0","0","0",-0.818497657775879,3010.30126953125,"map_8146_1_3",5,70,300,20,5,3.17403429360587,0.1,8.4211612505981,0.262775464444184,2.61343968312298,148,0.2,1,95.5727345507802,23.9833555971401,0.00179731462709762,0.00126229923870068,0.411477643449704,449,8146,1,"3","diploid","female"
"1348","0","0","0","0",-0.70831423997879,2927.3720703125,"map_8155_1_1",5,70,300,20,5,0,0.1,21.6049499533824,0.313606600011972,1.24269457029446,42,0.2,1,78.3070619320157,25.2086616218288,0.0178692146084855,0.0960675542462317,0.102965682789737,450,8155,1,"1","diploid","female"
"1349","0","0","0","0",-0.70831423997879,2927.3720703125,"map_8155_1_2",5,70,300,20,5,8.57115518266004,0.1,12.372919499736,0.357179122207834,3.35260124741469,17,0.2,1,78.3070619320157,25.2086616218288,0.00975867255048959,0.0580777500495034,0.347721769791326,450,8155,1,"2","diploid","female"
"1350","0","0","0","0",-0.70831423997879,2927.3720703125,"map_8155_1_3",5,70,300,20,5,1.36172631159242,0.1,7.40081019519693,0.417864428006968,1.85061363732571,9,0.2,1,78.3070619320157,25.2086616218288,0.00300467439268463,0.00846645848602545,0.400319636194145,450,8155,1,"3","diploid","female"
"1351","0","0","0","0",0.0821539834141731,2861.98266601562,"map_8156_1_1",5,70,300,20,5,0,0.1,26.7881409884108,0.00349344127829988,0.00101233445653521,5,0.2,1,78.6777389532704,25.2111734669074,0.00022143212089962,0.000828891257637489,0.234299250801688,451,8156,1,"1","diploid","female"
"1352","0","0","0","0",0.0821539834141731,2861.98266601562,"map_8156_1_2",5,70,300,20,5,0,0.1,12.7352415324098,0.464601202812905,3.45216194669172,4,0.2,1,78.6777389532704,25.2111734669074,0.0103574464268831,0.0621845989423123,0.230971935447618,451,8156,1,"2","diploid","female"
"1353","0","0","0","0",0.0821539834141731,2861.98266601562,"map_8156_1_3",5,70,300,20,5,2.44449130778802,0.1,13.4238978455212,0.467300696216826,1.35981120371866,4,0.2,1,78.6777389532704,25.2111734669074,0.0106620781399278,0.0405824346648702,0.142383609274671,451,8156,1,"3","diploid","female"
"1354","0","0","0","0",0.501127302646637,2771.54077148438,"map_8158_1_1",5,70,300,20,5,0,0.1,51.1031494195798,6.25326895962811e-14,0,30,0.2,1,15.6074833924205,25.175593409533,1.2828048683598e-14,6.25326895962811e-14,0.299609313374355,452,8158,1,"1","diploid","female"
"1355","0","0","0","0",0.501127302646637,2771.54077148438,"map_8158_1_2",5,70,300,20,5,0,0.1,51.1530513297323,9.55119919536106e-18,0,7,0.2,1,15.6074833924205,25.175593409533,1.9632001753769e-18,9.55119919536106e-18,0.33923429709245,452,8158,1,"2","diploid","female"
"1356","0","0","0","0",0.501127302646637,2771.54077148438,"map_8158_1_3",5,70,300,20,5,1.07566385474773,0.1,9.45737564219721,0.614232235685123,0.4414893094098,75,0.2,1,15.6074833924205,25.175593409533,0.00585245754198007,0.00889861550839552,0.503749170651694,452,8158,1,"3","diploid","female"
"1357","0","0","0","0",0.0304398108273745,2853.11279296875,"map_8195_1_1",5,70,300,20,5,0,0.1,7.79454355384326,0.0610956873192973,0.253179656169203,30,0.2,1,11.7537171711458,25.4627497122797,0.000427595485053662,0.000578935510420495,0.408861913947437,453,8195,1,"1","diploid","female"
"1358","0","0","0","0",0.0304398108273745,2853.11279296875,"map_8195_1_2",5,70,300,20,5,5.42144265478716,0.1,7.26147757975122,0.61431491394813,2.29978423959297,32,0.2,1,11.7537171711458,25.4627497122797,0.00278601411737403,0.000469925592036467,0.793343049581176,453,8195,1,"2","diploid","female"
"1359","0","0","0","0",0.0304398108273745,2853.11279296875,"map_8195_1_3",5,70,300,20,5,0.767728949898615,0.1,10.5743287952528,0.276820702009867,1.2426544550908,69,0.2,1,11.7537171711458,25.4627497122797,0.00298772679316428,0.0027490305031059,0.219883340674504,453,8195,1,"3","diploid","female"
"1360","0","0","0","0",-0.0926153659820557,2787.0751953125,"map_8196_1_1",5,70,300,20,5,0,0.1,50.5919852846585,3.69050726326071e-14,0,11,0.2,1,11.9526170256526,25.4624816989582,7.42007214105933e-15,3.69050726326071e-14,0.304645736219192,454,8196,1,"1","diploid","female"
"1361","0","0","0","0",-0.0926153659820557,2787.0751953125,"map_8196_1_2",5,70,300,20,5,0,0.1,9.04688918610738,0.00010548620847033,0.000738014128296556,3,0.2,1,11.9526170256526,25.4624816989582,7.00164326423466e-07,4.11208987693635e-09,0.932277380535991,454,8196,1,"2","diploid","female"
"1362","0","0","0","0",-0.0926153659820557,2787.0751953125,"map_8196_1_3",5,70,300,20,5,1.3483301011887,0.1,8.15030225901324,0.555464910990603,0.685679544162379,9,0.2,1,11.9526170256526,25.4624816989582,0.00367177290171357,0.00247984707301259,0.332008722941797,454,8196,1,"3","diploid","female"
"1363","0","0","0","0",-0.931695640087128,3183.69018554688,"map_8242_1_1",5,70,300,20,5,2.07301739399518,0.1,14.4138403707708,0.205023256835363,2.99775178338888,105,0.2,1,143.663037810215,21.2447207737075,0.00526311264673498,0.0193015829484779,0.234062667320261,455,8242,1,"1","diploid","female"
"1364","0","0","0","0",-0.931695640087128,3183.69018554688,"map_8242_1_2",5,70,300,20,5,4.5874924333597,0.1,13.8225221217095,0.202032004973799,2.89672323721547,98,0.2,1,143.663037810215,21.2447207737075,0.0047779103624268,0.0162094897157146,0.36168253872751,455,8242,1,"2","diploid","female"
"1365","0","0","0","0",-0.931695640087128,3183.69018554688,"map_8242_1_3",5,70,300,20,5,2.09873248337757,0.1,7.16614301210566,0.0677648901244338,2.64893969022854,86,0.2,1,143.663037810215,21.2447207737075,0.000325419662118729,0.000103167484643278,0.675598055213885,455,8242,1,"3","diploid","female"
"1366","0","0","0","0",-0.909281253814697,3145.36865234375,"map_8244_1_1",5,70,300,20,5,3.46326955832972,0.1,13.4885521483098,0.341862782694988,2.70044321011221,12,0.2,1,121.294970889424,22.0444136231973,0.00770365698192984,0.0266935792662173,0.229172390638636,456,8244,1,"1","diploid","female"
"1367","0","0","0","0",-0.909281253814697,3145.36865234375,"map_8244_1_2",5,70,300,20,5,4.09567335903377,0.1,16.5252367581364,0.497358253405297,1.33615135514144,6,0.2,1,121.294970889424,22.0444136231973,0.0128347578388797,0.020962966689508,0.0766137231162261,456,8244,1,"2","diploid","female"
"1368","0","0","0","0",-0.909281253814697,3145.36865234375,"map_8244_1_3",5,70,300,20,5,4.02597124374034,0.1,7.62872290006451,0.327445166538934,3.77733258457353,4,0.2,1,121.294970889424,22.0444136231973,0.0018734137261205,0.000556227968537905,0.426212002805909,456,8244,1,"3","diploid","female"
"1369","0","0","0","0",-0.892784297466278,3111.79028320312,"map_8245_1_1",5,70,300,20,5,0,0.1,11.6400833505734,0.308293627431923,2.79211386407809,11,0.2,1,119.65660704806,22.04063853436,0.00552311295197233,0.0203243048202426,0.299056687604915,457,8245,1,"1","diploid","female"
"1370","0","0","0","0",-0.892784297466278,3111.79028320312,"map_8245_1_2",5,70,300,20,5,10.5155656784799,0.1,14.5054888632484,0.515260565633207,1.08210216002368,7,0.2,1,119.65660704806,22.04063853436,0.0140300083038968,0.0622924937154859,0.307989475630361,457,8245,1,"2","diploid","female"
"1371","0","0","0","0",-0.892784297466278,3111.79028320312,"map_8245_1_3",5,70,300,20,5,4.77531326954558,0.1,5.87883041044209,0.315119591914286,3.43116189748026,5,0.2,1,119.65660704806,22.04063853436,0.000960676328940751,0.00011590837721785,0.870035648169578,457,8245,1,"3","diploid","female"
"1372","0","0","0","0",-0.897129833698273,3082.30834960938,"map_8246_1_1",5,70,300,20,5,2.66808501687002,0.1,16.0145029814183,0.18290733615321,2.43254777212836,55,0.2,1,125.736014179217,23.3738092063405,0.0057525932387513,0.0229558365551899,0.242992053737547,458,8246,1,"1","diploid","female"
"1373","0","0","0","0",-0.897129833698273,3082.30834960938,"map_8246_1_2",5,70,300,20,5,4.35052894808957,0.1,12.0224161884388,0.133880304839259,5.27215434376211,53,0.2,1,125.736014179217,23.3738092063405,0.0023501764223037,0.0056085395674284,0.686146055877388,458,8246,1,"2","diploid","female"
"1374","0","0","0","0",-0.897129833698273,3082.30834960938,"map_8246_1_3",5,70,300,20,5,3.50078416893756,0.1,8.60906918569609,0.185151230785991,3.27676063811165,52,0.2,1,125.736014179217,23.3738092063405,0.00129340507211294,0.000415568735775297,0.511274211857156,458,8246,1,"3","diploid","female"
"1375","0","0","0","0",-0.821509957313538,3050.83227539062,"map_8247_1_1",5,70,300,20,5,0,0.1,12.0456121048374,0.247173620719844,2.04609315032753,23,0.2,1,91.230432958698,23.4163035780356,0.00445096801492662,0.0153443575429699,0.310714158843,459,8247,1,"1","diploid","female"
"1376","0","0","0","0",-0.821509957313538,3050.83227539062,"map_8247_1_2",5,70,300,20,5,10.2990057183219,0.1,8.20606803597075,0.379509877559555,3.53436757503388,20,0.2,1,91.230432958698,23.4163035780356,0.00248096431505707,0.00307874471598497,0.637664774028622,459,8247,1,"2","diploid","female"
"1377","0","0","0","0",-0.821509957313538,3050.83227539062,"map_8247_1_3",5,70,300,20,5,2.10995809954338,0.1,7.76953046039341,0.227179928072213,2.68059087514195,10,0.2,1,91.230432958698,23.4163035780356,0.00119191021208218,0.000248919199360177,0.590431368223375,459,8247,1,"3","diploid","female"
"1378","0","0","0","0",-0.688515901565552,3034.74462890625,"map_8248_1_1",5,70,300,20,5,1.38835326672593,0.1,14.9803247039576,0.166245132950234,2.6213970404104,57,0.2,1,90.968246819569,23.4134384812179,0.00445083284436575,0.0184974331018156,0.253900401726524,460,8248,1,"1","diploid","female"
"1379","0","0","0","0",-0.688515901565552,3034.74462890625,"map_8248_1_2",5,70,300,20,5,4.70630788139508,0.1,14.6080094634704,0.134158151871722,4.24079287869769,30,0.2,1,90.968246819569,23.4134384812179,0.00337490368565185,0.0150582158319957,0.479736979250295,460,8248,1,"2","diploid","female"
"1380","0","0","0","0",-0.688515901565552,3034.74462890625,"map_8248_1_3",5,70,300,20,5,1.80056434021828,0.1,8.51292454518047,0.149423694648346,3.27772772418224,110,0.2,1,90.968246819569,23.4134384812179,0.00112439632415772,0.000732886087390529,0.502911070267454,460,8248,1,"3","diploid","female"
"1381","0","0","0","0",-0.45668762922287,2961.08984375,"map_8250_1_1",5,70,300,20,5,0,0.1,17.2420578235686,0.263000525693457,2.19980671001386,6,0.2,1,94.1888229569723,23.9712750577451,0.00975280645867533,0.0499683687380177,0.155125561663412,461,8250,1,"1","diploid","female"
"1382","0","0","0","0",-0.45668762922287,2961.08984375,"map_8250_1_2",5,70,300,20,5,11.0564982204582,0.1,13.8853144371281,0.301991251647494,3.61895281978945,3,0.2,1,94.1888229569723,23.9712750577451,0.00833774584408057,0.0355456689857158,0.336140873669773,461,8250,1,"2","diploid","female"
"1383","0","0","0","0",-0.45668762922287,2961.08984375,"map_8250_1_3",5,70,300,20,5,3.481681351303,0.1,8.86130503830295,0.25254537035094,2.70276143366776,2,0.2,1,94.1888229569723,23.9712750577451,0.00218306389602666,0.00372830646882772,0.38070324982702,461,8250,1,"3","diploid","female"
"1384","0","0","0","0",-0.667356908321381,2992.63696289062,"map_8252_1_1",5,70,300,20,5,0,0.1,16.7736587004141,0.39840162938018,0.86134302543443,44,0.2,1,95.050212865652,24.1913651828618,0.0124616345366778,0.0598946771702743,0.178151729006501,462,8252,1,"1","diploid","female"
"1385","0","0","0","0",-0.667356908321381,2992.63696289062,"map_8252_1_2",5,70,300,20,5,9.98342375050485,0.1,13.1843391935362,0.972138169205175,0.330856656427812,79,0.2,1,95.050212865652,24.1913651828618,0.017408536974819,0.0239140669320405,0.128506902187214,462,8252,1,"2","diploid","female"
"1386","0","0","0","0",-0.667356908321381,2992.63696289062,"map_8252_1_3",5,70,300,20,5,1.7232574717507,0.1,10.2468666454433,0.237322769692721,2.43314545286674,11,0.2,1,95.050212865652,24.1913651828618,0.00253019768105259,0.00457343532712129,0.512796041988704,462,8252,1,"3","diploid","female"
"1387","0","0","0","0",-0.950933456420898,3020.55493164062,"map_8253_1_1",5,70,300,20,5,0,0.1,12.6328060801862,0.231312858424352,1.58807397732625,82,0.2,1,100.056367169187,24.1852232258185,0.00473595376104539,0.0165862428653608,0.286987989377722,463,8253,1,"1","diploid","female"
"1388","0","0","0","0",-0.950933456420898,3020.55493164062,"map_8253_1_2",5,70,300,20,5,9.08927498017883,0.1,7.87935286562329,0.217882528854287,4.05851468990036,51,0.2,1,100.056367169187,24.1852232258185,0.00130863089564757,0.00115805354650346,0.666989086851295,463,8253,1,"2","diploid","female"
"1389","0","0","0","0",-0.950933456420898,3020.55493164062,"map_8253_1_3",5,70,300,20,5,2.53003699512738,0.1,7.80001323541349,0.211515923885113,2.30734300636289,32,0.2,1,100.056367169187,24.1852232258185,0.00116970838414445,0.00040199374259401,0.564699690548135,463,8253,1,"3","diploid","female"
"1390","0","0","0","0",-0.702232360839844,2997.48608398438,"map_8254_1_1",5,70,300,20,5,2.41368008748515,0.1,17.5264154844822,0.248295935240048,1.36678022275508,76,0.2,1,83.316595637125,24.2329897932304,0.00809806595057899,0.0239401152954733,0.192046583941518,464,8254,1,"1","diploid","female"
"1391","0","0","0","0",-0.702232360839844,2997.48608398438,"map_8254_1_2",5,70,300,20,5,4.53707621870579,0.1,11.8495029676278,0.28631424678166,1.53490645867137,66,0.2,1,83.316595637125,24.2329897932304,0.00361048039958282,0.00292005701678746,0.319715392827791,464,8254,1,"2","diploid","female"
"1392","0","0","0","0",-0.702232360839844,2997.48608398438,"map_8254_1_3",5,70,300,20,5,2.91479914987899,0.1,9.95676453488137,0.129966941978931,2.3674657395668,67,0.2,1,83.316595637125,24.2329897932304,0.00125199235720715,0.000661242120388222,0.520846153466225,464,8254,1,"3","diploid","female"
"1393","0","0","0","0",-0.0957024022936821,2941.2060546875,"map_8255_1_1",5,70,300,20,5,0,0.1,13.9504271850328,0.0491633075254567,0.372471950923946,6,0.2,1,91.9251682619716,24.7640473613971,0.00111184366168905,0.00327443333707714,0.169728883063349,465,8255,1,"1","diploid","female"
"1394","0","0","0","0",-0.0957024022936821,2941.2060546875,"map_8255_1_2",5,70,300,20,5,13.8492953894919,0.1,8.41704181700958,0.388863055060096,5.46604628659609,4,0.2,1,91.9251682619716,24.7640473613971,0.00289306489266662,0.00358680749653112,0.375099820458487,465,8255,1,"2","diploid","female"
"1395","0","0","0","0",-0.0957024022936821,2941.2060546875,"map_8255_1_3",5,70,300,20,5,1.8114490489435,0.1,9.91416504454159,0.391952649591343,2.4459918404405,6,0.2,1,91.9251682619716,24.7640473613971,0.00450761004709923,0.0101952861946743,0.260891203018577,465,8255,1,"3","diploid","female"
"1396","0","0","0","0",-0.398537069559097,2901.19775390625,"map_8258_1_1",5,70,300,20,5,0,0.1,22.5572309203601,0.406085638719019,0.829007171334491,63,0.2,1,57.506943080729,25.2088236621844,0.0206949307513655,0.0762926485476652,0.0815357929484167,466,8258,1,"1","diploid","female"
"1397","0","0","0","0",-0.398537069559097,2901.19775390625,"map_8258_1_2",5,70,300,20,5,4.32590219278528,0.1,10.3155530174272,0.710628597431277,0.420094310980496,68,0.2,1,57.506943080729,25.2088236621844,0.0063203772896066,0.000842237221392045,0.18403634833047,466,8258,1,"2","diploid","female"
"1398","0","0","0","0",-0.398537069559097,2901.19775390625,"map_8258_1_3",5,70,300,20,5,2.25747400199716,0.1,10.5720210018708,0.404358177853626,1.16336356624244,55,0.2,1,57.506943080729,25.2088236621844,0.00445123997057336,0.00625952241272172,0.448949960107391,466,8258,1,"3","diploid","female"
"1399","0","0","0","0",-0.605343461036682,2890.57080078125,"map_8259_1_1",5,70,300,20,5,0,0.1,35.4062291340431,0.277449890911107,1.18947430302825,120,0.2,1,54.3433899881622,25.2481629786697,0.0327639041208125,0.20441137765914,0.0611941786317122,467,8259,1,"1","diploid","female"
"1400","0","0","0","0",-0.605343461036682,2890.57080078125,"map_8259_1_2",5,70,300,20,5,3.67970302534189,0.1,9.36760884876177,0.151790465554622,3.72231450727853,25,0.2,1,54.3433899881622,25.2481629786697,0.00207387770373244,0.0116021534047393,0.362838834697867,467,8259,1,"2","diploid","female"
"1401","0","0","0","0",-0.605343461036682,2890.57080078125,"map_8259_1_3",5,70,300,20,5,1.98068105790774,0.1,9.06722098142366,0.27601807511382,1.80514747011108,108,0.2,1,54.3433899881622,25.2481629786697,0.00259634124315433,0.00545211731919896,0.230367527543061,467,8259,1,"3","diploid","female"
"1402","0","0","0","0",-0.400283545255661,2861.3701171875,"map_8260_1_1",5,70,300,20,5,0,0.1,12.2409366756599,0.0532805874029837,0.381471293214604,16,0.2,1,59.1203083604067,25.192562388212,0.00097404947173067,0.00306980952949937,0.176952825114916,468,8260,1,"1","diploid","female"
"1403","0","0","0","0",-0.400283545255661,2861.3701171875,"map_8260_1_2",5,70,300,20,5,4.1626012214868,0.1,8.1795820588388,0.226745310058178,3.57310518282835,7,0.2,1,59.1203083604067,25.192562388212,0.00149865937613913,0.000959860155204782,0.449539906601284,468,8260,1,"2","diploid","female"
"1404","0","0","0","0",-0.400283545255661,2861.3701171875,"map_8260_1_3",5,70,300,20,5,0.988365365017062,0.1,9.97828278215988,0.312719044842052,1.19655288476022,9,0.2,1,59.1203083604067,25.192562388212,0.00335832636900038,0.0041388826476661,0.309440366782143,468,8260,1,"3","diploid","female"
"1405","0","0","0","0",-0.0263992287218571,2810.68286132812,"map_8261_1_1",5,70,300,20,5,0,0.1,51.1683066902844,8.39832277912904e-14,0,42,0.2,1,60.8402037978408,25.2186590988903,1.72723613449553e-14,8.39832277912904e-14,0.300105370791753,469,8261,1,"1","diploid","female"
"1406","0","0","0","0",-0.0263992287218571,2810.68286132812,"map_8261_1_2",5,70,300,20,5,0,0.1,7.5880398111899,0.00117524665055121,0.071299242406249,11,0.2,1,60.8402037978408,25.2186590988903,6.36411782988952e-06,1.42317404401437e-06,0.839654133120735,469,8261,1,"2","diploid","female"
"1407","0","0","0","0",-0.0263992287218571,2810.68286132812,"map_8261_1_3",5,70,300,20,5,1.46485841841732,0.1,11.806352137159,0.27942641936239,0.811396640498007,51,0.2,1,60.8402037978408,25.2186590988903,0.00423641586495825,0.00755383635975262,0.242460098598774,469,8261,1,"3","diploid","female"
"1408","0","0","0","0",-0.196079686284065,2786.05786132812,"map_8262_1_1",5,70,300,20,5,0,0.1,50.573540144002,4.10459508974872e-14,0,7,0.2,1,20.5107560237356,25.2395895659065,8.24668015289555e-15,4.10459508974872e-14,0.301457300309056,470,8262,1,"1","diploid","female"
"1409","0","0","0","0",-0.196079686284065,2786.05786132812,"map_8262_1_2",5,70,300,20,5,0,0.1,15.9463444878536,6.61640490566786e-06,0.000972952245938872,2,0.2,1,20.5107560237356,25.2395895659065,1.40346533406256e-07,4.31561861484094e-08,0.853304853838534,470,8262,1,"2","diploid","female"
"1410","0","0","0","0",-0.196079686284065,2786.05786132812,"map_8262_1_3",5,70,300,20,5,1.35162976019554,0.1,7.46779667276281,0.579399850008565,0.930388337294785,3,0.2,1,20.5107560237356,25.2395895659065,0.00335365919263971,0.00214551636251265,0.310757018499753,470,8262,1,"3","diploid","female"
"1411","0","0","0","0",0.373109579086304,2758.63647460938,"map_8263_1_1",5,70,300,20,5,0,0.1,50.5528009187205,8.21745855892232e-14,0,13,0.2,1,19.8989157182137,25.2181535676468,1.64962851057298e-14,8.21745855892232e-14,0.298302382910214,471,8263,1,"1","diploid","female"
"1412","0","0","0","0",0.373109579086304,2758.63647460938,"map_8263_1_2",5,70,300,20,5,0,0.1,50.6912134291962,1.55674620338498e-17,0,3,0.2,1,19.8989157182137,25.2181535676468,3.14229701666802e-18,1.55674620338498e-17,0.328075482941807,471,8263,1,"2","diploid","female"
"1413","0","0","0","0",0.373109579086304,2758.63647460938,"map_8263_1_3",5,70,300,20,5,1.38995332254538,0.1,13.5444801174882,0.196153079820469,0.38139106264781,8,0.2,1,19.8989157182137,25.2181535676468,0.00359996812977372,0.00667620904564644,0.308862491407344,471,8263,1,"3","diploid","female"
"1414","0","0","0","0",-0.408560425043106,2765.31494140625,"map_8281_1_1",5,70,300,20,5,0,0.1,51.0903654897222,1.63921037249377e-14,0,29,0.2,1,4.52028746391798,25.2326303484168,3.36102764055876e-15,1.63921037249377e-14,0.309625552837258,472,8281,1,"1","diploid","female"
"1415","0","0","0","0",-0.408560425043106,2765.31494140625,"map_8281_1_2",5,70,300,20,5,0,0.1,7.26994707585486,1.57419080696113e-06,5.47362293996623e-05,8,0.2,1,4.52028746391798,25.2326303484168,7.11310018210305e-09,4.92374159405185e-12,0.918773953153665,472,8281,1,"2","diploid","female"
"1416","0","0","0","0",-0.408560425043106,2765.31494140625,"map_8281_1_3",5,70,300,20,5,0,0.1,6.30343484250612,0.405223375946371,0.501312592700076,24,0.2,1,4.52028746391798,25.2326303484168,0.00134415072196771,3.6744192284758e-06,0.408406163062085,472,8281,1,"3","diploid","female"
"1417","0","0","0","0",-0.325159847736359,2801.54443359375,"map_8282_1_1",5,70,300,20,5,0,0.1,38.8128674774242,2.98944806710229e-06,1.27039001248987e-08,9,0.2,1,5.41669831147721,25.1952571173971,3.60249829571019e-07,2.9135944842439e-06,0.337628220959136,473,8282,1,"1","diploid","female"
"1418","0","0","0","0",-0.325159847736359,2801.54443359375,"map_8282_1_2",5,70,300,20,5,0,0.1,9.84285723507833,0.00324512497663332,1.2892018763977,3,0.2,1,5.41669831147721,25.1952571173971,2.65010677129063e-05,7.52295699413297e-07,0.83135755037248,473,8282,1,"2","diploid","female"
"1419","0","0","0","0",-0.325159847736359,2801.54443359375,"map_8282_1_3",5,70,300,20,5,1.45324104239654,0.1,7.20347720061106,0.437766674574924,0.636588858467139,7,0.2,1,5.41669831147721,25.1952571173971,0.00198505128290867,0.000397088072163299,0.71716835387952,473,8282,1,"3","diploid","female"
"1420","0","0","0","0",-0.699310123920441,2860.60278320312,"map_8283_1_1",5,70,300,20,5,0,0.1,21.5345344213857,0.501136692409423,0.222773179140508,80,0.2,1,9.38325762077919,25.2032226946927,0.0203640127517635,0.0458444442383074,0.124808841853894,474,8283,1,"1","diploid","female"
"1421","0","0","0","0",-0.699310123920441,2860.60278320312,"map_8283_1_2",5,70,300,20,5,3.05125314127317,0.1,8.60571506654371,0.464322078779435,1.02437919030697,34,0.2,1,9.38325762077919,25.2032226946927,0.00366154506444039,0.00417533339082555,0.352308892341326,474,8283,1,"2","diploid","female"
"1422","0","0","0","0",-0.699310123920441,2860.60278320312,"map_8283_1_3",5,70,300,20,5,1.77461876140337,0.1,6.45087584904878,0.586874476595666,0.824333577907219,32,0.2,1,9.38325762077919,25.2032226946927,0.00201122041906838,3.83019578362254e-05,0.81538367154813,474,8283,1,"3","diploid","female"
"1423","0","0","0","0",0.017384298145771,2854.029296875,"map_8299_1_1",5,70,300,20,5,0,0.1,16.1391547924986,0.0315733963950892,0.238813605729456,59,0.2,1,9.64473645152691,25.4706762670811,0.000858030645964187,0.00253544013508716,0.299021736288017,475,8299,1,"1","diploid","female"
"1424","0","0","0","0",0.017384298145771,2854.029296875,"map_8299_1_2",5,70,300,20,5,5.2268590063583,0.1,7.06982010739218,0.118666022239123,3.85633157255545,14,0.2,1,9.64473645152691,25.4706762670811,0.000593697912105179,0.00029835259279521,2.45151115056387,475,8299,1,"2","diploid","female"
"1425","0","0","0","0",0.017384298145771,2854.029296875,"map_8299_1_3",5,70,300,20,5,0.751474381843495,0.1,9.05814775857568,0.375281395003028,1.18508606595927,127,0.2,1,9.64473645152691,25.4706762670811,0.00287153474809188,0.00209419204298383,0.585303710733164,475,8299,1,"3","diploid","female"
"1426","0","0","0","0",-0.070423536002636,2784.37231445312,"map_8300_1_1",5,70,300,20,5,0,0.1,51.1396638222001,4.35205342961693e-14,0,10,0.2,1,8.93660507023186,25.5240451844428,8.94063047536139e-15,4.35205342961693e-14,0.296981806183534,476,8300,1,"1","diploid","female"
"1427","0","0","0","0",-0.070423536002636,2784.37231445312,"map_8300_1_2",5,70,300,20,5,0,0.1,17.6981770543228,4.21536374092083e-07,0.000144480492403404,3,0.2,1,8.93660507023186,25.5240451844428,1.08439472008917e-08,1.59359909154618e-09,1.34615560760463,476,8300,1,"2","diploid","female"
"1428","0","0","0","0",-0.070423536002636,2784.37231445312,"map_8300_1_3",5,70,300,20,5,0.664453293706595,0.1,9.46654663587703,0.516206405063124,0.252216059259432,8,0.2,1,8.93660507023186,25.5240451844428,0.00414982383766418,0.0020654684406431,0.400728491760809,476,8300,1,"3","diploid","female"
"1429","0","0","0","0",-0.936058640480042,3203.21020507812,"map_8343_1_1",5,70,300,20,5,2.6411149022876,0.1,19.8032090522913,0.584039894996752,0.306808281804003,44,0.2,1,163.348234208319,23.5965880405599,0.0255076017459926,0.11710871723999,0.0721422435473176,477,8343,1,"1","diploid","female"
"1430","0","0","0","0",-0.936058640480042,3203.21020507812,"map_8343_1_2",5,70,300,20,5,4.95263154801898,0.1,8.55792025122404,1.18669777998726,0.374917137768814,30,0.2,1,163.348234208319,23.5965880405599,0.0085864461694239,0.0128979240892184,0.215683326177763,477,8343,1,"2","diploid","female"
"1431","0","0","0","0",-0.936058640480042,3203.21020507812,"map_8343_1_3",5,70,300,20,5,2.60942986417792,0.1,9.30396932461942,0.493646873228382,2.05775118322217,5,0.2,1,163.348234208319,23.5965880405599,0.0049330567289361,0.00828446048920309,0.337802715149882,477,8343,1,"3","diploid","female"
"1432","0","0","0","0",-0.943296253681183,3109.828125,"map_8346_1_1",5,70,300,20,5,2.50900370440416,0.1,18.8825768713513,0.324240556822947,0.780531119842189,55,0.2,1,154.560810526344,23.5762398695497,0.0120756581449682,0.041970441913198,0.142860663527893,478,8346,1,"1","diploid","female"
"1433","0","0","0","0",-0.943296253681183,3109.828125,"map_8346_1_2",5,70,300,20,5,4.38118632938237,0.1,15.0519122964869,0.311289685221906,2.16157314730519,29,0.2,1,154.560810526344,23.5762398695497,0.00696980856718679,0.0136783901830091,0.272869525691293,478,8346,1,"2","diploid","female"
"1434","0","0","0","0",-0.943296253681183,3109.828125,"map_8346_1_3",5,70,300,20,5,3.20773278995631,0.1,10.0477608173376,0.212985752267918,2.19990491258488,16,0.2,1,154.560810526344,23.5762398695497,0.00216741503739595,0.0021581154522074,0.382341690513059,478,8346,1,"3","diploid","female"
"1435","0","0","0","0",-0.962443470954895,3087.16064453125,"map_8347_1_1",5,70,300,20,5,2.15931536626417,0.1,15.5393447105877,0.459963319245521,1.54058495474832,46,0.2,1,145.732805245738,24.2956153852731,0.0136961320833433,0.0543977980862538,0.140941807471689,479,8347,1,"1","diploid","female"
"1436","0","0","0","0",-0.962443470954895,3087.16064453125,"map_8347_1_2",5,70,300,20,5,4.48467894661631,0.1,14.7497899081342,0.716918121346062,0.660914565326107,47,0.2,1,145.732805245738,24.2956153852731,0.0148981839188981,0.0178932255142698,0.0995789352942319,479,8347,1,"2","diploid","female"
"1437","0","0","0","0",-0.962443470954895,3087.16064453125,"map_8347_1_3",5,70,300,20,5,2.88684616938649,0.1,7.45253851203044,0.6253529321499,2.70155986318168,22,0.2,1,145.732805245738,24.2956153852731,0.00388228460087018,0.00382419417470112,0.440363894594862,479,8347,1,"3","diploid","female"
"1438","0","0","0","0",-0.91678911447525,3073.67602539062,"map_8348_1_1",5,70,300,20,5,0,0.1,16.4336196433581,0.320210063722479,1.90237472783674,41,0.2,1,121.265832913674,24.2934909374875,0.0107575300005809,0.0460775947969735,0.149067500430753,480,8348,1,"1","diploid","female"
"1439","0","0","0","0",-0.91678911447525,3073.67602539062,"map_8348_1_2",5,70,300,20,5,12.5104794750759,0.1,8.43274736686572,0.454957145711963,4.36229502044337,34,0.2,1,121.265832913674,24.2934909374875,0.0043198231957431,0.00939475705627623,0.495480405003814,480,8348,1,"2","diploid","female"
"1440","0","0","0","0",-0.91678911447525,3073.67602539062,"map_8348_1_3",5,70,300,20,5,1.86518164908257,0.1,7.24859544848022,0.413492964144949,2.69997047052742,8,0.2,1,121.265832913674,24.2934909374875,0.00233819585403659,0.00250389389875188,0.449985198185242,480,8348,1,"3","diploid","female"
"1441","0","0","0","0",-0.918850004673004,3046.2763671875,"map_8349_1_1",5,70,300,20,5,2.20758751984449,0.1,23.5614186735808,0.240582946499987,1.36390120834668,47,0.2,1,126.065026780696,24.2508954767373,0.0141395457116862,0.064202956606898,0.111888942827054,481,8349,1,"1","diploid","female"
"1442","0","0","0","0",-0.918850004673004,3046.2763671875,"map_8349_1_2",5,70,300,20,5,4.39619813207086,0.1,30.6503277336783,0.213029005683411,2.34755365301557,16,0.2,1,126.065026780696,24.2508954767373,0.0192583878437864,0.0909774331765426,0.28688917737622,481,8349,1,"2","diploid","female"
"1443","0","0","0","0",-0.918850004673004,3046.2763671875,"map_8349_1_3",5,70,300,20,5,3.01459104485637,0.1,10.3769386343335,0.129475521917277,2.12861758903403,12,0.2,1,126.065026780696,24.2508954767373,0.00155988340280258,0.00314143336735138,0.441224664915699,481,8349,1,"3","diploid","female"
"1444","0","0","0","0",-0.936977922916412,3020.93774414062,"map_8350_1_1",5,70,300,20,5,0.969817535975173,0.1,20.1022051853931,0.310727897532352,1.50522241458839,42,0.2,1,119.955719203252,24.7216286763796,0.0146449395258385,0.0726689666833777,0.125842032133442,482,8350,1,"1","diploid","female"
"1445","0","0","0","0",-0.936977922916412,3020.93774414062,"map_8350_1_2",5,70,300,20,5,4.66712571851002,0.1,15.885905223498,0.380684626168531,2.62063778509917,32,0.2,1,119.955719203252,24.7216286763796,0.0100270389425736,0.00834755367450661,0.266479837797661,482,8350,1,"2","diploid","female"
"1446","0","0","0","0",-0.936977922916412,3020.93774414062,"map_8350_1_3",5,70,300,20,5,1.3169454902659,0.1,7.35441920923121,0.452019147352299,2.55550007172565,9,0.2,1,119.955719203252,24.7216286763796,0.002910630627297,0.00568298070141589,0.437330360893353,482,8350,1,"3","diploid","female"
"1447","0","0","0","0",-0.851980626583099,2999.92138671875,"map_8351_1_1",5,70,300,20,5,0,0.1,18.5481842228146,0.280817104715901,1.33196054322961,163,0.2,1,97.5239354621532,24.7178913855738,0.0126474488568021,0.065497901556338,0.175810564124839,483,8351,1,"1","diploid","female"
"1448","0","0","0","0",-0.851980626583099,2999.92138671875,"map_8351_1_2",5,70,300,20,5,9.95480429380751,0.1,9.58878025054025,0.31350941893683,3.94621127554826,120,0.2,1,97.5239354621532,24.7178913855738,0.00312767759688625,0.00524592203224087,0.487929152381854,483,8351,1,"2","diploid","female"
"1449","0","0","0","0",-0.851980626583099,2999.92138671875,"map_8351_1_3",5,70,300,20,5,2.80602836986706,0.1,8.78729608760944,0.293845944861402,2.15942407499003,147,0.2,1,97.5239354621532,24.7178913855738,0.0021967410065499,0.00161065408917347,0.400800427185023,483,8351,1,"3","diploid","female"
"1450","0","0","0","0",-0.920054376125336,2988.07470703125,"map_8352_1_1",5,70,300,20,5,1.84368092187602,0.1,23.9932172852409,0.173172873978317,1.59909927932929,66,0.2,1,92.6020358709798,24.7281872737711,0.0103427019598619,0.0655904820407505,0.137338528223925,484,8352,1,"1","diploid","female"
"1451","0","0","0","0",-0.920054376125336,2988.07470703125,"map_8352_1_2",5,70,300,20,5,3.82239318011322,0.1,18.1716443756508,0.0699555594565083,4.44000868526318,20,0.2,1,92.6020358709798,24.7281872737711,0.0026167033564815,0.0168416798668323,0.469839854549484,484,8352,1,"2","diploid","female"
"1452","0","0","0","0",-0.920054376125336,2988.07470703125,"map_8352_1_3",5,70,300,20,5,2.5859491053872,0.1,10.0713414370615,0.15997061323686,2.33133948291264,56,0.2,1,92.6020358709798,24.7281872737711,0.00169915595143002,0.00280371876320623,0.377698421042415,484,8352,1,"3","diploid","female"
"1453","0","0","0","0",-0.804414689540863,2982.8369140625,"map_8353_1_1",5,70,300,20,5,1.89027349700639,0.1,16.5701071747888,0.309372809279814,1.41616582998252,39,0.2,1,98.4703435375049,25.025028745835,0.0111769396594277,0.0510152767777243,0.141039865000385,485,8353,1,"1","diploid","female"
"1454","0","0","0","0",-0.804414689540863,2982.8369140625,"map_8353_1_2",5,70,300,20,5,4.18449334244454,0.1,8.5975250590584,0.432843843529837,4.1123646403664,22,0.2,1,98.4703435375049,25.025028745835,0.00449175130128056,0.0103363730216879,0.421607886114102,485,8353,1,"2","diploid","female"
"1455","0","0","0","0",-0.804414689540863,2982.8369140625,"map_8353_1_3",5,70,300,20,5,2.56625771385837,0.1,7.95993899613307,0.469459018952307,2.2347095225117,7,0.2,1,98.4703435375049,25.025028745835,0.00356979296131699,0.00643189754649966,0.371288528241623,485,8353,1,"3","diploid","female"
"1456","0","0","0","0",-0.276134669780731,2953.60473632812,"map_8354_1_1",5,70,300,20,5,0,0.1,19.1799636322751,0.368317546531206,1.14244018414148,53,0.2,1,90.3804792692495,25.0523545477477,0.0145482426164882,0.0540732109070723,0.135685246197121,486,8354,1,"1","diploid","female"
"1457","0","0","0","0",-0.276134669780731,2953.60473632812,"map_8354_1_2",5,70,300,20,5,13.4077588369347,0.1,18.778146232254,0.414630027873081,2.05102050391689,17,0.2,1,90.3804792692495,25.0523545477477,0.0131819182486452,0.0195111178106985,0.259849358558226,486,8354,1,"2","diploid","female"
"1458","0","0","0","0",-0.276134669780731,2953.60473632812,"map_8354_1_3",5,70,300,20,5,3.07146545142259,0.1,11.557724551909,0.360724530511573,1.98411040484068,21,0.2,1,90.3804792692495,25.0523545477477,0.00557149583165022,0.0158845338156117,0.344753108655396,486,8354,1,"3","diploid","female"
"1459","0","0","0","0",-0.856953322887421,2833.48193359375,"map_8362_1_1",5,70,300,20,5,0,0.1,14.6775303478617,0.0547633228436108,0.245008108364418,47,0.2,1,57.5969709084799,25.2920292925069,0.00144949912014915,0.00461809232018586,0.188639085534372,487,8362,1,"1","diploid","female"
"1460","0","0","0","0",-0.856953322887421,2833.48193359375,"map_8362_1_2",5,70,300,20,5,4.58275227631036,0.1,19.7378350116579,0.342551001441633,0.484676435386969,39,0.2,1,57.5969709084799,25.2920292925069,0.0117939017330884,0.0240361752380814,0.248991146133448,487,8362,1,"2","diploid","female"
"1461","0","0","0","0",-0.856953322887421,2833.48193359375,"map_8362_1_3",5,70,300,20,5,1.11752460842946,0.1,9.88192918968589,0.140340434062756,0.783431145950604,18,0.2,1,57.5969709084799,25.2920292925069,0.00135170071890717,0.000802815045539456,0.435598695365269,487,8362,1,"3","diploid","female"
"1462","0","0","0","0",-0.910201847553253,2817.07275390625,"map_8363_1_1",5,70,300,20,5,0,0.1,17.1952515703813,0.0609917701983536,0.1655986661376,51,0.2,1,56.0635577687232,25.3022825707893,0.00206629094748712,0.00800198557908223,0.202222933293988,488,8363,1,"1","diploid","female"
"1463","0","0","0","0",-0.910201847553253,2817.07275390625,"map_8363_1_2",5,70,300,20,5,4.46146577529629,0.1,24.195407473917,0.602202273252446,0.219301533610557,71,0.2,1,56.0635577687232,25.3022825707893,0.0345684423377297,0.149533892509145,0.114095559875909,488,8363,1,"2","diploid","female"
"1464","0","0","0","0",-0.910201847553253,2817.07275390625,"map_8363_1_3",5,70,300,20,5,0.558447457639391,0.1,9.90592116299144,0.219086706785443,0.762391921490199,19,0.2,1,56.0635577687232,25.3022825707893,0.00203131429494754,0.000565527851320392,0.274632135309406,488,8363,1,"3","diploid","female"
"1465","0","0","0","0",-0.740476489067078,2794.15380859375,"map_8365_1_1",5,70,300,20,5,0,0.1,50.9781564217243,6.74893353249045e-14,0,65,0.2,1,56.9947706573887,25.3119170282898,1.37771567891487e-14,6.74893353249045e-14,0.304002040181116,489,8365,1,"1","diploid","female"
"1466","0","0","0","0",-0.740476489067078,2794.15380859375,"map_8365_1_2",5,70,300,20,5,0,0.1,5.72457007757045,0.0128257117929653,0.251724694809756,18,0.2,1,56.9947706573887,25.3119170282898,4.04386422490788e-05,1.81684600169619e-05,0.491811742279747,489,8365,1,"2","diploid","female"
"1467","0","0","0","0",-0.740476489067078,2794.15380859375,"map_8365_1_3",5,70,300,20,5,1.0945568998348,0.1,8.94042934173871,0.215062570143195,0.373264084675991,56,0.2,1,56.9947706573887,25.3119170282898,0.00160652687906387,0.000506451751816059,0.521350312065205,489,8365,1,"3","diploid","female"
"1468","0","0","0","0",-0.0675779283046722,2783.38354492188,"map_8366_1_1",5,70,300,20,5,0,0.1,50.3880623617475,2.86535091696305e-14,0,5,0.2,1,18.1802185274463,25.3646061851865,5.71469904600821e-15,2.86535091696305e-14,0.303403532367582,490,8366,1,"1","diploid","female"
"1469","0","0","0","0",-0.0675779283046722,2783.38354492188,"map_8366_1_2",5,70,300,20,5,4.46741765647363,0.1,9.74007386546505,5.15723908199692e-07,1.51810954308409e-06,2,0.2,1,18.1802185274463,25.3646061851865,3.94976383277052e-09,5.28426544089854e-11,1.31780944899514,490,8366,1,"2","diploid","female"
"1470","0","0","0","0",-0.0675779283046722,2783.38354492188,"map_8366_1_3",5,70,300,20,5,0.469846254182175,0.1,7.85902053210061,0.639331210151883,0.442270150925939,3,0.2,1,18.1802185274463,25.3646061851865,0.0036291260502377,0.00134861131867506,0.353872444905451,490,8366,1,"3","diploid","female"
"1471","0","0","0","0",0.191571965813637,2765.19799804688,"map_8367_1_1",5,70,300,20,5,0,0.1,50.5108902234075,5.31442464285323e-14,0,6,0.2,1,19.3588035524733,25.3289115975466,1.06509686502161e-14,5.31442464285323e-14,0.30187188718235,491,8367,1,"1","diploid","female"
"1472","0","0","0","0",0.191571965813637,2765.19799804688,"map_8367_1_2",5,70,300,20,5,0,0.1,50.6863802442426,9.16147690506399e-18,0,2,0.2,1,19.3588035524733,25.3289115975466,1.84891190800856e-18,9.16147690506399e-18,0.331243383289132,491,8367,1,"2","diploid","female"
"1473","0","0","0","0",0.191571965813637,2765.19799804688,"map_8367_1_3",5,70,300,20,5,1.37357948436726,0.1,7.27299210775813,0.659344725250075,0.767111855362026,3,0.2,1,19.3588035524733,25.3289115975466,0.00351710332990883,0.00181145053693366,0.333846752000242,491,8367,1,"3","diploid","female"
"1474","0","0","0","0",0.443325608968735,2750.95434570312,"map_8368_1_1",5,70,300,20,5,0,0.1,50.4837433813662,9.92566456984203e-14,0,6,0.2,1,20.7071505481396,25.2668693842418,1.98712894422845e-14,9.92566456984203e-14,0.294578208705263,492,8368,1,"1","diploid","female"
"1475","0","0","0","0",0.443325608968735,2750.95434570312,"map_8368_1_2",5,70,300,20,5,0,0.1,50.6481613064936,1.35939715777562e-17,0,2,0.2,1,20.7071505481396,25.2668693842418,2.73931923106285e-18,1.35939715777562e-17,0.324329601336038,492,8368,1,"2","diploid","female"
"1476","0","0","0","0",0.443325608968735,2750.95434570312,"map_8368_1_3",5,70,300,20,5,0.846610290483127,0.1,6.89682597200257,0.687813879760305,0.744285364397075,4,0.2,1,20.7071505481396,25.2668693842418,0.00337845920659899,0.00303358460983067,0.386321975145806,492,8368,1,"3","diploid","female"
"1477","0","0","0","0",-0.590919077396393,2778.4794921875,"map_8386_1_1",5,70,300,20,5,0,0.1,51.1567165337426,1.79040546814329e-14,0,10,0.2,1,5.42110983440745,25.2029595676055,3.6806099820833e-15,1.79040546814329e-14,0.307094678635121,493,8386,1,"1","diploid","female"
"1478","0","0","0","0",-0.590919077396393,2778.4794921875,"map_8386_1_2",5,70,300,20,5,2.41663565596982,0.1,7.25304886126388,0.000776563230296693,0.0849308663324185,4,0.2,1,5.42110983440745,25.2029595676055,3.64290281854386e-06,7.75243405926876e-08,0.988934070848281,493,8386,1,"2","diploid","female"
"1479","0","0","0","0",-0.590919077396393,2778.4794921875,"map_8386_1_3",5,70,300,20,5,0.614448113643561,0.1,6.46065405631118,0.140788353716183,0.483648991248464,5,0.2,1,5.42110983440745,25.2029595676055,0.000522558893153545,2.41472497227048e-05,0.596712457588131,493,8386,1,"3","diploid","female"
"1480","0","0","0","0",-0.779094398021698,2808.6591796875,"map_8387_1_1",5,70,300,20,5,0,0.1,15.6963712359703,0.0773672238419552,0.249401635082845,6,0.2,1,9.35640723087463,25.2322588017613,0.00235361776988679,0.0105249866590371,0.284305602894094,494,8387,1,"1","diploid","female"
"1481","0","0","0","0",-0.779094398021698,2808.6591796875,"map_8387_1_2",5,70,300,20,5,2.45964796175599,0.1,8.89041507645504,0.973616412082536,0.221708479436165,11,0.2,1,9.35640723087463,25.2322588017613,0.00742352376159545,0.00842264088903087,0.459464744864091,494,8387,1,"2","diploid","female"
"1482","0","0","0","0",-0.779094398021698,2808.6591796875,"map_8387_1_3",5,70,300,20,5,1.26409244381353,0.1,7.14737939188094,0.556815481026398,0.506327362450647,3,0.2,1,9.35640723087463,25.2322588017613,0.00243597174511158,5.83593069554104e-05,0.417875956960498,494,8387,1,"3","diploid","female"
"1483","0","0","0","0",-0.594361007213593,2845.56103515625,"map_8388_1_1",5,70,300,20,5,0.621496726403612,0.1,12.9378028769671,0.36481214616321,0.695879408739666,70,0.2,1,10.3335870823195,25.2017584554645,0.00747536536451868,0.0262141911465079,0.165622609559303,495,8388,1,"1","diploid","female"
"1484","0","0","0","0",-0.594361007213593,2845.56103515625,"map_8388_1_2",5,70,300,20,5,3.35762237345801,0.1,7.91190068716971,0.517061432533346,0.976368316989957,42,0.2,1,10.3335870823195,25.2017584554645,0.00313863839043575,0.00197775660249395,0.334652505093363,495,8388,1,"2","diploid","female"
"1485","0","0","0","0",-0.594361007213593,2845.56103515625,"map_8388_1_3",5,70,300,20,5,0.508899529642752,0.1,6.9718194864992,0.437926799359367,0.534315107476589,29,0.2,1,10.3335870823195,25.2017584554645,0.00179187680539851,1.34307931990145e-05,0.445111733256695,495,8388,1,"3","diploid","female"
"1486","0","0","0","0",-0.80910450220108,2897.84252929688,"map_8389_1_1",5,70,300,20,5,0.997261682968995,0.1,10.5473109937271,0.56405936704607,0.824705244506949,26,0.2,1,10.3392512614273,25.2032567937773,0.00838006693867,0.0318799179250221,0.447248379713662,496,8389,1,"1","diploid","female"
"1487","0","0","0","0",-0.80910450220108,2897.84252929688,"map_8389_1_2",5,70,300,20,5,3.06024892641353,0.1,7.42397925949706,1.02305836684088,0.864919402238864,18,0.2,1,10.3392512614273,25.2032567937773,0.00583931791350433,0.00815773024571678,0.690470503728689,496,8389,1,"2","diploid","female"
"1488","0","0","0","0",-0.80910450220108,2897.84252929688,"map_8389_1_3",5,70,300,20,5,1.12425469016066,0.1,6.51895793391704,0.485911199910648,1.27096334457329,4,0.2,1,10.3392512614273,25.2032567937773,0.00175037371712896,5.53652581811186e-05,0.850662720224875,496,8389,1,"3","diploid","female"
"1489","0","0","0","0",0.128265500068665,2867.83984375,"map_8403_1_1",5,70,300,20,5,0,0.1,12.5205761572148,0.040832760815725,0.443458855104415,9,0.2,1,9.73705169742933,25.4991069388152,0.00065329542638119,0.00132120197987587,0.387716741499475,497,8403,1,"1","diploid","female"
"1490","0","0","0","0",0.128265500068665,2867.83984375,"map_8403_1_2",5,70,300,20,5,5.87973424292333,0.1,9.00363278413214,0.614878963629829,0.526186933796569,7,0.2,1,9.73705169742933,25.4991069388152,0.00435579849477353,0.000217853203713154,0.407489295787914,497,8403,1,"2","diploid","female"
"1491","0","0","0","0",0.128265500068665,2867.83984375,"map_8403_1_3",5,70,300,20,5,1.20199662133076,0.1,7.68605872883569,0.519852945275043,1.33542002159631,10,0.2,1,9.73705169742933,25.4991069388152,0.00296982246249204,0.00137449321097004,0.479548665132738,497,8403,1,"3","diploid","female"
"1492","0","0","0","0",-0.782135963439941,3180.759765625,"map_8446_1_1",5,70,300,20,5,1.5470979921699,0.1,24.9262644745841,0.379496167040555,1.2156165043742,94,0.2,1,164.15777600564,23.5576105098788,0.0238417770505908,0.121667227606615,0.0729482998067634,498,8446,1,"1","diploid","female"
"1493","0","0","0","0",-0.782135963439941,3180.759765625,"map_8446_1_2",5,70,300,20,5,6.40450755038617,0.1,19.3602603671467,0.409461279293534,1.87537757672173,39,0.2,1,164.15777600564,23.5576105098788,0.0151025472508659,0.0686257417804376,0.175635677857424,498,8446,1,"2","diploid","female"
"1494","0","0","0","0",-0.782135963439941,3180.759765625,"map_8446_1_3",5,70,300,20,5,1.52043265875019,0.1,12.5331563063865,0.300560586064475,2.30045774602134,136,0.2,1,164.15777600564,23.5576105098788,0.00519318314256387,0.0120714475987061,0.172374177634812,498,8446,1,"3","diploid","female"
"1495","0","0","0","0",-0.858209311962128,3134.2470703125,"map_8447_1_1",5,70,300,20,5,2.77420170369817,0.1,14.4903787846403,0.467655844918813,1.72849454009866,47,0.2,1,165.789277466429,23.6062030414146,0.0127628937679163,0.055284953169965,0.178786749177139,499,8447,1,"1","diploid","female"
"1496","0","0","0","0",-0.858209311962128,3134.2470703125,"map_8447_1_2",5,70,300,20,5,4.93969451483497,0.1,10.8179904747495,0.811445113987456,1.03375782521999,50,0.2,1,165.789277466429,23.6062030414146,0.0104554512425542,0.0221043695456343,0.384823096800327,499,8447,1,"2","diploid","female"
"1497","0","0","0","0",-0.858209311962128,3134.2470703125,"map_8447_1_3",5,70,300,20,5,3.2803482737069,0.1,6.73176070179538,0.683836301790408,2.99701277934933,24,0.2,1,165.789277466429,23.6062030414146,0.00348596742323294,0.00355634950302979,0.535700043233858,499,8447,1,"3","diploid","female"
"1498","0","0","0","0",-0.934596598148346,3115.94775390625,"map_8448_1_1",5,70,300,20,5,2.52897286002565,0.1,18.8274023248532,0.360068844305524,0.757567461765317,85,0.2,1,146.954906495307,23.5986321570733,0.0123316367836028,0.0370764415693463,0.103658653903951,500,8448,1,"1","diploid","female"
"1499","0","0","0","0",-0.934596598148346,3115.94775390625,"map_8448_1_2",5,70,300,20,5,4.43724005670966,0.1,11.8727750643428,0.577981336895675,0.933008059398483,84,0.2,1,146.954906495307,23.5986321570733,0.00783325527085825,0.00845054122160377,0.264182595798857,500,8448,1,"2","diploid","female"
"1500","0","0","0","0",-0.934596598148346,3115.94775390625,"map_8448_1_3",5,70,300,20,5,3.191972041173,0.1,10.6230469736073,0.187413672865333,2.24877606671988,59,0.2,1,146.954906495307,23.5986321570733,0.00211728941354101,0.00214716751189691,0.496195411288715,500,8448,1,"3","diploid","female"
"1501","0","0","0","0",-0.778794229030609,3080.78369140625,"map_8449_1_1",5,70,300,20,5,2.77593917949735,0.1,21.2228938572285,0.16422096411079,2.02084381879235,75,0.2,1,152.569796888535,23.5811941696032,0.00906752361614218,0.0450591342447149,0.149277070530784,501,8449,1,"1","diploid","female"
"1502","0","0","0","0",-0.778794229030609,3080.78369140625,"map_8449_1_2",5,70,300,20,5,4.69039517855359,0.1,26.3374515774221,0.194698815608921,5.77362590460404,38,0.2,1,152.569796888535,23.5811941696032,0.0160875660356386,0.0914723146432181,0.245552867960619,501,8449,1,"2","diploid","female"
"1503","0","0","0","0",-0.778794229030609,3080.78369140625,"map_8449_1_3",5,70,300,20,5,3.52656398601821,0.1,9.37112721517671,0.19362775131849,3.41272601164905,116,0.2,1,152.569796888535,23.5811941696032,0.00205957549500694,0.00440364825167405,0.413336231523654,501,8449,1,"3","diploid","female"
"1504","0","0","0","0",-0.896135032176971,3052.67333984375,"map_8450_1_1",5,70,300,20,5,2.52309830465102,0.1,21.6062610189337,0.232809697945503,1.82331416988005,62,0.2,1,148.685966928932,23.5820030028638,0.0128773575633554,0.0757656162732366,0.210246360745423,502,8450,1,"1","diploid","female"
"1505","0","0","0","0",-0.896135032176971,3052.67333984375,"map_8450_1_2",5,70,300,20,5,4.17073162226054,0.1,30.5702519516508,0.309255369766482,3.55625413423701,61,0.2,1,148.685966928932,23.5820030028638,0.0319786457011208,0.167991607035038,0.167094014573647,502,8450,1,"2","diploid","female"
"1506","0","0","0","0",-0.896135032176971,3052.67333984375,"map_8450_1_3",5,70,300,20,5,3.37735067279434,0.1,12.2384844540442,0.190549481978637,2.71188823832747,52,0.2,1,148.685966928932,23.5820030028638,0.00325977136876626,0.0113313313406135,0.33459690991155,502,8450,1,"3","diploid","female"
"1507","0","0","0","0",-0.945234656333923,2947.33642578125,"map_8455_1_1",5,70,300,20,5,0,0.1,25.3028758722508,0.214374408280166,1.05897901779832,36,0.2,1,91.2046174290172,24.7031564778004,0.0146702031580394,0.0804510252556718,0.138666699097339,503,8455,1,"1","diploid","female"
"1508","0","0","0","0",-0.945234656333923,2947.33642578125,"map_8455_1_2",5,70,300,20,5,8.36733621635055,0.1,32.5805321100772,0.231845152854881,2.31500275955527,19,0.2,1,91.2046174290172,24.7031564778004,0.0228064477308278,0.136614816702415,0.19397020028373,503,8455,1,"2","diploid","female"
"1509","0","0","0","0",-0.945234656333923,2947.33642578125,"map_8455_1_3",5,70,300,20,5,2.39806374982921,0.1,9.28710333604116,0.143578224741645,1.82763237345712,14,0.2,1,91.2046174290172,24.7031564778004,0.00128519127357217,0.00162684871449797,0.518963973684307,503,8455,1,"3","diploid","female"
"1510","0","0","0","0",-0.939960360527039,2937.00927734375,"map_8456_1_1",5,70,300,20,5,0,0.1,25.9702133776965,0.171386997623085,1.16029005725749,83,0.2,1,98.294590571394,24.6717315528084,0.0124921369125637,0.0595226289326578,0.118642414774647,504,8456,1,"1","diploid","female"
"1511","0","0","0","0",-0.939960360527039,2937.00927734375,"map_8456_1_2",5,70,300,20,5,8.19102547275859,0.1,15.8906054611088,0.132167847340591,4.22941448722567,65,0.2,1,98.294590571394,24.6717315528084,0.00424406421775657,0.0163794751816342,0.311933386056459,504,8456,1,"2","diploid","female"
"1512","0","0","0","0",-0.939960360527039,2937.00927734375,"map_8456_1_3",5,70,300,20,5,2.32800915807634,0.1,9.52822552093928,0.153175381114952,2.04374428339165,75,0.2,1,98.294590571394,24.6717315528084,0.00156918381285211,0.00266500439583766,0.375378694730776,504,8456,1,"3","diploid","female"
"1513","0","0","0","0",-0.957299590110779,2925.97509765625,"map_8457_1_1",5,70,300,20,5,1.60283129354753,0.1,22.8664293552045,0.345186411461125,0.791938390275515,9,0.2,1,94.9299591229207,25.0351857701805,0.0179260024463175,0.0596955547819835,0.0797182144701876,505,8457,1,"1","diploid","female"
"1514","0","0","0","0",-0.957299590110779,2925.97509765625,"map_8457_1_2",5,70,300,20,5,3.32760029540766,0.1,16.7399851708299,0.279957809580128,2.23427392792277,3,0.2,1,94.9299591229207,25.0351857701805,0.00897628192554753,0.0197895800633689,0.205564277742321,505,8457,1,"2","diploid","female"
"1515","0","0","0","0",-0.957299590110779,2925.97509765625,"map_8457_1_3",5,70,300,20,5,2.05956614194061,0.1,8.98386765015498,0.310115997979255,1.56966235229364,2,0.2,1,94.9299591229207,25.0351857701805,0.00270667494732906,0.00286865501344615,0.356025274346018,505,8457,1,"3","diploid","female"
"1516","0","0","0","0",-0.716870427131653,2803.21459960938,"map_8492_1_1",5,70,300,20,5,0,0.1,50.647264962403,1.58596603509541e-14,0,5,0.2,1,9.66417912740347,25.699576123978,3.19570672029567e-15,1.58596603509541e-14,0.309543811224756,506,8492,1,"1","diploid","female"
"1517","0","0","0","0",-0.716870427131653,2803.21459960938,"map_8492_1_2",5,70,300,20,5,2.59302682430744,0.1,10.963591082088,0.488163688874671,0.659231189422742,3,0.2,1,9.66417912740347,25.699576123978,0.00531012313697324,0.00040199488372656,0.304741277309376,506,8492,1,"2","diploid","female"
"1518","0","0","0","0",-0.716870427131653,2803.21459960938,"map_8492_1_3",5,70,300,20,5,1.12827685909384,0.1,8.42760859326716,0.557480429502742,0.365409519918948,2,0.2,1,9.66417912740347,25.699576123978,0.00346032910318594,0.000365443844660341,0.654505125161603,506,8492,1,"3","diploid","female"
"1519","0","0","0","0",-0.361343741416931,3019.16796875,"map_8505_1_1",5,70,300,20,5,0,0.1,11.6689107750923,0.363161501034436,0.919446155988448,21,0.2,1,82.9896525005962,25.1106838084799,0.00510153327588878,0.00922774259089306,0.319068226810389,507,8505,1,"1","diploid","female"
"1520","0","0","0","0",-0.361343741416931,3019.16796875,"map_8505_1_2",5,70,300,20,5,6.6024958791557,0.1,7.16542479481333,1.22016627390254,1.25718436647944,26,0.2,1,82.9896525005962,25.1106838084799,0.00531504298133321,0.00038370394828917,0.617254282931924,507,8505,1,"2","diploid","female"
"1521","0","0","0","0",-0.361343741416931,3019.16796875,"map_8505_1_3",5,70,300,20,5,3.04302723542958,0.1,8.33240226437332,0.445553646248356,2.56361553095318,8,0.2,1,82.9896525005962,25.1106838084799,0.00307770794218779,0.0010494444834229,0.359727214619004,507,8505,1,"3","diploid","female"
"1522","0","0","0","0",-0.28636759519577,2937.46508789062,"map_8506_1_1",5,70,300,20,5,2.36465410215683,0.1,13.2395261318727,0.430609700570694,0.455613284274266,51,0.2,1,10.6275260983115,25.0768335291714,0.00737449922131909,0.0184580125584515,0.160100070283708,508,8506,1,"1","diploid","female"
"1523","0","0","0","0",-0.28636759519577,2937.46508789062,"map_8506_1_2",5,70,300,20,5,4.86552415078344,0.1,6.20856962781715,0.290008396831394,2.83633335644797,12,0.2,1,10.6275260983115,25.0768335291714,0.000912780184157649,6.9436267544736e-05,1.56516504832565,508,8506,1,"2","diploid","female"
"1524","0","0","0","0",-0.28636759519577,2937.46508789062,"map_8506_1_3",5,70,300,20,5,2.96024749478092,0.1,8.7316452190525,0.0989453737691056,2.02659545479129,29,0.2,1,10.6275260983115,25.0768335291714,0.000717064367995891,0.000150669947572937,0.398053464627844,508,8506,1,"3","diploid","female"
"1525","0","0","0","0",-0.106100879609585,2863.76123046875,"map_8507_1_1",5,70,300,20,5,0,0.1,11.4072790061621,0.10311606271763,0.847021142548493,16,0.2,1,9.72022253461801,25.684992296804,0.0014469906155237,0.0028702714690623,0.339855414819607,509,8507,1,"1","diploid","female"
"1526","0","0","0","0",-0.106100879609585,2863.76123046875,"map_8507_1_2",5,70,300,20,5,4.65601776699175,0.1,7.09290841970481,0.462696493884401,2.55433080292703,11,0.2,1,9.72022253461801,25.684992296804,0.00203917567633193,0.000314823264029758,0.649405489017212,509,8507,1,"2","diploid","female"
"1527","0","0","0","0",-0.106100879609585,2863.76123046875,"map_8507_1_3",5,70,300,20,5,2.07417986618245,0.1,9.65149225436102,0.257072692238102,1.11467408461886,15,0.2,1,9.72022253461801,25.684992296804,0.00228393281698241,0.00171666218528799,0.408203440677871,509,8507,1,"3","diploid","female"
"1528","0","0","0","0",-0.893353700637817,3118.966796875,"map_8550_1_1",5,70,300,20,5,2.69753998598203,0.1,16.8210861335245,0.456001937514321,1.31777232116229,26,0.2,1,169.668586604223,23.5776955909771,0.0166346784695823,0.0812140333863675,0.227147494630009,510,8550,1,"1","diploid","female"
"1529","0","0","0","0",-0.893353700637817,3118.966796875,"map_8550_1_2",5,70,300,20,5,4.75141824872635,0.1,20.2562560616134,0.758760099180324,1.16690973242414,15,0.2,1,169.668586604223,23.5776955909771,0.0342742647858078,0.21216060939588,0.215117251779325,510,8550,1,"2","diploid","female"
"1530","0","0","0","0",-0.893353700637817,3118.966796875,"map_8550_1_3",5,70,300,20,5,3.32081758119413,0.1,10.6265059651165,0.450053881339516,2.3808514863872,5,0.2,1,169.668586604223,23.5776955909771,0.00591559780673306,0.0157546436539412,0.300750671553103,510,8550,1,"3","diploid","female"
"1531","0","0","0","0",-0.639180123806,3080.5234375,"map_8551_1_1",5,70,300,20,5,3.16432018837774,0.1,17.3397194576393,0.457351104588701,2.38739927825829,46,0.2,1,167.35231851977,23.5688285510801,0.0193573382272403,0.102559626895051,0.211656885012875,511,8551,1,"1","diploid","female"
"1532","0","0","0","0",-0.639180123806,3080.5234375,"map_8551_1_2",5,70,300,20,5,5.32995696198921,0.1,24.2816672169982,0.711268505580177,0.846059498988137,48,0.2,1,167.35231851977,23.5688285510801,0.0405026592443386,0.18408447773131,0.0842556757903813,511,8551,1,"2","diploid","female"
"1533","0","0","0","0",-0.639180123806,3080.5234375,"map_8551_1_3",5,70,300,20,5,3.83862036427262,0.1,9.43756657515579,0.532585592507636,3.73793221506363,26,0.2,1,167.35231851977,23.5688285510801,0.00729619985152682,0.0253338829835046,0.397880384329816,511,8551,1,"3","diploid","female"
"1534","0","0","0","0",-0.959798395633698,3055.16943359375,"map_8552_1_1",5,70,300,20,5,0,0.1,19.175903846007,0.213451166182577,1.65076525874459,155,0.2,1,153.947935421205,23.5728534024683,0.00860782454518818,0.0388536572438178,0.1674904027268,512,8552,1,"1","diploid","female"
"1535","0","0","0","0",-0.959798395633698,3055.16943359375,"map_8552_1_2",5,70,300,20,5,13.518255949699,0.1,16.3718325565336,0.231193588841349,5.61627803248406,124,0.2,1,153.947935421205,23.5728534024683,0.00665533470808873,0.0231522509877761,0.311294840536307,512,8552,1,"2","diploid","female"
"1536","0","0","0","0",-0.959798395633698,3055.16943359375,"map_8552_1_3",5,70,300,20,5,2.39749350704324,0.1,10.0269044387072,0.220114200113038,3.30834552254659,150,0.2,1,153.947935421205,23.5728534024683,0.00230654862129816,0.00305906484822696,0.399467056327225,512,8552,1,"3","diploid","female"
"1537","0","0","0","0",-0.800445854663849,3031.01928710938,"map_8553_1_1",5,70,300,20,5,2.6564809993926,0.1,18.5759659529376,0.189043522200202,2.61364870189898,54,0.2,1,157.175482936872,23.5588956731498,0.00829881527135007,0.0434208339442467,0.182828049871844,513,8553,1,"1","diploid","female"
"1538","0","0","0","0",-0.800445854663849,3031.01928710938,"map_8553_1_2",5,70,300,20,5,4.27722935792069,0.1,29.3837585496138,0.199338338986733,3.96460448672072,54,0.2,1,157.175482936872,23.5588956731498,0.017352658570812,0.0944864286787937,0.255483153144676,513,8553,1,"2","diploid","female"
"1539","0","0","0","0",-0.800445854663849,3031.01928710938,"map_8553_1_3",5,70,300,20,5,3.47750677780319,0.1,8.77080873432468,0.174701844966356,3.15938612816451,54,0.2,1,157.175482936872,23.5588956731498,0.00150190665469696,0.00239079797551403,0.488582136748582,513,8553,1,"3","diploid","female"
"1540","0","0","0","0",-0.872183620929718,2864.54443359375,"map_8599_1_1",5,70,300,20,5,1.41852697731679,0.1,19.5987616225981,0.323159801562143,0.695764730079062,120,0.2,1,19.0723271583798,25.2337388126293,0.0129534542205143,0.0614603928166843,0.150483436565752,514,8599,1,"1","diploid","female"
"1541","0","0","0","0",-0.872183620929718,2864.54443359375,"map_8599_1_2",5,70,300,20,5,2.76800513844689,0.1,13.9281538063807,0.43825697094582,0.478628235080357,54,0.2,1,19.0723271583798,25.2337388126293,0.00777443035817927,0.0130939342336075,0.294256459361636,514,8599,1,"2","diploid","female"
"1542","0","0","0","0",-0.872183620929718,2864.54443359375,"map_8599_1_3",5,70,300,20,5,1.64912889654691,0.1,7.38504398203511,0.249226519090964,1.0276722820877,94,0.2,1,19.0723271583798,25.2337388126293,0.00131619563626265,0.00011849423873985,0.607149272255452,514,8599,1,"3","diploid","female"
"1543","0","0","0","0",-0.572523355484009,2888.1064453125,"map_8600_1_1",5,70,300,20,5,1.80137019891463,0.1,17.5899866993342,0.350270708501475,0.779700688373412,78,0.2,1,20.290888222349,25.2238010484647,0.0115699124803656,0.049214771294796,0.16641803819309,515,8600,1,"1","diploid","female"
"1544","0","0","0","0",-0.572523355484009,2888.1064453125,"map_8600_1_2",5,70,300,20,5,3.58979208612226,0.1,11.7920073598042,0.0403608379408884,3.00496630951465,11,0.2,1,20.290888222349,25.2238010484647,0.000762515092873897,0.00375392589095943,0.48888491320209,515,8600,1,"2","diploid","female"
"1545","0","0","0","0",-0.572523355484009,2888.1064453125,"map_8600_1_3",5,70,300,20,5,2.08946249955978,0.1,11.4881474801237,0.217937406700654,1.09891682653191,39,0.2,1,20.290888222349,25.2238010484647,0.00252777381688098,0.00117501582318369,0.474792700789112,515,8600,1,"3","diploid","female"
"1546","0","0","0","0",-0.426106065511703,3031.54638671875,"map_8608_1_1",5,70,300,20,5,1.05245379863192,0.1,15.9838677473934,0.218546265725727,1.17687711498872,5,0.2,1,84.1151902968701,25.1113001966001,0.00695708366658143,0.0276401781597383,0.104574046309231,516,8608,1,"1","diploid","female"
"1547","0","0","0","0",-0.426106065511703,3031.54638671875,"map_8608_1_2",5,70,300,20,5,7.29675277254652,0.1,7.81487449732963,0.391156154794167,5.68618247516411,2,0.2,1,84.1151902968701,25.1113001966001,0.00229764098785269,0.000248793105395625,0.317699593843903,516,8608,1,"2","diploid","female"
"1548","0","0","0","0",-0.426106065511703,3031.54638671875,"map_8608_1_3",5,70,300,20,5,1.11449389620518,0.1,8.39851005301974,0.449621213466847,2.70991208756951,2,0.2,1,84.1151902968701,25.1113001966001,0.0032570098059185,0.00187838303268363,0.236908578352427,516,8608,1,"3","diploid","female"
"1549","0","0","0","0",0.187963843345642,2990.16015625,"map_8609_1_1",5,70,300,20,5,0,0.1,12.8230478496307,0.231017652766587,1.05804743253731,109,0.2,1,84.819618174404,25.0763596922324,0.00453971089452272,0.016735234429255,0.455964916929647,517,8609,1,"1","diploid","female"
"1550","0","0","0","0",0.187963843345642,2990.16015625,"map_8609_1_2",5,70,300,20,5,10.0111388180835,0.1,9.27455923362642,0.335231711617494,5.08249559365525,42,0.2,1,84.819618174404,25.0763596922324,0.00250347993151991,0.00134912257236678,0.493865135322976,517,8609,1,"2","diploid","female"
"1551","0","0","0","0",0.187963843345642,2990.16015625,"map_8609_1_3",5,70,300,20,5,2.23817753702089,0.1,11.2000929171712,0.289644569239126,3.04394169031341,131,0.2,1,84.819618174404,25.0763596922324,0.00405681237996527,0.0109868097120451,0.294110748495527,517,8609,1,"3","diploid","female"
"1552","0","0","0","0",-0.0975015833973885,2918.12890625,"map_8610_1_1",5,70,300,20,5,2.630809230071,0.1,12.8318563075793,0.198511196529937,1.91019715578942,60,0.2,1,10.102064504217,25.1196470930199,0.00366880874509485,0.00893581595425011,0.211049807045463,518,8610,1,"1","diploid","female"
"1553","0","0","0","0",-0.0975015833973885,2918.12890625,"map_8610_1_2",5,70,300,20,5,5.23458971933057,0.1,8.05622889786139,0.4827356525076,1.58696553923396,42,0.2,1,10.102064504217,25.1196470930199,0.0025981584382544,0.000107038786406753,0.735359535980728,518,8610,1,"2","diploid","female"
"1554","0","0","0","0",-0.0975015833973885,2918.12890625,"map_8610_1_3",5,70,300,20,5,2.99277163670897,0.1,10.1301239005229,0.169501847186385,2.02473301259067,112,0.2,1,10.102064504217,25.1196470930199,0.00159462245650714,0.000214759261205473,0.284297432800004,518,8610,1,"3","diploid","female"
"1555","0","0","0","0",-0.512972116470337,2814.5546875,"map_8611_1_1",5,70,300,20,5,0,0.1,50.7986060913563,2.63373051997058e-14,0,76,0.2,1,10.3936063812619,25.6760412383053,5.33867016656538e-15,2.63373051997058e-14,0.303627910278494,519,8611,1,"1","diploid","female"
"1556","0","0","0","0",-0.512972116470337,2814.5546875,"map_8611_1_2",5,70,300,20,5,3.07332161947616,0.1,6.66566901521535,0.135152820391654,2.00093575231119,18,0.2,1,10.3936063812619,25.6760412383053,0.000712418394640293,0.000930966272600533,0.748159458691498,519,8611,1,"2","diploid","female"
"1557","0","0","0","0",-0.512972116470337,2814.5546875,"map_8611_1_3",5,70,300,20,5,1.31995367202264,0.1,7.86327358987252,0.345484618220557,0.7858546849313,113,0.2,1,10.3936063812619,25.6760412383053,0.00206656959630533,0.00039465551765197,0.455788752581959,519,8611,1,"3","diploid","female"
"1558","0","0","0","0",-0.909402012825012,3065.662109375,"map_8654_1_1",5,70,300,20,5,1.18792356946222,0.1,13.5137491052748,0.262335005027846,1.82508754343008,153,0.2,1,94.6498550972669,23.6139017880293,0.00618458064504798,0.0305788148810434,0.225662570366635,520,8654,1,"1","diploid","female"
"1559","0","0","0","0",-0.909402012825012,3065.662109375,"map_8654_1_2",5,70,300,20,5,4.40696408157691,0.1,8.78186705776834,0.387626216338248,3.65409297847866,136,0.2,1,94.6498550972669,23.6139017880293,0.00350776018064271,0.00860394347880868,0.493912780797018,520,8654,1,"2","diploid","female"
"1560","0","0","0","0",-0.909402012825012,3065.662109375,"map_8654_1_3",5,70,300,20,5,1.60447167680944,0.1,7.74330306563662,0.212301097862171,2.68099561575946,131,0.2,1,94.6498550972669,23.6139017880293,0.00115650838638465,0.000368034790685546,0.552855834427513,520,8654,1,"3","diploid","female"
"1561","0","0","0","0",-0.652068197727203,3037.20532226562,"map_8655_1_1",5,70,300,20,5,2.87022964178668,0.1,10.0677102929795,0.472825050909189,1.95727486064183,9,0.2,1,96.6696251777319,23.5645308977214,0.00588346664571331,0.0157077271395935,0.419226802028783,521,8655,1,"1","diploid","female"
"1562","0","0","0","0",-0.652068197727203,3037.20532226562,"map_8655_1_2",5,70,300,20,5,4.54286396662319,0.1,6.21491799090454,1.3376928841624,2.60925398888693,33,0.2,1,96.6696251777319,23.5645308977214,0.00537522774872784,0.00546990333587809,1.13521091022902,521,8655,1,"2","diploid","female"
"1563","0","0","0","0",-0.652068197727203,3037.20532226562,"map_8655_1_3",5,70,300,20,5,3.81204323117609,0.1,7.38880921373439,0.407206057405396,2.80628014684453,3,0.2,1,96.6696251777319,23.5645308977214,0.00201799919442781,0.000898989953480271,0.591539730390917,521,8655,1,"3","diploid","female"
"1564","0","0","0","0",-0.68755966424942,2987.08618164062,"map_8657_1_1",5,70,300,20,5,2.60785224375994,0.1,17.6462265048479,0.228486933042178,1.68729028082285,10,0.2,1,76.9090479267792,23.5833977892549,0.008098486288111,0.0360296517980939,0.167992519218208,522,8657,1,"1","diploid","female"
"1565","0","0","0","0",-0.68755966424942,2987.08618164062,"map_8657_1_2",5,70,300,20,5,3.85222583363595,0.1,15.9861020644238,0.308101095011916,1.34527504058565,7,0.2,1,76.9090479267792,23.5833977892549,0.00751963113765198,0.0179096308610346,0.250819066850044,522,8657,1,"2","diploid","female"
"1566","0","0","0","0",-0.68755966424942,2987.08618164062,"map_8657_1_3",5,70,300,20,5,3.5909377827485,0.1,8.48063920746603,0.143523932683665,2.62745347713244,5,0.2,1,76.9090479267792,23.5833977892549,0.000980175720777566,0.000591839138108316,0.5171060481813,522,8657,1,"3","diploid","female"
"1567","0","0","0","0",-0.364114493131638,2805.49194335938,"map_8702_1_1",5,70,300,20,5,0,0.1,11.3244934410238,0.0200561538666279,0.00338315500374301,19,0.2,1,8.00865934603535,25.2374846584113,0.000240854008245195,0.000334067066276525,0.732521794037575,523,8702,1,"1","diploid","female"
"1568","0","0","0","0",-0.364114493131638,2805.49194335938,"map_8702_1_2",5,70,300,20,5,3.37783077672546,0.1,5.66398044897478,0.0206572064314733,0.627418238522799,7,0.2,1,8.00865934603535,25.2374846584113,5.7573309016269e-05,5.77234449571766e-07,1.40702859851497,523,8702,1,"2","diploid","female"
"1569","0","0","0","0",-0.364114493131638,2805.49194335938,"map_8702_1_3",5,70,300,20,5,0.49377407992885,0.1,7.30383857429464,0.589046364195346,0.494989056581032,19,0.2,1,8.00865934603535,25.2374846584113,0.00270424297308601,0.000199737154247835,0.465715779349211,523,8702,1,"3","diploid","female"
"1570","0","0","0","0",-0.502004206180573,2833.7333984375,"map_8703_1_1",5,70,300,20,5,0,0.1,16.4884888024676,0.0524025819636563,0.28020702485365,66,0.2,1,19.0872500901206,25.2229519821877,0.00166458050672033,0.00614766673126675,0.219317395083038,524,8703,1,"1","diploid","female"
"1571","0","0","0","0",-0.502004206180573,2833.7333984375,"map_8703_1_2",5,70,300,20,5,3.46079121062521,0.1,8.22724745349398,0.95423659185227,0.418211416413427,105,0.2,1,19.0872500901206,25.2229519821877,0.00593064084567078,0.00327951790365429,0.491039473674718,524,8703,1,"2","diploid","female"
"1572","0","0","0","0",-0.502004206180573,2833.7333984375,"map_8703_1_3",5,70,300,20,5,0.81091111766947,0.1,6.29251608465332,0.845185950273418,0.893121949970769,130,0.2,1,19.0872500901206,25.2229519821877,0.00300148797022974,0.000337257629632837,0.711681181624793,524,8703,1,"3","diploid","female"
"1573","0","0","0","0",-0.641732335090637,2862.73193359375,"map_8704_1_1",5,70,300,20,5,0,0.1,21.2816881349147,0.219064949445823,0.799714410653874,94,0.2,1,19.8250639315855,25.2233905281075,0.0105638211141205,0.0445949371692854,0.144976666286516,525,8704,1,"1","diploid","female"
"1574","0","0","0","0",-0.641732335090637,2862.73193359375,"map_8704_1_2",5,70,300,20,5,3.1925380879665,0.1,9.95498319720785,0.206629898598063,1.39150755959705,29,0.2,1,19.8250639315855,25.2233905281075,0.00191917831961317,0.00192779365943264,0.640685835109798,525,8704,1,"2","diploid","female"
"1575","0","0","0","0",-0.641732335090637,2862.73193359375,"map_8704_1_3",5,70,300,20,5,1.79651604255634,0.1,8.22482387363961,0.127239917760374,1.18129401571891,96,0.2,1,19.8250639315855,25.2233905281075,0.000791034789778349,0.000140691374836193,0.451856883935843,525,8704,1,"3","diploid","female"
"1576","0","0","0","0",-0.441365391016006,3012.01733398438,"map_8712_1_1",5,70,300,20,5,0,0.1,11.0759344571988,0.236185133191969,1.36293499970436,61,0.2,1,83.367409538193,25.1194448544998,0.00388278138968305,0.0134558825479748,0.463087106826071,526,8712,1,"1","diploid","female"
"1577","0","0","0","0",-0.441365391016006,3012.01733398438,"map_8712_1_2",5,70,300,20,5,6.18866702660594,0.1,7.37356605646255,0.263541078001834,3.81523882800584,22,0.2,1,83.367409538193,25.1194448544998,0.00127924013899765,0.000532570504642843,0.880394857250662,526,8712,1,"2","diploid","female"
"1578","0","0","0","0",-0.441365391016006,3012.01733398438,"map_8712_1_3",5,70,300,20,5,2.92008637492385,0.1,7.98296456276151,0.282199499705447,1.98815466579897,56,0.2,1,83.367409538193,25.1194448544998,0.00173377308770949,0.00115169054980414,0.53304767970522,526,8712,1,"3","diploid","female"
"1579","0","0","0","0",-0.636036813259125,2957.73852539062,"map_8713_1_1",5,70,300,20,5,1.56337491077236,0.1,13.8711931913015,0.393093358042707,0.534831464510121,150,0.2,1,85.4752468730128,25.1060000101725,0.00872881443708317,0.0274142327694505,0.386392628980224,527,8713,1,"1","diploid","female"
"1580","0","0","0","0",-0.636036813259125,2957.73852539062,"map_8713_1_2",5,70,300,20,5,5.49729074778323,0.1,10.233757562046,0.13533771754632,3.68080490293475,40,0.2,1,85.4752468730128,25.1060000101725,0.00168588686199657,0.00358419369120196,2.10339100694347,527,8713,1,"2","diploid","female"
"1581","0","0","0","0",-0.636036813259125,2957.73852539062,"map_8713_1_3",5,70,300,20,5,1.48196644710896,0.1,8.89296758386264,0.112145033127175,1.82658070235121,101,0.2,1,85.4752468730128,25.1060000101725,0.000862852310397596,0.000628695638686858,0.782663716183098,527,8713,1,"3","diploid","female"
"1582","0","0","0","0",-0.633110880851746,2863.11474609375,"map_8714_1_1",5,70,300,20,5,0,0.1,13.762601698883,0.838676000418043,0.067820027792981,153,0.2,1,8.52230298303785,25.1285847312192,0.0150534997218531,0.0254688916297973,0.0687060312724683,528,8714,1,"1","diploid","female"
"1583","0","0","0","0",-0.633110880851746,2863.11474609375,"map_8714_1_2",5,70,300,20,5,3.18782897702072,0.1,13.8634979004552,0.0989994047027025,1.96644078927419,11,0.2,1,8.52230298303785,25.1285847312192,0.00178823806883483,0.0016928876987792,0.494785704934673,528,8714,1,"2","diploid","female"
"1584","0","0","0","0",-0.633110880851746,2863.11474609375,"map_8714_1_3",5,70,300,20,5,1.88099766153012,0.1,8.08260316916566,0.164444543520153,1.23629793296947,27,0.2,1,8.52230298303785,25.1285847312192,0.00100245247368194,0.000106859429572962,0.495739800519219,528,8714,1,"3","diploid","female"
"1585","0","0","0","0",-0.669612646102905,3003.14306640625,"map_8759_1_1",5,70,300,20,5,2.26375916463989,0.1,22.0270461114677,0.235674719469317,1.52570075281695,70,0.2,1,91.4426223906964,24.726680192282,0.0109370457843907,0.0374494004339632,0.133535815841193,529,8759,1,"1","diploid","female"
"1586","0","0","0","0",-0.669612646102905,3003.14306640625,"map_8759_1_2",5,70,300,20,5,4.67123105802391,0.1,16.4467381371706,0.0952483024813564,4.67411154537916,17,0.2,1,91.4426223906964,24.726680192282,0.002556375301256,0.00378316946446048,0.359543706788603,529,8759,1,"2","diploid","female"
"1587","0","0","0","0",-0.669612646102905,3003.14306640625,"map_8759_1_3",5,70,300,20,5,3.03016561571862,0.1,10.782176482531,0.179109351231418,2.553722653812,59,0.2,1,91.4426223906964,24.726680192282,0.00221045046761552,0.00215693220057031,0.337616333220609,529,8759,1,"3","diploid","female"
"1588","0","0","0","0",-0.722272872924805,2975.02856445312,"map_8760_1_1",5,70,300,20,5,0,0.1,18.8221490631651,0.291438289349732,1.19059931943982,158,0.2,1,75.2864783198334,24.735694595244,0.0115799743982364,0.0458707545080603,0.141387012541832,530,8760,1,"1","diploid","female"
"1589","0","0","0","0",-0.722272872924805,2975.02856445312,"map_8760_1_2",5,70,300,20,5,8.95914409105761,0.1,18.9274060255642,0.326634104217074,2.64147333581675,117,0.2,1,75.2864783198334,24.735694595244,0.0138129606423765,0.0728286489462671,0.344302805331914,530,8760,1,"2","diploid","female"
"1590","0","0","0","0",-0.722272872924805,2975.02856445312,"map_8760_1_3",5,70,300,20,5,1.42358378525368,0.1,8.29877816993792,0.279086411902993,2.10294129459961,139,0.2,1,75.2864783198334,24.735694595244,0.00188591234283355,0.00115378036276317,0.504278742548305,530,8760,1,"3","diploid","female"
"1591","0","0","0","0",-0.532599091529846,2813.2900390625,"map_8807_1_1",5,70,300,20,5,0,0.1,14.9726158152264,0.10394451121109,0.234458686112008,45,0.2,1,7.19421579463538,25.2056346031519,0.00270548612306973,0.00993979169045357,0.340659445413648,531,8807,1,"1","diploid","female"
"1592","0","0","0","0",-0.532599091529846,2813.2900390625,"map_8807_1_2",5,70,300,20,5,3.11735188336014,0.1,8.81016118769909,0.361446973136667,1.31300972109711,26,0.2,1,7.19421579463538,25.2056346031519,0.0028981178550965,0.00342515381624858,0.351182308907673,531,8807,1,"2","diploid","female"
"1593","0","0","0","0",-0.532599091529846,2813.2900390625,"map_8807_1_3",5,70,300,20,5,0.485502554323618,0.1,6.70893871782513,0.591919651688514,0.606378550187469,46,0.2,1,7.19421579463538,25.2056346031519,0.00226762410048653,0.000177325638734873,0.501447604897435,531,8807,1,"3","diploid","female"
"1594","0","0","0","0",-0.484334856271744,2839.34252929688,"map_8808_1_1",5,70,300,20,5,0,0.1,8.78309328989609,0.207708805710981,1.12211880395021,96,0.2,1,7.54762790347155,25.2306385910524,0.00166579144197277,0.00245125293637645,0.489454428620159,532,8808,1,"1","diploid","female"
"1595","0","0","0","0",-0.484334856271744,2839.34252929688,"map_8808_1_2",5,70,300,20,5,3.2482663807812,0.1,8.63993537194145,0.580386654446086,0.62329977201111,75,0.2,1,7.54762790347155,25.2306385910524,0.00395501072117341,0.00283899166151521,1.13736208541619,532,8808,1,"2","diploid","female"
"1596","0","0","0","0",-0.484334856271744,2839.34252929688,"map_8808_1_3",5,70,300,20,5,1.70622233726785,0.1,8.22526232056845,0.198759479379635,1.12930054435384,108,0.2,1,7.54762790347155,25.2306385910524,0.00122321518766237,0.000163697359613733,0.591510459465575,532,8808,1,"3","diploid","female"
"1597","0","0","0","0",-0.939366161823273,3002.47607421875,"map_8815_1_1",5,70,300,20,5,1.96595047934775,0.1,6.63322173721002,0.313464195105676,1.74660790360886,4,0.2,1,9.59860597732802,24.1008518975174,0.00140915041549453,0.000947252517341169,0.456641866975082,533,8815,1,"1","diploid","female"
"1598","0","0","0","0",-0.939366161823273,3002.47607421875,"map_8815_1_2",5,70,300,20,5,3.37671748019806,0.1,5.35644993289773,0.544636570065414,2.67002910192109,2,0.2,1,9.59860597732802,24.1008518975174,0.00133104456141007,3.31126510543397e-05,0.986921553029252,533,8815,1,"2","diploid","female"
"1599","0","0","0","0",-0.939366161823273,3002.47607421875,"map_8815_1_3",5,70,300,20,5,3.13679963710258,0.1,5.55209955818249,0.414976728404997,2.3951489609135,2,0.2,1,9.59860597732802,24.1008518975174,0.00106874085591021,2.66698066915263e-06,0.827434223309568,533,8815,1,"3","diploid","female"
"1600","0","0","0","0",-0.683966815471649,2953.69946289062,"map_8816_1_1",5,70,300,20,5,1.83998652910436,0.1,6.5500328741359,0.788460402690026,1.68815772521874,12,0.2,1,9.0498341073675,25.1085130727436,0.00417076319570527,0.00845679862124007,0.653114973568501,534,8816,1,"1","diploid","female"
"1601","0","0","0","0",-0.683966815471649,2953.69946289062,"map_8816_1_2",5,70,300,20,5,3.94911321083619,0.1,5.13350391344007,3.95818575225762,2.93049178552713,3,0.2,1,9.0498341073675,25.1085130727436,0.00841300703979681,6.47205254611676e-05,1.78466203262918,534,8816,1,"2","diploid","female"
"1602","0","0","0","0",-0.683966815471649,2953.69946289062,"map_8816_1_3",5,70,300,20,5,2.61058719952881,0.1,5.79266640955531,0.773214231668668,2.16651332125441,2,0.2,1,9.0498341073675,25.1085130727436,0.0022094758698717,3.54012841504908e-05,0.728158417260253,534,8816,1,"3","diploid","female"
"1603","0","0","0","0",-0.75722199678421,2877.85180664062,"map_8817_1_1",5,70,300,20,5,0.784043306503563,0.1,15.5396174407865,0.38506485197885,0.536856293146745,93,0.2,1,9.78781136464439,25.0668263168166,0.00969314114758275,0.0286895903411415,0.167134575728166,535,8817,1,"1","diploid","female"
"1604","0","0","0","0",-0.75722199678421,2877.85180664062,"map_8817_1_2",5,70,300,20,5,3.37645734064583,0.1,9.98834411302577,0.73538009316527,0.227833649638666,101,0.2,1,9.78781136464439,25.0668263168166,0.0063472109962822,0.00204871865756874,0.206446078611052,535,8817,1,"2","diploid","female"
"1605","0","0","0","0",-0.75722199678421,2877.85180664062,"map_8817_1_3",5,70,300,20,5,0.834201515471502,0.1,8.18571777521904,0.208160981655347,1.32371600218916,39,0.2,1,9.78781136464439,25.0668263168166,0.00123334495040545,0.00011394788267276,0.488811141483619,535,8817,1,"3","diploid","female"
"1606","0","0","0","0",-0.806919157505035,3051.04125976562,"map_8859_1_1",5,70,300,20,5,0,0.1,25.1966150901831,0.252583830023047,1.51304996929712,55,0.2,1,130.412557075982,24.166463633946,0.0158829271184437,0.0831784874361425,0.120094447106577,536,8859,1,"1","diploid","female"
"1607","0","0","0","0",-0.806919157505035,3051.04125976562,"map_8859_1_2",5,70,300,20,5,11.6509069860289,0.1,16.6103731009766,0.911203913505498,0.146884725346379,71,0.2,1,130.412557075982,24.166463633946,0.0263332672595245,0.098509797684765,0.0714275093008007,536,8859,1,"2","diploid","female"
"1608","0","0","0","0",-0.806919157505035,3051.04125976562,"map_8859_1_3",5,70,300,20,5,1.90765235763008,0.1,11.781349302435,0.234475962076083,2.9116573712238,50,0.2,1,130.412557075982,24.166463633946,0.00389836749957692,0.0104959453901864,0.260114430893913,536,8859,1,"3","diploid","female"
"1609","0","0","0","0",-0.870215058326721,3042.72583007812,"map_8860_1_1",5,70,300,20,5,2.23434046960827,0.1,16.9990135352726,0.327593460157125,1.27010973160187,12,0.2,1,93.7322580204454,24.1857349792852,0.0100199214227048,0.0300870850260313,0.153191975038708,537,8860,1,"1","diploid","female"
"1610","0","0","0","0",-0.870215058326721,3042.72583007812,"map_8860_1_2",5,70,300,20,5,4.19960564687857,0.1,11.2719465543237,0.83558669067831,0.289162591971572,12,0.2,1,93.7322580204454,24.1857349792852,0.00944960908046119,0.00703139665496587,0.129276320312831,537,8860,1,"2","diploid","female"
"1611","0","0","0","0",-0.870215058326721,3042.72583007812,"map_8860_1_3",5,70,300,20,5,3.16700597494818,0.1,8.37106418757722,0.333515790333002,2.53506184354324,4,0.2,1,93.7322580204454,24.1857349792852,0.0024829562537417,0.00159227365426685,0.401084467100129,537,8860,1,"3","diploid","female"
"1612","0","0","0","0",-0.167170748114586,2801.0048828125,"map_8911_1_1",5,70,300,20,5,0,0.1,50.6097453146595,2.61896306753782e-14,0,5,0.2,1,7.383094389301,25.7192846676308,5.26937786316578e-15,2.61896306753782e-14,0.29941690909039,538,8911,1,"1","diploid","female"
"1613","0","0","0","0",-0.167170748114586,2801.0048828125,"map_8911_1_2",5,70,300,20,5,0,0.1,6.64490495073231,0.00290947903646922,0.0414683820282034,2,0.2,1,7.383094389301,25.7192846676308,1.04992310012013e-05,8.68211064703071e-09,0.571798766623932,538,8911,1,"2","diploid","female"
"1614","0","0","0","0",-0.167170748114586,2801.0048828125,"map_8911_1_3",5,70,300,20,5,1.3846619148239,0.1,8.07113916189871,0.538872572282799,0.736261347278828,3,0.2,1,7.383094389301,25.7192846676308,0.00353747280139108,0.00116386540740378,0.286474611308333,538,8911,1,"3","diploid","female"
"1615","0","0","0","0",-0.877471745014191,2909.703125,"map_8919_1_1",5,70,300,20,5,0.607877135069508,0.1,14.7011021305566,0.212936038761526,0.950960439009974,27,0.2,1,9.09253331834444,25.4225880400023,0.00580149245320431,0.0248397086079637,0.174127652373609,539,8919,1,"1","diploid","female"
"1616","0","0","0","0",-0.877471745014191,2909.703125,"map_8919_1_2",5,70,300,20,5,3.39733324808968,0.1,8.8024617301024,0.070850062134796,2.69220649676271,7,0.2,1,9.09253331834444,25.4225880400023,0.000506936802117595,0.000441133643110486,0.590464396988371,539,8919,1,"2","diploid","female"
"1617","0","0","0","0",-0.877471745014191,2909.703125,"map_8919_1_3",5,70,300,20,5,0.681719182436703,0.1,8.65051099762091,0.0931941607221754,1.17763827756069,10,0.2,1,9.09253331834444,25.4225880400023,0.000594043483325277,2.73461828404349e-05,0.601133404862558,539,8919,1,"3","diploid","female"
"1618","0","0","0","0",-0.776371419429779,2874.25122070312,"map_8920_1_1",5,70,300,20,5,0,0.1,13.8707394252987,0.298873939851642,0.616422036806328,78,0.2,1,9.7097110402495,25.7876308620702,0.00656883055126024,0.0243139375873951,0.1673423789742,540,8920,1,"1","diploid","female"
"1619","0","0","0","0",-0.776371419429779,2874.25122070312,"map_8920_1_2",5,70,300,20,5,3.16536621125908,0.1,11.1521516483981,0.354464877499323,0.530743969789887,24,0.2,1,9.7097110402495,25.7876308620702,0.00369932009086407,0.0017103287515239,0.342612647317057,540,8920,1,"2","diploid","female"
"1620","0","0","0","0",-0.776371419429779,2874.25122070312,"map_8920_1_3",5,70,300,20,5,1.62050663921443,0.1,7.09019022658501,0.51038471168159,0.731261071237725,45,0.2,1,9.7097110402495,25.7876308620702,0.00225087045355032,0.000402524167769934,0.512313920885438,540,8920,1,"3","diploid","female"
"1621","0","0","0","0",-0.697397232055664,2804.06958007812,"map_8921_1_1",5,70,300,20,5,0,0.1,51.4470788560464,1.65485250916978e-14,0,79,0.2,1,9.07554076598382,25.7798102732645,3.4406626634434e-15,1.65485250916978e-14,0.302653102536516,541,8921,1,"1","diploid","female"
"1622","0","0","0","0",-0.697397232055664,2804.06958007812,"map_8921_1_2",5,70,300,20,5,2.67333004946769,0.1,8.52264332983007,0.286219331163807,1.78254410737045,37,0.2,1,9.07554076598382,25.7798102732645,0.00258328785753342,0.00608391147804902,0.504147562097266,541,8921,1,"2","diploid","female"
"1623","0","0","0","0",-0.697397232055664,2804.06958007812,"map_8921_1_3",5,70,300,20,5,1.11588851292559,0.1,8.72527705224755,0.155483601863836,0.528306786442248,99,0.2,1,9.07554076598382,25.7798102732645,0.00110829613225735,0.000199207102826377,0.42851802312288,541,8921,1,"3","diploid","female"
"1624","0","0","0","0",-0.688515603542328,2748.84741210938,"map_8922_1_1",5,70,300,20,5,0,0.1,50.6225754714633,4.1128687026799e-14,0,21,0.2,1,2.8471215910269,25.7731505752006,8.27932293558648e-15,4.1128687026799e-14,0.301855885879611,542,8922,1,"1","diploid","female"
"1625","0","0","0","0",-0.688515603542328,2748.84741210938,"map_8922_1_2",5,70,300,20,5,0,0.1,49.1277073087443,1.74060066068573e-13,1.26544332503567e-13,3,0.2,1,2.8471215910269,25.7731505752006,3.33757836100343e-14,1.71053300745974e-13,0.354929201836934,542,8922,1,"2","diploid","female"
"1626","0","0","0","0",-0.688515603542328,2748.84741210938,"map_8922_1_3",5,70,300,20,5,0,0.1,6.84285182334343,0.587992019835246,0.445575441656948,10,0.2,1,2.8471215910269,25.7731505752006,0.00256127167496189,0.00025403230025679,0.265866511666101,542,8922,1,"3","diploid","female"
"1627","0","0","0","0",-0.527506172657013,2969.32495117188,"map_8966_1_1",5,70,300,20,5,0,0.1,17.5691318833372,0.449299624737424,1.33796003711833,114,0.2,1,95.9592063498259,24.6774250381149,0.017871569341178,0.0829683335605088,0.192397088498494,543,8966,1,"1","diploid","female"
"1628","0","0","0","0",-0.527506172657013,2969.32495117188,"map_8966_1_2",5,70,300,20,5,9.79623525117838,0.1,15.6299080505429,0.729911302904928,0.85807626509503,132,0.2,1,95.9592063498259,24.6774250381149,0.0212919416809339,0.116876255618205,0.192040488135764,543,8966,1,"2","diploid","female"
"1629","0","0","0","0",-0.527506172657013,2969.32495117188,"map_8966_1_3",5,70,300,20,5,2.76168103742766,0.1,8.38631969832518,0.541112199930698,2.20778419654895,101,0.2,1,95.9592063498259,24.6774250381149,0.0042866826580189,0.00822946519800283,0.547174061304262,543,8966,1,"3","diploid","female"
"1630","0","0","0","0",-0.675187230110168,2770.68701171875,"map_9015_1_1",5,70,300,20,5,0,0.1,51.0548125994081,2.64173887659697e-14,0,21,0.2,1,6.59887786994246,25.7229476286591,5.40903469995173e-15,2.64173887659697e-14,0.308361820105541,544,9015,1,"1","diploid","female"
"1631","0","0","0","0",-0.675187230110168,2770.68701171875,"map_9015_1_2",5,70,300,20,5,0,0.1,6.23138882881051,0.000372498667643376,0.00608337329298034,6,0.2,1,6.59887786994246,25.7229476286591,1.22215102224417e-06,4.46755427217765e-08,0.649210657406219,544,9015,1,"2","diploid","female"
"1632","0","0","0","0",-0.675187230110168,2770.68701171875,"map_9015_1_3",5,70,300,20,5,0.903625763352327,0.1,6.38972755135461,0.6134373905244,0.316877590875348,14,0.2,1,6.59887786994246,25.7229476286591,0.00210900786305654,0.000107422014708674,0.744710587291109,544,9015,1,"3","diploid","female"
"1633","0","0","0","0",-0.545965909957886,2834.72509765625,"map_9023_1_1",5,70,300,20,5,0,0.1,9.59748345957664,0.232894934773518,0.698684101577664,30,0.2,1,10.0349656759678,25.3943108211192,0.00292943482821393,0.0104090475364594,0.672883626425858,545,9023,1,"1","diploid","female"
"1634","0","0","0","0",-0.545965909957886,2834.72509765625,"map_9023_1_2",5,70,300,20,5,3.38401172255039,0.1,7.52659495628667,0.732168845649555,0.880810139305951,36,0.2,1,10.0349656759678,25.3943108211192,0.00374907180301131,0.00174382774363052,1.25612974781648,545,9023,1,"2","diploid","female"
"1635","0","0","0","0",-0.545965909957886,2834.72509765625,"map_9023_1_3",5,70,300,20,5,0.540629398626229,0.1,7.82307844100421,0.217337708539697,0.969419667316923,11,0.2,1,10.0349656759678,25.3943108211192,0.00120625209197399,0.000379110833606703,0.609527034916581,545,9023,1,"3","diploid","female"
"1636","0","0","0","0",-0.818404316902161,2776.34936523438,"map_9024_1_1",5,70,300,20,5,0,0.1,51.4418722725825,2.86109153978556e-14,0,91,0.2,1,9.1351235746669,25.7439256801162,5.94739639238304e-15,2.86109153978556e-14,0.30316180331679,546,9024,1,"1","diploid","female"
"1637","0","0","0","0",-0.818404316902161,2776.34936523438,"map_9024_1_2",5,70,300,20,5,2.40021864043365,0.1,8.42891385649486,0.00101050502958018,0.0900422591498234,18,0.2,1,9.1351235746669,25.7439256801162,6.04437023392323e-06,2.91819227880192e-07,0.542525828707169,546,9024,1,"2","diploid","female"
"1638","0","0","0","0",-0.818404316902161,2776.34936523438,"map_9024_1_3",5,70,300,20,5,0.313795059947867,0.1,8.44627649475146,0.15712286588464,0.408004829668309,96,0.2,1,9.1351235746669,25.7439256801162,0.00104365661491355,0.000160938060476026,0.447322556508756,546,9024,1,"3","diploid","female"
"1639","0","0","0","0",-0.891043126583099,2961.44555664062,"map_9069_1_1",5,70,300,20,5,0,0.1,19.7519324465502,0.466438865938827,0.648563853167687,46,0.2,1,167.833885420993,24.6871045776908,0.0196706378548725,0.0893689191240204,0.0542977224877276,547,9069,1,"1","diploid","female"
"1640","0","0","0","0",-0.891043126583099,2961.44555664062,"map_9069_1_2",5,70,300,20,5,0,0.1,10.9000214155837,1.17186086523783,0.312508882860503,54,0.2,1,167.833885420993,24.6871045776908,0.0154289741982887,0.047583268364977,0.0989116030646105,547,9069,1,"2","diploid","female"
"1641","0","0","0","0",-0.891043126583099,2961.44555664062,"map_9069_1_3",5,70,300,20,5,3.97002416532231,0.1,14.0270825077169,0.395511148325626,1.57471561902993,36,0.2,1,167.833885420993,24.6871045776908,0.00847893845861688,0.0231351890168676,0.193472760800731,547,9069,1,"3","diploid","female"
"1642","0","0","0","0",-0.717113614082336,2926.599609375,"map_9070_1_1",5,70,300,20,5,0,0.1,22.9570551345827,0.40231840857756,0.600468622852698,86,0.2,1,160.37067554005,24.6900939168328,0.022276841905588,0.103416439569891,0.127511946627135,548,9070,1,"1","diploid","female"
"1643","0","0","0","0",-0.717113614082336,2926.599609375,"map_9070_1_2",5,70,300,20,5,0,0.1,19.2173942267342,1.03627788658132,0.0456401956015455,138,0.2,1,160.37067554005,24.6900939168328,0.0369529912578507,0.0862781754647078,0.04102923753475,548,9070,1,"2","diploid","female"
"1644","0","0","0","0",-0.717113614082336,2926.599609375,"map_9070_1_3",5,70,300,20,5,3.83714038142573,0.1,15.0269190491817,0.246848261482419,1.38351428550129,61,0.2,1,160.37067554005,24.6900939168328,0.00594805416178287,0.0178180695313765,0.255845227496048,548,9070,1,"3","diploid","female"
"1645","0","0","0","0",0.797568619251251,2776.05639648438,"map_9103_1_1",5,70,300,20,5,0,0.1,50.6764855543999,5.5298870905305e-14,0,71,0.2,1,9.22395300824331,25.3562858598441,1.11554888577465e-14,5.5298870905305e-14,0.299823006186549,549,9103,1,"1","diploid","female"
"1646","0","0","0","0",0.797568619251251,2776.05639648438,"map_9103_1_2",5,70,300,20,5,0,0.1,50.7719529578197,1.51125043034449e-18,0,11,0.2,1,9.22395300824331,25.3562858598441,3.06020182115968e-19,1.51125043034449e-18,0.342119790387099,549,9103,1,"2","diploid","female"
"1647","0","0","0","0",0.797568619251251,2776.05639648438,"map_9103_1_3",5,70,300,20,5,1.87857187013933,0.1,10.9789828560972,0.447222846377602,0.746550511263736,189,0.2,1,9.22395300824331,25.3562858598441,0.00591535069199565,0.0128054640959673,0.198690067120972,549,9103,1,"3","diploid","female"
"1648","0","0","0","0",-0.958408892154694,3041.75244140625,"map_9159_1_1",5,70,300,20,5,2.439029326372,0.1,17.875467197407,0.26323747863511,1.51348824196956,12,0.2,1,164.853217945542,23.4667355246982,0.0103682498367249,0.0614789233885787,0.184716776187635,550,9159,1,"1","diploid","female"
"1649","0","0","0","0",-0.958408892154694,3041.75244140625,"map_9159_1_2",5,70,300,20,5,3.91035639344611,0.1,25.465761541315,0.475490712140055,1.8909471701261,8,0.2,1,164.853217945542,23.4667355246982,0.0267699862684613,0.0897382660488836,0.137046997632745,550,9159,1,"2","diploid","female"
"1650","0","0","0","0",-0.958408892154694,3041.75244140625,"map_9159_1_3",5,70,300,20,5,3.25138845058532,0.1,8.74233471464942,0.358833288922757,2.86515725518657,4,0.2,1,164.853217945542,23.4667355246982,0.00301229315770041,0.00600587195748864,0.482615558430634,550,9159,1,"3","diploid","female"
"1651","0","0","0","0",0.336060166358948,3066.74633789062,"map_9415_1_1",5,70,300,20,5,0,0.1,17.1820780868338,0.234322337844161,3.01230903515074,47,0.2,1,68.8784927624801,24.8954602077818,0.0078417717482102,0.0269368393005149,0.139542048672098,551,9415,1,"1","diploid","female"
"1652","0","0","0","0",0.336060166358948,3066.74633789062,"map_9415_1_2",5,70,300,20,5,15.2995754792403,0.1,8.60967899149155,0.289985365342864,4.37670088174446,13,0.2,1,68.8784927624801,24.8954602077818,0.00180455912668567,0.000114546920152098,0.794547012277194,551,9415,1,"2","diploid","female"
"1653","0","0","0","0",0.336060166358948,3066.74633789062,"map_9415_1_3",5,70,300,20,5,3.77064560797897,0.1,12.9770915745407,0.28203295804382,2.91474975043031,81,0.2,1,68.8784927624801,24.8954602077818,0.00529540332342082,0.0131660965200477,0.20197957758901,551,9415,1,"3","diploid","female"
"1654","0","0","0","0",-0.922872185707092,3051.07250976562,"map_9518_1_1",5,70,300,20,5,2.11022320233552,0.1,12.6829830143373,0.227151488028181,1.65874059496298,9,0.2,1,63.9061056007182,24.2854950251109,0.00463571328216032,0.0163588858138537,0.205000178947026,552,9518,1,"1","diploid","female"
"1655","0","0","0","0",-0.922872185707092,3051.07250976562,"map_9518_1_2",5,70,300,20,5,3.95263433622258,0.1,8.38932078613235,0.212827303114711,2.90343631269586,4,0.2,1,63.9061056007182,24.2854950251109,0.0014719771265333,0.00134817596927327,0.593812976945434,552,9518,1,"2","diploid","female"
"1656","0","0","0","0",-0.922872185707092,3051.07250976562,"map_9518_1_3",5,70,300,20,5,3.15827983607704,0.1,7.35161302260387,0.198460559210592,2.28750661196215,4,0.2,1,63.9061056007182,24.2854950251109,0.000964676210398679,0.00024214778963879,0.50258059577037,552,9518,1,"3","diploid","female"
"1657","0","0","0","0",-0.804043889045715,3036.07104492188,"map_9519_1_1",5,70,300,20,5,2.01494692365384,0.1,16.4939552908271,0.285040420060238,1.1115334926828,65,0.2,1,67.1436199112192,24.9000490439955,0.00780348925950211,0.02349134091855,0.19850893400293,553,9519,1,"1","diploid","female"
"1658","0","0","0","0",-0.804043889045715,3036.07104492188,"map_9519_1_2",5,70,300,20,5,4.41291201946998,0.1,11.5365661534418,0.354692004388617,1.27375240597902,24,0.2,1,67.1436199112192,24.9000490439955,0.00395168432346287,0.00102052091845735,0.343746223090248,553,9519,1,"2","diploid","female"
"1659","0","0","0","0",-0.804043889045715,3036.07104492188,"map_9519_1_3",5,70,300,20,5,2.9484643766873,0.1,10.2949315676348,0.152790217064039,2.19330354154055,37,0.2,1,67.1436199112192,24.9000490439955,0.00159870458637812,0.00106966634892135,0.423550637854656,553,9519,1,"3","diploid","female"
"1660","0","0","0","0",-0.681767404079437,3157.85571289062,"map_9617_1_1",5,70,300,20,5,1.7398306383421,0.1,17.2438190530279,0.396689357839843,1.53187732224663,79,0.2,1,147.984204086354,23.3530154516531,0.0148774434590326,0.0643651961597672,0.250633249863291,554,9617,1,"1","diploid","female"
"1661","0","0","0","0",-0.681767404079437,3157.85571289062,"map_9617_1_2",5,70,300,20,5,6.27043046631154,0.1,8.68947535786398,1.05496754022777,1.58842290761906,140,0.2,1,147.984204086354,23.3530154516531,0.010762690183446,0.0325052077390448,0.784264656255891,554,9617,1,"2","diploid","female"
"1662","0","0","0","0",-0.681767404079437,3157.85571289062,"map_9617_1_3",5,70,300,20,5,1.79415627894136,0.1,11.6657660432627,0.241669483404284,2.32317017075996,29,0.2,1,147.984204086354,23.3530154516531,0.00358877521038188,0.00861362979700693,0.457196842411225,554,9617,1,"3","diploid","female"
"1663","0","0","0","0",-0.541763246059418,3027.52563476562,"map_9619_1_1",5,70,300,20,5,0,0.1,20.3576226438946,0.266758020245729,1.57653483090211,105,0.2,1,155.966884651057,23.3357662847272,0.0116144746207067,0.04165761107368,0.0816426476133693,555,9619,1,"1","diploid","female"
"1664","0","0","0","0",-0.541763246059418,3027.52563476562,"map_9619_1_2",5,70,300,20,5,11.3290521859636,0.1,28.9190322793694,0.426890347423843,2.22727398704359,112,0.2,1,155.966884651057,23.3357662847272,0.0371815632193494,0.173327465524961,0.0971340939143019,555,9619,1,"2","diploid","female"
"1665","0","0","0","0",-0.541763246059418,3027.52563476562,"map_9619_1_3",5,70,300,20,5,3.52611935660766,0.1,12.2731503139408,0.233400784329178,3.4579260712028,95,0.2,1,155.966884651057,23.3357662847272,0.00411059308758552,0.0107465131033125,0.22633607920067,555,9619,1,"3","diploid","female"
"1666","0","0","0","0",-0.952667117118835,2992.546875,"map_9620_1_1",5,70,300,20,5,0,0.1,22.2484493367374,0.327628406855376,0.859568066378571,111,0.2,1,155.900711972056,24.2316157320937,0.0169140938071707,0.0753436010410613,0.127485323134096,556,9620,1,"1","diploid","female"
"1667","0","0","0","0",-0.952667117118835,2992.546875,"map_9620_1_2",5,70,300,20,5,8.35736102305007,0.1,18.3407202304568,0.982638452400253,0.0756970547645301,213,0.2,1,155.900711972056,24.2316157320937,0.029292198724298,0.0570343398127231,0.0501682394887758,556,9620,1,"2","diploid","female"
"1668","0","0","0","0",-0.952667117118835,2992.546875,"map_9620_1_3",5,70,300,20,5,1.56975606532548,0.1,11.5523103174393,0.240991822891456,2.20418493861646,90,0.2,1,155.900711972056,24.2316157320937,0.00354376400563893,0.00736206315073898,0.38237740567111,556,9620,1,"3","diploid","female"
"1669","0","0","0","0",-0.988600611686707,2987.8798828125,"map_9621_1_1",5,70,300,20,5,1.9232618294359,0.1,10.9680781147223,0.289974886099658,1.61954537266222,14,0.2,1,61.344099154108,24.306865232305,0.00472137880746429,0.0148345116220263,0.235027044229464,557,9621,1,"1","diploid","female"
"1670","0","0","0","0",-0.988600611686707,2987.8798828125,"map_9621_1_2",5,70,300,20,5,3.37432333524571,0.1,13.1232049654077,0.539831035288852,0.455448511007096,7,0.2,1,61.344099154108,24.306865232305,0.00814068743966558,0.00494666688628018,0.252926390505146,557,9621,1,"2","diploid","female"
"1671","0","0","0","0",-0.988600611686707,2987.8798828125,"map_9621_1_3",5,70,300,20,5,2.87542140610854,0.1,5.85980637263672,0.413350233436957,2.26799209878104,5,0.2,1,61.344099154108,24.306865232305,0.00128862675112533,0.000158044412327123,0.705299451077605,557,9621,1,"3","diploid","female"
"1672","0","0","0","0",-0.95361202955246,2935.2548828125,"map_9623_1_1",5,70,300,20,5,0.848105776886738,0.1,17.1114068427339,0.288994857066874,1.0969988617439,12,0.2,1,69.0681882839266,24.8951386085248,0.010157643671675,0.0452845800670399,0.103378071004696,558,9623,1,"1","diploid","female"
"1673","0","0","0","0",-0.95361202955246,2935.2548828125,"map_9623_1_2",5,70,300,20,5,3.58788612781967,0.1,10.3473134571169,0.288197907999319,2.7986718338324,5,0.2,1,69.0681882839266,24.8951386085248,0.0034484562288285,0.00748817410235664,0.335744343818659,558,9623,1,"2","diploid","female"
"1674","0","0","0","0",-0.95361202955246,2935.2548828125,"map_9623_1_3",5,70,300,20,5,1.09336432205117,0.1,7.90884532093659,0.255799464533598,1.74859860531087,4,0.2,1,69.0681882839266,24.8951386085248,0.00157626902573827,0.000790037626697379,0.402998291102841,558,9623,1,"3","diploid","female"
"1675","0","0","0","0",-0.826072812080383,3107.85913085938,"map_9721_1_1",5,70,300,20,5,2.93855868127679,0.1,15.0102795129559,0.289473539803996,2.5489357394408,32,0.2,1,122.189260121596,23.3616449132182,0.00833127484702409,0.0306424647322828,0.158292870282831,559,9721,1,"1","diploid","female"
"1676","0","0","0","0",-0.826072812080383,3107.85913085938,"map_9721_1_2",5,70,300,20,5,4.8035624636798,0.1,14.789785694717,0.358550112534605,2.59369197745143,10,0.2,1,122.189260121596,23.3616449132182,0.00860420704521439,0.0160554679690243,0.348415264496903,559,9721,1,"2","diploid","female"
"1677","0","0","0","0",-0.826072812080383,3107.85913085938,"map_9721_1_3",5,70,300,20,5,3.3074265306816,0.1,6.97513738819685,0.381318105536421,3.24690410167469,5,0.2,1,122.189260121596,23.3616449132182,0.00208673287522829,0.00189483909719153,0.484374054334268,559,9721,1,"3","diploid","female"
"1678","0","0","0","0",-0.571958303451538,3081.1708984375,"map_9722_1_1",5,70,300,20,5,0,0.1,15.4925490237602,0.297721847201506,2.77812405084021,32,0.2,1,122.757475437912,23.3546405044505,0.0082024283823258,0.0289375213519153,0.129857498824127,560,9722,1,"1","diploid","female"
"1679","0","0","0","0",-0.571958303451538,3081.1708984375,"map_9722_1_2",5,70,300,20,5,10.9716268507547,0.1,10.2658904712075,0.95252056225588,0.282033821563108,49,0.2,1,122.757475437912,23.3546405044505,0.00932681166804029,0.0102143189233699,0.0981997692659859,560,9722,1,"2","diploid","female"
"1680","0","0","0","0",-0.571958303451538,3081.1708984375,"map_9722_1_3",5,70,300,20,5,2.22620165952987,0.1,8.43632345848748,0.365732770332956,3.86568943270729,5,0.2,1,122.757475437912,23.3546405044505,0.00303038992635279,0.00389122746796787,0.320722409199268,560,9722,1,"3","diploid","female"
"1681","0","0","0","0",-0.475701838731766,3014.29370117188,"map_9826_1_1",5,70,300,20,5,3.54526426865641,0.1,18.1080048161112,0.185618118083483,2.79707348037604,32,0.2,1,126.885845412448,23.3417645335065,0.0075508886863623,0.0374569359657374,0.175788103092643,561,9826,1,"1","diploid","female"
"1682","0","0","0","0",-0.475701838731766,3014.29370117188,"map_9826_1_2",5,70,300,20,5,5.21060381483786,0.1,25.1044043792161,0.25265577023816,4.56239136626939,27,0.2,1,126.885845412448,23.3417645335065,0.016572643131918,0.12822746895577,0.216925917029999,561,9826,1,"2","diploid","female"
"1683","0","0","0","0",-0.475701838731766,3014.29370117188,"map_9826_1_3",5,70,300,20,5,3.83276995091436,0.1,11.9847963166346,0.177801372683333,3.49931172927043,25,0.2,1,126.885845412448,23.3417645335065,0.00305978417123504,0.0105286474886402,0.336155663009022,561,9826,1,"3","diploid","female"
"1684","0","0","0","0",-0.693051278591156,2981.30078125,"map_9827_1_1",5,70,300,20,5,2.96938565289792,0.1,16.4225078579698,0.271374682080369,2.74561366587596,32,0.2,1,127.42367026497,23.3400712685992,0.00960713785905063,0.0438483872268605,0.141051532304132,562,9827,1,"1","diploid","female"
"1685","0","0","0","0",-0.693051278591156,2981.30078125,"map_9827_1_2",5,70,300,20,5,4.24349424035221,0.1,23.2348097619199,0.364109823832751,3.05025060753076,18,0.2,1,127.42367026497,23.3400712685992,0.0229938503478374,0.128898906106144,0.151500328646566,562,9827,1,"2","diploid","female"
"1686","0","0","0","0",-0.693051278591156,2981.30078125,"map_9827_1_3",5,70,300,20,5,3.32171071425133,0.1,7.56537045681567,0.331712374287503,3.39994967142824,5,0.2,1,127.42367026497,23.3400712685992,0.00211712850259526,0.00248649292336213,0.392820914220533,562,9827,1,"3","diploid","female"
"1687","0","0","0","0",0.900241076946259,2826.560546875,"map_9835_1_1",5,70,300,20,5,0,0.1,51.007511672536,7.93504230407882e-14,0,16,0.2,1,35.4190393492233,25.6435332840067,1.62171673778469e-14,7.93504230407882e-14,0.29978409734409,563,9835,1,"1","diploid","female"
"1688","0","0","0","0",0.900241076946259,2826.560546875,"map_9835_1_2",5,70,300,20,5,0,0.1,51.0712897916098,1.28798546523194e-17,0,4,0.2,1,35.4190393492233,25.6435332840067,2.6389318870318e-18,1.28798546523194e-17,0.324679559162226,563,9835,1,"2","diploid","female"
"1689","0","0","0","0",0.900241076946259,2826.560546875,"map_9835_1_3",5,70,300,20,5,2.60043116598947,0.1,17.3100503565615,0.397167443818903,1.15405449225019,36,0.2,1,35.4190393492233,25.6435332840067,0.0139158881537257,0.0575383864914937,0.0960458695371456,563,9835,1,"3","diploid","female"
"1690","0","0","0","0",0.814348638057709,2783.20385742188,"map_9836_1_1",5,70,300,20,5,0,0.1,50.9651336223333,5.94329796361319e-14,0,17,0.2,1,10.6421762941981,25.6232520890262,1.21263859757865e-14,5.94329796361319e-14,0.30196680778899,564,9836,1,"1","diploid","female"
"1691","0","0","0","0",0.814348638057709,2783.20385742188,"map_9836_1_2",5,70,300,20,5,0,0.1,51.031301610606,1.65196080378222e-18,0,4,0.2,1,10.6421762941981,25.6232520890262,3.37937539699805e-19,1.65196080378222e-18,0.33805697539985,564,9836,1,"2","diploid","female"
"1692","0","0","0","0",0.814348638057709,2783.20385742188,"map_9836_1_3",5,70,300,20,5,1.89779661777565,0.1,12.0370845110856,0.4610211658715,0.725976500968902,31,0.2,1,10.6421762941981,25.6232520890262,0.00797975227603094,0.0241120108775146,0.180890032889761,564,9836,1,"3","diploid","female"
"1693","0","0","0","0",0.736547291278839,2803.87353515625,"map_9941_1_1",5,70,300,20,5,0,0.1,50.7051920987281,4.56873061078088e-14,0,73,0.2,1,10.7420619113303,25.9635991462969,9.22695603023506e-15,4.56873061078088e-14,0.297084161343312,565,9941,1,"1","diploid","female"
"1694","0","0","0","0",0.736547291278839,2803.87353515625,"map_9941_1_2",5,70,300,20,5,0,0.1,50.8224031615229,8.10267711332037e-19,0,9,0.2,1,10.7420619113303,25.9635991462969,1.64400556615343e-19,8.10267711332037e-19,0.321794082140848,565,9941,1,"2","diploid","female"
"1695","0","0","0","0",0.736547291278839,2803.87353515625,"map_9941_1_3",5,70,300,20,5,1.99625001694195,0.1,12.8888827155142,0.41568760326643,0.850192260487169,156,0.2,1,10.7420619113303,25.9635991462969,0.0077204939373532,0.022480682720589,0.129424265346867,565,9941,1,"3","diploid","female"
"1696","0","0","0","0",0.811823427677155,2754.21850585938,"map_9942_1_1",5,70,300,20,5,0,0.1,50.9394402836657,1.08140469701662e-13,0,48,0.2,1,11.1018462386539,25.9575497907129,2.20421936019659e-14,1.08140469701662e-13,0.298211051826807,566,9942,1,"1","diploid","female"
"1697","0","0","0","0",0.811823427677155,2754.21850585938,"map_9942_1_2",5,70,300,20,5,0,0.1,50.9939102156749,1.05009721404064e-18,0,8,0.2,1,11.1018462386539,25.9575497907129,2.14501604367916e-19,1.05009721404064e-18,0.337967563031927,566,9942,1,"2","diploid","female"
"1698","0","0","0","0",0.811823427677155,2754.21850585938,"map_9942_1_3",5,70,300,20,5,1.4291873135788,0.1,12.7616695170974,0.448821610292837,0.44175366768505,135,0.2,1,11.1018462386539,25.9575497907129,0.00867174298322891,0.0312635376207554,0.132147657612597,566,9942,1,"3","diploid","female"
"1699","0","0","0","0",0.00629317341372371,3070.71606445312,"map_10032_1_1",5,70,300,20,5,0,0.1,31.0141609931421,0.0966580051581843,0.83223853325543,10,0.2,1,219.922386720727,23.8267220213036,0.00915276216505348,0.0575748344211655,0.0511342780488255,567,10032,1,"1","diploid","female"
"1700","0","0","0","0",0.00629317341372371,3070.71606445312,"map_10032_1_2",5,70,300,20,5,8.97981926827758,0.1,16.2796002563116,0.472060477910098,7.10986219564277,8,0.2,1,219.922386720727,23.8267220213036,0.0155774778402332,0.073098859753959,0.159629727619222,567,10032,1,"2","diploid","female"
"1701","0","0","0","0",0.00629317341372371,3070.71606445312,"map_10032_1_3",5,70,300,20,5,4.15954698786945,0.1,19.4072814659405,0.418416611561306,3.20284288767328,8,0.2,1,219.922386720727,23.8267220213036,0.0186263886397404,0.0975572733933862,0.101150548714857,567,10032,1,"3","diploid","female"
"1702","0","0","0","0",0.61858069896698,2808.45483398438,"map_10046_1_1",5,70,300,20,5,0,0.1,51.010863315854,3.91232170783262e-14,0,16,0.2,1,10.3709492100731,25.9565094712301,7.99679871351691e-15,3.91232170783262e-14,0.297583636383457,568,10046,1,"1","diploid","female"
"1703","0","0","0","0",0.61858069896698,2808.45483398438,"map_10046_1_2",5,70,300,20,5,0,0.1,51.08977666927,1.196404862247e-18,0,4,0.2,1,10.3709492100731,25.9565094712301,2.45306230362018e-19,1.196404862247e-18,0.326029127890975,568,10046,1,"2","diploid","female"
"1704","0","0","0","0",0.61858069896698,2808.45483398438,"map_10046_1_3",5,70,300,20,5,1.26340983651024,0.1,13.2636648986962,0.358186326538214,0.700988875928655,24,0.2,1,10.3709492100731,25.9565094712301,0.00669692895581028,0.0180965611042655,0.212367767097232,568,10046,1,"3","diploid","female"
"1705","0","0","0","0",0.481994926929474,2760.36376953125,"map_10047_1_1",5,70,300,20,5,0,0.1,51.142431201782,6.66378034527139e-14,0,21,0.2,1,2.16486027161049,25.9120636123623,1.36912307157675e-14,6.66378034527139e-14,0.301015134950801,569,10047,1,"1","diploid","female"
"1706","0","0","0","0",0.481994926929474,2760.36376953125,"map_10047_1_2",5,70,300,20,5,0,0.1,51.2148868147862,1.38915852607522e-18,0,4,0.2,1,2.16486027161049,25.9120636123623,2.8622517518467e-19,1.38915852607522e-18,0.354915132895096,569,10047,1,"2","diploid","female"
"1707","0","0","0","0",0.481994926929474,2760.36376953125,"map_10047_1_3",5,70,300,20,5,1.31112985867764,0.1,9.28784518392641,0.644200818829783,0.278071367052116,36,0.2,1,2.16486027161049,25.9120636123623,0.00592985634975914,0.00942833919825537,0.42714638298264,569,10047,1,"3","diploid","female"
"1708","0","0","0","0",0.448574513196945,2924.82348632812,"map_10149_1_1",5,70,300,20,5,1.6748074457839,0.1,9.00366138202808,0.273275936183525,2.26614078999526,22,0.2,1,10.0749958393186,25.2777009598573,0.00268045790067848,0.00613765646480065,0.535143404266647,570,10149,1,"1","diploid","female"
"1709","0","0","0","0",0.448574513196945,2924.82348632812,"map_10149_1_2",5,70,300,20,5,8.60297777012791,0.1,7.70033596138646,0.141832822098832,5.2851502795358,5,0.2,1,10.0749958393186,25.2777009598573,0.000704332873173415,1.55033248300804e-05,0.657798391950563,570,10149,1,"2","diploid","female"
"1710","0","0","0","0",0.448574513196945,2924.82348632812,"map_10149_1_3",5,70,300,20,5,1.33839540997587,0.1,9.99133980568974,0.256256239465735,2.46674169365238,23,0.2,1,10.0749958393186,25.2777009598573,0.00285910743936497,0.00552534432613345,0.277729915812128,570,10149,1,"3","diploid","female"
"1711","0","0","0","0",0.313930630683899,2855.6103515625,"map_10150_1_1",5,70,300,20,5,0,0.1,13.1698771798605,0.0410167362592736,0.214363585498816,11,0.2,1,10.8958116924743,25.2742145422157,0.000727894892708647,0.00192437436606255,0.553567108104517,571,10150,1,"1","diploid","female"
"1712","0","0","0","0",0.313930630683899,2855.6103515625,"map_10150_1_2",5,70,300,20,5,5.9165660085669,0.1,5.38647330335321,1.12490341027442,4.63377333165542,26,0.2,1,10.8958116924743,25.2742145422157,0.00282176532238227,0.000328066556184257,0.832087081262614,571,10150,1,"2","diploid","female"
"1713","0","0","0","0",0.313930630683899,2855.6103515625,"map_10150_1_3",5,70,300,20,5,1.64776308896278,0.1,8.44370881176889,0.458156420352331,1.69322583023939,13,0.2,1,10.8958116924743,25.2742145422157,0.00345845586136834,0.00450138305315924,0.274957030962229,571,10150,1,"3","diploid","female"
"1714","0","0","0","0",0.464924961328506,2787.38256835938,"map_10151_1_1",5,70,300,20,5,0,0.1,50.9230306748442,2.80445522147373e-14,0,30,0.2,1,2.1093622062083,25.2956639584513,5.71260044951151e-15,2.80445522147373e-14,0.297659656562849,572,10151,1,"1","diploid","female"
"1715","0","0","0","0",0.464924961328506,2787.38256835938,"map_10151_1_2",5,70,300,20,5,0,0.1,50.994063642578,2.22136905570059e-18,1.74384002531139e-29,7,0.2,1,2.1093622062083,25.2956639584513,4.53756875480346e-19,2.22136905570059e-18,0.318771125132314,572,10151,1,"2","diploid","female"
"1716","0","0","0","0",0.464924961328506,2787.38256835938,"map_10151_1_3",5,70,300,20,5,1.79265970495976,0.1,11.8481427679703,0.324905464265089,0.796951090857621,82,0.2,1,2.1093622062083,25.2956639584513,0.00477959127606736,0.00906691584993246,0.195912848677486,572,10151,1,"3","diploid","female"
