"Ploidy_level","Ploidy_levelunknown","geneticSexID","geneticSexIDunknown","Cos.aspect","Elevation","delta_years","n_S","n_R","prefix_this","minsize","maxsize","n_iterations","n_S_lag_factor","n_S_scale_factor","SWE.mean","Tmax.mean","size_mean_initial","size_sd_initial","n_A_initial","n_S_initial","n_R_initial","size_mean_final_ten","n_A_final_ten","n_S_final_ten","n_R_final_ten","longevity_90_final_ten","basal_area_density_final_ten","index"
"diploid","0","female","0",-1,2800,2.5,0.0368724516074207,0,"param_sweep_1_1",4,60,500,0.2,1,127.78267851587,21.7504791470597,18.5003819856385,9.41873709584272,0.158638306629479,0.0676803196876394,0,16.3210379083165,0.048223307134283,0.0367488152126959,0.00210271527898385,56.8181818181818,0.00153399731384401,1
"diploid","0","female","0",-1,2800,2.5,0.000851159868973006,0,"param_sweep_1_2",4,60,500,0.2,1,127.78267851587,21.7504791470597,18.5003819856385,9.41873709584272,0.158638306629479,0.10078421123059,0,46.1521869375585,0.000508841654810908,0.000954683748440377,0,73.1818181818182,8.53673888152307e-05,1
"diploid","0","female","0",-1,2800,2.5,0.000467534342720283,0,"param_sweep_1_3",4,60,500,0.2,1,127.78267851587,21.7504791470597,18.5003819856385,9.41873709584272,0.158638306629479,0.0629689451692148,0,22.7967554005585,0.000417600898340899,0.000663836548470162,0,36.8181818181818,1.84774688004647e-05,1
"diploid","0","female","0",-1,2800,2.5,0.0155285760791067,0.00617866770279209,"param_sweep_1_4",4,60,500,0.2,1,127.78267851587,21.7504791470597,18.5003819856385,9.41873709584272,0.158638306629479,0.0918672437377025,0,7.25600650210455,0.0289021278327101,0.0181290881041453,0.00489925395736204,15.2727272727273,0.000144912029796694,1
"diploid","0","female","0",-1,2800,2.5,0.0073676894741784,0,"param_sweep_1_5",4,60,500,0.2,1,127.78267851587,21.7504791470597,18.5003819856385,9.41873709584272,0.158638306629479,0.080248207542061,0,8.68492408094311,0.00686436828364106,0.00785903584807633,0.000723885716944898,17.6363636363636,5.310670876625e-05,1
"diploid","0","female","0",-1,2800,2.5,0.000295809206693097,0,"param_sweep_1_6",4,60,500,0.2,1,127.78267851587,21.7504791470597,18.5003819856385,9.41873709584272,0.158638306629479,0.0951415783192679,0,22.7912628691061,0.000168422230472341,0.000440290066273234,0,26.6363636363636,6.96688822241274e-06,1
"diploid","0","female","0",-1,2800,2.5,0.100396609487903,0,"param_sweep_1_7",4,60,500,0.2,1,127.78267851587,21.7504791470597,18.5003819856385,9.41873709584272,0.158638306629479,0.089703293712875,0,20.2062994268951,0.137994678578872,0.0953846246725579,0.00395545047518709,84.3636363636364,0.00640704453035239,1
"diploid","0","female","0",-1,2800,2.5,6.04509112371294e-12,0,"param_sweep_1_8",4,60,500,0.2,1,127.78267851587,21.7504791470597,18.5003819856385,9.41873709584272,0.158638306629479,0.0832795672058439,0,50.4862968935631,3.8495307223947e-12,8.94986246076357e-12,0,15.3636363636364,7.70903765810335e-13,1
"diploid","0","female","0",-1,2800,2.5,0.0146690848261116,0,"param_sweep_1_9",4,60,500,0.2,1,127.78267851587,21.7504791470597,18.5003819856385,9.41873709584272,0.158638306629479,0.0536208649074481,0,11.882713044603,0.0143019982430207,0.0142765262856615,0.00117227520490253,30,0.000267303530245896,1
"diploid","0","female","0",-1,2800,2.5,0.031216054220812,0,"param_sweep_1_10",4,60,500,0.2,1,127.78267851587,21.7504791470597,18.5003819856385,9.41873709584272,0.158638306629479,0.0763947304130977,0,13.1525497413131,0.0254423362879847,0.0288843873787295,0.00170643115983511,30.5454545454545,0.000561365964662287,1
"diploid","0","male","0",-1,2800,2.5,0.0182587235635942,0.0619974901984522,"param_sweep_2_1",4,60,500,0.2,1,122.636365329215,21.861397251446,18.5003819856385,9.41873709584272,0.158638306629479,0.0779567200114171,0.025692120112861,21.3870801431963,0.480903258846891,0.0210136393171539,0.00563613547258656,166.363636363636,0.0247311190618926,2
"diploid","0","male","0",-1,2800,2.5,0.0715042441240427,0,"param_sweep_2_2",4,60,500,0.2,1,122.636365329215,21.861397251446,18.5003819856385,9.41873709584272,0.158638306629479,0.115119628764185,0.0249349909731436,23.9764020463333,0.373547007900481,0.0636856163586999,0,141.363636363636,0.0215877071028917,2
"diploid","0","male","0",-1,2800,2.5,0.0669665027243098,0.00851722053046859,"param_sweep_2_3",4,60,500,0.2,1,122.636365329215,21.861397251446,18.5003819856385,9.41873709584272,0.158638306629479,0.0810820846977701,0.0183934410704202,10.3893346072587,0.123132087371614,0.0625959132500183,0.00907414500748282,29,0.00148813971473816,2
"diploid","0","male","0",-1,2800,2.5,0.0881669955430373,0,"param_sweep_2_4",4,60,500,0.2,1,122.636365329215,21.861397251446,18.5003819856385,9.41873709584272,0.158638306629479,0.148905703425088,0.036865030804321,17.8149310488475,0.177568337110722,0.105220415499574,0.00990523882409419,56.2727272727273,0.00638196341395648,2
"diploid","0","male","0",-1,2800,2.5,0.104547809443796,0.0189535999149208,"param_sweep_2_5",4,60,500,0.2,1,122.636365329215,21.861397251446,18.5003819856385,9.41873709584272,0.158638306629479,0.12952036212359,0.0315602253847712,12.7244741449737,0.236870896776574,0.0959048331570634,0.00883389030703173,57.0909090909091,0.00476111971267432,2
"diploid","0","male","0",-1,2800,2.5,0.0914480518192419,0.0168352758660435,"param_sweep_2_6",4,60,500,0.2,1,122.636365329215,21.861397251446,18.5003819856385,9.41873709584272,0.158638306629479,0.100912038706109,0.0182222103735088,20.1617859137452,0.193890961484647,0.0878439465532136,0.00691911539476449,80.9090909090909,0.00901825647872781,2
"diploid","0","male","0",-1,2800,2.5,0.0852571706965509,0.0224252217156118,"param_sweep_2_7",4,60,500,0.2,1,122.636365329215,21.861397251446,18.5003819856385,9.41873709584272,0.158638306629479,0.0978251562177213,0.0273172442283034,25.2954642412963,0.26136443455171,0.0816100371238285,0.00438109742372012,139.636363636364,0.0176850441770606,2
"diploid","0","male","0",-1,2800,2.5,0.064225304111675,0,"param_sweep_2_8",4,60,500,0.2,1,122.636365329215,21.861397251446,18.5003819856385,9.41873709584272,0.158638306629479,0.130375519312268,0.0225557171572233,9.71891896234505,0.0460700504350843,0.0624800909798965,0.00449714917275791,19.0909090909091,0.000514447249501847,2
"diploid","0","male","0",-1,2800,2.5,0.0461704762352998,0.0251838238228825,"param_sweep_2_9",4,60,500,0.2,1,122.636365329215,21.861397251446,18.5003819856385,9.41873709584272,0.158638306629479,0.0702029530261606,0.0331590028089813,14.854701014101,0.293139637116967,0.0436120894191471,0.00801973583799021,62.5454545454545,0.00801859244558121,2
"diploid","0","male","0",-1,2800,2.5,0.121705306191904,0.0153634362272841,"param_sweep_2_10",4,60,500,0.2,1,122.636365329215,21.861397251446,18.5003819856385,9.41873709584272,0.158638306629479,0.141260362953437,0.0224124636023097,18.0589200265563,0.187212009344241,0.114794583102402,0.00960908686247389,67.2727272727273,0.00734918630996267,2
"triploid","0","female","0",-1,2800,2.5,0.007756903431814,0.00238037015692617,"param_sweep_3_1",4,60,500,0.2,1,124.482681910942,21.7890912668541,18.5003819856385,9.41873709584272,0.158638306629479,0,0,13.4828396886868,0.0202680234661463,0.00871931254444076,0.00121004254220103,36.9090909090909,0.000447304801452701,3
"triploid","0","female","0",-1,2800,2.5,8.34993545521299e-19,0,"param_sweep_3_2",4,60,500,0.2,1,124.482681910942,21.7890912668541,18.5003819856385,9.41873709584272,0.158638306629479,0.110781852140374,0,50.5698454735466,4.97693281749309e-18,3.23113115891136e-18,0,38,1.00000350410058e-18,3
"triploid","0","female","0",-1,2800,2.5,0.000137171218033259,0,"param_sweep_3_3",4,60,500,0.2,1,124.482681910942,21.7890912668541,18.5003819856385,9.41873709584272,0.158638306629479,0.0740581767810423,0,18.5853957962238,0.000299756021108387,0.000237274131175525,0,26.4545454545455,8.19779176287774e-06,3
"triploid","0","female","0",-1,2800,2.5,0.000210081053098574,0,"param_sweep_3_4",4,60,500,0.2,1,124.482681910942,21.7890912668541,18.5003819856385,9.41873709584272,0.158638306629479,0,0,6.81849081148343,0.00878415815379768,0.000812939740917314,0.00161351646892099,12.2727272727273,3.6506986691164e-05,3
"triploid","0","female","0",-1,2800,2.5,0.000243873350091708,0,"param_sweep_3_5",4,60,500,0.2,1,124.482681910942,21.7890912668541,18.5003819856385,9.41873709584272,0.158638306629479,0,0,8.5962116096825,0.00118779467128479,0.000551626187133973,0.000107160974080163,14.6363636363636,7.13186935550064e-06,3
"triploid","0","female","0",-1,2800,2.5,7.70909123720556e-20,0,"param_sweep_3_6",4,60,500,0.2,1,124.482681910942,21.7890912668541,18.5003819856385,9.41873709584272,0.158638306629479,0,0,50.4361736555952,2.08457883142953e-19,2.12376827150607e-19,0,14.7272727272727,4.16657542709389e-20,3
"triploid","0","female","0",-1,2800,2.5,0.0391912567322301,0.006355431804175,"param_sweep_3_7",4,60,500,0.2,1,124.482681910942,21.7890912668541,18.5003819856385,9.41873709584272,0.158638306629479,0.132833979422247,0.0159568118919465,12.4337196678282,0.0694659346022111,0.0423681080707895,0.00617887459095289,27.8181818181818,0.00141180852298223,3
"triploid","0","female","0",-1,2800,2.5,4.36633481712448e-05,0,"param_sweep_3_8",4,60,500,0.2,1,124.482681910942,21.7890912668541,18.5003819856385,9.41873709584272,0.158638306629479,0,0,8.29852444277575,0.00172185427305256,0.000168961790824892,0.00027532318374883,12.0909090909091,8.49914480599074e-06,3
"triploid","0","female","0",-1,2800,2.5,0.00798982582952888,0.00186902347895967,"param_sweep_3_9",4,60,500,0.2,1,124.482681910942,21.7890912668541,18.5003819856385,9.41873709584272,0.158638306629479,0.05820211473697,0.00905489982260401,8.07986954437622,0.0170010739521551,0.00860771019704665,0.00221826304938157,17.4545454545455,0.000118372149489102,3
"triploid","0","female","0",-1,2800,2.5,0.00360650907847307,0.00105108257278566,"param_sweep_3_10",4,60,500,0.2,1,124.482681910942,21.7890912668541,18.5003819856385,9.41873709584272,0.158638306629479,0.0856105736500018,0,13.2223481505114,0.00696649415901651,0.00442958399472681,0.000415337448216262,25.5454545454545,0.000147090754600034,3
"triploid","0","male","0",-1,2800,2.5,0.0212550467608923,0,"param_sweep_4_1",4,60,500,0.2,1,128.155313441048,21.7788817539997,18.5003819856385,9.41873709584272,0.158638306629479,0,0,19.2142112869473,0.418644309180349,0.0149922860317999,0.0126411750638187,112.272727272727,0.0172670047625185,4
"triploid","0","male","0",-1,2800,2.5,0.102915743053044,0,"param_sweep_4_2",4,60,500,0.2,1,128.155313441048,21.7788817539997,18.5003819856385,9.41873709584272,0.158638306629479,0,0.0106430751502707,14.4643834296222,0.267996198403941,0.100332632727246,0.00724184615666649,75.1818181818182,0.006837932443351,4
"triploid","0","male","0",-1,2800,2.5,0.041881498739817,0.00625614140940271,"param_sweep_4_3",4,60,500,0.2,1,128.155313441048,21.7788817539997,18.5003819856385,9.41873709584272,0.158638306629479,0,0,8.34194919986209,0.0458965205858296,0.040115698698807,0.00568629566340475,21.0909090909091,0.000333586968112138,4
"triploid","0","male","0",-1,2800,2.5,9.31055934772178e-07,0.00444400226731478,"param_sweep_4_4",4,60,500,0.2,1,128.155313441048,21.7788817539997,18.5003819856385,9.41873709584272,0.158638306629479,0,0.0148571165830467,7.77737778844321,0.0271860901807732,3.60285879773305e-06,0.00316370418241112,17.4545454545455,0.000163244869242199,4
"triploid","0","male","0",-1,2800,2.5,0.00413646216496002,0.00594914321735804,"param_sweep_4_5",4,60,500,0.2,1,128.155313441048,21.7788817539997,18.5003819856385,9.41873709584272,0.158638306629479,0,0,7.37895591015302,0.0201875189310687,0.00461202110340526,0.00329613652115494,15.0909090909091,0.000111993424418441,4
"triploid","0","male","0",-1,2800,2.5,0.0298008423102806,0.00637234890544482,"param_sweep_4_6",4,60,500,0.2,1,128.155313441048,21.7788817539997,18.5003819856385,9.41873709584272,0.158638306629479,0,0,10.1543957605184,0.0460769614326032,0.0200333347048027,0.0034175225304835,23.7272727272727,0.000534521410164356,4
"triploid","0","male","0",-1,2800,2.5,0.105658662130338,0,"param_sweep_4_7",4,60,500,0.2,1,128.155313441048,21.7788817539997,18.5003819856385,9.41873709584272,0.158638306629479,0,0,17.4330231754095,0.29072239638326,0.0988098838793222,0.0102967263564147,92.2727272727273,0.0107066183767539,4
"triploid","0","male","0",-1,2800,2.5,0.00528121792528283,0.00382140090762596,"param_sweep_4_8",4,60,500,0.2,1,128.155313441048,21.7788817539997,18.5003819856385,9.41873709584272,0.158638306629479,0,0.0100466497129923,7.16902267184113,0.0238608008108215,0.00564848038291581,0.00350138890220095,13.4545454545455,0.000116590282504877,4
"triploid","0","male","0",-1,2800,2.5,0.0217161818515523,0,"param_sweep_4_9",4,60,500,0.2,1,128.155313441048,21.7788817539997,18.5003819856385,9.41873709584272,0.158638306629479,0,0.0187525599328753,8.16861077981318,0.402782704599089,0.0247133091404819,0.0284146438202888,33.0909090909091,0.00306027859698419,4
"triploid","0","male","0",-1,2800,2.5,0.110715009240757,0.00562434185412311,"param_sweep_4_10",4,60,500,0.2,1,128.155313441048,21.7788817539997,18.5003819856385,9.41873709584272,0.158638306629479,0,0,14.3878780419084,0.0979851198677208,0.102101101584257,0.0050607040315544,41.1818181818182,0.00261786903566498,4
"diploid","0","female","0",1,2800,2.5,0.00153423220264454,0,"param_sweep_5_1",4,60,500,0.2,1,123.785787012848,21.7571020669039,18.5003819856385,9.41873709584272,0.158638306629479,0,0,15.9345118898986,0.00109586915266979,0.00222490916355989,0,70.0909090909091,3.07810378814694e-05,5
"diploid","0","female","0",1,2800,2.5,1.27492621172235e-17,0,"param_sweep_5_2",4,60,500,0.2,1,123.785787012848,21.7571020669039,18.5003819856385,9.41873709584272,0.158638306629479,0.225217263775984,0,50.5647784246066,2.32902299787277e-17,1.74102459570211e-17,0,61,4.67703070923213e-18,5
"diploid","0","female","0",1,2800,2.5,0.390602972256297,0,"param_sweep_5_3",4,60,500,0.2,1,123.785787012848,21.7571020669039,18.5003819856385,9.41873709584272,0.158638306629479,0.305162494191921,0,30.8099535101099,0.259075171330936,0.425544992166847,0.00465337116597419,152.545454545455,0.0238724951767717,5
"diploid","0","female","0",1,2800,2.5,0.0726927122635739,0,"param_sweep_5_4",4,60,500,0.2,1,123.785787012848,21.7571020669039,18.5003819856385,9.41873709584272,0.158638306629479,0.0855396363352142,0,19.0855595272443,0.278397029867614,0.0568287092551647,0.00596870456746358,157.818181818182,0.0120101206853056,5
"diploid","0","female","0",1,2800,2.5,0.183229448889835,0,"param_sweep_5_5",4,60,500,0.2,1,123.785787012848,21.7571020669039,18.5003819856385,9.41873709584272,0.158638306629479,0.13065097033149,0,21.9027719143822,0.209888100711711,0.203166432063586,0.00490934929484869,116.454545454545,0.0112230488047925,5
"diploid","0","female","0",1,2800,2.5,0.298183519577012,0,"param_sweep_5_6",4,60,500,0.2,1,123.785787012848,21.7571020669039,18.5003819856385,9.41873709584272,0.158638306629479,0.290209797892382,0,16.7824841825497,0.118278301489294,0.255076212460008,0.00459283363753952,41.1818181818182,0.00380676970670905,5
"diploid","0","female","0",1,2800,2.5,0.0167588896430074,0,"param_sweep_5_7",4,60,500,0.2,1,123.785787012848,21.7571020669039,18.5003819856385,9.41873709584272,0.158638306629479,0.139565150682381,0,15.1844566159594,0.0429197072072482,0.0233215420068158,0.00107775018238106,50.1818181818182,0.00121264507950416,5
"diploid","0","female","0",1,2800,2.5,0.020548310514105,0,"param_sweep_5_8",4,60,500,0.2,1,123.785787012848,21.7571020669039,18.5003819856385,9.41873709584272,0.158638306629479,0.133556547167217,0,39.7068786701266,0.00808546550616886,0.023223409951463,0,93.2727272727273,0.00102685042661547,5
"diploid","0","female","0",1,2800,2.5,0.00317147239870533,0,"param_sweep_5_9",4,60,500,0.2,1,123.785787012848,21.7571020669039,18.5003819856385,9.41873709584272,0.158638306629479,0.317431089573806,0.0167238245059762,17.7794277272019,0.000822087112613332,0.00302220056547728,0,33.3636363636364,2.79640843864786e-05,5
"diploid","0","female","0",1,2800,2.5,0.083909064317082,0,"param_sweep_5_10",4,60,500,0.2,1,123.785787012848,21.7571020669039,18.5003819856385,9.41873709584272,0.158638306629479,0.0793238232436023,0,25.0930887437142,0.115724857546828,0.0640579207092718,0.00222893304338385,99.3636363636364,0.0076580135170254,5
"diploid","0","male","0",1,2800,2.5,0.0739546329311551,0,"param_sweep_6_1",4,60,500,0.2,1,125.469339781248,21.9125778200872,18.5003819856385,9.41873709584272,0.158638306629479,0.269755640816465,0.0170893438133411,20.896344702425,0.3248645953864,0.160945498398351,0.0187290689668651,150.272727272727,0.0163613028026602,6
"diploid","0","male","0",1,2800,2.5,0.165371030278613,0,"param_sweep_6_2",4,60,500,0.2,1,125.469339781248,21.9125778200872,18.5003819856385,9.41873709584272,0.158638306629479,0.217046606030653,0.0348395664779775,22.3770927789679,0.383946779415186,0.172698092745629,0.0207340368122692,129.090909090909,0.0194741932696265,6
"diploid","0","male","0",1,2800,2.5,0.245710127817868,0,"param_sweep_6_3",4,60,500,0.2,1,125.469339781248,21.9125778200872,18.5003819856385,9.41873709584272,0.158638306629479,0.228097484744229,0.0246522076387095,27.0129264153036,0.466159906857641,0.20904498505394,0,225.727272727273,0.0333291022459944,6
"diploid","0","male","0",1,2800,2.5,0.119635224790721,0,"param_sweep_6_4",4,60,500,0.2,1,125.469339781248,21.9125778200872,18.5003819856385,9.41873709584272,0.158638306629479,0.119588695366232,0,25.4714568231323,0.298469039125923,0.109189523825937,0,180.636363636364,0.0197198518371102,6
"diploid","0","male","0",1,2800,2.5,0.124308811183427,0,"param_sweep_6_5",4,60,500,0.2,1,125.469339781248,21.9125778200872,18.5003819856385,9.41873709584272,0.158638306629479,0.108778961603297,0.0117085452424437,24.9473393461815,0.415868296514602,0.116863650442236,0.00746446674197488,185.454545454545,0.0268349083218022,6
"diploid","0","male","0",1,2800,2.5,0.215828875969278,0,"param_sweep_6_6",4,60,500,0.2,1,125.469339781248,21.9125778200872,18.5003819856385,9.41873709584272,0.158638306629479,0.20713175967102,0.0208614523152052,21.996946007021,0.365925393071231,0.204840225224637,0.00733936320287642,150.909090909091,0.0194720506317637,6
"diploid","0","male","0",1,2800,2.5,0.123014835545022,0,"param_sweep_6_7",4,60,500,0.2,1,125.469339781248,21.9125778200872,18.5003819856385,9.41873709584272,0.158638306629479,0.101747714676374,0.0144386664730517,18.1688792692008,0.261849575173795,0.126310093158958,0.00843320477466377,157.909090909091,0.0106458686187129,6
"diploid","0","male","0",1,2800,2.5,0.0887441972964577,0,"param_sweep_6_8",4,60,500,0.2,1,125.469339781248,21.9125778200872,18.5003819856385,9.41873709584272,0.158638306629479,0.152658680178197,0,22.2067512741595,0.497577805565245,0.0771726776477983,0,226.909090909091,0.0271877506538594,6
"diploid","0","male","0",1,2800,2.5,0.208684972564491,0,"param_sweep_6_9",4,60,500,0.2,1,125.469339781248,21.9125778200872,18.5003819856385,9.41873709584272,0.158638306629479,0.296807612418871,0.0247201717461771,16.7401993770768,0.348247160683313,0.198061124109387,0,91.8181818181818,0.0118495939822687,6
"diploid","0","male","0",1,2800,2.5,0.119433221318643,0,"param_sweep_6_10",4,60,500,0.2,1,125.469339781248,21.9125778200872,18.5003819856385,9.41873709584272,0.158638306629479,0.0977493978771412,0.0170984203914179,25.2723994854244,0.321244863918285,0.112685046439839,0.00590224127307472,156.818181818182,0.0209791188292079,6
"triploid","0","female","0",1,2800,2.5,0.000694078629721025,0,"param_sweep_7_1",4,60,500,0.2,1,129.251889973295,21.8670743380699,18.5003819856385,9.41873709584272,0.158638306629479,0,0,21.297584480977,0.00180129569919565,0.000364800061254732,0.000105269551505164,53.0909090909091,8.03819535248019e-05,7
"triploid","0","female","0",1,2800,2.5,0,0,"param_sweep_7_2",4,60,500,0.2,1,129.251889973295,21.8670743380699,18.5003819856385,9.41873709584272,0.158638306629479,0,0,50.4374911483587,5.13592198153006e-17,0,0,23.6363636363636,1.02618407292243e-17,7
"triploid","0","female","0",1,2800,2.5,0,0,"param_sweep_7_3",4,60,500,0.2,1,129.251889973295,21.8670743380699,18.5003819856385,9.41873709584272,0.158638306629479,0,0,34.8517488741881,0.00757901893828689,0,0,120.727272727273,0.00078865189412089,7
"triploid","0","female","0",1,2800,2.5,0.00252738170406256,0.00117137604616721,"param_sweep_7_4",4,60,500,0.2,1,129.251889973295,21.8670743380699,18.5003819856385,9.41873709584272,0.158638306629479,0,0,10.4866521830216,0.0223264694302925,0.00142897245414603,0.00145954077218083,31.6363636363636,0.000303213355888364,7
"triploid","0","female","0",1,2800,2.5,0.0173866020625663,0,"param_sweep_7_5",4,60,500,0.2,1,129.251889973295,21.8670743380699,18.5003819856385,9.41873709584272,0.158638306629479,0,0,17.7722869257643,0.01571009078931,0.0154921416044754,0.00103581406602416,56.0909090909091,0.000593716676813329,7
"triploid","0","female","0",1,2800,2.5,8.82500468561128e-07,0,"param_sweep_7_6",4,60,500,0.2,1,129.251889973295,21.8670743380699,18.5003819856385,9.41873709584272,0.158638306629479,0,0,44.3970577773515,6.70057758171671e-07,7.60631991089057e-07,0,15.4545454545455,1.03831285675511e-07,7
"triploid","0","female","0",1,2800,2.5,1.34826599496871e-06,0,"param_sweep_7_7",4,60,500,0.2,1,129.251889973295,21.8670743380699,18.5003819856385,9.41873709584272,0.158638306629479,0,0,8.75970183854998,0.0277612688943377,5.21731490046938e-06,0.0026771430291828,20.4545454545455,0.000241090369681438,7
"triploid","0","female","0",1,2800,2.5,0.0291135048702408,0,"param_sweep_7_8",4,60,500,0.2,1,129.251889973295,21.8670743380699,18.5003819856385,9.41873709584272,0.158638306629479,0,0,15.8424699277252,0.0501438954250641,0.0245843921685993,0.0015173069489521,85.9090909090909,0.00172526543258759,7
"triploid","0","female","0",1,2800,2.5,0.00560743468113406,0.00165357478117769,"param_sweep_7_9",4,60,500,0.2,1,129.251889973295,21.8670743380699,18.5003819856385,9.41873709584272,0.158638306629479,0,0,11.8726144428049,0.0107491463440503,0.00348852433192662,0.00117351079223461,23.0909090909091,0.000186215623579399,7
"triploid","0","female","0",1,2800,2.5,0.0064138019934314,0,"param_sweep_7_10",4,60,500,0.2,1,129.251889973295,21.8670743380699,18.5003819856385,9.41873709584272,0.158638306629479,0,0,21.6860357552477,0.0670933345310781,0.00772974223713081,0.00158832165303639,99.9090909090909,0.00357326913461163,7
"triploid","0","male","0",1,2800,2.5,0.00125713286689356,0,"param_sweep_8_1",4,60,500,0.2,1,132.828167115667,21.6658429150288,18.5003819856385,9.41873709584272,0.158638306629479,0,0.0125221315881414,19.3711226357367,0.105876670006056,0.00486466176762528,0.00271298428529804,91.2727272727273,0.00470046064615377,8
"triploid","0","male","0",1,2800,2.5,0,0.0123247713228889,"param_sweep_8_2",4,60,500,0.2,1,132.828167115667,21.6658429150288,18.5003819856385,9.41873709584272,0.158638306629479,0,0,12.2712750442712,0.12277226648194,0,0.00579881998388222,43.0909090909091,0.00214571602386691,8
"triploid","0","male","0",1,2800,2.5,0.00112380273203689,0,"param_sweep_8_3",4,60,500,0.2,1,132.828167115667,21.6658429150288,18.5003819856385,9.41873709584272,0.158638306629479,0,0.0144586544231167,26.6588519322322,0.158411906798073,0.00434872106907977,0,163.090909090909,0.0114305472121606,8
"triploid","0","male","0",1,2800,2.5,0.000977322053237317,0,"param_sweep_8_4",4,60,500,0.2,1,132.828167115667,21.6658429150288,18.5003819856385,9.41873709584272,0.158638306629479,0,0,18.6989986122717,0.157477909040317,0.00378189239359308,0.00226155864198828,125.909090909091,0.00637202261043629,8
"triploid","0","male","0",1,2800,2.5,0.192099026273247,0,"param_sweep_8_5",4,60,500,0.2,1,132.828167115667,21.6658429150288,18.5003819856385,9.41873709584272,0.158638306629479,0.212899170934423,0.0179966178124694,22.3389672491947,0.251514837706685,0.13961376782007,0.00218332528080982,147.909090909091,0.0137208017643245,8
"triploid","0","male","0",1,2800,2.5,0.0206916865562613,0,"param_sweep_8_6",4,60,500,0.2,1,132.828167115667,21.6658429150288,18.5003819856385,9.41873709584272,0.158638306629479,0.315725209964031,0.0294374082373007,11.9688147622066,0.102742516025793,0.0289944454121998,0.00461597767050027,35.8181818181818,0.00175946636046995,8
"triploid","0","male","0",1,2800,2.5,0.000594123584979169,0.0123123732038459,"param_sweep_8_7",4,60,500,0.2,1,132.828167115667,21.6658429150288,18.5003819856385,9.41873709584272,0.158638306629479,0,0.0128393389129322,11.8569750736052,0.136771960866702,0.00229904918183747,0.00735366452172459,49.9090909090909,0.0024451803163525,8
"triploid","0","male","0",1,2800,2.5,0.0533896830910419,0,"param_sweep_8_8",4,60,500,0.2,1,132.828167115667,21.6658429150288,18.5003819856385,9.41873709584272,0.158638306629479,0.186918344751866,0.0220012757027105,23.4301494791447,0.5092270707797,0.0469286942911795,0.0200850062637545,287.181818181818,0.0284233142051785,8
"triploid","0","male","0",1,2800,2.5,0.00246323011479897,0,"param_sweep_8_9",4,60,500,0.2,1,132.828167115667,21.6658429150288,18.5003819856385,9.41873709584272,0.158638306629479,0,0.0142507130092985,10.2780776736012,0.27009106535178,0.00953183365091382,0.0112071362529247,46.8181818181818,0.00361423194866181,8
"triploid","0","male","0",1,2800,2.5,0.0387730577585925,0,"param_sweep_8_10",4,60,500,0.2,1,132.828167115667,21.6658429150288,18.5003819856385,9.41873709584272,0.158638306629479,0.13090379457243,0.0104548281407352,22.3210178398933,0.241220720094557,0.0341391691161986,0.0036801993473275,166.818181818182,0.0134141182154959,8
"diploid","0","female","0",-1,3200,2.5,0.00216112022504526,0,"param_sweep_9_1",4,60,500,0.2,1,128.413333294777,21.739034145597,18.5003819856385,9.41873709584272,0.158638306629479,0.108349477401031,0,27.7741931527176,0.000899655238151091,0.00246591011178432,0,61.1818181818182,5.90516213571798e-05,9
"diploid","0","female","0",-1,3200,2.5,3.94060959292762e-20,0,"param_sweep_9_2",4,60,500,0.2,1,128.413333294777,21.739034145597,18.5003819856385,9.41873709584272,0.158638306629479,0.138644058907594,0,50.8077351585538,1.44732232288016e-20,6.33143084473961e-20,0,37.7272727272727,2.93506107742847e-21,9
"diploid","0","female","0",-1,3200,2.5,0.0238904795189078,0,"param_sweep_9_3",4,60,500,0.2,1,128.413333294777,21.739034145597,18.5003819856385,9.41873709584272,0.158638306629479,0.0593701829710112,0,18.6078792749596,0.0173709025050659,0.0213850904267871,0.000514757352425589,52.8181818181818,0.00063096887468284,9
"diploid","0","female","0",-1,3200,2.5,3.75885546718219e-07,0,"param_sweep_9_4",4,60,500,0.2,1,128.413333294777,21.739034145597,18.5003819856385,9.41873709584272,0.158638306629479,0.135808236897254,0,50.7318178145042,1.4607200764917e-07,5.91882118909027e-07,0,15.0909090909091,2.95342674956957e-08,9
"diploid","0","female","0",-1,3200,2.5,0.0329182159071129,0.00439574363871804,"param_sweep_9_5",4,60,500,0.2,1,128.413333294777,21.739034145597,18.5003819856385,9.41873709584272,0.158638306629479,0.0463215349820993,0.00458496009970481,12.6372959075191,0.0246629858650379,0.0264065562894968,0.00212009274392056,26.9090909090909,0.000493004721016283,9
"diploid","0","female","0",-1,3200,2.5,0.010395074113255,0,"param_sweep_9_6",4,60,500,0.2,1,128.413333294777,21.739034145597,18.5003819856385,9.41873709584272,0.158638306629479,0.0891313703342198,0,13.3495356638792,0.00485690399571837,0.00864986527992769,0.000409822705536534,23.8181818181818,0.000100884357843532,9
"diploid","0","female","0",-1,3200,2.5,0.0337289361795197,0,"param_sweep_9_7",4,60,500,0.2,1,128.413333294777,21.739034145597,18.5003819856385,9.41873709584272,0.158638306629479,0.0774034610238787,0,20.0269977185592,0.022701137733529,0.0315285342432846,0.000679929910310886,45.4545454545455,0.00105018841604923,9
"diploid","0","female","0",-1,3200,2.5,2.1751623307692e-18,0,"param_sweep_9_8",4,60,500,0.2,1,128.413333294777,21.739034145597,18.5003819856385,9.41873709584272,0.158638306629479,0.092801650762796,0,50.7134790857028,1.02156383579037e-18,3.28926533391383e-18,0,50.8181818181818,2.06388810794413e-19,9
"diploid","0","female","0",-1,3200,2.5,1.34883056570699e-18,0,"param_sweep_9_9",4,60,500,0.2,1,128.413333294777,21.739034145597,18.5003819856385,9.41873709584272,0.158638306629479,0.113842980591079,0,50.770473306052,4.10310294139182e-19,2.07562499555345e-18,0,68.5454545454545,8.30874436712164e-20,9
"diploid","0","female","0",-1,3200,2.5,0.0013395234077659,0,"param_sweep_9_10",4,60,500,0.2,1,128.413333294777,21.739034145597,18.5003819856385,9.41873709584272,0.158638306629479,0.0808751157985545,0,26.9151366645715,0.000701071442397867,0.00147919232752845,0,53.7272727272727,4.27904908972177e-05,9
"diploid","0","male","0",-1,3200,2.5,0.12085992168744,0,"param_sweep_10_1",4,60,500,0.2,1,121.802319063752,21.8907796139017,18.5003819856385,9.41873709584272,0.158638306629479,0.131123160213105,0.0158125685626322,20.8686410222166,0.212648402872979,0.123049828586,0.00578981922793756,100.181818181818,0.0105273387631514,10
"diploid","0","male","0",-1,3200,2.5,0.156346174610023,0,"param_sweep_10_2",4,60,500,0.2,1,121.802319063752,21.8907796139017,18.5003819856385,9.41873709584272,0.158638306629479,0.164187940277442,0,15.3043587816833,0.12639073541881,0.157274147987412,0.00737274557457124,38.0909090909091,0.00355645424635008,10
"diploid","0","male","0",-1,3200,2.5,0.0837197356385496,0,"param_sweep_10_3",4,60,500,0.2,1,121.802319063752,21.8907796139017,18.5003819856385,9.41873709584272,0.158638306629479,0.0911210569836246,0.020375720131899,14.3211444051484,0.316252409109221,0.0877824856548904,0.0168709717365189,45.5454545454545,0.00802446224189347,10
"diploid","0","male","0",-1,3200,2.5,4.07765493417283e-05,0,"param_sweep_10_4",4,60,500,0.2,1,121.802319063752,21.8907796139017,18.5003819856385,9.41873709584272,0.158638306629479,0.217785637918618,0,50.7523157518879,1.1114584160064e-05,6.71598272742265e-05,0,18.1818181818182,2.24899762128082e-06,10
"diploid","0","male","0",-1,3200,2.5,0.0346484477007401,0,"param_sweep_10_5",4,60,500,0.2,1,121.802319063752,21.8907796139017,18.5003819856385,9.41873709584272,0.158638306629479,0.0916430616172479,0.0100323939711766,22.1494569110747,0.53604839831372,0.0438695727856165,0.0123043388237933,157.363636363636,0.0299272708660144,10
"diploid","0","male","0",-1,3200,2.5,0.103481428737206,0,"param_sweep_10_6",4,60,500,0.2,1,121.802319063752,21.8907796139017,18.5003819856385,9.41873709584272,0.158638306629479,0.108088713302266,0.0129302232630724,20.9698436339996,0.252093959927297,0.104118780703574,0.00637713108640401,85.8181818181818,0.0126165241482699,10
"diploid","0","male","0",-1,3200,2.5,0.10021802542676,0,"param_sweep_10_7",4,60,500,0.2,1,121.802319063752,21.8907796139017,18.5003819856385,9.41873709584272,0.158638306629479,0.0959150582362017,0.0106345912990805,22.7770175672088,0.19007555620401,0.0996716388353521,0.00366690797197909,94.0909090909091,0.0107867880235611,10
"diploid","0","male","0",-1,3200,2.5,1.47309188421444e-17,0,"param_sweep_10_8",4,60,500,0.2,1,121.802319063752,21.8907796139017,18.5003819856385,9.41873709584272,0.158638306629479,0.157043696829673,0,50.675426537511,5.39341428073188e-18,2.35951278329602e-17,0,48,1.08802564278655e-18,10
"diploid","0","male","0",-1,3200,2.5,0.173747817894866,0,"param_sweep_10_9",4,60,500,0.2,1,121.802319063752,21.8907796139017,18.5003819856385,9.41873709584272,0.158638306629479,0.1686059719494,0,21.5442147856444,0.131768777321751,0.169276544406845,0.00487285487949593,87.7272727272727,0.00706560373825334,10
"diploid","0","male","0",-1,3200,2.5,0.166663767071085,0,"param_sweep_10_10",4,60,500,0.2,1,121.802319063752,21.8907796139017,18.5003819856385,9.41873709584272,0.158638306629479,0.165518986004835,0,23.117151731776,0.17245631754697,0.167467637692049,0,95.0909090909091,0.0098569476252111,10
"triploid","0","female","0",-1,3200,2.5,0.0064274623868409,0,"param_sweep_11_1",4,60,500,0.2,1,124.437093886589,21.8619259518514,18.5003819856385,9.41873709584272,0.158638306629479,0.158273143429525,0,10.3267526724459,0.00252666629923581,0.0052893518600638,0.000233861358928548,40.5454545454545,3.10578501201227e-05,11
"triploid","0","female","0",-1,3200,2.5,5.92311993730619e-21,0,"param_sweep_11_2",4,60,500,0.2,1,124.437093886589,21.8619259518514,18.5003819856385,9.41873709584272,0.158638306629479,0.182575086802689,0,50.7177956777714,2.21249379669249e-21,9.76732442819838e-21,0,13.6363636363636,4.47143272178682e-22,11
"triploid","0","female","0",-1,3200,2.5,0.014712881798882,0,"param_sweep_11_3",4,60,500,0.2,1,124.437093886589,21.8619259518514,18.5003819856385,9.41873709584272,0.158638306629479,0.133965326408256,0,12.0679849446655,0.0109768865476337,0.0115395695727963,0.00107770288024541,41.0909090909091,0.000189909166368077,11
"triploid","0","female","0",-1,3200,2.5,1.75530441961293e-19,0,"param_sweep_11_4",4,60,500,0.2,1,124.437093886589,21.8619259518514,18.5003819856385,9.41873709584272,0.158638306629479,0.171901882606587,0,50.688416428912,7.14437371065851e-20,2.86987251886344e-19,0,14.2727272727273,1.44222312038313e-20,11
"triploid","0","female","0",-1,3200,2.5,0.0178102067583502,0.00120770211491181,"param_sweep_11_5",4,60,500,0.2,1,124.437093886589,21.8619259518514,18.5003819856385,9.41873709584272,0.158638306629479,0.148169981910201,0,10.7012808222683,0.0128233337171263,0.0171078244002146,0.00110379190442715,24.6363636363636,0.000176730396834699,11
"triploid","0","female","0",-1,3200,2.5,1.03315980706871e-06,0,"param_sweep_11_6",4,60,500,0.2,1,124.437093886589,21.8619259518514,18.5003819856385,9.41873709584272,0.158638306629479,0.185087384131222,0,46.76384010092,4.48294654227916e-07,1.4499695147976e-06,0,13.6363636363636,7.66625906288545e-08,11
"triploid","0","female","0",-1,3200,2.5,0.024187785680381,0.00173312360840491,"param_sweep_11_7",4,60,500,0.2,1,124.437093886589,21.8619259518514,18.5003819856385,9.41873709584272,0.158638306629479,0.185179438814328,0,9.56258032467438,0.01348188839844,0.0237333771113631,0.00154404715557037,15.9090909090909,0.000142077675070043,11
"triploid","0","female","0",-1,3200,2.5,4.15688866443966e-18,0,"param_sweep_11_8",4,60,500,0.2,1,124.437093886589,21.8619259518514,18.5003819856385,9.41873709584272,0.158638306629479,0.140143615297481,0,50.6639143002951,2.21986423273756e-18,6.46932785627929e-18,0,33.0909090909091,4.47649759756436e-19,11
"triploid","0","female","0",-1,3200,2.5,0.00486954111082569,0,"param_sweep_11_9",4,60,500,0.2,1,124.437093886589,21.8619259518514,18.5003819856385,9.41873709584272,0.158638306629479,0.188285802319052,0,10.2352482393315,0.00149805237625442,0.00289933239774839,0.000223657705313678,46.5454545454545,1.51380135487334e-05,11
"triploid","0","female","0",-1,3200,2.5,1.54000598552906e-06,0,"param_sweep_11_10",4,60,500,0.2,1,124.437093886589,21.8619259518514,18.5003819856385,9.41873709584272,0.158638306629479,0.142150820566443,0,50.6145433779865,8.98958612171814e-07,2.35156964156356e-06,0,47.9090909090909,1.80919322512796e-07,11
"triploid","0","male","0",-1,3200,2.5,0.131542833428823,0,"param_sweep_12_1",4,60,500,0.2,1,121.888900308259,21.7633560661068,18.5003819856385,9.41873709584272,0.158638306629479,0.148119056200653,0.00907501280277286,17.3347606314506,0.235672208055973,0.129857375453238,0.00801807892150064,83.7272727272727,0.00823613656330982,12
"triploid","0","male","0",-1,3200,2.5,0.00363751581642452,0,"param_sweep_12_2",4,60,500,0.2,1,121.888900308259,21.7633560661068,18.5003819856385,9.41873709584272,0.158638306629479,0.170831186403972,0,9.35620518546194,0.00156958801269307,0.00529778565502982,0,15.3636363636364,9.6144359239799e-06,12
"triploid","0","male","0",-1,3200,2.5,0.113680811189401,0,"param_sweep_12_3",4,60,500,0.2,1,121.888900308259,21.7633560661068,18.5003819856385,9.41873709584272,0.158638306629479,0.109992724137061,0.0141836137758577,11.6339740017653,0.232219594217687,0.109405978043379,0.014161912936614,39.2727272727273,0.00374918293612206,12
"triploid","0","male","0",-1,3200,2.5,3.26085305937792e-18,0,"param_sweep_12_4",4,60,500,0.2,1,121.888900308259,21.7633560661068,18.5003819856385,9.41873709584272,0.158638306629479,0.205206757874958,0,50.6654329836168,8.54550725745502e-19,5.16189139159169e-18,0,19.3636363636364,1.72321410574384e-19,12
"triploid","0","male","0",-1,3200,2.5,0.104461613587984,0,"param_sweep_12_5",4,60,500,0.2,1,121.888900308259,21.7633560661068,18.5003819856385,9.41873709584272,0.158638306629479,0.133983989796746,0.00794848537274939,20.3670825962348,0.337711566610179,0.0984489899871151,0.00807195286672168,113,0.0160301793395548,12
"triploid","0","male","0",-1,3200,2.5,0.144582749526072,0.0154246809615836,"param_sweep_12_6",4,60,500,0.2,1,121.888900308259,21.7633560661068,18.5003819856385,9.41873709584272,0.158638306629479,0.144180462163831,0,12.5282325170165,0.155531488044325,0.138840570992825,0.0107146860759864,37.6363636363636,0.00298710372488023,12
"triploid","0","male","0",-1,3200,2.5,0.0924951121351528,0.0048801532398484,"param_sweep_12_7",4,60,500,0.2,1,121.888900308259,21.7633560661068,18.5003819856385,9.41873709584272,0.158638306629479,0.143706687255619,0.007695086408807,14.044130504588,0.0616380327017261,0.0885188372616095,0.00407171614111379,35,0.00155338948797914,12
"triploid","0","male","0",-1,3200,2.5,0.000103810640345009,0,"param_sweep_12_8",4,60,500,0.2,1,121.888900308259,21.7633560661068,18.5003819856385,9.41873709584272,0.158638306629479,0.157001209495321,0,50.4786317669832,3.79149153341194e-05,0.000153170296052193,0,34.4545454545455,7.58709551145824e-06,12
"triploid","0","male","0",-1,3200,2.5,0.158856125432983,0,"param_sweep_12_9",4,60,500,0.2,1,121.888900308259,21.7633560661068,18.5003819856385,9.41873709584272,0.158638306629479,0.19535608524786,0.0118036929383225,19.3311181848308,0.246172439265903,0.160612328852665,0.00923850915029272,78.8181818181818,0.010993528492993,12
"triploid","0","male","0",-1,3200,2.5,0.182844003096632,0,"param_sweep_12_10",4,60,500,0.2,1,121.888900308259,21.7633560661068,18.5003819856385,9.41873709584272,0.158638306629479,0.171252014587746,0,19.4735341664682,0.153796810458604,0.173182520224113,0.00457602816409084,88.6363636363636,0.00682760817723429,12
"diploid","0","female","0",1,3200,2.5,0.604941858601412,0,"param_sweep_13_1",4,60,500,0.2,1,126.428728082681,21.867420104546,18.5003819856385,9.41873709584272,0.158638306629479,0.555468716765298,0.0269359547680386,15.7919373837497,0.213386930095972,0.564336393199614,0.00502991873631417,92.8181818181818,0.00661448284333073,13
"diploid","0","female","0",1,3200,2.5,2.38102620837683e-19,0,"param_sweep_13_2",4,60,500,0.2,1,126.428728082681,21.867420104546,18.5003819856385,9.41873709584272,0.158638306629479,0.377659821614733,0,50.7076149121443,3.35318057545804e-20,3.74261115346054e-19,0,25.8181818181818,6.7754742398153e-21,13
"diploid","0","female","0",1,3200,2.5,0.39091566444852,0,"param_sweep_13_3",4,60,500,0.2,1,126.428728082681,21.867420104546,18.5003819856385,9.41873709584272,0.158638306629479,0.414905468547054,0.0455915327607164,28.9644609821483,0.496074749423795,0.361422949604696,0.0137763114152839,143.181818181818,0.041605901369033,13
"diploid","0","female","0",1,3200,2.5,0.0384039949574361,0.00440802011418438,"param_sweep_13_4",4,60,500,0.2,1,126.428728082681,21.867420104546,18.5003819856385,9.41873709584272,0.158638306629479,0.181286644514592,0,15.3492011550252,0.0126520497407335,0.0309417761621116,0.00147654668044177,41.4545454545455,0.000351058497413286,13
"diploid","0","female","0",1,3200,2.5,0.123093364224149,0,"param_sweep_13_5",4,60,500,0.2,1,126.428728082681,21.867420104546,18.5003819856385,9.41873709584272,0.158638306629479,0.123168175672348,0.00719475128516113,25.2413597982401,0.42748340855283,0.10468945537675,0.00967252958666313,121.909090909091,0.0289695529341673,13
"diploid","0","female","0",1,3200,2.5,0.396807912637392,0,"param_sweep_13_6",4,60,500,0.2,1,126.428728082681,21.867420104546,18.5003819856385,9.41873709584272,0.158638306629479,0.345446847863791,0.0177781132754136,18.2070855328029,0.324172811053036,0.336089855146654,0.00852781118078861,82.9090909090909,0.0123033199517097,13
"diploid","0","female","0",1,3200,2.5,0.0290992955083029,0,"param_sweep_13_7",4,60,500,0.2,1,126.428728082681,21.867420104546,18.5003819856385,9.41873709584272,0.158638306629479,0.159508574071345,0,10.0314943506047,0.00932183597894026,0.021280898465417,0.000995262635321308,28,0.000116976166093311,13
"diploid","0","female","0",1,3200,2.5,1.54149655644516e-17,0,"param_sweep_13_8",4,60,500,0.2,1,126.428728082681,21.867420104546,18.5003819856385,9.41873709584272,0.158638306629479,0.204415396531725,0,50.7522794735201,3.52604820663888e-18,2.28302402429349e-17,0,93.6363636363636,7.13639353492867e-19,13
"diploid","0","female","0",1,3200,2.5,0.54972366521966,0,"param_sweep_13_9",4,60,500,0.2,1,126.428728082681,21.867420104546,18.5003819856385,9.41873709584272,0.158638306629479,0.791936157181725,0.0585612747007838,19.039757957403,0.387834104420847,0.597958807035757,0.0181607391733879,98.9090909090909,0.0174222917115481,13
"diploid","0","female","0",1,3200,2.5,0.16991828729247,0,"param_sweep_13_10",4,60,500,0.2,1,126.428728082681,21.867420104546,18.5003819856385,9.41873709584272,0.158638306629479,0.125878031034405,0,24.4673489057697,0.13636812269617,0.146187615789127,0.00410661301205756,97.0909090909091,0.00881462532848222,13
"diploid","0","male","0",1,3200,2.5,0.336408869345229,0,"param_sweep_14_1",4,60,500,0.2,1,127.501818893043,21.9433972884485,18.5003819856385,9.41873709584272,0.158638306629479,0.546700445587114,0.0276668831180401,23.3348441408548,0.352864467563131,0.33197554748353,0,144.545454545455,0.0202961015563123,14
"diploid","0","male","0",1,3200,2.5,0.336027563756995,0,"param_sweep_14_2",4,60,500,0.2,1,127.501818893043,21.9433972884485,18.5003819856385,9.41873709584272,0.158638306629479,0.368405906753906,0.0511482285955863,15.3980531323433,0.248511158572448,0.344893416774507,0.0107164059215212,57.0909090909091,0.00651404696478414,14
"diploid","0","male","0",1,3200,2.5,0.162004322164788,0,"param_sweep_14_3",4,60,500,0.2,1,127.501818893043,21.9433972884485,18.5003819856385,9.41873709584272,0.158638306629479,0.395708271809514,0.0453979113112214,29.7080724045046,0.635912150918281,0.176130380343695,0,200.272727272727,0.0519549923064547,14
"diploid","0","male","0",1,3200,2.5,0.208193301180398,0,"param_sweep_14_4",4,60,500,0.2,1,127.501818893043,21.9433972884485,18.5003819856385,9.41873709584272,0.158638306629479,0.221832438110607,0,26.6400775932426,0.223766057896103,0.220470073169548,0,118,0.0148348734817986,14
"diploid","0","male","0",1,3200,2.5,0.038734762014065,0,"param_sweep_14_5",4,60,500,0.2,1,127.501818893043,21.9433972884485,18.5003819856385,9.41873709584272,0.158638306629479,0.133279736686098,0.00757369770259156,23.9589308330978,0.637332314162715,0.0454853075607353,0,171.272727272727,0.0379919456054466,14
"diploid","0","male","0",1,3200,2.5,0.172946267058255,0,"param_sweep_14_6",4,60,500,0.2,1,127.501818893043,21.9433972884485,18.5003819856385,9.41873709584272,0.158638306629479,0.300617308530384,0.0204273619735478,24.3860505110859,0.455402001412911,0.21201127993534,0.0190159716261607,142.363636363636,0.0284045348101909,14
"diploid","0","male","0",1,3200,2.5,0.154986751022512,0,"param_sweep_14_7",4,60,500,0.2,1,127.501818893043,21.9433972884485,18.5003819856385,9.41873709584272,0.158638306629479,0.138219570625212,0.00962716660314304,21.0334968745839,0.177468298456814,0.176869966276974,0.0037970268003043,99.9090909090909,0.00891656535364794,14
"diploid","0","male","0",1,3200,2.5,0.235086253698372,0,"param_sweep_14_8",4,60,500,0.2,1,127.501818893043,21.9433972884485,18.5003819856385,9.41873709584272,0.158638306629479,0.248113744490682,0,29.6803814453705,0.255278675753039,0.254486378845297,0,125.909090909091,0.0197833809304403,14
"diploid","0","male","0",1,3200,2.5,0.340759335251194,0,"param_sweep_14_9",4,60,500,0.2,1,127.501818893043,21.9433972884485,18.5003819856385,9.41873709584272,0.158638306629479,0.905107438714043,0.0745094380544633,27.5658416977937,0.474691302596442,0.395905713637697,0,126.090909090909,0.0374376474097436,14
"diploid","0","male","0",1,3200,2.5,0.144858404546647,0,"param_sweep_14_10",4,60,500,0.2,1,127.501818893043,21.9433972884485,18.5003819856385,9.41873709584272,0.158638306629479,0.16821736386876,0.0413489511354116,29.3852327323361,0.315985143195049,0.158921008877077,0,139.909090909091,0.0249990443225923,14
"triploid","0","female","0",1,3200,2.5,0.635474515470991,0,"param_sweep_15_1",4,60,500,0.2,1,129.358473778534,21.7509793811796,18.5003819856385,9.41873709584272,0.158638306629479,0.600171313695765,0.0139909670682177,16.4722693364509,0.201149533370496,0.577923420938363,0.00664494733938874,52.4545454545455,0.00655518435784118,15
"triploid","0","female","0",1,3200,2.5,4.46126582877537e-20,0,"param_sweep_15_2",4,60,500,0.2,1,129.358473778534,21.7509793811796,18.5003819856385,9.41873709584272,0.158638306629479,0.377270114606088,0,50.5747111625648,6.14336939578911e-21,7.25782752862152e-20,0,10.0909090909091,1.23416304562143e-21,15
"triploid","0","female","0",1,3200,2.5,0.378778473880804,0,"param_sweep_15_3",4,60,500,0.2,1,129.358473778534,21.7509793811796,18.5003819856385,9.41873709584272,0.158638306629479,0.449294794476444,0.0312583523705448,25.1045458858617,0.464292399440681,0.43520761875362,0.0129369590912851,145.727272727273,0.0298806169830326,15
"triploid","0","female","0",1,3200,2.5,0.00543671245387391,0,"param_sweep_15_4",4,60,500,0.2,1,129.358473778534,21.7509793811796,18.5003819856385,9.41873709584272,0.158638306629479,0.162385212837141,0,14.7620244509757,0.00176770633421266,0.00319883208520972,0.000258604383453468,24.5454545454545,2.33140630276315e-05,15
"triploid","0","female","0",1,3200,2.5,0.214581586064882,0,"param_sweep_15_5",4,60,500,0.2,1,129.358473778534,21.7509793811796,18.5003819856385,9.41873709584272,0.158638306629479,0.157206779848646,0.00491948872653354,25.1605810928486,0.289195226697161,0.223523305648348,0.00717324026874591,108.636363636364,0.019100183919665,15
"triploid","0","female","0",1,3200,2.5,0.500385782165573,0,"param_sweep_15_6",4,60,500,0.2,1,129.358473778534,21.7509793811796,18.5003819856385,9.41873709584272,0.158638306629479,0.426687467828429,0.019093721708711,12.7779291179143,0.260267912520503,0.496345282925505,0.0172093739204477,28.8181818181818,0.00510411066398611,15
"triploid","0","female","0",1,3200,2.5,0.033672920130643,0,"param_sweep_15_7",4,60,500,0.2,1,129.358473778534,21.7509793811796,18.5003819856385,9.41873709584272,0.158638306629479,0.220344473471845,0.00687419144189221,7.4718794861678,0.0087795997609411,0.0283985658972238,0.0014948740721334,11.2727272727273,4.70613196383692e-05,15
"triploid","0","female","0",1,3200,2.5,7.40864510400684e-17,0,"param_sweep_15_8",4,60,500,0.2,1,129.358473778534,21.7509793811796,18.5003819856385,9.41873709584272,0.158638306629479,0.190286894923607,0,50.6838637330794,1.78230898713676e-17,1.16851958947198e-16,0,93.9090909090909,3.59609020235949e-18,15
"triploid","0","female","0",1,3200,2.5,0.472679993183251,0,"param_sweep_15_9",4,60,500,0.2,1,129.358473778534,21.7509793811796,18.5003819856385,9.41873709584272,0.158638306629479,0.862472326238996,0.022526442167681,18.0946015930569,0.331946791436571,0.575116010440258,0.00964811692363219,60,0.0134656050229119,15
"triploid","0","female","0",1,3200,2.5,0.148880239851108,0,"param_sweep_15_10",4,60,500,0.2,1,129.358473778534,21.7509793811796,18.5003819856385,9.41873709584272,0.158638306629479,0.11882893956878,0,23.5300396573619,0.107825214061547,0.145250476029986,0.00376638329657967,102.636363636364,0.00651394995675627,15
"triploid","0","male","0",1,3200,2.5,0.355048185179033,0,"param_sweep_16_1",4,60,500,0.2,1,125.472613976925,21.9016209765381,18.5003819856385,9.41873709584272,0.158638306629479,0.659845192635945,0.0211524535243654,19.4743533515775,0.395727278391129,0.369192633009552,0.00395328491851145,133.181818181818,0.0176474623086248,16
"triploid","0","male","0",1,3200,2.5,0.412751547021765,0,"param_sweep_16_2",4,60,500,0.2,1,125.472613976925,21.9016209765381,18.5003819856385,9.41873709584272,0.158638306629479,0.405842335392066,0.0285494641799179,7.90761817513495,0.172031066712305,0.42632462941451,0.020031734134098,18.6363636363636,0.00104588470500134,16
"triploid","0","male","0",1,3200,2.5,0.128536923058565,0,"param_sweep_16_3",4,60,500,0.2,1,125.472613976925,21.9016209765381,18.5003819856385,9.41873709584272,0.158638306629479,0.573408531767107,0.0435552532286404,21.9530245953671,0.76580480221123,0.125692408524518,0,294.545454545455,0.0390375887243779,16
"triploid","0","male","0",1,3200,2.5,0.0285528355027492,0,"param_sweep_16_4",4,60,500,0.2,1,125.472613976925,21.9016209765381,18.5003819856385,9.41873709584272,0.158638306629479,0.219686379709044,0,13.9179334565917,0.00788076241380072,0.0305757580424293,0.000262141163701884,52.2727272727273,0.000176157511463618,16
"triploid","0","male","0",1,3200,2.5,0.102961624494027,0,"param_sweep_16_5",4,60,500,0.2,1,125.472613976925,21.9016209765381,18.5003819856385,9.41873709584272,0.158638306629479,0.243381347556678,0.00801025695678093,28.2569806441788,0.519751209558937,0.114890468258919,0.00605284185987171,161.727272727273,0.0428237359260064,16
"triploid","0","male","0",1,3200,2.5,0.251083485413961,0,"param_sweep_16_6",4,60,500,0.2,1,125.472613976925,21.9016209765381,18.5003819856385,9.41873709584272,0.158638306629479,0.458061904123486,0.0269134208713602,18.9855688032146,0.429449569886907,0.276207059990645,0.0105370266355313,116.363636363636,0.0176170542261171,16
"triploid","0","male","0",1,3200,2.5,0.168070636577465,0.00271432047316417,"param_sweep_16_7",4,60,500,0.2,1,125.472613976925,21.9016209765381,18.5003819856385,9.41873709584272,0.158638306629479,0.237087807354442,0.00857597583454362,10.8385312166149,0.0729033834201451,0.178972881028935,0.00548333646319508,26.3636363636364,0.00106957469292775,16
"triploid","0","male","0",1,3200,2.5,0.226183879079492,0,"param_sweep_16_8",4,60,500,0.2,1,125.472613976925,21.9016209765381,18.5003819856385,9.41873709584272,0.158638306629479,0.275698907525404,0,33.1745694403157,0.311994571052606,0.231774458241357,0,142.363636363636,0.0295214470095643,16
"triploid","0","male","0",1,3200,2.5,0.330792897385648,0,"param_sweep_16_9",4,60,500,0.2,1,125.472613976925,21.9016209765381,18.5003819856385,9.41873709584272,0.158638306629479,1.17422621204469,0.0489361740238223,20.5151215012893,0.494253422419333,0.25061872199437,0,117.272727272727,0.0237764887479222,16
"triploid","0","male","0",1,3200,2.5,0.181806092672719,0,"param_sweep_16_10",4,60,500,0.2,1,125.472613976925,21.9016209765381,18.5003819856385,9.41873709584272,0.158638306629479,0.199471818731731,0.0180131777732152,26.2188759122674,0.281712975844044,0.198641142855285,0.00538135258058679,157.636363636364,0.0194887443622127,16
"diploid","0","female","0",-1,2800,2.5,0.0473931395331708,0,"param_sweep_17_1",4,60,500,0.2,1,123.707770596898,21.8130798968745,18.5003819856385,9.41873709584272,0.158638306629479,0,0,15.5864785749236,0.0687512561592588,0.0448183620092116,0.00280192822712123,74.5454545454545,0.00203701908523474,17
"diploid","0","female","0",-1,2800,2.5,2.4892203685466e-09,0,"param_sweep_17_2",4,60,500,0.2,1,123.707770596898,21.8130798968745,18.5003819856385,9.41873709584272,0.158638306629479,0.145924237888851,0,50.7220605426164,1.53452015521912e-09,3.99801539550017e-09,0,64.9090909090909,3.10107932299213e-10,17
"diploid","0","female","0",-1,2800,2.5,0.00296738240549765,0,"param_sweep_17_3",4,60,500,0.2,1,123.707770596898,21.8130798968745,18.5003819856385,9.41873709584272,0.158638306629479,0.159650056665565,0,10.7612401315305,0.00406189893540492,0.00310499591843713,0,42.1818181818182,4.53398960624663e-05,17
"diploid","0","female","0",-1,2800,2.5,0.0171055243868914,0.0063956555081213,"param_sweep_17_4",4,60,500,0.2,1,123.707770596898,21.8130798968745,18.5003819856385,9.41873709584272,0.158638306629479,0,0.0351049299494508,8.61402331466136,0.0216001726687831,0.0220490329417776,0.00235220333824374,16.3636363636364,0.000154275305757542,17
"diploid","0","female","0",-1,2800,2.5,0.010123103934478,0,"param_sweep_17_5",4,60,500,0.2,1,123.707770596898,21.8130798968745,18.5003819856385,9.41873709584272,0.158638306629479,0,0,8.50070530382047,0.0102397000627556,0.00880763945515505,0.00119253688915029,21,7.90269682172904e-05,17
"diploid","0","female","0",-1,2800,2.5,0.000575015864643558,0,"param_sweep_17_6",4,60,500,0.2,1,123.707770596898,21.8130798968745,18.5003819856385,9.41873709584272,0.158638306629479,0,0,16.0274930466601,0.00038331989844316,0.000885156091697242,0,29.2727272727273,7.92636307446231e-06,17
"diploid","0","female","0",-1,2800,2.5,0.0825274802403326,0,"param_sweep_17_7",4,60,500,0.2,1,123.707770596898,21.8130798968745,18.5003819856385,9.41873709584272,0.158638306629479,0,0,20.2547535812965,0.140972418028019,0.080458580852388,0.00477295517048901,90.3636363636364,0.00659447829183643,17
"diploid","0","female","0",-1,2800,2.5,1.6600262350782e-17,0,"param_sweep_17_8",4,60,500,0.2,1,123.707770596898,21.8130798968745,18.5003819856385,9.41873709584272,0.158638306629479,0,0,50.4881233273244,1.24682012843596e-17,2.53798099659226e-17,0,16.8181818181818,2.49652135353173e-18,17
"diploid","0","female","0",-1,2800,2.5,0.0192608220236782,0,"param_sweep_17_9",4,60,500,0.2,1,123.707770596898,21.8130798968745,18.5003819856385,9.41873709584272,0.158638306629479,0,0,10.799219868977,0.0224069026798186,0.0173764756509764,0.00194766758138059,36.3636363636364,0.000335743928186255,17
"diploid","0","female","0",-1,2800,2.5,0.0199263688748091,0.00324650594494821,"param_sweep_17_10",4,60,500,0.2,1,123.707770596898,21.8130798968745,18.5003819856385,9.41873709584272,0.158638306629479,0,0,15.7290716094929,0.020107694747955,0.0208158968533653,0.00108406225157609,34.4545454545455,0.000576001185374292,17
"diploid","0","male","0",-1,2800,2.5,0.0134581118574631,0,"param_sweep_18_1",4,60,500,0.2,1,122.878379383741,21.7368351630603,18.5003819856385,9.41873709584272,0.158638306629479,0.0652354190724764,0.0156596706536986,18.5963831193682,0.549689580567109,0.0196794983812801,0.0189643316592423,186.181818181818,0.0221735500169557,18
"diploid","0","male","0",-1,2800,2.5,0.0803218760169943,0.102556575013679,"param_sweep_18_2",4,60,500,0.2,1,122.878379383741,21.7368351630603,18.5003819856385,9.41873709584272,0.158638306629479,0.0982767638263404,0.0228008388117356,23.7146572441039,0.359176962229464,0.0720886004697527,0.00932332500124356,139.818181818182,0.0223088274748847,18
"diploid","0","male","0",-1,2800,2.5,0.0785137894226918,0,"param_sweep_18_3",4,60,500,0.2,1,122.878379383741,21.7368351630603,18.5003819856385,9.41873709584272,0.158638306629479,0.0509766034837089,0.0153563293409739,10.0200259582299,0.124185508043069,0.0705734476727352,0.00786971854252401,26.7272727272727,0.00137778370224563,18
"diploid","0","male","0",-1,2800,2.5,0.0784452391305731,0,"param_sweep_18_4",4,60,500,0.2,1,122.878379383741,21.7368351630603,18.5003819856385,9.41873709584272,0.158638306629479,0.125971539648999,0,13.98004529686,0.267286197126329,0.0911304226977074,0.0121415739442517,97.8181818181818,0.00710112705603404,18
"diploid","0","male","0",-1,2800,2.5,0.0851499970850581,0,"param_sweep_18_5",4,60,500,0.2,1,122.878379383741,21.7368351630603,18.5003819856385,9.41873709584272,0.158638306629479,0.0731074729870739,0.0176478788373221,12.4560165767744,0.190297501414078,0.111616467217164,0.00641456809626237,36.7272727272727,0.00345734061436478,18
"diploid","0","male","0",-1,2800,2.5,0.102162260518567,0,"param_sweep_18_6",4,60,500,0.2,1,122.878379383741,21.7368351630603,18.5003819856385,9.41873709584272,0.158638306629479,0.0722771112396731,0.0159875992522507,19.0378766406062,0.197979261583434,0.0949690936915998,0.00556815356436638,80.8181818181818,0.00804440322204588,18
"diploid","0","male","0",-1,2800,2.5,0.0871589345080857,0,"param_sweep_18_7",4,60,500,0.2,1,122.878379383741,21.7368351630603,18.5003819856385,9.41873709584272,0.158638306629479,0.069267719518616,0.0177250717750975,21.6680329439857,0.310947853955451,0.0836208000272415,0.00620864096619061,152.363636363636,0.0166133213791441,18
"diploid","0","male","0",-1,2800,2.5,0.11142310994784,0.0164614771713744,"param_sweep_18_8",4,60,500,0.2,1,122.878379383741,21.7368351630603,18.5003819856385,9.41873709584272,0.158638306629479,0.0980406103634482,0,10.4025897483581,0.0974296930682916,0.103746446196195,0.00982726500061357,21.5454545454545,0.00132549190234487,18
"diploid","0","male","0",-1,2800,2.5,0.0496026952926587,0,"param_sweep_18_9",4,60,500,0.2,1,122.878379383741,21.7368351630603,18.5003819856385,9.41873709584272,0.158638306629479,0.0532194984669897,0.0197315984575859,14.1059906756434,0.294099218962983,0.0435483443925201,0.00653219829076935,49.8181818181818,0.00700421173245437,18
"diploid","0","male","0",-1,2800,2.5,0.131672993180652,0,"param_sweep_18_10",4,60,500,0.2,1,122.878379383741,21.7368351630603,18.5003819856385,9.41873709584272,0.158638306629479,0.0978643176531185,0.0185468143734157,16.334356532922,0.224554996364915,0.125129903390966,0.0107419071709921,65,0.00748022369865085,18
"triploid","0","female","0",-1,2800,2.5,0.0128998606972651,0.00231509568259973,"param_sweep_19_1",4,60,500,0.2,1,128.499349331306,21.765936607185,18.5003819856385,9.41873709584272,0.158638306629479,0.0654281304872127,0.00480071074038667,11.3582499453746,0.0293126201305509,0.00938612301450213,0.00199075391169188,36.8181818181818,0.000453029224540318,19
"triploid","0","female","0",-1,2800,2.5,1.41904630332887e-18,0,"param_sweep_19_2",4,60,500,0.2,1,128.499349331306,21.765936607185,18.5003819856385,9.41873709584272,0.158638306629479,0.0919006060075582,0,50.5760883746375,6.05567180946854e-18,2.64631923622561e-18,0,32.0909090909091,1.21671952484909e-18,19
"triploid","0","female","0",-1,2800,2.5,6.3615774324429e-06,0,"param_sweep_19_3",4,60,500,0.2,1,128.499349331306,21.765936607185,18.5003819856385,9.41873709584272,0.158638306629479,0.0487651024997892,0,48.0057471811452,8.39532390329589e-06,8.06423057128309e-06,0,25.6363636363636,1.52174837441932e-06,19
"triploid","0","female","0",-1,2800,2.5,8.68483111128878e-14,0,"param_sweep_19_4",4,60,500,0.2,1,128.499349331306,21.765936607185,18.5003819856385,9.41873709584272,0.158638306629479,0,0,7.08639188948046,0.0074219161974849,3.36072399171044e-13,0.00147843796347972,11.8181818181818,3.14444046305127e-05,19
"triploid","0","female","0",-1,2800,2.5,7.48490210110608e-05,0,"param_sweep_19_5",4,60,500,0.2,1,128.499349331306,21.765936607185,18.5003819856385,9.41873709584272,0.158638306629479,0.0686075446746682,0,9.33372026774514,0.000507573513156241,0.000148259606637391,0,14.1818181818182,3.58826639397819e-06,19
"triploid","0","female","0",-1,2800,2.5,1.4886253830061e-19,0,"param_sweep_19_6",4,60,500,0.2,1,128.499349331306,21.765936607185,18.5003819856385,9.41873709584272,0.158638306629479,0.0916540316133064,0,50.4443915319533,2.52450271450184e-19,1.45976763043081e-19,0,14.5454545454545,5.04611226389466e-20,19
"triploid","0","female","0",-1,2800,2.5,0.0692374514890028,0.00701741483965023,"param_sweep_19_7",4,60,500,0.2,1,128.499349331306,21.765936607185,18.5003819856385,9.41873709584272,0.158638306629479,0.096833045486327,0.00873572286283579,11.6552560973083,0.0909338493495673,0.0497678084571032,0.0075832048264203,28.1818181818182,0.00155802759704049,19
"triploid","0","female","0",-1,2800,2.5,3.98222586298008e-06,0,"param_sweep_19_8",4,60,500,0.2,1,128.499349331306,21.765936607185,18.5003819856385,9.41873709584272,0.158638306629479,0.0649603217720927,0,11.8860300963871,0.00112809380267,1.54098126107843e-05,0.000313722999082644,12,3.82132001454069e-06,19
"triploid","0","female","0",-1,2800,2.5,0.0135469427705361,0.00161598869676503,"param_sweep_19_9",4,60,500,0.2,1,128.499349331306,21.765936607185,18.5003819856385,9.41873709584272,0.158638306629479,0.0469565927129816,0.00399059379797817,7.9836188680219,0.0162282789536644,0.0122662955342921,0.00203060907138924,17,0.000111508717138519,19
"triploid","0","female","0",-1,2800,2.5,0.00735412039385854,0.000997374433618767,"param_sweep_19_10",4,60,500,0.2,1,128.499349331306,21.765936607185,18.5003819856385,9.41873709584272,0.158638306629479,0.0573634932696558,0,11.0469948056694,0.00971559030737042,0.00512290226659493,0.000832431856266343,25.4545454545455,0.000147835636152166,19
"triploid","0","male","0",-1,2800,2.5,0.0147510909973691,0,"param_sweep_20_1",4,60,500,0.2,1,122.213012929327,21.7306301411492,18.5003819856385,9.41873709584272,0.158638306629479,0.0666254941578923,0.00639608539288679,16.9591148462932,0.498153693853203,0.0160247035368884,0.0142516857802515,158.181818181818,0.0167563300715926,20
"triploid","0","male","0",-1,2800,2.5,0.0953473333962858,0,"param_sweep_20_2",4,60,500,0.2,1,122.213012929327,21.7306301411492,18.5003819856385,9.41873709584272,0.158638306629479,0.0932382737307904,0.0111027624838296,14.5038723521472,0.259534531156193,0.0897711340296144,0.00462613356906531,67.1818181818182,0.0067305835134845,20
"triploid","0","male","0",-1,2800,2.5,0.0310232419348023,0.0056056020613397,"param_sweep_20_3",4,60,500,0.2,1,122.213012929327,21.7306301411492,18.5003819856385,9.41873709584272,0.158638306629479,0.048128675461402,0.00929735339083664,8.97240762535731,0.0400199510869672,0.0319496000131476,0.00382573600189628,24.8181818181818,0.000334009436632541,20
"triploid","0","male","0",-1,2800,2.5,0.00759838718165155,0.0040487163851931,"param_sweep_20_4",4,60,500,0.2,1,122.213012929327,21.7306301411492,18.5003819856385,9.41873709584272,0.158638306629479,0,0,8.35023368951684,0.0216768775234079,0.00919697102546207,0.00224057575473273,19.2727272727273,0.000150847546162083,20
"triploid","0","male","0",-1,2800,2.5,0.011365816555375,0.00506726977065497,"param_sweep_20_5",4,60,500,0.2,1,122.213012929327,21.7306301411492,18.5003819856385,9.41873709584272,0.158638306629479,0.0785985376695327,0.00965861505050315,7.92162458115023,0.0198918913046057,0.00806210034453941,0.00295979579434936,18.5454545454545,0.00012455870236385,20
"triploid","0","male","0",-1,2800,2.5,0.0329425523427975,0.00748697937047158,"param_sweep_20_6",4,60,500,0.2,1,122.213012929327,21.7306301411492,18.5003819856385,9.41873709584272,0.158638306629479,0.0810197510768435,0,9.70666900504836,0.0724159861625329,0.0382440898208416,0.00595458823657235,30.0909090909091,0.000746100334293598,20
"triploid","0","male","0",-1,2800,2.5,0.0915601030341426,0.0393793401323555,"param_sweep_20_7",4,60,500,0.2,1,122.213012929327,21.7306301411492,18.5003819856385,9.41873709584272,0.158638306629479,0.0863579979487019,0.0095908990314419,17.3946556397941,0.29240835314583,0.0746512103345935,0.0095713931109393,101.545454545455,0.0104739617629126,20
"triploid","0","male","0",-1,2800,2.5,0.0109188203104943,0.00349646807459637,"param_sweep_20_8",4,60,500,0.2,1,122.213012929327,21.7306301411492,18.5003819856385,9.41873709584272,0.158638306629479,0.0833795336054586,0,7.58354763546967,0.0193830653366842,0.00892613292461317,0.00237061296987216,14.8181818181818,0.000105597387344028,20
"triploid","0","male","0",-1,2800,2.5,0.0280096789365492,0,"param_sweep_20_9",4,60,500,0.2,1,122.213012929327,21.7306301411492,18.5003819856385,9.41873709584272,0.158638306629479,0.0536085845431827,0.0057999651620792,8.68307395815801,0.372679950686988,0.0227555566764043,0.0242924125993612,41.4545454545455,0.00310079299524715,20
"triploid","0","male","0",-1,2800,2.5,0.083137014613065,0.00501156022965941,"param_sweep_20_10",4,60,500,0.2,1,122.213012929327,21.7306301411492,18.5003819856385,9.41873709584272,0.158638306629479,0.0822582070524236,0.00660956249633438,14.5838582109751,0.0949550126913448,0.0631723497293196,0.00416869850002563,49.4545454545455,0.00254312136354615,20
"diploid","0","female","0",1,2800,2.5,0.0103522125823901,0,"param_sweep_21_1",4,60,500,0.2,1,126.460963748992,21.875886280714,18.5003819856385,9.41873709584272,0.158638306629479,0,0,13.4597738668466,0.00389426886234724,0.00404543228672364,0.000347038753426297,81,7.92483029444777e-05,21
"diploid","0","female","0",1,2800,2.5,1.11231833461708e-17,0,"param_sweep_21_2",4,60,500,0.2,1,126.460963748992,21.875886280714,18.5003819856385,9.41873709584272,0.158638306629479,0.241949178388833,0,50.594706838427,1.81351737611475e-17,1.261113046199e-17,0,47,3.64602665567164e-18,21
"diploid","0","female","0",1,2800,2.5,0.285041810528774,0,"param_sweep_21_3",4,60,500,0.2,1,126.460963748992,21.875886280714,18.5003819856385,9.41873709584272,0.158638306629479,0.339106018657386,0,25.7055346552593,0.331397829713969,0.341650723059243,0.0114912596473182,164.909090909091,0.0227518306521693,21
"diploid","0","female","0",1,2800,2.5,0.0816665644721962,0,"param_sweep_21_4",4,60,500,0.2,1,126.460963748992,21.875886280714,18.5003819856385,9.41873709584272,0.158638306629479,0.0993169010581817,0.0118727691294362,21.4055021286874,0.227462452699914,0.0822543213161924,0.00191042212300776,137.545454545455,0.0116656494812037,21
"diploid","0","female","0",1,2800,2.5,0.146995614448998,0,"param_sweep_21_5",4,60,500,0.2,1,126.460963748992,21.875886280714,18.5003819856385,9.41873709584272,0.158638306629479,0.1516743434419,0.0144004432064613,21.4240347772691,0.192978173189324,0.177711928853957,0.00449304960645396,118.818181818182,0.0096796908397047,21
"diploid","0","female","0",1,2800,2.5,0.229853979848675,0.00999566952784983,"param_sweep_21_6",4,60,500,0.2,1,126.460963748992,21.875886280714,18.5003819856385,9.41873709584272,0.158638306629479,0.309471662109214,0.0196868066140149,10.7763864129066,0.0994706029673916,0.245005136366541,0.0076248102837642,39.0909090909091,0.00139009993752425,21
"diploid","0","female","0",1,2800,2.5,0.0307770495016368,0.00524225878683003,"param_sweep_21_7",4,60,500,0.2,1,126.460963748992,21.875886280714,18.5003819856385,9.41873709584272,0.158638306629479,0.151601354431387,0,15.8192454086156,0.0362175876175607,0.017547461667102,0.00209576799102941,49.3636363636364,0.00105590413111232,21
"diploid","0","female","0",1,2800,2.5,1.64150705884229e-05,0,"param_sweep_21_8",4,60,500,0.2,1,126.460963748992,21.875886280714,18.5003819856385,9.41873709584272,0.158638306629479,0.14907261265977,0,50.5180214978927,6.49065535429154e-06,2.70449573630706e-05,0,96.9090909090909,1.30106780007195e-06,21
"diploid","0","female","0",1,2800,2.5,0.00956436474004162,0,"param_sweep_21_9",4,60,500,0.2,1,126.460963748992,21.875886280714,18.5003819856385,9.41873709584272,0.158638306629479,0.32876626671189,0.0252877336571195,13.1512103849629,0.00245718474747111,0.00596883621306604,0.000404198913072264,42.1818181818182,5.261532039435e-05,21
"diploid","0","female","0",1,2800,2.5,0.0738595387346838,0,"param_sweep_21_10",4,60,500,0.2,1,126.460963748992,21.875886280714,18.5003819856385,9.41873709584272,0.158638306629479,0.0912107366420052,0,23.3516948894011,0.140303407777061,0.079309725812051,0.00229588579284854,104.727272727273,0.00823748077392817,21
"diploid","0","male","0",1,2800,2.5,0.116635003328698,0.0240169000271298,"param_sweep_22_1",4,60,500,0.2,1,125.127010375327,21.8601551977099,18.5003819856385,9.41873709584272,0.158638306629479,0,0,24.6283987737642,0.284354073386216,0.0808399756606021,0.00218335454792089,134.454545454545,0.0174592775098016,22
"diploid","0","male","0",1,2800,2.5,0.0925048938697669,0,"param_sweep_22_2",4,60,500,0.2,1,125.127010375327,21.8601551977099,18.5003819856385,9.41873709584272,0.158638306629479,0,0.0277693499191827,17.1800077963947,0.560368925153122,0.135581539578359,0.0329036664762499,167.363636363636,0.0186445756396857,22
"diploid","0","male","0",1,2800,2.5,0.223221317055954,0,"param_sweep_22_3",4,60,500,0.2,1,125.127010375327,21.8601551977099,18.5003819856385,9.41873709584272,0.158638306629479,0.462942690272984,0.0441542394186581,23.3608903023199,0.537662293451206,0.204378495765173,0,264.363636363636,0.0310319235232201,22
"diploid","0","male","0",1,2800,2.5,0.0747496521692518,0,"param_sweep_22_4",4,60,500,0.2,1,125.127010375327,21.8601551977099,18.5003819856385,9.41873709584272,0.158638306629479,0.149565176558091,0.0196190977274271,22.4754396294858,0.388797617068943,0.0746830687103273,0,232,0.022145045656868,22
"diploid","0","male","0",1,2800,2.5,0.0915620596279248,0,"param_sweep_22_5",4,60,500,0.2,1,125.127010375327,21.8601551977099,18.5003819856385,9.41873709584272,0.158638306629479,0.258824829709953,0.0304217732949917,21.2947992621539,0.558410833085839,0.0951494278965072,0,233.636363636364,0.0295962135375801,22
"diploid","0","male","0",1,2800,2.5,0.182584506284682,0,"param_sweep_22_6",4,60,500,0.2,1,125.127010375327,21.8601551977099,18.5003819856385,9.41873709584272,0.158638306629479,0.345724308214374,0.0304437713968045,22.5075284298584,0.352117709848862,0.181037847692031,0,142.909090909091,0.0191504650855933,22
"diploid","0","male","0",1,2800,2.5,0.0684784658303566,0,"param_sweep_22_7",4,60,500,0.2,1,125.127010375327,21.8601551977099,18.5003819856385,9.41873709584272,0.158638306629479,0,0,19.8342509694459,0.237318699365798,0.0712906331103071,0.00219743342850338,150,0.0103515545799097,22
"diploid","0","male","0",1,2800,2.5,0.0649265365829402,0,"param_sweep_22_8",4,60,500,0.2,1,125.127010375327,21.8601551977099,18.5003819856385,9.41873709584272,0.158638306629479,0.232804452661881,0.0387137205487241,20.6687598384777,0.626944454712431,0.104034418523805,0.0400131328702876,388.090909090909,0.025134100809019,22
"diploid","0","male","0",1,2800,2.5,0.127634577228568,0,"param_sweep_22_9",4,60,500,0.2,1,125.127010375327,21.8601551977099,18.5003819856385,9.41873709584272,0.158638306629479,0.456400225047816,0.058886568700056,17.32431709429,0.31736153121201,0.131516638832704,0.0101735239569168,83.9090909090909,0.0111981216980091,22
"diploid","0","male","0",1,2800,2.5,0.109345550721691,0,"param_sweep_22_10",4,60,500,0.2,1,125.127010375327,21.8601551977099,18.5003819856385,9.41873709584272,0.158638306629479,0.168395082513165,0.0217697160788094,23.063016618689,0.342639889972225,0.10116059391282,0,162.636363636364,0.0196745736040481,22
"triploid","0","female","0",1,2800,2.5,3.21518724330389e-06,0,"param_sweep_23_1",4,60,500,0.2,1,126.667172447748,21.8131339860846,18.5003819856385,9.41873709584272,0.158638306629479,0,0,16.3558168936409,0.0008221299548325,1.24416430992741e-05,0,49.6363636363636,2.56429623756001e-05,23
"triploid","0","female","0",1,2800,2.5,0,0,"param_sweep_23_2",4,60,500,0.2,1,126.667172447748,21.8131339860846,18.5003819856385,9.41873709584272,0.158638306629479,0,0,50.4247930575118,3.80848051702607e-17,0,0,28.8181818181818,7.60762799865948e-18,23
"triploid","0","female","0",1,2800,2.5,0,0,"param_sweep_23_3",4,60,500,0.2,1,126.667172447748,21.8131339860846,18.5003819856385,9.41873709584272,0.158638306629479,0,0,49.8861589326329,0.000860844933012506,0,0,123.454545454545,0.000168277709241449,23
"triploid","0","female","0",1,2800,2.5,5.40992533557206e-05,0.00213794484136181,"param_sweep_23_4",4,60,500,0.2,1,126.667172447748,21.8131339860846,18.5003819856385,9.41873709584272,0.158638306629479,0,0,10.2588803170015,0.0244752309772061,0.000209345071143487,0.00184249455080295,31.5454545454545,0.000306951448534225,23
"triploid","0","female","0",1,2800,2.5,0.0157123892853661,0,"param_sweep_23_5",4,60,500,0.2,1,126.667172447748,21.8131339860846,18.5003819856385,9.41873709584272,0.158638306629479,0.178009719841995,0,14.356828611165,0.0125227186334807,0.0136006927864672,0.000272828534500927,47.6363636363636,0.00035119389502739,23
"triploid","0","female","0",1,2800,2.5,4.14525956873404e-17,0,"param_sweep_23_6",4,60,500,0.2,1,126.667172447748,21.8131339860846,18.5003819856385,9.41873709584272,0.158638306629479,0,0,50.4360574848663,7.90538390487382e-16,1.60406956750187e-16,0,15.6363636363636,1.5798577873229e-16,23
"triploid","0","female","0",1,2800,2.5,3.74309102565682e-12,0.006398196342009,"param_sweep_23_7",4,60,500,0.2,1,126.667172447748,21.8131339860846,18.5003819856385,9.41873709584272,0.158638306629479,0,0,8.10030476040858,0.0373136515314167,1.44844449499193e-11,0.00446873473689597,21.4545454545455,0.000261929585612456,23
"triploid","0","female","0",1,2800,2.5,0.0113919202502275,0,"param_sweep_23_8",4,60,500,0.2,1,126.667172447748,21.8131339860846,18.5003819856385,9.41873709584272,0.158638306629479,0.137194975306009,0,19.7461237749559,0.0416658497643382,0.0292299296148641,0,81.2727272727273,0.00185411902373336,23
"triploid","0","female","0",1,2800,2.5,0.000103352887129193,0,"param_sweep_23_9",4,60,500,0.2,1,126.667172447748,21.8131339860846,18.5003819856385,9.41873709584272,0.158638306629479,0,0,8.89108223053245,0.0168978271375619,0.000399939299839851,0.00112762868589118,21.3636363636364,0.00015085147461371,23
"triploid","0","female","0",1,2800,2.5,0.000113834577869991,0.00236661699558206,"param_sweep_23_10",4,60,500,0.2,1,126.667172447748,21.8131339860846,18.5003819856385,9.41873709584272,0.158638306629479,0,0,20.2308667528176,0.0691605388439017,0.00044049975414794,0.00168017326417081,101.636363636364,0.00323820158641813,23
"triploid","0","male","0",1,2800,2.5,0.0326774055599337,0.00498819315945616,"param_sweep_24_1",4,60,500,0.2,1,130.663091053697,21.8559180611152,18.5003819856385,9.41873709584272,0.158638306629479,0,0,22.4692955532046,0.119822228119674,0.0173644156750792,0.00346388271126301,98.4545454545455,0.00649751177573074,24
"triploid","0","male","0",1,2800,2.5,0,0,"param_sweep_24_2",4,60,500,0.2,1,130.663091053697,21.8559180611152,18.5003819856385,9.41873709584272,0.158638306629479,0,0,12.0411872678686,0.114982259104649,0,0.00539369212296699,45.3636363636364,0.00195429987678687,24
"triploid","0","male","0",1,2800,2.5,0.0373398402491763,0,"param_sweep_24_3",4,60,500,0.2,1,130.663091053697,21.8559180611152,18.5003819856385,9.41873709584272,0.158638306629479,0,0,29.0207383498596,0.177131929127682,0.039125112024724,0.00258372270665571,169.090909090909,0.0145979930802575,24
"triploid","0","male","0",1,2800,2.5,0.0170517128741457,0,"param_sweep_24_4",4,60,500,0.2,1,130.663091053697,21.8559180611152,18.5003819856385,9.41873709584272,0.158638306629479,0,0,17.4770580865077,0.1362346274829,0.0168850530093038,0.00316789697422927,117.727272727273,0.00495317746234654,24
"triploid","0","male","0",1,2800,2.5,0.193748684243743,0,"param_sweep_24_5",4,60,500,0.2,1,130.663091053697,21.8559180611152,18.5003819856385,9.41873709584272,0.158638306629479,0,0,21.4770980167477,0.305611761238321,0.199946337983267,0.0122138232165276,170.545454545455,0.016047724971784,24
"triploid","0","male","0",1,2800,2.5,0.0955664434255047,0,"param_sweep_24_6",4,60,500,0.2,1,130.663091053697,21.8559180611152,18.5003819856385,9.41873709584272,0.158638306629479,0,0,13.4825411870679,0.112923924868477,0.0502299433738466,0.00731484597798334,43.3636363636364,0.00258957308377889,24
"triploid","0","male","0",1,2800,2.5,3.21268551011128e-05,0,"param_sweep_24_7",4,60,500,0.2,1,130.663091053697,21.8559180611152,18.5003819856385,9.41873709584272,0.158638306629479,0,0,12.3882787919368,0.143911165544057,0.000124319622722626,0.00588932560062854,55,0.00283442536470819,24
"triploid","0","male","0",1,2800,2.5,0.0543182278521022,0,"param_sweep_24_8",4,60,500,0.2,1,130.663091053697,21.8559180611152,18.5003819856385,9.41873709584272,0.158638306629479,0,0.0160892640072262,23.1620012586268,0.5111045792097,0.0541331568965955,0,283.272727272727,0.0289082254366546,24
"triploid","0","male","0",1,2800,2.5,0.0298443053648343,0.0323761383020357,"param_sweep_24_9",4,60,500,0.2,1,130.663091053697,21.8559180611152,18.5003819856385,9.41873709584272,0.158638306629479,0,0.0159291954707122,11.148094798262,0.290583057394219,0.0345301105211067,0.0210792752305678,50.7272727272727,0.0046712470914002,24
"triploid","0","male","0",1,2800,2.5,0.0454192434984568,0,"param_sweep_24_10",4,60,500,0.2,1,130.663091053697,21.8559180611152,18.5003819856385,9.41873709584272,0.158638306629479,0,0.00818328305460192,22.4979837016215,0.239953189469267,0.0344393734935279,0.00518072004106845,169.909090909091,0.0134097001835658,24
"diploid","0","female","0",-1,3200,2.5,0.00272706321779228,0,"param_sweep_25_1",4,60,500,0.2,1,129.573020538754,21.8300689820075,18.5003819856385,9.41873709584272,0.158638306629479,0.122428188220175,0,15.4389308968345,0.00139553747237216,0.00264723401734344,0,54.7272727272727,4.00499674581019e-05,25
"diploid","0","female","0",-1,3200,2.5,2.8387331018282e-20,0,"param_sweep_25_2",4,60,500,0.2,1,129.573020538754,21.8300689820075,18.5003819856385,9.41873709584272,0.158638306629479,0.155801079731482,0,50.8344000235482,1.08814130372799e-20,4.78642019157739e-20,0,24.2727272727273,2.20915168542802e-21,25
"diploid","0","female","0",-1,3200,2.5,0.0213243001784553,0,"param_sweep_25_3",4,60,500,0.2,1,129.573020538754,21.8300689820075,18.5003819856385,9.41873709584272,0.158638306629479,0.0776786738153893,0,16.0146667422434,0.0195895289701655,0.019275309544726,0.000929950769529007,46.0909090909091,0.000636957431220059,25
"diploid","0","female","0",-1,3200,2.5,1.0519301906354e-10,0,"param_sweep_25_4",4,60,500,0.2,1,129.573020538754,21.8300689820075,18.5003819856385,9.41873709584272,0.158638306629479,0.161776275672259,0,50.7618126562481,4.23281488973996e-11,1.77321811039849e-10,0,13.9090909090909,8.5690500496885e-12,25
"diploid","0","female","0",-1,3200,2.5,0.0224080146675917,0.00130086806600513,"param_sweep_25_5",4,60,500,0.2,1,129.573020538754,21.8300689820075,18.5003819856385,9.41873709584272,0.158638306629479,0.0653875966161414,0.00720622883955656,12.8133887041684,0.0223114733219431,0.023031266690804,0.00189269180406196,25,0.000470045421116455,25
"diploid","0","female","0",-1,3200,2.5,0.0114159101178042,0,"param_sweep_25_6",4,60,500,0.2,1,129.573020538754,21.8300689820075,18.5003819856385,9.41873709584272,0.158638306629479,0.107262372300286,0,12.1775797610992,0.00667888715915717,0.0120595607925805,0.000431629062904853,20.8181818181818,0.000108577644154875,25
"diploid","0","female","0",-1,3200,2.5,0.0318047738053616,0.00217516164835574,"param_sweep_25_7",4,60,500,0.2,1,129.573020538754,21.8300689820075,18.5003819856385,9.41873709584272,0.158638306629479,0.0948180325293149,0,15.9641440430681,0.0248851308219912,0.0309003739115552,0.0017244680156857,38.0909090909091,0.000770946303661959,25
"diploid","0","female","0",-1,3200,2.5,1.91153877224804e-18,0,"param_sweep_25_8",4,60,500,0.2,1,129.573020538754,21.8300689820075,18.5003819856385,9.41873709584272,0.158638306629479,0.112980022961346,0,50.7374979908662,9.8066888734599e-19,3.14459533936685e-18,0,47,1.98335516083171e-19,25
"diploid","0","female","0",-1,3200,2.5,1.11507584782032e-18,0,"param_sweep_25_9",4,60,500,0.2,1,129.573020538754,21.8300689820075,18.5003819856385,9.41873709584272,0.158638306629479,0.131064187987378,0,50.8046659489486,3.73125841690134e-19,1.83445129451526e-18,0,67.5454545454545,7.5665215464736e-20,25
"diploid","0","female","0",-1,3200,2.5,1.73896075492094e-10,0,"param_sweep_25_10",4,60,500,0.2,1,129.573020538754,21.8300689820075,18.5003819856385,9.41873709584272,0.158638306629479,0.1040549390371,0,50.7544939763357,9.92596122359238e-11,2.91130937007308e-10,0,51.6363636363636,2.00874691082498e-11,25
"diploid","0","male","0",-1,3200,2.5,0.114851809931835,0,"param_sweep_26_1",4,60,500,0.2,1,124.212235650699,21.7361911776399,18.5003819856385,9.41873709584272,0.158638306629479,0.145233563293737,0.0257340319663579,20.5447536982465,0.229269847315176,0.118642438916499,0.00685894470528658,96.4545454545455,0.0107963130930357,26
"diploid","0","male","0",-1,3200,2.5,0.150627938540019,0.0200025175416441,"param_sweep_26_2",4,60,500,0.2,1,124.212235650699,21.7361911776399,18.5003819856385,9.41873709584272,0.158638306629479,0.18182372208204,0.0334580317174985,15.5189282388445,0.121506344742984,0.155705313452545,0.00855887877607436,31.6363636363636,0.00351299820695147,26
"diploid","0","male","0",-1,3200,2.5,0.0763865260713953,0,"param_sweep_26_3",4,60,500,0.2,1,124.212235650699,21.7361911776399,18.5003819856385,9.41873709584272,0.158638306629479,0.111100964879566,0.0255112349037106,14.1009455984686,0.352149999115425,0.0810413753377358,0.0182658546595255,43.0909090909091,0.00853865631956437,26
"diploid","0","male","0",-1,3200,2.5,0.000119509502720759,0,"param_sweep_26_4",4,60,500,0.2,1,124.212235650699,21.7361911776399,18.5003819856385,9.41873709584272,0.158638306629479,0.260435751982795,0,49.8874160159737,3.4516823077791e-05,0.000167104445164001,0,16.7272727272727,6.7318601366337e-06,26
"diploid","0","male","0",-1,3200,2.5,0.0374591949836317,0,"param_sweep_26_5",4,60,500,0.2,1,124.212235650699,21.7361911776399,18.5003819856385,9.41873709584272,0.158638306629479,0.119195449095156,0.0157432939342469,23.1694507144774,0.502969432184461,0.0427031382863704,0.0109190849528126,146.636363636364,0.0296345583947146,26
"diploid","0","male","0",-1,3200,2.5,0.0888244069767603,0,"param_sweep_26_6",4,60,500,0.2,1,124.212235650699,21.7361911776399,18.5003819856385,9.41873709584272,0.158638306629479,0.123266079764037,0.015108409791828,19.6342438414502,0.296683073567145,0.0982356224811526,0.0106257705080543,90.2727272727273,0.0133672859811699,26
"diploid","0","male","0",-1,3200,2.5,0.0969044811320566,0,"param_sweep_26_7",4,60,500,0.2,1,124.212235650699,21.7361911776399,18.5003819856385,9.41873709584272,0.158638306629479,0.111614178777924,0.0149879925747904,21.4497282743746,0.207045768648541,0.0994006077819135,0.00488962030787816,93.3636363636364,0.0108042977139395,26
"diploid","0","male","0",-1,3200,2.5,1.6389256058098e-17,0,"param_sweep_26_8",4,60,500,0.2,1,124.212235650699,21.7361911776399,18.5003819856385,9.41873709584272,0.158638306629479,0.185271899704735,0,50.6822739307953,6.09194283785659e-18,2.66661489469163e-17,0,46.9090909090909,1.22906284320474e-18,26
"diploid","0","male","0",-1,3200,2.5,0.158426890043319,0,"param_sweep_26_9",4,60,500,0.2,1,124.212235650699,21.7361911776399,18.5003819856385,9.41873709584272,0.158638306629479,0.184750255218473,0,25.9643283895523,0.0975071477598172,0.162973750509077,0.00286634500583533,82.4545454545455,0.00669989111780584,26
"diploid","0","male","0",-1,3200,2.5,0.162391279919244,0,"param_sweep_26_10",4,60,500,0.2,1,124.212235650699,21.7361911776399,18.5003819856385,9.41873709584272,0.158638306629479,0.204406548148464,0.0523793638903369,20.1203625168705,0.217837853537731,0.162932681119009,0,99.5454545454545,0.0107953739268774,26
"triploid","0","female","0",-1,3200,2.5,0.00300754540448697,0.000411678286598771,"param_sweep_27_1",4,60,500,0.2,1,120.336497278444,21.6924311467573,18.5003819856385,9.41873709584272,0.158638306629479,0.153944924670775,0,15.5719827824116,0.00126270759694704,0.00393994148418618,3.74252987817065e-05,40,3.11158208849631e-05,27
"triploid","0","female","0",-1,3200,2.5,8.07923734303311e-21,0,"param_sweep_27_2",4,60,500,0.2,1,120.336497278444,21.6924311467573,18.5003819856385,9.41873709584272,0.158638306629479,0.178198064757872,0,50.6992802053542,2.94376857741716e-21,1.35462265941655e-20,0,14.3636363636364,5.94413370434461e-22,27
"triploid","0","female","0",-1,3200,2.5,0.00715345070895702,0.00245716141888577,"param_sweep_27_3",4,60,500,0.2,1,120.336497278444,21.6924311467573,18.5003819856385,9.41873709584272,0.158638306629479,0.124364295538104,0,18.6075450301111,0.00541655300500049,0.00913990997895094,0.000223378310807798,40.9090909090909,0.000181146104164598,27
"triploid","0","female","0",-1,3200,2.5,2.12532135671655e-19,0,"param_sweep_27_4",4,60,500,0.2,1,120.336497278444,21.6924311467573,18.5003819856385,9.41873709584272,0.158638306629479,0.167920973448716,0,50.6670018977624,8.37024927755956e-20,3.55087952615456e-19,0,14.1818181818182,1.68799164983033e-20,27
"triploid","0","female","0",-1,3200,2.5,0.0193261489741744,0.000435474880116846,"param_sweep_27_5",4,60,500,0.2,1,120.336497278444,21.6924311467573,18.5003819856385,9.41873709584272,0.158638306629479,0.135273822417497,0,10.0871194909142,0.0122286451646932,0.0183541430625054,0.00119812752313484,24.7272727272727,0.000154400112811179,27
"triploid","0","female","0",-1,3200,2.5,4.63108253901362e-11,0,"param_sweep_27_6",4,60,500,0.2,1,120.336497278444,21.6924311467573,18.5003819856385,9.41873709584272,0.158638306629479,0.175387732219201,0,50.673380963594,1.8447443237547e-11,7.71389189956693e-11,0,13.6363636363636,3.72124460519845e-12,27
"triploid","0","female","0",-1,3200,2.5,0.0272871999861909,0.000752177587808355,"param_sweep_27_7",4,60,500,0.2,1,120.336497278444,21.6924311467573,18.5003819856385,9.41873709584272,0.158638306629479,0.175237105257499,0,9.30610820111043,0.0137384217475811,0.0266961526590079,0.00146483226261473,16,0.000135356458294667,27
"triploid","0","female","0",-1,3200,2.5,4.75851025098983e-18,0,"param_sweep_27_8",4,60,500,0.2,1,120.336497278444,21.6924311467573,18.5003819856385,9.41873709584272,0.158638306629479,0.134069766436902,0,50.6528130362505,2.42063819750924e-18,7.65161985251337e-18,0,32.6363636363636,4.87890915096104e-19,27
"triploid","0","female","0",-1,3200,2.5,0.00023851972563477,0.000385896480798595,"param_sweep_27_9",4,60,500,0.2,1,120.336497278444,21.6924311467573,18.5003819856385,9.41873709584272,0.158638306629479,0.179960453249877,0,32.9500516150441,7.72635350500032e-05,0.000299082935825703,3.50814982544177e-05,44.3636363636364,7.21130135903889e-06,27
"triploid","0","female","0",-1,3200,2.5,9.0979750448603e-08,0,"param_sweep_27_10",4,60,500,0.2,1,120.336497278444,21.6924311467573,18.5003819856385,9.41873709584272,0.158638306629479,0.13426021866732,0,50.608070442777,4.97538734089832e-08,1.44413597124679e-07,0,46,1.00103007830179e-08,27
"triploid","0","male","0",-1,3200,2.5,0.135836510145082,0.00914192481704949,"param_sweep_28_1",4,60,500,0.2,1,125.396745430919,21.7941216116533,18.5003819856385,9.41873709584272,0.158638306629479,0.160305326434329,0.0146475512074547,17.3064055817684,0.175211790948652,0.137528971017768,0.00706638607439877,68.9090909090909,0.00637844652648639,28
"triploid","0","male","0",-1,3200,2.5,0.00164609486950406,0,"param_sweep_28_2",4,60,500,0.2,1,125.396745430919,21.7941216116533,18.5003819856385,9.41873709584272,0.158638306629479,0.185944445240329,0,14.838332019603,0.000567874656176306,0.00342562655716734,0,12.7272727272727,9.76348878191801e-06,28
"triploid","0","male","0",-1,3200,2.5,0.0906860189355527,0.0151069364464308,"param_sweep_28_3",4,60,500,0.2,1,125.396745430919,21.7941216116533,18.5003819856385,9.41873709584272,0.158638306629479,0.123780016124159,0.0178714373615553,12.639188392928,0.187993365301357,0.095789355045652,0.010230858770459,32.0909090909091,0.00345497719975098,28
"triploid","0","male","0",-1,3200,2.5,0.00051255425972291,0,"param_sweep_28_4",4,60,500,0.2,1,125.396745430919,21.7941216116533,18.5003819856385,9.41873709584272,0.158638306629479,0.246006331153818,0,27.6300551551012,0.000144447239607222,0.00076133531704749,0,17.2727272727273,8.8707560073147e-06,28
"triploid","0","male","0",-1,3200,2.5,0.0708660032143342,0.0304245497980327,"param_sweep_28_5",4,60,500,0.2,1,125.396745430919,21.7941216116533,18.5003819856385,9.41873709584272,0.158638306629479,0.158733459243125,0.0121086129303123,17.9641229453717,0.378197473583282,0.0792988116209766,0.0114141319012374,126.272727272727,0.0149035044128602,28
"triploid","0","male","0",-1,3200,2.5,0.121911302303193,0.0144655434177037,"param_sweep_28_6",4,60,500,0.2,1,125.396745430919,21.7941216116533,18.5003819856385,9.41873709584272,0.158638306629479,0.154709559709342,0.0151830611911309,13.4735872173244,0.169605060036734,0.126276538369385,0.0115208202530076,34.4545454545455,0.00360081485915175,28
"triploid","0","male","0",-1,3200,2.5,0.0764048009689527,0.00307422724067105,"param_sweep_28_7",4,60,500,0.2,1,125.396745430919,21.7941216116533,18.5003819856385,9.41873709584272,0.158638306629479,0.157738808971457,0.010577158465911,14.4010627254134,0.0599416968332322,0.0807953684902761,0.00358201154437407,30.7272727272727,0.00153482785944017,28
"triploid","0","male","0",-1,3200,2.5,0.00160550379501111,0,"param_sweep_28_8",4,60,500,0.2,1,125.396745430919,21.7941216116533,18.5003819856385,9.41873709584272,0.158638306629479,0.178581493473305,0,26.2517723462965,0.000679984191213131,0.00205239360752018,0,32,3.82607382601703e-05,28
"triploid","0","male","0",-1,3200,2.5,0.144628511561806,0.0188053886229552,"param_sweep_28_9",4,60,500,0.2,1,125.396745430919,21.7941216116533,18.5003819856385,9.41873709584272,0.158638306629479,0.202466453276902,0.0193214296380086,19.3308079166797,0.230601794667142,0.149527275830008,0.00985846825215673,82.6363636363636,0.0102384585292164,28
"triploid","0","male","0",-1,3200,2.5,0.151148025586073,0,"param_sweep_28_10",4,60,500,0.2,1,125.396745430919,21.7941216116533,18.5003819856385,9.41873709584272,0.158638306629479,0.201667271584328,0.0219406269660036,18.6040701492583,0.168572897610081,0.155800220026114,0.00570188798490368,93.5454545454545,0.00688589195476142,28
"diploid","0","female","0",1,3200,2.5,0.572317800733699,0,"param_sweep_29_1",4,60,500,0.2,1,119.454606552207,21.7823307569319,18.5003819856385,9.41873709584272,0.158638306629479,0.531133448949185,0,22.1158029352343,0.156954833953593,0.574165390491199,0.0024150189556736,96.8181818181818,0.00821218349195598,29
"diploid","0","female","0",1,3200,2.5,1.83404719345957e-19,0,"param_sweep_29_2",4,60,500,0.2,1,119.454606552207,21.7823307569319,18.5003819856385,9.41873709584272,0.158638306629479,0.360001740301561,0,50.7112729404266,2.80163052340165e-20,3.03495766231048e-19,0,25.7272727272727,5.65966676986199e-21,29
"diploid","0","female","0",1,3200,2.5,0.290688980729978,0,"param_sweep_29_3",4,60,500,0.2,1,119.454606552207,21.7823307569319,18.5003819856385,9.41873709584272,0.158638306629479,0.387704343298019,0.0386555280599062,28.2492332233175,0.48780770613951,0.282619092877967,0,143.818181818182,0.0354552688786484,29
"diploid","0","female","0",1,3200,2.5,0.0156760695191069,0,"param_sweep_29_4",4,60,500,0.2,1,119.454606552207,21.7823307569319,18.5003819856385,9.41873709584272,0.158638306629479,0.163762989687346,0,19.5669588033116,0.00591526414726404,0.017388733837312,0.000217838038930556,49.5454545454545,0.00024382186869599,29
"diploid","0","female","0",1,3200,2.5,0.105458466746225,0,"param_sweep_29_5",4,60,500,0.2,1,119.454606552207,21.7823307569319,18.5003819856385,9.41873709584272,0.158638306629479,0.111792789243283,0.00570703219366831,28.956694282949,0.360893054021658,0.103191983771419,0.00176425014288246,117,0.0294027426569953,29
"diploid","0","female","0",1,3200,2.5,0.349079305443285,0,"param_sweep_29_6",4,60,500,0.2,1,119.454606552207,21.7823307569319,18.5003819856385,9.41873709584272,0.158638306629479,0.331660181177981,0.0159724977920802,19.4697461304565,0.291933953461076,0.351663592350823,0.006860096033172,85.1818181818182,0.0127767908745475,29
"diploid","0","female","0",1,3200,2.5,0.0114499559446142,0,"param_sweep_29_7",4,60,500,0.2,1,119.454606552207,21.7823307569319,18.5003819856385,9.41873709584272,0.158638306629479,0.151214100640986,0,18.6655670685179,0.00422496524999011,0.0135423254606372,0.000183504408366064,30.7272727272727,0.000161684762865629,29
"diploid","0","female","0",1,3200,2.5,1.28011811888977e-17,0,"param_sweep_29_8",4,60,500,0.2,1,119.454606552207,21.7823307569319,18.5003819856385,9.41873709584272,0.158638306629479,0.190033806647514,0,50.7512454233954,3.38217421254159e-18,2.10480455345298e-17,0,95,6.84332576974189e-19,29
"diploid","0","female","0",1,3200,2.5,0.661771240020172,0,"param_sweep_29_9",4,60,500,0.2,1,119.454606552207,21.7823307569319,18.5003819856385,9.41873709584272,0.158638306629479,0.775366973320666,0.0437623345124276,24.9129566147205,0.27632319866674,0.697653438767878,0.00976163100117642,96.2727272727273,0.0181879410603949,29
"diploid","0","female","0",1,3200,2.5,0.127315260630206,0,"param_sweep_29_10",4,60,500,0.2,1,119.454606552207,21.7823307569319,18.5003819856385,9.41873709584272,0.158638306629479,0.114742127005155,0,24.5305132742414,0.119472276566249,0.130876834498466,0.00175950689321353,97.3636363636364,0.00767681231766062,29
"diploid","0","male","0",1,3200,2.5,0.312200149040345,0,"param_sweep_30_1",4,60,500,0.2,1,131.485956351471,21.7602824036691,18.5003819856385,9.41873709584272,0.158638306629479,0.431469696034254,0.0119804611346087,21.4809726103036,0.391778930915032,0.341643832506497,0.00903945490896342,144.272727272727,0.0204658098503475,30
"diploid","0","male","0",1,3200,2.5,0.343805607809167,0,"param_sweep_30_2",4,60,500,0.2,1,131.485956351471,21.7602824036691,18.5003819856385,9.41873709584272,0.158638306629479,0.297918619188974,0,14.5286555615004,0.30743810559306,0.271724292363865,0,57,0.0072420071201729,30
"diploid","0","male","0",1,3200,2.5,0.22105775246211,0,"param_sweep_30_3",4,60,500,0.2,1,131.485956351471,21.7602824036691,18.5003819856385,9.41873709584272,0.158638306629479,0.216428963615656,0.0270398415800892,25.8127948992303,0.62395715329589,0.191073811133481,0,185.727272727273,0.0425062053765736,30
"diploid","0","male","0",1,3200,2.5,0.229853938627345,0,"param_sweep_30_4",4,60,500,0.2,1,131.485956351471,21.7602824036691,18.5003819856385,9.41873709584272,0.158638306629479,0.174790372816131,0,27.2345190448833,0.258538989196495,0.211562232073137,0,121.909090909091,0.0197921193827891,30
"diploid","0","male","0",1,3200,2.5,0.0442301075420201,0,"param_sweep_30_5",4,60,500,0.2,1,131.485956351471,21.7602824036691,18.5003819856385,9.41873709584272,0.158638306629479,0.063133550834702,0.00344591114608692,28.1106937178858,0.682541487368964,0.0368200469819332,0,175.636363636364,0.0515748087700116,30
"diploid","0","male","0",1,3200,2.5,0.225985195758147,0,"param_sweep_30_6",4,60,500,0.2,1,131.485956351471,21.7602824036691,18.5003819856385,9.41873709584272,0.158638306629479,0.195210686621018,0.0145971388440968,26.1022063384723,0.434895395409204,0.191990951271342,0,131.181818181818,0.0297283867977492,30
"diploid","0","male","0",1,3200,2.5,0.188721708574212,0.0213934953556278,"param_sweep_30_7",4,60,500,0.2,1,131.485956351471,21.7602824036691,18.5003819856385,9.41873709584272,0.158638306629479,0.0881650948188136,0.00522171712171303,19.0542217212054,0.201594395634029,0.179450437988616,0.00535658638404363,96,0.00853769070947177,30
"diploid","0","male","0",1,3200,2.5,0.30641012578908,0,"param_sweep_30_8",4,60,500,0.2,1,131.485956351471,21.7602824036691,18.5003819856385,9.41873709584272,0.158638306629479,0.169834294299768,0,40.9721946228944,0.207691138315446,0.285472182930902,0,119,0.0280974115005702,30
"diploid","0","male","0",1,3200,2.5,0.400453427059342,0,"param_sweep_30_9",4,60,500,0.2,1,131.485956351471,21.7602824036691,18.5003819856385,9.41873709584272,0.158638306629479,0.634708360545912,0.0268493364584855,24.2213984962869,0.44844279239077,0.47788014138728,0.0149742542918925,120.090909090909,0.0283298673975925,30
"diploid","0","male","0",1,3200,2.5,0.130317949267466,0,"param_sweep_30_10",4,60,500,0.2,1,131.485956351471,21.7602824036691,18.5003819856385,9.41873709584272,0.158638306629479,0.103287464369664,0.0308901224110433,23.918541259947,0.431179588002885,0.114090015105491,0,164.363636363636,0.0261416546090515,30
"triploid","0","female","0",1,3200,2.5,0.60410543517618,0,"param_sweep_31_1",4,60,500,0.2,1,130.48228461365,21.8143103022132,18.5003819856385,9.41873709584272,0.158638306629479,0.555354322971246,0.0103954788101788,16.0130628305978,0.216169306847272,0.620976699660868,0.00825161138493841,67.1818181818182,0.00707510049283568,31
"triploid","0","female","0",1,3200,2.5,5.15725347130376e-20,0,"param_sweep_31_2",4,60,500,0.2,1,130.48228461365,21.8143103022132,18.5003819856385,9.41873709584272,0.158638306629479,0.351638441306983,0,50.5947928779724,7.44193311171987e-21,8.56652434763824e-20,0,10.3636363636364,1.49622329957375e-21,31
"triploid","0","female","0",1,3200,2.5,0.361703185255019,0,"param_sweep_31_3",4,60,500,0.2,1,130.48228461365,21.8143103022132,18.5003819856385,9.41873709584272,0.158638306629479,0.370270351742036,0.0252216236014219,25.4928537680819,0.463273923805937,0.343000963539316,0,147,0.0307328328943797,31
"triploid","0","female","0",1,3200,2.5,1.19017349821705e-05,0,"param_sweep_31_4",4,60,500,0.2,1,130.48228461365,21.8143103022132,18.5003819856385,9.41873709584272,0.158638306629479,0.149376110765736,0,50.6076806922866,3.9165152384075e-06,1.8464884043054e-05,0,29.0909090909091,7.87703253439063e-07,31
"triploid","0","female","0",1,3200,2.5,0.185489454684461,0,"param_sweep_31_5",4,60,500,0.2,1,130.48228461365,21.8143103022132,18.5003819856385,9.41873709584272,0.158638306629479,0.123568430076406,0.00369124787550115,25.988644907037,0.292247689978963,0.187598856516648,0.00284456214239989,110.909090909091,0.0209007576974659,31
"triploid","0","female","0",1,3200,2.5,0.391884011885071,0,"param_sweep_31_6",4,60,500,0.2,1,130.48228461365,21.8143103022132,18.5003819856385,9.41873709584272,0.158638306629479,0.371806981513857,0.0162767185756762,11.7045709948781,0.320812623408329,0.423752593531548,0.0160783460295414,46.5454545454545,0.0052813745517794,31
"triploid","0","female","0",1,3200,2.5,0.0274614095057803,0,"param_sweep_31_7",4,60,500,0.2,1,130.48228461365,21.8143103022132,18.5003819856385,9.41873709584272,0.158638306629479,0.190713866427574,0.00547884862902835,7.54008330459131,0.0078419320339065,0.0256282826177711,0.00107193252009464,11.9090909090909,4.61284395526601e-05,31
"triploid","0","female","0",1,3200,2.5,6.83793402363874e-17,0,"param_sweep_31_8",4,60,500,0.2,1,130.48228461365,21.8143103022132,18.5003819856385,9.41873709584272,0.158638306629479,0.168028446727664,0,50.695218851725,1.78182566241063e-17,1.10124968175903e-16,0,94.9090909090909,3.59688310112493e-18,31
"triploid","0","female","0",1,3200,2.5,0.476240232503832,0,"param_sweep_31_9",4,60,500,0.2,1,130.48228461365,21.8143103022132,18.5003819856385,9.41873709584272,0.158638306629479,0.771091580124846,0.0158579776846696,19.6916079546155,0.302133928015514,0.600202578126178,0.017187708034757,66.2727272727273,0.0139525070173367,31
"triploid","0","female","0",1,3200,2.5,0.131077378851673,0,"param_sweep_31_10",4,60,500,0.2,1,130.48228461365,21.8143103022132,18.5003819856385,9.41873709584272,0.158638306629479,0.101264701934498,0,22.7471482613093,0.104288873987389,0.128376064174508,0.00276656719371728,103.909090909091,0.00627224636997404,31
"triploid","0","male","0",1,3200,2.5,0.377812200619656,0,"param_sweep_32_1",4,60,500,0.2,1,123.228425019031,21.7293943023334,18.5003819856385,9.41873709584272,0.158638306629479,0.685042814045603,0.0268940826897635,20.4817474198496,0.36065479338997,0.46582059692366,0.0191134573699172,125.181818181818,0.0163660291834478,32
"triploid","0","male","0",1,3200,2.5,0.40116301032602,0.0336313142840072,"param_sweep_32_2",4,60,500,0.2,1,123.228425019031,21.7293943023334,18.5003819856385,9.41873709584272,0.158638306629479,0.422118387786644,0.0328457017049865,7.77218671038213,0.243333433983234,0.411646956539864,0.0118032054243857,25.0909090909091,0.00127656796390158,32
"triploid","0","male","0",1,3200,2.5,0.183748744109936,0,"param_sweep_32_3",4,60,500,0.2,1,123.228425019031,21.7293943023334,18.5003819856385,9.41873709584272,0.158638306629479,0.609576672676455,0.050862400191172,25.3656408839768,0.679248691912785,0.196984259948388,0,250.090909090909,0.0453357512320855,32
"triploid","0","male","0",1,3200,2.5,0.25620651046888,0,"param_sweep_32_4",4,60,500,0.2,1,123.228425019031,21.7293943023334,18.5003819856385,9.41873709584272,0.158638306629479,0.23789463383387,0,18.7419389151921,0.179382271804957,0.268567259920969,0.00467859942037049,117.818181818182,0.00804454289909039,32
"triploid","0","male","0",1,3200,2.5,0.0962817569478887,0,"param_sweep_32_5",4,60,500,0.2,1,123.228425019031,21.7293943023334,18.5003819856385,9.41873709584272,0.158638306629479,0.265059791094707,0.00987579705615142,28.4453621631213,0.542373227884106,0.108083291421569,0,166.727272727273,0.0427354328666188,32
"triploid","0","male","0",1,3200,2.5,0.276899538027381,0,"param_sweep_32_6",4,60,500,0.2,1,123.228425019031,21.7293943023334,18.5003819856385,9.41873709584272,0.158638306629479,0.475800910985654,0.0296727027330511,18.8094386625021,0.41002632312192,0.321988263739394,0.0101988432522677,106.545454545455,0.0166629420868307,32
"triploid","0","male","0",1,3200,2.5,0.244693718439938,0.0225212394342962,"param_sweep_32_7",4,60,500,0.2,1,123.228425019031,21.7293943023334,18.5003819856385,9.41873709584272,0.158638306629479,0.248672725192733,0.0099733590026326,10.6937123228878,0.24838400828045,0.280023463184174,0.0176886777990996,38.2727272727273,0.00370227778244396,32
"triploid","0","male","0",1,3200,2.5,0.219414977741413,0,"param_sweep_32_8",4,60,500,0.2,1,123.228425019031,21.7293943023334,18.5003819856385,9.41873709584272,0.158638306629479,0.29301413412543,0.0272648476439103,25.9723023168948,0.348839878357713,0.253202673692827,0,150.363636363636,0.0242338561635865,32
"triploid","0","male","0",1,3200,2.5,0.389342713123173,0,"param_sweep_32_9",4,60,500,0.2,1,123.228425019031,21.7293943023334,18.5003819856385,9.41873709584272,0.158638306629479,1.20045934969292,0.0625182036779346,23.630053408899,0.445249846556417,0.418709143935507,0.0229942646018064,111.909090909091,0.0255687517086546,32
"triploid","0","male","0",1,3200,2.5,0.189395593248777,0,"param_sweep_32_10",4,60,500,0.2,1,123.228425019031,21.7293943023334,18.5003819856385,9.41873709584272,0.158638306629479,0.215536045963489,0.0206011236060404,24.3531980597276,0.297923835567125,0.210985920535394,0,162.909090909091,0.0190094174334256,32
"diploid","0","female","0",-1,2800,2.5,0.0385776948441871,0.00246881732918197,"param_sweep_33_1",4,60,500,0.2,1,125.117385124405,21.7440580859701,18.5003819856385,9.41873709584272,0.158638306629479,0.0777651208325347,0,15.3532050016443,0.0552735979700262,0.034663315699508,0.00326986269387241,67.9090909090909,0.00162825690692407,33
"diploid","0","female","0",-1,2800,2.5,4.26649779364339e-05,0,"param_sweep_33_2",4,60,500,0.2,1,125.117385124405,21.7440580859701,18.5003819856385,9.41873709584272,0.158638306629479,0.114698954995754,0,50.7316172691062,2.63500711924122e-05,7.2715642749693e-05,0,55.5454545454545,5.32707798727749e-06,33
"diploid","0","female","0",-1,2800,2.5,0.00203384751483032,0.0035498584044459,"param_sweep_33_3",4,60,500,0.2,1,125.117385124405,21.7440580859701,18.5003819856385,9.41873709584272,0.158638306629479,0.0872079548547717,0,12.7653342096151,0.00235386454603932,0.00166902297255756,0.000618440484818342,34.4545454545455,2.78584771961143e-05,33
"diploid","0","female","0",-1,2800,2.5,0.0262072989153346,0,"param_sweep_33_4",4,60,500,0.2,1,125.117385124405,21.7440580859701,18.5003819856385,9.41873709584272,0.158638306629479,0,0,7.60804262884334,0.0271629501323068,0.0257625333532316,0.00352926955360374,14.7272727272727,0.000153884731807616,33
"diploid","0","female","0",-1,2800,2.5,0.00975856508425708,0.00188133795645093,"param_sweep_33_5",4,60,500,0.2,1,125.117385124405,21.7440580859701,18.5003819856385,9.41873709584272,0.158638306629479,0.121062155867102,0,7.62422488645737,0.0116501519602327,0.0086157875828598,0.00150388230101635,19.3636363636364,7.22685014447822e-05,33
"diploid","0","female","0",-1,2800,2.5,1.0422560956501e-07,0.00257199663728081,"param_sweep_33_6",4,60,500,0.2,1,125.117385124405,21.7440580859701,18.5003819856385,9.41873709584272,0.158638306629479,0.119534634155688,0,50.6250470307375,7.4343120782687e-08,1.67374738717083e-07,0.000233817876116437,24.3636363636364,1.49672934655628e-08,33
"diploid","0","female","0",-1,2800,2.5,0.0789575205850861,0.00848595380580248,"param_sweep_33_7",4,60,500,0.2,1,125.117385124405,21.7440580859701,18.5003819856385,9.41873709584272,0.158638306629479,0.114540509974711,0,19.0450491130794,0.147593410727279,0.0889112885388859,0.00512272511167199,89.5454545454545,0.00647982740985981,33
"diploid","0","female","0",-1,2800,2.5,4.48669367761532e-15,0,"param_sweep_33_8",4,60,500,0.2,1,125.117385124405,21.7440580859701,18.5003819856385,9.41873709584272,0.158638306629479,0.104102820228422,0,50.5048410507967,3.61655430431012e-15,6.98420503410504e-15,0,15.9090909090909,7.24686441119082e-16,33
"diploid","0","female","0",-1,2800,2.5,0.0137560682377219,0.00170823908507883,"param_sweep_33_9",4,60,500,0.2,1,125.117385124405,21.7440580859701,18.5003819856385,9.41873709584272,0.158638306629479,0.0641988663505881,0,12.28012781638,0.0160810357006526,0.0143912563457626,0.00117490009573074,34.0909090909091,0.000303750469550647,33
"diploid","0","female","0",-1,2800,2.5,0.0189933562701633,0.00211480628194407,"param_sweep_33_10",4,60,500,0.2,1,125.117385124405,21.7440580859701,18.5003819856385,9.41873709584272,0.158638306629479,0.101729062504276,0,13.1207988168551,0.0215814427479742,0.0192023612181424,0.00175069416301784,33.0909090909091,0.000495421185166834,33
"diploid","0","male","0",-1,2800,2.5,0.0268154212455827,0.104050282187176,"param_sweep_34_1",4,60,500,0.2,1,125.363656881185,21.8139234667121,18.5003819856385,9.41873709584272,0.158638306629479,0,0,22.653518517775,0.441939755051005,0.0270183335361256,0.0177719494955715,152.181818181818,0.0234031480956361,34
"diploid","0","male","0",-1,2800,2.5,0.0693129521225638,0,"param_sweep_34_2",4,60,500,0.2,1,125.363656881185,21.8139234667121,18.5003819856385,9.41873709584272,0.158638306629479,0.132699314134332,0.0208884754290629,23.0018864619158,0.369102829335913,0.0678113436835122,0,127.363636363636,0.0209869438100023,34
"diploid","0","male","0",-1,2800,2.5,0.0535091426869196,0.010385490138553,"param_sweep_34_3",4,60,500,0.2,1,125.363656881185,21.8139234667121,18.5003819856385,9.41873709584272,0.158638306629479,0.141128801841532,0,10.5270704398095,0.114326698448866,0.0643456182007509,0.0116359495001709,27.0909090909091,0.00143995512193328,34
"diploid","0","male","0",-1,2800,2.5,0.106369413175005,0,"param_sweep_34_4",4,60,500,0.2,1,125.363656881185,21.8139234667121,18.5003819856385,9.41873709584272,0.158638306629479,0,0.0276215435607004,16.5358668031938,0.202892714452611,0.0781156281824769,0,61.9090909090909,0.00662134811041199,34
"diploid","0","male","0",-1,2800,2.5,0.0818105891487895,0.0240314940335252,"param_sweep_34_5",4,60,500,0.2,1,125.363656881185,21.8139234667121,18.5003819856385,9.41873709584272,0.158638306629479,0,0,12.2202057872565,0.220585781513051,0.0995006010990436,0.0171503777009168,49.4545454545455,0.00407991660117959,34
"diploid","0","male","0",-1,2800,2.5,0.0779078665024728,0.0219662481924155,"param_sweep_34_6",4,60,500,0.2,1,125.363656881185,21.8139234667121,18.5003819856385,9.41873709584272,0.158638306629479,0,0,19.7945710587119,0.191052568333688,0.0861410909910003,0.00898514903797974,75.4545454545455,0.00842277377822803,34
"diploid","0","male","0",-1,2800,2.5,0.0715727405776391,0,"param_sweep_34_7",4,60,500,0.2,1,125.363656881185,21.8139234667121,18.5003819856385,9.41873709584272,0.158638306629479,0.146909375149923,0,23.0563243759684,0.282074951576145,0.0843445324454815,0.00731394730923431,139.363636363636,0.0164744529089508,34
"diploid","0","male","0",-1,2800,2.5,0.0764581392026585,0,"param_sweep_34_8",4,60,500,0.2,1,125.363656881185,21.8139234667121,18.5003819856385,9.41873709584272,0.158638306629479,0,0.0179483753264182,10.2104162748482,0.0696399961626972,0.0808258816236342,0.0061294149527933,20.0909090909091,0.000891805169023065,34
"diploid","0","male","0",-1,2800,2.5,0.0381789586037631,0.0455990078622646,"param_sweep_34_9",4,60,500,0.2,1,125.363656881185,21.8139234667121,18.5003819856385,9.41873709584272,0.158638306629479,0.101354790830315,0.0428784220985345,14.0803006589102,0.308017424840695,0.0397167161848801,0.0125324990421553,60.7272727272727,0.00757164902790481,34
"diploid","0","male","0",-1,2800,2.5,0.10346486004851,0,"param_sweep_34_10",4,60,500,0.2,1,125.363656881185,21.8139234667121,18.5003819856385,9.41873709584272,0.158638306629479,0.203412737087699,0.0222832663545873,16.6614090969489,0.211835695055396,0.120482548178908,0.00852636820004396,69.5454545454545,0.00730603196046981,34
"triploid","0","female","0",-1,2800,2.5,0.0160230613986393,0,"param_sweep_35_1",4,60,500,0.2,1,121.404924316817,21.7641294278532,18.5003819856385,9.41873709584272,0.158638306629479,0.0641279386618708,0.00484902781315003,12.6668092687258,0.0325071393861173,0.0147219581037933,0.00191347889958594,39.3636363636364,0.000609671274080556,35
"triploid","0","female","0",-1,2800,2.5,1.95375669666081e-18,0,"param_sweep_35_2",4,60,500,0.2,1,121.404924316817,21.7641294278532,18.5003819856385,9.41873709584272,0.158638306629479,0.0906235867143068,0,50.5834886851719,4.5282556702433e-18,2.67698395431779e-18,0,33.2727272727273,9.10120703938098e-19,35
"triploid","0","female","0",-1,2800,2.5,0.000939930152097555,0,"param_sweep_35_3",4,60,500,0.2,1,121.404924316817,21.7641294278532,18.5003819856385,9.41873709584272,0.158638306629479,0.0452240566022028,0,9.95841861291054,0.00187200848027193,0.00133482851812876,0,26.7272727272727,1.54438468654971e-05,35
"triploid","0","female","0",-1,2800,2.5,0.000542519314119372,0.00373100821794844,"param_sweep_35_4",4,60,500,0.2,1,121.404924316817,21.7641294278532,18.5003819856385,9.41873709584272,0.158638306629479,0,0,6.80743755626821,0.00562436483558754,0.000566892906648927,0.0010693575696611,12.0909090909091,2.28783822622372e-05,35
"triploid","0","female","0",-1,2800,2.5,0.000939957628155663,0,"param_sweep_35_5",4,60,500,0.2,1,121.404924316817,21.7641294278532,18.5003819856385,9.41873709584272,0.158638306629479,0.0629164194080593,0,8.26489133234106,0.00246444104808791,0.000959249705575822,0.000202359110574823,15.2727272727273,1.52758903830985e-05,35
"triploid","0","female","0",-1,2800,2.5,7.83847905308859e-20,0,"param_sweep_35_6",4,60,500,0.2,1,121.404924316817,21.7641294278532,18.5003819856385,9.41873709584272,0.158638306629479,0.0864887469522469,0,50.4507401144978,1.55919437952064e-19,1.3929384150198e-19,0,14.7272727272727,3.11739286968636e-20,35
"triploid","0","female","0",-1,2800,2.5,0.0430803207373821,0.0125044010699415,"param_sweep_35_7",4,60,500,0.2,1,121.404924316817,21.7641294278532,18.5003819856385,9.41873709584272,0.158638306629479,0.0916810021465055,0.00857080935560806,11.9704723703188,0.0658468525232693,0.0461086632955958,0.00636141007118442,27.0909090909091,0.0012109338923527,35
"triploid","0","female","0",-1,2800,2.5,6.49411075101925e-08,0.00334471248332424,"param_sweep_35_8",4,60,500,0.2,1,121.404924316817,21.7641294278532,18.5003819856385,9.41873709584272,0.158638306629479,0.062945168445748,0,45.9373784607081,4.41310749419924e-07,1.07259117909563e-07,0.000304064771211294,12.2727272727273,7.34978031413868e-08,35
"triploid","0","female","0",-1,2800,2.5,0.00821971140300533,0.00475875144110799,"param_sweep_35_9",4,60,500,0.2,1,121.404924316817,21.7641294278532,18.5003819856385,9.41873709584272,0.158638306629479,0.0444830162471801,0.00403054912725646,8.60395120487012,0.0143791844630849,0.0094452431742349,0.00198658903041679,18.1818181818182,0.000121824506930997,35
"triploid","0","female","0",-1,2800,2.5,0.00455923165399152,0.00153202672316291,"param_sweep_35_10",4,60,500,0.2,1,121.404924316817,21.7641294278532,18.5003819856385,9.41873709584272,0.158638306629479,0.0550484085110991,0,12.8320645900498,0.00826230662451067,0.00452336948025294,0.000741053773216282,26.2727272727273,0.000166333556843983,35
"triploid","0","male","0",-1,2800,2.5,0.0146729946894205,0,"param_sweep_36_1",4,60,500,0.2,1,125.881098611376,21.7370704487762,18.5003819856385,9.41873709584272,0.158638306629479,0,0.0104608149390155,17.0067423527977,0.494375896304527,0.0130428912610933,0.0139732557290283,169.909090909091,0.0166045350633524,36
"triploid","0","male","0",-1,2800,2.5,0.0802013151345134,0,"param_sweep_36_2",4,60,500,0.2,1,125.881098611376,21.7370704487762,18.5003819856385,9.41873709584272,0.158638306629479,0,0.00980158630254167,15.2015656203692,0.231840712331915,0.0747454912227272,0.00780651203504521,89.0909090909091,0.00654889664329681,36
"triploid","0","male","0",-1,2800,2.5,0.0329854056763595,0.00411943553725574,"param_sweep_36_3",4,60,500,0.2,1,125.881098611376,21.7370704487762,18.5003819856385,9.41873709584272,0.158638306629479,0.0981692303564892,0,8.79242940212933,0.0413887477545512,0.0355393261582981,0.00379340031822568,29.3636363636364,0.000328683115467131,36
"triploid","0","male","0",-1,2800,2.5,0.0037201054055012,0.00235379443606018,"param_sweep_36_4",4,60,500,0.2,1,125.881098611376,21.7370704487762,18.5003819856385,9.41873709584272,0.158638306629479,0,0,7.92424257346989,0.0173059466819316,0.00094288941829297,0.00220877286133418,22,0.000113836229785005,36
"triploid","0","male","0",-1,2800,2.5,0.00943741738065081,0.00313690033041953,"param_sweep_36_5",4,60,500,0.2,1,125.881098611376,21.7370704487762,18.5003819856385,9.41873709584272,0.158638306629479,0,0,7.81123342407792,0.020637361214162,0.0132956767067737,0.00206838539423083,19.7272727272727,0.000122367681230598,36
"triploid","0","male","0",-1,2800,2.5,0.0356342389528198,0,"param_sweep_36_6",4,60,500,0.2,1,125.881098611376,21.7370704487762,18.5003819856385,9.41873709584272,0.158638306629479,0,0,9.87152006344881,0.053177959956993,0.0303135321356664,0.00353922065554127,33.3636363636364,0.000569228372615493,36
"triploid","0","male","0",-1,2800,2.5,0.0928096177524737,0,"param_sweep_36_7",4,60,500,0.2,1,125.881098611376,21.7370704487762,18.5003819856385,9.41873709584272,0.158638306629479,0,0,15.923771235565,0.328159182335275,0.089023663738863,0.00923357977888397,123.727272727273,0.0103890887869456,36
"triploid","0","male","0",-1,2800,2.5,0.0106060286120313,0.00241095424890548,"param_sweep_36_8",4,60,500,0.2,1,125.881098611376,21.7370704487762,18.5003819856385,9.41873709584272,0.158638306629479,0,0.00828870350980681,7.25537434726425,0.0232629437538251,0.013079610285493,0.00314008504388677,15.7272727272727,0.000116359224947735,36
"triploid","0","male","0",-1,2800,2.5,0.0184657061029689,0.052137363639761,"param_sweep_36_9",4,60,500,0.2,1,125.881098611376,21.7370704487762,18.5003819856385,9.41873709584272,0.158638306629479,0,0.0100701426903515,8.29177963366898,0.409901210374828,0.0190975794546869,0.0280601468494199,42.1818181818182,0.00303783237221953,36
"triploid","0","male","0",-1,2800,2.5,0.0733381905615481,0.0032256166075423,"param_sweep_36_10",4,60,500,0.2,1,125.881098611376,21.7370704487762,18.5003819856385,9.41873709584272,0.158638306629479,0,0,14.5507480467176,0.0945301087785095,0.0720713915285285,0.0039990110541155,50.4545454545455,0.00249822764995521,36
"diploid","0","female","0",1,2800,2.5,0.00189722927285572,0,"param_sweep_37_1",4,60,500,0.2,1,126.329343241416,21.8541157615905,18.5003819856385,9.41873709584272,0.158638306629479,0,0,18.8815691163536,0.000722327095528248,0.00160357916961527,0,72.9090909090909,2.73172164330391e-05,37
"diploid","0","female","0",1,2800,2.5,1.33166195714435e-17,0,"param_sweep_37_2",4,60,500,0.2,1,126.329343241416,21.8541157615905,18.5003819856385,9.41873709584272,0.158638306629479,0,0,50.5876147433413,2.01810762772284e-17,2.31389851278581e-17,0,54.4545454545455,4.05676004902017e-18,37
"diploid","0","female","0",1,2800,2.5,0.34439648647769,0,"param_sweep_37_3",4,60,500,0.2,1,126.329343241416,21.8541157615905,18.5003819856385,9.41873709584272,0.158638306629479,0.483869049201329,0.0421843863325331,27.8179226012377,0.294114924072725,0.361292891172309,0,157.909090909091,0.0229035113544225,37
"diploid","0","female","0",1,2800,2.5,0.079296569015177,0,"param_sweep_37_4",4,60,500,0.2,1,126.329343241416,21.8541157615905,18.5003819856385,9.41873709584272,0.158638306629479,0.117107062373221,0.0156986736259005,19.5366394069323,0.243025521977104,0.064167290277985,0,143.181818181818,0.0107558013980064,37
"diploid","0","female","0",1,2800,2.5,0.167379758121422,0,"param_sweep_37_5",4,60,500,0.2,1,126.329343241416,21.8541157615905,18.5003819856385,9.41873709584272,0.158638306629479,0.236549135656526,0,24.0280624989847,0.200018599231983,0.181748548020465,0.00517201838412145,117.636363636364,0.0126755596948965,37
"diploid","0","female","0",1,2800,2.5,0.252673466821829,0.0128566856761963,"param_sweep_37_6",4,60,500,0.2,1,126.329343241416,21.8541157615905,18.5003819856385,9.41873709584272,0.158638306629479,0.39809977473966,0.0259618478733305,17.9367959673015,0.117656822639015,0.241146896014197,0.00471512873013256,40.3636363636364,0.00440942339774099,37
"diploid","0","female","0",1,2800,2.5,0.033938449599065,0.00788060725850879,"param_sweep_37_7",4,60,500,0.2,1,126.329343241416,21.8541157615905,18.5003819856385,9.41873709584272,0.158638306629479,0,0,17.0503449394109,0.0420292420067184,0.023048567396676,0.00206262581046044,48.1818181818182,0.00147501989678249,37
"diploid","0","female","0",1,2800,2.5,9.70410335918196e-10,0,"param_sweep_37_8",4,60,500,0.2,1,126.329343241416,21.8541157615905,18.5003819856385,9.41873709584272,0.158638306629479,0.188224191681238,0,50.5177731556425,3.5897179737298e-10,1.51760574551582e-09,0,95.0909090909091,7.19639768848434e-11,37
"diploid","0","female","0",1,2800,2.5,0.00236914068281706,0,"param_sweep_37_9",4,60,500,0.2,1,126.329343241416,21.8541157615905,18.5003819856385,9.41873709584272,0.158638306629479,0,0,18.2020027811613,0.000550722110478956,0.00261615472289273,0,36.7272727272727,1.76917845432768e-05,37
"diploid","0","female","0",1,2800,2.5,0.0756942997103802,0.00865071388377179,"param_sweep_37_10",4,60,500,0.2,1,126.329343241416,21.8541157615905,18.5003819856385,9.41873709584272,0.158638306629479,0.123079083436222,0,23.9489115304556,0.123713305436562,0.0684120263208382,0.00382149413108,101.545454545455,0.00790308199075121,37
"diploid","0","male","0",1,2800,2.5,0.167102476622118,0,"param_sweep_38_1",4,60,500,0.2,1,131.615875468793,21.8318079172535,18.5003819856385,9.41873709584272,0.158638306629479,0,0,21.1427718824213,0.30812851460281,0.128259407844863,0.0084466793629793,152.727272727273,0.0154320785445765,38
"diploid","0","male","0",1,2800,2.5,0.0816395773393464,0,"param_sweep_38_2",4,60,500,0.2,1,131.615875468793,21.8318079172535,18.5003819856385,9.41873709584272,0.158638306629479,0.265392384416656,0.0395256961833938,15.7105747505573,0.576244850467866,0.0903579106598011,0.0105209016978398,205.909090909091,0.0182239793008916,38
"diploid","0","male","0",1,2800,2.5,0.199537648345935,0,"param_sweep_38_3",4,60,500,0.2,1,131.615875468793,21.8318079172535,18.5003819856385,9.41873709584272,0.158638306629479,0.416095005302868,0.040343271242915,26.8877376929659,0.477815341998967,0.236322154454378,0,245.181818181818,0.03302423712112,38
"diploid","0","male","0",1,2800,2.5,0.0686792213108001,0,"param_sweep_38_4",4,60,500,0.2,1,131.615875468793,21.8318079172535,18.5003819856385,9.41873709584272,0.158638306629479,0.146770029645419,0.0192903818408184,22.5266006672721,0.423998493836587,0.0667787412459082,0.00918156592038918,244.090909090909,0.0236241302235389,38
"diploid","0","male","0",1,2800,2.5,0.0915338436450547,0,"param_sweep_38_5",4,60,500,0.2,1,131.615875468793,21.8318079172535,18.5003819856385,9.41873709584272,0.158638306629479,0.227707391268086,0.026618384963205,26.0003414660301,0.421967393342995,0.0947077761423695,0,193.272727272727,0.0284868003673764,38
"diploid","0","male","0",1,2800,2.5,0.193733373241094,0,"param_sweep_38_6",4,60,500,0.2,1,131.615875468793,21.8318079172535,18.5003819856385,9.41873709584272,0.158638306629479,0.319539535866217,0.0287991444551634,24.5379842827983,0.334674029393917,0.165286879643082,0,146.363636363636,0.0202751098465517,38
"diploid","0","male","0",1,2800,2.5,0.120994298221604,0,"param_sweep_38_7",4,60,500,0.2,1,131.615875468793,21.8318079172535,18.5003819856385,9.41873709584272,0.158638306629479,0.159044097140163,0.0256401901403369,20.3406787048806,0.230702761248918,0.109692833676811,0.00699723764482226,156.181818181818,0.0110009884986585,38
"diploid","0","male","0",1,2800,2.5,0.0407206523672318,0,"param_sweep_38_8",4,60,500,0.2,1,131.615875468793,21.8318079172535,18.5003819856385,9.41873709584272,0.158638306629479,0.2197767577257,0.0379242077060852,21.2432101249281,0.649129731081578,0.0429986133855317,0,311.727272727273,0.0317651283930299,38
"diploid","0","male","0",1,2800,2.5,0.197752508749773,0,"param_sweep_38_9",4,60,500,0.2,1,131.615875468793,21.8318079172535,18.5003819856385,9.41873709584272,0.158638306629479,0.426153108974975,0.0532897512986666,15.8634147477884,0.346077576508725,0.14521690928748,0.00485542838082401,116,0.0104705066048874,38
"diploid","0","male","0",1,2800,2.5,0.0980203246721832,0,"param_sweep_38_10",4,60,500,0.2,1,131.615875468793,21.8318079172535,18.5003819856385,9.41873709584272,0.158638306629479,0.156308337357598,0.0214826418714625,25.5550696291394,0.301670038640336,0.086290275191287,0,155.545454545455,0.0195257028282827,38
"triploid","0","female","0",1,2800,2.5,0.000441480768697972,0,"param_sweep_39_1",4,60,500,0.2,1,120.206140111886,21.8330466764229,18.5003819856385,9.41873709584272,0.158638306629479,0,0,11.078268596364,0.00256041483777326,0.00112653016497499,9.03133193378183e-05,51.1818181818182,3.57407790051803e-05,39
"triploid","0","female","0",1,2800,2.5,0,0,"param_sweep_39_2",4,60,500,0.2,1,120.206140111886,21.8330466764229,18.5003819856385,9.41873709584272,0.158638306629479,0,0,50.445660437767,3.49528174188477e-17,0,0,24.3636363636364,6.98796234515246e-18,39
"triploid","0","female","0",1,2800,2.5,9.61369208819686e-40,0,"param_sweep_39_3",4,60,500,0.2,1,120.206140111886,21.8330466764229,18.5003819856385,9.41873709584272,0.158638306629479,0,0,50.4452132411376,1.93765994345472e-05,3.72016050003828e-39,0,120.545454545455,3.87364402652358e-06,39
"triploid","0","female","0",1,2800,2.5,0.000708517414161997,0.00112378700509079,"param_sweep_39_4",4,60,500,0.2,1,120.206140111886,21.8330466764229,18.5003819856385,9.41873709584272,0.158638306629479,0,0,11.147197865972,0.0201258211288792,0.00169792881878845,0.00147430594045962,30.6363636363636,0.00030337047503995,39
"triploid","0","female","0",1,2800,2.5,0.0140038884757811,0,"param_sweep_39_5",4,60,500,0.2,1,120.206140111886,21.8330466764229,18.5003819856385,9.41873709584272,0.158638306629479,0.118990443847432,0,15.3364466215087,0.0192448554936395,0.016503690005497,0.00077848214969194,54.3636363636364,0.000544373781052285,39
"triploid","0","female","0",1,2800,2.5,3.24599734050812e-19,0,"param_sweep_39_6",4,60,500,0.2,1,120.206140111886,21.8330466764229,18.5003819856385,9.41873709584272,0.158638306629479,0.285165330584522,0,50.4555803399654,3.47113862917559e-19,5.49072907991952e-19,0,15.1818181818182,6.94253042872039e-20,39
"triploid","0","female","0",1,2800,2.5,1.13133483116548e-13,0,"param_sweep_39_7",4,60,500,0.2,1,120.206140111886,21.8330466764229,18.5003819856385,9.41873709584272,0.158638306629479,0,0,8.40623245323241,0.034042769909175,4.37786764190893e-13,0.00299869055897643,20.6363636363636,0.000259366163303323,39
"triploid","0","female","0",1,2800,2.5,0.0217772768951365,0,"param_sweep_39_8",4,60,500,0.2,1,120.206140111886,21.8330466764229,18.5003819856385,9.41873709584272,0.158638306629479,0.11041550365493,0,23.016670940537,0.0411568511946419,0.0245575027910843,0.00190486819406411,81,0.00241739112435001,39
"triploid","0","female","0",1,2800,2.5,0.00341184572152137,0.0017040537568767,"param_sweep_39_9",4,60,500,0.2,1,120.206140111886,21.8330466764229,18.5003819856385,9.41873709584272,0.158638306629479,0,0,9.24391060200861,0.0200770886118807,0.0090877327263784,0.001747991334936,23.1818181818182,0.000194709808066302,39
"triploid","0","female","0",1,2800,2.5,0.00264498147132229,0,"param_sweep_39_10",4,60,500,0.2,1,120.206140111886,21.8330466764229,18.5003819856385,9.41873709584272,0.158638306629479,0.0641033708248034,0,21.5265017844279,0.0709497580513887,0.00830807507266493,0.00182006799653631,101.181818181818,0.00370142401249661,39
"triploid","0","male","0",1,2800,2.5,0.0912751830667054,0.0120725628096014,"param_sweep_40_1",4,60,500,0.2,1,122.93865017028,21.7156535354367,18.5003819856385,9.41873709584272,0.158638306629479,0,0,19.5946614414001,0.11582264664147,0.0317160649619403,0.00411566723839291,92.9090909090909,0.00510123582268967,40
"triploid","0","male","0",1,2800,2.5,0,0,"param_sweep_40_2",4,60,500,0.2,1,122.93865017028,21.7156535354367,18.5003819856385,9.41873709584272,0.158638306629479,0,0,10.7907759513781,0.139004345880826,0,0.00481716941570991,46.3636363636364,0.00191220447352654,40
"triploid","0","male","0",1,2800,2.5,0.0815653090045015,0.0194311462396387,"param_sweep_40_3",4,60,500,0.2,1,122.93865017028,21.7156535354367,18.5003819856385,9.41873709584272,0.158638306629479,0,0,28.0662659942393,0.170599146200681,0.0284820732360882,0.00440684105287331,166.909090909091,0.013618469823483,40
"triploid","0","male","0",1,2800,2.5,0.0390910315932862,0,"param_sweep_40_4",4,60,500,0.2,1,122.93865017028,21.7156535354367,18.5003819856385,9.41873709584272,0.158638306629479,0,0,18.2973694227391,0.146587819980779,0.0134163864687167,0.0016147100899491,119.636363636364,0.00560409011124434,40
"triploid","0","male","0",1,2800,2.5,0.192150309479119,0.0415043267691282,"param_sweep_40_5",4,60,500,0.2,1,122.93865017028,21.7156535354367,18.5003819856385,9.41873709584272,0.158638306629479,0.384475083455581,0.0442120970356587,22.3382280111969,0.255995396688383,0.193236602745943,0.008488359029451,155,0.0141025786453423,40
"triploid","0","male","0",1,2800,2.5,0.137884321063507,0.0123194527215224,"param_sweep_40_6",4,60,500,0.2,1,122.93865017028,21.7156535354367,18.5003819856385,9.41873709584272,0.158638306629479,0,0,12.5566373578745,0.124399797450884,0.0503112124849761,0.0044911620573377,41.5454545454545,0.0022143059653356,40
"triploid","0","male","0",1,2800,2.5,0.0194275746574973,0.0127919186698049,"param_sweep_40_7",4,60,500,0.2,1,122.93865017028,21.7156535354367,18.5003819856385,9.41873709584272,0.158638306629479,0,0,11.9257385571065,0.145398977993263,0.010156613307135,0.00714731990419099,52.2727272727273,0.0026187479020141,40
"triploid","0","male","0",1,2800,2.5,0.0726389266512354,0,"param_sweep_40_8",4,60,500,0.2,1,122.93865017028,21.7156535354367,18.5003819856385,9.41873709584272,0.158638306629479,0.254604546945724,0.0304042047496094,23.0930085762344,0.493436157450802,0.0635106066697576,0,271.545454545455,0.0273270754274502,40
"triploid","0","male","0",1,2800,2.5,0.0843784481773565,0.0354904582628928,"param_sweep_40_9",4,60,500,0.2,1,122.93865017028,21.7156535354367,18.5003819856385,9.41873709584272,0.158638306629479,0,0.0266405296382018,11.4468003835357,0.236146394397666,0.0294041858820602,0.0146835181592656,44.0909090909091,0.00390229342792242,40
"triploid","0","male","0",1,2800,2.5,0.0595049087165197,0.0213078007571012,"param_sweep_40_10",4,60,500,0.2,1,122.93865017028,21.7156535354367,18.5003819856385,9.41873709584272,0.158638306629479,0,0.0110298298020529,22.9290935345207,0.232992671259445,0.0201629583041116,0.00654304004686115,166.181818181818,0.0132542353687852,40
"diploid","0","female","0",-1,3200,2.5,0.00207228779479603,0,"param_sweep_41_1",4,60,500,0.2,1,122.82412850977,21.800841346759,18.5003819856385,9.41873709584272,0.158638306629479,0.138440493292459,0,17.5351413737905,0.000942493813074557,0.00269051768243795,0,44.4545454545455,3.04171593315794e-05,41
"diploid","0","female","0",-1,3200,2.5,3.10595956944301e-20,0,"param_sweep_41_2",4,60,500,0.2,1,122.82412850977,21.800841346759,18.5003819856385,9.41873709584272,0.158638306629479,0.171791379713563,0,50.8399139625523,1.17348228523023e-20,5.3259722444838e-20,0,23.0909090909091,2.38241173517854e-21,41
"diploid","0","female","0",-1,3200,2.5,0.0155469699157998,0,"param_sweep_41_3",4,60,500,0.2,1,122.82412850977,21.800841346759,18.5003819856385,9.41873709584272,0.158638306629479,0.114637700534294,0,23.7758940922071,0.0136836261547242,0.0179424266565817,0.000976715930461501,37.9090909090909,0.000763091318321229,41
"diploid","0","female","0",-1,3200,2.5,1.14756186647106e-06,0,"param_sweep_41_4",4,60,500,0.2,1,122.82412850977,21.800841346759,18.5003819856385,9.41873709584272,0.158638306629479,0.166920851652369,0,50.7669782735913,4.38026624713451e-07,1.94548934809337e-06,0,12.4545454545455,8.86724718349667e-08,41
"diploid","0","female","0",-1,3200,2.5,0.0223060829129402,0.00196265826361715,"param_sweep_41_5",4,60,500,0.2,1,122.82412850977,21.800841346759,18.5003819856385,9.41873709584272,0.158638306629479,0.103659689453291,0.00945310158016402,11.8590890396623,0.023476936840977,0.0255745368566273,0.00204317316550214,21.9090909090909,0.000422342174323304,41
"diploid","0","female","0",-1,3200,2.5,0.014992017206891,0,"param_sweep_41_6",4,60,500,0.2,1,122.82412850977,21.800841346759,18.5003819856385,9.41873709584272,0.158638306629479,0.143522799252644,0,10.1278998635619,0.00933816576484646,0.0143971089304898,0.00107391763961295,19,0.000116641736971391,41
"diploid","0","female","0",-1,3200,2.5,0.0325658122286933,0.00309782344470153,"param_sweep_41_7",4,60,500,0.2,1,122.82412850977,21.800841346759,18.5003819856385,9.41873709584272,0.158638306629479,0.126124339666473,0,15.004807825431,0.0278008396908992,0.0327160237444608,0.00243839939405923,34.7272727272727,0.000842151266012268,41
"diploid","0","female","0",-1,3200,2.5,1.84543256016427e-18,0,"param_sweep_41_8",4,60,500,0.2,1,122.82412850977,21.800841346759,18.5003819856385,9.41873709584272,0.158638306629479,0.137287064557086,0,50.744771975364,9.33172287344607e-19,3.13762514647668e-18,0,40.8181818181818,1.88750255561344e-19,41
"diploid","0","female","0",-1,3200,2.5,1.05953596829751e-18,0,"param_sweep_41_9",4,60,500,0.2,1,122.82412850977,21.800841346759,18.5003819856385,9.41873709584272,0.158638306629479,0.169901240130294,0,50.8109250510353,3.63035940012814e-19,1.81641832817898e-18,0,64.3636363636364,7.36176821228224e-20,41
"diploid","0","female","0",-1,3200,2.5,0.00359589873260279,0,"param_sweep_41_10",4,60,500,0.2,1,122.82412850977,21.800841346759,18.5003819856385,9.41873709584272,0.158638306629479,0.133978359733304,0,20.8720274668954,0.00229638094247872,0.00469110624526679,0,44.8181818181818,0.000107051173065073,41
"diploid","0","male","0",-1,3200,2.5,0.114595843783057,0,"param_sweep_42_1",4,60,500,0.2,1,128.225767839201,21.8094579260354,18.5003819856385,9.41873709584272,0.158638306629479,0.110253898651452,0.00880359397747368,20.0441614368516,0.236848357763904,0.112721686318744,0.0061246784863636,113.454545454545,0.0115383367848743,42
"diploid","0","male","0",-1,3200,2.5,0.152721619471516,0.0205377063626143,"param_sweep_42_2",4,60,500,0.2,1,128.225767839201,21.8094579260354,18.5003819856385,9.41873709584272,0.158638306629479,0.140013562981742,0,18.081861538435,0.116671496115146,0.147901272551064,0.00761962602235213,45.0909090909091,0.00421981109758349,42
"diploid","0","male","0",-1,3200,2.5,0.079607494275434,0,"param_sweep_42_3",4,60,500,0.2,1,128.225767839201,21.8094579260354,18.5003819856385,9.41873709584272,0.158638306629479,0.0599114732324192,0.0161198276365435,13.7072319270381,0.361788708009054,0.0686257417233063,0.0136989076081208,61.5454545454545,0.0081739636062836,42
"diploid","0","male","0",-1,3200,2.5,0.00122054319155018,0,"param_sweep_42_4",4,60,500,0.2,1,128.225767839201,21.8094579260354,18.5003819856385,9.41873709584272,0.158638306629479,0.177936550152876,0,32.5126559739448,0.000350344305387064,0.00171599809312455,0,22,3.17725818217153e-05,42
"diploid","0","male","0",-1,3200,2.5,0.0331665696602705,0,"param_sweep_42_5",4,60,500,0.2,1,128.225767839201,21.8094579260354,18.5003819856385,9.41873709584272,0.158638306629479,0.0541827756437738,0.00555293283705387,21.4963499022536,0.550520445947559,0.0314525390709332,0.012427805389173,165.454545454545,0.0292659309721138,42
"diploid","0","male","0",-1,3200,2.5,0.0998998301879885,0,"param_sweep_42_6",4,60,500,0.2,1,128.225767839201,21.8094579260354,18.5003819856385,9.41873709584272,0.158638306629479,0.0803756377849002,0.0109467583889063,20.8690148705202,0.271468717274649,0.0920697179423775,0.00654072631324791,95.6363636363636,0.013541682554591,42
"diploid","0","male","0",-1,3200,2.5,0.100270970452256,0,"param_sweep_42_7",4,60,500,0.2,1,128.225767839201,21.8094579260354,18.5003819856385,9.41873709584272,0.158638306629479,0.0700779276255215,0.00669006808096149,21.4894460713121,0.202969577482296,0.0900453070062471,0.00523624198931134,98.1818181818182,0.0107133121537604,42
"diploid","0","male","0",-1,3200,2.5,1.42241558143881e-17,0,"param_sweep_42_8",4,60,500,0.2,1,128.225767839201,21.8094579260354,18.5003819856385,9.41873709584272,0.158638306629479,0.118905076479029,0,50.6828760672794,5.3442444086248e-18,2.19210038283086e-17,0,58.4545454545455,1.07859309068649e-18,42
"diploid","0","male","0",-1,3200,2.5,0.1742516370823,0,"param_sweep_42_9",4,60,500,0.2,1,128.225767839201,21.8094579260354,18.5003819856385,9.41873709584272,0.158638306629479,0.132963098620766,0,21.7200053190943,0.127776943828525,0.157935498181322,0.00362923186979993,90.5454545454545,0.00717896000200457,42
"diploid","0","male","0",-1,3200,2.5,0.165387034530296,0,"param_sweep_42_10",4,60,500,0.2,1,128.225767839201,21.8094579260354,18.5003819856385,9.41873709584272,0.158638306629479,0.115784741167417,0,24.2105529515277,0.175695558005929,0.14612560119848,0,100.454545454545,0.0103019948424279,42
"triploid","0","female","0",-1,3200,2.5,0.00236308892772278,0,"param_sweep_43_1",4,60,500,0.2,1,130.119709317957,21.7783919856392,18.5003819856385,9.41873709584272,0.158638306629479,0.13672351133787,0,16.0061718782998,0.00092001371994127,0.00342085174201459,0,34.3636363636364,2.29110701878352e-05,43
"triploid","0","female","0",-1,3200,2.5,1.22381932417666e-20,0,"param_sweep_43_2",4,60,500,0.2,1,130.119709317957,21.7783919856392,18.5003819856385,9.41873709584272,0.158638306629479,0.16109216049123,0,50.6996402990864,4.35333034165426e-21,2.04926358136906e-20,0,14.0909090909091,8.78851292251483e-22,43
"triploid","0","female","0",-1,3200,2.5,0.00945253069330898,0,"param_sweep_43_3",4,60,500,0.2,1,130.119709317957,21.7783919856392,18.5003819856385,9.41873709584272,0.158638306629479,0.0889002020841394,0,15.3850644057883,0.00643941367218654,0.0106916107436936,0.000335002700184684,36.1818181818182,0.000160033932759163,43
"triploid","0","female","0",-1,3200,2.5,2.50835708737739e-19,0,"param_sweep_43_4",4,60,500,0.2,1,130.119709317957,21.7783919856392,18.5003819856385,9.41873709584272,0.158638306629479,0.155182021088149,0,50.6664467386932,9.34805267618354e-20,4.088967897494e-19,0,13.1818181818182,1.88470251120861e-20,43
"triploid","0","female","0",-1,3200,2.5,0.016563459934972,0.000918894186395391,"param_sweep_43_5",4,60,500,0.2,1,130.119709317957,21.7783919856392,18.5003819856385,9.41873709584272,0.158638306629479,0.0900971038805358,0.00559013246523858,10.1446668138783,0.0107565669182232,0.0173031621563838,0.00126682823012522,20.1818181818182,0.000139080224532685,43
"triploid","0","female","0",-1,3200,2.5,1.20546791981146e-11,0,"param_sweep_43_6",4,60,500,0.2,1,130.119709317957,21.7783919856392,18.5003819856385,9.41873709584272,0.158638306629479,0.137168469756338,0,50.6750163839034,4.73378093739825e-12,2.09227992826092e-11,0,12.7272727272727,9.5473423700157e-13,43
"triploid","0","female","0",-1,3200,2.5,0.0262956398258321,0.00141163873242645,"param_sweep_43_7",4,60,500,0.2,1,130.119709317957,21.7783919856392,18.5003819856385,9.41873709584272,0.158638306629479,0.136736425505646,0.00653274795026048,9.33525106576991,0.0137105238247922,0.0273905247474589,0.00173387575672575,15.3636363636364,0.000138749759503548,43
"triploid","0","female","0",-1,3200,2.5,5.19225764239693e-18,0,"param_sweep_43_8",4,60,500,0.2,1,130.119709317957,21.7783919856392,18.5003819856385,9.41873709584272,0.158638306629479,0.110968216723474,0,50.6564468172965,2.54829458897516e-18,8.4661866196541e-18,0,29.4545454545455,5.13596792163707e-19,43
"triploid","0","female","0",-1,3200,2.5,0.000894238865402903,0,"param_sweep_43_9",4,60,500,0.2,1,130.119709317957,21.7783919856392,18.5003819856385,9.41873709584272,0.158638306629479,0.145745797305682,0,15.2131450151435,0.000298971400118475,0.00128680195759965,0,39.5454545454545,7.98622977546269e-06,43
"triploid","0","female","0",-1,3200,2.5,2.14479927491097e-08,0,"param_sweep_43_10",4,60,500,0.2,1,130.119709317957,21.7783919856392,18.5003819856385,9.41873709584272,0.158638306629479,0.105167452902865,0,50.6122323357861,1.12523340716647e-08,3.49502231298973e-08,0,40.4545454545455,2.26395601693099e-09,43
"triploid","0","male","0",-1,3200,2.5,0.140496286298718,0,"param_sweep_44_1",4,60,500,0.2,1,128.37932332669,21.800809711422,18.5003819856385,9.41873709584272,0.158638306629479,0.158295080462365,0.0116525545593307,16.9075585817492,0.233591280689298,0.131074924228302,0.00625581402567655,75.4545454545455,0.00805689951911545,44
"triploid","0","male","0",-1,3200,2.5,0.00414318772220364,0,"param_sweep_44_2",4,60,500,0.2,1,128.37932332669,21.800809711422,18.5003819856385,9.41873709584272,0.158638306629479,0.181822521616864,0,14.5255015970254,0.00118963510772256,0.00200415569342701,0.000427681396322294,17.6363636363636,8.35884913787003e-06,44
"triploid","0","male","0",-1,3200,2.5,0.12597210947884,0,"param_sweep_44_3",4,60,500,0.2,1,128.37932332669,21.800809711422,18.5003819856385,9.41873709584272,0.158638306629479,0.128156810907972,0.0159069749489169,11.4745838846536,0.247173891946343,0.106992416487953,0.0157368803749378,40,0.00394907427898752,44
"triploid","0","male","0",-1,3200,2.5,2.51579625344414e-18,0,"param_sweep_44_4",4,60,500,0.2,1,128.37932332669,21.800809711422,18.5003819856385,9.41873709584272,0.158638306629479,0.223874184304873,0,50.6583459586991,6.4445417445733e-19,3.84755825615158e-18,0,20.3636363636364,1.29949920330846e-19,44
"triploid","0","male","0",-1,3200,2.5,0.125659282572776,0,"param_sweep_44_5",4,60,500,0.2,1,128.37932332669,21.800809711422,18.5003819856385,9.41873709584272,0.158638306629479,0.162648782940717,0.0104063322772491,21.278231983719,0.325873656777569,0.0981171776414334,0.00651302153661179,103.818181818182,0.0165303951862727,44
"triploid","0","male","0",-1,3200,2.5,0.157351371041525,0.0127913771464021,"param_sweep_44_6",4,60,500,0.2,1,128.37932332669,21.800809711422,18.5003819856385,9.41873709584272,0.158638306629479,0.160396559931804,0.0140801550030507,12.5785131521432,0.1531569422443,0.138674051780534,0.00968785764532453,37.6363636363636,0.00298320157169166,44
"triploid","0","male","0",-1,3200,2.5,0.0992533192556303,0.00574359314014151,"param_sweep_44_7",4,60,500,0.2,1,128.37932332669,21.800809711422,18.5003819856385,9.41873709584272,0.158638306629479,0.16120673918363,0.00940188663984242,13.9463096777392,0.0592659448352215,0.086529351608019,0.00418222909393343,35.9090909090909,0.00146946598180782,44
"triploid","0","male","0",-1,3200,2.5,4.1327102226607e-05,0,"param_sweep_44_8",4,60,500,0.2,1,128.37932332669,21.800809711422,18.5003819856385,9.41873709584272,0.158638306629479,0.174703629168663,0,50.5239955438044,1.4303225135249e-05,5.7752070803792e-05,0,33.8181818181818,2.86800783107143e-06,44
"triploid","0","male","0",-1,3200,2.5,0.17010430790375,0,"param_sweep_44_9",4,60,500,0.2,1,128.37932332669,21.800809711422,18.5003819856385,9.41873709584272,0.158638306629479,0.212307167687772,0.015411242693486,19.4406397783185,0.25764399195834,0.155470050074106,0.00652137422975564,75.0909090909091,0.0117963470887407,44
"triploid","0","male","0",-1,3200,2.5,0.200271287485643,0,"param_sweep_44_10",4,60,500,0.2,1,128.37932332669,21.800809711422,18.5003819856385,9.41873709584272,0.158638306629479,0.196401539923771,0,20.0241669826649,0.164251751075258,0.172261957223274,0.00526882082706023,86.2727272727273,0.00752548305446415,44
"diploid","0","female","0",1,3200,2.5,0.601478889887943,0,"param_sweep_45_1",4,60,500,0.2,1,121.155280542712,21.7425103740519,18.5003819856385,9.41873709584272,0.158638306629479,0.436381032949016,0,21.9909138374971,0.156140803408555,0.582013929432804,0.00444151633947131,86,0.00814852112009879,45
"diploid","0","female","0",1,3200,2.5,2.18622230485256e-19,0,"param_sweep_45_2",4,60,500,0.2,1,121.155280542712,21.7425103740519,18.5003819856385,9.41873709584272,0.158638306629479,0.296149107547857,0,50.7186032547119,3.21959976750146e-20,3.5856609226833e-19,0,21.4545454545455,6.50538507281338e-21,45
"diploid","0","female","0",1,3200,2.5,0.405377289868514,0,"param_sweep_45_3",4,60,500,0.2,1,121.155280542712,21.7425103740519,18.5003819856385,9.41873709584272,0.158638306629479,0.263389939941567,0.0216309013842843,35.2935469738975,0.394889662742173,0.412201819063628,0.0091685879298448,124.363636363636,0.0434656006247218,45
"diploid","0","female","0",1,3200,2.5,0.0216859171149605,0.00357459086544158,"param_sweep_45_4",4,60,500,0.2,1,121.155280542712,21.7425103740519,18.5003819856385,9.41873709584272,0.158638306629479,0.116890099666412,0,19.5911096508496,0.00771586546089901,0.0284773556140813,0.000324962805949234,39,0.000281271002132417,45
"diploid","0","female","0",1,3200,2.5,0.120609393089809,0,"param_sweep_45_5",4,60,500,0.2,1,121.155280542712,21.7425103740519,18.5003819856385,9.41873709584272,0.158638306629479,0.0670902783187995,0.00246396600718673,28.2385554898558,0.375215123656584,0.110141260508271,0.00649669172486027,115.636363636364,0.030168412020593,45
"diploid","0","female","0",1,3200,2.5,0.379326170074544,0,"param_sweep_45_6",4,60,500,0.2,1,121.155280542712,21.7425103740519,18.5003819856385,9.41873709584272,0.158638306629479,0.256384260780407,0.0107867044667697,20.4379880077107,0.28170607473547,0.336709456340713,0.0064344280662516,71,0.0127596921425472,45
"diploid","0","female","0",1,3200,2.5,0.0118742341004325,0,"param_sweep_45_7",4,60,500,0.2,1,121.155280542712,21.7425103740519,18.5003819856385,9.41873709584272,0.158638306629479,0.112565545910208,0,15.0528098100115,0.00497639578960338,0.0118830150581504,0.000394527570884839,28.0909090909091,0.000144068633011384,45
"diploid","0","female","0",1,3200,2.5,1.4514346424361e-17,0,"param_sweep_45_8",4,60,500,0.2,1,121.155280542712,21.7425103740519,18.5003819856385,9.41873709584272,0.158638306629479,0.138316490274676,0,50.7588825773115,3.59218392733031e-18,2.33345856440971e-17,0,92.9090909090909,7.26974040192417e-19,45
"diploid","0","female","0",1,3200,2.5,0.737513660974598,0,"param_sweep_45_9",4,60,500,0.2,1,121.155280542712,21.7425103740519,18.5003819856385,9.41873709584272,0.158638306629479,0.646854570187552,0.0149135721570463,25.7224526446284,0.266596789074785,0.720118076631919,0.00787467098560625,89.7272727272727,0.0191318908377861,45
"diploid","0","female","0",1,3200,2.5,0.144704144301997,0,"param_sweep_45_10",4,60,500,0.2,1,121.155280542712,21.7425103740519,18.5003819856385,9.41873709584272,0.158638306629479,0.0764790003588826,0,24.9208313209268,0.122507458675854,0.135497486133528,0.00266217992388692,95.4545454545455,0.00828115007027908,45
"diploid","0","male","0",1,3200,2.5,0.429515775149422,0,"param_sweep_46_1",4,60,500,0.2,1,127.871011760338,21.787557239925,18.5003819856385,9.41873709584272,0.158638306629479,0.53457537186081,0.0224169196612913,23.5450558732763,0.327776320570087,0.392311524063567,0,128.909090909091,0.0188598911002782,46
"diploid","0","male","0",1,3200,2.5,0.328693056162237,0,"param_sweep_46_2",4,60,500,0.2,1,127.871011760338,21.787557239925,18.5003819856385,9.41873709584272,0.158638306629479,0.358350408037872,0.0437362784723485,13.6120540991638,0.318543680074777,0.346960727237719,0.014220415101519,57.2727272727273,0.00698764785551988,46
"diploid","0","male","0",1,3200,2.5,0.134030533911142,0,"param_sweep_46_3",4,60,500,0.2,1,127.871011760338,21.787557239925,18.5003819856385,9.41873709584272,0.158638306629479,0.391134142982177,0.0409065631294486,25.6932499504717,0.776116393928572,0.131041949392479,0,250.181818181818,0.0543707227253081,46
"diploid","0","male","0",1,3200,2.5,0.238554723638915,0,"param_sweep_46_4",4,60,500,0.2,1,127.871011760338,21.787557239925,18.5003819856385,9.41873709584272,0.158638306629479,0.205166267957909,0,27.3605587891114,0.251199848374096,0.246058683388063,0.00637002851508997,123.363636363636,0.01906478370501,46
"diploid","0","male","0",1,3200,2.5,0.0267439628042553,0,"param_sweep_46_5",4,60,500,0.2,1,127.871011760338,21.787557239925,18.5003819856385,9.41873709584272,0.158638306629479,0.12971643110976,0.00649705804101204,24.5445968532585,0.808740835810487,0.0268577600151121,0,205.272727272727,0.0526865214600096,46
"diploid","0","male","0",1,3200,2.5,0.239314283849611,0.131156786934083,"param_sweep_46_6",4,60,500,0.2,1,127.871011760338,21.787557239925,18.5003819856385,9.41873709584272,0.158638306629479,0.300415587527904,0.0191141347707261,26.3029356432136,0.429017900258036,0.224463211933944,0.0119233442667348,132,0.0297458875256399,46
"diploid","0","male","0",1,3200,2.5,0.19623533023488,0.0227056355558213,"param_sweep_46_7",4,60,500,0.2,1,127.871011760338,21.787557239925,18.5003819856385,9.41873709584272,0.158638306629479,0.136641143931625,0.00856010020562242,19.8349223078119,0.18620251465832,0.200817725598677,0.00801166341159739,93.7272727272727,0.00849197214345101,46
"diploid","0","male","0",1,3200,2.5,0.321475626894712,0,"param_sweep_46_8",4,60,500,0.2,1,127.871011760338,21.787557239925,18.5003819856385,9.41873709584272,0.158638306629479,0.239076183078463,0,27.5850772379133,0.180029033802836,0.325734476356891,0.00653119444591254,117.545454545455,0.013578760240066,46
"diploid","0","male","0",1,3200,2.5,0.495284502048716,0,"param_sweep_46_9",4,60,500,0.2,1,127.871011760338,21.787557239925,18.5003819856385,9.41873709584272,0.158638306629479,0.915626946511043,0.0615856215824657,26.4546937058047,0.427956488998714,0.490027873754877,0,117.727272727273,0.0319456979043425,46
"diploid","0","male","0",1,3200,2.5,0.144900346477516,0,"param_sweep_46_10",4,60,500,0.2,1,127.871011760338,21.787557239925,18.5003819856385,9.41873709584272,0.158638306629479,0.160570418003884,0.0360637098428205,21.8324240003166,0.4160836666153,0.137850568283815,0,160.545454545455,0.02209300460053,46
"triploid","0","female","0",1,3200,2.5,0.647316843216334,0,"param_sweep_47_1",4,60,500,0.2,1,126.632312031878,21.807247583518,18.5003819856385,9.41873709584272,0.158638306629479,0.477507645418782,0.00617260062074866,16.8660179298661,0.209370568167532,0.631666936795808,0.0041670391580214,83.8181818181818,0.00694988106596484,47
"triploid","0","female","0",1,3200,2.5,4.86707737910306e-20,0,"param_sweep_47_2",4,60,500,0.2,1,126.632312031878,21.807247583518,18.5003819856385,9.41873709584272,0.158638306629479,0.307419998577637,0,50.5568258386033,6.80584789774275e-21,7.77129156647287e-20,0,14.3636363636364,1.36652974513863e-21,47
"triploid","0","female","0",1,3200,2.5,0.41165447646101,0,"param_sweep_47_3",4,60,500,0.2,1,126.632312031878,21.807247583518,18.5003819856385,9.41873709584272,0.158638306629479,0.250271342563578,0.0181418874243396,27.1849653025452,0.449433256504537,0.459171508395225,0.012359819369316,156.545454545455,0.0340199727638917,47
"triploid","0","female","0",1,3200,2.5,0.00281023374476262,0,"param_sweep_47_4",4,60,500,0.2,1,126.632312031878,21.807247583518,18.5003819856385,9.41873709584272,0.158638306629479,0.129353575293893,0,11.3847972138872,0.00100174043971583,0.00361401676861343,0,41.0909090909091,1.25008099271003e-05,47
"triploid","0","female","0",1,3200,2.5,0.22834791167223,0,"param_sweep_47_5",4,60,500,0.2,1,126.632312031878,21.807247583518,18.5003819856385,9.41873709584272,0.158638306629479,0.0762212002735246,0.00224987448394963,25.7118655033578,0.274943197319519,0.215697214164788,0.00186811213244825,114.272727272727,0.0188082346576768,47
"triploid","0","female","0",1,3200,2.5,0.524311954004239,0,"param_sweep_47_6",4,60,500,0.2,1,126.632312031878,21.807247583518,18.5003819856385,9.41873709584272,0.158638306629479,0.280616730001853,0.0125739109439199,13.0259982382893,0.264748267894678,0.496187061524453,0.0116868108536877,46.8181818181818,0.00533089539432623,47
"triploid","0","female","0",1,3200,2.5,0.0243552277431713,0,"param_sweep_47_7",4,60,500,0.2,1,126.632312031878,21.807247583518,18.5003819856385,9.41873709584272,0.158638306629479,0.142497399196877,0.00365197487322609,9.16477383432161,0.00570712952628038,0.0257081728749721,0.000530261362468084,14.1818181818182,4.78308647557742e-05,47
"triploid","0","female","0",1,3200,2.5,7.13370707130141e-17,0,"param_sweep_47_8",4,60,500,0.2,1,126.632312031878,21.807247583518,18.5003819856385,9.41873709584272,0.158638306629479,0.131953563275537,0,50.6662880864603,1.74580488670418e-17,1.10544856353133e-16,0,99.2727272727273,3.52048020461704e-18,47
"triploid","0","female","0",1,3200,2.5,0.575566611511343,0.0615932751658832,"param_sweep_47_9",4,60,500,0.2,1,126.632312031878,21.807247583518,18.5003819856385,9.41873709584272,0.158638306629479,0.610783754817904,0.00855749651637157,24.4439480611243,0.244088294708052,0.585026219419164,0.0150275287591414,73.4545454545455,0.0148866586262031,47
"triploid","0","female","0",1,3200,2.5,0.13922016699319,0,"param_sweep_47_10",4,60,500,0.2,1,126.632312031878,21.807247583518,18.5003819856385,9.41873709584272,0.158638306629479,0.0741867621009143,0,26.3809682964317,0.0946277109074868,0.13378758388046,0.00118216547308096,107.545454545455,0.00684405627229146,47
"triploid","0","male","0",1,3200,2.5,0.409918699568249,0,"param_sweep_48_1",4,60,500,0.2,1,124.782401779517,21.7982576947949,18.5003819856385,9.41873709584272,0.158638306629479,0.753074916223248,0.0512665596151695,21.4398445502992,0.360525486928149,0.380171498499032,0.00581033011693759,127.636363636364,0.0180083492194756,48
"triploid","0","male","0",1,3200,2.5,0.44375996602369,0.053057781103009,"param_sweep_48_2",4,60,500,0.2,1,124.782401779517,21.7982576947949,18.5003819856385,9.41873709584272,0.158638306629479,0.467081672281248,0.048592805052435,7.60728678250653,0.184720735083468,0.416081665818603,0.0207797447027811,19.3636363636364,0.000992933601985007,48
"triploid","0","male","0",1,3200,2.5,0.265688692918123,0,"param_sweep_48_3",4,60,500,0.2,1,124.782401779517,21.7982576947949,18.5003819856385,9.41873709584272,0.158638306629479,0.703453013682667,0.0770824290001704,25.291223385325,0.621044030058072,0.214152681034862,0,215.090909090909,0.0400415170796331,48
"triploid","0","male","0",1,3200,2.5,0.159814820974851,0.00562387414261841,"param_sweep_48_4",4,60,500,0.2,1,124.782401779517,21.7982576947949,18.5003819856385,9.41873709584272,0.158638306629479,0.29494214918386,0,21.0629714788858,0.0513400460547494,0.147553598091201,0.00164398332376665,75,0.00270356805612123,48
"triploid","0","male","0",1,3200,2.5,0.112564289160999,0,"param_sweep_48_5",4,60,500,0.2,1,124.782401779517,21.7982576947949,18.5003819856385,9.41873709584272,0.158638306629479,0.325281087194999,0.0173009353867842,27.0835008822182,0.541178783127153,0.0970427919778374,0.00451136318273851,166.363636363636,0.0393350056712419,48
"triploid","0","male","0",1,3200,2.5,0.259421991787102,0,"param_sweep_48_6",4,60,500,0.2,1,124.782401779517,21.7982576947949,18.5003819856385,9.41873709584272,0.158638306629479,0.518536920113824,0.0383270635234413,19.3328675087895,0.436171328245966,0.27748514383012,0.0166622992879393,128.181818181818,0.0182912001232389,48
"triploid","0","male","0",1,3200,2.5,0.277426880760133,0.0218567164943497,"param_sweep_48_7",4,60,500,0.2,1,124.782401779517,21.7982576947949,18.5003819856385,9.41873709584272,0.158638306629479,0.278369503110949,0.0148486141338692,11.7248285147202,0.22115082324002,0.251631343843152,0.0105867863539391,38.1818181818182,0.003857554664145,48
"triploid","0","male","0",1,3200,2.5,0.240294653022388,0,"param_sweep_48_8",4,60,500,0.2,1,124.782401779517,21.7982576947949,18.5003819856385,9.41873709584272,0.158638306629479,0.341862451439829,0.040004320637588,22.3515248808389,0.318630065574872,0.2493744873516,0.00950089480272834,143.363636363636,0.0177335620232373,48
"triploid","0","male","0",1,3200,2.5,0.18291640687601,0,"param_sweep_48_9",4,60,500,0.2,1,124.782401779517,21.7982576947949,18.5003819856385,9.41873709584272,0.158638306629479,1.25522843719879,0.118460403667091,19.2676589045627,0.597775765354111,0.303424227447754,0.0296555827899958,126.181818181818,0.0263204762940337,48
"triploid","0","male","0",1,3200,2.5,0.193238378475434,0,"param_sweep_48_10",4,60,500,0.2,1,124.782401779517,21.7982576947949,18.5003819856385,9.41873709584272,0.158638306629479,0.262144433498867,0.0299202144831783,24.7411844715581,0.304069179568879,0.189840850599871,0.00965087814673107,165.909090909091,0.0194423939913679,48
