"","Ploidy_leveltriploid","Ploidy_levelunknown","geneticSexIDmale","geneticSexIDunknown","Cos.aspect","Elevation","prefix_this","minsize","maxsize","n_iterations","size_mean_initial","size_sd_initial","n_S_initial","n_A_initial","size_mean_final","n_A_final","n_S_final","longevity_90_final","n_S_lag_factor","n_S_scale_factor","SWE.mean","Tmax.mean","basal_area_density_final","n_A_final_gt_30_cm","cv_n_A_final_ten","index","pixel","replicate_climate_resample","replicate_data_resample","Ploidy_level","geneticSexID"
"1","0","0","0","0",-0.811225295066833,3083.4375,"map_978_1_1",5,70,300,20,5,3.09566552648741,0.1,9.700408819905,0.127084856793393,2.4750189998489,11,0.2,1,48.3446305390212,22.4829117564796,0.00122625067167539,0.00208392775021387,0.430096265711883,1,978,1,"1","diploid","female"
"2","0","0","0","0",-0.811225295066833,3083.4375,"map_978_1_2",5,70,300,20,5,3.65562242553089,0.1,9.54904828105544,0.199255514436948,2.2400727228018,9,0.2,1,48.3446305390212,22.4829117564796,0.00173919759325769,0.00217551210435941,0.698478714695598,1,978,1,"2","diploid","female"
"3","0","0","0","0",-0.811225295066833,3083.4375,"map_978_1_3",5,70,300,20,5,4.64884765170349,0.1,6.83731962890709,0.0693452433213669,2.74525418963752,11,0.2,1,48.3446305390212,22.4829117564796,0.000276211270429849,1.74920447160459e-06,0.864226820541279,1,978,1,"3","diploid","female"
"4","0","0","0","0",-0.822242736816406,3114.07470703125,"map_979_1_1",5,70,300,20,5,3.1089545025839,0.1,11.1851021024129,0.106129436189861,2.74777419342509,16,0.2,1,49.8069692757042,22.479649503841,0.00136279678255951,0.00242879405702033,0.454411942106495,2,979,1,"1","diploid","female"
"5","0","0","0","0",-0.822242736816406,3114.07470703125,"map_979_1_2",5,70,300,20,5,3.77335757758782,0.1,10.6444944771482,0.180459309125957,2.71974835586979,14,0.2,1,49.8069692757042,22.479649503841,0.00181818658469603,0.00132606077415403,0.719628011256443,2,979,1,"2","diploid","female"
"6","0","0","0","0",-0.822242736816406,3114.07470703125,"map_979_1_3",5,70,300,20,5,4.48538888162209,0.1,7.3910391452141,0.0668397922799786,2.70453777125026,13,0.2,1,49.8069692757042,22.479649503841,0.000320821902929623,1.03342671417045e-05,0.819284072509827,2,979,1,"3","diploid","female"
"7","0","0","0","0",-0.506825804710388,3098.98779296875,"map_2235_1_1",5,70,300,20,5,3.2485650951793,0.1,9.65424017070667,0.209369133411748,2.84946946159206,24,0.2,1,61.7307882087175,23.2421905119422,0.00226132255045483,0.00407478704664025,0.324556729501977,3,2235,1,"1","diploid","female"
"8","0","0","0","0",-0.506825804710388,3098.98779296875,"map_2235_1_2",5,70,300,20,5,5.17365036328802,0.1,6.85182264696899,0.229814171371255,3.29030455155438,11,0.2,1,61.7307882087175,23.2421905119422,0.00112231087396912,0.000390435040945535,0.412170584312671,3,2235,1,"2","diploid","female"
"9","0","0","0","0",-0.506825804710388,3098.98779296875,"map_2235_1_3",5,70,300,20,5,4.30351064639439,0.1,5.7939715097654,0.192550096083183,3.14478211354179,25,0.2,1,61.7307882087175,23.2421905119422,0.000556976488702791,1.60573396072301e-05,0.689220555784553,3,2235,1,"3","diploid","female"
"10","0","0","0","0",-0.479843199253082,3196.03735351562,"map_2236_1_1",5,70,300,20,5,3.36093025692682,0.1,11.848366409437,0.239735796315759,1.84933048159736,45,0.2,1,64.0887070470474,23.2290319142812,0.00377530357664868,0.00915616455394366,0.203433103543281,4,2236,1,"1","diploid","female"
"11","0","0","0","0",-0.479843199253082,3196.03735351562,"map_2236_1_2",5,70,300,20,5,5.75322396048926,0.1,7.42539068269055,0.314698905635973,2.33920735081596,19,0.2,1,64.0887070470474,23.2290319142812,0.0014575687465349,2.68208702746805e-05,0.642833004139008,4,2236,1,"2","diploid","female"
"12","0","0","0","0",-0.479843199253082,3196.03735351562,"map_2236_1_3",5,70,300,20,5,3.48194529961697,0.1,6.91063632286432,0.104068371646934,2.18808312784583,26,0.2,1,64.0887070470474,23.2290319142812,0.000422464138413154,4.32655228005458e-06,0.620363357495667,4,2236,1,"3","diploid","female"
"13","0","0","0","0",-0.282683879137039,3021.76196289062,"map_2441_1_1",5,70,300,20,5,2.15153989153894,0.1,12.1419270118605,0.132384403420993,2.61052529492213,8,0.2,1,37.8366233478749,23.9706551054387,0.00203304345965905,0.00231563747232849,0.230027542691474,5,2441,1,"1","diploid","female"
"14","0","0","0","0",-0.282683879137039,3021.76196289062,"map_2441_1_2",5,70,300,20,5,6.10606378782718,0.1,7.54824842080168,0.0871436976044293,4.78769410290997,4,0.2,1,37.8366233478749,23.9706551054387,0.000467948374104899,3.42290378626907e-05,0.537486037386503,5,2441,1,"2","diploid","female"
"15","0","0","0","0",-0.282683879137039,3021.76196289062,"map_2441_1_3",5,70,300,20,5,2.31060713029124,0.1,8.14059310511392,0.0850754649889278,3.18516845338606,6,0.2,1,37.8366233478749,23.9706551054387,0.000505096949994853,2.36564028195332e-05,0.370581623710234,5,2441,1,"3","diploid","female"
"16","0","0","0","0",-0.611876130104065,2994.529296875,"map_2545_1_1",5,70,300,20,5,2.4514391114541,0.1,9.43443137127852,0.156771458101131,2.34459785928558,31,0.2,1,34.4493079534005,24.0142641194239,0.0016199294264223,0.00318857326060074,0.392052586075302,6,2545,1,"1","diploid","female"
"17","0","0","0","0",-0.611876130104065,2994.529296875,"map_2545_1_2",5,70,300,20,5,4.45070049437959,0.1,6.78607823524617,0.125636594392555,3.15093081383933,13,0.2,1,34.4493079534005,24.0142641194239,0.000571552424495944,0.000176805692325779,0.95048449313435,6,2545,1,"2","diploid","female"
"18","0","0","0","0",-0.611876130104065,2994.529296875,"map_2545_1_3",5,70,300,20,5,3.38165124230927,0.1,6.0512270897592,0.177954744877133,2.54856176726965,36,0.2,1,34.4493079534005,24.0142641194239,0.000561529684508411,1.03742103283006e-06,0.748336801308353,6,2545,1,"3","diploid","female"
"19","0","0","0","0",-0.526411652565002,2959.6474609375,"map_2649_1_1",5,70,300,20,5,2.03200742822273,0.1,9.13501968530101,0.150046344955318,2.44546921599668,13,0.2,1,36.45054685317,23.0731377374558,0.00124108115957215,0.00165021264757069,0.43654763863609,7,2649,1,"1","diploid","female"
"20","0","0","0","0",-0.526411652565002,2959.6474609375,"map_2649_1_2",5,70,300,20,5,4.24251349613743,0.1,8.25512468753198,0.205119933369635,2.96513519147449,14,0.2,1,36.45054685317,23.0731377374558,0.00128543164570773,0.000769897285532662,0.632068743869325,7,2649,1,"2","diploid","female"
"21","0","0","0","0",-0.526411652565002,2959.6474609375,"map_2649_1_3",5,70,300,20,5,2.1845891348506,0.1,7.30406141528334,0.0510086517477564,2.41816620219842,8,0.2,1,36.45054685317,23.0731377374558,0.000231108082884438,2.98781714715974e-06,0.903966599114538,7,2649,1,"3","diploid","female"
"22","0","0","0","0",-0.385358780622482,3069.30419921875,"map_2651_1_1",5,70,300,20,5,2.5043556582089,0.1,8.93626050983379,0.215868958110183,2.53528411170052,10,0.2,1,56.276591369084,23.6882484025205,0.00182785871826381,0.00297653216224628,0.261211550435461,8,2651,1,"1","diploid","female"
"23","0","0","0","0",-0.385358780622482,3069.30419921875,"map_2651_1_2",5,70,300,20,5,7.20944798993873,0.1,7.27698140260348,0.201871819315838,2.8580795307164,5,0.2,1,56.276591369084,23.6882484025205,0.000877359735799322,3.76827657810403e-05,0.557561822235143,8,2651,1,"2","diploid","female"
"24","0","0","0","0",-0.385358780622482,3069.30419921875,"map_2651_1_3",5,70,300,20,5,2.60604183369017,0.1,7.32938222759019,0.102981524142035,2.78321413895063,5,0.2,1,56.276591369084,23.6882484025205,0.000460301949725558,2.69584833508682e-05,0.504231094691212,8,2651,1,"3","diploid","female"
"25","0","0","0","0",-0.421152800321579,3145.412109375,"map_2652_1_1",5,70,300,20,5,1.36372501572694,0.1,10.5708880573677,0.246823707763109,2.68862666602188,51,0.2,1,56.2593537485877,23.6665395314247,0.00275265903538905,0.00369893088573583,0.423357301924528,9,2652,1,"1","diploid","female"
"26","0","0","0","0",-0.421152800321579,3145.412109375,"map_2652_1_2",5,70,300,20,5,8.35842714536984,0.1,6.55916869506899,0.212945019309641,3.22767234248912,15,0.2,1,56.2593537485877,23.6665395314247,0.000735191101993597,5.88749165355985e-06,2.22493472002399,9,2652,1,"2","diploid","female"
"27","0","0","0","0",-0.421152800321579,3145.412109375,"map_2652_1_3",5,70,300,20,5,1.24058899872424,0.1,7.47925347160163,0.240689810095066,2.76615253177928,90,0.2,1,56.2593537485877,23.6665395314247,0.00115030869969236,7.47148846315174e-06,0.805115615961238,9,2652,1,"3","diploid","female"
"28","0","0","0","0",-0.364836037158966,2984.22021484375,"map_2754_1_1",5,70,300,20,5,2.9806277928912,0.1,10.4008391620291,0.270889634955756,2.27465116508086,4,0.2,1,58.3507022485385,23.6307621089855,0.00293294738646497,0.00412172912781235,0.317273020478404,10,2754,1,"1","diploid","female"
"29","0","0","0","0",-0.364836037158966,2984.22021484375,"map_2754_1_2",5,70,300,20,5,4.99785677117272,0.1,8.33649383221612,0.778429970219395,0.736854500177067,5,0.2,1,58.3507022485385,23.6307621089855,0.00462121707186138,0.000821007179779244,0.362586663048492,10,2754,1,"2","diploid","female"
"30","0","0","0","0",-0.364836037158966,2984.22021484375,"map_2754_1_3",5,70,300,20,5,3.78262545668295,0.1,6.53006505123696,0.232796556821171,2.75321851876562,2,0.2,1,58.3507022485385,23.6307621089855,0.000857864137959991,5.14846827674695e-05,0.666987449696914,10,2754,1,"3","diploid","female"
"31","0","0","0","0",-0.457350522279739,3038.85693359375,"map_2755_1_1",5,70,300,20,5,2.92110561748972,0.1,10.1421495537799,0.172029721850869,2.86933793238737,47,0.2,1,56.7150478814527,23.6949483033959,0.00186958717176925,0.00302952849722896,0.29889589668447,11,2755,1,"1","diploid","female"
"32","0","0","0","0",-0.457350522279739,3038.85693359375,"map_2755_1_2",5,70,300,20,5,5.22238412949141,0.1,7.69231592698473,0.178653219521067,4.25780648154427,23,0.2,1,56.7150478814527,23.6949483033959,0.000992773468948037,0.000664946282258063,0.540508503216953,11,2755,1,"2","diploid","female"
"33","0","0","0","0",-0.457350522279739,3038.85693359375,"map_2755_1_3",5,70,300,20,5,3.90162375569103,0.1,7.18509920440832,0.177046477000809,2.98905158442832,87,0.2,1,56.7150478814527,23.6949483033959,0.000765600370395508,9.07458019881246e-06,0.527182433780687,11,2755,1,"3","diploid","female"
"34","0","0","0","0",-0.486126601696014,3019.85473632812,"map_2859_1_1",5,70,300,20,5,1.23090213471069,0.1,10.2723631065552,0.239820229174577,2.44477700539815,4,0.2,1,60.3371544929834,23.6214017406518,0.0027222923027495,0.00355250856280243,0.228454306694111,12,2859,1,"1","diploid","female"
"35","0","0","0","0",-0.486126601696014,3019.85473632812,"map_2859_1_2",5,70,300,20,5,6.74011826841184,0.1,7.97644154073928,0.237366810618782,3.58494580119461,2,0.2,1,60.3371544929834,23.6214017406518,0.00147936962172039,0.000206661665254966,0.467982562567242,12,2859,1,"2","diploid","female"
"36","0","0","0","0",-0.486126601696014,3019.85473632812,"map_2859_1_3",5,70,300,20,5,1.30199390346062,0.1,7.29659800512679,0.181491058918659,2.82753049962141,2,0.2,1,60.3371544929834,23.6214017406518,0.000836881185832807,2.78880237900914e-05,0.542766929829379,12,2859,1,"3","diploid","female"
"37","0","0","0","0",-0.634523153305054,3053.2119140625,"map_2860_1_1",5,70,300,20,5,2.09209961145265,0.1,11.1302923160863,0.125753878048459,2.41651940706195,102,0.2,1,57.649964247035,23.6536465004829,0.00166206172798008,0.00394362549466363,0.594965851002242,13,2860,1,"1","diploid","female"
"38","0","0","0","0",-0.634523153305054,3053.2119140625,"map_2860_1_2",5,70,300,20,5,5.99319965436274,0.1,9.48076040758352,0.104301184906853,3.063478708388,98,0.2,1,57.649964247035,23.6536465004829,0.000834104160630559,0.000810096714881833,1.43388988760375,13,2860,1,"2","diploid","female"
"39","0","0","0","0",-0.634523153305054,3053.2119140625,"map_2860_1_3",5,70,300,20,5,2.35330700218164,0.1,6.8319334603049,0.0685327687388815,2.2578193443935,129,0.2,1,57.649964247035,23.6536465004829,0.000282679868010438,5.92317984069711e-06,1.13554101476975,13,2860,1,"3","diploid","female"
"40","0","0","0","0",-0.41746661067009,3135.35229492188,"map_2861_1_1",5,70,300,20,5,3.33927553058113,0.1,9.1510426512261,0.287170383026718,3.03587077837069,40,0.2,1,59.4607316631811,22.2834242397237,0.0021533057380646,0.000865659156547095,0.523226434660208,14,2861,1,"1","diploid","female"
"41","0","0","0","0",-0.41746661067009,3135.35229492188,"map_2861_1_2",5,70,300,20,5,6.68860761877049,0.1,7.44492333606542,0.560532816179123,1.51956129586649,43,0.2,1,59.4607316631811,22.2834242397237,0.00256956849961333,0.000111555732004185,1.02530235416452,14,2861,1,"2","diploid","female"
"42","0","0","0","0",-0.41746661067009,3135.35229492188,"map_2861_1_3",5,70,300,20,5,3.13924251660111,0.1,6.32523343720726,0.220286886359096,3.44066142352409,85,0.2,1,59.4607316631811,22.2834242397237,0.00072934786487077,1.01184109009783e-06,0.796166557803768,14,2861,1,"3","diploid","female"
"43","0","0","0","0",-0.660919785499573,3022.91137695312,"map_2964_1_1",5,70,300,20,5,2.07789942452805,0.1,8.8391044435534,0.218716181088199,2.41415887430389,26,0.2,1,47.7372679707418,23.6113677446232,0.001986674369273,0.00375251401170658,0.345177729158193,15,2964,1,"1","diploid","female"
"44","0","0","0","0",-0.660919785499573,3022.91137695312,"map_2964_1_2",5,70,300,20,5,5.73673332116437,0.1,6.88135847499505,0.331414709094606,3.4442891091014,16,0.2,1,47.7372679707418,23.6113677446232,0.00180503087374921,0.00290668525742066,0.551255311492702,15,2964,1,"2","diploid","female"
"45","0","0","0","0",-0.660919785499573,3022.91137695312,"map_2964_1_3",5,70,300,20,5,2.41988224791095,0.1,5.77571853668157,0.207008548689078,2.48075598725222,25,0.2,1,47.7372679707418,23.6113677446232,0.000600474120003225,7.54046709509404e-06,0.839960908000611,15,2964,1,"3","diploid","female"
"46","0","0","0","0",-0.531648576259613,3076.76000976562,"map_2965_1_1",5,70,300,20,5,3.12163870478339,0.1,8.73360669802412,0.101678567778939,3.1266332522156,22,0.2,1,46.5764243772062,22.3192260317628,0.000720800815622622,0.000437766739817985,0.521133383817372,16,2965,1,"1","diploid","female"
"47","0","0","0","0",-0.531648576259613,3076.76000976562,"map_2965_1_2",5,70,300,20,5,5.93429773311398,0.1,8.8447821611628,0.103462065536086,3.56882891175428,23,0.2,1,46.5764243772062,22.3192260317628,0.0007267044537337,0.000325195748706243,0.699453213547103,16,2965,1,"2","diploid","female"
"48","0","0","0","0",-0.531648576259613,3076.76000976562,"map_2965_1_3",5,70,300,20,5,3.40063413070225,0.1,6.84952037523256,0.0375695743076731,2.74091839785215,45,0.2,1,46.5764243772062,22.3192260317628,0.000153689991878372,3.57092174104236e-06,0.917645406220226,16,2965,1,"3","diploid","female"
"49","0","0","0","0",-0.636561393737793,3003.02612304688,"map_3068_1_1",5,70,300,20,5,0.943495679540136,0.1,11.4911716087249,0.239010496491794,1.84376835277326,4,0.2,1,45.8707438721213,24.0191889917072,0.00326670013413683,0.00552645897116329,0.286722768068628,17,3068,1,"1","diploid","female"
"50","0","0","0","0",-0.636561393737793,3003.02612304688,"map_3068_1_2",5,70,300,20,5,4.80004352152151,0.1,7.69163328243753,0.221498819504591,2.1066209858359,2,0.2,1,45.8707438721213,24.0191889917072,0.00108251811550334,0.000162591657613948,1.08405101101848,17,3068,1,"2","diploid","female"
"51","0","0","0","0",-0.636561393737793,3003.02612304688,"map_3068_1_3",5,70,300,20,5,1.18187654699612,0.1,6.2675536979546,0.235676753480542,2.23502687579896,2,0.2,1,45.8707438721213,24.0191889917072,0.000804967013137357,1.49642089833639e-05,0.620650637091699,17,3068,1,"3","diploid","female"
"52","0","0","0","0",-0.55124819278717,3037.6044921875,"map_3069_1_1",5,70,300,20,5,2.5389737476306,0.1,9.3016655105847,0.215509682286264,2.21867854319041,46,0.2,1,45.4674570395107,23.8142893918989,0.0019575075625951,0.00273601152176446,0.299539117295194,18,3069,1,"1","diploid","female"
"53","0","0","0","0",-0.55124819278717,3037.6044921875,"map_3069_1_2",5,70,300,20,5,4.82233697700277,0.1,7.92997053360434,0.195939797523787,2.66461935633043,19,0.2,1,45.4674570395107,23.8142893918989,0.00106873312850614,0.000153216768067691,0.495889849359256,18,3069,1,"2","diploid","female"
"54","0","0","0","0",-0.55124819278717,3037.6044921875,"map_3069_1_3",5,70,300,20,5,3.61666244743054,0.1,7.63345095958014,0.100110152204402,2.46129726261958,55,0.2,1,45.4674570395107,23.8142893918989,0.000489972312882905,4.64163707645348e-06,0.515398109708532,18,3069,1,"3","diploid","female"
"55","0","0","0","0",-0.63727879524231,3102.81005859375,"map_3070_1_1",5,70,300,20,5,2.57998611410014,0.1,7.714048590528,0.623776180746205,2.36307909754109,84,0.2,1,61.4852114674261,23.8149191794073,0.00425216263805039,0.00450123093325032,0.363530367782365,19,3070,1,"1","diploid","female"
"56","0","0","0","0",-0.63727879524231,3102.81005859375,"map_3070_1_2",5,70,300,20,5,5.31170532694984,0.1,5.05108303541375,5.07074519585404,3.04961970343766,1,0.2,1,61.4852114674261,23.8149191794073,0.010288640362528,1.92010764599854e-05,1.78101253452349,19,3070,1,"2","diploid","female"
"57","0","0","0","0",-0.63727879524231,3102.81005859375,"map_3070_1_3",5,70,300,20,5,3.41044629869304,0.1,5.19849374335648,1.05480024822626,2.54587722954479,81,0.2,1,61.4852114674261,23.8149191794073,0.00235595505210393,3.81588728392457e-06,0.895429620760337,19,3070,1,"3","diploid","female"
"58","0","0","0","0",-0.450167804956436,3068.9248046875,"map_3074_1_1",5,70,300,20,5,3.34582020526824,0.1,8.99603589838162,0.347243072659851,2.81363584972597,48,0.2,1,60.0839004841358,23.1201152186853,0.00281458547616065,0.00264471451603577,0.487993319522214,20,3074,1,"1","diploid","female"
"59","0","0","0","0",-0.450167804956436,3068.9248046875,"map_3074_1_2",5,70,300,20,5,5.39855864093667,0.1,5.27301180670654,1.46532298166144,2.49833644664628,10,0.2,1,60.0839004841358,23.1201152186853,0.00330948474924876,0.00019269760068184,1.60065705036924,20,3074,1,"2","diploid","female"
"60","0","0","0","0",-0.450167804956436,3068.9248046875,"map_3074_1_3",5,70,300,20,5,4.1582681630488,0.1,6.41138863679251,0.374063531267623,3.01248983060499,78,0.2,1,60.0839004841358,23.1201152186853,0.00128927090397805,5.95114974118011e-06,0.817368503559254,20,3074,1,"3","diploid","female"
"61","0","0","0","0",-0.860665440559387,2974.61328125,"map_3172_1_1",5,70,300,20,5,1.83850807073252,0.1,9.36170213729091,0.442345082318233,1.34787101302506,5,0.2,1,45.3382565398945,24.0418370699962,0.00428754643872008,0.0065097357406186,0.540102553234378,21,3172,1,"1","diploid","female"
"62","0","0","0","0",-0.860665440559387,2974.61328125,"map_3172_1_2",5,70,300,20,5,3.60183793983654,0.1,8.3822627339812,0.0810859447112648,2.77767798213429,2,0.2,1,45.3382565398945,24.0418370699962,0.000664745680922588,0.000414527491735376,2.26569587471413,21,3172,1,"2","diploid","female"
"63","0","0","0","0",-0.860665440559387,2974.61328125,"map_3172_1_3",5,70,300,20,5,2.7541785910098,0.1,6.90092045519759,0.242936336950316,1.62684084028242,2,0.2,1,45.3382565398945,24.0418370699962,0.000954861366892776,1.61449873346055e-06,0.978578968794369,21,3172,1,"3","diploid","female"
"64","0","0","0","0",-0.776373386383057,3003.34985351562,"map_3173_1_1",5,70,300,20,5,2.12060721547769,0.1,9.54734577140945,0.210829102235537,1.82256738301216,9,0.2,1,47.5409551631177,23.7569821859383,0.00215649208072574,0.0036500684856832,0.300963160978731,22,3173,1,"1","diploid","female"
"65","0","0","0","0",-0.776373386383057,3003.34985351562,"map_3173_1_2",5,70,300,20,5,3.91972981078097,0.1,8.40871882785831,0.171106866683052,2.59856530027885,5,0.2,1,47.5409551631177,23.7569821859383,0.00112842009419106,0.000120836936063596,0.452668294964175,22,3173,1,"2","diploid","female"
"66","0","0","0","0",-0.776373386383057,3003.34985351562,"map_3173_1_3",5,70,300,20,5,3.182100067336,0.1,7.32285396331253,0.0895645548255588,2.20022574576413,3,0.2,1,47.5409551631177,23.7569821859383,0.000398829942973108,3.05554048288384e-06,0.550883732485533,22,3173,1,"3","diploid","female"
"67","0","0","0","0",-0.844617307186127,3037.07885742188,"map_3174_1_1",5,70,300,20,5,1.00229415471071,0.1,10.5858533151046,0.190987186472785,1.91787108246957,10,0.2,1,59.2785098275473,23.761265215446,0.00226934200382534,0.00353979658128939,0.368661010978432,23,3174,1,"1","diploid","female"
"68","0","0","0","0",-0.844617307186127,3037.07885742188,"map_3174_1_2",5,70,300,20,5,5.98611764355991,0.1,7.51156362812562,0.452281651050134,1.67213376243824,12,0.2,1,59.2785098275473,23.761265215446,0.00219176764625733,0.00046255010765427,0.806230352703858,23,3174,1,"2","diploid","female"
"69","0","0","0","0",-0.844617307186127,3037.07885742188,"map_3174_1_3",5,70,300,20,5,1.15168890168841,0.1,7.86258873669521,0.110628615502914,2.11247346177456,6,0.2,1,59.2785098275473,23.761265215446,0.000562200503822769,9.58256631949083e-07,0.718544758102479,23,3174,1,"3","diploid","female"
"70","0","0","0","0",-0.925605535507202,2915.75537109375,"map_3275_1_1",5,70,300,20,5,1.64817841313747,0.1,13.3229884840401,0.32013067166553,1.28748089243166,60,0.2,1,46.4945252522876,24.0165894395357,0.00669330918599155,0.02121024293944,0.361642804243065,24,3275,1,"1","diploid","female"
"71","0","0","0","0",-0.925605535507202,2915.75537109375,"map_3275_1_2",5,70,300,20,5,3.00510498486387,0.1,11.9078755045521,0.607505743351685,0.516922362306564,67,0.2,1,46.4945252522876,24.0165894395357,0.00948064104744968,0.0284014584770655,0.6416920120126,24,3275,1,"2","diploid","female"
"72","0","0","0","0",-0.925605535507202,2915.75537109375,"map_3275_1_3",5,70,300,20,5,2.24714297970566,0.1,5.54607050716129,0.350712702537334,1.41082366893608,31,0.2,1,46.4945252522876,24.0165894395357,0.000917737793208102,1.69258278144806e-06,1.0833215596157,24,3275,1,"3","diploid","female"
"73","0","0","0","0",-0.904919922351837,2932.15258789062,"map_3276_1_1",5,70,300,20,5,1.44632725720958,0.1,14.4099630402681,0.128375972077411,1.65778090787042,64,0.2,1,47.8422050650334,24.0159828087816,0.00310098615714059,0.0119892426170519,0.396291315337306,25,3276,1,"1","diploid","female"
"74","0","0","0","0",-0.904919922351837,2932.15258789062,"map_3276_1_2",5,70,300,20,5,4.24229821661046,0.1,11.9551686270705,0.0711182083106583,2.23790326439706,72,0.2,1,47.8422050650334,24.0159828087816,0.000985055134164239,0.00162652494633754,0.855403135598545,25,3276,1,"2","diploid","female"
"75","0","0","0","0",-0.904919922351837,2932.15258789062,"map_3276_1_3",5,70,300,20,5,1.6183817118918,0.1,6.60205605838455,0.0587383748983933,1.48152097179983,105,0.2,1,47.8422050650334,24.0159828087816,0.000224671267570304,1.19261298767731e-06,0.879512975955364,25,3276,1,"3","diploid","female"
"76","0","0","0","0",-0.851982116699219,2953.86767578125,"map_3277_1_1",5,70,300,20,5,0.911817307091879,0.1,15.4265093164298,0.16912727984808,1.61668366315754,59,0.2,1,47.2296975698582,23.7449308733343,0.00422673463007245,0.0118285429318187,0.389300754360725,26,3277,1,"1","diploid","female"
"77","0","0","0","0",-0.851982116699219,2953.86767578125,"map_3277_1_2",5,70,300,20,5,4.92395524944703,0.1,12.0062301948475,0.0898772542178363,2.38158010850237,69,0.2,1,47.2296975698582,23.7449308733343,0.00118470586478124,0.000829861338578611,1.69920164300729,26,3277,1,"2","diploid","female"
"78","0","0","0","0",-0.851982116699219,2953.86767578125,"map_3277_1_3",5,70,300,20,5,0.999641089825873,0.1,7.20808883972337,0.049037107955026,1.58905986749619,103,0.2,1,47.2296975698582,23.7449308733343,0.00022856546553937,1.99244447251448e-06,1.2789834116885,26,3277,1,"3","diploid","female"
"79","0","0","0","0",-0.233471482992172,2951.47045898438,"map_3486_1_1",5,70,300,20,5,3.00286878148318,0.1,14.0588665207902,0.294976312610367,1.40288076382088,74,0.2,1,54.6301947804384,23.805125160682,0.00574620860818948,0.0113442959999712,0.300250828568454,27,3486,1,"1","diploid","female"
"80","0","0","0","0",-0.233471482992172,2951.47045898438,"map_3486_1_2",5,70,300,20,5,5.18567725439742,0.1,8.07538311256095,0.227870524674285,2.66764786021249,29,0.2,1,54.6301947804384,23.805125160682,0.00127559812000543,6.37464195168606e-05,0.559608305523261,27,3486,1,"2","diploid","female"
"81","0","0","0","0",-0.233471482992172,2951.47045898438,"map_3486_1_3",5,70,300,20,5,3.45244859348801,0.1,7.64357404816799,0.138778290060081,2.4295473166347,81,0.2,1,54.6301947804384,23.805125160682,0.000705512343638026,5.93548904250281e-05,0.537948004387478,27,3486,1,"3","diploid","female"
"82","0","0","0","0",-0.592703223228455,2939.67944335938,"map_3590_1_1",5,70,300,20,5,2.31708033158828,0.1,9.68797790217962,0.502391075968919,1.83187048979205,24,0.2,1,53.2722621661088,23.7617671104761,0.00561771019204212,0.0110766175777458,0.367113987369202,28,3590,1,"1","diploid","female"
"83","0","0","0","0",-0.592703223228455,2939.67944335938,"map_3590_1_2",5,70,300,20,5,4.0037480969753,0.1,6.46474680422034,1.71053684760622,1.17776063255851,213,0.2,1,53.2722621661088,23.7617671104761,0.00713592285863226,0.00185892452271756,0.778913969424814,28,3590,1,"2","diploid","female"
"84","0","0","0","0",-0.592703223228455,2939.67944335938,"map_3590_1_3",5,70,300,20,5,2.87441077198937,0.1,6.98971262666647,0.0596721428233966,1.40173706723855,4,0.2,1,53.2722621661088,23.7617671104761,0.00026311651851557,6.25509811580174e-06,1.10992105905611,28,3590,1,"3","diploid","female"
"85","0","0","0","0",-0.353633195161819,2973.78076171875,"map_3591_1_1",5,70,300,20,5,2.82898062812788,0.1,14.8301496050292,0.175232558444032,1.96185893670101,16,0.2,1,53.0410247696595,23.8024768681489,0.00381027952573984,0.0107527634356284,0.236531732645713,29,3591,1,"1","diploid","female"
"86","0","0","0","0",-0.353633195161819,2973.78076171875,"map_3591_1_2",5,70,300,20,5,5.046818030518,0.1,10.5910967426974,0.175973613318864,1.67637019234816,12,0.2,1,53.0410247696595,23.8024768681489,0.00160289707863704,3.382713600206e-05,0.359126871372367,29,3591,1,"2","diploid","female"
"87","0","0","0","0",-0.353633195161819,2973.78076171875,"map_3591_1_3",5,70,300,20,5,3.47774581510359,0.1,9.082425652885,0.0662999268998238,2.71014283903199,10,0.2,1,53.0410247696595,23.8024768681489,0.000471558906419938,1.30081185857115e-05,0.551172804768102,29,3591,1,"3","diploid","female"
"88","0","0","0","0",-0.329372704029083,3016.84985351562,"map_3592_1_1",5,70,300,20,5,3.45484242363233,0.1,7.58159907145429,0.199748829095076,3.49565217427679,41,0.2,1,55.5926015012684,23.0844864314049,0.00140278056424255,0.00275955204812135,0.402980645044442,30,3592,1,"1","diploid","female"
"89","0","0","0","0",-0.329372704029083,3016.84985351562,"map_3592_1_2",5,70,300,20,5,5.20469919960328,0.1,5.84927973581304,0.335981232828331,4.09661371541723,46,0.2,1,55.5926015012684,23.0844864314049,0.00108875384699723,0.000209639908002397,0.701380771385085,30,3592,1,"2","diploid","female"
"90","0","0","0","0",-0.329372704029083,3016.84985351562,"map_3592_1_3",5,70,300,20,5,4.33874085518465,0.1,6.207376897271,0.180811760813231,3.4039660289976,155,0.2,1,55.5926015012684,23.0844864314049,0.000655168125818296,6.51547922757194e-05,0.575022865031233,30,3592,1,"3","diploid","female"
"91","0","0","0","0",-0.752954065799713,3046.1005859375,"map_3593_1_1",5,70,300,20,5,2.42491640693986,0.1,12.6580092693204,0.117336045109025,2.48677175327934,43,0.2,1,69.1385535480968,23.1277786975155,0.00203264596791238,0.0052879479494086,0.313553659135014,31,3593,1,"1","diploid","female"
"92","0","0","0","0",-0.752954065799713,3046.1005859375,"map_3593_1_2",5,70,300,20,5,6.06429478986613,0.1,13.1510673489398,0.0758034315898363,3.81989975185074,45,0.2,1,69.1385535480968,23.1277786975155,0.00150672588687865,0.00655944497521658,0.547655385847516,31,3593,1,"2","diploid","female"
"93","0","0","0","0",-0.752954065799713,3046.1005859375,"map_3593_1_3",5,70,300,20,5,2.62936381493179,0.1,7.80162056023776,0.0458790722587093,2.63046110281106,91,0.2,1,69.1385535480968,23.1277786975155,0.000247257783408437,1.22891108761394e-05,0.798509921784309,31,3593,1,"3","diploid","female"
"94","0","0","0","0",-0.472372323274612,2957.31176757812,"map_3695_1_1",5,70,300,20,5,2.22830150791798,0.1,11.8145537355869,0.341134405291229,1.52177559957581,16,0.2,1,54.0159716843767,23.7855492749219,0.00535447790229621,0.0100022334407546,0.51921644358425,32,3695,1,"1","diploid","female"
"95","0","0","0","0",-0.472372323274612,2957.31176757812,"map_3695_1_2",5,70,300,20,5,6.15301640804299,0.1,8.7775920005729,0.517417317486426,0.687707164960832,18,0.2,1,54.0159716843767,23.7855492749219,0.00335031122414105,0.000208492645540494,0.419395688185741,32,3695,1,"2","diploid","female"
"96","0","0","0","0",-0.472372323274612,2957.31176757812,"map_3695_1_3",5,70,300,20,5,2.18698402865991,0.1,8.74923556076064,0.0602444758092368,2.23013916360943,7,0.2,1,54.0159716843767,23.7855492749219,0.000399729221290772,2.09957435887308e-05,0.808900445235646,32,3695,1,"3","diploid","female"
"97","0","0","0","0",-0.812907218933105,2984.13989257812,"map_3696_1_1",5,70,300,20,5,2.10651120115706,0.1,7.71137827131028,0.293909081662742,2.36302591364665,7,0.2,1,55.6397802924793,23.0773906317,0.00209674972140413,0.003848051430403,0.382280186046929,33,3696,1,"1","diploid","female"
"98","0","0","0","0",-0.812907218933105,2984.13989257812,"map_3696_1_2",5,70,300,20,5,4.88385400123581,0.1,12.059118128862,0.468919517599324,0.954045968870987,4,0.2,1,55.6397802924793,23.0773906317,0.00695405236944957,0.0161323284777937,0.368460301114286,33,3696,1,"2","diploid","female"
"99","0","0","0","0",-0.812907218933105,2984.13989257812,"map_3696_1_3",5,70,300,20,5,2.339866941593,0.1,5.6976723748312,0.341403172162609,2.57807309768305,2,0.2,1,55.6397802924793,23.0773906317,0.000919884723242113,5.04309283636617e-06,0.759736580061009,33,3696,1,"3","diploid","female"
"100","0","0","0","0",-0.861461460590363,3170.83911132812,"map_3701_1_1",5,70,300,20,5,3.50424729636044,0.1,12.4185465118252,0.280328033928585,3.15011351728128,75,0.2,1,125.795680388264,21.8992195920427,0.00497438571790772,0.0121338332717954,0.209459882649411,34,3701,1,"1","diploid","female"
"101","0","0","0","0",-0.861461460590363,3170.83911132812,"map_3701_1_2",5,70,300,20,5,4.44810931049492,0.1,11.320796622698,0.424937381590444,1.86545767804926,69,0.2,1,125.795680388264,21.8992195920427,0.00603463115208152,0.0100809378933342,0.397438337399657,34,3701,1,"2","diploid","female"
"102","0","0","0","0",-0.861461460590363,3170.83911132812,"map_3701_1_3",5,70,300,20,5,3.74951078896441,0.1,6.82184746047502,0.195656578556299,3.17317566813568,40,0.2,1,125.795680388264,21.8992195920427,0.0008148850465375,1.55054801032452e-05,0.595797846044901,34,3701,1,"3","diploid","female"
"103","0","0","0","0",-0.904599010944366,3197.70434570312,"map_3702_1_1",5,70,300,20,5,4.42939691955989,0.1,12.7309667062036,0.212281519858926,2.83368471385842,35,0.2,1,119.77023239706,20.6015594560575,0.00379227066648562,0.00871272961372521,0.200275896100135,35,3702,1,"1","diploid","female"
"104","0","0","0","0",-0.904599010944366,3197.70434570312,"map_3702_1_2",5,70,300,20,5,3.84557507215944,0.1,13.3396812390659,0.254403285435227,1.70487978063298,60,0.2,1,119.77023239706,20.6015594560575,0.00477806641295599,0.00755945006005084,0.236657203437571,35,3702,1,"2","diploid","female"
"105","0","0","0","0",-0.904599010944366,3197.70434570312,"map_3702_1_3",5,70,300,20,5,4.31792738863323,0.1,7.71633882714123,0.0356289409551815,3.12614563085711,18,0.2,1,119.77023239706,20.6015594560575,0.000184015827008469,1.18519132159373e-05,0.668108564165768,35,3702,1,"3","diploid","female"
"106","0","0","0","0",-0.890967667102814,3228.64868164062,"map_3703_1_1",5,70,300,20,5,2.75105892657983,0.1,8.65464762053133,0.393943051501163,4.43997628677973,22,0.2,1,115.423900572565,20.6128554725436,0.0037177395773292,0.00773543082240514,0.238875773482803,36,3703,1,"1","diploid","female"
"107","0","0","0","0",-0.890967667102814,3228.64868164062,"map_3703_1_2",5,70,300,20,5,7.50143866659347,0.1,5.98358965434788,0.782886205019331,4.02041746837405,16,0.2,1,115.423900572565,20.6128554725436,0.002950910009835,0.00254093224105415,0.722578516413893,36,3703,1,"2","diploid","female"
"108","0","0","0","0",-0.890967667102814,3228.64868164062,"map_3703_1_3",5,70,300,20,5,1.85356740032056,0.1,7.31589974632582,0.0662925933458322,2.25727410784304,71,0.2,1,115.423900572565,20.6128554725436,0.000309027680144254,3.26856849983098e-06,0.633893790707739,36,3703,1,"3","diploid","female"
"109","0","0","0","0",-0.920718967914581,3252.97436523438,"map_3704_1_1",5,70,300,20,5,4.33207024071113,0.1,11.2222300342467,0.449463195295964,1.71454948714447,10,0.2,1,118.15108030579,20.6164283391249,0.0061660868631006,0.013474687675642,0.193866025842171,37,3704,1,"1","diploid","female"
"110","0","0","0","0",-0.920718967914581,3252.97436523438,"map_3704_1_2",5,70,300,20,5,3.88169816145535,0.1,8.49731823882206,0.517300396238564,0.958296902958915,5,0.2,1,118.15108030579,20.6164283391249,0.00350404376261604,0.00219110980855617,0.719260975414597,37,3704,1,"2","diploid","female"
"111","0","0","0","0",-0.920718967914581,3252.97436523438,"map_3704_1_3",5,70,300,20,5,3.37532904319113,0.1,6.21899075564478,0.283405952684671,2.6557787613906,3,0.2,1,118.15108030579,20.6164283391249,0.000914936084942119,1.10419906222251e-06,0.563270147349036,37,3704,1,"3","diploid","female"
"112","0","0","0","0",-0.0775306895375252,3080.07177734375,"map_3791_1_1",5,70,300,20,5,5.36397471976088,0.1,9.79485909779561,0.0853362129018718,4.35634571838893,20,0.2,1,59.7962524122574,22.1224600766584,0.000802803185232104,0.000663167234472884,0.389571038718384,38,3791,1,"1","diploid","female"
"113","0","0","0","0",-0.0775306895375252,3080.07177734375,"map_3791_1_2",5,70,300,20,5,6.21574695038296,0.1,11.4797312796899,0.0686821083998179,4.39341391720106,19,0.2,1,59.7962524122574,22.1224600766584,0.000882783127171389,0.000874391963912838,0.667004055919763,38,3791,1,"2","diploid","female"
"114","0","0","0","0",-0.0775306895375252,3080.07177734375,"map_3791_1_3",5,70,300,20,5,6.0968777534864,0.1,7.83464286369663,0.0396234603746219,4.31060409681415,86,0.2,1,59.7962524122574,22.1224600766584,0.00021154355072572,1.66010793071884e-05,0.597835973723988,38,3791,1,"3","diploid","female"
"115","0","0","0","0",-0.150173261761665,2992.1298828125,"map_3792_1_1",5,70,300,20,5,2.10882467788491,0.1,9.56734971097554,0.196812281726013,3.3391461548186,22,0.2,1,61.6743772196215,22.0833460822586,0.00169385610374263,0.00168770192627721,0.473138805166697,39,3792,1,"1","diploid","female"
"116","0","0","0","0",-0.150173261761665,2992.1298828125,"map_3792_1_2",5,70,300,20,5,6.96885763828088,0.1,7.93178873905857,0.91350238388962,1.46958836539988,140,0.2,1,61.6743772196215,22.0833460822586,0.00555111298920963,0.00681847753214238,0.575902544917738,39,3792,1,"2","diploid","female"
"117","0","0","0","0",-0.150173261761665,2992.1298828125,"map_3792_1_3",5,70,300,20,5,1.94746359939347,0.1,8.49214052974973,0.0482681123999204,3.86524115452423,27,0.2,1,61.6743772196215,22.0833460822586,0.000301487381069515,2.58377219746639e-05,0.830596021362636,39,3792,1,"3","diploid","female"
"118","0","0","0","0",-0.884571433067322,2956.37036132812,"map_3800_1_1",5,70,300,20,5,1.95146334015577,0.1,9.72072388262576,0.268631201225994,1.7162704351972,5,0.2,1,52.3368147480924,23.1659972981889,0.00266919764180148,0.00332921042905392,0.385536621680139,40,3800,1,"1","diploid","female"
"119","0","0","0","0",-0.884571433067322,2956.37036132812,"map_3800_1_2",5,70,300,20,5,4.38908570409063,0.1,11.9481516235443,0.406292195915953,0.633774875251539,4,0.2,1,52.3368147480924,23.1659972981889,0.0057917458156936,0.004182963837102,0.342987983225209,40,3800,1,"2","diploid","female"
"120","0","0","0","0",-0.884571433067322,2956.37036132812,"map_3800_1_3",5,70,300,20,5,2.12854717630338,0.1,6.62618396237437,0.130204746178444,1.81863578073165,2,0.2,1,52.3368147480924,23.1659972981889,0.000464686358213499,9.3806461195289e-07,0.856309356599882,40,3800,1,"3","diploid","female"
"121","0","0","0","0",-0.945974707603455,2965.47583007812,"map_3801_1_1",5,70,300,20,5,2.22385704239609,0.1,11.6867642177663,0.177287247676512,1.62009047007318,33,0.2,1,66.8952934575635,23.1353921964187,0.00263846520410789,0.00708710385709047,0.573424419090516,41,3801,1,"1","diploid","female"
"122","0","0","0","0",-0.945974707603455,2965.47583007812,"map_3801_1_2",5,70,300,20,5,3.27054904734087,0.1,10.2535369603858,0.397242755354848,1.30944557548523,68,0.2,1,66.8952934575635,23.1353921964187,0.00478453541324046,0.0202518939528411,1.04925067711569,41,3801,1,"2","diploid","female"
"123","0","0","0","0",-0.945974707603455,2965.47583007812,"map_3801_1_3",5,70,300,20,5,3.07344693122608,0.1,8.12719245705738,0.0353223173564645,1.65832956062485,16,0.2,1,66.8952934575635,23.1353921964187,0.000196547429209386,2.7569275794187e-06,1.25614657541237,41,3801,1,"3","diploid","female"
"124","0","0","0","0",-0.835117936134338,3066.89721679688,"map_3804_1_1",5,70,300,20,5,3.29966853516042,0.1,8.55633907045718,0.160517835919736,2.71477166454191,6,0.2,1,65.9032720458072,21.980474648312,0.00109527969629388,0.000543920896564096,0.375348193778407,42,3804,1,"1","diploid","female"
"125","0","0","0","0",-0.835117936134338,3066.89721679688,"map_3804_1_2",5,70,300,20,5,3.76032623737787,0.1,9.76720533206025,0.246918313657211,2.78342570179106,7,0.2,1,65.9032720458072,21.980474648312,0.00253527941616849,0.00208639153548909,0.449000244353511,42,3804,1,"2","diploid","female"
"126","0","0","0","0",-0.835117936134338,3066.89721679688,"map_3804_1_3",5,70,300,20,5,4.53015778772181,0.1,7.2304907613584,0.0552651433319397,2.6747551909306,4,0.2,1,65.9032720458072,21.980474648312,0.000239141860612916,4.54760871756417e-07,0.832317197144357,42,3804,1,"3","diploid","female"
"127","0","0","0","0",-0.911488592624664,3109.03979492188,"map_3805_1_1",5,70,300,20,5,3.85732116453743,0.1,11.9543007495835,0.209963500068874,3.34854323036664,63,0.2,1,119.030444347977,21.9618757584826,0.00362196679092847,0.0117329601567426,0.306184584242261,43,3805,1,"1","diploid","female"
"128","0","0","0","0",-0.911488592624664,3109.03979492188,"map_3805_1_2",5,70,300,20,5,7.43282950291004,0.1,13.5708480544343,0.271431256658114,3.27918433384398,64,0.2,1,119.030444347977,21.9618757584826,0.00638704908999432,0.0328456839804292,0.431233424811341,43,3805,1,"2","diploid","female"
"129","0","0","0","0",-0.911488592624664,3109.03979492188,"map_3805_1_3",5,70,300,20,5,3.58823152341134,0.1,6.49037193968613,0.135043780079973,3.1333671577146,40,0.2,1,119.030444347977,21.9618757584826,0.000512556906788557,1.35134463300737e-05,0.69845593480232,43,3805,1,"3","diploid","female"
"130","0","0","0","0",-0.972898662090302,3131.078125,"map_3806_1_1",5,70,300,20,5,4.20391924804519,0.1,9.37291478897623,0.257953679429219,4.01347105691207,6,0.2,1,117.248188370486,20.6110379699589,0.00257264524159689,0.00567269207918171,0.284544429102759,44,3806,1,"1","diploid","female"
"131","0","0","0","0",-0.972898662090302,3131.078125,"map_3806_1_2",5,70,300,20,5,3.49078942417319,0.1,12.3158789195099,0.388781556416924,2.42516812725526,6,0.2,1,117.248188370486,20.6110379699589,0.00762470720765589,0.028598513964801,0.227953703250891,44,3806,1,"2","diploid","female"
"132","0","0","0","0",-0.972898662090302,3131.078125,"map_3806_1_3",5,70,300,20,5,5.03877298747394,0.1,6.39939758619136,0.132957300368026,2.69906167869669,3,0.2,1,117.248188370486,20.6110379699589,0.000459317851220261,1.50361362845214e-05,0.765051905562594,44,3806,1,"3","diploid","female"
"133","0","0","0","0",-0.936655461788177,3156.57373046875,"map_3807_1_1",5,70,300,20,5,5.03869860854958,0.1,10.8476113598495,0.271179156525906,4.09658671814456,67,0.2,1,120.206115431168,20.6106104000594,0.00328408375171017,0.00401181202876146,0.234154931440827,45,3807,1,"1","diploid","female"
"134","0","0","0","0",-0.936655461788177,3156.57373046875,"map_3807_1_2",5,70,300,20,5,6.71074549448048,0.1,14.0033121946429,0.402903815848577,2.1355828760883,153,0.2,1,120.206115431168,20.6106104000594,0.00765931776598992,0.00833661980338042,0.102854554963461,45,3807,1,"2","diploid","female"
"135","0","0","0","0",-0.936655461788177,3156.57373046875,"map_3807_1_3",5,70,300,20,5,4.20168457874581,0.1,8.77034635361302,0.0681502015661054,2.84406185630102,70,0.2,1,120.206115431168,20.6106104000594,0.000449759887428322,1.14776748047446e-05,0.711104914773315,45,3807,1,"3","diploid","female"
"136","0","0","0","0",-0.941332876682281,3183.19653320312,"map_3808_1_1",5,70,300,20,5,5.03002585728801,0.1,11.0869438450386,0.197285133490206,3.15583345669171,32,0.2,1,122.495819338928,20.5915096082297,0.00267227982116484,0.00593190899460834,0.289168313169971,46,3808,1,"1","diploid","female"
"137","0","0","0","0",-0.941332876682281,3183.19653320312,"map_3808_1_2",5,70,300,20,5,6.82641962031535,0.1,11.6122175440932,0.2699418800442,2.01160658411063,65,0.2,1,122.495819338928,20.5915096082297,0.00408439674961782,0.00992851177772052,0.325658265066545,46,3808,1,"2","diploid","female"
"138","0","0","0","0",-0.941332876682281,3183.19653320312,"map_3808_1_3",5,70,300,20,5,3.88373293589907,0.1,7.48190222448353,0.0311926341947724,3.16018143554114,17,0.2,1,122.495819338928,20.5915096082297,0.000148980804248609,8.07064764413993e-06,0.715229292929462,46,3808,1,"3","diploid","female"
"139","0","0","0","0",-0.667052984237671,3222.68359375,"map_3810_1_1",5,70,300,20,5,4.79406199917462,0.1,10.1095389511281,0.435792148598792,2.98093997897709,16,0.2,1,115.145854034297,20.9220311290534,0.00501880657787804,0.00957858970938425,0.244436503523093,47,3810,1,"1","diploid","female"
"140","0","0","0","0",-0.667052984237671,3222.68359375,"map_3810_1_2",5,70,300,20,5,4.55408758630814,0.1,8.04058362306699,0.818502996845261,0.634488663477461,14,0.2,1,115.145854034297,20.9220311290534,0.00495587227774164,0.00189553796988009,0.458365748037551,47,3810,1,"2","diploid","female"
"141","0","0","0","0",-0.667052984237671,3222.68359375,"map_3810_1_3",5,70,300,20,5,4.08893271135794,0.1,5.80008997580609,0.40121443764777,3.72665726985123,3,0.2,1,115.145854034297,20.9220311290534,0.00115355752544337,1.84528010140536e-05,0.632488376924969,47,3810,1,"3","diploid","female"
"142","0","0","0","0",-0.846039652824402,3245.07275390625,"map_3812_1_1",5,70,300,20,5,2.15967624390643,0.1,12.2502254369577,0.244614746344627,2.40640626863797,35,0.2,1,106.864074390196,20.9063375435002,0.00430896585553751,0.014558740137475,0.223563447285465,48,3812,1,"1","diploid","female"
"143","0","0","0","0",-0.846039652824402,3245.07275390625,"map_3812_1_2",5,70,300,20,5,6.36749269755509,0.1,9.22016501234394,0.159445590720126,2.21939500743547,21,0.2,1,106.864074390196,20.9063375435002,0.00130745737352923,0.00150651338278052,0.60292384388814,48,3812,1,"2","diploid","female"
"144","0","0","0","0",-0.846039652824402,3245.07275390625,"map_3812_1_3",5,70,300,20,5,1.41949988890024,0.1,6.98340783773698,0.0737303010236523,2.39812132688537,33,0.2,1,106.864074390196,20.9063375435002,0.00029810993291941,7.64451437110505e-07,0.668562293120538,48,3812,1,"3","diploid","female"
"145","0","0","0","0",0.192412167787552,2994.11791992188,"map_3896_1_1",5,70,300,20,5,6.01125439705478,0.1,10.8506258229618,0.122286782300604,4.62685328266063,26,0.2,1,79.1503875675392,22.2100203152907,0.00158709751846539,0.00384413953306058,0.30770309627583,49,3896,1,"1","diploid","female"
"146","0","0","0","0",0.192412167787552,2994.11791992188,"map_3896_1_2",5,70,300,20,5,6.63873829615269,0.1,11.3727687690926,0.147134898274301,3.89134452337,35,0.2,1,79.1503875675392,22.2100203152907,0.00235114195572052,0.0079582015643121,0.387699467592078,49,3896,1,"2","diploid","female"
"147","0","0","0","0",0.192412167787552,2994.11791992188,"map_3896_1_3",5,70,300,20,5,6.23902097572257,0.1,9.2108965804359,0.053619144208384,4.64720351433127,111,0.2,1,79.1503875675392,22.2100203152907,0.000440166544124002,0.000464540826945672,0.514586027971258,49,3896,1,"3","diploid","female"
"148","0","0","0","0",-0.92236864566803,2925.67700195312,"map_3904_1_1",5,70,300,20,5,1.7295676852506,0.1,8.19516480755625,0.350288753451332,1.42600035698602,22,0.2,1,23.0197025807296,23.8647114778014,0.0028056671930388,0.00476150176780845,0.293184092362026,50,3904,1,"1","diploid","female"
"149","0","0","0","0",-0.92236864566803,2925.67700195312,"map_3904_1_2",5,70,300,20,5,3.04508832407963,0.1,5.78964845276325,0.944625110453036,1.44585991863797,62,0.2,1,23.0197025807296,23.8647114778014,0.00278677987704514,0.000201779233766871,0.739498751157148,50,3904,1,"2","diploid","female"
"150","0","0","0","0",-0.92236864566803,2925.67700195312,"map_3904_1_3",5,70,300,20,5,2.39639978502721,0.1,5.73907386400936,0.336520556095908,1.37324775857687,6,0.2,1,23.0197025807296,23.8647114778014,0.000888764339005268,3.21842483235547e-08,0.746151294500538,50,3904,1,"3","diploid","female"
"151","0","0","0","0",-0.920646369457245,2933.58349609375,"map_3906_1_1",5,70,300,20,5,1.74536577351828,0.1,14.4417245068349,0.175216907516635,1.06778085012488,17,0.2,1,23.2527373792028,23.8140627129133,0.00352584804701122,0.00460982054827442,0.312886794720674,51,3906,1,"1","diploid","female"
"152","0","0","0","0",-0.920646369457245,2933.58349609375,"map_3906_1_2",5,70,300,20,5,3.09618241565989,0.1,10.4773658206312,0.147369584959334,1.43208372832019,16,0.2,1,23.2527373792028,23.8140627129133,0.00148901833809377,0.000604233315554951,0.640288156349861,51,3906,1,"2","diploid","female"
"153","0","0","0","0",-0.920646369457245,2933.58349609375,"map_3906_1_3",5,70,300,20,5,2.48237226654744,0.1,6.7163378472317,0.0260484601456325,1.33565120026447,10,0.2,1,23.2527373792028,23.8140627129133,9.92396021256057e-05,9.28305057406788e-08,1.0187273639906,51,3906,1,"3","diploid","female"
"154","0","0","0","0",-0.806814908981323,2960.16333007812,"map_3907_1_1",5,70,300,20,5,1.55715228043234,0.1,6.21285340059804,0.543757828909153,2.02927816504551,8,0.2,1,21.6461254890971,23.4211993687441,0.00205032551638492,0.000756084716855249,0.46089907169366,52,3907,1,"1","diploid","female"
"155","0","0","0","0",-0.806814908981323,2960.16333007812,"map_3907_1_2",5,70,300,20,5,3.7424331307143,0.1,6.04872938062007,1.2392535729821,1.38490581270546,13,0.2,1,21.6461254890971,23.4211993687441,0.00412568236633373,0.000151943961701112,0.484404596573254,52,3907,1,"2","diploid","female"
"156","0","0","0","0",-0.806814908981323,2960.16333007812,"map_3907_1_3",5,70,300,20,5,1.86526927208342,0.1,5.24829715854433,0.487794141746616,2.14828253317717,2,0.2,1,21.6461254890971,23.4211993687441,0.00107886251022275,7.96827928399877e-08,0.875131006235015,52,3907,1,"3","diploid","female"
"157","0","0","0","0",-0.905501186847687,2995.88720703125,"map_3908_1_1",5,70,300,20,5,1.50537966262219,0.1,8.5396342861106,0.214138363420947,1.97129754879515,24,0.2,1,20.7087582089873,23.4414927258708,0.00146849983312915,0.000647231611552019,0.589349201152062,53,3908,1,"1","diploid","female"
"158","0","0","0","0",-0.905501186847687,2995.88720703125,"map_3908_1_2",5,70,300,20,5,3.79062183821318,0.1,7.24072781516793,1.04764152323104,0.774326011947987,130,0.2,1,20.7087582089873,23.4414927258708,0.00471045342636616,0.000534273140182876,0.725116436745749,53,3908,1,"2","diploid","female"
"159","0","0","0","0",-0.905501186847687,2995.88720703125,"map_3908_1_3",5,70,300,20,5,1.9334105979259,0.1,5.40627309316746,0.164047334200502,1.72451931909738,19,0.2,1,20.7087582089873,23.4414927258708,0.000396360880658977,3.41399003979499e-08,1.25722099822108,53,3908,1,"3","diploid","female"
"160","0","0","0","0",-0.956486403942108,3022.45092773438,"map_3909_1_1",5,70,300,20,5,0.838447930579864,0.1,6.41484728149951,0.491314747202307,1.61804671994495,64,0.2,1,26.0155357451138,23.4225344468853,0.00181974070567656,0.00049857037262651,0.700958363559672,54,3909,1,"1","diploid","female"
"161","0","0","0","0",-0.956486403942108,3022.45092773438,"map_3909_1_2",5,70,300,20,5,4.33227113632027,0.1,5.38930954276186,1.5511907977534,1.65403096158146,13,0.2,1,26.0155357451138,23.4225344468853,0.00370333031861488,0.000174727598626698,1.37885642346159,54,3909,1,"2","diploid","female"
"162","0","0","0","0",-0.956486403942108,3022.45092773438,"map_3909_1_3",5,70,300,20,5,1.04533734847833,0.1,5.96700809130977,0.275975816339539,1.6872621053741,35,0.2,1,26.0155357451138,23.4225344468853,0.000786296022174942,2.07277707448428e-08,0.842625268769792,54,3909,1,"3","diploid","female"
"163","0","0","0","0",-0.952602863311768,3047.53247070312,"map_3910_1_1",5,70,300,20,5,2.40779704783467,0.1,5.98776990760215,0.303110142706338,2.22027243296844,4,0.2,1,26.9294974095006,22.8318879686189,0.000984189353877972,0.000152959554176985,0.513468363043498,55,3910,1,"1","diploid","female"
"164","0","0","0","0",-0.952602863311768,3047.53247070312,"map_3910_1_2",5,70,300,20,5,3.44053353581679,0.1,5.46184084997042,0.515420444558411,2.88531194117897,3,0.2,1,26.9294974095006,22.8318879686189,0.00130875286953694,6.07707490573468e-05,0.879904311098344,55,3910,1,"2","diploid","female"
"165","0","0","0","0",-0.952602863311768,3047.53247070312,"map_3910_1_3",5,70,300,20,5,3.73786215164298,0.1,5.41850011828027,0.344713298076112,2.5327744123599,2,0.2,1,26.9294974095006,22.8318879686189,0.000820287086742247,1.02779845270691e-07,0.85978557866693,55,3910,1,"3","diploid","female"
"166","0","0","0","0",-0.944451749324799,3072.35961914062,"map_3911_1_1",5,70,300,20,5,0.996251164231813,0.1,8.63944232557021,0.197807307197835,1.52051519284667,14,0.2,1,24.137288372976,22.8300217500689,0.00127260930127842,0.000283810355962317,0.716898087307022,56,3911,1,"1","diploid","female"
"167","0","0","0","0",-0.944451749324799,3072.35961914062,"map_3911_1_2",5,70,300,20,5,4.43831463160467,0.1,6.52241390997999,0.947923218193322,1.05777964320315,106,0.2,1,24.137288372976,22.8300217500689,0.00334619113700695,0.000104289804095248,1.08717566142604,56,3911,1,"2","diploid","female"
"168","0","0","0","0",-0.944451749324799,3072.35961914062,"map_3911_1_3",5,70,300,20,5,1.21125097101135,0.1,7.1404338780887,0.0214651979634153,2.05852998963415,9,0.2,1,24.137288372976,22.8300217500689,9.15953797086452e-05,8.39800281464526e-08,1.34121494683494,56,3911,1,"3","diploid","female"
"169","0","0","0","0",-0.916541457176208,3101.38598632812,"map_3912_1_1",5,70,300,20,5,2.53534116285736,0.1,6.96097413229004,0.194893524171438,2.07039042922862,19,0.2,1,24.5174555794345,22.8347153266535,0.000937962102467598,0.000187690534102073,0.426345924678011,57,3912,1,"1","diploid","female"
"170","0","0","0","0",-0.916541457176208,3101.38598632812,"map_3912_1_2",5,70,300,20,5,3.80513360660514,0.1,5.62766919732932,0.251434725648266,2.08914288051746,12,0.2,1,24.5174555794345,22.8347153266535,0.000722069074236312,7.13316818789692e-06,0.656392224416076,57,3912,1,"2","diploid","female"
"171","0","0","0","0",-0.916541457176208,3101.38598632812,"map_3912_1_3",5,70,300,20,5,3.71618552484235,0.1,5.33828134692164,0.147393857960583,1.92495363735972,16,0.2,1,24.5174555794345,22.8347153266535,0.000346036045008931,7.93557454709875e-08,0.934527111218831,57,3912,1,"3","diploid","female"
"172","0","0","0","0",-0.862296938896179,3138.79345703125,"map_3913_1_1",5,70,300,20,5,1.33613669580232,0.1,7.03786216970051,0.330392053746622,2.92392014106935,7,0.2,1,44.7479308455489,22.3957007929864,0.00161334266336562,0.000614857902908611,0.427531489109139,58,3913,1,"1","diploid","female"
"173","0","0","0","0",-0.862296938896179,3138.79345703125,"map_3913_1_2",5,70,300,20,5,5.46836640037042,0.1,7.02872622761273,0.46329054678568,2.65215000664419,3,0.2,1,44.7479308455489,22.3957007929864,0.0020563653833818,7.03317680178549e-05,0.686121621921543,58,3913,1,"2","diploid","female"
"174","0","0","0","0",-0.862296938896179,3138.79345703125,"map_3913_1_3",5,70,300,20,5,1.3792233691828,0.1,5.6811213284004,0.311300383264072,2.99570045208808,3,0.2,1,44.7479308455489,22.3957007929864,0.000839273926542582,1.22813560814416e-06,0.820231483786266,58,3913,1,"3","diploid","female"
"175","0","0","0","0",-0.8231081366539,3154.34497070312,"map_3914_1_1",5,70,300,20,5,2.51822836722384,0.1,7.77830624278847,0.275900795325713,2.45888112476661,35,0.2,1,47.121249354955,22.3775562706712,0.00170559779899203,0.00148405507239014,0.463926872803437,59,3914,1,"1","diploid","female"
"176","0","0","0","0",-0.8231081366539,3154.34497070312,"map_3914_1_2",5,70,300,20,5,5.24635576716595,0.1,6.11897104340821,0.565696408497093,2.58335792513561,39,0.2,1,47.121249354955,22.3775562706712,0.0017231571862914,4.62189796499041e-05,1.00953332430462,59,3914,1,"2","diploid","female"
"177","0","0","0","0",-0.8231081366539,3154.34497070312,"map_3914_1_3",5,70,300,20,5,2.54337414524619,0.1,6.63822618629049,0.0872791706848294,2.42379656804475,41,0.2,1,47.121249354955,22.3775562706712,0.000313753150838157,3.54850201614419e-07,0.834862895013143,59,3914,1,"3","diploid","female"
"178","0","0","0","0",-0.59453821182251,3222.84765625,"map_3919_1_1",5,70,300,20,5,4.05987349550683,0.1,14.1509494414611,0.306964175530621,2.87624029133942,86,0.2,1,107.062143645809,22.1667257152655,0.00736664008137973,0.0252310526502396,0.173368519751526,60,3919,1,"1","diploid","female"
"179","0","0","0","0",-0.59453821182251,3222.84765625,"map_3919_1_2",5,70,300,20,5,5.45591551046453,0.1,8.91081171147366,0.305630441157194,3.01852850169917,26,0.2,1,107.062143645809,22.1667257152655,0.00226004664079847,0.00105809853004432,0.620170877774835,60,3919,1,"2","diploid","female"
"180","0","0","0","0",-0.59453821182251,3222.84765625,"map_3919_1_3",5,70,300,20,5,3.35545400722786,0.1,6.62666023642043,0.238915753222609,3.03336267827812,54,0.2,1,107.062143645809,22.1667257152655,0.00093734127145471,5.22692710740105e-05,0.508274935108798,60,3919,1,"3","diploid","female"
"181","0","0","0","0",-0.865955233573914,3249.96875,"map_3920_1_1",5,70,300,20,5,3.48273587910469,0.1,17.2395878758311,0.390423468289028,1.28424928460546,74,0.2,1,111.771646708745,22.1724656767227,0.0128396742119646,0.0512953323529667,0.108465383579059,61,3920,1,"1","diploid","female"
"182","0","0","0","0",-0.865955233573914,3249.96875,"map_3920_1_2",5,70,300,20,5,7.35228621154523,0.1,11.4413401987861,0.205954730707314,1.9749400799886,29,0.2,1,111.771646708745,22.1724656767227,0.00258275310753444,0.00262940603683521,0.371773007743155,61,3920,1,"2","diploid","female"
"183","0","0","0","0",-0.865955233573914,3249.96875,"map_3920_1_3",5,70,300,20,5,2.30223456348707,0.1,6.5854991306,0.183805650921956,2.07730954117928,63,0.2,1,111.771646708745,22.1724656767227,0.000710294873663163,1.81409706860822e-05,0.472440184618797,61,3920,1,"3","diploid","female"
"184","0","0","0","0",0.179017141461372,3011.1748046875,"map_4000_1_1",5,70,300,20,5,6.04154454095487,0.1,10.7586553454397,0.181755835485286,5.70638766220014,46,0.2,1,79.7227418050417,22.1801984573652,0.00219075433318467,0.00230672099845479,0.253610469076865,62,4000,1,"1","diploid","female"
"185","0","0","0","0",0.179017141461372,3011.1748046875,"map_4000_1_2",5,70,300,20,5,6.8051465298994,0.1,11.4913714612439,0.221780684359264,5.10694782705494,37,0.2,1,79.7227418050417,22.1801984573652,0.00320644687456952,0.00446517918426429,0.34282900260094,62,4000,1,"2","diploid","female"
"186","0","0","0","0",0.179017141461372,3011.1748046875,"map_4000_1_3",5,70,300,20,5,6.36519248598946,0.1,8.0859040030168,0.156822545520932,5.58360870151526,137,0.2,1,79.7227418050417,22.1801984573652,0.000977122206131277,0.000118751469005609,0.452252557843206,62,4000,1,"3","diploid","female"
"187","0","0","0","0",0.310723572969437,2923.95434570312,"map_4001_1_1",5,70,300,20,5,6.06221763351678,0.1,13.4759828459111,0.225892335714086,5.51135337183429,51,0.2,1,82.3785612860391,22.1783285840141,0.00464160646299696,0.0105973616653098,0.206305190417775,63,4001,1,"1","diploid","female"
"188","0","0","0","0",0.310723572969437,2923.95434570312,"map_4001_1_2",5,70,300,20,5,6.10869901794116,0.1,14.8987163563806,0.312671598524096,2.9425531410843,55,0.2,1,82.3785612860391,22.1783285840141,0.00680466949035078,0.0131338008776619,0.262692294664321,63,4001,1,"2","diploid","female"
"189","0","0","0","0",0.310723572969437,2923.95434570312,"map_4001_1_3",5,70,300,20,5,5.44311988742486,0.1,8.88432539756536,0.17105330529651,4.86629540804609,45,0.2,1,82.3785612860391,22.1783285840141,0.00144353411284876,0.00146090074044991,0.440994706628778,63,4001,1,"3","diploid","female"
"190","0","0","0","0",-0.892697036266327,2934.44995117188,"map_4013_1_1",5,70,300,20,5,1.98859794013837,0.1,10.3683227056169,0.0894950857985535,1.76004402454864,31,0.2,1,23.8396738498314,23.3855376429468,0.000988424388901946,0.00140973175793945,0.496763539002774,64,4013,1,"1","diploid","female"
"191","0","0","0","0",-0.892697036266327,2934.44995117188,"map_4013_1_2",5,70,300,20,5,3.03377444194981,0.1,10.2500874472905,0.044206306851954,2.24340970348714,32,0.2,1,23.8396738498314,23.3855376429468,0.000446947313736668,0.000391471691502999,0.829579510106411,64,4013,1,"2","diploid","female"
"192","0","0","0","0",-0.892697036266327,2934.44995117188,"map_4013_1_3",5,70,300,20,5,2.76015762099717,0.1,6.3418003221609,0.0418809602444948,1.54168928459911,56,0.2,1,23.8396738498314,23.3855376429468,0.00014516434919168,1.11457446804716e-07,0.99967232604556,64,4013,1,"3","diploid","female"
"193","0","0","0","0",-0.855232119560242,2970.0712890625,"map_4014_1_1",5,70,300,20,5,2.41852053847109,0.1,8.89518185454554,0.063170339767289,1.983722584152,11,0.2,1,26.5849491872661,22.7769683282373,0.00050843740339173,0.000479635262970688,0.364905032080796,65,4014,1,"1","diploid","female"
"194","0","0","0","0",-0.855232119560242,2970.0712890625,"map_4014_1_2",5,70,300,20,5,3.15848719675151,0.1,14.7604824347575,0.0527342270903027,2.80560532381488,13,0.2,1,26.5849491872661,22.7769683282373,0.00120555762002667,0.00142652461667316,0.496760375138862,65,4014,1,"2","diploid","female"
"195","0","0","0","0",-0.855232119560242,2970.0712890625,"map_4014_1_3",5,70,300,20,5,3.50829242387615,0.1,7.2609603217848,0.0172769910133056,2.11037766438515,10,0.2,1,26.5849491872661,22.7769683282373,7.69370398966671e-05,4.76039381780524e-07,0.668850708330889,65,4014,1,"3","diploid","female"
"196","0","0","0","0",-0.892844378948212,3006.89379882812,"map_4015_1_1",5,70,300,20,5,1.79682580370216,0.1,7.72021909291078,0.130030775602153,2.14325447666797,9,0.2,1,26.1486984220058,22.8343157695377,0.00073763135480824,0.000242009192377425,0.525912889977191,66,4015,1,"1","diploid","female"
"197","0","0","0","0",-0.892844378948212,3006.89379882812,"map_4015_1_2",5,70,300,20,5,3.75835094735014,0.1,8.08879526808018,0.115988981502786,2.6607924144838,6,0.2,1,26.1486984220058,22.8343157695377,0.000728885172733018,0.00033787205516872,0.85501074093311,66,4015,1,"2","diploid","female"
"198","0","0","0","0",-0.892844378948212,3006.89379882812,"map_4015_1_3",5,70,300,20,5,2.2632925236551,0.1,6.03090105980912,0.106568248642684,2.15918858813681,5,0.2,1,26.1486984220058,22.8343157695377,0.000322099846867226,4.74236820067401e-08,0.860540330762057,66,4015,1,"3","diploid","female"
"199","0","0","0","0",-0.943261563777924,3062.07446289062,"map_4017_1_1",5,70,300,20,5,2.74365363410086,0.1,10.7033493346263,0.121087229789682,1.93626422611552,5,0.2,1,42.4372723435247,22.3984343355544,0.00127448282013582,0.000575157694135975,0.437996381464739,67,4017,1,"1","diploid","female"
"200","0","0","0","0",-0.943261563777924,3062.07446289062,"map_4017_1_2",5,70,300,20,5,3.44882937474207,0.1,13.2536317554758,0.101225975479136,2.16577426928945,5,0.2,1,42.4372723435247,22.3984343355544,0.00166147419008835,0.000726038856447925,0.488902002660152,67,4017,1,"2","diploid","female"
"201","0","0","0","0",-0.943261563777924,3062.07446289062,"map_4017_1_3",5,70,300,20,5,4.10034445727362,0.1,6.81515586531741,0.0395064783006979,2.47621517084689,3,0.2,1,42.4372723435247,22.3984343355544,0.00015275756369168,3.00644556543148e-07,0.975093320140654,67,4017,1,"3","diploid","female"
"202","0","0","0","0",-0.930176496505737,3081.70556640625,"map_4018_1_1",5,70,300,20,5,2.79630531856169,0.1,8.60734114153124,0.125530386083684,2.69009791778927,16,0.2,1,42.1121674704789,22.399386932842,0.000950870499892286,0.000428363550265365,0.367455968429149,68,4018,1,"1","diploid","female"
"203","0","0","0","0",-0.930176496505737,3081.70556640625,"map_4018_1_2",5,70,300,20,5,3.57897073259466,0.1,12.3474542656807,0.150877688510113,2.66921723421971,12,0.2,1,42.1121674704789,22.399386932842,0.00205745115770774,0.000291854147767062,0.513231866138715,68,4018,1,"2","diploid","female"
"204","0","0","0","0",-0.930176496505737,3081.70556640625,"map_4018_1_3",5,70,300,20,5,4.09696773578936,0.1,6.36713169327664,0.0917673022768776,2.54390600689206,15,0.2,1,42.1121674704789,22.399386932842,0.000326129727294293,4.3531384813522e-07,0.645658126391424,68,4018,1,"3","diploid","female"
"205","0","0","0","0",-0.805192470550537,3104.74584960938,"map_4019_1_1",5,70,300,20,5,3.07556780539706,0.1,7.49334021800779,0.201191805602116,2.55480036937357,4,0.2,1,42.5432714877335,22.4064632375639,0.00107743897323158,0.000404754990861578,0.396334078499829,69,4019,1,"1","diploid","female"
"206","0","0","0","0",-0.805192470550537,3104.74584960938,"map_4019_1_2",5,70,300,20,5,3.99659474319058,0.1,6.80261673268937,0.196480558571863,2.64837332693067,3,0.2,1,42.5432714877335,22.4064632375639,0.000802089083554214,5.91990463306956e-05,0.63619260745667,69,4019,1,"2","diploid","female"
"207","0","0","0","0",-0.805192470550537,3104.74584960938,"map_4019_1_3",5,70,300,20,5,4.22726651536317,0.1,6.53455314171449,0.109648059207412,2.72608069980416,2,0.2,1,42.5432714877335,22.4064632375639,0.000384988717491902,6.96655621057446e-07,0.68378005204834,69,4019,1,"3","diploid","female"
"208","0","0","0","0",-0.740401744842529,3174.17333984375,"map_4022_1_1",5,70,300,20,5,1.54331182848267,0.1,9.45488519028938,0.218698452356637,3.02676213059064,29,0.2,1,59.1859110661123,22.3884320082723,0.00204918982323184,0.00211541105103721,0.305281978198892,70,4022,1,"1","diploid","female"
"209","0","0","0","0",-0.740401744842529,3174.17333984375,"map_4022_1_2",5,70,300,20,5,6.4937688268391,0.1,7.04241707353061,0.178122693919339,3.34973362903635,11,0.2,1,59.1859110661123,22.3884320082723,0.000862186011172812,4.37722502950452e-05,0.664474481054501,70,4022,1,"2","diploid","female"
"210","0","0","0","0",-0.740401744842529,3174.17333984375,"map_4022_1_3",5,70,300,20,5,1.37540116264536,0.1,5.81420930237043,0.181085744029786,2.71980980699645,22,0.2,1,59.1859110661123,22.3884320082723,0.000523473322189264,2.14212608691598e-06,0.77778213088181,70,4022,1,"3","diploid","female"
"211","0","0","0","0",-0.863746285438538,3175.13598632812,"map_4023_1_1",5,70,300,20,5,3.20911477563707,0.1,6.17547030340647,0.713682167505362,2.96933260349693,15,0.2,1,55.9541017050759,22.1956131976308,0.00282434533787627,0.00220785330907841,0.600539500127726,71,4023,1,"1","diploid","female"
"212","0","0","0","0",-0.863746285438538,3175.13598632812,"map_4023_1_2",5,70,300,20,5,4.11243518050307,0.1,5.098959063396,3.40201766094198,3.35741037319076,5,0.2,1,55.9541017050759,22.1956131976308,0.00714531990533286,0.000216621203273821,1.78968395173864,71,4023,1,"2","diploid","female"
"213","0","0","0","0",-0.863746285438538,3175.13598632812,"map_4023_1_3",5,70,300,20,5,3.71794635362653,0.1,5.33339880652807,0.604667638660625,3.08383152638339,2,0.2,1,55.9541017050759,22.1956131976308,0.00140006114937232,1.06236897286243e-06,0.89472642148858,71,4023,1,"3","diploid","female"
"214","0","0","0","0",-0.775563657283783,3197.00268554688,"map_4024_1_1",5,70,300,20,5,1.58786872042781,0.1,10.3519257698726,0.228276319741128,2.64835971887672,42,0.2,1,68.3753617467278,22.1657097456331,0.00258957994956839,0.00435082299465838,0.301038527690659,72,4024,1,"1","diploid","female"
"215","0","0","0","0",-0.775563657283783,3197.00268554688,"map_4024_1_2",5,70,300,20,5,6.29204290039669,0.1,7.91775664297909,0.274046920532203,2.56253214148809,27,0.2,1,68.3753617467278,22.1657097456331,0.0014106091442452,5.61507647779287e-05,0.740587288016388,72,4024,1,"2","diploid","female"
"216","0","0","0","0",-0.775563657283783,3197.00268554688,"map_4024_1_3",5,70,300,20,5,1.31697551216839,0.1,6.63289162058872,0.0994711866245613,2.56948476754224,34,0.2,1,68.3753617467278,22.1657097456331,0.00038055850241063,3.74999822240195e-06,0.811886873983292,72,4024,1,"3","diploid","female"
"217","0","0","0","0",-0.855206310749054,3225.14770507812,"map_4025_1_1",5,70,300,20,5,2.75344094253578,0.1,9.27321038396454,0.529954947944218,1.43828503573399,80,0.2,1,68.65810782648,22.1569511694502,0.00489145741281726,0.00900905544504713,0.519233063897423,73,4025,1,"1","diploid","female"
"218","0","0","0","0",-0.855206310749054,3225.14770507812,"map_4025_1_2",5,70,300,20,5,5.62112798020486,0.1,7.1584903410466,0.134127157040348,2.82998473995969,17,0.2,1,68.65810782648,22.1569511694502,0.000586464857073199,4.70287865688063e-05,2.03383879806073,73,4025,1,"2","diploid","female"
"219","0","0","0","0",-0.855206310749054,3225.14770507812,"map_4025_1_3",5,70,300,20,5,2.12831883561648,0.1,6.09902693521688,0.12077844517375,2.24184439162981,30,0.2,1,68.65810782648,22.1569511694502,0.000380977616989477,7.97841932483652e-07,0.865241839982625,73,4025,1,"3","diploid","female"
"220","0","0","0","0",-0.548826575279236,3252.38427734375,"map_4026_1_1",5,70,300,20,5,3.37272145461408,0.1,12.3756944146536,0.309925818442569,1.80140798895118,50,0.2,1,66.237569693315,22.1985757705249,0.00498521124938726,0.0100616435331658,0.153588438921469,74,4026,1,"1","diploid","female"
"221","0","0","0","0",-0.548826575279236,3252.38427734375,"map_4026_1_2",5,70,300,20,5,6.89252581231881,0.1,6.78054765797647,0.648047846115158,1.77857816495699,35,0.2,1,66.237569693315,22.1985757705249,0.00248946012918034,6.15627102860371e-07,0.915597508611207,74,4026,1,"2","diploid","female"
"222","0","0","0","0",-0.548826575279236,3252.38427734375,"map_4026_1_3",5,70,300,20,5,2.12516009211415,0.1,7.10536577649126,0.153876667445242,2.23054790676295,38,0.2,1,66.237569693315,22.1985757705249,0.000654869006075549,3.88966451200364e-06,0.612586722937452,74,4026,1,"3","diploid","female"
"223","0","0","0","0",-0.284211128950119,2903.31689453125,"map_4078_1_1",5,70,300,20,5,3.88400552667166,0.1,11.564687125039,0.3444621778116,3.21216418942606,21,0.2,1,92.8542975064528,22.5232594808999,0.00665749410098241,0.0281123873751797,0.237531303218136,75,4078,1,"1","diploid","female"
"224","0","0","0","0",-0.284211128950119,2903.31689453125,"map_4078_1_2",5,70,300,20,5,3.88454628913669,0.1,11.8439009881905,0.516407227109756,2.17489019863206,17,0.2,1,92.8542975064528,22.5232594808999,0.0103224185376562,0.0437857026237049,0.292243370288296,75,4078,1,"2","diploid","female"
"225","0","0","0","0",-0.284211128950119,2903.31689453125,"map_4078_1_3",5,70,300,20,5,3.91696460151967,0.1,6.28976944698269,0.352398043326624,2.96475356725934,4,0.2,1,92.8542975064528,22.5232594808999,0.00142213873530564,0.0012317964135518,0.61768695010266,75,4078,1,"3","diploid","female"
"226","0","0","0","0",-0.94545716047287,3224.787109375,"map_4097_1_1",5,70,300,20,5,6.41497681634467,0.1,8.95900793084599,0.403599440042145,2.61429374089458,41,0.2,1,103.943113913172,19.4177489933381,0.00319274573331498,0.00403689952709666,0.444063609420314,76,4097,1,"1","diploid","female"
"227","0","0","0","0",-0.94545716047287,3224.787109375,"map_4097_1_2",5,70,300,20,5,6.26002240246553,0.1,7.91523875598472,0.939578777559464,0.963126647652617,15,0.2,1,103.943113913172,19.4177489933381,0.00663569557303542,0.014523444626365,0.718655309927212,76,4097,1,"2","diploid","female"
"228","0","0","0","0",-0.94545716047287,3224.787109375,"map_4097_1_3",5,70,300,20,5,4.44673807852446,0.1,7.74399549123128,0.0290982941888997,1.88189047405632,37,0.2,1,103.943113913172,19.4177489933381,0.000144604158564194,2.42843728069039e-07,1.1148252092189,76,4097,1,"3","diploid","female"
"229","0","0","0","0",-0.920151472091675,3243.17749023438,"map_4100_1_1",5,70,300,20,5,0,0.1,11.7287718503287,0.599597432494424,1.39383218933304,98,0.2,1,115.244170654652,22.176649963869,0.0102206639059271,0.0315390238461123,0.210418222855133,77,4100,1,"1","diploid","female"
"230","0","0","0","0",-0.920151472091675,3243.17749023438,"map_4100_1_2",5,70,300,20,5,8.87305617260403,0.1,7.83183100946348,0.813684712802754,0.794297304507111,53,0.2,1,115.244170654652,22.176649963869,0.00435841073510861,0.000627586810288597,0.597028054894742,77,4100,1,"2","diploid","female"
"231","0","0","0","0",-0.920151472091675,3243.17749023438,"map_4100_1_3",5,70,300,20,5,2.29237706975244,0.1,7.23931289301748,0.269159115359433,1.99475637685348,59,0.2,1,115.244170654652,22.176649963869,0.00120103376905534,1.98852263743971e-06,0.594676734115134,77,4100,1,"3","diploid","female"
"232","0","0","0","0",-0.776589393615723,3195.78515625,"map_4101_1_1",5,70,300,20,5,3.42530003954785,0.1,15.517410868478,0.330195170478239,2.28678179882021,87,0.2,1,114.67704465619,22.2051391019642,0.0089494567396522,0.0327308072183265,0.177996843484815,78,4101,1,"1","diploid","female"
"233","0","0","0","0",-0.776589393615723,3195.78515625,"map_4101_1_2",5,70,300,20,5,4.82459527062666,0.1,10.8672883234026,0.611296196459504,0.565761005853739,89,0.2,1,114.67704465619,22.2051391019642,0.0074893350116312,0.014695419584749,0.282670498065941,78,4101,1,"2","diploid","female"
"234","0","0","0","0",-0.776589393615723,3195.78515625,"map_4101_1_3",5,70,300,20,5,3.30214171349309,0.1,5.90868514958201,0.26609261615,2.93287826558227,58,0.2,1,114.67704465619,22.2051391019642,0.000850448584276648,8.09413840203989e-05,0.526315017256162,78,4101,1,"3","diploid","female"
"235","0","0","0","0",0.547783732414246,2960.46435546875,"map_4105_1_1",5,70,300,20,5,7.42825731770958,0.1,8.15763320195776,0.249300577903095,7.10700408326001,53,0.2,1,79.8249419836507,22.1690668813678,0.00202452759836638,0.00475856094091419,0.318852923044273,79,4105,1,"1","diploid","female"
"236","0","0","0","0",0.547783732414246,2960.46435546875,"map_4105_1_2",5,70,300,20,5,7.76217766222981,0.1,6.65147422250628,0.601239996827085,5.46356205743759,56,0.2,1,79.8249419836507,22.1690668813678,0.00305373047741928,0.00585100002930132,0.723301299621204,79,4105,1,"2","diploid","female"
"237","0","0","0","0",0.547783732414246,2960.46435546875,"map_4105_1_3",5,70,300,20,5,6.71572033565674,0.1,8.52006417181173,0.174052541818197,6.18421629684654,150,0.2,1,79.8249419836507,22.1690668813678,0.00139621021789679,0.00236648109733319,0.318549087634658,79,4105,1,"3","diploid","female"
"238","0","0","0","0",0.543270885944366,2896.4189453125,"map_4106_1_1",5,70,300,20,5,0,0.1,7.70000047633859,0.551821939456777,4.27330941311967,11,0.2,1,29.3893716558938,24.0049900803719,0.00396529513408915,0.00837613744214697,0.388794718265811,80,4106,1,"1","diploid","female"
"239","0","0","0","0",0.543270885944366,2896.4189453125,"map_4106_1_2",5,70,300,20,5,7.31517171941871,0.1,6.24634410258241,0.81215208695779,3.40309907631338,4,0.2,1,29.3893716558938,24.0049900803719,0.00285289832398473,1.96361597369867e-05,0.520871850130496,80,4106,1,"2","diploid","female"
"240","0","0","0","0",0.543270885944366,2896.4189453125,"map_4106_1_3",5,70,300,20,5,3.81247887231379,0.1,6.78471767524287,0.560318312715885,3.83527042574994,3,0.2,1,29.3893716558938,24.0049900803719,0.00248730330946061,0.000292410954870888,0.467868480388642,80,4106,1,"3","diploid","female"
"241","0","0","0","0",-0.303969889879227,2857.30078125,"map_4108_1_1",5,70,300,20,5,0.953458124839739,0.1,14.8257830909758,0.179932540746609,1.61769029484522,35,0.2,1,30.4927020974309,24.0065846261524,0.00451429019406734,0.0148939650790419,0.286922705581752,81,4108,1,"1","diploid","female"
"242","0","0","0","0",-0.303969889879227,2857.30078125,"map_4108_1_2",5,70,300,20,5,4.06317149007156,0.1,11.296144759793,0.16365597956512,1.88435666380657,28,0.2,1,30.4927020974309,24.0065846261524,0.00192358913104781,0.00145966464972523,0.49288206214217,81,4108,1,"2","diploid","female"
"243","0","0","0","0",-0.303969889879227,2857.30078125,"map_4108_1_3",5,70,300,20,5,0.786265095775062,0.1,8.11620032720279,0.0602403039670745,1.45265306804835,24,0.2,1,30.4927020974309,24.0065846261524,0.000350976299719948,8.31991943858485e-06,0.797133491861945,81,4108,1,"3","diploid","female"
"244","0","0","0","0",-0.880662739276886,2951.16137695312,"map_4119_1_1",5,70,300,20,5,2.33093758574384,0.1,9.80296384169885,0.0855360438857597,1.94273521935222,22,0.2,1,24.8783019688042,22.8317892901525,0.000817185464130953,0.000611720204222337,0.418008667318424,82,4119,1,"1","diploid","female"
"245","0","0","0","0",-0.880662739276886,2951.16137695312,"map_4119_1_2",5,70,300,20,5,2.977432301146,0.1,13.8369694835756,0.158105967730779,1.16472767336134,34,0.2,1,24.8783019688042,22.8317892901525,0.00279250219914594,0.00607004717332516,0.467671689121705,82,4119,1,"2","diploid","female"
"246","0","0","0","0",-0.880662739276886,2951.16137695312,"map_4119_1_3",5,70,300,20,5,3.30529146039962,0.1,6.1587500867743,0.0312605075706734,1.75319513874874,31,0.2,1,24.8783019688042,22.8317892901525,0.000100259369849502,1.02679494417287e-07,0.933673270347316,82,4119,1,"3","diploid","female"
"247","0","0","0","0",-0.818437099456787,2982.07275390625,"map_4120_1_1",5,70,300,20,5,1.850430552083,0.1,7.5813106950577,0.159729592928277,2.17552081454715,10,0.2,1,24.9833207350237,22.8632714651748,0.000884351506390856,0.000329352178312808,0.412081769561455,83,4120,1,"1","diploid","female"
"248","0","0","0","0",-0.818437099456787,2982.07275390625,"map_4120_1_2",5,70,300,20,5,3.75007706625447,0.1,7.58078842414819,0.19008003478217,2.36846233908851,7,0.2,1,24.9833207350237,22.8632714651748,0.00106207632657945,0.00037512359655281,0.527116901091882,83,4120,1,"2","diploid","female"
"249","0","0","0","0",-0.818437099456787,2982.07275390625,"map_4120_1_3",5,70,300,20,5,2.23668836623693,0.1,5.91542467918572,0.113529825438799,2.08626837574594,5,0.2,1,24.9833207350237,22.8632714651748,0.000329829030240275,1.74828945235725e-07,0.80026193375447,83,4120,1,"3","diploid","female"
"250","0","0","0","0",-0.812349498271942,3031.53491210938,"map_4122_1_1",5,70,300,20,5,2.94431450939698,0.1,8.96030413530961,0.0814629122325833,2.34410476728126,16,0.2,1,43.8654625637587,22.3991530522952,0.000604603957414071,0.00031366355086824,0.431943234687686,84,4122,1,"1","diploid","female"
"251","0","0","0","0",-0.812349498271942,3031.53491210938,"map_4122_1_2",5,70,300,20,5,3.56828830403704,0.1,9.29882107476962,0.0751692290463562,2.98477227326857,18,0.2,1,43.8654625637587,22.3991530522952,0.000623609809565365,0.000498416046652006,0.606752410281188,84,4122,1,"2","diploid","female"
"252","0","0","0","0",-0.812349498271942,3031.53491210938,"map_4122_1_3",5,70,300,20,5,4.28272002769572,0.1,6.8853756125931,0.0207502590474961,2.39353849412076,26,0.2,1,43.8654625637587,22.3991530522952,8.15872686659206e-05,5.12567941936538e-07,0.813122016393711,84,4122,1,"3","diploid","female"
"253","0","0","0","0",-0.653793573379517,3126.47778320312,"map_4125_1_1",5,70,300,20,5,3.49393035310467,0.1,10.8675931301203,0.108789454898465,2.49390824318034,15,0.2,1,56.6317609251536,22.4614084325096,0.00117396291766786,0.000807517172043949,0.420675900969608,85,4125,1,"1","diploid","female"
"254","0","0","0","0",-0.653793573379517,3126.47778320312,"map_4125_1_2",5,70,300,20,5,4.62581800241996,0.1,9.88211667604875,0.153295514150222,1.57317549985276,14,0.2,1,56.6317609251536,22.4614084325096,0.00124397958049487,0.000125856269854357,0.667621200366586,85,4125,1,"2","diploid","female"
"255","0","0","0","0",-0.653793573379517,3126.47778320312,"map_4125_1_3",5,70,300,20,5,4.33581447138965,0.1,7.22604812546563,0.0407962674996292,2.76783977304335,15,0.2,1,56.6317609251536,22.4614084325096,0.000178163986653179,6.15581813179117e-07,0.703204604238116,85,4125,1,"3","diploid","female"
"256","0","0","0","0",-0.95085197687149,3145.31982421875,"map_4126_1_1",5,70,300,20,5,2.44644066312966,0.1,8.18201435437863,0.252629903141979,2.32754984169685,39,0.2,1,56.5870329375283,22.4157858299391,0.00163770111348549,0.00119147577377445,0.369614923938203,86,4126,1,"1","diploid","female"
"257","0","0","0","0",-0.95085197687149,3145.31982421875,"map_4126_1_2",5,70,300,20,5,5.14732356125784,0.1,6.93143610706213,0.367646054325741,2.98632558552236,34,0.2,1,56.5870329375283,22.4157858299391,0.00153487209730248,0.000173013817336425,0.704928466042197,86,4126,1,"2","diploid","female"
"258","0","0","0","0",-0.95085197687149,3145.31982421875,"map_4126_1_3",5,70,300,20,5,2.53238027580866,0.1,6.80856375824235,0.0829761363572906,2.41879565664505,41,0.2,1,56.5870329375283,22.4157858299391,0.000316086268727579,6.4862556954636e-07,0.754060447813312,86,4126,1,"3","diploid","female"
"259","0","0","0","0",-0.45854640007019,3151.85131835938,"map_4128_1_1",5,70,300,20,5,4.26194688298785,0.1,7.33490511137943,0.39280146368762,4.09612656429389,7,0.2,1,67.6638400768521,22.1922218303744,0.00221296905586347,0.00205854927006051,0.344417969004673,87,4128,1,"1","diploid","female"
"260","0","0","0","0",-0.45854640007019,3151.85131835938,"map_4128_1_2",5,70,300,20,5,5.28526361477306,0.1,5.69689203403211,0.899852303825654,4.85381768768847,7,0.2,1,67.6638400768521,22.1922218303744,0.00264224253157999,0.000155514980667577,0.758706963503308,87,4128,1,"2","diploid","female"
"261","0","0","0","0",-0.45854640007019,3151.85131835938,"map_4128_1_3",5,70,300,20,5,4.69833766146762,0.1,5.90551579735699,0.405596234325142,4.11649242491744,2,0.2,1,67.6638400768521,22.1922218303744,0.00123612310778832,2.96827296243797e-05,0.682977370039685,87,4128,1,"3","diploid","female"
"262","0","0","0","0",-0.634115278720856,3185.69580078125,"map_4129_1_1",5,70,300,20,5,3.78637248528706,0.1,9.55388992134573,0.365209937067024,2.00267994535845,57,0.2,1,66.0052703036818,22.1965804025052,0.00330648813645936,0.0047577863774783,0.492060503703412,88,4129,1,"1","diploid","female"
"263","0","0","0","0",-0.634115278720856,3185.69580078125,"map_4129_1_2",5,70,300,20,5,4.84502146162767,0.1,8.43027372817983,0.480070741597476,1.17693843709436,47,0.2,1,66.0052703036818,22.1965804025052,0.00289817624335499,0.000362110330769816,0.453861683886512,88,4129,1,"2","diploid","female"
"264","0","0","0","0",-0.634115278720856,3185.69580078125,"map_4129_1_3",5,70,300,20,5,3.96814363426666,0.1,6.78815537515517,0.0941779417027264,2.83950663286798,39,0.2,1,66.0052703036818,22.1965804025052,0.000379297741705499,1.11526041285973e-05,1.01591747263539,88,4129,1,"3","diploid","female"
"265","0","0","0","0",-0.293218731880188,2876.2763671875,"map_4182_1_1",5,70,300,20,5,3.20206288563467,0.1,15.2592935753395,0.487084364268714,1.31061072272553,64,0.2,1,92.8327298560412,23.2791936078077,0.0132755328638358,0.0530789549922222,0.287486613272658,89,4182,1,"1","diploid","female"
"266","0","0","0","0",-0.293218731880188,2876.2763671875,"map_4182_1_2",5,70,300,20,5,3.86040617994744,0.1,9.20721732142768,1.21779355608305,0.594028272608923,104,0.2,1,92.8327298560412,23.2791936078077,0.0133984168884145,0.0413804947624489,0.582704197689801,89,4182,1,"2","diploid","female"
"267","0","0","0","0",-0.293218731880188,2876.2763671875,"map_4182_1_3",5,70,300,20,5,3.00207014920324,0.1,9.95182194133071,0.301158734136169,2.09475796733181,49,0.2,1,92.8327298560412,23.2791936078077,0.00274531431871243,0.00239979195496453,0.563940488127952,89,4182,1,"3","diploid","female"
"268","0","0","0","0",-0.341727435588837,2963.20581054688,"map_4183_1_1",5,70,300,20,5,0,0.1,12.1190307531455,0.313539136106055,3.25661732692323,18,0.2,1,87.5442923549006,23.3203626203907,0.00648800723596965,0.0300890285091571,0.198750081216926,90,4183,1,"1","diploid","female"
"269","0","0","0","0",-0.341727435588837,2963.20581054688,"map_4183_1_2",5,70,300,20,5,8.28441421670482,0.1,10.9491679352144,0.497060392506512,3.84021549655129,11,0.2,1,87.5442923549006,23.3203626203907,0.00951974058094048,0.0429861053607044,0.299448690236401,90,4183,1,"2","diploid","female"
"270","0","0","0","0",-0.341727435588837,2963.20581054688,"map_4183_1_3",5,70,300,20,5,3.35630690415554,0.1,7.11650148330398,0.347115460569363,3.78972661829867,4,0.2,1,87.5442923549006,23.3203626203907,0.00186009580252435,0.00146646134271746,0.442607674076077,90,4183,1,"3","diploid","female"
"271","0","0","0","0",-0.837248623371124,3152.1279296875,"map_4201_1_1",5,70,300,20,5,2.92979654607677,0.1,10.7360911563204,0.310542526460234,2.23865458879072,128,0.2,1,103.01252737077,22.5812648038135,0.00419472178434875,0.00963642492667833,0.192212992109346,91,4201,1,"1","diploid","female"
"272","0","0","0","0",-0.837248623371124,3152.1279296875,"map_4201_1_2",5,70,300,20,5,4.37456782868255,0.1,7.87817735077504,0.368135419953988,2.30367780292519,100,0.2,1,103.01252737077,22.5812648038135,0.00207440789276456,0.000765178541428291,0.372432863541956,91,4201,1,"2","diploid","female"
"273","0","0","0","0",-0.837248623371124,3152.1279296875,"map_4201_1_3",5,70,300,20,5,3.56384910083411,0.1,7.34171265391358,0.16837791195791,2.47846401436803,93,0.2,1,103.01252737077,22.5812648038135,0.000752657565583088,1.67793670867189e-05,0.504982052909539,91,4201,1,"3","diploid","female"
"274","0","0","0","0",-0.955699026584625,3169.22045898438,"map_4203_1_1",5,70,300,20,5,2.74407758318149,0.1,14.3244941435186,0.301439144019896,1.64232385504572,74,0.2,1,119.389206122718,22.6636914259571,0.00733706376012342,0.0294003740719502,0.252290133763261,92,4203,1,"1","diploid","female"
"275","0","0","0","0",-0.955699026584625,3169.22045898438,"map_4203_1_2",5,70,300,20,5,4.43338429819359,0.1,7.8950903762471,1.16184823887283,1.5510277730889,205,0.2,1,119.389206122718,22.6636914259571,0.00783038724881996,0.0123060517884031,0.762156651011957,92,4203,1,"2","diploid","female"
"276","0","0","0","0",-0.955699026584625,3169.22045898438,"map_4203_1_3",5,70,300,20,5,3.04054015319611,0.1,8.26311756740196,0.0392021754592519,2.3465371477525,32,0.2,1,119.389206122718,22.6636914259571,0.000247629274312127,2.46528655802203e-05,0.771326473297962,92,4203,1,"3","diploid","female"
"277","0","0","0","0",-0.969034194946289,3159.5244140625,"map_4204_1_1",5,70,300,20,5,0,0.1,12.2003590172407,0.354463147955003,2.27050597338724,88,0.2,1,119.712758789823,22.637709243221,0.00714209793261145,0.03227032456464,0.298369351241186,93,4204,1,"1","diploid","female"
"278","0","0","0","0",-0.969034194946289,3159.5244140625,"map_4204_1_2",5,70,300,20,5,8.84596700049258,0.1,9.1801434988861,0.540859539557434,1.66619241076493,83,0.2,1,119.712758789823,22.637709243221,0.00553287896012655,0.0201073154966178,0.831799080630247,93,4204,1,"2","diploid","female"
"279","0","0","0","0",-0.969034194946289,3159.5244140625,"map_4204_1_3",5,70,300,20,5,1.59110950092114,0.1,5.4901997078495,0.353277944447538,2.36725564007835,68,0.2,1,119.712758789823,22.637709243221,0.000910042222225151,2.65244885984068e-05,0.832305211915196,93,4204,1,"3","diploid","female"
"280","0","0","0","0",-0.797347545623779,3134.8203125,"map_4205_1_1",5,70,300,20,5,3.04422003794946,0.1,14.503106302065,0.24557534978969,2.14097155501674,56,0.2,1,114.141085273008,22.6481720173478,0.00616273657911093,0.0193336579098504,0.2381345389588,94,4205,1,"1","diploid","female"
"281","0","0","0","0",-0.797347545623779,3134.8203125,"map_4205_1_2",5,70,300,20,5,4.76125087890417,0.1,12.6492315543576,0.61410590302535,1.3667739283315,131,0.2,1,114.141085273008,22.6481720173478,0.0124036919834905,0.057483626366907,0.482912833999546,94,4205,1,"2","diploid","female"
"282","0","0","0","0",-0.797347545623779,3134.8203125,"map_4205_1_3",5,70,300,20,5,3.52663675445209,0.1,9.13497770688091,0.0826942986640425,2.72317101341212,104,0.2,1,114.141085273008,22.6481720173478,0.000602417218567034,8.82592149787278e-05,0.627486287663891,94,4205,1,"3","diploid","female"
"283","0","0","0","0",0.530532717704773,2937.5556640625,"map_4210_1_1",5,70,300,20,5,4.54589225008265,0.1,7.6289029827341,0.358053818721214,4.899235720554,31,0.2,1,30.1148632113571,23.985951423645,0.00254894535286404,0.00444944055400747,0.36306924314266,95,4210,1,"1","diploid","female"
"284","0","0","0","0",0.530532717704773,2937.5556640625,"map_4210_1_2",5,70,300,20,5,8.06502332081867,0.1,5.46167525350002,0.993014257699911,4.97465659691645,11,0.2,1,30.1148632113571,23.985951423645,0.00255169251606079,7.32056903875858e-07,0.799879356730647,95,4210,1,"2","diploid","female"
"285","0","0","0","0",0.530532717704773,2937.5556640625,"map_4210_1_3",5,70,300,20,5,4.42346481562275,0.1,6.44945799740919,0.343392875568932,4.15251363412467,221,0.2,1,30.1148632113571,23.985951423645,0.00132544824966508,9.51039270838295e-05,0.58981202095308,95,4210,1,"3","diploid","female"
"286","0","0","0","0",-0.842052578926086,2931.89208984375,"map_4224_1_1",5,70,300,20,5,2.34249250154334,0.1,9.2006694765117,0.276437821783854,1.7148743374674,31,0.2,1,24.9973722226992,22.8304371369109,0.00215753691717075,0.00171160946620608,0.563618908835511,96,4224,1,"1","diploid","female"
"287","0","0","0","0",-0.842052578926086,2931.89208984375,"map_4224_1_2",5,70,300,20,5,2.91455303664615,0.1,6.7156260820427,1.2065004874942,0.81686085535529,200,0.2,1,24.9973722226992,22.8304371369109,0.00506113570868009,0.00594864262443113,0.77148654477146,96,4224,1,"2","diploid","female"
"288","0","0","0","0",-0.842052578926086,2931.89208984375,"map_4224_1_3",5,70,300,20,5,3.16365302313525,0.1,5.91543520329765,0.106387584836708,1.79420733354226,18,0.2,1,24.9973722226992,22.8304371369109,0.000319555770705806,3.31368760885375e-07,1.13724032727433,96,4224,1,"3","diploid","female"
"289","0","0","0","0",-0.825347542762756,2965.74340820312,"map_4225_1_1",5,70,300,20,5,2.75915779576889,0.1,11.261692471162,0.147175323162211,2.62524125600493,20,0.2,1,44.846332344898,22.3596529257258,0.00185856289396179,0.00237159732885977,0.419043965511349,97,4225,1,"1","diploid","female"
"290","0","0","0","0",-0.825347542762756,2965.74340820312,"map_4225_1_2",5,70,300,20,5,3.1054476554558,0.1,14.6052949234466,0.496472085060242,0.612109430933987,62,0.2,1,44.846332344898,22.3596529257258,0.0105431012454614,0.0246289848548996,0.190168528532692,97,4225,1,"2","diploid","female"
"291","0","0","0","0",-0.825347542762756,2965.74340820312,"map_4225_1_3",5,70,300,20,5,3.83367497255011,0.1,6.64600345403945,0.0807961335088291,2.31656302434785,17,0.2,1,44.846332344898,22.3596529257258,0.000317301945105412,7.77604324700197e-07,0.600871193112898,97,4225,1,"3","diploid","female"
"292","0","0","0","0",-0.765887200832367,2990.31201171875,"map_4226_1_1",5,70,300,20,5,1.31641031635218,0.1,10.1740848840539,0.0799294130131079,2.51979700567323,42,0.2,1,44.9318260754462,22.3791057587726,0.000829898349219707,0.000725791164185815,0.456176017907305,98,4226,1,"1","diploid","female"
"293","0","0","0","0",-0.765887200832367,2990.31201171875,"map_4226_1_2",5,70,300,20,5,4.64834407236064,0.1,14.0073757692364,0.139830537994825,1.97216262369703,86,0.2,1,44.9318260754462,22.3791057587726,0.00240729490808669,0.00179927453448964,0.467319836922655,98,4226,1,"2","diploid","female"
"294","0","0","0","0",-0.765887200832367,2990.31201171875,"map_4226_1_3",5,70,300,20,5,1.46182535156544,0.1,6.77147049159448,0.0352113985183537,2.13967045105008,89,0.2,1,44.9318260754462,22.3791057587726,0.000139821279827396,9.46111984311542e-07,0.956213161447146,98,4226,1,"3","diploid","female"
"295","0","0","0","0",-0.574953019618988,3085.05249023438,"map_4229_1_1",5,70,300,20,5,3.10709199549767,0.1,6.60657574719393,0.291111133808071,3.48333545298647,6,0.2,1,59.811367248776,22.381442200121,0.00127740436759865,0.00089546199392625,0.401140032307651,99,4229,1,"1","diploid","female"
"296","0","0","0","0",-0.574953019618988,3085.05249023438,"map_4229_1_2",5,70,300,20,5,6.11528382663171,0.1,5.98970517550333,0.447075185814309,3.46324013853849,4,0.2,1,59.811367248776,22.381442200121,0.00146390141852228,0.00050809616199608,0.601044677165601,99,4229,1,"2","diploid","female"
"297","0","0","0","0",-0.574953019618988,3085.05249023438,"map_4229_1_3",5,70,300,20,5,3.22651369399092,0.1,5.7296442914671,0.288073727204178,3.63119001288018,2,0.2,1,59.811367248776,22.381442200121,0.000802417239494649,1.30231574339265e-05,0.681728066441514,99,4229,1,"3","diploid","female"
"298","0","0","0","0",-0.627932786941528,3127.28784179688,"map_4232_1_1",5,70,300,20,5,3.77633759971906,0.1,9.13439271623375,0.162240710520734,3.6714598524155,16,0.2,1,69.9101229925884,22.1467064066451,0.00143542148731563,0.00187862939788987,0.398365443889056,100,4232,1,"1","diploid","female"
"299","0","0","0","0",-0.627932786941528,3127.28784179688,"map_4232_1_2",5,70,300,20,5,4.62843205231483,0.1,9.55588899590368,0.167376891715374,3.93208210147599,9,0.2,1,69.9101229925884,22.1467064066451,0.00140084644307103,0.000682919108581088,0.734515394192207,100,4232,1,"2","diploid","female"
"300","0","0","0","0",-0.627932786941528,3127.28784179688,"map_4232_1_3",5,70,300,20,5,4.61247015638938,0.1,6.58920925694613,0.135349060987183,3.43886169530232,8,0.2,1,69.9101229925884,22.1467064066451,0.000511617556389861,4.99677379995116e-06,0.680554221708484,100,4232,1,"3","diploid","female"
"301","0","0","0","0",-0.850703835487366,3164.48266601562,"map_4235_1_1",5,70,300,20,5,3.20111462158163,0.1,10.0641809958409,0.18153992055457,3.20006308610003,29,0.2,1,77.2017593462998,21.5188122768339,0.00182604558461076,0.00252186355297861,0.287669202418979,101,4235,1,"1","diploid","female"
"302","0","0","0","0",-0.850703835487366,3164.48266601562,"map_4235_1_2",5,70,300,20,5,5.19957205831672,0.1,8.65633202517761,0.35446439243931,2.25807477336396,46,0.2,1,77.2017593462998,21.5188122768339,0.0024235357246595,0.00202193435323415,0.518042532427657,101,4235,1,"2","diploid","female"
"303","0","0","0","0",-0.850703835487366,3164.48266601562,"map_4235_1_3",5,70,300,20,5,3.00333773681736,0.1,7.0993009653605,0.0624253284724294,2.88168720408313,28,0.2,1,77.2017593462998,21.5188122768339,0.000270546848429689,4.21989341953513e-07,0.835231242596299,101,4235,1,"3","diploid","female"
"304","0","0","0","0",-0.908679306507111,3074.32250976562,"map_4304_1_1",5,70,300,20,5,2.72134535621156,0.1,12.182339908108,0.260146529783774,2.30562390796602,44,0.2,1,99.736480231301,22.6305833094144,0.00414592058642589,0.00832090666290575,0.211098350540725,102,4304,1,"1","diploid","female"
"305","0","0","0","0",-0.908679306507111,3074.32250976562,"map_4304_1_2",5,70,300,20,5,3.81724763834106,0.1,10.680628091294,0.840303932083298,0.184500720902669,31,0.2,1,99.736480231301,22.6305833094144,0.00891849560508066,0.012017489322145,0.120558497119935,102,4304,1,"2","diploid","female"
"306","0","0","0","0",-0.908679306507111,3074.32250976562,"map_4304_1_3",5,70,300,20,5,3.85853365132601,0.1,6.07369827006377,0.157305747847663,2.98261996822722,148,0.2,1,99.736480231301,22.6305833094144,0.000529829437442369,1.62147465938219e-05,0.505562446431614,102,4304,1,"3","diploid","female"
"307","0","0","0","0",-0.877164304256439,3113.501953125,"map_4306_1_1",5,70,300,20,5,2.82569751975347,0.1,9.31950723584253,0.329147499747065,2.93534010390039,23,0.2,1,99.9850778326244,22.6203495272766,0.00381165369143853,0.011223566523527,0.292054572403007,103,4306,1,"1","diploid","female"
"308","0","0","0","0",-0.877164304256439,3113.501953125,"map_4306_1_2",5,70,300,20,5,4.09893177745555,0.1,7.45834146221464,0.494284860235761,3.58894102247007,11,0.2,1,99.9850778326244,22.6203495272766,0.00347628652043633,0.0093250799124195,0.533235312169413,103,4306,1,"2","diploid","female"
"309","0","0","0","0",-0.877164304256439,3113.501953125,"map_4306_1_3",5,70,300,20,5,3.77449604605333,0.1,5.78713076061645,0.365890859379719,3.18253955428603,4,0.2,1,99.9850778326244,22.6203495272766,0.00103774632423277,1.39963490487158e-05,0.646341125439694,103,4306,1,"3","diploid","female"
"310","0","0","0","0",-0.818107068538666,3088.5712890625,"map_4308_1_1",5,70,300,20,5,1.9372218719643,0.1,10.5997824373312,0.356235005324859,2.0894105281708,51,0.2,1,117.278577766545,22.6466542038014,0.00484099071347733,0.0140293736238829,0.472187634256606,104,4308,1,"1","diploid","female"
"311","0","0","0","0",-0.818107068538666,3088.5712890625,"map_4308_1_2",5,70,300,20,5,9.02505079116559,0.1,11.6673061175198,0.715408077154337,0.930179479863937,79,0.2,1,117.278577766545,22.6466542038014,0.0119577767015787,0.0369491275316214,0.390204482426925,104,4308,1,"2","diploid","female"
"312","0","0","0","0",-0.818107068538666,3088.5712890625,"map_4308_1_3",5,70,300,20,5,1.90786659480736,0.1,8.01787003504369,0.0839606869555504,2.71042378310082,13,0.2,1,117.278577766545,22.6466542038014,0.000445363507949589,2.19114098350071e-05,0.694285658172117,104,4308,1,"3","diploid","female"
"313","0","0","0","0",-0.720339834690094,3086.19506835938,"map_4309_1_1",5,70,300,20,5,0,0.1,11.1692204147833,0.351387522258555,3.02395446524064,7,0.2,1,119.161767630086,22.6333116706688,0.00546724871237761,0.0173669642442798,0.270354760655895,105,4309,1,"1","diploid","female"
"314","0","0","0","0",-0.720339834690094,3086.19506835938,"map_4309_1_2",5,70,300,20,5,9.346380086542,0.1,11.8738990908989,0.57906536002513,1.11769814126652,6,0.2,1,119.161767630086,22.6333116706688,0.00923833881647224,0.0268086838019883,0.289041159512177,105,4309,1,"2","diploid","female"
"315","0","0","0","0",-0.720339834690094,3086.19506835938,"map_4309_1_3",5,70,300,20,5,3.47674097072545,0.1,6.88696390995359,0.357001421766082,3.10245180978995,3,0.2,1,119.161767630086,22.6333116706688,0.0014415317660364,0.000112441658405585,0.704516501320826,105,4309,1,"3","diploid","female"
"316","0","0","0","0",-0.894158899784088,3096.01708984375,"map_4310_1_1",5,70,300,20,5,1.12942052504466,0.1,8.3543706404212,0.257449176650721,2.51343403874942,62,0.2,1,78.7461609729501,22.6269370157193,0.00201962034347676,0.00273809334544018,0.296702096557448,106,4310,1,"1","diploid","female"
"317","0","0","0","0",-0.894158899784088,3096.01708984375,"map_4310_1_2",5,70,300,20,5,4.19177195223259,0.1,6.68588697050653,0.5225107132153,2.26400699502424,67,0.2,1,78.7461609729501,22.6269370157193,0.0023761299386856,0.00148895373614523,0.488416509081273,106,4310,1,"2","diploid","female"
"318","0","0","0","0",-0.894158899784088,3096.01708984375,"map_4310_1_3",5,70,300,20,5,1.42051167922803,0.1,6.01811998747666,0.192060760670018,2.67829172270124,109,0.2,1,78.7461609729501,22.6269370157193,0.000576803252037661,7.91544758246972e-07,0.674593800720381,106,4310,1,"3","diploid","female"
"319","0","0","0","0",0.748384952545166,2887.87841796875,"map_4316_1_1",5,70,300,20,5,5.93278014574639,0.1,9.19100352826871,0.282595539177106,4.66243073352904,42,0.2,1,28.806846187187,23.1013564981099,0.00254197720473279,0.00295437972990229,0.3136686229182,107,4316,1,"1","diploid","female"
"320","0","0","0","0",0.748384952545166,2887.87841796875,"map_4316_1_2",5,70,300,20,5,7.4597098411167,0.1,7.27341041501104,0.275550338914595,3.42175495293311,20,0.2,1,28.806846187187,23.1013564981099,0.00125247230804021,1.12769193362737e-06,0.597716159995421,107,4316,1,"2","diploid","female"
"321","0","0","0","0",0.748384952545166,2887.87841796875,"map_4316_1_3",5,70,300,20,5,4.73211214599289,0.1,7.92248721151855,0.17821638989721,3.78564072676373,101,0.2,1,28.806846187187,23.1013564981099,0.00101955486318691,0.000137616546658993,0.451141218448734,107,4316,1,"3","diploid","female"
"322","0","0","0","0",-0.25074514746666,2901.0126953125,"map_4328_1_1",5,70,300,20,5,0,0.1,11.0401550647379,0.274347827332506,1.52674144948886,72,0.2,1,25.5805921269414,24.45045626145,0.00361022683261994,0.00739405280030372,0.382565203893375,108,4328,1,"1","diploid","female"
"323","0","0","0","0",-0.25074514746666,2901.0126953125,"map_4328_1_2",5,70,300,20,5,4.5968150242809,0.1,8.46845137010594,0.30727714010425,1.0647048252023,29,0.2,1,25.5805921269414,24.45045626145,0.00183070418333215,0.000119749394374151,0.947767687835996,108,4328,1,"2","diploid","female"
"324","0","0","0","0",-0.25074514746666,2901.0126953125,"map_4328_1_3",5,70,300,20,5,2.65957251223366,0.1,7.57299332595982,0.119691130247939,1.81029607124476,83,0.2,1,25.5805921269414,24.45045626145,0.000581131922899955,1.15409795347028e-05,0.648157295888237,108,4328,1,"3","diploid","female"
"325","0","0","0","0",-0.258511573076248,2934.27270507812,"map_4329_1_1",5,70,300,20,5,2.99647447792266,0.1,13.2875640280379,0.246700084875847,1.65297695499118,45,0.2,1,43.8315183312394,23.8158730127751,0.00429362777645455,0.00800729037357574,0.285038702381738,109,4329,1,"1","diploid","female"
"326","0","0","0","0",-0.258511573076248,2934.27270507812,"map_4329_1_2",5,70,300,20,5,4.7500004335177,0.1,9.25574694894808,0.4838733566584,1.00052777020741,65,0.2,1,43.8315183312394,23.8158730127751,0.00358755135965135,0.000991671815869557,0.318092322290244,109,4329,1,"2","diploid","female"
"327","0","0","0","0",-0.258511573076248,2934.27270507812,"map_4329_1_3",5,70,300,20,5,3.41869038753671,0.1,7.67225154832144,0.101290027759336,2.57611207283535,61,0.2,1,43.8315183312394,23.8158730127751,0.000527009059065952,3.61585783579813e-05,0.873142298386991,109,4329,1,"3","diploid","female"
"328","0","0","0","0",-0.573571443557739,3026.28247070312,"map_4332_1_1",5,70,300,20,5,2.6769379109631,0.1,7.90151517057921,0.527289953794146,2.36039956109651,115,0.2,1,59.8243567444557,23.7751669261675,0.00368567042364463,0.00663892940628777,0.688847909842047,110,4332,1,"1","diploid","female"
"329","0","0","0","0",-0.573571443557739,3026.28247070312,"map_4332_1_2",5,70,300,20,5,4.82867079495123,0.1,5.79520035817444,2.07866096093561,2.80165859363381,3,0.2,1,59.8243567444557,23.7751669261675,0.00600811368883634,0.00111178531287594,1.26642115410142,110,4332,1,"2","diploid","female"
"330","0","0","0","0",-0.573571443557739,3026.28247070312,"map_4332_1_3",5,70,300,20,5,3.61802653774535,0.1,6.60646855667435,0.254902865213057,2.68475047472143,97,0.2,1,59.8243567444557,23.7751669261675,0.000929528588239296,4.68468860228137e-05,0.866925877839818,110,4332,1,"3","diploid","female"
"331","0","0","0","0",-0.794133603572845,3126.3740234375,"map_4338_1_1",5,70,300,20,5,2.91789561593485,0.1,9.55981401191166,0.242076021553781,2.37122498328533,45,0.2,1,63.9979448627396,23.0017121837781,0.00243267744242605,0.00496882047744024,0.296125336291368,111,4338,1,"1","diploid","female"
"332","0","0","0","0",-0.794133603572845,3126.3740234375,"map_4338_1_2",5,70,300,20,5,4.46355944675159,0.1,8.48129542066004,0.216328138389954,2.81860967773919,25,0.2,1,63.9979448627396,23.0017121837781,0.00139471460748554,0.000592754477602181,0.601581469401214,111,4338,1,"2","diploid","female"
"333","0","0","0","0",-0.794133603572845,3126.3740234375,"map_4338_1_3",5,70,300,20,5,3.7673240820586,0.1,7.06954757717965,0.103846889976182,2.73566013977947,68,0.2,1,63.9979448627396,23.0017121837781,0.000436390933199033,2.49376621284682e-06,0.70555781868928,111,4338,1,"3","diploid","female"
"334","0","0","0","0",-0.391192227602005,3052.33544921875,"map_4393_1_1",5,70,300,20,5,0,0.1,12.8547306213083,0.411450891673431,2.0072894814222,82,0.2,1,99.3598663339583,23.3001691313413,0.00770508010357731,0.0252694069582909,0.378647563292626,112,4393,1,"1","diploid","female"
"335","0","0","0","0",-0.391192227602005,3052.33544921875,"map_4393_1_2",5,70,300,20,5,10.5547321763611,0.1,7.71161401458585,1.18113166752414,1.12974360996689,16,0.2,1,99.3598663339583,23.3001691313413,0.00757874643921661,0.0135349408685109,0.646822122730038,112,4393,1,"2","diploid","female"
"336","0","0","0","0",-0.391192227602005,3052.33544921875,"map_4393_1_3",5,70,300,20,5,2.05171042875543,0.1,10.4572105317019,0.23498170318425,3.79258244396776,127,0.2,1,99.3598663339583,23.3001691313413,0.00241814507518835,0.00234609574839906,0.541140993986552,112,4393,1,"3","diploid","female"
"337","0","0","0","0",-0.866042017936707,3044.26684570312,"map_4406_1_1",5,70,300,20,5,1.56621861593944,0.1,11.05105369073,0.293746056521067,2.13788463232966,4,0.2,1,87.1123698320104,22.9450822603135,0.00351351740602377,0.0052599198270504,0.426523965673556,113,4406,1,"1","diploid","female"
"338","0","0","0","0",-0.866042017936707,3044.26684570312,"map_4406_1_2",5,70,300,20,5,7.19831618862518,0.1,7.37370134621703,1.19173838730778,0.815605414902831,15,0.2,1,87.1123698320104,22.9450822603135,0.00596300692525298,0.00592340292199523,0.531759213096685,113,4406,1,"2","diploid","female"
"339","0","0","0","0",-0.866042017936707,3044.26684570312,"map_4406_1_3",5,70,300,20,5,1.67584142890441,0.1,7.08031444901418,0.209200887314732,3.21146810072092,2,0.2,1,87.1123698320104,22.9450822603135,0.000944671059070145,2.66693174044197e-05,0.813409490995253,113,4406,1,"3","diploid","female"
"340","0","0","0","0",-0.90191376209259,3040.06298828125,"map_4407_1_1",5,70,300,20,5,0,0.1,8.19306167268218,0.29414365565232,2.56668937110563,31,0.2,1,82.9309806475212,22.9220285362844,0.00252005461052231,0.00644331438046951,0.347896683725238,114,4407,1,"1","diploid","female"
"341","0","0","0","0",-0.90191376209259,3040.06298828125,"map_4407_1_2",5,70,300,20,5,8.07473010139196,0.1,7.42027406624179,0.477673649935913,3.50583135256258,19,0.2,1,82.9309806475212,22.9220285362844,0.0038130961012552,0.010691676978987,0.527030111303892,114,4407,1,"2","diploid","female"
"342","0","0","0","0",-0.90191376209259,3040.06298828125,"map_4407_1_3",5,70,300,20,5,3.49867231427817,0.1,5.71182849068941,0.356229085594063,2.96430789868946,4,0.2,1,82.9309806475212,22.9220285362844,0.000999328803750899,1.0247122494952e-05,0.667896317757404,114,4407,1,"3","diploid","female"
"343","0","0","0","0",-0.714999079704285,3023.49072265625,"map_4408_1_1",5,70,300,20,5,3.00869297114192,0.1,12.8403786795944,0.222717094905631,2.25559239900795,35,0.2,1,84.952602551229,22.6011074528742,0.00370396402232231,0.00582037355188961,0.363386912505823,115,4408,1,"1","diploid","female"
"344","0","0","0","0",-0.714999079704285,3023.49072265625,"map_4408_1_2",5,70,300,20,5,3.97999163865457,0.1,13.5741826217028,0.387925191791865,0.968137126933177,75,0.2,1,84.952602551229,22.6011074528742,0.00662601560561535,0.00866062431575993,0.238481370795175,115,4408,1,"2","diploid","female"
"345","0","0","0","0",-0.714999079704285,3023.49072265625,"map_4408_1_3",5,70,300,20,5,4.10258446178762,0.1,8.45922935851257,0.0650417665802313,2.91778882140234,42,0.2,1,84.952602551229,22.6011074528742,0.000415126856906215,1.73737341123118e-05,0.880907297762226,115,4408,1,"3","diploid","female"
"346","0","0","0","0",-0.849756836891174,3056.1572265625,"map_4410_1_1",5,70,300,20,5,2.80296788577096,0.1,12.9881517492561,0.244248937754962,1.23344242203873,35,0.2,1,87.0910072912805,22.5652337869536,0.00370515843798146,0.00405703436713296,0.233971977075402,116,4410,1,"1","diploid","female"
"347","0","0","0","0",-0.849756836891174,3056.1572265625,"map_4410_1_2",5,70,300,20,5,3.85696838464602,0.1,9.04672989653255,0.713558264322869,0.41395777536198,103,0.2,1,87.0910072912805,22.5652337869536,0.00512952430197707,0.0028918494037147,0.39565231393187,116,4410,1,"2","diploid","female"
"348","0","0","0","0",-0.849756836891174,3056.1572265625,"map_4410_1_3",5,70,300,20,5,3.94801650449621,0.1,9.9130223917854,0.033089219356216,2.81621066658198,22,0.2,1,87.0910072912805,22.5652337869536,0.00029047244876413,2.46689902473313e-05,0.476989736940354,116,4410,1,"3","diploid","female"
"349","0","0","0","0",-0.743287324905396,3045.70751953125,"map_4411_1_1",5,70,300,20,5,0,0.1,10.1323086537934,0.344241294045816,1.97600289104775,8,0.2,1,93.0947672932647,22.683197850748,0.00363751970052361,0.00372769668221287,0.43396121890948,117,4411,1,"1","diploid","female"
"350","0","0","0","0",-0.743287324905396,3045.70751953125,"map_4411_1_2",5,70,300,20,5,9.23201442707107,0.1,10.575039626669,0.66782372051249,0.774535930300408,16,0.2,1,93.0947672932647,22.683197850748,0.00733105877344507,0.00385841122077701,0.345241620180308,117,4411,1,"2","diploid","female"
"351","0","0","0","0",-0.743287324905396,3045.70751953125,"map_4411_1_3",5,70,300,20,5,2.05442642583611,0.1,8.09610857480232,0.0796949603225426,2.67301019180304,4,0.2,1,93.0947672932647,22.683197850748,0.000431776808568259,4.16539924306695e-06,0.700566824042801,117,4411,1,"3","diploid","female"
"352","0","0","0","0",-0.699229598045349,3045.1650390625,"map_4412_1_1",5,70,300,20,5,3.06413052437062,0.1,9.31424301712965,0.505721378653146,2.61533162749879,155,0.2,1,93.9928392698599,22.6786504487791,0.00547919282505116,0.0122392870888138,0.536259312138151,118,4412,1,"1","diploid","female"
"353","0","0","0","0",-0.699229598045349,3045.1650390625,"map_4412_1_2",5,70,300,20,5,4.35683808604813,0.1,9.91666935019359,1.09893947791803,1.56808558779621,88,0.2,1,93.9928392698599,22.6786504487791,0.0140760220128948,0.0322258771885818,0.538761967478555,118,4412,1,"2","diploid","female"
"354","0","0","0","0",-0.699229598045349,3045.1650390625,"map_4412_1_3",5,70,300,20,5,3.98146937564758,0.1,6.91789394245199,0.280246559967215,3.06977247418208,105,0.2,1,93.9928392698599,22.6786504487791,0.00115123460632858,0.000132291682671779,0.725117301602487,118,4412,1,"3","diploid","female"
"355","0","0","0","0",-0.633472621440887,2997.30932617188,"map_4436_1_1",5,70,300,20,5,2.41604302856906,0.1,8.2781764246748,0.21762609326409,2.2108301804579,5,0.2,1,32.51346601026,23.8241431188742,0.00151601599668224,0.00138752897196091,0.3615957312099,119,4436,1,"1","diploid","female"
"356","0","0","0","0",-0.633472621440887,2997.30932617188,"map_4436_1_2",5,70,300,20,5,4.16023796442695,0.1,7.11503699917211,0.208349602416035,3.07106143691434,2,0.2,1,32.51346601026,23.8241431188742,0.000922379181859873,6.52880259434113e-05,0.669150362420681,119,4436,1,"2","diploid","female"
"357","0","0","0","0",-0.633472621440887,2997.30932617188,"map_4436_1_3",5,70,300,20,5,3.45848101950607,0.1,5.71616289182297,0.268664632062921,2.49480993428982,2,0.2,1,32.51346601026,23.8241431188742,0.00074062144311707,3.38858589493028e-06,0.696099614662874,119,4436,1,"3","diploid","female"
"358","0","0","0","0",0.226167351007462,3104.93701171875,"map_4442_1_1",5,70,300,20,5,5.80216299922888,0.1,9.12557964933895,0.221204440780094,5.48017273681681,42,0.2,1,61.2471955103732,22.9519210076147,0.00195242502388187,0.00235191308377924,0.31782293530707,120,4442,1,"1","diploid","female"
"359","0","0","0","0",0.226167351007462,3104.93701171875,"map_4442_1_2",5,70,300,20,5,8.38038825892031,0.1,6.40844823789823,0.353501741667156,5.86612005636936,30,0.2,1,61.2471955103732,22.9519210076147,0.00127022991155663,0.000111412783895626,0.561727622272043,120,4442,1,"2","diploid","female"
"360","0","0","0","0",0.226167351007462,3104.93701171875,"map_4442_1_3",5,70,300,20,5,5.792727233705,0.1,8.02808541202124,0.231726211266497,5.06744733427834,138,0.2,1,61.2471955103732,22.9519210076147,0.00143116512780893,0.000566185156040675,0.451213586608032,120,4442,1,"3","diploid","female"
"361","0","0","0","0",-0.549995899200439,2875.46752929688,"map_4495_1_1",5,70,300,20,5,2.34507899863769,0.1,10.7778762568375,0.386058289696595,2.08732310837873,15,0.2,1,47.6239574552077,23.2663797754518,0.00614884522469913,0.0223865032407324,0.260810902841675,121,4495,1,"1","diploid","female"
"362","0","0","0","0",-0.549995899200439,2875.46752929688,"map_4495_1_2",5,70,300,20,5,4.37705001812668,0.1,9.80203267895346,0.545017922373674,1.74327384985648,8,0.2,1,47.6239574552077,23.2663797754518,0.00690162044694339,0.0218901159418626,0.405671631037309,121,4495,1,"2","diploid","female"
"363","0","0","0","0",-0.549995899200439,2875.46752929688,"map_4495_1_3",5,70,300,20,5,1.9894462382504,0.1,5.84927897359421,0.445455017375189,2.39060439415569,5,0.2,1,47.6239574552077,23.2663797754518,0.00134538004933372,0.000127284303692841,0.654367724580178,121,4495,1,"3","diploid","female"
"364","0","0","0","0",-0.571952760219574,2957.35864257812,"map_4496_1_1",5,70,300,20,5,2.55567216956095,0.1,11.1743496645284,0.135737283530974,2.38149821257917,16,0.2,1,46.3881587407914,23.3234458086895,0.00201109840301987,0.00649644765694921,0.340070153494739,122,4496,1,"1","diploid","female"
"365","0","0","0","0",-0.571952760219574,2957.35864257812,"map_4496_1_2",5,70,300,20,5,5.32899587848411,0.1,9.71278097400759,0.136572722361459,3.4968951755765,13,0.2,1,46.3881587407914,23.3234458086895,0.00163105437414874,0.00606719390655781,0.595589368900829,122,4496,1,"2","diploid","female"
"366","0","0","0","0",-0.571952760219574,2957.35864257812,"map_4496_1_3",5,70,300,20,5,2.68154924600314,0.1,7.56907765917764,0.0713557783320093,2.56273012685476,17,0.2,1,46.3881587407914,23.3234458086895,0.000364932484372714,2.23778650239367e-05,0.681319380406839,122,4496,1,"3","diploid","female"
"367","0","0","0","0",-0.617641985416412,3020.15869140625,"map_4497_1_1",5,70,300,20,5,3.0530001599191,0.1,17.98155961948,0.271298434839194,2.20607406716188,103,0.2,1,101.292073314768,23.3036031480115,0.00936202932630962,0.0443330908290974,0.168448282905744,123,4497,1,"1","diploid","female"
"368","0","0","0","0",-0.617641985416412,3020.15869140625,"map_4497_1_2",5,70,300,20,5,4.49000698325303,0.1,12.5848832660102,1.06406596727373,0.317849219411136,272,0.2,1,101.292073314768,23.3036031480115,0.0214766805977715,0.0885927119170683,0.0943776536941679,123,4497,1,"2","diploid","female"
"369","0","0","0","0",-0.617641985416412,3020.15869140625,"map_4497_1_3",5,70,300,20,5,4.03451186651319,0.1,9.816955335282,0.165638890503255,3.4132004851603,90,0.2,1,101.292073314768,23.3036031480115,0.00152197094910013,0.00103605818532577,0.446464295558539,123,4497,1,"3","diploid","female"
"370","0","0","0","0",-0.85857081413269,3001.31591796875,"map_4511_1_1",5,70,300,20,5,1.12524707655447,0.1,13.1422418152287,0.180961059386504,1.99865591987411,33,0.2,1,80.2610280886045,22.9194131427693,0.00342078881296052,0.0087992914719225,0.270148895466895,124,4511,1,"1","diploid","female"
"371","0","0","0","0",-0.85857081413269,3001.31591796875,"map_4511_1_2",5,70,300,20,5,3.80829236846665,0.1,12.3748334456795,0.276233057674683,2.53173941690569,62,0.2,1,80.2610280886045,22.9194131427693,0.00462701982706248,0.0123235939321314,0.366776136903099,124,4511,1,"2","diploid","female"
"372","0","0","0","0",-0.85857081413269,3001.31591796875,"map_4511_1_3",5,70,300,20,5,1.47190270884297,0.1,9.11415988107303,0.0690245747790295,2.66171584180713,23,0.2,1,80.2610280886045,22.9194131427693,0.000510604906665307,0.000174852949215084,0.605483318201431,124,4511,1,"3","diploid","female"
"373","0","0","0","0",-0.847593724727631,2987.60913085938,"map_4512_1_1",5,70,300,20,5,2.66760726956521,0.1,12.2708231942658,0.316075117692394,1.77753523482796,47,0.2,1,89.5865412312885,22.5898674735727,0.0051141644010241,0.010129666887534,0.287137818827735,125,4512,1,"1","diploid","female"
"374","0","0","0","0",-0.847593724727631,2987.60913085938,"map_4512_1_2",5,70,300,20,5,3.409840544506,0.1,13.7747589015163,0.6801980739377,0.270963077204958,94,0.2,1,89.5865412312885,22.5898674735727,0.0138073987547022,0.0346519168224541,0.120346676251949,125,4512,1,"2","diploid","female"
"375","0","0","0","0",-0.847593724727631,2987.60913085938,"map_4512_1_3",5,70,300,20,5,3.69142121493703,0.1,7.99687607386687,0.14182367043852,3.0466276648627,139,0.2,1,89.5865412312885,22.5898674735727,0.000788267578110647,5.13698092787751e-05,0.695362667776618,125,4512,1,"3","diploid","female"
"376","0","0","0","0",-0.807406902313232,3004.67553710938,"map_4515_1_1",5,70,300,20,5,2.76226419101263,0.1,11.6602893545292,0.100663193128336,2.2115924443631,29,0.2,1,92.7853479322009,22.6193636998782,0.00145168332894389,0.00297623185957316,0.438102165938514,126,4515,1,"1","diploid","female"
"377","0","0","0","0",-0.807406902313232,3004.67553710938,"map_4515_1_2",5,70,300,20,5,3.77928390161201,0.1,12.2573383419229,0.125384328179967,3.07078780044718,58,0.2,1,92.7853479322009,22.6193636998782,0.0022153087889664,0.00587361423282252,0.609648414666946,126,4515,1,"2","diploid","female"
"378","0","0","0","0",-0.807406902313232,3004.67553710938,"map_4515_1_3",5,70,300,20,5,3.6696519113009,0.1,8.72101663999885,0.0284125364158726,2.44494116689259,31,0.2,1,92.7853479322009,22.6193636998782,0.00018268139580298,3.34960636030418e-06,0.884145793443644,126,4515,1,"3","diploid","female"
"379","0","0","0","0",0.835663914680481,2930.01733398438,"map_4526_1_1",5,70,300,20,5,0,0.1,11.9393720344444,0.29836700678678,3.71277613709026,20,0.2,1,69.480039492002,24.2531444584413,0.00537379348363652,0.0157361751748561,0.240844226887311,127,4526,1,"1","diploid","female"
"380","0","0","0","0",0.835663914680481,2930.01733398438,"map_4526_1_2",5,70,300,20,5,10.2789879438161,0.1,6.54859521620448,0.622033478234931,4.00912725910685,7,0.2,1,69.480039492002,24.2531444584413,0.00250941080684868,0.000122707432279452,0.475157545270514,127,4526,1,"2","diploid","female"
"381","0","0","0","0",0.835663914680481,2930.01733398438,"map_4526_1_3",5,70,300,20,5,4.52858730065662,0.1,6.94475549288651,0.460881996403806,3.88441782031149,8,0.2,1,69.480039492002,24.2531444584413,0.00224277011549854,0.0018577171227436,0.371083502717665,127,4526,1,"3","diploid","female"
"382","0","0","0","0",-0.798988938331604,2984.11499023438,"map_4542_1_1",5,70,300,20,5,1.69561205381979,0.1,9.44852242104381,0.305983715886917,1.95239665976566,8,0.2,1,35.9313761677061,23.7844273741459,0.00329023144967726,0.00408459685999084,0.329193930658594,128,4542,1,"1","diploid","female"
"383","0","0","0","0",-0.798988938331604,2984.11499023438,"map_4542_1_2",5,70,300,20,5,4.47950314441775,0.1,6.14709606324227,0.511184977903318,2.78993674438847,4,0.2,1,35.9313761677061,23.7844273741459,0.00202492966907743,0.000511258910746774,0.679247961598571,128,4542,1,"2","diploid","female"
"384","0","0","0","0",-0.798988938331604,2984.11499023438,"map_4542_1_3",5,70,300,20,5,2.03925415212399,0.1,5.63852666174071,0.412240937115799,2.62747087837321,3,0.2,1,35.9313761677061,23.7844273741459,0.00109584445880901,1.00217014861304e-05,0.718607340191417,128,4542,1,"3","diploid","female"
"385","0","0","0","0",-0.728797972202301,3016.68432617188,"map_4543_1_1",5,70,300,20,5,1.10014828841279,0.1,9.09182320191741,0.1676469961085,2.07196195718021,8,0.2,1,34.8576601110027,23.4449426129279,0.0015574328584601,0.0032752121215912,0.490116927707169,129,4543,1,"1","diploid","female"
"386","0","0","0","0",-0.728797972202301,3016.68432617188,"map_4543_1_2",5,70,300,20,5,5.27358291239807,0.1,8.57341759997708,0.237502411402742,2.79358756423797,6,0.2,1,34.8576601110027,23.4449426129279,0.00199382306527147,0.00502880936596554,0.887152946070932,129,4543,1,"2","diploid","female"
"387","0","0","0","0",-0.728797972202301,3016.68432617188,"map_4543_1_3",5,70,300,20,5,1.26323784343363,0.1,7.34643780878661,0.0722702875652532,2.52111781437096,5,0.2,1,34.8576601110027,23.4449426129279,0.000336153325806794,1.19461659432036e-05,0.814890457945795,129,4543,1,"3","diploid","female"
"388","0","0","0","0",-0.589713633060455,3167.17895507812,"map_4547_1_1",5,70,300,20,5,3.41631479320757,0.1,8.33953372680839,0.40546333931796,2.97040687901837,9,0.2,1,64.5721771764597,23.0220530498331,0.00364751225611153,0.0111815431924976,0.318695111642854,130,4547,1,"1","diploid","female"
"389","0","0","0","0",-0.589713633060455,3167.17895507812,"map_4547_1_2",5,70,300,20,5,5.38300225237954,0.1,6.02113711441122,0.683609109612116,4.13238143091559,4,0.2,1,64.5721771764597,23.0220530498331,0.00220488058547315,5.98683047324692e-05,0.783645589976125,130,4547,1,"2","diploid","female"
"390","0","0","0","0",-0.589713633060455,3167.17895507812,"map_4547_1_3",5,70,300,20,5,3.68474207343773,0.1,5.84582325398835,0.494719000502438,3.21499396944025,2,0.2,1,64.5721771764597,23.0220530498331,0.00145832836468213,3.32282959826026e-05,0.646134663807333,130,4547,1,"3","diploid","female"
"391","0","0","0","0",-0.715584754943848,2964.35498046875,"map_4601_1_1",5,70,300,20,5,0,0.1,17.3033908599665,0.385129718052862,1.03392700477585,57,0.2,1,99.3219599470348,24.7002890087309,0.0115733335771006,0.034439705751146,0.0784776656975846,131,4601,1,"1","diploid","female"
"392","0","0","0","0",-0.715584754943848,2964.35498046875,"map_4601_1_2",5,70,300,20,5,7.79275428914121,0.1,12.2831342678668,0.649850360117477,0.529416612493457,61,0.2,1,99.3219599470348,24.7002890087309,0.00862217236766399,0.00615831188249481,0.117863124330567,131,4601,1,"2","diploid","female"
"393","0","0","0","0",-0.715584754943848,2964.35498046875,"map_4601_1_3",5,70,300,20,5,2.22100467742248,0.1,10.6521250184242,0.280960027396841,2.19536000590757,38,0.2,1,99.3219599470348,24.7002890087309,0.00289999391297054,0.000826624442543219,0.428983809972194,131,4601,1,"3","diploid","female"
"394","0","0","0","0",-0.566956579685211,3033.39331054688,"map_4602_1_1",5,70,300,20,5,2.40117427426862,0.1,22.5401823843017,0.228888853612516,1.83578981753696,79,0.2,1,105.118253768084,24.6956233868435,0.0130170491164729,0.0765783083001515,0.135215255616457,132,4602,1,"1","diploid","female"
"395","0","0","0","0",-0.566956579685211,3033.39331054688,"map_4602_1_2",5,70,300,20,5,5.46380439423551,0.1,11.5464060766338,0.169999480991869,4.2558224212164,36,0.2,1,105.118253768084,24.6956233868435,0.00242314561556121,0.00436418353709666,0.64179845300913,132,4602,1,"2","diploid","female"
"396","0","0","0","0",-0.566956579685211,3033.39331054688,"map_4602_1_3",5,70,300,20,5,3.18350630687265,0.1,9.86030425483485,0.190982686291763,2.65532958422577,142,0.2,1,105.118253768084,24.6956233868435,0.00218514439383921,0.00418749255716099,0.385623022711719,132,4602,1,"3","diploid","female"
"397","0","0","0","0",-0.632281005382538,2987.88061523438,"map_4614_1_1",5,70,300,20,5,2.40949167374047,0.1,18.6442368147294,0.196777646683896,2.25086147790664,68,0.2,1,87.0973787371106,23.99676253191,0.00794125471774486,0.0283901254198612,0.198248172692133,133,4614,1,"1","diploid","female"
"398","0","0","0","0",-0.632281005382538,2987.88061523438,"map_4614_1_2",5,70,300,20,5,4.56616713537757,0.1,17.2388276979227,0.157807237239821,3.37235488517444,26,0.2,1,87.0973787371106,23.99676253191,0.00505147270883266,0.0150110602124842,0.444428417303114,133,4614,1,"2","diploid","female"
"399","0","0","0","0",-0.632281005382538,2987.88061523438,"map_4614_1_3",5,70,300,20,5,3.11003131179024,0.1,6.95167466724807,0.176385585983367,2.7060748473363,64,0.2,1,87.0973787371106,23.99676253191,0.000818837766475967,0.000150118906520564,0.582602930029835,133,4614,1,"3","diploid","female"
"400","0","0","0","0",-0.695186614990234,2966.79931640625,"map_4615_1_1",5,70,300,20,5,0,0.1,18.7390610690483,0.156860322514552,1.62751615366233,47,0.2,1,78.8680893258003,23.9909579852623,0.006465567219321,0.0309517901678514,0.188954849971874,134,4615,1,"1","diploid","female"
"401","0","0","0","0",-0.695186614990234,2966.79931640625,"map_4615_1_2",5,70,300,20,5,8.88037674515218,0.1,24.187820474968,0.101301425727309,3.07488652174845,31,0.2,1,78.8680893258003,23.9909579852623,0.00677488804803333,0.0355159416874615,0.330678522189317,134,4615,1,"2","diploid","female"
"402","0","0","0","0",-0.695186614990234,2966.79931640625,"map_4615_1_3",5,70,300,20,5,2.75680697408451,0.1,9.69354935742814,0.037387719919633,2.23873140960319,32,0.2,1,78.8680893258003,23.9909579852623,0.000324816560584419,0.000132959639800332,0.536179428447753,134,4615,1,"3","diploid","female"
"403","0","0","0","0",0.85246330499649,2910.52490234375,"map_4632_1_1",5,70,300,20,5,0,0.1,9.08661418046105,0.244463096190477,4.96023547505715,60,0.2,1,70.2332664217268,24.2985684970421,0.0027488091431015,0.00688388158486835,0.306309475468477,135,4632,1,"1","diploid","female"
"404","0","0","0","0",0.85246330499649,2910.52490234375,"map_4632_1_2",5,70,300,20,5,9.66453017952825,0.1,5.8959645446294,0.40297487075776,7.33681158466011,22,0.2,1,70.2332664217268,24.2985684970421,0.00136554983932751,0.0012865679690429,0.598674637507181,135,4632,1,"2","diploid","female"
"405","0","0","0","0",0.85246330499649,2910.52490234375,"map_4632_1_3",5,70,300,20,5,4.28557340592944,0.1,10.3391577238655,0.291684179422125,4.0078250428775,92,0.2,1,70.2332664217268,24.2985684970421,0.00449662711355617,0.0159871987888138,0.324293620217255,135,4632,1,"3","diploid","female"
"406","0","0","0","0",-0.377169817686081,2978.74853515625,"map_4647_1_1",5,70,300,20,5,3.05945543675447,0.1,8.4252351814093,0.201332951869655,3.00800916877259,51,0.2,1,32.3230351607665,23.490585901254,0.00172442499195521,0.00418467342190504,0.370240635880695,136,4647,1,"1","diploid","female"
"407","0","0","0","0",-0.377169817686081,2978.74853515625,"map_4647_1_2",5,70,300,20,5,4.54576551331081,0.1,6.64373649313352,0.264308445535774,3.86778388880452,30,0.2,1,32.3230351607665,23.490585901254,0.00110036775733222,0.000147734152280511,0.76089046145803,136,4647,1,"2","diploid","female"
"408","0","0","0","0",-0.377169817686081,2978.74853515625,"map_4647_1_3",5,70,300,20,5,3.99323401312817,0.1,6.07573091565826,0.209673804203392,3.09273144662128,115,0.2,1,32.3230351607665,23.490585901254,0.000685551414652368,4.35231916158211e-05,0.703744291610889,136,4647,1,"3","diploid","female"
"409","0","0","0","0",0.173808470368385,3044.12036132812,"map_4648_1_1",5,70,300,20,5,4.89719492005144,0.1,11.6934740077427,0.150382468173763,4.12393211675272,25,0.2,1,62.688456783263,23.4337598743629,0.0023175337882822,0.00522066198596214,0.341253871684408,137,4648,1,"1","diploid","female"
"410","0","0","0","0",0.173808470368385,3044.12036132812,"map_4648_1_2",5,70,300,20,5,7.81397358860258,0.1,9.16610423397952,0.146663907138635,4.90647282024547,14,0.2,1,62.688456783263,23.4337598743629,0.00113736952080941,0.000513387582600837,0.806766718437474,137,4648,1,"2","diploid","female"
"411","0","0","0","0",0.173808470368385,3044.12036132812,"map_4648_1_3",5,70,300,20,5,5.26411114931178,0.1,9.17980025698356,0.122962081551398,4.23261608304008,73,0.2,1,62.688456783263,23.4337598743629,0.00100713786376386,0.000935239471795038,0.53087862834524,137,4648,1,"3","diploid","female"
"412","0","0","0","0",-0.0576749034225941,3096.27099609375,"map_4649_1_1",5,70,300,20,5,4.29314080618086,0.1,12.1708209451399,0.105693903984262,3.85666952341302,22,0.2,1,57.7899899696591,23.4651920833989,0.00181604432332937,0.00501477613878758,0.249154947103058,138,4649,1,"1","diploid","female"
"413","0","0","0","0",-0.0576749034225941,3096.27099609375,"map_4649_1_2",5,70,300,20,5,7.27111308627177,0.1,8.46420752486052,0.0431689927854868,6.64399289044625,10,0.2,1,57.7899899696591,23.4651920833989,0.000306342361306574,0.000255266507493746,0.664358595417846,138,4649,1,"2","diploid","female"
"414","0","0","0","0",-0.0576749034225941,3096.27099609375,"map_4649_1_3",5,70,300,20,5,4.71798088216237,0.1,9.85790064922343,0.0932921924665668,3.86706354224258,42,0.2,1,57.7899899696591,23.4651920833989,0.00091428479911495,0.000855284513528471,0.392673173102343,138,4649,1,"3","diploid","female"
"415","0","0","0","0",-0.923714399337769,3126.27368164062,"map_4650_1_1",5,70,300,20,5,2.65483524032613,0.1,8.38301032148175,0.26686457062029,2.44317796689596,4,0.2,1,66.5558933633506,22.9030727166802,0.00200233785946111,0.00276296677114595,0.297464851761349,139,4650,1,"1","diploid","female"
"416","0","0","0","0",-0.923714399337769,3126.27368164062,"map_4650_1_2",5,70,300,20,5,4.1026067658364,0.1,6.91825695251803,0.27015658159043,3.42559283547825,2,0.2,1,66.5558933633506,22.9030727166802,0.00114013932560831,0.000120482336122942,0.515804404307737,139,4650,1,"2","diploid","female"
"417","0","0","0","0",-0.923714399337769,3126.27368164062,"map_4650_1_3",5,70,300,20,5,3.4967016150534,0.1,5.66928399079553,0.307144731502199,2.66650740938813,2,0.2,1,66.5558933633506,22.9030727166802,0.000824889419947087,2.16514926690886e-06,0.578830534882286,139,4650,1,"3","diploid","female"
"418","0","0","0","0",-0.886783540248871,3125.3603515625,"map_4651_1_1",5,70,300,20,5,2.76752402753089,0.1,10.6146597201915,0.360678261960271,1.37473737424045,7,0.2,1,65.60006238535,22.9425119442269,0.00418543791293171,0.0099943445244278,0.369861287482714,140,4651,1,"1","diploid","female"
"419","0","0","0","0",-0.886783540248871,3125.3603515625,"map_4651_1_2",5,70,300,20,5,4.27912225036586,0.1,6.68637113778516,0.270030234719689,3.33503412352356,3,0.2,1,65.60006238535,22.9425119442269,0.00108592504529739,0.000801091896595665,2.10324213818925,140,4651,1,"2","diploid","female"
"420","0","0","0","0",-0.886783540248871,3125.3603515625,"map_4651_1_3",5,70,300,20,5,3.58427486993026,0.1,5.6964231136042,0.313341418998127,2.76407340799663,2,0.2,1,65.60006238535,22.9425119442269,0.000864446580053529,2.09143965567489e-05,0.795369547384422,140,4651,1,"3","diploid","female"
"421","0","0","0","0",-0.834280908107758,3206.32055664062,"map_4657_1_1",5,70,300,20,5,1.80160979195586,0.1,8.75004259035568,0.264078004421689,2.60148763450677,8,0.2,1,69.6491080122533,21.2969438145195,0.00207971594777237,0.00281215532092353,0.336289406527556,141,4657,1,"1","diploid","female"
"422","0","0","0","0",-0.834280908107758,3206.32055664062,"map_4657_1_2",5,70,300,20,5,4.15706467992816,0.1,7.06999731166879,0.482670971138725,2.25143989209942,8,0.2,1,69.6491080122533,21.2969438145195,0.00220581325282439,0.000845831928312113,0.64211906602726,141,4657,1,"2","diploid","female"
"423","0","0","0","0",-0.834280908107758,3206.32055664062,"map_4657_1_3",5,70,300,20,5,1.70850129159479,0.1,7.18349926504153,0.0648562714526655,2.67957574250816,4,0.2,1,69.6491080122533,21.2969438145195,0.000277654874701571,1.17533935828239e-06,0.74548662978072,141,4657,1,"3","diploid","female"
"424","0","0","0","0",-0.477963477373123,3237.6689453125,"map_4658_1_1",5,70,300,20,5,2.35047199608677,0.1,10.6604496292115,0.307253398051996,1.96515200241373,24,0.2,1,71.8798280823666,21.2995579928655,0.00348078717189563,0.00503482146327377,0.330080161387914,142,4658,1,"1","diploid","female"
"425","0","0","0","0",-0.477963477373123,3237.6689453125,"map_4658_1_2",5,70,300,20,5,7.17642776729663,0.1,7.62816008844963,0.150190810085939,3.23546034516878,9,0.2,1,71.8798280823666,21.2995579928655,0.00073854635205923,5.17857777199615e-05,1.73210807808563,142,4658,1,"2","diploid","female"
"426","0","0","0","0",-0.477963477373123,3237.6689453125,"map_4658_1_3",5,70,300,20,5,1.50808334135141,0.1,7.28056303815781,0.0815666074129913,2.91145650583495,13,0.2,1,71.8798280823666,21.2995579928655,0.000372313413839293,4.88316985076976e-06,0.742648154430298,142,4658,1,"3","diploid","female"
"427","0","0","0","0",-0.777981996536255,3304.48315429688,"map_4659_1_1",5,70,300,20,5,2.14548107392291,0.1,11.4858824728499,0.597764086813965,0.838045720081997,49,0.2,1,84.2868294509938,21.3119613141581,0.00947371194381822,0.0291060918264869,0.183895032892452,143,4659,1,"1","diploid","female"
"428","0","0","0","0",-0.777981996536255,3304.48315429688,"map_4659_1_2",5,70,300,20,5,6.92923566013292,0.1,5.43128148042541,0.000553231398057237,0.0550256966549131,4,0.2,1,84.2868294509938,21.3119613141581,1.34549399014365e-06,1.8716186239986e-11,1.01032466894297,143,4659,1,"2","diploid","female"
"429","0","0","0","0",-0.777981996536255,3304.48315429688,"map_4659_1_3",5,70,300,20,5,1.02380332721588,0.1,6.57199259456643,0.200071371116871,1.49134483208415,6,0.2,1,84.2868294509938,21.3119613141581,0.000714082281761071,1.20383129459757e-06,0.53245235112653,143,4659,1,"3","diploid","female"
"430","0","0","0","0",-0.585932731628418,2888.84814453125,"map_4705_1_1",5,70,300,20,5,0,0.1,29.1436864121915,0.187516387711349,0.872842956199398,132,0.2,1,98.9882362007699,24.7244000402136,0.0175905374261783,0.0974492986839527,0.133559021202027,144,4705,1,"1","diploid","female"
"431","0","0","0","0",-0.585932731628418,2888.84814453125,"map_4705_1_2",5,70,300,20,5,3.89667141109327,0.1,12.3647164604405,0.473243669718548,2.95257618230062,137,0.2,1,98.9882362007699,24.7244000402136,0.0112692405188607,0.0501542838000526,0.433356405639195,144,4705,1,"2","diploid","female"
"432","0","0","0","0",-0.585932731628418,2888.84814453125,"map_4705_1_3",5,70,300,20,5,2.1739104892323,0.1,8.5105263763276,0.287783181051831,1.66284956074932,139,0.2,1,98.9882362007699,24.7244000402136,0.00204812471412762,0.00164441250373807,0.454202047009568,144,4705,1,"3","diploid","female"
"433","0","0","0","0",-0.720766127109528,2971.7529296875,"map_4706_1_1",5,70,300,20,5,2.05263078046638,0.1,14.7178814326389,0.515359657218319,1.2390048381157,16,0.2,1,95.5592154680296,24.7181399236618,0.0149035546517629,0.0647885169265148,0.34009347905974,145,4706,1,"1","diploid","female"
"434","0","0","0","0",-0.720766127109528,2971.7529296875,"map_4706_1_2",5,70,300,20,5,4.38740971170344,0.1,15.7245715180626,0.706543621496805,0.541073035102083,7,0.2,1,95.5592154680296,24.7181399236618,0.0199672454862178,0.0919045786912179,0.149590353542334,145,4706,1,"2","diploid","female"
"435","0","0","0","0",-0.720766127109528,2971.7529296875,"map_4706_1_3",5,70,300,20,5,2.72433868333789,0.1,7.60744517627951,0.528920735482705,1.9778831350208,3,0.2,1,95.5592154680296,24.7181399236618,0.00286879749298996,0.00126057327963653,0.678489528335797,145,4706,1,"3","diploid","female"
"436","0","0","0","0",-0.805969178676605,3028.92309570312,"map_4707_1_1",5,70,300,20,5,2.03184872263776,0.1,18.3387568896274,0.29358115232069,1.06312295555697,70,0.2,1,99.6379964882353,24.7119406863833,0.00992901279973532,0.0293276737417405,0.148706884018223,146,4707,1,"1","diploid","female"
"437","0","0","0","0",-0.805969178676605,3028.92309570312,"map_4707_1_2",5,70,300,20,5,4.64956328071493,0.1,15.9133261804778,0.260313557014593,1.93677247465452,58,0.2,1,99.6379964882353,24.7119406863833,0.00592061188141785,0.00514580611865204,0.357432976624506,146,4707,1,"2","diploid","female"
"438","0","0","0","0",-0.805969178676605,3028.92309570312,"map_4707_1_3",5,70,300,20,5,2.87538703272029,0.1,10.9390907535898,0.138732616404619,2.00932338341784,57,0.2,1,99.6379964882353,24.7119406863833,0.00149999393699991,0.000538187442188127,0.645576304078172,146,4707,1,"3","diploid","female"
"439","0","0","0","0",-0.796147465705872,3063.412109375,"map_4708_1_1",5,70,300,20,5,3.2302047270484,0.1,15.6012223123432,0.211159431134987,2.33712061249252,43,0.2,1,113.374419576702,23.3756634823112,0.00625603397697917,0.0301524960420705,0.18580255675448,147,4708,1,"1","diploid","female"
"440","0","0","0","0",-0.796147465705872,3063.412109375,"map_4708_1_2",5,70,300,20,5,8.28979760225974,0.1,18.8414447186984,0.216636158097323,3.16393808251137,23,0.2,1,113.374419576702,23.3756634823112,0.00866293733283598,0.0391565750856891,0.278247819764728,147,4708,1,"2","diploid","female"
"441","0","0","0","0",-0.796147465705872,3063.412109375,"map_4708_1_3",5,70,300,20,5,3.31042883482577,0.1,7.57226113953691,0.129544962946849,2.98044944471675,32,0.2,1,113.374419576702,23.3756634823112,0.000723758521726614,0.000362908000241762,0.545626602700542,147,4708,1,"3","diploid","female"
"442","0","0","0","0",0.738621234893799,2940.00439453125,"map_4737_1_1",5,70,300,20,5,0,0.1,10.5762369279389,0.228875332720118,4.48472561789874,35,0.2,1,32.6987908685524,23.6082190603381,0.00272872306574899,0.00690601023223651,0.418356254075147,148,4737,1,"1","diploid","female"
"443","0","0","0","0",0.738621234893799,2940.00439453125,"map_4737_1_2",5,70,300,20,5,12.6112421985369,0.1,8.56419654578884,0.138631845911724,5.22995197246353,18,0.2,1,32.6987908685524,23.6082190603381,0.000882405939621397,0.000138122712524177,0.66231575681636,148,4737,1,"2","diploid","female"
"444","0","0","0","0",0.738621234893799,2940.00439453125,"map_4737_1_3",5,70,300,20,5,1.92335347615918,0.1,9.66250893742918,0.15453004380207,4.51087190179714,114,0.2,1,32.6987908685524,23.6082190603381,0.00140436627246923,0.00157317048049071,0.571067181227034,148,4737,1,"3","diploid","female"
"445","0","0","0","0",0.815302491188049,2889.84057617188,"map_4738_1_1",5,70,300,20,5,0,0.1,12.6494918861055,0.182823097406554,4.73979222761228,36,0.2,1,35.2797368572301,23.6302081069017,0.00338422274483388,0.0107268975747066,0.274851331897611,149,4738,1,"1","diploid","female"
"446","0","0","0","0",0.815302491188049,2889.84057617188,"map_4738_1_2",5,70,300,20,5,8.10818045921889,0.1,8.30792974318322,0.111098336297983,5.14369022502206,19,0.2,1,35.2797368572301,23.6302081069017,0.000751199280035433,0.000441349496504436,0.61999175420393,149,4738,1,"2","diploid","female"
"447","0","0","0","0",0.815302491188049,2889.84057617188,"map_4738_1_3",5,70,300,20,5,4.53611539470498,0.1,9.14090386776986,0.150030382737422,3.7870358469217,120,0.2,1,35.2797368572301,23.6302081069017,0.00123882303518856,0.00141970183317715,0.443167890666504,149,4738,1,"3","diploid","female"
"448","0","0","0","0",-0.511481702327728,3036.04418945312,"map_4752_1_1",5,70,300,20,5,2.57026871342388,0.1,12.4405894907485,0.173212013860989,2.72063620913255,79,0.2,1,55.6899819314678,24.4142570278045,0.00362146017754909,0.015425158286975,0.125420921077028,150,4752,1,"1","diploid","female"
"449","0","0","0","0",-0.511481702327728,3036.04418945312,"map_4752_1_2",5,70,300,20,5,5.39706077391106,0.1,6.50462998058462,0.0971254470933363,4.05255189608096,18,0.2,1,55.6899819314678,24.4142570278045,0.000399879631264981,6.54691288434278e-05,0.405621913673014,150,4752,1,"2","diploid","female"
"450","0","0","0","0",-0.511481702327728,3036.04418945312,"map_4752_1_3",5,70,300,20,5,3.36802182943871,0.1,7.71887821762378,0.229648370734708,3.27558703555662,112,0.2,1,55.6899819314678,24.4142570278045,0.00130824335738839,0.000381001674011294,0.359352587326148,150,4752,1,"3","diploid","female"
"451","0","0","0","0",-0.915229320526123,3138.4091796875,"map_4757_1_1",5,70,300,20,5,1.14583381972648,0.1,11.7703514199521,0.215558213204927,1.81445275281996,9,0.2,1,66.8695193667744,23.5654869383752,0.00345715465488103,0.00906796243864974,0.221552261312056,151,4757,1,"1","diploid","female"
"452","0","0","0","0",-0.915229320526123,3138.4091796875,"map_4757_1_2",5,70,300,20,5,6.37528365413859,0.1,8.3545412692679,0.158942185211843,3.01689766463033,4,0.2,1,66.8695193667744,23.5654869383752,0.00101320934353545,0.000381254282738222,0.689715337121483,151,4757,1,"2","diploid","female"
"453","0","0","0","0",-0.915229320526123,3138.4091796875,"map_4757_1_3",5,70,300,20,5,1.17756202864438,0.1,6.90045324954001,0.130750542267887,2.29054357626561,4,0.2,1,66.8695193667744,23.5654869383752,0.000535164699995143,2.92959869423726e-05,0.675971016237328,151,4757,1,"3","diploid","female"
"454","0","0","0","0",-0.806408226490021,3162.43188476562,"map_4759_1_1",5,70,300,20,5,2.39244065091323,0.1,14.7653653307022,0.237929144611017,1.92707835168489,10,0.2,1,72.9909603239294,23.3013835313444,0.00584816520003099,0.0155564382456389,0.170415540097703,152,4759,1,"1","diploid","female"
"455","0","0","0","0",-0.806408226490021,3162.43188476562,"map_4759_1_2",5,70,300,20,5,6.31426673015746,0.1,8.20701952116815,0.154192008704248,3.71931657658447,4,0.2,1,72.9909603239294,23.3013835313444,0.00106173702001696,0.000271078446979217,0.560654203113059,152,4759,1,"2","diploid","female"
"456","0","0","0","0",-0.806408226490021,3162.43188476562,"map_4759_1_3",5,70,300,20,5,2.2266198775329,0.1,7.70826355885069,0.142399911956805,2.52138860014249,5,0.2,1,72.9909603239294,23.3013835313444,0.000748537139561936,3.98314091593937e-05,0.492570938543897,152,4759,1,"3","diploid","female"
"457","0","0","0","0",-0.481934785842896,3163.17651367188,"map_4761_1_1",5,70,300,20,5,1.73831451957892,0.1,10.0909055384208,0.41704954333632,1.89472722820362,47,0.2,1,69.6874228410943,22.9854494855253,0.00447058608683203,0.00705229036213379,0.200646550992596,153,4761,1,"1","diploid","female"
"458","0","0","0","0",-0.481934785842896,3163.17651367188,"map_4761_1_2",5,70,300,20,5,8.00517962801183,0.1,5.09752424992554,0.512153833735352,2.43584460361834,37,0.2,1,69.6874228410943,22.9854494855253,0.0010609607717381,2.89246645027477e-05,1.9289185091614,153,4761,1,"2","diploid","female"
"459","0","0","0","0",-0.481934785842896,3163.17651367188,"map_4761_1_3",5,70,300,20,5,1.48496735061195,0.1,7.46043487085383,0.203790837205278,2.75633928491784,111,0.2,1,69.6874228410943,22.9854494855253,0.000988759775449549,6.98554413450835e-05,0.719797810464946,153,4761,1,"3","diploid","female"
"460","0","0","0","0",-0.743525266647339,3196.962890625,"map_4762_1_1",5,70,300,20,5,3.1165393769499,0.1,9.2577931293017,0.610340763739727,1.73397402026592,16,0.2,1,69.9104499975312,22.9839852393268,0.00651240145244346,0.0176403113394162,0.4412566363173,154,4762,1,"1","diploid","female"
"461","0","0","0","0",-0.743525266647339,3196.962890625,"map_4762_1_2",5,70,300,20,5,4.9315044163954,0.1,7.88572784645474,0.534970825948476,1.24405291524509,4,0.2,1,69.9104499975312,22.9839852393268,0.0028645300607873,0.000286782180145749,0.413380470507247,154,4762,1,"2","diploid","female"
"462","0","0","0","0",-0.743525266647339,3196.962890625,"map_4762_1_3",5,70,300,20,5,3.18038332578508,0.1,6.53289547688733,0.367055193076096,2.4766585690079,3,0.2,1,69.9104499975312,22.9839852393268,0.00132346477877811,2.14927823401773e-05,0.783565755059942,154,4762,1,"3","diploid","female"
"463","0","0","0","0",-0.739355802536011,3230.44970703125,"map_4763_1_1",5,70,300,20,5,3.03664686839723,0.1,13.2841313186474,0.551353210199926,1.11772170449679,17,0.2,1,86.6480978081789,22.9604467011765,0.0116773559956207,0.0372223079607679,0.163671346386485,155,4763,1,"1","diploid","female"
"464","0","0","0","0",-0.739355802536011,3230.44970703125,"map_4763_1_2",5,70,300,20,5,7.59306126729892,0.1,5.70620840675935,0.64175413690816,3.52158477383579,5,0.2,1,86.6480978081789,22.9604467011765,0.00196856308379115,0.000745903002272023,2.05573672680476,155,4763,1,"2","diploid","female"
"465","0","0","0","0",-0.739355802536011,3230.44970703125,"map_4763_1_3",5,70,300,20,5,2.17949032747888,0.1,6.79218600206884,0.46242412517533,1.89687859161282,4,0.2,1,86.6480978081789,22.9604467011765,0.00184063126312932,8.81781673834198e-05,0.612567189216905,155,4763,1,"3","diploid","female"
"466","0","0","0","0",-0.753512024879456,2888.05126953125,"map_4810_1_1",5,70,300,20,5,0,0.1,15.3737283173984,0.505280379490795,0.528539787288626,182,0.2,1,47.1112419855951,24.7241101375846,0.0150854703580466,0.0692341409889914,0.351670892115777,156,4810,1,"1","diploid","female"
"467","0","0","0","0",-0.753512024879456,2888.05126953125,"map_4810_1_2",5,70,300,20,5,4.67272402112198,0.1,10.3431926497341,0.7261568305497,0.521896838862957,176,0.2,1,47.1112419855951,24.7241101375846,0.00957321214210476,0.0318857972559927,1.00563590795962,156,4810,1,"2","diploid","female"
"468","0","0","0","0",-0.753512024879456,2888.05126953125,"map_4810_1_3",5,70,300,20,5,1.50016045238578,0.1,6.52238378195124,0.501845157405935,1.36014830458035,156,0.2,1,47.1112419855951,24.7241101375846,0.00178047729576894,7.9154367679245e-05,0.834395519072915,156,4810,1,"3","diploid","female"
"469","0","0","0","0",-0.818398594856262,3014.24096679688,"map_4812_1_1",5,70,300,20,5,2.49735894560722,0.1,10.1395276357896,0.305347866991558,2.48200459465154,17,0.2,1,82.3352195448258,23.3998878335372,0.00464391566942553,0.0165299497159715,0.262321614191312,157,4812,1,"1","diploid","female"
"470","0","0","0","0",-0.818398594856262,3014.24096679688,"map_4812_1_2",5,70,300,20,5,3.71991900525431,0.1,7.28017736492877,0.521271141382542,3.60043488539198,11,0.2,1,82.3352195448258,23.3998878335372,0.00382582929163007,0.0100652745641427,0.524623783539197,157,4812,1,"2","diploid","female"
"471","0","0","0","0",-0.818398594856262,3014.24096679688,"map_4812_1_3",5,70,300,20,5,3.73509449052479,0.1,5.8439714417732,0.332111882464682,2.95793760178397,3,0.2,1,82.3352195448258,23.3998878335372,0.000994252494231126,4.35514170865142e-05,0.650096902991507,157,4812,1,"3","diploid","female"
"472","0","0","0","0",0.662158012390137,3011.61499023438,"map_4841_1_1",5,70,300,20,5,5.92471809301379,0.1,5.65732907715986,0.830803982736812,6.12136289185456,26,0.2,1,34.6894911981599,23.5960386447336,0.00253377727457023,0.00160514652888889,0.845481838410082,158,4841,1,"1","diploid","female"
"473","0","0","0","0",0.662158012390137,3011.61499023438,"map_4841_1_2",5,70,300,20,5,9.75796949443199,0.1,5.0563294024038,5.15083933245709,6.80146686902774,1,0.2,1,34.6894911981599,23.5960386447336,0.0104459836850892,8.17573312632926e-07,1.83978347786033,158,4841,1,"2","diploid","female"
"474","0","0","0","0",0.662158012390137,3011.61499023438,"map_4841_1_3",5,70,300,20,5,6.03107434826572,0.1,5.77157365878695,0.71480540155976,5.85330576382215,5,0.2,1,34.6894911981599,23.5960386447336,0.00216950930227894,0.00045293983072097,0.804131214559352,158,4841,1,"3","diploid","female"
"475","0","0","0","0",0.672016143798828,2961.0634765625,"map_4842_1_1",5,70,300,20,5,5.69702754218301,0.1,11.3964714825242,0.119536675404318,4.63657420286453,25,0.2,1,35.9707123462445,23.5967756412882,0.00163169243528672,0.0038374332885314,0.343832340600531,159,4842,1,"1","diploid","female"
"476","0","0","0","0",0.672016143798828,2961.0634765625,"map_4842_1_2",5,70,300,20,5,8.84295136513756,0.1,8.79290843929198,0.103845538916468,5.46184000559177,18,0.2,1,35.9707123462445,23.5967756412882,0.000692097576775319,8.33410573462615e-05,0.7360862968249,159,4842,1,"2","diploid","female"
"477","0","0","0","0",0.672016143798828,2961.0634765625,"map_4842_1_3",5,70,300,20,5,5.49426769384527,0.1,9.9035588836122,0.10208635069597,4.1636590192078,128,0.2,1,35.9707123462445,23.5967756412882,0.000947028045156004,0.000780500063350501,0.481521019873078,159,4842,1,"3","diploid","female"
"478","0","0","0","0",-0.742177248001099,3036.5390625,"map_4857_1_1",5,70,300,20,5,2.19496912812331,0.1,12.8875633056727,0.123104961600945,2.15175037228451,94,0.2,1,59.6541450447418,24.4077788499767,0.00233409838987299,0.00631481758323652,0.253083532671776,160,4857,1,"1","diploid","female"
"479","0","0","0","0",-0.742177248001099,3036.5390625,"map_4857_1_2",5,70,300,20,5,4.65760743090973,0.1,8.30009120922575,0.043925453574554,3.93272515785763,48,0.2,1,59.6541450447418,24.4077788499767,0.000301372900942275,7.30986954318684e-05,0.743259835743606,160,4857,1,"2","diploid","female"
"480","0","0","0","0",-0.742177248001099,3036.5390625,"map_4857_1_3",5,70,300,20,5,3.06367292262927,0.1,7.46579582855643,0.115061879904284,2.53091230024273,89,0.2,1,59.6541450447418,24.4077788499767,0.000612725516315787,4.44398698080805e-05,0.532614531346241,160,4857,1,"3","diploid","female"
"481","0","0","0","0",-0.694369554519653,3072.76025390625,"map_4858_1_1",5,70,300,20,5,1.22017811281095,0.1,12.7623869628344,0.212049423284645,1.85175529328066,8,0.2,1,58.0695091802812,23.6402662378609,0.00329726823778149,0.00381415900720252,0.289999984982992,161,4858,1,"1","diploid","female"
"482","0","0","0","0",-0.694369554519653,3072.76025390625,"map_4858_1_2",5,70,300,20,5,4.83527051793331,0.1,7.954419725542,0.170570225451814,3.81545215900896,4,0.2,1,58.0695091802812,23.6402662378609,0.000910938800234253,6.04652612862292e-05,0.758248354875717,161,4858,1,"2","diploid","female"
"483","0","0","0","0",-0.694369554519653,3072.76025390625,"map_4858_1_3",5,70,300,20,5,1.55977098476496,0.1,7.6698306359827,0.107103919535985,2.65086254046936,4,0.2,1,58.0695091802812,23.6402662378609,0.000560121858629799,4.08111305558625e-05,0.608232332125059,161,4858,1,"3","diploid","female"
"484","0","0","0","0",-0.842748522758484,3124.52734375,"map_4862_1_1",5,70,300,20,5,1.27746221717345,0.1,15.4622662441456,0.213969090151636,2.00265716177982,49,0.2,1,62.2414626457366,23.3434527797424,0.00509039160975099,0.0137390894211801,0.277597689416775,162,4862,1,"1","diploid","female"
"485","0","0","0","0",-0.842748522758484,3124.52734375,"map_4862_1_2",5,70,300,20,5,6.3856760353963,0.1,10.623981497394,0.0815455268060709,4.47791698692082,20,0.2,1,62.2414626457366,23.3434527797424,0.000854159750220966,0.000327772595084154,0.681169543978749,162,4862,1,"2","diploid","female"
"486","0","0","0","0",-0.842748522758484,3124.52734375,"map_4862_1_3",5,70,300,20,5,1.32096570653908,0.1,7.79966027036359,0.13941323335266,2.91721966842381,84,0.2,1,62.2414626457366,23.3434527797424,0.00075579287973957,3.29560526398434e-05,0.636788823210913,162,4862,1,"3","diploid","female"
"487","0","0","0","0",-0.693818807601929,3119.4931640625,"map_4863_1_1",5,70,300,20,5,1.39909440533021,0.1,11.0561933389432,0.262030688705691,2.35184581037365,5,0.2,1,68.6137885730528,23.3557805700292,0.00397525170530863,0.0096308932801568,0.215735503002279,163,4863,1,"1","diploid","female"
"488","0","0","0","0",-0.693818807601929,3119.4931640625,"map_4863_1_2",5,70,300,20,5,6.91244460220168,0.1,6.85343747990949,0.296970268883469,3.7217965111529,2,0.2,1,68.6137885730528,23.3557805700292,0.00131419308818854,0.000601842573206656,0.620828891684436,163,4863,1,"2","diploid","female"
"489","0","0","0","0",-0.693818807601929,3119.4931640625,"map_4863_1_3",5,70,300,20,5,1.40664672742868,0.1,6.88203834075438,0.202144949099643,2.87313147334354,2,0.2,1,68.6137885730528,23.3557805700292,0.00081800193155578,4.43922752116408e-05,0.538679720769475,163,4863,1,"3","diploid","female"
"490","0","0","0","0",-0.38486385345459,3113.2509765625,"map_4864_1_1",5,70,300,20,5,3.16223849175706,0.1,11.5639423167584,0.187072684857594,3.57944462076725,53,0.2,1,69.0223447223042,23.3562252127055,0.0029577001226601,0.00999545721851428,0.155841664782817,164,4864,1,"1","diploid","female"
"491","0","0","0","0",-0.38486385345459,3113.2509765625,"map_4864_1_2",5,70,300,20,5,7.88667717700283,0.1,8.41935340934579,0.142887522748538,5.9333789255134,19,0.2,1,69.0223447223042,23.3562252127055,0.000974950435610359,0.00070885062572378,0.604366766890972,164,4864,1,"2","diploid","female"
"492","0","0","0","0",-0.38486385345459,3113.2509765625,"map_4864_1_3",5,70,300,20,5,2.92890997450679,0.1,8.16004805370052,0.200513601573239,3.86467358772424,123,0.2,1,69.0223447223042,23.3562252127055,0.0012899711739757,0.000571384446483453,0.324525262369136,164,4864,1,"3","diploid","female"
"493","0","0","0","0",-0.718864440917969,3142.11669921875,"map_4865_1_1",5,70,300,20,5,2.70333437865359,0.1,10.6813275103357,0.362895324178895,1.70535694197502,58,0.2,1,71.2406879406039,22.9463769369875,0.0040175520587111,0.00585298997671652,0.408742746712683,165,4865,1,"1","diploid","female"
"494","0","0","0","0",-0.718864440917969,3142.11669921875,"map_4865_1_2",5,70,300,20,5,6.35726696964491,0.1,8.38021974567026,0.517668820407857,1.33426076133227,43,0.2,1,71.2406879406039,22.9463769369875,0.003068051737366,0.000340743488052687,1.01006428280388,165,4865,1,"2","diploid","female"
"495","0","0","0","0",-0.718864440917969,3142.11669921875,"map_4865_1_3",5,70,300,20,5,2.57928171507711,0.1,7.05763039248024,0.180911030015607,3.19152497169295,113,0.2,1,71.2406879406039,22.9463769369875,0.000809105763028983,3.21343441763844e-05,0.891217523128664,165,4865,1,"3","diploid","female"
"496","0","0","0","0",-0.317398309707642,3166.98852539062,"map_4866_1_1",5,70,300,20,5,4.17415638905728,0.1,8.60370651128466,0.601616730356713,2.16994881465613,23,0.2,1,68.085100037711,22.9868698346126,0.00495831623190595,0.0104247520089322,0.62567261484983,166,4866,1,"1","diploid","female"
"497","0","0","0","0",-0.317398309707642,3166.98852539062,"map_4866_1_2",5,70,300,20,5,6.35581431642259,0.1,6.83518468595149,0.186943130060539,3.66665839669093,4,0.2,1,68.085100037711,22.9868698346126,0.000738826372189063,6.69759741779399e-06,1.9563286553317,166,4866,1,"2","diploid","female"
"498","0","0","0","0",-0.317398309707642,3166.98852539062,"map_4866_1_3",5,70,300,20,5,4.17213553397158,0.1,7.87906087874099,0.181145773424419,2.93672151624704,6,0.2,1,68.085100037711,22.9868698346126,0.000993607741503437,0.000213754196483578,0.705697743858545,166,4866,1,"3","diploid","female"
"499","0","0","0","0",-0.10347755998373,3160.68432617188,"map_4878_1_1",5,70,300,20,5,5.86491241009847,0.1,8.68589352844848,0.29339118187792,4.18731198129841,6,0.2,1,61.7484349745057,21.937650477873,0.00224876337934029,0.00180449377575025,0.290441096916034,167,4878,1,"1","diploid","female"
"500","0","0","0","0",-0.10347755998373,3160.68432617188,"map_4878_1_2",5,70,300,20,5,6.4735748595475,0.1,6.54598828968737,0.475871353255052,3.91221526482329,4,0.2,1,61.7484349745057,21.937650477873,0.00182625597043746,0.000196373267452855,0.546918742611854,167,4878,1,"2","diploid","female"
"501","0","0","0","0",-0.10347755998373,3160.68432617188,"map_4878_1_3",5,70,300,20,5,5.62713932739211,0.1,7.00252396925904,0.226050061035659,4.41877974824475,4,0.2,1,61.7484349745057,21.937650477873,0.000969142046966799,3.58292909116089e-05,0.624926645491095,167,4878,1,"3","diploid","female"
"502","0","0","0","0",-0.751388549804688,2865.4072265625,"map_4915_1_1",5,70,300,20,5,0,0.1,18.1135508353167,0.29102588772365,1.05007034910373,64,0.2,1,46.4444482581956,24.712254955127,0.0117364899484147,0.0499562448293058,0.150166651228997,168,4915,1,"1","diploid","female"
"503","0","0","0","0",-0.751388549804688,2865.4072265625,"map_4915_1_2",5,70,300,20,5,4.83048903854521,0.1,12.5491413119458,0.222265998394928,1.91820818228644,23,0.2,1,46.4444482581956,24.712254955127,0.0042637149621812,0.0118729779519799,0.41649054217681,168,4915,1,"2","diploid","female"
"504","0","0","0","0",-0.751388549804688,2865.4072265625,"map_4915_1_3",5,70,300,20,5,0.713953024356152,0.1,6.94284503201304,0.168473621800619,1.41680568309625,22,0.2,1,46.4444482581956,24.712254955127,0.0007279551718662,6.28060915536469e-05,0.614280551021445,168,4915,1,"3","diploid","female"
"505","0","0","0","0",-0.729580044746399,2948.6787109375,"map_4916_1_1",5,70,300,20,5,2.83206677738691,0.1,9.17126700434476,0.561540594758559,1.80219307367424,16,0.2,1,82.7363414067367,23.3390845001998,0.00573916010844342,0.012547549387487,0.570190363888096,169,4916,1,"1","diploid","female"
"506","0","0","0","0",-0.729580044746399,2948.6787109375,"map_4916_1_2",5,70,300,20,5,6.23622376037688,0.1,6.5444200821539,1.38982453063669,1.98534379818204,86,0.2,1,82.7363414067367,23.3390845001998,0.00723469456512529,0.0130663624216258,1.11737109712507,169,4916,1,"2","diploid","female"
"507","0","0","0","0",-0.729580044746399,2948.6787109375,"map_4916_1_3",5,70,300,20,5,2.85337482241681,0.1,7.07200328177604,0.345786808922739,2.38623694925484,3,0.2,1,82.7363414067367,23.3390845001998,0.00148817020150359,9.18785632200227e-05,0.744062991565407,169,4916,1,"3","diploid","female"
"508","0","0","0","0",-0.349183619022369,3019.63403320312,"map_4917_1_1",5,70,300,20,5,3.45937465565746,0.1,15.5780471659135,0.180835634442316,2.96959050147415,23,0.2,1,84.2087694339182,23.3625658022605,0.00604845011447908,0.0289261906614708,0.336575663922119,170,4917,1,"1","diploid","female"
"509","0","0","0","0",-0.349183619022369,3019.63403320312,"map_4917_1_2",5,70,300,20,5,5.07905373514537,0.1,11.0656627407604,0.364192792241651,2.57616615484604,20,0.2,1,84.2087694339182,23.3625658022605,0.00595655483418265,0.0235207688586234,0.675947723000573,170,4917,1,"2","diploid","female"
"510","0","0","0","0",-0.349183619022369,3019.63403320312,"map_4917_1_3",5,70,300,20,5,4.55890830842484,0.1,9.27751976037135,0.128623973458689,3.56033416002521,30,0.2,1,84.2087694339182,23.3625658022605,0.00127356469097541,0.00279246962124602,0.525805362507561,170,4917,1,"3","diploid","female"
"511","0","0","0","0",-0.55238139629364,3122.48559570312,"map_4918_1_1",5,70,300,20,5,3.17321672303812,0.1,10.4853234413482,0.373521484209066,2.82178937130182,12,0.2,1,82.3101799099944,23.3922462765429,0.00547396963210167,0.0144264056722225,0.271799663962488,171,4918,1,"1","diploid","female"
"512","0","0","0","0",-0.55238139629364,3122.48559570312,"map_4918_1_2",5,70,300,20,5,5.18217043190853,0.1,5.32055589748188,1.04810288460985,4.66850682546722,12,0.2,1,82.3101799099944,23.3922462765429,0.00257816367275786,0.00040373371999153,1.05755413892442,171,4918,1,"2","diploid","female"
"513","0","0","0","0",-0.55238139629364,3122.48559570312,"map_4918_1_3",5,70,300,20,5,4.06769778321007,0.1,6.01500863037522,0.474231347713163,3.51023978747484,5,0.2,1,82.3101799099944,23.3922462765429,0.00157171305676814,0.000215799740951998,0.621589053927702,171,4918,1,"3","diploid","female"
"514","0","0","0","0",-0.154239818453789,3135.8623046875,"map_4934_1_1",5,70,300,20,5,5.17445517688686,0.1,14.9873462694878,0.331324512352258,2.33845298252503,9,0.2,1,164.478663504718,22.8543037091379,0.00877561374569337,0.0338586017683329,0.235342041838242,172,4934,1,"1","diploid","female"
"515","0","0","0","0",-0.154239818453789,3135.8623046875,"map_4934_1_2",5,70,300,20,5,8.71096410988522,0.1,9.52151343719637,0.593317041248229,1.06948105019205,9,0.2,1,164.478663504718,22.8543037091379,0.00587134511224944,0.0130687069161472,0.528602114820738,172,4934,1,"2","diploid","female"
"516","0","0","0","0",-0.154239818453789,3135.8623046875,"map_4934_1_3",5,70,300,20,5,4.04351329342917,0.1,9.17353994707343,0.185930412613887,3.33221557231367,5,0.2,1,164.478663504718,22.8543037091379,0.00163107358563972,0.0021728584042994,0.500880821793292,172,4934,1,"3","diploid","female"
"517","0","0","0","0",-0.427926331758499,3234.9345703125,"map_4935_1_1",5,70,300,20,5,0,0.1,17.0599789585927,0.471272586313044,0.990506037956246,11,0.2,1,178.359116386338,22.8346986244683,0.017895513898864,0.0910491611797447,0.248066340149035,173,4935,1,"1","diploid","female"
"518","0","0","0","0",-0.427926331758499,3234.9345703125,"map_4935_1_2",5,70,300,20,5,7.78738901505022,0.1,7.77377137908927,0.440684152772578,3.44870488905127,3,0.2,1,178.359116386338,22.8346986244683,0.0026899645016802,0.00429297852501146,1.43353160556704,173,4935,1,"2","diploid","female"
"519","0","0","0","0",-0.427926331758499,3234.9345703125,"map_4935_1_3",5,70,300,20,5,2.60771900391165,0.1,9.37519702781957,0.454236942096389,1.66008486784032,3,0.2,1,178.359116386338,22.8346986244683,0.00392848718385188,0.00369647018596729,0.292195972683651,173,4935,1,"3","diploid","female"
"520","0","0","0","0",0.0849150642752647,3097.5458984375,"map_4944_1_1",5,70,300,20,5,0,0.1,21.0500180366728,0.141298299975662,1.78842841640773,112,0.2,1,155.459223870819,23.623600788898,0.00662836519210439,0.0378641712810542,0.282438012056502,174,4944,1,"1","diploid","female"
"521","0","0","0","0",0.0849150642752647,3097.5458984375,"map_4944_1_2",5,70,300,20,5,10.3351482845349,0.1,18.221010670282,0.0713659788397028,8.26439682903258,49,0.2,1,155.459223870819,23.623600788898,0.00243285637923665,0.0110519723619689,2.18676204131138,174,4944,1,"2","diploid","female"
"522","0","0","0","0",0.0849150642752647,3097.5458984375,"map_4944_1_3",5,70,300,20,5,4.16964170792371,0.1,7.75711998692072,0.56740248966758,3.48947444694536,167,0.2,1,155.459223870819,23.623600788898,0.0035685400227035,0.0061017673470291,0.656784190838767,174,4944,1,"3","diploid","female"
"523","0","0","0","0",0.192078590393066,3054.80322265625,"map_4945_1_1",5,70,300,20,5,4.77652885605633,0.1,10.7970715356031,0.271837170929294,3.86980759630866,85,0.2,1,87.9562395482364,23.6313385580069,0.00405008534108092,0.0103866660342781,0.220103343537744,175,4945,1,"1","diploid","female"
"524","0","0","0","0",0.192078590393066,3054.80322265625,"map_4945_1_2",5,70,300,20,5,8.85181085177356,0.1,5.48010084976752,0.836835652698955,4.84054241118958,126,0.2,1,87.9562395482364,23.6313385580069,0.00219408540560687,7.22800558912555e-05,0.506289536105795,175,4945,1,"2","diploid","female"
"525","0","0","0","0",0.192078590393066,3054.80322265625,"map_4945_1_3",5,70,300,20,5,4.67016033086269,0.1,6.68903290259417,0.277221306442734,4.09568018203503,83,0.2,1,87.9562395482364,23.6313385580069,0.00127420333818626,0.000679517474712831,0.429035409372886,175,4945,1,"3","diploid","female"
"526","0","0","0","0",0.259244978427887,3002.54150390625,"map_4946_1_1",5,70,300,20,5,0,0.1,10.950432763184,0.273302020053779,4.29259378021821,85,0.2,1,92.794946588155,23.5960301199625,0.00453521077848779,0.0200052815663258,0.253694711385628,176,4946,1,"1","diploid","female"
"527","0","0","0","0",0.259244978427887,3002.54150390625,"map_4946_1_2",5,70,300,20,5,14.6723101880163,0.1,6.8539198443286,0.573542728005873,4.27817426825595,94,0.2,1,92.794946588155,23.5960301199625,0.00304613191819887,0.00472043681134762,0.580367763051153,176,4946,1,"2","diploid","female"
"528","0","0","0","0",0.259244978427887,3002.54150390625,"map_4946_1_3",5,70,300,20,5,2.23365736793908,0.1,7.90388542709929,0.244353303772777,4.52841431118268,82,0.2,1,92.794946588155,23.5960301199625,0.001752556759846,0.0030823920335293,0.442194660331606,176,4946,1,"3","diploid","female"
"529","0","0","0","0",0.67797189950943,2939.53466796875,"map_4947_1_1",5,70,300,20,5,0,0.1,10.3175275147745,0.173745739024998,2.5033019421442,23,0.2,1,87.1906766574644,24.4974916851006,0.00232207788326021,0.00595655235675811,0.254604004723304,177,4947,1,"1","diploid","female"
"530","0","0","0","0",0.67797189950943,2939.53466796875,"map_4947_1_2",5,70,300,20,5,10.2687383835112,0.1,9.79773015562008,0.453214194549,2.85655115935779,8,0.2,1,87.1906766574644,24.4974916851006,0.00404709438281897,0.00170295241397749,0.445221595247606,177,4947,1,"2","diploid","female"
"531","0","0","0","0",0.67797189950943,2939.53466796875,"map_4947_1_3",5,70,300,20,5,4.02536594450654,0.1,9.49539751307568,0.442115551370872,3.75807203160161,13,0.2,1,87.1906766574644,24.4974916851006,0.00510190811987956,0.0133845999100977,0.31221027052888,177,4947,1,"3","diploid","female"
"532","0","0","0","0",-0.727792859077454,2994.02490234375,"map_4961_1_1",5,70,300,20,5,1.46467277489732,0.1,9.21362404835567,0.254898622065456,1.70011215339266,4,0.2,1,19.1097844594539,24.392628582081,0.00265864187606222,0.00801198366493174,0.390852682263017,178,4961,1,"1","diploid","female"
"533","0","0","0","0",-0.727792859077454,2994.02490234375,"map_4961_1_2",5,70,300,20,5,4.4093786249824,0.1,7.07252064273255,0.305235728790333,2.42008257325664,2,0.2,1,19.1097844594539,24.392628582081,0.00159741403202323,0.00104829508210768,0.831137859525029,178,4961,1,"2","diploid","female"
"534","0","0","0","0",-0.727792859077454,2994.02490234375,"map_4961_1_3",5,70,300,20,5,1.8365015645566,0.1,6.78345630112392,0.234584483350389,2.2596418207982,2,0.2,1,19.1097844594539,24.392628582081,0.000915891157291056,4.30348638215369e-06,0.691524328134031,178,4961,1,"3","diploid","female"
"535","0","0","0","0",-0.6367307305336,3034.83447265625,"map_4962_1_1",5,70,300,20,5,2.64307636359459,0.1,7.28856713551644,0.512711827281222,1.70849687085098,16,0.2,1,19.5988100740403,23.5874808525854,0.00246712926210244,0.000905723326960863,0.727660198967165,179,4962,1,"1","diploid","female"
"536","0","0","0","0",-0.6367307305336,3034.83447265625,"map_4962_1_2",5,70,300,20,5,4.25016630872002,0.1,5.61930218785111,1.09580858040353,2.10065632847749,38,0.2,1,19.5988100740403,23.5874808525854,0.00282755217875971,4.52120086728723e-05,1.46447240260715,179,4962,1,"2","diploid","female"
"537","0","0","0","0",-0.6367307305336,3034.83447265625,"map_4962_1_3",5,70,300,20,5,3.90467122973381,0.1,6.95332262664861,0.144837252477008,2.69313802547047,5,0.2,1,19.5988100740403,23.5874808525854,0.000573313800793977,1.62081946215144e-06,0.937560635843505,179,4962,1,"3","diploid","female"
"538","0","0","0","0",-0.322354286909103,3125.50952148438,"map_4964_1_1",5,70,300,20,5,3.44077835859049,0.1,13.2597722437128,0.195881359761113,2.26969282063507,15,0.2,1,43.4534343124624,23.577590589217,0.00332188276818979,0.00388435149930285,0.334188496487141,180,4964,1,"1","diploid","female"
"539","0","0","0","0",-0.322354286909103,3125.50952148438,"map_4964_1_2",5,70,300,20,5,5.95878752769742,0.1,8.14188841765328,0.0985009825466917,4.58771292020577,5,0.2,1,43.4534343124624,23.577590589217,0.000574536701889491,1.94126633512381e-05,0.76036385967589,180,4964,1,"2","diploid","female"
"540","0","0","0","0",-0.322354286909103,3125.50952148438,"map_4964_1_3",5,70,300,20,5,4.20599142317845,0.1,7.83752447986373,0.13645183584999,3.19541894946912,10,0.2,1,43.4534343124624,23.577590589217,0.000750214584313939,6.34630018329177e-05,0.545934872939623,180,4964,1,"3","diploid","female"
"541","0","0","0","0",-0.715540766716003,3084.49853515625,"map_4966_1_1",5,70,300,20,5,2.39709606732553,0.1,10.6828323099716,0.143191647950911,2.5226601589681,14,0.2,1,42.0662547942016,23.3036858329477,0.00189888983497585,0.00540896939530123,0.399556999223008,181,4966,1,"1","diploid","female"
"542","0","0","0","0",-0.715540766716003,3084.49853515625,"map_4966_1_2",5,70,300,20,5,5.75565576788691,0.1,9.565528009898,0.104245186805893,3.51111025956611,6,0.2,1,42.0662547942016,23.3036858329477,0.000867002129338134,0.000381915800666601,0.902525696358691,181,4966,1,"2","diploid","female"
"543","0","0","0","0",-0.715540766716003,3084.49853515625,"map_4966_1_3",5,70,300,20,5,2.76145359620788,0.1,6.70307987641953,0.132979912832478,2.9895057365297,7,0.2,1,42.0662547942016,23.3036858329477,0.00052480349921663,3.5037291803545e-05,0.721761292966331,181,4966,1,"3","diploid","female"
"544","0","0","0","0",-0.658994376659393,3086.6748046875,"map_4967_1_1",5,70,300,20,5,2.88851963032439,0.1,9.48628027880278,0.134629587019608,2.71751220877375,36,0.2,1,38.1413866471611,23.337729865504,0.00133909575630395,0.00244458559686888,0.284971402034481,182,4967,1,"1","diploid","female"
"545","0","0","0","0",-0.658994376659393,3086.6748046875,"map_4967_1_2",5,70,300,20,5,4.48891977978658,0.1,7.72363995106932,0.0846446223454537,4.33130849657743,19,0.2,1,38.1413866471611,23.337729865504,0.000455175036972957,0.000113737428471813,0.717353495505707,182,4967,1,"2","diploid","female"
"546","0","0","0","0",-0.658994376659393,3086.6748046875,"map_4967_1_3",5,70,300,20,5,4.03698242968939,0.1,7.11488006481373,0.12335275883412,3.06885507205834,88,0.2,1,38.1413866471611,23.337729865504,0.000539818607803777,1.80620587291454e-05,0.564373190351221,182,4967,1,"3","diploid","female"
"547","0","0","0","0",-0.460387855768204,3092.982421875,"map_4968_1_1",5,70,300,20,5,3.31885034541805,0.1,9.46939116604247,0.321084775743345,2.70176049687079,6,0.2,1,37.7231903972222,23.3281222207206,0.00319086969361455,0.00478150002715136,0.279687316201991,183,4968,1,"1","diploid","female"
"548","0","0","0","0",-0.460387855768204,3092.982421875,"map_4968_1_2",5,70,300,20,5,5.14274283744664,0.1,7.37974949389883,0.714902820470087,0.870716372072487,4,0.2,1,37.7231903972222,23.3281222207206,0.00328834935410444,8.71685697899579e-05,0.994148224392627,183,4968,1,"2","diploid","female"
"549","0","0","0","0",-0.460387855768204,3092.982421875,"map_4968_1_3",5,70,300,20,5,4.35941054145681,0.1,6.46325196709465,0.41298438250592,3.89728462040889,2,0.2,1,37.7231903972222,23.3281222207206,0.00158281733436922,6.01312513881779e-05,0.818483727111142,183,4968,1,"3","diploid","female"
"550","0","0","0","0",0.186097964644432,3170.97192382812,"map_4970_1_1",5,70,300,20,5,5.65881444092636,0.1,10.0466210611095,0.392337648055137,2.47580912333806,39,0.2,1,51.2912012853496,22.9976761774631,0.00394801754221431,0.00414115909820276,0.271104390509342,184,4970,1,"1","diploid","female"
"551","0","0","0","0",0.186097964644432,3170.97192382812,"map_4970_1_2",5,70,300,20,5,8.31305156966797,0.1,6.95265170724867,0.0110094602508673,4.46691430518425,6,0.2,1,51.2912012853496,22.9976761774631,4.55013307121475e-05,6.88663740443458e-07,2.78907545993278,184,4970,1,"2","diploid","female"
"552","0","0","0","0",0.186097964644432,3170.97192382812,"map_4970_1_3",5,70,300,20,5,5.13760778351609,0.1,8.17597442537438,0.252281763009556,3.45678186055157,42,0.2,1,51.2912012853496,22.9976761774631,0.00148872584621654,0.000366216467865788,0.617796131568882,184,4970,1,"3","diploid","female"
"553","0","0","0","0",-0.76128488779068,3228.33984375,"map_4973_1_1",5,70,300,20,5,1.58156040533987,0.1,10.498291899014,0.261221310394631,1.98547693776384,23,0.2,1,51.5715782171072,22.1246369532969,0.00300707231672533,0.0046796831684918,0.178482745026425,185,4973,1,"1","diploid","female"
"554","0","0","0","0",-0.76128488779068,3228.33984375,"map_4973_1_2",5,70,300,20,5,6.02765480722097,0.1,8.88757194171803,0.152283852256592,1.77790623870156,8,0.2,1,51.5715782171072,22.1246369532969,0.00101692597305698,8.40499268827416e-05,0.577038756940463,185,4973,1,"2","diploid","female"
"555","0","0","0","0",-0.76128488779068,3228.33984375,"map_4973_1_3",5,70,300,20,5,1.18332670200856,0.1,6.77780287915918,0.183323662422532,2.20183994039346,15,0.2,1,51.5715782171072,22.1246369532969,0.000691355867486427,4.09591486048929e-06,0.712643892489911,185,4973,1,"3","diploid","female"
"556","0","0","0","0",-0.639778196811676,2971.75952148438,"map_5021_1_1",5,70,300,20,5,1.89188195675091,0.1,17.289616916205,0.212262806568879,1.45249526696487,77,0.2,1,83.1952216474717,25.2418042754282,0.00735140120143971,0.0315409416266642,0.199279143347746,186,5021,1,"1","diploid","female"
"557","0","0","0","0",-0.639778196811676,2971.75952148438,"map_5021_1_2",5,70,300,20,5,4.57672150744266,0.1,10.4363164146174,0.162482036797369,3.83982846246685,26,0.2,1,83.1952216474717,25.2418042754282,0.00174288571965468,0.00260004330337458,0.718258265954828,186,5021,1,"2","diploid","female"
"558","0","0","0","0",-0.639778196811676,2971.75952148438,"map_5021_1_3",5,70,300,20,5,2.64712652750867,0.1,8.23350899314888,0.190729625479801,2.17078600248662,52,0.2,1,83.1952216474717,25.2418042754282,0.0012830191253931,0.000782341628639742,0.547870759306837,186,5021,1,"3","diploid","female"
"559","0","0","0","0",-0.670611202716827,3044.7939453125,"map_5022_1_1",5,70,300,20,5,0.94691123179238,0.1,22.3322792192584,0.266549317132347,1.22776379899701,15,0.2,1,88.2311807930271,25.1993172249525,0.0146807136071417,0.0619049947315159,0.0966839797740652,187,5022,1,"1","diploid","female"
"560","0","0","0","0",-0.670611202716827,3044.7939453125,"map_5022_1_2",5,70,300,20,5,5.79767619673758,0.1,10.4492318601236,0.110309693947541,4.0006109799306,4,0.2,1,88.2311807930271,25.1993172249525,0.0010966244149187,0.000660987288869655,0.415620808889817,187,5022,1,"2","diploid","female"
"561","0","0","0","0",-0.670611202716827,3044.7939453125,"map_5022_1_3",5,70,300,20,5,1.22427270653068,0.1,9.65670048780024,0.171448526520884,1.97038111577996,7,0.2,1,88.2311807930271,25.1993172249525,0.00172841683496714,0.0023813253021298,0.393793471947534,187,5022,1,"3","diploid","female"
"562","0","0","0","0",-0.437946051359177,3014.42309570312,"map_5037_1_1",5,70,300,20,5,2.85348003988314,0.1,17.7856192944857,0.157782424255023,2.05132224229608,26,0.2,1,75.3992005756923,23.9243808841389,0.00558532621724226,0.0247637245746964,0.233957594075361,188,5037,1,"1","diploid","female"
"563","0","0","0","0",-0.437946051359177,3014.42309570312,"map_5037_1_2",5,70,300,20,5,5.38365909822361,0.1,13.5604622057461,0.0938899400393661,4.09861597942447,15,0.2,1,75.3992005756923,23.9243808841389,0.00181176944297161,0.00252337542383142,0.47553859554157,188,5037,1,"2","diploid","female"
"564","0","0","0","0",-0.437946051359177,3014.42309570312,"map_5037_1_3",5,70,300,20,5,3.53459971925679,0.1,9.87029572329645,0.060359991983137,2.70152834047966,56,0.2,1,75.3992005756923,23.9243808841389,0.000570837151053865,0.000176560076364375,0.579451743070832,188,5037,1,"3","diploid","female"
"565","0","0","0","0",-0.565759062767029,3089.013671875,"map_5038_1_1",5,70,300,20,5,0,0.1,14.3224382400007,0.451088997235883,1.12781529107481,10,0.2,1,181.279300803758,23.8874169490134,0.0100987196558812,0.0279398594791798,0.130564512842818,189,5038,1,"1","diploid","female"
"566","0","0","0","0",-0.565759062767029,3089.013671875,"map_5038_1_2",5,70,300,20,5,19.2660100022704,0.1,15.9199430991199,0.742353493870936,0.723714930540684,6,0.2,1,181.279300803758,23.8874169490134,0.0194872964761398,0.088690834612519,0.12851198478399,189,5038,1,"2","diploid","female"
"567","0","0","0","0",-0.565759062767029,3089.013671875,"map_5038_1_3",5,70,300,20,5,3.36442249324632,0.1,9.40348686187656,0.523288153649578,2.3082036630486,3,0.2,1,181.279300803758,23.8874169490134,0.00470879326217824,0.00560003812316185,0.383887057225044,189,5038,1,"3","diploid","female"
"568","0","0","0","0",-0.577181935310364,3173.5263671875,"map_5039_1_1",5,70,300,20,5,3.89035929258257,0.1,13.3012055905165,0.353147640032117,2.42587079372865,8,0.2,1,176.859892769113,22.810529060406,0.00821775988266614,0.0309594259924409,0.287411070348621,190,5039,1,"1","diploid","female"
"569","0","0","0","0",-0.577181935310364,3173.5263671875,"map_5039_1_2",5,70,300,20,5,6.85802075023566,0.1,8.87156416740342,0.423898254328976,4.6306781201502,3,0.2,1,176.859892769113,22.810529060406,0.00393998837070008,0.00962226495627878,0.64040392819685,190,5039,1,"2","diploid","female"
"570","0","0","0","0",-0.577181935310364,3173.5263671875,"map_5039_1_3",5,70,300,20,5,3.0935109695353,0.1,9.82903928821625,0.380890459703958,2.29791916845801,3,0.2,1,176.859892769113,22.810529060406,0.00326851649003046,0.000840138660906102,0.510898921704521,190,5039,1,"3","diploid","female"
"571","0","0","0","0",-0.0172621458768845,2988.92651367188,"map_5051_1_1",5,70,300,20,5,0,0.1,19.1150748283229,0.125114165292681,1.75533307993468,35,0.2,1,86.6977295511189,24.4793727382605,0.00445496495613559,0.0162207500823034,0.293032755195753,191,5051,1,"1","diploid","female"
"572","0","0","0","0",-0.0172621458768845,2988.92651367188,"map_5051_1_2",5,70,300,20,5,12.7192595415154,0.1,16.6365464493836,0.135701245177573,2.28745513694071,19,0.2,1,86.6977295511189,24.4793727382605,0.00392028669932087,0.0136597324883753,0.46791027758434,191,5051,1,"2","diploid","female"
"573","0","0","0","0",-0.0172621458768845,2988.92651367188,"map_5051_1_3",5,70,300,20,5,1.9169593491989,0.1,12.5109984511012,0.106936220355639,2.7277918194048,59,0.2,1,86.6977295511189,24.4793727382605,0.00191980925482961,0.00519526662897476,0.405921586075015,191,5051,1,"3","diploid","female"
"574","0","0","0","0",0.51125979423523,2947.48779296875,"map_5052_1_1",5,70,300,20,5,0,0.1,16.7988979302493,0.250299694880837,1.7662125536876,113,0.2,1,91.2049187219816,24.4548158140806,0.0078087700208395,0.0338292084528447,0.223323310845429,192,5052,1,"1","diploid","female"
"575","0","0","0","0",0.51125979423523,2947.48779296875,"map_5052_1_2",5,70,300,20,5,9.72050368065123,0.1,8.19369192854331,0.962242693975258,1.06160981655772,174,0.2,1,91.2049187219816,24.4548158140806,0.0056442165528536,0.00312195079853519,0.436017337521076,192,5052,1,"2","diploid","female"
"576","0","0","0","0",0.51125979423523,2947.48779296875,"map_5052_1_3",5,70,300,20,5,1.88736089719765,0.1,12.4258006289321,0.348703609061773,3.15243412621038,122,0.2,1,91.2049187219816,24.4548158140806,0.0062416426601973,0.0203725870587708,0.304424185456703,192,5052,1,"3","diploid","female"
"577","0","0","0","0",-0.41074600815773,3092.7392578125,"map_5069_1_1",5,70,300,20,5,3.41051221900964,0.1,8.83451206441414,0.272300721562763,2.67814208693287,6,0.2,1,39.6267225892837,23.3485678073972,0.00238742173381854,0.00227315715997324,0.380728519617001,193,5069,1,"1","diploid","female"
"578","0","0","0","0",-0.41074600815773,3092.7392578125,"map_5069_1_2",5,70,300,20,5,5.24726369190249,0.1,6.03194901638697,0.584217579946864,3.03923117670192,5,0.2,1,39.6267225892837,23.3485678073972,0.00186182564087874,9.72227181189855e-05,0.993617544332312,193,5069,1,"2","diploid","female"
"579","0","0","0","0",-0.41074600815773,3092.7392578125,"map_5069_1_3",5,70,300,20,5,4.48918172020321,0.1,6.89201489533242,0.243312488210119,3.31039337901887,3,0.2,1,39.6267225892837,23.3485678073972,0.00102117146394234,7.45545518273816e-05,0.598094724712673,193,5069,1,"3","diploid","female"
"580","0","0","0","0",-0.774861752986908,3123.43872070312,"map_5075_1_1",5,70,300,20,5,1.33675096722227,0.1,11.2051764576136,0.249399092438206,1.62933694476789,9,0.2,1,51.7052309825967,22.9796120526387,0.00299357280594607,0.00305046425334004,0.403899730935316,194,5075,1,"1","diploid","female"
"581","0","0","0","0",-0.774861752986908,3123.43872070312,"map_5075_1_2",5,70,300,20,5,5.9911782595439,0.1,9.22948514785234,0.253528153244495,1.31733515120463,5,0.2,1,51.7052309825967,22.9796120526387,0.00186650607594289,0.000220882583277053,1.1491809437094,194,5075,1,"2","diploid","female"
"582","0","0","0","0",-0.774861752986908,3123.43872070312,"map_5075_1_3",5,70,300,20,5,1.39715618613401,0.1,7.05088600446414,0.108792518635575,2.87906107768893,4,0.2,1,51.7052309825967,22.9796120526387,0.000459630354345301,6.17811291550708e-06,0.87328790084833,194,5075,1,"3","diploid","female"
"583","0","0","0","0",-0.489530265331268,3124.4013671875,"map_5076_1_1",5,70,300,20,5,4.14117057361661,0.1,10.2571656177119,0.124915373867596,2.90770420127432,16,0.2,1,51.2674280333757,22.1292513777647,0.00133926176265576,0.00138854008764821,0.373351283474945,195,5076,1,"1","diploid","female"
"584","0","0","0","0",-0.489530265331268,3124.4013671875,"map_5076_1_2",5,70,300,20,5,4.76936433427327,0.1,8.13288725367689,0.206234882604161,2.86346940782744,15,0.2,1,51.2674280333757,22.1292513777647,0.00126944251719889,0.000466509520160246,0.659392262398434,195,5076,1,"2","diploid","female"
"585","0","0","0","0",-0.489530265331268,3124.4013671875,"map_5076_1_3",5,70,300,20,5,5.0268636338122,0.1,7.9119639255456,0.0517843117728636,3.2495030537814,16,0.2,1,51.2674280333757,22.1292513777647,0.000273823346972061,8.67852008135959e-06,0.713128878983614,195,5076,1,"3","diploid","female"
"586","0","0","0","0",-0.4200479388237,3208.18090820312,"map_5079_1_1",5,70,300,20,5,4.85283198826208,0.1,9.37704022252729,0.349988257133683,3.29036662896846,8,0.2,1,83.8034411221248,21.8057246233538,0.00355929944434797,0.00759978739318386,0.219389759326927,196,5079,1,"1","diploid","female"
"587","0","0","0","0",-0.4200479388237,3208.18090820312,"map_5079_1_2",5,70,300,20,5,5.50540986356279,0.1,6.65804799065305,0.443979573169489,3.33562192145133,4,0.2,1,83.8034411221248,21.8057246233538,0.00180431989981587,0.000493058159009303,0.496732764349655,196,5079,1,"2","diploid","female"
"588","0","0","0","0",-0.4200479388237,3208.18090820312,"map_5079_1_3",5,70,300,20,5,4.25171397842214,0.1,6.88493978845754,0.233425203588008,3.326547418526,3,0.2,1,83.8034411221248,21.8057246233538,0.000952207355035492,2.56162121571554e-05,0.499242180832017,196,5079,1,"3","diploid","female"
"589","0","0","0","0",-0.639707684516907,3076.1669921875,"map_5127_1_1",5,70,300,20,5,3.33181745605778,0.1,11.6758505440313,0.184941916388617,2.5806898607723,22,0.2,1,83.0765599032177,23.3152048759418,0.00287704845869736,0.00689550549725171,0.319915642923432,197,5127,1,"1","diploid","female"
"590","0","0","0","0",-0.639707684516907,3076.1669921875,"map_5127_1_2",5,70,300,20,5,8.39314130612732,0.1,8.58664123339077,0.344189720113499,2.68073840724195,16,0.2,1,83.0765599032177,23.3152048759418,0.00235048567055624,0.00113507458080302,0.781779993633747,197,5127,1,"2","diploid","female"
"591","0","0","0","0",-0.639707684516907,3076.1669921875,"map_5127_1_3",5,70,300,20,5,3.46809641013978,0.1,7.23551097605306,0.118295646401695,3.07479312273744,22,0.2,1,83.0765599032177,23.3152048759418,0.000599356165326912,0.000231697191966227,0.536848079949979,197,5127,1,"3","diploid","female"
"592","0","0","0","0",-0.46103110909462,2983.03271484375,"map_5141_1_1",5,70,300,20,5,0,0.1,18.7397581626548,0.210856835959229,1.95136198730144,56,0.2,1,73.8891930239541,23.9236024905149,0.00790510948854989,0.0312470080095754,0.120384304806835,198,5141,1,"1","diploid","female"
"593","0","0","0","0",-0.46103110909462,2983.03271484375,"map_5141_1_2",5,70,300,20,5,9.36643205646649,0.1,11.6924589602128,0.189697237031123,4.00579570528946,41,0.2,1,73.8891930239541,23.9236024905149,0.00252892147343411,0.00410566270032719,0.276846945361193,198,5141,1,"2","diploid","female"
"594","0","0","0","0",-0.46103110909462,2983.03271484375,"map_5141_1_3",5,70,300,20,5,2.86439521867643,0.1,10.585034911022,0.130687152488663,2.74324912479476,53,0.2,1,73.8891930239541,23.9236024905149,0.00135358636503072,0.00114369327879978,0.404443735457093,198,5141,1,"3","diploid","female"
"595","0","0","0","0",-0.657663822174072,3039.6396484375,"map_5142_1_1",5,70,300,20,5,0,0.1,15.9284578117975,0.154029719775078,1.70598058830164,139,0.2,1,173.601941200586,23.9121176441907,0.00580854202364809,0.023353823550813,0.208131399624259,199,5142,1,"1","diploid","female"
"596","0","0","0","0",-0.657663822174072,3039.6396484375,"map_5142_1_2",5,70,300,20,5,16.8542300861485,0.1,14.4560393802426,0.70219295964132,1.26052256490257,193,0.2,1,173.601941200586,23.9121176441907,0.0185454225844226,0.0701061537723892,0.384535535111136,199,5142,1,"2","diploid","female"
"597","0","0","0","0",-0.657663822174072,3039.6396484375,"map_5142_1_3",5,70,300,20,5,3.2584413287029,0.1,8.90539447757938,0.307997734589799,3.61082175718369,142,0.2,1,173.601941200586,23.9121176441907,0.00281862796077489,0.00345562620159099,0.457882793001811,199,5142,1,"3","diploid","female"
"598","0","0","0","0",-0.560474216938019,3107.43798828125,"map_5143_1_1",5,70,300,20,5,0,0.1,13.760234061175,0.184709876173654,2.02979879026276,155,0.2,1,176.086446486438,23.8920679052275,0.0051146842832504,0.022151439834224,0.291215182213969,200,5143,1,"1","diploid","female"
"599","0","0","0","0",-0.560474216938019,3107.43798828125,"map_5143_1_2",5,70,300,20,5,7.16401837753641,0.1,5.92083317757795,0.392872160365934,6.82700969773724,120,0.2,1,176.086446486438,23.8920679052275,0.00128753352435082,0.000377332933710743,2.63189332446278,200,5143,1,"2","diploid","female"
"600","0","0","0","0",-0.560474216938019,3107.43798828125,"map_5143_1_3",5,70,300,20,5,2.9549022967458,0.1,10.7702563911602,0.362572453695906,3.01710694168697,157,0.2,1,176.086446486438,23.8920679052275,0.00389700618914081,0.00102905696437866,0.40200159629226,200,5143,1,"3","diploid","female"
"601","0","0","0","0",-0.672857284545898,3198.90673828125,"map_5144_1_1",5,70,300,20,5,0,0.1,13.135433152558,0.215002241097493,2.08698056423705,107,0.2,1,179.465183923411,23.8889871705014,0.005147180189485,0.0187366373348631,0.231867600459522,201,5144,1,"1","diploid","female"
"602","0","0","0","0",-0.672857284545898,3198.90673828125,"map_5144_1_2",5,70,300,20,5,7.2202947077624,0.1,5.97825076761229,0.149911640630984,4.21493791264656,49,0.2,1,179.465183923411,23.8889871705014,0.000505907762352486,0.000138166820257097,0.780321866866485,201,5144,1,"2","diploid","female"
"603","0","0","0","0",-0.672857284545898,3198.90673828125,"map_5144_1_3",5,70,300,20,5,2.25575818379653,0.1,7.0128963541762,0.242285811642366,2.15512825060295,94,0.2,1,179.465183923411,23.8889871705014,0.00113382745537093,0.00018070494465259,0.758224648077501,201,5144,1,"3","diploid","female"
"604","0","0","0","0",0.217398256063461,3021.82885742188,"map_5154_1_1",5,70,300,20,5,5.31682190938619,0.1,13.6397643046374,0.278525428259383,4.26668865993326,6,0.2,1,91.3417577331644,23.2378721449462,0.00618518978185195,0.0178482805881395,0.203608084667779,202,5154,1,"1","diploid","female"
"605","0","0","0","0",0.217398256063461,3021.82885742188,"map_5154_1_2",5,70,300,20,5,8.05379097454329,0.1,6.8679939024457,0.659183251491286,4.92759351751622,6,0.2,1,91.3417577331644,23.2378721449462,0.00273053482901305,0.000284034552395875,0.562418147483026,202,5154,1,"2","diploid","female"
"606","0","0","0","0",0.217398256063461,3021.82885742188,"map_5154_1_3",5,70,300,20,5,5.15072530169685,0.1,9.12105680941657,0.304601436444921,5.10787896988398,4,0.2,1,91.3417577331644,23.2378721449462,0.00278703580775109,0.00334773115104367,0.352440850195919,202,5154,1,"3","diploid","female"
"607","0","0","0","0",0.577024102210999,2934.13671875,"map_5157_1_1",5,70,300,20,5,4.82952345229401,0.1,10.9816794892545,0.209209246299304,4.36153067603256,63,0.2,1,29.9634407586434,24.1844265488955,0.00326247032121767,0.0104249503376986,0.269652214492077,203,5157,1,"1","diploid","female"
"608","0","0","0","0",0.577024102210999,2934.13671875,"map_5157_1_2",5,70,300,20,5,8.16178658744826,0.1,7.28757474301783,0.176485353227292,6.15128347577543,18,0.2,1,29.9634407586434,24.1844265488955,0.000881499586926667,0.000209392125097628,0.67393925035629,203,5157,1,"2","diploid","female"
"609","0","0","0","0",0.577024102210999,2934.13671875,"map_5157_1_3",5,70,300,20,5,4.5133344194676,0.1,8.94120142829716,0.246718317381857,4.00643507150848,134,0.2,1,29.9634407586434,24.1844265488955,0.00217555235397516,0.00295530667504835,0.353103063559595,203,5157,1,"3","diploid","female"
"610","0","0","0","0",-0.228993922472,3244.01782226562,"map_5182_1_1",5,70,300,20,5,4.50336635843893,0.1,16.6240969354393,0.395226389171668,1.8096870665772,35,0.2,1,87.9958597164217,22.8873912526127,0.0118228139395727,0.0416596919322682,0.145113427753351,204,5182,1,"1","diploid","female"
"611","0","0","0","0",-0.228993922472,3244.01782226562,"map_5182_1_2",5,70,300,20,5,6.97443359406664,0.1,7.7264732490846,0.5106490676966,1.78213194887536,26,0.2,1,87.9958597164217,22.8873912526127,0.00247618555754292,1.83838394188999e-05,0.670485719672592,204,5182,1,"2","diploid","female"
"612","0","0","0","0",-0.228993922472,3244.01782226562,"map_5182_1_3",5,70,300,20,5,3.26910672989352,0.1,8.64256492106065,0.27884698357246,2.31112840951075,154,0.2,1,87.9958597164217,22.8873912526127,0.00189925832940244,0.000395799062945612,0.356704840144487,204,5182,1,"3","diploid","female"
"613","0","0","0","0",-0.451143354177475,3175.51904296875,"map_5183_1_1",5,70,300,20,5,1.6365142120642,0.1,15.2990798846646,0.363136902851752,2.22519289619002,10,0.2,1,85.1721573002711,23.6898529287193,0.00962414543428428,0.0365236368055808,0.180779956326792,205,5183,1,"1","diploid","female"
"614","0","0","0","0",-0.451143354177475,3175.51904296875,"map_5183_1_2",5,70,300,20,5,6.86398041638846,0.1,9.40921779976368,0.420181075122961,3.25744591230971,3,0.2,1,85.1721573002711,23.6898529287193,0.00360080744138009,0.00114384827965966,0.49849246908216,205,5183,1,"2","diploid","female"
"615","0","0","0","0",-0.451143354177475,3175.51904296875,"map_5183_1_3",5,70,300,20,5,1.5700416806504,0.1,7.46159629750225,0.430703943266544,2.95356252077758,4,0.2,1,85.1721573002711,23.6898529287193,0.00236190206179086,0.000617474957638821,0.405830747401098,205,5183,1,"3","diploid","female"
"616","0","0","0","0",-0.840107023715973,3211.080078125,"map_5185_1_1",5,70,300,20,5,2.59852824518264,0.1,14.3914206658199,0.423338045633588,1.5735462000211,12,0.2,1,83.7541790689741,23.6606925421511,0.0113894043970285,0.0473867710417317,0.138734329241091,206,5185,1,"1","diploid","female"
"617","0","0","0","0",-0.840107023715973,3211.080078125,"map_5185_1_2",5,70,300,20,5,4.98959047137817,0.1,6.8450363494159,0.467536690651623,3.37157930971793,3,0.2,1,83.7541790689741,23.6606925421511,0.00200057438378359,0.00010234650380617,0.453161116356813,206,5185,1,"2","diploid","female"
"618","0","0","0","0",-0.840107023715973,3211.080078125,"map_5185_1_3",5,70,300,20,5,2.57985169154341,0.1,5.61647599147969,0.827837860266622,2.0117290982922,4,0.2,1,83.7541790689741,23.6606925421511,0.00229622406972611,0.000146461713818617,0.575854769333768,206,5185,1,"3","diploid","female"
"619","0","0","0","0",-0.876870512962341,3217.41796875,"map_5186_1_1",5,70,300,20,5,0,0.1,15.5875908765376,0.488454729126268,0.878807910274203,62,0.2,1,96.5660256357288,23.6486376142449,0.0141385992378911,0.0587249011199982,0.223843051465524,207,5186,1,"1","diploid","female"
"620","0","0","0","0",-0.876870512962341,3217.41796875,"map_5186_1_2",5,70,300,20,5,7.67291835136319,0.1,8.13903643570317,0.905450784214824,0.48545726917244,32,0.2,1,96.5660256357288,23.6486376142449,0.00513570631716506,0.0005707412115517,0.438877305407561,207,5186,1,"2","diploid","female"
"621","0","0","0","0",-0.876870512962341,3217.41796875,"map_5186_1_3",5,70,300,20,5,1.86455642317012,0.1,7.32746078165114,0.308468049706733,1.97439495964308,130,0.2,1,96.5660256357288,23.6486376142449,0.00149706197278943,0.00010052668557288,0.718990934188544,207,5186,1,"3","diploid","female"
"622","0","0","0","0",-0.812707602977753,3233.08422851562,"map_5187_1_1",5,70,300,20,5,2.74196048880069,0.1,18.5565248743641,0.35494148702127,1.10792356900887,83,0.2,1,97.7750692684389,23.6792561316675,0.014034990494627,0.073941770759234,0.117749377494153,208,5187,1,"1","diploid","female"
"623","0","0","0","0",-0.812707602977753,3233.08422851562,"map_5187_1_2",5,70,300,20,5,5.37313510622868,0.1,9.51517554498197,0.192420889118268,4.02410631622404,22,0.2,1,97.7750692684389,23.6792561316675,0.00156365066574364,0.000772579543426479,0.734859885530962,208,5187,1,"2","diploid","female"
"624","0","0","0","0",-0.812707602977753,3233.08422851562,"map_5187_1_3",5,70,300,20,5,2.40376230672974,0.1,7.54992388215202,0.298402358308176,1.68796318090207,127,0.2,1,97.7750692684389,23.6792561316675,0.00151758279427799,0.000300719890053876,0.436730320467608,208,5187,1,"3","diploid","female"
"625","0","0","0","0",-0.88099879026413,3277.49926757812,"map_5188_1_1",5,70,300,20,5,0,0.1,21.5283168369876,0.451118251630067,0.726561119713532,120,0.2,1,98.2746335691788,23.6213325166755,0.0219935923645973,0.10624903464699,0.0747093788560032,209,5188,1,"1","diploid","female"
"626","0","0","0","0",-0.88099879026413,3277.49926757812,"map_5188_1_2",5,70,300,20,5,0,0.1,7.41542737146697,0.0702636878236584,4.80483414402702,8,0.2,1,98.2746335691788,23.6213325166755,0.000319773417733285,2.68984440264473e-07,0.770921670146301,209,5188,1,"2","diploid","female"
"627","0","0","0","0",-0.88099879026413,3277.49926757812,"map_5188_1_3",5,70,300,20,5,1.38542711648789,0.1,9.08206939420935,0.27864564573505,1.03518241809564,29,0.2,1,98.2746335691788,23.6213325166755,0.00202320934110338,0.000111148908831053,0.486320658910508,209,5188,1,"3","diploid","female"
"628","0","0","0","0",-0.507381677627563,2992.4033203125,"map_5231_1_1",5,70,300,20,5,3.44450626645397,0.1,13.2951141584241,0.203276812870457,2.86047930604149,44,0.2,1,88.3421633520792,23.2947518960186,0.00411922873469208,0.0116441554106001,0.305449943341266,210,5231,1,"1","diploid","female"
"629","0","0","0","0",-0.507381677627563,2992.4033203125,"map_5231_1_2",5,70,300,20,5,7.90597850858191,0.1,13.3655353090906,0.234945444451823,3.532724791904,42,0.2,1,88.3421633520792,23.2947518960186,0.00424538969933594,0.00567734190851836,0.29914211421288,210,5231,1,"2","diploid","female"
"630","0","0","0","0",-0.507381677627563,2992.4033203125,"map_5231_1_3",5,70,300,20,5,3.46291288744193,0.1,9.53364872778378,0.122382789380322,3.35326733255731,36,0.2,1,88.3421633520792,23.2947518960186,0.00111788593554862,0.00115467167900204,0.438982282735402,210,5231,1,"3","diploid","female"
"631","0","0","0","0",-0.592670440673828,2944.7802734375,"map_5245_1_1",5,70,300,20,5,2.40360648819347,0.1,15.7595372446979,0.273998422366597,1.80213566463142,125,0.2,1,76.7143250010734,23.924622073126,0.00861799132397094,0.0364701606854725,0.20009910119513,211,5245,1,"1","diploid","female"
"632","0","0","0","0",-0.592670440673828,2944.7802734375,"map_5245_1_2",5,70,300,20,5,4.20480410275179,0.1,7.61542331378323,0.363848538823309,3.86020320448173,109,0.2,1,76.7143250010734,23.924622073126,0.00207359126955727,0.00201651232070716,0.628415134375765,211,5245,1,"2","diploid","female"
"633","0","0","0","0",-0.592670440673828,2944.7802734375,"map_5245_1_3",5,70,300,20,5,2.86498952885258,0.1,7.49638508333549,0.222933733035677,2.3570543899232,111,0.2,1,76.7143250010734,23.924622073126,0.00108278905129334,0.000134558492275824,0.487498315021845,211,5245,1,"3","diploid","female"
"634","0","0","0","0",-0.594928801059723,2992.01611328125,"map_5246_1_1",5,70,300,20,5,0,0.1,26.0265121278753,0.130416669829842,0.74447282749392,4,0.2,1,182.231781291011,23.8735335680602,0.0087574140873193,0.0508485431259667,0.16275262986736,212,5246,1,"1","diploid","female"
"635","0","0","0","0",-0.594928801059723,2992.01611328125,"map_5246_1_2",5,70,300,20,5,5.81364183351236,0.1,15.2467603884873,0.788758188794984,1.50232770710994,6,0.2,1,182.231781291011,23.8735335680602,0.0250220352433329,0.109393729313305,0.352956126729406,212,5246,1,"2","diploid","female"
"636","0","0","0","0",-0.594928801059723,2992.01611328125,"map_5246_1_3",5,70,300,20,5,2.82582452709494,0.1,8.76786408857625,0.451728487758107,2.39212607637054,2,0.2,1,182.231781291011,23.8735335680602,0.00335830491360152,0.00202089168465197,0.491385548238786,212,5246,1,"3","diploid","female"
"637","0","0","0","0",-0.533792078495026,3049.91015625,"map_5247_1_1",5,70,300,20,5,0,0.1,17.6108163616637,0.379640346767526,1.35358772906081,113,0.2,1,181.957695235446,23.8870454116517,0.0109982024936208,0.0266618877866872,0.101487717255747,213,5247,1,"1","diploid","female"
"638","0","0","0","0",-0.533792078495026,3049.91015625,"map_5247_1_2",5,70,300,20,5,6.72010217343654,0.1,13.2235448230845,0.644778925561747,0.856050763420615,124,0.2,1,181.957695235446,23.8870454116517,0.0104501877594699,0.0152205704662198,0.147120970374754,213,5247,1,"2","diploid","female"
"639","0","0","0","0",-0.533792078495026,3049.91015625,"map_5247_1_3",5,70,300,20,5,3.07370907094688,0.1,10.5343683649586,0.381934000443355,2.4085626411488,106,0.2,1,181.957695235446,23.8870454116517,0.0040239292675102,0.00426273688541289,0.426131469112268,213,5247,1,"3","diploid","female"
"640","0","0","0","0",-0.640262365341187,3120.35522460938,"map_5248_1_1",5,70,300,20,5,0,0.1,15.8368971628615,0.401142908382069,0.694771482826192,68,0.2,1,168.85097452018,23.9259035978603,0.010436058452109,0.0256357472289427,0.164384500688811,214,5248,1,"1","diploid","female"
"641","0","0","0","0",-0.640262365341187,3120.35522460938,"map_5248_1_2",5,70,300,20,5,6.90854252084319,0.1,9.57494310709166,1.00013815638092,0.999578142672728,101,0.2,1,168.85097452018,23.9259035978603,0.00940361454300982,0.00596704769176732,0.430354210667728,214,5248,1,"2","diploid","female"
"642","0","0","0","0",-0.640262365341187,3120.35522460938,"map_5248_1_3",5,70,300,20,5,2.80752246004966,0.1,8.78254965532889,0.26546160457456,1.82889236438996,42,0.2,1,168.85097452018,23.9259035978603,0.00192988946064864,0.00148574903901786,0.55538083607355,214,5248,1,"3","diploid","female"
"643","0","0","0","0",0.358740299940109,3039.40698242188,"map_5258_1_1",5,70,300,20,5,5.93072738687656,0.1,9.56747160336878,0.305539741244172,5.62729874607167,15,0.2,1,91.3251736473007,23.2261558507368,0.00400866721514897,0.0141735094187029,0.279890694988783,215,5258,1,"1","diploid","female"
"644","0","0","0","0",0.358740299940109,3039.40698242188,"map_5258_1_2",5,70,300,20,5,9.09561856555071,0.1,6.69464876859422,0.499975754714337,7.13360289948977,7,0.2,1,91.3251736473007,23.2261558507368,0.00225890669013904,0.0022116174062203,0.549158867659935,215,5258,1,"2","diploid","female"
"645","0","0","0","0",0.358740299940109,3039.40698242188,"map_5258_1_3",5,70,300,20,5,5.53333804468044,0.1,7.8019832066683,0.404544604557993,5.6113346516943,6,0.2,1,91.3251736473007,23.2261558507368,0.00320367138352422,0.00878721516951959,0.402773672029348,215,5258,1,"3","diploid","female"
"646","0","0","0","0",0.261160433292389,2995.96752929688,"map_5259_1_1",5,70,300,20,5,0,0.1,17.9196955924409,0.352760360991449,2.29196765130818,8,0.2,1,90.2075057742604,24.1823178820436,0.0120446056984868,0.0702303052386741,0.14242586819354,216,5259,1,"1","diploid","female"
"647","0","0","0","0",0.261160433292389,2995.96752929688,"map_5259_1_2",5,70,300,20,5,8.63982331187528,0.1,10.8404722948492,0.818197853019348,0.508977483403948,7,0.2,1,90.2075057742604,24.1823178820436,0.00946358709200151,0.0124026543272309,0.244372225286689,216,5259,1,"2","diploid","female"
"648","0","0","0","0",0.261160433292389,2995.96752929688,"map_5259_1_3",5,70,300,20,5,4.24715868868632,0.1,11.8078362621223,0.3347141465597,2.91602873564915,4,0.2,1,90.2075057742604,24.1823178820436,0.00486320576683262,0.00795400392722335,0.308810505257133,216,5259,1,"3","diploid","female"
"649","0","0","0","0",-0.788539409637451,3032.92553710938,"map_5277_1_1",5,70,300,20,5,2.2072580757506,0.1,11.7098350617006,0.322459096248694,1.35741597035181,7,0.2,1,41.2030256768794,24.0630974774873,0.00466788577965435,0.012136174990247,0.276371998874455,217,5277,1,"1","diploid","female"
"650","0","0","0","0",-0.788539409637451,3032.92553710938,"map_5277_1_2",5,70,300,20,5,4.03659457423009,0.1,5.42241466288502,0.617999532504611,3.64180300681642,4,0.2,1,41.2030256768794,24.0630974774873,0.001592603589625,0.000445131937154963,0.796158900122827,217,5277,1,"2","diploid","female"
"651","0","0","0","0",-0.788539409637451,3032.92553710938,"map_5277_1_3",5,70,300,20,5,3.37443310285869,0.1,5.85635462562012,0.448046564079829,2.81826123255812,2,0.2,1,41.2030256768794,24.0630974774873,0.00136806467425806,5.40803110223117e-05,0.602309394772849,217,5277,1,"3","diploid","female"
"652","0","0","0","0",-0.497709333896637,3206.37475585938,"map_5286_1_1",5,70,300,20,5,3.77408755842064,0.1,13.6895100079349,0.371608640522583,2.30807426832662,58,0.2,1,84.0477088313562,22.9283824009225,0.00888468734079462,0.0363871114253311,0.204177304983158,218,5286,1,"1","diploid","female"
"653","0","0","0","0",-0.497709333896637,3206.37475585938,"map_5286_1_2",5,70,300,20,5,5.79019764123176,0.1,6.45574354584896,0.860797103629635,3.9257378980426,24,0.2,1,84.0477088313562,22.9283824009225,0.0031132026307492,0.000399907690090679,0.745822488100907,218,5286,1,"2","diploid","female"
"654","0","0","0","0",-0.497709333896637,3206.37475585938,"map_5286_1_3",5,70,300,20,5,3.44497274751918,0.1,7.56332635047446,0.200235775445572,2.53383900023767,129,0.2,1,84.0477088313562,22.9283824009225,0.00104858699296093,0.000319886397815383,0.541930709628619,218,5286,1,"3","diploid","female"
"655","0","0","0","0",-0.561676561832428,3138.15869140625,"map_5287_1_1",5,70,300,20,5,3.13738975191583,0.1,15.5712938360836,0.227215813193866,2.57921278794728,37,0.2,1,86.7006280097454,23.6278667502757,0.00701740731231665,0.0308009092063664,0.175090098687747,219,5287,1,"1","diploid","female"
"656","0","0","0","0",-0.561676561832428,3138.15869140625,"map_5287_1_2",5,70,300,20,5,5.6613254812212,0.1,10.3386341281385,0.163512523846533,3.61477880689341,13,0.2,1,86.7006280097454,23.6278667502757,0.00165074421639495,0.00154611585435217,0.458409171010199,219,5287,1,"2","diploid","female"
"657","0","0","0","0",-0.561676561832428,3138.15869140625,"map_5287_1_3",5,70,300,20,5,3.60278535305862,0.1,8.59830420663987,0.136719255884656,2.91136020142285,34,0.2,1,86.7006280097454,23.6278667502757,0.000979103257460404,0.000499301982324688,0.501416916410234,219,5287,1,"3","diploid","female"
"658","0","0","0","0",-0.816978991031647,3133.22802734375,"map_5289_1_1",5,70,300,20,5,1.33028028084657,0.1,11.974181517723,0.430469360432249,1.3090795052177,125,0.2,1,84.9750683822505,23.6746124804086,0.00727473092596727,0.02595964359662,0.463246080589516,220,5289,1,"1","diploid","female"
"659","0","0","0","0",-0.816978991031647,3133.22802734375,"map_5289_1_2",5,70,300,20,5,7.32120042652273,0.1,8.96289919734184,0.126506531586719,3.53602971790283,36,0.2,1,84.9750683822505,23.6746124804086,0.000996558643393233,0.0014932789235237,2.26676887603831,220,5289,1,"2","diploid","female"
"660","0","0","0","0",-0.816978991031647,3133.22802734375,"map_5289_1_3",5,70,300,20,5,1.32152396153813,0.1,8.13907548637576,0.139608637623371,2.51564497113942,81,0.2,1,84.9750683822505,23.6746124804086,0.000827444414895835,0.000102293539466239,0.946621025579656,220,5289,1,"3","diploid","female"
"661","0","0","0","0",-0.905277907848358,3130.048828125,"map_5290_1_1",5,70,300,20,5,2.5729466424239,0.1,11.7116151488215,0.419418904879982,1.51309196394386,16,0.2,1,92.2559661073146,23.6723783514164,0.00729426438312071,0.0241803423666055,0.327373870468474,221,5290,1,"1","diploid","female"
"662","0","0","0","0",-0.905277907848358,3130.048828125,"map_5290_1_2",5,70,300,20,5,4.72475675632389,0.1,6.88883525838628,1.15403238142219,1.14250738604083,27,0.2,1,92.2559661073146,23.6723783514164,0.00517128360388693,0.00396612762715038,0.710081710946845,221,5290,1,"2","diploid","female"
"663","0","0","0","0",-0.905277907848358,3130.048828125,"map_5290_1_3",5,70,300,20,5,3.21401111777015,0.1,6.62102663716951,0.417064820023412,2.76171346960679,3,0.2,1,92.2559661073146,23.6723783514164,0.00162651654711118,0.000137969363176967,0.712646032924278,221,5290,1,"3","diploid","female"
"664","0","0","0","0",-0.687353074550629,3159.92553710938,"map_5291_1_1",5,70,300,20,5,3.00295376437404,0.1,19.0889268549105,0.277656375555862,1.89253035413828,110,0.2,1,98.1653257826238,23.6442912170393,0.0110006358534439,0.0485058376973548,0.123860158615437,222,5291,1,"1","diploid","female"
"665","0","0","0","0",-0.687353074550629,3159.92553710938,"map_5291_1_2",5,70,300,20,5,5.58847692778631,0.1,11.7547478357699,0.13478378848482,3.92573731128856,36,0.2,1,98.1653257826238,23.6442912170393,0.00178517937216356,0.00277879463233088,0.496164363360361,222,5291,1,"2","diploid","female"
"666","0","0","0","0",-0.687353074550629,3159.92553710938,"map_5291_1_3",5,70,300,20,5,3.28910646553083,0.1,8.83806363271582,0.167561687524535,2.67667899292769,87,0.2,1,98.1653257826238,23.6442912170393,0.00127041793429988,0.000658029658248875,0.476510994981232,222,5291,1,"3","diploid","female"
"667","0","0","0","0",-0.765075981616974,3204.55224609375,"map_5292_1_1",5,70,300,20,5,0,0.1,17.3383890194814,0.37503671089688,1.05405886778438,17,0.2,1,94.6737266553201,23.6564314065978,0.0125818389463231,0.0522476629978642,0.113140482507302,223,5292,1,"1","diploid","female"
"668","0","0","0","0",-0.765075981616974,3204.55224609375,"map_5292_1_2",5,70,300,20,5,8.19563368912644,0.1,8.95016145394915,0.176034832238154,2.16335101916617,4,0.2,1,94.6737266553201,23.6564314065978,0.00125037410337839,0.000310423294277245,0.644744945369524,223,5292,1,"2","diploid","female"
"669","0","0","0","0",-0.765075981616974,3204.55224609375,"map_5292_1_3",5,70,300,20,5,2.05446273526008,0.1,7.32928503506812,0.240894379881657,1.74925037083603,5,0.2,1,94.6737266553201,23.6564314065978,0.00116350633544999,0.00017818099205462,0.451102727810275,223,5292,1,"3","diploid","female"
"670","0","0","0","0",-0.491004467010498,2835.20678710938,"map_5334_1_1",5,70,300,20,5,0,0.1,12.8028112035202,0.0868839553848674,0.505614641627709,44,0.2,1,32.0937584141065,25.1847796694649,0.00170681584480682,0.00619399007594089,0.429381221397629,224,5334,1,"1","diploid","female"
"671","0","0","0","0",-0.491004467010498,2835.20678710938,"map_5334_1_2",5,70,300,20,5,3.34521784942315,0.1,9.30664363885691,0.472944447084805,1.49318946518182,45,0.2,1,32.0937584141065,25.1847796694649,0.00391105307099685,0.00428167499399502,0.557062529271601,224,5334,1,"2","diploid","female"
"672","0","0","0","0",-0.491004467010498,2835.20678710938,"map_5334_1_3",5,70,300,20,5,1.60557846554513,0.1,7.65993379899144,0.228208632210928,1.19555458581911,34,0.2,1,32.0937584141065,25.1847796694649,0.00127246253945735,0.000249074257751532,0.578524487664507,224,5334,1,"3","diploid","female"
"673","0","0","0","0",-0.484031081199646,2943.03393554688,"map_5335_1_1",5,70,300,20,5,1.30221710922424,0.1,11.3409635023248,0.136244219119438,2.50354123941572,21,0.2,1,32.7796279267714,23.3061453699934,0.00191958065013608,0.00366550739965935,0.34327773176403,225,5335,1,"1","diploid","female"
"674","0","0","0","0",-0.484031081199646,2943.03393554688,"map_5335_1_2",5,70,300,20,5,5.37300334326515,0.1,11.7423986224526,0.100372388342253,3.08183477092534,15,0.2,1,32.7796279267714,23.3061453699934,0.00140894354465642,0.0019877841227664,0.442123927075552,225,5335,1,"2","diploid","female"
"675","0","0","0","0",-0.484031081199646,2943.03393554688,"map_5335_1_3",5,70,300,20,5,1.27004186401682,0.1,7.37951603453116,0.0828731942648692,2.59853179596981,21,0.2,1,32.7796279267714,23.3061453699934,0.00040084498483078,1.50706805562306e-05,0.756258880010483,225,5335,1,"3","diploid","female"
"676","0","0","0","0",-0.567287981510162,3011.931640625,"map_5351_1_1",5,70,300,20,5,2.57219825075736,0.1,14.8929177570319,0.446020211810199,1.58580265654339,164,0.2,1,94.0985503798703,23.9309492121767,0.0125993914978537,0.0451302274115292,0.351902898948784,226,5351,1,"1","diploid","female"
"677","0","0","0","0",-0.567287981510162,3011.931640625,"map_5351_1_2",5,70,300,20,5,4.8505921497156,0.1,6.71808967978582,1.66007867668413,1.96133175921106,7,0.2,1,94.0985503798703,23.9309492121767,0.0068519008330588,0.00303048696946503,0.892965765921338,226,5351,1,"2","diploid","female"
"678","0","0","0","0",-0.567287981510162,3011.931640625,"map_5351_1_3",5,70,300,20,5,3.33150536341795,0.1,9.67846893980578,0.297293268616688,2.6334660213721,125,0.2,1,94.0985503798703,23.9309492121767,0.00249624118978316,0.000993243582027758,0.396585733375803,226,5351,1,"3","diploid","female"
"679","0","0","0","0",-0.692135155200958,3064.44750976562,"map_5352_1_1",5,70,300,20,5,2.4454643947784,0.1,19.6196022168742,0.230736102262551,1.69976956373971,31,0.2,1,97.2476435800723,23.8650283767007,0.00937318923254126,0.0471384861690209,0.244774105640285,227,5352,1,"1","diploid","female"
"680","0","0","0","0",-0.692135155200958,3064.44750976562,"map_5352_1_2",5,70,300,20,5,4.89497825786919,0.1,13.5460529197705,0.781641660405251,0.285371499944553,82,0.2,1,97.2476435800723,23.8650283767007,0.0130708489183541,0.00988146538338952,0.183179092597398,227,5352,1,"2","diploid","female"
"681","0","0","0","0",-0.692135155200958,3064.44750976562,"map_5352_1_3",5,70,300,20,5,3.26004225717446,0.1,8.24740467347537,0.216664823618763,3.13997375090575,10,0.2,1,97.2476435800723,23.8650283767007,0.00140082688580372,0.000754299863076405,0.505155719232542,227,5352,1,"3","diploid","female"
"682","0","0","0","0",-0.669309675693512,3128.16235351562,"map_5353_1_1",5,70,300,20,5,3.44101646639296,0.1,10.2411806749197,0.481049226580492,2.42150354587796,5,0.2,1,97.0698755017151,22.3890180845461,0.00569495347531382,0.00906369651905397,0.38271422668399,228,5353,1,"1","diploid","female"
"683","0","0","0","0",-0.669309675693512,3128.16235351562,"map_5353_1_2",5,70,300,20,5,4.64919371146857,0.1,7.80625538709338,0.929525844408236,1.69360692914467,7,0.2,1,97.0698755017151,22.3890180845461,0.00536671428055583,0.00289978279367275,0.568562884863269,228,5353,1,"2","diploid","female"
"684","0","0","0","0",-0.669309675693512,3128.16235351562,"map_5353_1_3",5,70,300,20,5,4.11545712428003,0.1,7.84917328678631,0.306727824169593,3.40279453832516,2,0.2,1,97.0698755017151,22.3890180845461,0.0016695573949001,6.8046524057151e-05,0.4740206544401,228,5353,1,"3","diploid","female"
"685","0","0","0","0",-0.662699997425079,3211.009765625,"map_5354_1_1",5,70,300,20,5,3.8733421918926,0.1,15.7461367160113,0.352237680595108,1.92191619455128,111,0.2,1,147.574639158788,22.3961808695746,0.00901541049217581,0.0238453425369892,0.134764829326931,229,5354,1,"1","diploid","female"
"686","0","0","0","0",-0.662699997425079,3211.009765625,"map_5354_1_2",5,70,300,20,5,5.89582111018366,0.1,9.74292704154091,0.388068729928044,1.7758447120362,58,0.2,1,147.574639158788,22.3961808695746,0.00321554176121504,0.000547567463549626,0.292122355096945,229,5354,1,"2","diploid","female"
"687","0","0","0","0",-0.662699997425079,3211.009765625,"map_5354_1_3",5,70,300,20,5,2.97774802558032,0.1,9.09897743376831,0.180434617865215,2.74146078455798,75,0.2,1,147.574639158788,22.3961808695746,0.0013419339797976,0.000132036423652808,0.516727527661194,229,5354,1,"3","diploid","female"
"688","0","0","0","0",0.226648986339569,3061.06005859375,"map_5362_1_1",5,70,300,20,5,4.83549454249157,0.1,10.1073355588885,0.131626363883384,4.63483443146095,24,0.2,1,61.3335461267997,23.2075192046984,0.00149108732959486,0.0027555398755077,0.338294865560145,230,5362,1,"1","diploid","female"
"689","0","0","0","0",0.226648986339569,3061.06005859375,"map_5362_1_2",5,70,300,20,5,11.5316485516993,0.1,7.60200431981393,0.0733481076113792,5.90646676142956,12,0.2,1,61.3335461267997,23.2075192046984,0.000389492955425181,7.64057569175776e-05,0.677775827005351,230,5362,1,"2","diploid","female"
"690","0","0","0","0",0.226648986339569,3061.06005859375,"map_5362_1_3",5,70,300,20,5,4.03614136367228,0.1,8.2244196790239,0.106475393367369,4.35184507538183,72,0.2,1,61.3335461267997,23.2075192046984,0.000710927772244905,0.00044237102627927,0.526555136719583,230,5362,1,"3","diploid","female"
"691","0","0","0","0",0.321259260177612,3017.83935546875,"map_5363_1_1",5,70,300,20,5,4.53196857352015,0.1,12.1656395693106,0.182251597191582,3.64181408698416,38,0.2,1,63.4322063344658,24.1762295364938,0.00308560523003581,0.0103396478309387,0.276366075458397,231,5363,1,"1","diploid","female"
"692","0","0","0","0",0.321259260177612,3017.83935546875,"map_5363_1_2",5,70,300,20,5,8.70762562627048,0.1,7.98886337782236,0.249680159990443,5.50877775340724,21,0.2,1,63.4322063344658,24.1762295364938,0.00134812354043115,9.71295844957811e-05,0.776755176394437,231,5363,1,"2","diploid","female"
"693","0","0","0","0",0.321259260177612,3017.83935546875,"map_5363_1_3",5,70,300,20,5,4.76188851446621,0.1,10.3309408073533,0.178571133973524,3.81575706608278,69,0.2,1,63.4322063344658,24.1762295364938,0.00186925492977565,0.00209068942066827,0.410669226026215,231,5363,1,"3","diploid","female"
"694","0","0","0","0",-0.442198544740677,3168.13354492188,"map_5390_1_1",5,70,300,20,5,1.97782576942547,0.1,11.9759190891592,0.289295349547684,2.84313885183484,26,0.2,1,85.5584517396566,22.8941727603393,0.00530380821374305,0.0213439051972633,0.33179692595955,232,5390,1,"1","diploid","female"
"695","0","0","0","0",-0.442198544740677,3168.13354492188,"map_5390_1_2",5,70,300,20,5,8.98037042066018,0.1,6.90797132617406,0.690010637889554,3.18846860678753,28,0.2,1,85.5584517396566,22.8941727603393,0.00302940564960262,0.00276109936765816,1.04391033321971,232,5390,1,"2","diploid","female"
"696","0","0","0","0",-0.442198544740677,3168.13354492188,"map_5390_1_3",5,70,300,20,5,1.610447903662,0.1,7.76770195098404,0.186792313943233,3.08074562852972,12,0.2,1,85.5584517396566,22.8941727603393,0.00109175143406322,0.000381478226826067,0.464611143579582,232,5390,1,"3","diploid","female"
"697","0","0","0","0",-0.834142029285431,3065.69067382812,"map_5394_1_1",5,70,300,20,5,1.37045118770341,0.1,11.3162770638265,0.429652009949401,1.71862679080912,16,0.2,1,97.0227001513358,23.6375730607465,0.00738730796398549,0.0280094433832009,0.385733706684338,233,5394,1,"1","diploid","female"
"698","0","0","0","0",-0.834142029285431,3065.69067382812,"map_5394_1_2",5,70,300,20,5,7.19451788496013,0.1,7.58025912299792,0.935744835763318,1.44497947263441,19,0.2,1,97.0227001513358,23.6375730607465,0.00652273815169713,0.0221998080771302,0.938457524883287,233,5394,1,"2","diploid","female"
"699","0","0","0","0",-0.834142029285431,3065.69067382812,"map_5394_1_3",5,70,300,20,5,1.45648671560281,0.1,5.62879819101667,0.70035833529452,3.06419747059037,3,0.2,1,97.0227001513358,23.6375730607465,0.00193732461198284,0.000263967788303758,0.841743070938173,233,5394,1,"3","diploid","female"
"700","0","0","0","0",0.296198606491089,3006.4482421875,"map_5401_1_1",5,70,300,20,5,5.36253454449029,0.1,11.0089084720873,0.315308930481168,3.10788928959403,11,0.2,1,67.8550050329924,23.613928512455,0.0039777240620329,0.00820972862593662,0.320594086994515,234,5401,1,"1","diploid","female"
"701","0","0","0","0",0.296198606491089,3006.4482421875,"map_5401_1_2",5,70,300,20,5,8.23682253457816,0.1,6.78002175982541,0.0946445778584797,5.32845136706571,4,0.2,1,67.8550050329924,23.613928512455,0.000431123842534193,0.000345146758509163,1.9332549912745,234,5401,1,"2","diploid","female"
"702","0","0","0","0",0.296198606491089,3006.4482421875,"map_5401_1_3",5,70,300,20,5,5.20201271523148,0.1,9.75562625157389,0.246047628876672,4.05578648096899,9,0.2,1,67.8550050329924,23.613928512455,0.00242791465665511,0.00374821129639357,0.440356315045019,234,5401,1,"3","diploid","female"
"703","0","0","0","0",-0.579273283481598,3071.58935546875,"map_5441_1_1",5,70,300,20,5,2.24955706883933,0.1,14.3165736000692,0.42632695690167,1.35262373138852,15,0.2,1,80.5005575588771,24.9774303178587,0.0107757942572263,0.0340768127729998,0.261212109237022,235,5441,1,"1","diploid","female"
"704","0","0","0","0",-0.579273283481598,3071.58935546875,"map_5441_1_2",5,70,300,20,5,5.65992615177655,0.1,11.9121227561989,0.492388524731722,0.953215801087928,5,0.2,1,80.5005575588771,24.9774303178587,0.0060809573376328,0.000291513456642701,0.270526806513382,235,5441,1,"2","diploid","female"
"705","0","0","0","0",-0.579273283481598,3071.58935546875,"map_5441_1_3",5,70,300,20,5,3.00217449876686,0.1,8.25350655013835,0.478990940929051,1.95257822071676,6,0.2,1,80.5005575588771,24.9774303178587,0.00314523390874279,0.00247397064677011,0.507576745288498,235,5441,1,"3","diploid","female"
"706","0","0","0","0",-0.513742566108704,2973.08056640625,"map_5455_1_1",5,70,300,20,5,2.37323047792229,0.1,15.5047566053202,0.161070951794862,2.35424505478075,69,0.2,1,94.6351632406545,24.4803823950547,0.00479465706578368,0.0208628337874076,0.154068824631276,236,5455,1,"1","diploid","female"
"707","0","0","0","0",-0.513742566108704,2973.08056640625,"map_5455_1_2",5,70,300,20,5,4.82894452696237,0.1,9.52651127029692,0.0854856157802724,4.95146635225487,21,0.2,1,94.6351632406545,24.4803823950547,0.000853100692019435,0.00126086166865007,0.404695133213253,236,5455,1,"2","diploid","female"
"708","0","0","0","0",-0.513742566108704,2973.08056640625,"map_5455_1_3",5,70,300,20,5,2.93811966350646,0.1,8.52327682467386,0.180002069355941,2.79148200636272,70,0.2,1,94.6351632406545,24.4803823950547,0.00136669935994684,0.00136878482174568,0.37872051129682,236,5455,1,"3","diploid","female"
"709","0","0","0","0",-0.703641295433044,3021.51318359375,"map_5456_1_1",5,70,300,20,5,2.35991457275122,0.1,9.73931981550149,0.643937810454454,1.65955477187822,12,0.2,1,92.8270101293773,23.9437959586531,0.0080394603178165,0.0287336244757402,0.672735799354453,237,5456,1,"1","diploid","female"
"710","0","0","0","0",-0.703641295433044,3021.51318359375,"map_5456_1_2",5,70,300,20,5,4.52346573924867,0.1,14.1476885966711,0.733605598119004,0.321570348797955,6,0.2,1,92.8270101293773,23.9437959586531,0.0135662494926017,0.0290898518700531,0.153877079057628,237,5456,1,"2","diploid","female"
"711","0","0","0","0",-0.703641295433044,3021.51318359375,"map_5456_1_3",5,70,300,20,5,3.18380788044311,0.1,7.26932353566945,0.501703074043419,2.41032823463456,3,0.2,1,92.8270101293773,23.9437959586531,0.00233835739479061,0.000381751004506164,0.77052012734454,237,5456,1,"3","diploid","female"
"712","0","0","0","0",-0.699574947357178,3067.98217773438,"map_5457_1_1",5,70,300,20,5,3.2922506940267,0.1,10.8409386206581,0.221593615649038,2.93781680763866,49,0.2,1,98.7572018537807,22.4098644771977,0.00280033544293436,0.00709866175582557,0.502965776460722,238,5457,1,"1","diploid","female"
"713","0","0","0","0",-0.699574947357178,3067.98217773438,"map_5457_1_2",5,70,300,20,5,4.22402049921136,0.1,7.47616431743924,1.11365772544829,0.919518707506605,17,0.2,1,98.7572018537807,22.4098644771977,0.00615910191621299,0.00837562314407104,0.611424107859173,238,5457,1,"2","diploid","female"
"714","0","0","0","0",-0.699574947357178,3067.98217773438,"map_5457_1_3",5,70,300,20,5,4.31718358879219,0.1,6.86719419691678,0.12256041468076,3.31589407013631,108,0.2,1,98.7572018537807,22.4098644771977,0.000526150173502945,0.000153044565512726,1.00709503656186,238,5457,1,"3","diploid","female"
"715","0","0","0","0",-0.807107090950012,3125.19213867188,"map_5458_1_1",5,70,300,20,5,3.48897453900128,0.1,15.690749375187,0.262008673806933,2.96828484087393,60,0.2,1,145.199932044527,22.3515242567094,0.00698430714908074,0.0195496773470112,0.284711531195535,239,5458,1,"1","diploid","female"
"716","0","0","0","0",-0.807107090950012,3125.19213867188,"map_5458_1_2",5,70,300,20,5,5.03090489949167,0.1,12.01749214977,0.779062572143966,0.360407626541304,75,0.2,1,145.199932044527,22.3515242567094,0.0111246121640943,0.0125269489090198,0.205974447755497,239,5458,1,"2","diploid","female"
"717","0","0","0","0",-0.807107090950012,3125.19213867188,"map_5458_1_3",5,70,300,20,5,3.57913294203369,0.1,6.96071864122698,0.200976494220238,3.39299856035323,55,0.2,1,145.199932044527,22.3515242567094,0.000962875155040661,0.000188022645437561,0.578619178508149,239,5458,1,"3","diploid","female"
"718","0","0","0","0",-0.746030867099762,3189.29833984375,"map_5459_1_1",5,70,300,20,5,0,0.1,14.9710030913374,0.34150919574025,2.35242697747031,87,0.2,1,144.953540168331,22.398496570566,0.00852275574727442,0.0314769217469813,0.24082388848953,240,5459,1,"1","diploid","female"
"719","0","0","0","0",-0.746030867099762,3189.29833984375,"map_5459_1_2",5,70,300,20,5,13.2807205747458,0.1,6.96385533660137,0.276369810653821,4.56970228296004,52,0.2,1,144.953540168331,22.398496570566,0.00140673280480574,0.00183503599335795,0.600200241097035,240,5459,1,"2","diploid","female"
"720","0","0","0","0",-0.746030867099762,3189.29833984375,"map_5459_1_3",5,70,300,20,5,3.21244414615451,0.1,6.41336025183196,0.270041792998269,3.16718014494704,156,0.2,1,144.953540168331,22.398496570566,0.000981954244324314,7.04808683143178e-05,0.565321474271201,240,5459,1,"3","diploid","female"
"721","0","0","0","0",-0.257853657007217,3075.72509765625,"map_5496_1_1",5,70,300,20,5,3.12091742602622,0.1,11.8474618106159,0.357479108938195,2.15448461917493,86,0.2,1,72.8291223880857,23.6470296365478,0.00533594438720145,0.0101922035163691,0.427059196256297,241,5496,1,"1","diploid","female"
"722","0","0","0","0",-0.257853657007217,3075.72509765625,"map_5496_1_2",5,70,300,20,5,8.15060455322513,0.1,8.23920011411778,0.491422903685095,2.19839845757679,52,0.2,1,72.8291223880857,23.6470296365478,0.00286739615802912,0.000585132579000097,1.33624322690472,241,5496,1,"2","diploid","female"
"723","0","0","0","0",-0.257853657007217,3075.72509765625,"map_5496_1_3",5,70,300,20,5,2.92091180888541,0.1,8.57823347334837,0.208638638370684,3.78292300456273,124,0.2,1,72.8291223880857,23.6470296365478,0.00141550982143214,0.000356408635157781,0.753718915998645,241,5496,1,"3","diploid","female"
"724","0","0","0","0",-0.608374118804932,2993.90649414062,"map_5545_1_1",5,70,300,20,5,0,0.1,17.479532767594,0.334285323871687,1.12143906848384,13,0.2,1,88.3542554085437,24.9162858937666,0.0114757916112111,0.0466240168249708,0.173022023916798,242,5545,1,"1","diploid","female"
"725","0","0","0","0",-0.608374118804932,2993.90649414062,"map_5545_1_2",5,70,300,20,5,8.53141901638672,0.1,10.2656588256656,0.735253518350027,0.775959835274534,12,0.2,1,88.3542554085437,24.9162858937666,0.00829691399160738,0.0238753825868906,0.650904242097957,242,5545,1,"2","diploid","female"
"726","0","0","0","0",-0.608374118804932,2993.90649414062,"map_5545_1_3",5,70,300,20,5,1.42903488020035,0.1,10.1381212023638,0.227001522065557,2.09174027410559,5,0.2,1,88.3542554085437,24.9162858937666,0.00229540597972606,0.00251351726906461,0.489526618800298,242,5545,1,"3","diploid","female"
"727","0","0","0","0",-0.585331320762634,3105.60229492188,"map_5546_1_1",5,70,300,20,5,2.91579225038618,0.1,16.7950625689269,0.209935978922633,1.7247050408706,9,0.2,1,84.0343518463084,23.6856004410804,0.00629560158233578,0.0208881143424947,0.197069293265519,243,5546,1,"1","diploid","female"
"728","0","0","0","0",-0.585331320762634,3105.60229492188,"map_5546_1_2",5,70,300,20,5,5.29615701852443,0.1,10.7240857502213,0.102595218439238,3.62051701773848,4,0.2,1,84.0343518463084,23.6856004410804,0.00122813381726751,0.0011811450647793,0.495120766272107,243,5546,1,"2","diploid","female"
"729","0","0","0","0",-0.585331320762634,3105.60229492188,"map_5546_1_3",5,70,300,20,5,3.7302534642529,0.1,8.78222126780348,0.0952216038030126,2.7243250416965,5,0.2,1,84.0343518463084,23.6856004410804,0.000675530876607547,0.000124855787562881,0.555855877595723,243,5546,1,"3","diploid","female"
"730","0","0","0","0",-0.702405691146851,3129.666015625,"map_5550_1_1",5,70,300,20,5,0,0.1,21.6227322694111,0.201282326069349,2.73933571668555,76,0.2,1,212.553865559473,23.5068410645292,0.0124457721224567,0.063842204480934,0.152957308764013,244,5550,1,"1","diploid","female"
"731","0","0","0","0",-0.702405691146851,3129.666015625,"map_5550_1_2",5,70,300,20,5,17.8267971725198,0.1,23.9713221310925,0.269264224413842,5.3871830393915,72,0.2,1,212.553865559473,23.5068410645292,0.0175163405239945,0.119452710781792,0.22648628828726,244,5550,1,"2","diploid","female"
"732","0","0","0","0",-0.702405691146851,3129.666015625,"map_5550_1_3",5,70,300,20,5,3.17640807293012,0.1,10.9021186211991,0.243104012753548,3.35944817118821,75,0.2,1,212.553865559473,23.5068410645292,0.00346437600508756,0.00911107931093558,0.351316145990193,244,5550,1,"3","diploid","female"
"733","0","0","0","0",-0.604670166969299,2982.10668945312,"map_5560_1_1",5,70,300,20,5,2.24898332377912,0.1,20.2602608604382,0.308884753792772,1.36442511464365,70,0.2,1,94.2471126321938,24.4429653017756,0.014127302642377,0.0752712103860067,0.103041783581415,245,5560,1,"1","diploid","female"
"734","0","0","0","0",-0.604670166969299,2982.10668945312,"map_5560_1_2",5,70,300,20,5,4.64361833878804,0.1,20.0401590348102,0.371883568268059,2.09328055679351,46,0.2,1,94.2471126321938,24.4429653017756,0.0151820344934671,0.0670894202643824,0.245874721567597,245,5560,1,"2","diploid","female"
"735","0","0","0","0",-0.604670166969299,2982.10668945312,"map_5560_1_3",5,70,300,20,5,2.88566984729124,0.1,9.21686858334598,0.245713600064237,2.3294709211264,19,0.2,1,94.2471126321938,24.4429653017756,0.00206726772223557,0.0021051818613485,0.348168957704971,245,5560,1,"3","diploid","female"
"736","0","0","0","0",-0.609092891216278,3022.51586914062,"map_5561_1_1",5,70,300,20,5,0,0.1,12.8737202288019,0.180898893202728,2.5587859308789,53,0.2,1,98.8707169884463,24.1941304034701,0.00425556360940792,0.0168906937195396,0.270798698115744,246,5561,1,"1","diploid","female"
"737","0","0","0","0",-0.609092891216278,3022.51586914062,"map_5561_1_2",5,70,300,20,5,11.3189983500273,0.1,6.97770157498077,0.120085123961375,4.23143446554163,45,0.2,1,98.8707169884463,24.1941304034701,0.000570410610619761,0.000197189755318982,0.884038567945393,246,5561,1,"2","diploid","female"
"738","0","0","0","0",-0.609092891216278,3022.51586914062,"map_5561_1_3",5,70,300,20,5,1.77735483411058,0.1,6.91291267589261,0.216565049192057,2.92714639156509,47,0.2,1,98.8707169884463,24.1941304034701,0.000974660795258535,0.000299438581232458,0.572696383205992,246,5561,1,"3","diploid","female"
"739","0","0","0","0",-0.798336088657379,3062.111328125,"map_5562_1_1",5,70,300,20,5,0,0.1,23.6217083731035,0.151164550610372,1.54719200749177,10,0.2,1,144.431591499683,24.1767618084271,0.00998004596300726,0.0573817232841681,0.216310465615179,247,5562,1,"1","diploid","female"
"740","0","0","0","0",-0.798336088657379,3062.111328125,"map_5562_1_2",5,70,300,20,5,12.6059664590819,0.1,7.90391361215685,0.840058552017516,2.75920371608204,25,0.2,1,144.431591499683,24.1767618084271,0.00679905988474316,0.0239643147226305,0.868497623798028,247,5562,1,"2","diploid","female"
"741","0","0","0","0",-0.798336088657379,3062.111328125,"map_5562_1_3",5,70,300,20,5,1.8084843968896,0.1,8.61309468645623,0.1898219938272,2.09169890539949,6,0.2,1,144.431591499683,24.1767618084271,0.00140251578861724,0.00221598583187343,0.580443332451464,247,5562,1,"3","diploid","female"
"742","0","0","0","0",-0.720260322093964,3110.47631835938,"map_5563_1_1",5,70,300,20,5,0,0.1,22.5005674418601,0.234572748621514,1.64211731500108,153,0.2,1,144.670630955617,24.2288906352993,0.0137698018331079,0.0724486065331768,0.132112325055754,248,5563,1,"1","diploid","female"
"743","0","0","0","0",-0.720260322093964,3110.47631835938,"map_5563_1_2",5,70,300,20,5,14.8153106589737,0.1,9.27742085318612,0.319506709882327,6.32215857239191,81,0.2,1,144.670630955617,24.2288906352993,0.00383427220634041,0.0136048148863921,0.389296719920858,248,5563,1,"2","diploid","female"
"744","0","0","0","0",-0.720260322093964,3110.47631835938,"map_5563_1_3",5,70,300,20,5,2.82258211911758,0.1,7.98411075942233,0.328722743906972,3.03588365781034,138,0.2,1,144.670630955617,24.2288906352993,0.00232647652964911,0.00248319998093204,0.381206187680567,248,5563,1,"3","diploid","female"
"745","0","0","0","0",-0.530690550804138,3191.32666015625,"map_5564_1_1",5,70,300,20,5,0,0.1,14.6061350913377,0.662071418370107,1.51703409157407,123,0.2,1,146.077090114454,23.6095384551309,0.0189043012579174,0.071977387954478,0.312021463189073,249,5564,1,"1","diploid","female"
"746","0","0","0","0",-0.530690550804138,3191.32666015625,"map_5564_1_2",5,70,300,20,5,0,0.1,8.78129194944013,0.0408494125459005,4.56522424057721,47,0.2,1,146.077090114454,23.6095384551309,0.000303093718789315,0.000177205003488095,2.55047478929203,249,5564,1,"2","diploid","female"
"747","0","0","0","0",-0.530690550804138,3191.32666015625,"map_5564_1_3",5,70,300,20,5,2.84612106968861,0.1,7.01391311346414,0.841914481095288,2.23439656815554,81,0.2,1,146.077090114454,23.6095384551309,0.00390029946578529,0.00215280894936453,0.741495836554077,249,5564,1,"3","diploid","female"
"748","0","0","0","0",-0.550361812114716,3219.63818359375,"map_5565_1_1",5,70,300,20,5,3.24316484726428,0.1,18.6853372092316,0.326961768327905,1.9726259812343,103,0.2,1,119.989790482378,23.6262029212707,0.0139745892168214,0.0660423285033989,0.144206200066757,250,5565,1,"1","diploid","female"
"749","0","0","0","0",-0.550361812114716,3219.63818359375,"map_5565_1_2",5,70,300,20,5,6.5108336163736,0.1,6.29959622920655,0.142304902824013,4.76211464554002,17,0.2,1,119.989790482378,23.6262029212707,0.000511071842563036,0.00011398194295298,0.761359585608865,250,5565,1,"2","diploid","female"
"750","0","0","0","0",-0.550361812114716,3219.63818359375,"map_5565_1_3",5,70,300,20,5,2.69557804267114,0.1,6.867554248574,0.295109736710012,2.16457159302522,82,0.2,1,119.989790482378,23.6262029212707,0.00132733713239328,0.000530302634994938,0.490228715915095,250,5565,1,"3","diploid","female"
"751","0","0","0","0",-0.580001294612885,3143.38720703125,"map_5566_1_1",5,70,300,20,5,0,0.1,13.2635753146867,0.547890874090634,1.8197743266594,13,0.2,1,120.76744419871,23.5886689161805,0.0130054244164726,0.0591259159008263,0.329761208797264,251,5566,1,"1","diploid","female"
"752","0","0","0","0",-0.580001294612885,3143.38720703125,"map_5566_1_2",5,70,300,20,5,11.5475777078737,0.1,6.35523111623853,0.712607826281317,3.41062558192458,5,0.2,1,120.76744419871,23.5886689161805,0.00273082896249255,0.00117818338259682,1.70438338327813,251,5566,1,"2","diploid","female"
"753","0","0","0","0",-0.580001294612885,3143.38720703125,"map_5566_1_3",5,70,300,20,5,2.97340234689879,0.1,7.56564945680194,0.551340438323035,2.46938740380221,3,0.2,1,120.76744419871,23.5886689161805,0.00292265048768787,0.00122110210209854,0.592923622176165,251,5566,1,"3","diploid","female"
"754","0","0","0","0",-0.558310508728027,3084.20166015625,"map_5567_1_1",5,70,300,20,5,3.16526964955254,0.1,18.8423082968515,0.287901431779936,1.90804199774382,58,0.2,1,120.514190059168,23.6114229453626,0.0106784519580545,0.0495328805692556,0.14434579102299,252,5567,1,"1","diploid","female"
"755","0","0","0","0",-0.558310508728027,3084.20166015625,"map_5567_1_2",5,70,300,20,5,5.74688180280917,0.1,15.3421171556366,0.19485010341946,3.75015067977204,54,0.2,1,120.514190059168,23.6114229453626,0.00472306019881064,0.01456264821463,0.345293631094832,252,5567,1,"2","diploid","female"
"756","0","0","0","0",-0.558310508728027,3084.20166015625,"map_5567_1_3",5,70,300,20,5,3.72517663801018,0.1,9.5859138235072,0.175658085975123,3.29076590016415,160,0.2,1,120.514190059168,23.6114229453626,0.0016853673010727,0.00194388481282526,0.378347872412751,252,5567,1,"3","diploid","female"
"757","0","0","0","0",-0.937974452972412,2991.00439453125,"map_5570_1_1",5,70,300,20,5,1.83873388286281,0.1,17.2550623505508,0.189323756255608,1.69885191324056,94,0.2,1,66.4797118098237,24.4052268764373,0.00628179441222966,0.0242796830062494,0.186086860771411,253,5570,1,"1","diploid","female"
"758","0","0","0","0",-0.937974452972412,2991.00439453125,"map_5570_1_2",5,70,300,20,5,3.71366164208767,0.1,10.7697035120143,0.0963827264302065,3.93401794585097,36,0.2,1,66.4797118098237,24.4052268764373,0.00123346102799581,0.00372669879624633,0.595049193079015,253,5570,1,"2","diploid","female"
"759","0","0","0","0",-0.937974452972412,2991.00439453125,"map_5570_1_3",5,70,300,20,5,2.68566894633347,0.1,7.43415848780429,0.159794645836772,2.25889216992592,90,0.2,1,66.4797118098237,24.4052268764373,0.00076417041111935,0.000106508578902286,0.585567324657338,253,5570,1,"3","diploid","female"
"760","0","0","0","0",-0.830215573310852,2966.68774414062,"map_5592_1_1",5,70,300,20,5,1.86867256710782,0.1,13.7944437743278,0.163511045818609,1.57906916781809,18,0.2,1,15.5206823371957,24.5026309696675,0.0036719146186985,0.0102569383621263,0.219574885763324,254,5592,1,"1","diploid","female"
"761","0","0","0","0",-0.830215573310852,2966.68774414062,"map_5592_1_2",5,70,300,20,5,3.5244804065678,0.1,8.16526947188724,0.134668734012538,2.95819777204279,9,0.2,1,15.5206823371957,24.5026309696675,0.000918434687175775,0.0015068288122791,0.707750739246187,254,5592,1,"2","diploid","female"
"762","0","0","0","0",-0.830215573310852,2966.68774414062,"map_5592_1_3",5,70,300,20,5,2.81988142665206,0.1,7.05970950862762,0.111949488108764,2.12308423718341,12,0.2,1,15.5206823371957,24.5026309696675,0.000489396861304529,1.1132764094826e-05,0.645504516972505,254,5592,1,"3","diploid","female"
"763","0","0","0","0",-0.0571692623198032,3001.42504882812,"map_5593_1_1",5,70,300,20,5,1.26928338173603,0.1,14.3852926943268,0.174162404153709,2.24940410493229,45,0.2,1,14.8422062275838,24.5282769385894,0.0035595948917027,0.00607134814554975,0.318046985987101,255,5593,1,"1","diploid","female"
"764","0","0","0","0",-0.0571692623198032,3001.42504882812,"map_5593_1_2",5,70,300,20,5,7.22373206494081,0.1,8.28469234767969,0.0459788012827217,4.34361574895314,20,0.2,1,14.8422062275838,24.5282769385894,0.000265977230060285,7.80224015146256e-06,2.35706481959673,255,5593,1,"2","diploid","female"
"765","0","0","0","0",-0.0571692623198032,3001.42504882812,"map_5593_1_3",5,70,300,20,5,1.26321426256775,0.1,9.39277042624913,0.16500365985694,3.10722020984603,153,0.2,1,14.8422062275838,24.5282769385894,0.00138512080534908,0.000555178286488449,0.873048745949727,255,5593,1,"3","diploid","female"
"766","0","0","0","0",-0.298453807830811,3145.67211914062,"map_5606_1_1",5,70,300,20,5,3.00259768853558,0.1,11.5925303337572,0.30620507390526,2.21276730788726,8,0.2,1,82.3848905412858,24.0723762366463,0.00543101216303481,0.023027370658782,0.254164614174795,256,5606,1,"1","diploid","female"
"767","0","0","0","0",-0.298453807830811,3145.67211914062,"map_5606_1_2",5,70,300,20,5,9.65430575665937,0.1,6.79328532718997,0.319869772508373,5.47370219686657,3,0.2,1,82.3848905412858,24.0723762366463,0.00129109763675914,4.88472156513287e-05,0.626168569937847,256,5606,1,"2","diploid","female"
"768","0","0","0","0",-0.298453807830811,3145.67211914062,"map_5606_1_3",5,70,300,20,5,2.26322594717634,0.1,7.71755736231986,0.335201188641247,2.78669066077477,4,0.2,1,82.3848905412858,24.0723762366463,0.00186742921483004,0.000495810861520089,0.381591181033558,256,5606,1,"3","diploid","female"
"769","0","0","0","0",0.125896453857422,3059.69067382812,"map_5609_1_1",5,70,300,20,5,4.75033067054266,0.1,6.75022001155302,0.352714531623953,4.60230839505628,6,0.2,1,43.0458985741352,23.5988696122618,0.00185049664483756,0.00314347798799723,0.511501946474487,257,5609,1,"1","diploid","female"
"770","0","0","0","0",0.125896453857422,3059.69067382812,"map_5609_1_2",5,70,300,20,5,7.58670144047504,0.1,5.12620664714351,0.878918696418757,5.55241387482593,5,0.2,1,43.0458985741352,23.5988696122618,0.00187643632754372,6.12952552051208e-05,1.87243022581166,257,5609,1,"2","diploid","female"
"771","0","0","0","0",0.125896453857422,3059.69067382812,"map_5609_1_3",5,70,300,20,5,5.21764583086527,0.1,6.80849399545106,0.441137989974444,5.00592478233814,3,0.2,1,43.0458985741352,23.5988696122618,0.00206946232693999,0.000854984695922231,0.506557364370173,257,5609,1,"3","diploid","female"
"772","0","0","0","0",-0.645097851753235,2823.83032226562,"map_5648_1_1",5,70,300,20,5,0,0.1,10.5298727134487,0.136830555453837,0.234887524986094,80,0.2,1,84.0087406294686,24.9520085139396,0.00149889557011415,0.00307572134624851,0.708931275575215,258,5648,1,"1","diploid","female"
"773","0","0","0","0",-0.645097851753235,2823.83032226562,"map_5648_1_2",5,70,300,20,5,3.03061266069157,0.1,17.9608961132238,0.90692437337142,0.244034613192957,153,0.2,1,84.0087406294686,24.9520085139396,0.0354334785297021,0.152557906869309,0.327096140778352,258,5648,1,"2","diploid","female"
"774","0","0","0","0",-0.645097851753235,2823.83032226562,"map_5648_1_3",5,70,300,20,5,1.41164055678742,0.1,10.0316475973338,0.300175886495223,0.852550849102722,63,0.2,1,84.0087406294686,24.9520085139396,0.00303794564271667,0.00410347019878222,0.534756887368251,258,5648,1,"3","diploid","female"
"775","0","0","0","0",-0.641028344631195,3016.28247070312,"map_5650_1_1",5,70,300,20,5,1.52471451933796,0.1,11.459003188204,0.303824910364439,2.70834622739349,10,0.2,1,85.1981364674743,23.6766761813581,0.00512184297624802,0.0143607437935482,0.195255773485109,259,5650,1,"1","diploid","female"
"776","0","0","0","0",-0.641028344631195,3016.28247070312,"map_5650_1_2",5,70,300,20,5,7.87516133486858,0.1,8.00172631913551,0.508185532256963,4.18178077648577,5,0.2,1,85.1981364674743,23.6766761813581,0.00403363743395812,0.00466520698426058,0.432956307859042,259,5650,1,"2","diploid","female"
"777","0","0","0","0",-0.641028344631195,3016.28247070312,"map_5650_1_3",5,70,300,20,5,1.56354504479977,0.1,6.4960133833732,0.396213938719317,3.4532087111884,4,0.2,1,85.1981364674743,23.6766761813581,0.00160569275869603,0.000301424182788662,0.506427913967928,259,5650,1,"3","diploid","female"
"778","0","0","0","0",-0.760176956653595,3111.72680664062,"map_5651_1_1",5,70,300,20,5,0,0.1,7.05496559733612,0.81506491420626,2.95804209156867,52,0.2,1,221.473681921975,23.6756163703775,0.00653160201210865,0.0216322495813796,0.961122593595566,260,5651,1,"1","diploid","female"
"779","0","0","0","0",-0.760176956653595,3111.72680664062,"map_5651_1_2",5,70,300,20,5,7.08181395416461,0.1,6.08119572532576,3.37742647374204,5.27054336307644,437,0.2,1,221.473681921975,23.6756163703775,0.0174714614240177,0.0595283257501663,1.61013202402914,260,5651,1,"2","diploid","female"
"780","0","0","0","0",-0.760176956653595,3111.72680664062,"map_5651_1_3",5,70,300,20,5,3.00425739471203,0.1,6.5971235089806,0.76104226885818,3.47589218684865,20,0.2,1,221.473681921975,23.6756163703775,0.00394085187868757,0.00768123575847172,0.631087946693233,260,5651,1,"3","diploid","female"
"781","0","0","0","0",-0.781871914863586,3105.98608398438,"map_5653_1_1",5,70,300,20,5,0,0.1,26.392415916328,0.2445656453839,0.957090148912735,72,0.2,1,218.863938074967,23.5087438241192,0.0164866941672364,0.0763252392645323,0.140802413249373,261,5653,1,"1","diploid","female"
"782","0","0","0","0",-0.781871914863586,3105.98608398438,"map_5653_1_2",5,70,300,20,5,6.81304582324367,0.1,23.7546361730985,0.651266494585019,0.38010384887388,90,0.2,1,218.863938074967,23.5087438241192,0.0400735200668866,0.175183417452446,0.117521410706377,261,5653,1,"2","diploid","female"
"783","0","0","0","0",-0.781871914863586,3105.98608398438,"map_5653_1_3",5,70,300,20,5,3.1056798067851,0.1,13.6875562055629,0.161518556019285,2.60639335729004,64,0.2,1,218.863938074967,23.5087438241192,0.00336636853624634,0.00830801815785199,0.366323647937368,261,5653,1,"3","diploid","female"
"784","0","0","0","0",-0.394487857818604,2946.60473632812,"map_5661_1_1",5,70,300,20,5,2.47067596701396,0.1,17.0539263200447,0.247737778538858,1.84212181469835,25,0.2,1,50.2249191250912,24.4713947931925,0.00829375538305544,0.0336438446538925,0.211283033465467,262,5661,1,"1","diploid","female"
"785","0","0","0","0",-0.394487857818604,2946.60473632812,"map_5661_1_2",5,70,300,20,5,4.77796104805464,0.1,7.0972291944328,0.276411164622509,3.79487804030296,13,0.2,1,50.2249191250912,24.4713947931925,0.00124733463683461,0.000261339978269912,0.726128554138368,262,5661,1,"2","diploid","female"
"786","0","0","0","0",-0.394487857818604,2946.60473632812,"map_5661_1_3",5,70,300,20,5,2.9621790962962,0.1,7.96687805684189,0.150512650655014,2.39012974910467,13,0.2,1,50.2249191250912,24.4713947931925,0.000886980097571697,0.000318333817134257,0.558537533871205,262,5661,1,"3","diploid","female"
"787","0","0","0","0",-0.490346521139145,2987.00805664062,"map_5665_1_1",5,70,300,20,5,0,0.1,16.7600430656779,0.256958724978909,1.98690686847047,6,0.2,1,90.9492529111843,24.1844094366198,0.00788511023754526,0.0232534348562599,0.107036284277282,263,5665,1,"1","diploid","female"
"788","0","0","0","0",-0.490346521139145,2987.00805664062,"map_5665_1_2",5,70,300,20,5,11.402750065722,0.1,9.61607438558355,0.210668773410265,3.9208791771161,3,0.2,1,90.9492529111843,24.1844094366198,0.00192694877170091,0.00166197224099814,0.344869323965164,263,5665,1,"2","diploid","female"
"789","0","0","0","0",-0.490346521139145,2987.00805664062,"map_5665_1_3",5,70,300,20,5,1.77329260249472,0.1,9.30202949809722,0.239239140247772,2.75232060079915,3,0.2,1,90.9492529111843,24.1844094366198,0.00209029660193077,0.00111407257458021,0.320766811169415,263,5665,1,"3","diploid","female"
"790","0","0","0","0",-0.786131680011749,3012.65795898438,"map_5666_1_1",5,70,300,20,5,0,0.1,19.8030863808552,0.430597048455282,1.18443516822596,20,0.2,1,144.210034966073,24.1689046646405,0.0181640105539403,0.0561814752156596,0.173095713033232,264,5666,1,"1","diploid","female"
"791","0","0","0","0",-0.786131680011749,3012.65795898438,"map_5666_1_2",5,70,300,20,5,12.2241331953328,0.1,15.1274609134941,0.801234035600263,0.809350392384988,29,0.2,1,144.210034966073,24.1689046646405,0.0206008852444174,0.0403409568860645,0.243082387118429,264,5666,1,"2","diploid","female"
"792","0","0","0","0",-0.786131680011749,3012.65795898438,"map_5666_1_3",5,70,300,20,5,2.75945089913186,0.1,7.94067627629977,0.578974593943763,2.07976080426487,9,0.2,1,144.210034966073,24.1689046646405,0.0035883932724496,0.00538450602519494,0.679292053570597,264,5666,1,"3","diploid","female"
"793","0","0","0","0",-0.56416130065918,3055.22607421875,"map_5667_1_1",5,70,300,20,5,0,0.1,24.4692095956966,0.199199465904126,2.25081858668253,79,0.2,1,150.953458481849,24.1545011425335,0.0147925400723046,0.0819613094890016,0.150024592483694,265,5667,1,"1","diploid","female"
"794","0","0","0","0",-0.56416130065918,3055.22607421875,"map_5667_1_2",5,70,300,20,5,6.31564848627779,0.1,17.4353767890125,0.185945428983548,4.7502246316153,67,0.2,1,150.953458481849,24.1545011425335,0.00828561291399361,0.0481498906267861,0.361558840624815,265,5667,1,"2","diploid","female"
"795","0","0","0","0",-0.56416130065918,3055.22607421875,"map_5667_1_3",5,70,300,20,5,3.04834615215772,0.1,8.42250388037932,0.204072640573954,2.90814295954094,75,0.2,1,150.953458481849,24.1545011425335,0.00207541657854463,0.0065826855126999,0.55616464134628,265,5667,1,"3","diploid","female"
"796","0","0","0","0",-0.57792717218399,3133.88500976562,"map_5668_1_1",5,70,300,20,5,3.3105124675315,0.1,19.4166861373823,0.203352304373054,1.86878983597145,10,0.2,1,143.551492336184,23.6224924013596,0.00838029438501798,0.0380015018089946,0.168645511477623,266,5668,1,"1","diploid","female"
"797","0","0","0","0",-0.57792717218399,3133.88500976562,"map_5668_1_2",5,70,300,20,5,6.53356043984633,0.1,12.4309007578848,0.150304723893609,5.62056699974917,4,0.2,1,143.551492336184,23.6224924013596,0.00234117928807648,0.0037792686228428,0.436216949780193,266,5668,1,"2","diploid","female"
"798","0","0","0","0",-0.57792717218399,3133.88500976562,"map_5668_1_3",5,70,300,20,5,3.16991464796896,0.1,10.1422918560519,0.161113461206303,2.7860641357157,6,0.2,1,143.551492336184,23.6224924013596,0.00173757369975175,0.00265605004977485,0.389299757710066,266,5668,1,"3","diploid","female"
"799","0","0","0","0",-0.35502028465271,3105.52001953125,"map_5670_1_1",5,70,300,20,5,3.67020720933428,0.1,19.0123947454681,0.314875682182929,2.03894582829,52,0.2,1,119.534872378226,23.6363575176015,0.0127528696828284,0.045267688465649,0.0862758385859574,267,5670,1,"1","diploid","female"
"800","0","0","0","0",-0.35502028465271,3105.52001953125,"map_5670_1_2",5,70,300,20,5,6.73172440965696,0.1,9.12989499052805,0.380868060486227,5.18324818955475,24,0.2,1,119.534872378226,23.6363575176015,0.00333253909948625,0.00383333660199428,0.37139121821198,267,5670,1,"2","diploid","female"
"801","0","0","0","0",-0.35502028465271,3105.52001953125,"map_5670_1_3",5,70,300,20,5,3.97199580422983,0.1,9.8135515918643,0.271244975358875,3.28344381937695,21,0.2,1,119.534872378226,23.6363575176015,0.00276604401413285,0.0027264199803676,0.33443973180848,267,5670,1,"3","diploid","female"
"802","0","0","0","0",-0.620026290416718,3048.27587890625,"map_5671_1_1",5,70,300,20,5,0,0.1,14.6330421960779,0.301666698651245,2.51984081547336,30,0.2,1,118.889441873544,23.608208237666,0.0079265139928743,0.0240049056142182,0.161142444169198,268,5671,1,"1","diploid","female"
"803","0","0","0","0",-0.620026290416718,3048.27587890625,"map_5671_1_2",5,70,300,20,5,10.25549442561,0.1,16.4406222093572,0.504926927918478,1.02181258168707,13,0.2,1,118.889441873544,23.608208237666,0.0141611024126862,0.0572194124170996,0.235168574240277,268,5671,1,"2","diploid","female"
"804","0","0","0","0",-0.620026290416718,3048.27587890625,"map_5671_1_3",5,70,300,20,5,1.84474470030839,0.1,6.54363722650475,0.397816756309806,3.51701898589136,5,0.2,1,118.889441873544,23.608208237666,0.00166613332256549,0.000658381383573941,0.475811369794279,268,5671,1,"3","diploid","female"
"805","0","0","0","0",-0.511472404003143,2979.65087890625,"map_5673_1_1",5,70,300,20,5,2.43790045944477,0.1,16.26203655286,0.194310153547649,2.4435723965353,90,0.2,1,58.29760052437,24.4123969710678,0.00684247183204196,0.0367103604445012,0.239469016589671,269,5673,1,"1","diploid","female"
"806","0","0","0","0",-0.511472404003143,2979.65087890625,"map_5673_1_2",5,70,300,20,5,4.77019978320182,0.1,8.5513825535567,0.121157014849664,4.27209037982272,23,0.2,1,58.29760052437,24.4123969710678,0.000913329197912422,0.000984785090834458,0.819503341471743,269,5673,1,"2","diploid","female"
"807","0","0","0","0",-0.511472404003143,2979.65087890625,"map_5673_1_3",5,70,300,20,5,3.13128267791077,0.1,7.65465878422025,0.219870940301712,2.94516484009483,111,0.2,1,58.29760052437,24.4123969710678,0.0012934286479148,0.000694397035739068,0.490258677802928,269,5673,1,"3","diploid","female"
"808","0","0","0","0",-0.579649686813354,2958.79907226562,"map_5674_1_1",5,70,300,20,5,1.15983234903775,0.1,13.7938167376475,0.435684971290565,0.791226198717058,10,0.2,1,62.4064043209798,24.3926481316652,0.00951308766919348,0.0319793350100128,0.183969436133982,270,5674,1,"1","diploid","female"
"809","0","0","0","0",-0.579649686813354,2958.79907226562,"map_5674_1_2",5,70,300,20,5,6.63529660093661,0.1,9.84620469563908,0.218402950295955,2.2494777276304,3,0.2,1,62.4064043209798,24.3926481316652,0.00193014859374969,0.00152526783706703,1.53272058942459,270,5674,1,"2","diploid","female"
"810","0","0","0","0",-0.579649686813354,2958.79907226562,"map_5674_1_3",5,70,300,20,5,1.1628221823428,0.1,8.4697806557961,0.237554687575788,2.20976058800518,3,0.2,1,62.4064043209798,24.3926481316652,0.00159547160652841,0.00069805872942952,0.701730090105634,270,5674,1,"3","diploid","female"
"811","0","0","0","0",-0.324502110481262,2993.4208984375,"map_5697_1_1",5,70,300,20,5,2.71028134615991,0.1,10.2039419334808,0.344328956179261,1.28133113336966,9,0.2,1,15.6337072380518,24.5246455975149,0.00356550456978759,0.00575495188045905,0.444606007011062,271,5697,1,"1","diploid","female"
"812","0","0","0","0",-0.324502110481262,2993.4208984375,"map_5697_1_2",5,70,300,20,5,5.1615368723436,0.1,7.87310323683313,0.380891886929223,1.46519962893753,3,0.2,1,15.6337072380518,24.5246455975149,0.00196849747478217,1.7786264983098e-05,0.988884254872661,271,5697,1,"2","diploid","female"
"813","0","0","0","0",-0.324502110481262,2993.4208984375,"map_5697_1_3",5,70,300,20,5,3.67233275906262,0.1,5.70376070818601,0.471002928405699,2.5265951419106,4,0.2,1,15.6337072380518,24.5246455975149,0.00134081538477351,2.37873862937061e-05,0.7489472751245,271,5697,1,"3","diploid","female"
"814","0","0","0","0",-0.482558816671371,3007.69287109375,"map_5708_1_1",5,70,300,20,5,1.37046866578276,0.1,12.5682504801816,0.151439198820633,1.95551595703071,19,0.2,1,41.3521191747086,23.5625427881877,0.00236046273944766,0.00373181048817577,0.348809174437661,272,5708,1,"1","diploid","female"
"815","0","0","0","0",-0.482558816671371,3007.69287109375,"map_5708_1_2",5,70,300,20,5,6.32388793527154,0.1,10.0373123044178,0.366650351774407,0.854383170175866,25,0.2,1,41.3521191747086,23.5625427881877,0.00313547429856607,0.000723489598309683,0.35311059531935,272,5708,1,"2","diploid","female"
"816","0","0","0","0",-0.482558816671371,3007.69287109375,"map_5708_1_3",5,70,300,20,5,1.44760695246929,0.1,7.94247132800279,0.0897304101542939,2.88243068907057,18,0.2,1,41.3521191747086,23.5625427881877,0.000496384915476457,2.57117121321545e-05,0.559657072906395,272,5708,1,"3","diploid","female"
"817","0","0","0","0",-0.24333767592907,3040.90209960938,"map_5709_1_1",5,70,300,20,5,2.98656386175517,0.1,13.9046231417031,0.247761426298499,1.91392935716136,18,0.2,1,85.403721197895,24.0182593978257,0.00512829271239556,0.0182069736126586,0.248297946136731,273,5709,1,"1","diploid","female"
"818","0","0","0","0",-0.24333767592907,3040.90209960938,"map_5709_1_2",5,70,300,20,5,8.72412117968723,0.1,7.44986375283749,0.177825311771659,4.93254666992657,6,0.2,1,85.403721197895,24.0182593978257,0.00087596359700325,0.000267671336865145,0.535471693239178,273,5709,1,"2","diploid","female"
"819","0","0","0","0",-0.24333767592907,3040.90209960938,"map_5709_1_3",5,70,300,20,5,2.53798603971458,0.1,7.938051585241,0.187756762747829,3.07561285392343,11,0.2,1,85.403721197895,24.0182593978257,0.00113653670950477,0.000663330169172882,0.397306546885567,273,5709,1,"3","diploid","female"
"820","0","0","0","0",-0.365786790847778,3054.01245117188,"map_5713_1_1",5,70,300,20,5,3.12747254339487,0.1,9.92371263764709,0.412616228593055,1.32054552952385,9,0.2,1,42.5832603910437,24.0469557710396,0.00377872843705799,0.00331773679556887,0.434172673789025,274,5713,1,"1","diploid","female"
"821","0","0","0","0",-0.365786790847778,3054.01245117188,"map_5713_1_2",5,70,300,20,5,5.7002914560905,0.1,6.23035414406248,0.342969968895688,4.40924159841592,3,0.2,1,42.5832603910437,24.0469557710396,0.00115690203854806,4.78548736323231e-05,2.17696417501728,274,5713,1,"2","diploid","female"
"822","0","0","0","0",-0.365786790847778,3054.01245117188,"map_5713_1_3",5,70,300,20,5,3.95957927211477,0.1,6.13365821602237,0.388998237151586,3.20262370557509,4,0.2,1,42.5832603910437,24.0469557710396,0.0013360928236404,0.000143568223987776,0.67143900035464,274,5713,1,"3","diploid","female"
"823","0","0","0","0",-0.767269909381866,2775.24560546875,"map_5752_1_1",5,70,300,20,5,0,0.1,17.6797366881695,0.0786853064057205,0.0937370606261744,10,0.2,1,27.5954739294476,24.9482504653508,0.00220305767320515,0.00234664612969451,0.212328917412364,275,5752,1,"1","diploid","female"
"824","0","0","0","0",-0.767269909381866,2775.24560546875,"map_5752_1_2",5,70,300,20,5,3.01790582709311,0.1,5.95724178461083,0.0499743144362954,0.373064932517017,3,0.2,1,27.5954739294476,24.9482504653508,0.0001537746961216,1.02138782909939e-05,0.897842512791635,275,5752,1,"2","diploid","female"
"825","0","0","0","0",-0.767269909381866,2775.24560546875,"map_5752_1_3",5,70,300,20,5,0.400334501591832,0.1,8.39101522001916,0.0735412505103141,0.200011785713569,2,0.2,1,27.5954739294476,24.9482504653508,0.000452387571658066,4.38899743857397e-05,0.502001689318697,275,5752,1,"3","diploid","female"
"826","0","0","0","0",-0.727047622203827,2828.17626953125,"map_5753_1_1",5,70,300,20,5,0,0.1,16.2792490238614,0.146330151858534,0.772376567229347,43,0.2,1,27.8672728536533,24.918415255668,0.00432138711638384,0.0152183522694018,0.188984064938473,276,5753,1,"1","diploid","female"
"827","0","0","0","0",-0.727047622203827,2828.17626953125,"map_5753_1_2",5,70,300,20,5,2.92528169899597,0.1,10.3719468935468,0.229815007134124,1.69682863486371,22,0.2,1,27.8672728536533,24.918415255668,0.0026032931478436,0.00522590120936006,0.559361616174356,276,5753,1,"2","diploid","female"
"828","0","0","0","0",-0.727047622203827,2828.17626953125,"map_5753_1_3",5,70,300,20,5,0.651671576746324,0.1,7.9517682548535,0.174485807019664,0.959180219467259,21,0.2,1,27.8672728536533,24.918415255668,0.000964559447992781,9.87043005677261e-05,0.473028700080189,276,5753,1,"3","diploid","female"
"829","0","0","0","0",-0.846190333366394,3002.77172851562,"map_5755_1_1",5,70,300,20,5,1.29252090651957,0.1,11.9090811040296,0.213999012423887,2.23068687410107,5,0.2,1,56.4717210376778,23.7091560427137,0.00366380371484051,0.0141179884596626,0.245327501381212,277,5755,1,"1","diploid","female"
"830","0","0","0","0",-0.846190333366394,3002.77172851562,"map_5755_1_2",5,70,300,20,5,6.61677207328713,0.1,10.3788427220157,0.233757002031045,3.51367423059915,3,0.2,1,56.4717210376778,23.7091560427137,0.00273237208465986,0.00764633818518882,0.515938044840312,277,5755,1,"2","diploid","female"
"831","0","0","0","0",-0.846190333366394,3002.77172851562,"map_5755_1_3",5,70,300,20,5,1.40418777901527,0.1,6.61859152333504,0.271789974171423,2.83229578845464,2,0.2,1,56.4717210376778,23.7091560427137,0.00108983858517766,5.66309431946561e-05,0.588257790859087,277,5755,1,"3","diploid","female"
"832","0","0","0","0",-0.897233605384827,3051.162109375,"map_5756_1_1",5,70,300,20,5,2.24916686915636,0.1,11.7427357211539,0.195883014046845,2.14004725184511,55,0.2,1,60.4945411903914,23.6852678750969,0.00318246876898414,0.00625703807955271,0.297177822819913,278,5756,1,"1","diploid","female"
"833","0","0","0","0",-0.897233605384827,3051.162109375,"map_5756_1_2",5,70,300,20,5,3.8926589832539,0.1,9.16683101343318,0.168513447773697,3.42613315976649,22,0.2,1,60.4945411903914,23.6852678750969,0.00163387058530601,0.00132090680546588,0.480577971003,278,5756,1,"2","diploid","female"
"834","0","0","0","0",-0.897233605384827,3051.162109375,"map_5756_1_3",5,70,300,20,5,3.42332917887413,0.1,6.13664787236493,0.214512243701706,2.59533626351552,101,0.2,1,60.4945411903914,23.6852678750969,0.000709220073854208,2.26412998990026e-05,0.689604415415278,278,5756,1,"3","diploid","female"
"835","0","0","0","0",-0.736628711223602,3011.15551757812,"map_5759_1_1",5,70,300,20,5,2.36486472706484,0.1,13.8325089691413,0.221518192467887,1.7138918677911,88,0.2,1,61.4763894366267,23.4954755835887,0.00453258455010761,0.011511201091887,0.282931328231586,279,5759,1,"1","diploid","female"
"836","0","0","0","0",-0.736628711223602,3011.15551757812,"map_5759_1_2",5,70,300,20,5,5.83440438035512,0.1,9.18422126694748,0.613635735797573,1.02486131333429,129,0.2,1,61.4763894366267,23.4954755835887,0.00486514318645026,0.00368155144558051,0.388833084552151,279,5759,1,"2","diploid","female"
"837","0","0","0","0",-0.736628711223602,3011.15551757812,"map_5759_1_3",5,70,300,20,5,2.63036535608111,0.1,7.44068966315172,0.0915475463048031,2.68103348064176,79,0.2,1,61.4763894366267,23.4954755835887,0.000452710081564279,2.19678101936957e-05,0.810511351914723,279,5759,1,"3","diploid","female"
"838","0","0","0","0",-0.597004771232605,3069.37646484375,"map_5761_1_1",5,70,300,20,5,1.3447928086997,0.1,11.0582378505444,0.231582510642385,2.27359587716221,22,0.2,1,62.2885183939506,24.0648714221857,0.0033078353974495,0.0071119156198631,0.262098944713521,280,5761,1,"1","diploid","female"
"839","0","0","0","0",-0.597004771232605,3069.37646484375,"map_5761_1_2",5,70,300,20,5,8.01599203633331,0.1,7.35530671076325,0.205540330281434,4.23997844410076,10,0.2,1,62.2885183939506,24.0648714221857,0.000957807791589332,3.06640559290096e-05,0.678632498911433,280,5761,1,"2","diploid","female"
"840","0","0","0","0",-0.597004771232605,3069.37646484375,"map_5761_1_3",5,70,300,20,5,1.40346059609373,0.1,7.4843644641128,0.123840752682982,2.66779259952073,11,0.2,1,62.2885183939506,24.0648714221857,0.000589701866118632,2.42055745083014e-05,0.547767947199925,280,5761,1,"3","diploid","female"
"841","0","0","0","0",-0.562310218811035,2985.5166015625,"map_5770_1_1",5,70,300,20,5,0,0.1,23.8808036162793,0.0645090117375408,0.721298207266944,55,0.2,1,147.307986962835,24.1887546325971,0.00415731535839296,0.0180769646380278,0.238294869000664,281,5770,1,"1","diploid","female"
"842","0","0","0","0",-0.562310218811035,2985.5166015625,"map_5770_1_2",5,70,300,20,5,5.5663858220614,0.1,21.5702867826827,0.298246821321357,2.46956078776867,63,0.2,1,147.307986962835,24.1887546325971,0.0167127111055053,0.0754031779534776,0.235563153660424,281,5770,1,"2","diploid","female"
"843","0","0","0","0",-0.562310218811035,2985.5166015625,"map_5770_1_3",5,70,300,20,5,2.83872423304836,0.1,11.0378123854219,0.109722592172734,2.23555888251793,58,0.2,1,147.307986962835,24.1887546325971,0.00137503117149054,0.00200802077549834,0.420753687786741,281,5770,1,"3","diploid","female"
"844","0","0","0","0",-0.614170968532562,3016.67016601562,"map_5771_1_1",5,70,300,20,5,0,0.1,16.7511051624936,0.119110213932253,1.53349920031535,126,0.2,1,139.471731059179,24.2149414423692,0.00507425361027207,0.0239688303985445,0.208679572976446,282,5771,1,"1","diploid","female"
"845","0","0","0","0",-0.614170968532562,3016.67016601562,"map_5771_1_2",5,70,300,20,5,13.7547283802088,0.1,14.8241477600698,0.280053881915486,5.87895263449234,98,0.2,1,139.471731059179,24.2149414423692,0.0107910808555846,0.0593887420237685,0.421575595104069,282,5771,1,"2","diploid","female"
"846","0","0","0","0",-0.614170968532562,3016.67016601562,"map_5771_1_3",5,70,300,20,5,2.97606184312851,0.1,7.45929201465365,0.286733092898727,3.26962896571352,132,0.2,1,139.471731059179,24.2149414423692,0.00177356745832377,0.00262340756405708,0.501093890330507,282,5771,1,"3","diploid","female"
"847","0","0","0","0",-0.823947966098785,3066.11840820312,"map_5772_1_1",5,70,300,20,5,2.72543002970067,0.1,16.6735578317489,0.17821387781655,2.35860949866739,76,0.2,1,145.51568283512,23.6342756820543,0.00605407228402255,0.0267773846746413,0.230887674834281,283,5772,1,"1","diploid","female"
"848","0","0","0","0",-0.823947966098785,3066.11840820312,"map_5772_1_2",5,70,300,20,5,5.12301015162991,0.1,14.4115654788682,0.134780884274889,4.90164757117567,65,0.2,1,145.51568283512,23.6342756820543,0.00368226199068808,0.0137542460170793,0.499651421413424,283,5772,1,"2","diploid","female"
"849","0","0","0","0",-0.823947966098785,3066.11840820312,"map_5772_1_3",5,70,300,20,5,3.07628935427548,0.1,8.71547105352752,0.158321339679728,2.9993785739227,71,0.2,1,145.51568283512,23.6342756820543,0.00135173168797962,0.00204215102733319,0.523354368172196,283,5772,1,"3","diploid","female"
"850","0","0","0","0",-0.930358350276947,3103.43359375,"map_5773_1_1",5,70,300,20,5,2.47196772165778,0.1,20.0778085300898,0.251655053553493,2.21359652860518,119,0.2,1,118.594033193747,23.5984434294674,0.0111796258043828,0.0552286068111286,0.0867706857383015,284,5773,1,"1","diploid","female"
"851","0","0","0","0",-0.930358350276947,3103.43359375,"map_5773_1_2",5,70,300,20,5,4.63981172225087,0.1,18.426336576551,0.574878439163742,0.667604666373093,111,0.2,1,118.594033193747,23.5984434294674,0.0185018614304383,0.0665963508034267,0.115965426377594,284,5773,1,"2","diploid","female"
"852","0","0","0","0",-0.930358350276947,3103.43359375,"map_5773_1_3",5,70,300,20,5,3.14164682342409,0.1,9.06428792210328,0.236760171160176,3.25510533826691,116,0.2,1,118.594033193747,23.5984434294674,0.00193570053229454,0.000831825274553117,0.269849255396073,284,5773,1,"3","diploid","female"
"853","0","0","0","0",-0.213595151901245,3092.271484375,"map_5774_1_1",5,70,300,20,5,4.02331596708593,0.1,16.1204646433402,0.225825970986677,3.15679555603205,78,0.2,1,121.832664027167,23.5706754547153,0.00695556958984143,0.0311381005792453,0.205226476501024,285,5774,1,"1","diploid","female"
"854","0","0","0","0",-0.213595151901245,3092.271484375,"map_5774_1_2",5,70,300,20,5,7.24947608138583,0.1,10.0460862454307,0.285772507715669,5.11460671351107,46,0.2,1,121.832664027167,23.5706754547153,0.00286677719346889,0.00481680550927998,0.596882100316916,285,5774,1,"2","diploid","female"
"855","0","0","0","0",-0.213595151901245,3092.271484375,"map_5774_1_3",5,70,300,20,5,4.26772894284022,0.1,12.349669965194,0.172818184261621,3.57079691938088,74,0.2,1,121.832664027167,23.5706754547153,0.00294037064975424,0.00841294327358268,0.292451629345087,285,5774,1,"3","diploid","female"
"856","0","0","0","0",-0.48900493979454,3021.95751953125,"map_5775_1_1",5,70,300,20,5,2.76606585243846,0.1,16.0506261120649,0.307162430903952,2.74580235630206,33,0.2,1,119.659089421117,24.4038917611208,0.011273319355282,0.0652101462938839,0.189538240501208,286,5775,1,"1","diploid","female"
"857","0","0","0","0",-0.48900493979454,3021.95751953125,"map_5775_1_2",5,70,300,20,5,5.84576386919953,0.1,10.0218848703019,0.479979519001256,5.9037061033073,11,0.2,1,119.659089421117,24.4038917611208,0.00944580691284581,0.0495676927155113,0.55820752382948,286,5775,1,"2","diploid","female"
"858","0","0","0","0",-0.48900493979454,3021.95751953125,"map_5775_1_3",5,70,300,20,5,3.30546170885907,0.1,7.47450329612486,0.436034400056903,3.26497444437646,5,0.2,1,119.659089421117,24.4038917611208,0.00285203794952029,0.00580154517818289,0.462429674507327,286,5775,1,"3","diploid","female"
"859","0","0","0","0",-0.900739073753357,2936.65942382812,"map_5778_1_1",5,70,300,20,5,1.63231817386655,0.1,15.438535590389,0.198304556217482,1.35302827321077,12,0.2,1,61.0816807905305,24.391690641173,0.00600477334484917,0.023454013923368,0.20494782875229,287,5778,1,"1","diploid","female"
"860","0","0","0","0",-0.900739073753357,2936.65942382812,"map_5778_1_2",5,70,300,20,5,4.82708686434696,0.1,10.1369136087085,0.12870913251709,2.82075362480761,6,0.2,1,61.0816807905305,24.391690641173,0.00158543643362464,0.00333099221700928,0.553830791846443,287,5778,1,"2","diploid","female"
"861","0","0","0","0",-0.900739073753357,2936.65942382812,"map_5778_1_3",5,70,300,20,5,1.70741431148885,0.1,8.16884336324393,0.076426734918395,1.75372665542595,5,0.2,1,61.0816807905305,24.391690641173,0.000442581305447493,4.58877547800747e-05,0.61778365411429,287,5778,1,"3","diploid","female"
"862","0","0","0","0",-0.412609130144119,2956.77612304688,"map_5801_1_1",5,70,300,20,5,2.46309636797322,0.1,12.736904545544,0.261370908333969,1.00409813166506,23,0.2,1,15.5232557555679,24.5347417193526,0.00392787929252883,0.00509029301536166,0.293331916545689,288,5801,1,"1","diploid","female"
"863","0","0","0","0",-0.412609130144119,2956.77612304688,"map_5801_1_2",5,70,300,20,5,4.50734435879554,0.1,8.13074115750234,0.0910325486285575,3.25906538019683,8,0.2,1,15.5232557555679,24.5347417193526,0.000525106655831936,0.000115799459305253,2.28080769362963,288,5801,1,"2","diploid","female"
"864","0","0","0","0",-0.412609130144119,2956.77612304688,"map_5801_1_3",5,70,300,20,5,3.26490594530665,0.1,8.48560083719507,0.125918634306501,2.18371834047323,19,0.2,1,15.5232557555679,24.5347417193526,0.000770037453004645,7.23582974298159e-05,0.944330259542753,288,5801,1,"3","diploid","female"
"865","0","0","0","0",0.0124342059716582,3033.669921875,"map_5813_1_1",5,70,300,20,5,1.87865070101813,0.1,15.6464731863224,0.169728829371374,2.77612596430548,42,0.2,1,84.388335387176,24.0687777957515,0.00473410548040075,0.0176509444016794,0.168466609845164,289,5813,1,"1","diploid","female"
"866","0","0","0","0",0.0124342059716582,3033.669921875,"map_5813_1_2",5,70,300,20,5,10.0811188070456,0.1,8.23459143898027,0.239803692504015,7.58842489689906,15,0.2,1,84.388335387176,24.0687777957515,0.00151153368850929,0.000334330543986197,0.602697738358593,289,5813,1,"2","diploid","female"
"867","0","0","0","0",0.0124342059716582,3033.669921875,"map_5813_1_3",5,70,300,20,5,1.68505978127516,0.1,9.46098413142765,0.258088942501093,4.33253936752952,23,0.2,1,84.388335387176,24.0687777957515,0.00240819851215618,0.00205568228899579,0.260726102677631,289,5813,1,"3","diploid","female"
"868","0","0","0","0",-0.418908834457397,3163.7802734375,"map_5815_1_1",5,70,300,20,5,3.42654742211439,0.1,16.6857696391492,0.383782290444134,0.807736601003107,124,0.2,1,85.0371153204148,24.0416493205665,0.0106006575715969,0.0319372888335616,0.185109843098519,290,5815,1,"1","diploid","female"
"869","0","0","0","0",-0.418908834457397,3163.7802734375,"map_5815_1_2",5,70,300,20,5,7.27758400365477,0.1,6.87050456572484,0.227993158510282,6.36488396554288,28,0.2,1,85.0371153204148,24.0416493205665,0.00101617406567916,4.98675200500849e-05,0.595034136334904,290,5815,1,"2","diploid","female"
"870","0","0","0","0",-0.418908834457397,3163.7802734375,"map_5815_1_3",5,70,300,20,5,3.1375317464417,0.1,8.09421478034517,0.323642982538214,2.77816480834639,152,0.2,1,85.0371153204148,24.0416493205665,0.00202236810447357,0.000706146550791743,0.400896445053291,290,5815,1,"3","diploid","female"
"871","0","0","0","0",-0.611893117427826,2900.72534179688,"map_5859_1_1",5,70,300,20,5,0,0.1,26.4197131801471,0.166155064295926,0.735970326629401,10,0.2,1,61.8610926434843,25.2838735493843,0.0134591453174832,0.0596663698556513,0.126260609475522,291,5859,1,"1","diploid","female"
"872","0","0","0","0",-0.611893117427826,2900.72534179688,"map_5859_1_2",5,70,300,20,5,6.87557729992897,0.1,7.35605088452166,0.344594087531756,3.16043573480513,4,0.2,1,61.8610926434843,25.2838735493843,0.00168551225032608,0.000679303404183637,0.788254759104778,291,5859,1,"2","diploid","female"
"873","0","0","0","0",-0.611893117427826,2900.72534179688,"map_5859_1_3",5,70,300,20,5,1.04247946646758,0.1,8.05120798423826,0.369326682991669,1.5820135236909,5,0.2,1,61.8610926434843,25.2838735493843,0.00239224670190336,0.00154422693725997,0.350716438528113,291,5859,1,"3","diploid","female"
"874","0","0","0","0",-0.904054284095764,2983.18530273438,"map_5861_1_1",5,70,300,20,5,0,0.1,17.2396471624094,0.211959566920774,1.24165846937942,59,0.2,1,59.5227804049305,25.0227202591838,0.00804699418627177,0.0344058404620227,0.199215273728595,292,5861,1,"1","diploid","female"
"875","0","0","0","0",-0.904054284095764,2983.18530273438,"map_5861_1_2",5,70,300,20,5,6.89132102214466,0.1,11.8569793030935,0.173243778544789,3.12546896661989,26,0.2,1,59.5227804049305,25.0227202591838,0.00325122763255559,0.0156615070259959,0.638500545761873,292,5861,1,"2","diploid","female"
"876","0","0","0","0",-0.904054284095764,2983.18530273438,"map_5861_1_3",5,70,300,20,5,1.06049082366407,0.1,9.04454011834274,0.117005684112106,1.90944726058491,30,0.2,1,59.5227804049305,25.0227202591838,0.000876944369845988,0.000302675814993039,0.571570262937127,292,5861,1,"3","diploid","female"
"877","0","0","0","0",-0.911300837993622,2974.29516601562,"map_5862_1_1",5,70,300,20,5,1.62967437227062,0.1,20.8958746581728,0.264211724301575,0.838116421018158,63,0.2,1,57.3789837273252,25.0731399751581,0.0109093387676509,0.0264136830961522,0.174951256938064,293,5862,1,"1","diploid","female"
"878","0","0","0","0",-0.911300837993622,2974.29516601562,"map_5862_1_2",5,70,300,20,5,3.77173578314985,0.1,10.2283980950156,0.131382669905534,3.14141873437249,23,0.2,1,57.3789837273252,25.0731399751581,0.00134155168797659,0.000543037329483687,0.557420786273042,293,5862,1,"2","diploid","female"
"879","0","0","0","0",-0.911300837993622,2974.29516601562,"map_5862_1_3",5,70,300,20,5,2.43544709497563,0.1,8.58777860570805,0.100785449550476,1.73230849489416,30,0.2,1,57.3789837273252,25.0731399751581,0.000668620450908969,0.000119464721673857,0.567718194033861,293,5862,1,"3","diploid","female"
"880","0","0","0","0",-0.903569638729095,2972.44848632812,"map_5863_1_1",5,70,300,20,5,0,0.1,16.748846410724,0.303605433267024,0.784438264921565,108,0.2,1,63.4815497651845,24.9994643465889,0.00991928477297778,0.0397537060414822,0.249376916880224,294,5863,1,"1","diploid","female"
"881","0","0","0","0",-0.903569638729095,2972.44848632812,"map_5863_1_2",5,70,300,20,5,5.56986043116297,0.1,12.6516576311474,0.0772568729358316,3.34608461860094,49,0.2,1,63.4815497651845,24.9994643465889,0.00171678110799601,0.00841374933679443,2.28403692380231,294,5863,1,"2","diploid","female"
"882","0","0","0","0",-0.903569638729095,2972.44848632812,"map_5863_1_3",5,70,300,20,5,1.72474133918134,0.1,8.74187844125251,0.111847103345247,1.63387958033874,81,0.2,1,63.4815497651845,24.9994643465889,0.000807391959904459,0.000266918883508681,0.81568443316978,294,5863,1,"3","diploid","female"
"883","0","0","0","0",-0.779862642288208,2997.47802734375,"map_5865_1_1",5,70,300,20,5,1.92288626255694,0.1,14.3721628897107,0.165328372329053,1.59268329846454,56,0.2,1,64.9739929433677,24.7261344094345,0.00388736718007943,0.0126779490005143,0.209038819746262,295,5865,1,"1","diploid","female"
"884","0","0","0","0",-0.779862642288208,2997.47802734375,"map_5865_1_2",5,70,300,20,5,4.23441901470443,0.1,9.78264391163291,0.0715410864141627,3.66287778532495,20,0.2,1,64.9739929433677,24.7261344094345,0.000625358109031602,0.000280847322450781,0.718114214793722,295,5865,1,"2","diploid","female"
"885","0","0","0","0",-0.779862642288208,2997.47802734375,"map_5865_1_3",5,70,300,20,5,2.77642000450204,0.1,8.16868489976297,0.10160080442417,2.10776383978951,38,0.2,1,64.9739929433677,24.7261344094345,0.000607633502264319,0.000122396241950159,0.599490799178675,295,5865,1,"3","diploid","female"
"886","0","0","0","0",-0.870465636253357,2950.28442382812,"map_5873_1_1",5,70,300,20,5,1.8795325115778,0.1,21.051587557995,0.227239917261302,1.32765583288378,61,0.2,1,67.7198417258025,24.1725481899342,0.0105062901473324,0.054094864445802,0.156367518742662,296,5873,1,"1","diploid","female"
"887","0","0","0","0",-0.870465636253357,2950.28442382812,"map_5873_1_2",5,70,300,20,5,3.46754727847994,0.1,18.7166837430209,0.160246883318916,2.32438561326602,22,0.2,1,67.7198417258025,24.1725481899342,0.0055741717330505,0.0249005251557339,0.363672745386182,296,5873,1,"2","diploid","female"
"888","0","0","0","0",-0.870465636253357,2950.28442382812,"map_5873_1_3",5,70,300,20,5,2.57060603346244,0.1,7.37922751588287,0.136273196241122,2.0595382669332,40,0.2,1,67.7198417258025,24.1725481899342,0.000698742583356832,0.000117954799238565,0.544199105732117,296,5873,1,"3","diploid","female"
"889","0","0","0","0",-0.806066393852234,2958.58618164062,"map_5874_1_1",5,70,300,20,5,1.94910314395037,0.1,19.2132120918503,0.160937236367496,1.91047560772474,31,0.2,1,49.5708300873291,24.1531135890703,0.00614790964938854,0.0170691310668968,0.159911999420477,297,5874,1,"1","diploid","female"
"890","0","0","0","0",-0.806066393852234,2958.58618164062,"map_5874_1_2",5,70,300,20,5,3.57422022432652,0.1,12.5173731682919,0.0624822767633187,3.4877453448849,15,0.2,1,49.5708300873291,24.1531135890703,0.00102019746466675,0.00106702641562868,0.387408630616555,297,5874,1,"2","diploid","female"
"891","0","0","0","0",-0.806066393852234,2958.58618164062,"map_5874_1_3",5,70,300,20,5,2.7761451151677,0.1,9.06868739202929,0.119313199950098,2.4561235810438,23,0.2,1,49.5708300873291,24.1531135890703,0.000958784076819634,7.69844062987109e-05,0.222952589590856,297,5874,1,"3","diploid","female"
"892","0","0","0","0",-0.849452614784241,2975.453125,"map_5875_1_1",5,70,300,20,5,1.92411665313358,0.1,16.3348897054898,0.188806568777641,1.61766377894573,68,0.2,1,48.4762003734658,24.2326547550865,0.00554455180622272,0.023297578391667,0.225126551324624,298,5875,1,"1","diploid","female"
"893","0","0","0","0",-0.849452614784241,2975.453125,"map_5875_1_2",5,70,300,20,5,3.60810245534039,0.1,10.3542397964201,0.102753715165036,2.83620101805044,20,0.2,1,48.4762003734658,24.2326547550865,0.00121157275528091,0.00102102331001799,0.525727497585669,298,5875,1,"2","diploid","female"
"894","0","0","0","0",-0.849452614784241,2975.453125,"map_5875_1_3",5,70,300,20,5,2.84108992392149,0.1,6.51202091625114,0.179876845380704,2.26658791664762,96,0.2,1,48.4762003734658,24.2326547550865,0.000688935950544187,2.95946104369221e-05,0.605874798289468,298,5875,1,"3","diploid","female"
"895","0","0","0","0",-0.918882548809052,2999.05908203125,"map_5876_1_1",5,70,300,20,5,1.13987525735783,0.1,8.95451358196733,0.553911699160127,1.75530902931713,147,0.2,1,52.8119936496316,23.6311851725362,0.0054295093105507,0.0112214750600034,0.648630922393111,299,5876,1,"1","diploid","female"
"896","0","0","0","0",-0.918882548809052,2999.05908203125,"map_5876_1_2",5,70,300,20,5,5.63542840745295,0.1,5.77177687298908,2.27874989355521,2.47916641064849,3,0.2,1,52.8119936496316,23.6311851725362,0.00724853860853177,0.00415361838373268,1.51258673999711,299,5876,1,"2","diploid","female"
"897","0","0","0","0",-0.918882548809052,2999.05908203125,"map_5876_1_3",5,70,300,20,5,1.29854863592904,0.1,6.57747890038765,0.289564993763692,2.27845371274847,98,0.2,1,52.8119936496316,23.6311851725362,0.00104621016446472,4.1591087723836e-05,0.987983315456937,299,5876,1,"3","diploid","female"
"898","0","0","0","0",-0.952279388904572,3012.0205078125,"map_5877_1_1",5,70,300,20,5,2.07186620661704,0.1,12.1523991495721,0.172169311475944,1.89733407687881,47,0.2,1,39.0087816702369,23.6229613729754,0.00296437747082936,0.0100758262785435,0.269672412763932,300,5877,1,"1","diploid","female"
"899","0","0","0","0",-0.952279388904572,3012.0205078125,"map_5877_1_2",5,70,300,20,5,3.37878415070425,0.1,9.23465016134537,0.134515116463933,2.9154632795753,21,0.2,1,39.0087816702369,23.6229613729754,0.00136749111391765,0.00205667155867696,0.512145896027118,300,5877,1,"2","diploid","female"
"900","0","0","0","0",-0.952279388904572,3012.0205078125,"map_5877_1_3",5,70,300,20,5,3.27542465698944,0.1,5.80087564249134,0.172902846962709,2.30354589672833,93,0.2,1,39.0087816702369,23.6229613729754,0.000493330416994294,2.03014860151636e-06,0.793116755152939,300,5877,1,"3","diploid","female"
"901","0","0","0","0",-0.944848775863647,3026.81665039062,"map_5878_1_1",5,70,300,20,5,1.77095381520874,0.1,9.28137442112658,0.142091109826398,1.75011699328573,7,0.2,1,38.172756936859,23.6212462396717,0.00123839959527267,0.0013930978404637,0.405684072061548,301,5878,1,"1","diploid","female"
"902","0","0","0","0",-0.944848775863647,3026.81665039062,"map_5878_1_2",5,70,300,20,5,4.54457304181253,0.1,8.02134474838554,0.122316029874068,2.58492590917045,5,0.2,1,38.172756936859,23.6212462396717,0.000674241726081176,0.000138000292964048,0.902971356643248,301,5878,1,"2","diploid","female"
"903","0","0","0","0",-0.944848775863647,3026.81665039062,"map_5878_1_3",5,70,300,20,5,2.25432013395842,0.1,6.84059433699763,0.070313271029192,2.24018641564102,4,0.2,1,38.172756936859,23.6212462396717,0.000274495680675199,2.71785908324229e-06,0.734134921160509,301,5878,1,"3","diploid","female"
"904","0","0","0","0",-0.827218413352966,3134.01806640625,"map_5910_1_1",5,70,300,20,5,2.57212051146596,0.1,9.08963274579742,0.166614073685661,1.95520631709474,22,0.2,1,17.8187190997739,23.4129086907388,0.00138658655315265,0.00181280076257689,0.364083375997848,302,5910,1,"1","diploid","female"
"905","0","0","0","0",-0.827218413352966,3134.01806640625,"map_5910_1_2",5,70,300,20,5,4.18106501538083,0.1,8.13240934097952,0.0903480623912904,3.05875677747588,9,0.2,1,17.8187190997739,23.4129086907388,0.000495044631594278,8.73603912618144e-06,0.762698613062763,302,5910,1,"2","diploid","female"
"906","0","0","0","0",-0.827218413352966,3134.01806640625,"map_5910_1_3",5,70,300,20,5,3.58075686483618,0.1,6.98309051032826,0.119902838803115,2.38132733939987,22,0.2,1,17.8187190997739,23.4129086907388,0.000479530094718022,1.18765893260731e-06,0.746292684736904,302,5910,1,"3","diploid","female"
"907","0","0","0","0",-0.226664051413536,3114.83227539062,"map_5918_1_1",5,70,300,20,5,3.87164714095566,0.1,14.0937749423718,0.282035323991338,1.98587050742419,48,0.2,1,84.936671382169,24.1017972688474,0.00579615649939702,0.0149204866055812,0.236708812257763,303,5918,1,"1","diploid","female"
"908","0","0","0","0",-0.226664051413536,3114.83227539062,"map_5918_1_2",5,70,300,20,5,7.85069751714849,0.1,7.75426807742953,0.096888207774698,5.4384429311596,27,0.2,1,84.936671382169,24.1017972688474,0.000497368307749979,3.97322143267113e-05,0.959695130249204,303,5918,1,"2","diploid","female"
"909","0","0","0","0",-0.226664051413536,3114.83227539062,"map_5918_1_3",5,70,300,20,5,3.76046701493089,0.1,8.8663247989716,0.219341061208665,3.10129835358528,170,0.2,1,84.936671382169,24.1017972688474,0.00167477843775782,0.00139312845325575,0.33556062556579,303,5918,1,"3","diploid","female"
"910","0","0","0","0",-0.438558220863342,3137.98193359375,"map_5919_1_1",5,70,300,20,5,3.36814837487084,0.1,13.0660875188452,0.326337350564066,1.74588698737986,8,0.2,1,85.4339073615217,24.0595173105977,0.00600205305657137,0.0135850140531514,0.19062249564299,304,5919,1,"1","diploid","female"
"911","0","0","0","0",-0.438558220863342,3137.98193359375,"map_5919_1_2",5,70,300,20,5,7.02294039275209,0.1,6.12537541643042,0.430450563671776,5.20168517894247,3,0.2,1,85.4339073615217,24.0595173105977,0.00138034664859752,3.25787791930188e-05,0.711078818766833,304,5919,1,"2","diploid","female"
"912","0","0","0","0",-0.438558220863342,3137.98193359375,"map_5919_1_3",5,70,300,20,5,3.30979624848114,0.1,6.20704532455229,0.486307635754767,2.92330615684407,4,0.2,1,85.4339073615217,24.0595173105977,0.00173431602822576,0.000263658507713324,0.501461793905412,304,5919,1,"3","diploid","female"
"913","0","0","0","0",-0.835370182991028,2885.38208007812,"map_5964_1_1",5,70,300,20,5,0,0.1,26.5831849758644,0.219953821676698,0.551189406922346,12,0.2,1,60.1421503054343,25.3088507617431,0.0154935275608938,0.12130362182913,0.0951890070833634,305,5964,1,"1","diploid","female"
"914","0","0","0","0",-0.835370182991028,2885.38208007812,"map_5964_1_2",5,70,300,20,5,3.208543290083,0.1,12.8883450417321,0.19646733450821,3.60000154289201,4,0.2,1,60.1421503054343,25.3088507617431,0.00531982908337977,0.0229164237231806,0.466948700848514,305,5964,1,"2","diploid","female"
"915","0","0","0","0",-0.835370182991028,2885.38208007812,"map_5964_1_3",5,70,300,20,5,1.75212140452029,0.1,7.7016624093062,0.377365097582539,1.45302405520844,4,0.2,1,60.1421503054343,25.3088507617431,0.00231464116551501,0.00215016323207883,0.375277050017468,305,5964,1,"3","diploid","female"
"916","0","0","0","0",-0.942326784133911,2902.888671875,"map_5965_1_1",5,70,300,20,5,1.47160758644048,0.1,20.6774589555842,0.36820796781052,0.627827666844486,11,0.2,1,58.1039851068262,25.048277283771,0.0176968324027476,0.0973449558274115,0.164540836190953,306,5965,1,"1","diploid","female"
"917","0","0","0","0",-0.942326784133911,2902.888671875,"map_5965_1_2",5,70,300,20,5,3.11144180808097,0.1,8.82082440590467,0.311464212094519,2.17239118768352,3,0.2,1,58.1039851068262,25.048277283771,0.00317039044892464,0.00967255029407938,0.537672536989102,306,5965,1,"2","diploid","female"
"918","0","0","0","0",-0.942326784133911,2902.888671875,"map_5965_1_3",5,70,300,20,5,1.91675391712658,0.1,7.09803481520827,0.27115921942725,1.26609182130187,3,0.2,1,58.1039851068262,25.048277283771,0.00121764597995817,0.000125723097494339,0.491369240297441,306,5965,1,"3","diploid","female"
"919","0","0","0","0",-0.601273775100708,2921.88232421875,"map_5966_1_1",5,70,300,20,5,0,0.1,25.7224605987033,0.266592348617039,1.00351196540403,66,0.2,1,62.6324558780835,24.9946281944266,0.0177007982939794,0.0676565871015267,0.0924385299365568,307,5966,1,"1","diploid","female"
"920","0","0","0","0",-0.601273775100708,2921.88232421875,"map_5966_1_2",5,70,300,20,5,6.67706198204485,0.1,10.7994760085809,0.149837580933504,2.81958910066865,28,0.2,1,62.6324558780835,24.9946281944266,0.00178995381953398,0.00344407021280533,0.69683921332124,307,5966,1,"2","diploid","female"
"921","0","0","0","0",-0.601273775100708,2921.88232421875,"map_5966_1_3",5,70,300,20,5,1.84847429309747,0.1,9.21216746996069,0.121819185760453,1.71393638676922,47,0.2,1,62.6324558780835,24.9946281944266,0.00100852539498519,0.00105449751665044,0.503997699656135,307,5966,1,"3","diploid","female"
"922","0","0","0","0",-0.841536223888397,2938.70068359375,"map_5967_1_1",5,70,300,20,5,0,0.1,15.3010829783695,0.429772563177934,0.526423227693475,74,0.2,1,65.8148784795869,24.9871036305644,0.0105581812694644,0.0342299217133439,0.145551218581037,308,5967,1,"1","diploid","female"
"923","0","0","0","0",-0.841536223888397,2938.70068359375,"map_5967_1_2",5,70,300,20,5,5.36449701975148,0.1,10.2929275919634,0.515802420890869,0.724320340792211,69,0.2,1,65.8148784795869,24.9871036305644,0.00480490407579039,0.00255096611428737,0.292049590200637,308,5967,1,"2","diploid","female"
"924","0","0","0","0",-0.841536223888397,2938.70068359375,"map_5967_1_3",5,70,300,20,5,1.61363287707095,0.1,8.41596523124753,0.28837190579499,1.401993274086,51,0.2,1,65.8148784795869,24.9871036305644,0.00177523963017562,0.000298610982339697,0.622219568574947,308,5967,1,"3","diploid","female"
"925","0","0","0","0",-0.603221118450165,2949.52661132812,"map_5968_1_1",5,70,300,20,5,2.07196319475732,0.1,21.988141079538,0.210989428660555,1.68997422373765,65,0.2,1,60.4621473198317,24.7188838975638,0.0111007396605355,0.0497795363202283,0.15742681610925,309,5968,1,"1","diploid","female"
"926","0","0","0","0",-0.603221118450165,2949.52661132812,"map_5968_1_2",5,70,300,20,5,4.27547365748341,0.1,9.10743397303668,0.104592701688946,3.83307490240791,16,0.2,1,60.4621473198317,24.7188838975638,0.000805713898108771,0.000408937771971877,0.986496957736509,309,5968,1,"2","diploid","female"
"927","0","0","0","0",-0.603221118450165,2949.52661132812,"map_5968_1_3",5,70,300,20,5,2.67919208153672,0.1,8.17709110104438,0.170917014053386,2.14335757910783,61,0.2,1,60.4621473198317,24.7188838975638,0.00124416329157108,0.000779860859103437,0.462298910428356,309,5968,1,"3","diploid","female"
"928","0","0","0","0",-0.48116546869278,2958.791015625,"map_5969_1_1",5,70,300,20,5,2.27502498948101,0.1,12.5991216174526,0.288843566406978,1.79641398779084,6,0.2,1,64.4261470268731,24.7085879814849,0.00585960107273621,0.0213532453600518,0.178028625515015,310,5969,1,"1","diploid","female"
"929","0","0","0","0",-0.48116546869278,2958.791015625,"map_5969_1_2",5,70,300,20,5,4.72397941138136,0.1,7.84010800990965,0.323187156492358,3.88882870445332,3,0.2,1,64.4261470268731,24.7085879814849,0.00196769480484714,0.00148618112651623,0.478285826174672,310,5969,1,"2","diploid","female"
"930","0","0","0","0",-0.48116546869278,2958.791015625,"map_5969_1_3",5,70,300,20,5,2.89048209351143,0.1,6.78610210566698,0.370484536708427,2.47594731730297,2,0.2,1,64.4261470268731,24.7085879814849,0.00166488671248076,0.000790579896844616,0.470509752816846,310,5969,1,"3","diploid","female"
"931","0","0","0","0",-0.95382696390152,2947.76049804688,"map_5981_1_1",5,70,300,20,5,1.56772471120142,0.1,7.49446780066613,0.69983352677089,1.5796704394335,42,0.2,1,36.9050972799328,24.8056501684263,0.00627101438064715,0.0258417329836356,0.709505969757209,311,5981,1,"1","diploid","female"
"932","0","0","0","0",-0.95382696390152,2947.76049804688,"map_5981_1_2",5,70,300,20,5,3.24063808725195,0.1,5.08392014993095,3.16299123923522,2.58285861308358,4,0.2,1,36.9050972799328,24.8056501684263,0.00668564920699881,0.00156216494374913,2.33984411665795,311,5981,1,"2","diploid","female"
"933","0","0","0","0",-0.95382696390152,2947.76049804688,"map_5981_1_3",5,70,300,20,5,2.31087954405513,0.1,5.30561757522915,0.928496915161546,2.04990236694641,7,0.2,1,36.9050972799328,24.8056501684263,0.00217078463882892,6.65392128336574e-05,1.05290581632038,311,5981,1,"3","diploid","female"
"934","0","0","0","0",-0.98043555021286,3122.111328125,"map_6016_1_1",5,70,300,20,5,0.854231459773909,0.1,10.8879470873733,0.172102017342387,1.41667501291319,18,0.2,1,18.4749742065157,24.7964406739042,0.00230267485243507,0.00513908883066247,0.332265711970939,312,6016,1,"1","diploid","female"
"935","0","0","0","0",-0.98043555021286,3122.111328125,"map_6016_1_2",5,70,300,20,5,4.65187673057937,0.1,8.07495957098727,0.0350503970881663,2.92436298488372,5,0.2,1,18.4749742065157,24.7964406739042,0.00019294326436399,1.26188947749978e-06,1.32439750871086,312,6016,1,"2","diploid","female"
"936","0","0","0","0",-0.98043555021286,3122.111328125,"map_6016_1_3",5,70,300,20,5,1.14338799359704,0.1,7.48337950606557,0.203658591655604,1.6585578671427,11,0.2,1,18.4749742065157,24.7964406739042,0.000947264788034027,5.52975775892952e-06,0.637726357507339,312,6016,1,"3","diploid","female"
"937","0","0","0","0",-0.501658618450165,3104.83081054688,"map_6017_1_1",5,70,300,20,5,2.44185077258944,0.1,8.94101696906901,0.225763401477138,1.89179177085178,21,0.2,1,16.3932656468545,24.8336677175292,0.00192982285980711,0.00282135458501816,0.35216087302357,313,6017,1,"1","diploid","female"
"938","0","0","0","0",-0.501658618450165,3104.83081054688,"map_6017_1_2",5,70,300,20,5,5.68190297707396,0.1,6.16704899956371,0.314660322387849,3.54254569492631,8,0.2,1,16.3932656468545,24.8336677175292,0.000968449808591729,2.36579605395705e-06,1.1280255051531,313,6017,1,"2","diploid","female"
"939","0","0","0","0",-0.501658618450165,3104.83081054688,"map_6017_1_3",5,70,300,20,5,3.32670424624666,0.1,7.20674815738916,0.115847828894667,2.32430650293788,16,0.2,1,16.3932656468545,24.8336677175292,0.000523791339094726,4.10250401433346e-05,0.653967597183155,313,6017,1,"3","diploid","female"
"940","0","0","0","0",-0.16765695810318,3022.61059570312,"map_6018_1_1",5,70,300,20,5,1.25600379526463,0.1,7.63376838827569,0.611203908757301,2.30794778819522,86,0.2,1,30.0927240458438,24.8153636002989,0.00399776582995286,0.00725813303694424,0.688760865540611,314,6018,1,"1","diploid","female"
"941","0","0","0","0",-0.16765695810318,3022.61059570312,"map_6018_1_2",5,70,300,20,5,7.91506008453683,0.1,7.33522562237855,0.0734878113143371,4.09986820409637,14,0.2,1,30.0927240458438,24.8153636002989,0.000346349868595653,1.91471820966957e-05,2.36700400590682,314,6018,1,"2","diploid","female"
"942","0","0","0","0",-0.16765695810318,3022.61059570312,"map_6018_1_3",5,70,300,20,5,1.27511671839326,0.1,6.80767578931798,0.362970048133655,2.82773550606343,131,0.2,1,30.0927240458438,24.8153636002989,0.00149368254628145,0.000531082910825287,0.720056689423649,314,6018,1,"3","diploid","female"
"943","0","0","0","0",-0.123544111847878,2981.578125,"map_6020_1_1",5,70,300,20,5,2.21313800122529,0.1,13.0111530210247,0.218086935245666,2.37139351564319,62,0.2,1,30.7844346870616,24.7956147957482,0.00469052627213105,0.0167459223297985,0.253094589926448,315,6020,1,"1","diploid","female"
"944","0","0","0","0",-0.123544111847878,2981.578125,"map_6020_1_2",5,70,300,20,5,6.87028873487173,0.1,7.47186326611383,0.199200849342464,4.36929006183139,23,0.2,1,30.7844346870616,24.7956147957482,0.000982035035988812,5.1107192201162e-05,0.762153063292463,315,6020,1,"2","diploid","female"
"945","0","0","0","0",-0.123544111847878,2981.578125,"map_6020_1_3",5,70,300,20,5,2.26242531239085,0.1,8.14392398669121,0.133280896006443,2.74702940898109,106,0.2,1,30.7844346870616,24.7956147957482,0.000847379776381902,0.000492609459685237,0.551866862434586,315,6020,1,"3","diploid","female"
"946","0","0","0","0",-0.55692857503891,3037.66333007812,"map_6021_1_1",5,70,300,20,5,2.39927368667252,0.1,8.58171714873633,0.551936915610794,1.19165190975071,95,0.2,1,30.5399620059717,24.5864991715052,0.00392374397232922,0.00400400088367802,0.642970050981073,316,6021,1,"1","diploid","female"
"947","0","0","0","0",-0.55692857503891,3037.66333007812,"map_6021_1_2",5,70,300,20,5,4.91778705191828,0.1,6.53982790390001,0.0999291478942628,3.82777000264836,14,0.2,1,30.5399620059717,24.5864991715052,0.000376796255298823,2.50108061886175e-05,2.40223488716893,316,6021,1,"2","diploid","female"
"948","0","0","0","0",-0.55692857503891,3037.66333007812,"map_6021_1_3",5,70,300,20,5,3.43380909163291,0.1,8.2117670755138,0.314985309389902,2.17171791252952,115,0.2,1,30.5399620059717,24.5864991715052,0.00178844229071366,9.66216915391617e-05,0.756330960441084,316,6021,1,"3","diploid","female"
"949","0","0","0","0",-0.758329272270203,3090.41381835938,"map_6022_1_1",5,70,300,20,5,2.15107886675856,0.1,12.5111614454278,0.316159407322406,0.868597364486356,34,0.2,1,33.730474437392,24.5210789554803,0.00499974268312382,0.0105953495170655,0.371033462978367,317,6022,1,"1","diploid","female"
"950","0","0","0","0",-0.758329272270203,3090.41381835938,"map_6022_1_2",5,70,300,20,5,4.68045237367784,0.1,8.984621834942,0.0451875514841017,3.69417222241258,7,0.2,1,33.730474437392,24.5210789554803,0.000304816496092974,2.02282296990206e-05,2.00354050551039,317,6022,1,"2","diploid","female"
"951","0","0","0","0",-0.758329272270203,3090.41381835938,"map_6022_1_3",5,70,300,20,5,3.1420423071341,0.1,7.88986167432341,0.0952552404725605,2.1334087650405,14,0.2,1,33.730474437392,24.5210789554803,0.000531839336548161,4.70500577396631e-05,0.905863054542734,317,6022,1,"3","diploid","female"
"952","0","0","0","0",-0.656247496604919,3101.01318359375,"map_6023_1_1",5,70,300,20,5,2.54146279836705,0.1,11.3313680713884,0.157792660234625,2.17922936311918,18,0.2,1,33.6970611973062,24.0446862116209,0.00231907536230192,0.00657985706738992,0.32490118390543,318,6023,1,"1","diploid","female"
"953","0","0","0","0",-0.656247496604919,3101.01318359375,"map_6023_1_2",5,70,300,20,5,4.84219169094496,0.1,8.62994745524372,0.12930692299918,3.58379668661583,7,0.2,1,33.6970611973062,24.0446862116209,0.000808377093055848,6.2665893201087e-05,0.83847735370201,318,6023,1,"2","diploid","female"
"954","0","0","0","0",-0.656247496604919,3101.01318359375,"map_6023_1_3",5,70,300,20,5,3.54220689046412,0.1,7.26615139132256,0.116446334157345,2.71786432309224,15,0.2,1,33.6970611973062,24.0446862116209,0.000548218914417053,3.09006325983434e-05,0.7300998576819,318,6023,1,"3","diploid","female"
"955","0","0","0","0",-0.0747066736221313,3009.75,"map_6024_1_1",5,70,300,20,5,2.87881127360641,0.1,13.850463654845,0.145114565044441,2.66297139587118,18,0.2,1,31.426106499081,24.0911165995719,0.00284151971965865,0.00517572585811059,0.306922830051178,319,6024,1,"1","diploid","female"
"956","0","0","0","0",-0.0747066736221313,3009.75,"map_6024_1_2",5,70,300,20,5,7.47176855129414,0.1,9.06267412156696,0.0739724911958664,4.8882757615428,8,0.2,1,31.426106499081,24.0911165995719,0.000528023759791608,9.65471216988303e-05,0.673175142320071,319,6024,1,"2","diploid","female"
"957","0","0","0","0",-0.0747066736221313,3009.75,"map_6024_1_3",5,70,300,20,5,2.9084244809637,0.1,8.57266376467717,0.140990947486032,3.41598085307613,27,0.2,1,31.426106499081,24.0911165995719,0.00096607925085787,0.000314814336364992,0.475690456915596,319,6024,1,"3","diploid","female"
"958","0","0","0","0",-0.574792087078094,2829.94287109375,"map_6068_1_1",5,70,300,20,5,0,0.1,8.96157348240357,0.143758066370697,0.287653982861212,70,0.2,1,59.8082631980858,25.2888887380049,0.00200044023257523,0.0103199216578274,0.705520584849819,320,6068,1,"1","diploid","female"
"959","0","0","0","0",-0.574792087078094,2829.94287109375,"map_6068_1_2",5,70,300,20,5,3.21250172979819,0.1,8.11765625635905,0.739135800958559,0.963259687538624,100,0.2,1,59.8082631980858,25.2888887380049,0.00482504598517984,0.00447892109398078,1.21855980073869,320,6068,1,"2","diploid","female"
"960","0","0","0","0",-0.574792087078094,2829.94287109375,"map_6068_1_3",5,70,300,20,5,1.45442065329152,0.1,9.0747612535069,0.391453439323948,0.642034988916942,68,0.2,1,59.8082631980858,25.2888887380049,0.00299813182938651,0.00206174897248095,0.640213625341204,320,6068,1,"3","diploid","female"
"961","0","0","0","0",-0.637271165847778,2861.52197265625,"map_6069_1_1",5,70,300,20,5,0,0.1,18.3660578267453,0.0907712626718019,0.405908265838081,5,0.2,1,56.1962458509147,25.0397257881967,0.00337756466977422,0.0147731495819279,0.199607404435007,321,6069,1,"1","diploid","female"
"962","0","0","0","0",-0.637271165847778,2861.52197265625,"map_6069_1_2",5,70,300,20,5,3.36814602454815,0.1,9.66554007243128,0.820248518837625,0.455327779421602,7,0.2,1,56.1962458509147,25.0397257881967,0.00773341899098931,0.0157440371253863,0.867587911934599,321,6069,1,"2","diploid","female"
"963","0","0","0","0",-0.637271165847778,2861.52197265625,"map_6069_1_3",5,70,300,20,5,1.79290536749595,0.1,8.31384868998131,0.407902558438154,1.03755861068345,2,0.2,1,56.1962458509147,25.0397257881967,0.00264207504529465,0.00131460950493585,0.543496662252477,321,6069,1,"3","diploid","female"
"964","0","0","0","0",-0.325841277837753,2898.72827148438,"map_6070_1_1",5,70,300,20,5,0,0.1,21.8672473576535,0.635556027336091,0.202761749750973,91,0.2,1,62.4433730123843,25.014344191736,0.0255067264363025,0.0410356557805163,0.0716379911253142,322,6070,1,"1","diploid","female"
"965","0","0","0","0",-0.325841277837753,2898.72827148438,"map_6070_1_2",5,70,300,20,5,8.15881520628212,0.1,11.1231299065117,0.057489823309356,4.54376254561465,20,0.2,1,62.4433730123843,25.014344191736,0.000697594289135246,0.000735595148849973,0.618298064462865,322,6070,1,"2","diploid","female"
"966","0","0","0","0",-0.325841277837753,2898.72827148438,"map_6070_1_3",5,70,300,20,5,1.03453870471394,0.1,11.1082756152094,0.18456660881053,1.84914504174423,58,0.2,1,62.4433730123843,25.014344191736,0.00232329205085022,0.00378775066141396,0.289004757264521,322,6070,1,"3","diploid","female"
"967","0","0","0","0",-0.749826192855835,2923.23706054688,"map_6072_1_1",5,70,300,20,5,0,0.1,15.5388082327722,0.244177064241001,1.28294144260089,13,0.2,1,61.3962059131888,24.7239782557271,0.00746619398609311,0.028648432623715,0.176786773742767,323,6072,1,"1","diploid","female"
"968","0","0","0","0",-0.749826192855835,2923.23706054688,"map_6072_1_2",5,70,300,20,5,5.73711807214934,0.1,9.51091341374586,0.185193913928116,2.81274537899949,6,0.2,1,61.3962059131888,24.7239782557271,0.00174823535412065,0.00267842813647947,0.558096317168409,323,6072,1,"2","diploid","female"
"969","0","0","0","0",-0.749826192855835,2923.23706054688,"map_6072_1_3",5,70,300,20,5,0.929939209259167,0.1,7.43990279632139,0.171042410273326,1.72751173496174,5,0.2,1,61.3962059131888,24.7239782557271,0.000849498759300776,0.000143998795525819,0.508347371594107,323,6072,1,"3","diploid","female"
"970","0","0","0","0",-0.669164419174194,2941.1591796875,"map_6073_1_1",5,70,300,20,5,1.9622314548127,0.1,18.1334235645728,0.202387737244448,1.42525883177358,11,0.2,1,64.2991930781013,24.7409765030195,0.00834337851768558,0.0458577876197846,0.192065523154297,324,6073,1,"1","diploid","female"
"971","0","0","0","0",-0.669164419174194,2941.1591796875,"map_6073_1_2",5,70,300,20,5,4.01775117193273,0.1,9.69328276192517,0.138621815034575,3.75654509924944,5,0.2,1,64.2991930781013,24.7409765030195,0.00199272340656605,0.00899518897365233,0.647873173738696,324,6073,1,"2","diploid","female"
"972","0","0","0","0",-0.669164419174194,2941.1591796875,"map_6073_1_3",5,70,300,20,5,2.5428057118236,0.1,7.80390777434446,0.156466778445585,1.95194235110904,5,0.2,1,64.2991930781013,24.7409765030195,0.000881999041583342,0.00037301932098371,0.492968632199353,324,6073,1,"3","diploid","female"
"973","0","0","0","0",-0.842066049575806,2948.95556640625,"map_6074_1_1",5,70,300,20,5,1.75788963637718,0.1,17.8417992580789,0.274963806205249,1.39575119758988,6,0.2,1,63.9781730721559,24.6837033612916,0.00994109001673413,0.033633836201479,0.147814954919039,325,6074,1,"1","diploid","female"
"974","0","0","0","0",-0.842066049575806,2948.95556640625,"map_6074_1_2",5,70,300,20,5,3.66241479885904,0.1,8.44132121049117,0.280209512662933,3.18340026471334,3,0.2,1,63.9781730721559,24.6837033612916,0.00250099881962634,0.00425128955585532,0.650647146467601,325,6074,1,"2","diploid","female"
"975","0","0","0","0",-0.842066049575806,2948.95556640625,"map_6074_1_3",5,70,300,20,5,2.42416981413619,0.1,7.70960898627002,0.248176588958632,1.97643112077762,2,0.2,1,63.9781730721559,24.6837033612916,0.00143153406435552,0.000392357446072292,0.467877178472905,325,6074,1,"3","diploid","female"
"976","0","0","0","0",-0.296961724758148,2977.56884765625,"map_6075_1_1",5,70,300,20,5,0,0.1,12.9726036951601,0.462692148020321,0.924119495118338,79,0.2,1,63.9248693363611,24.5443201977549,0.0080843164162874,0.0184538992093981,0.198087052373063,326,6075,1,"1","diploid","female"
"977","0","0","0","0",-0.296961724758148,2977.56884765625,"map_6075_1_2",5,70,300,20,5,8.59952677643657,0.1,8.33613226547647,0.0784585930513125,4.53608663970972,11,0.2,1,63.9248693363611,24.5443201977549,0.0006490320833644,0.00129151975443134,1.91984187779714,326,6075,1,"2","diploid","female"
"978","0","0","0","0",-0.296961724758148,2977.56884765625,"map_6075_1_3",5,70,300,20,5,2.66196570593396,0.1,9.59097211063428,0.280300968473014,2.38729140821994,35,0.2,1,63.9248693363611,24.5443201977549,0.00233670491295662,0.00147525793693755,0.509295443605861,326,6075,1,"3","diploid","female"
"979","0","0","0","0",-0.944273591041565,3017.8212890625,"map_6120_1_1",5,70,300,20,5,1.71689584355776,0.1,11.1765234242636,0.166912352661723,1.31940658749851,20,0.2,1,17.9599287051992,24.8045877528481,0.00251126057882679,0.0054435535894673,0.268309984384533,327,6120,1,"1","diploid","female"
"980","0","0","0","0",-0.944273591041565,3017.8212890625,"map_6120_1_2",5,70,300,20,5,3.74128944668992,0.1,7.2249130801066,0.0999400385306959,2.80486408240793,8,0.2,1,17.9599287051992,24.8045877528481,0.000456888836048574,5.67958127764923e-05,0.78831562537372,327,6120,1,"2","diploid","female"
"981","0","0","0","0",-0.944273591041565,3017.8212890625,"map_6120_1_3",5,70,300,20,5,2.78193190746176,0.1,6.37238286258553,0.160625974456518,1.69607703741297,13,0.2,1,17.9599287051992,24.8045877528481,0.000538434978972591,3.57771007381121e-06,0.731373341798237,327,6120,1,"3","diploid","female"
"982","0","0","0","0",-0.97026801109314,3013.92163085938,"map_6121_1_1",5,70,300,20,5,1.27320090881406,0.1,9.09650093578073,0.266143449475625,1.53629093824421,8,0.2,1,29.7231770801386,24.8228078119779,0.00281215465769487,0.00678266564050493,0.32941905719696,328,6121,1,"1","diploid","female"
"983","0","0","0","0",-0.97026801109314,3013.92163085938,"map_6121_1_2",5,70,300,20,5,4.25316044821789,0.1,6.05451183905341,0.29817507162761,2.76275106631841,3,0.2,1,29.7231770801386,24.8228078119779,0.00093575847072103,7.37671744804794e-05,1.09082600995087,328,6121,1,"2","diploid","female"
"984","0","0","0","0",-0.97026801109314,3013.92163085938,"map_6121_1_3",5,70,300,20,5,1.68248821862151,0.1,5.43037064314926,0.550020089009266,2.12239999520526,4,0.2,1,29.7231770801386,24.8228078119779,0.00137402071759053,1.9573981971261e-05,0.694283344491646,328,6121,1,"3","diploid","female"
"985","0","0","0","0",-0.677154898643494,2969.46704101562,"map_6122_1_1",5,70,300,20,5,1.49661934182385,0.1,14.068937154676,0.16060631879001,1.64552944978834,22,0.2,1,31.1694219092594,24.7696618421265,0.00379183424684941,0.015218297064442,0.246537726838954,329,6122,1,"1","diploid","female"
"986","0","0","0","0",-0.677154898643494,2969.46704101562,"map_6122_1_2",5,70,300,20,5,4.6903792503504,0.1,9.56652366321532,0.0800215506247858,3.47096010327858,8,0.2,1,31.1694219092594,24.7696618421265,0.000663734557290874,0.000347093653040664,0.810085490741375,329,6122,1,"2","diploid","female"
"987","0","0","0","0",-0.677154898643494,2969.46704101562,"map_6122_1_3",5,70,300,20,5,1.75362607016765,0.1,7.93116950936953,0.125692954888911,2.07443469348421,15,0.2,1,31.1694219092594,24.7696618421265,0.000737390191818265,0.000138750575138035,0.63877269986033,329,6122,1,"3","diploid","female"
"988","0","0","0","0",-0.615037083625793,3053.75830078125,"map_6126_1_1",5,70,300,20,5,2.32916794494627,0.1,10.3112707113146,0.456928585395458,0.90057602986437,87,0.2,1,32.2250825984533,24.5577834113492,0.0046425434116496,0.00553683700586725,0.447795117694798,330,6126,1,"1","diploid","female"
"989","0","0","0","0",-0.615037083625793,3053.75830078125,"map_6126_1_2",5,70,300,20,5,4.86483090256603,0.1,8.86981082697806,0.248223863263349,2.21985273463488,18,0.2,1,32.2250825984533,24.5577834113492,0.00160282959255238,4.94719073102287e-05,1.50607694165353,330,6126,1,"2","diploid","female"
"990","0","0","0","0",-0.615037083625793,3053.75830078125,"map_6126_1_3",5,70,300,20,5,3.37258629899361,0.1,7.86644714481042,0.194864264052242,2.66339488896126,102,0.2,1,32.2250825984533,24.5577834113492,0.00110725545611038,7.56308655410083e-05,0.961832867425619,330,6126,1,"3","diploid","female"
"991","0","0","0","0",-0.832774579524994,3041.85205078125,"map_6127_1_1",5,70,300,20,5,0.947630809621409,0.1,11.2710159100768,0.378729569966715,0.77699235330474,88,0.2,1,32.1383226151482,24.5617119878894,0.00486193577724017,0.00803924045464631,0.451034918978278,331,6127,1,"1","diploid","female"
"992","0","0","0","0",-0.832774579524994,3041.85205078125,"map_6127_1_2",5,70,300,20,5,4.49498441934696,0.1,8.15361511230335,0.479896360450478,0.719807541396205,55,0.2,1,32.1383226151482,24.5617119878894,0.00261629562096436,8.9562769432899e-05,0.886551351085123,331,6127,1,"2","diploid","female"
"993","0","0","0","0",-0.832774579524994,3041.85205078125,"map_6127_1_3",5,70,300,20,5,1.31925737206899,0.1,6.43992010486231,0.346252662014579,2.07801680811986,113,0.2,1,32.1383226151482,24.5617119878894,0.00119601831848994,2.37235911002629e-05,0.957124388730817,331,6127,1,"3","diploid","female"
"994","0","0","0","0",-0.723215937614441,2798.66162109375,"map_6172_1_1",5,70,300,20,5,0,0.1,50.901087154935,6.2470846315152e-14,0,56,0.2,1,56.7579390852158,25.3024614841043,1.27141777523915e-14,6.2470846315152e-14,0.303731590264804,332,6172,1,"1","diploid","female"
"995","0","0","0","0",-0.723215937614441,2798.66162109375,"map_6172_1_2",5,70,300,20,5,0,0.1,11.6506297343018,0.242562401158593,1.88062034201269,27,0.2,1,56.7579390852158,25.3024614841043,0.00387352138320428,0.0124736578807378,0.485090469681396,332,6172,1,"2","diploid","female"
"996","0","0","0","0",-0.723215937614441,2798.66162109375,"map_6172_1_3",5,70,300,20,5,1.1188696098132,0.1,7.13755602450672,0.29348905248091,0.779350048005192,48,0.2,1,56.7579390852158,25.3024614841043,0.00144005907048742,0.00077506699779609,0.431273365857052,332,6172,1,"3","diploid","female"
"997","0","0","0","0",-0.818396151065826,2832.57055664062,"map_6173_1_1",5,70,300,20,5,0,0.1,16.8498526694201,0.0829822970369079,0.404639283825501,47,0.2,1,61.6919024941137,25.0247046790646,0.00261035606898109,0.0102715949600711,0.177273239993629,333,6173,1,"1","diploid","female"
"998","0","0","0","0",-0.818396151065826,2832.57055664062,"map_6173_1_2",5,70,300,20,5,2.74292298151528,0.1,8.8348332570319,1.13679873081362,0.898995097295635,105,0.2,1,61.6919024941137,25.0247046790646,0.0129191086777965,0.061556994485762,0.999704929014789,333,6173,1,"2","diploid","female"
"999","0","0","0","0",-0.818396151065826,2832.57055664062,"map_6173_1_3",5,70,300,20,5,1.41608137062937,0.1,7.36305817987207,0.46040366713488,0.688025199226432,23,0.2,1,61.6919024941137,25.0247046790646,0.00214451082739061,0.000295639165552447,0.76304162284395,333,6173,1,"3","diploid","female"
"1000","0","0","0","0",-0.700584530830383,2868.64697265625,"map_6174_1_1",5,70,300,20,5,0,0.1,13.4723872278237,0.184102289910715,0.951277239552349,120,0.2,1,60.6661413618893,24.9985969900425,0.0042206849852328,0.0156176436705326,0.272753818241799,334,6174,1,"1","diploid","female"
"1001","0","0","0","0",-0.700584530830383,2868.64697265625,"map_6174_1_2",5,70,300,20,5,3.30245097831685,0.1,16.5116615843666,0.146968590996,3.3182114016889,58,0.2,1,60.6661413618893,24.9985969900425,0.0040483513144021,0.0117663846558122,0.440753439827648,334,6174,1,"2","diploid","female"
"1002","0","0","0","0",-0.700584530830383,2868.64697265625,"map_6174_1_3",5,70,300,20,5,1.81140264677199,0.1,9.44897195029291,0.234811116696074,1.51883702712106,165,0.2,1,60.6661413618893,24.9985969900425,0.00200369650500704,0.00112848510325106,0.321852608348165,334,6174,1,"3","diploid","female"
"1003","0","0","0","0",-0.514742314815521,2908.66796875,"map_6177_1_1",5,70,300,20,5,2.09835393467637,0.1,12.8686523697153,0.352136963792434,1.86101738808995,16,0.2,1,65.3114745007005,24.7061151286956,0.00790950904636845,0.0314532745370763,0.194888189949584,335,6177,1,"1","diploid","female"
"1004","0","0","0","0",-0.514742314815521,2908.66796875,"map_6177_1_2",5,70,300,20,5,4.08872829643972,0.1,8.157526640622,0.462645209949679,3.29190961216595,5,0.2,1,65.3114745007005,24.7061151286956,0.00334324955156829,0.00460487756489352,0.495080292274408,335,6177,1,"2","diploid","female"
"1005","0","0","0","0",-0.514742314815521,2908.66796875,"map_6177_1_3",5,70,300,20,5,2.41588917337245,0.1,7.02775611587874,0.471038384616821,2.30305126139142,5,0.2,1,65.3114745007005,24.7061151286956,0.00236047826322607,0.000756642081785613,0.46538477886752,335,6177,1,"3","diploid","female"
"1006","0","0","0","0",-0.906168580055237,2903.84204101562,"map_6178_1_1",5,70,300,20,5,1.55575906245041,0.1,18.7647624863229,0.339152698929855,1.08859682546528,10,0.2,1,63.2784583675505,24.7374925691556,0.0149217804116558,0.0784165202800554,0.112650323328697,336,6178,1,"1","diploid","female"
"1007","0","0","0","0",-0.906168580055237,2903.84204101562,"map_6178_1_2",5,70,300,20,5,3.03277471464843,0.1,15.1975261946931,0.34589699645289,2.45790618909341,4,0.2,1,63.2784583675505,24.7374925691556,0.0120239450505647,0.0640185761455323,0.273880887973998,336,6178,1,"2","diploid","female"
"1008","0","0","0","0",-0.906168580055237,2903.84204101562,"map_6178_1_3",5,70,300,20,5,2.03010004170285,0.1,6.22403348679523,0.447086117158377,1.71101797207333,3,0.2,1,63.2784583675505,24.7374925691556,0.00158648360361828,0.000221837950730844,0.498713248038376,336,6178,1,"3","diploid","female"
"1009","0","0","0","0",-0.631078124046326,2933.99731445312,"map_6179_1_1",5,70,300,20,5,0,0.1,8.89654388908599,0.718961108960513,1.79120115149183,49,0.2,1,57.9955759767282,24.5545271485879,0.0100368509457021,0.0486510167634898,0.551675269700152,337,6179,1,"1","diploid","female"
"1010","0","0","0","0",-0.631078124046326,2933.99731445312,"map_6179_1_2",5,70,300,20,5,6.27879976237435,0.1,5.18496825182738,4.64810489755627,3.20171811649607,1,0.2,1,57.9955759767282,24.5545271485879,0.0106904585957024,0.00574224866959673,2.01232904374029,337,6179,1,"2","diploid","female"
"1011","0","0","0","0",-0.631078124046326,2933.99731445312,"map_6179_1_3",5,70,300,20,5,2.0600533756959,0.1,5.45297691737518,1.06157431185335,2.48630858601881,9,0.2,1,57.9955759767282,24.5545271485879,0.0027745795145891,0.000616564213466534,0.960604623533463,337,6179,1,"3","diploid","female"
"1012","0","0","0","0",0.337110161781311,2946.58154296875,"map_6207_1_1",5,70,300,20,5,1.53137716858359,0.1,11.0769722965946,0.345012610568944,2.24847023837346,5,0.2,1,11.0453545710821,24.6607339613989,0.00423010329553994,0.00519990525362532,0.295425985124942,338,6207,1,"1","diploid","female"
"1013","0","0","0","0",0.337110161781311,2946.58154296875,"map_6207_1_2",5,70,300,20,5,8.25112601808942,0.1,5.15744616591587,1.06345995629203,5.0039099924786,5,0.2,1,11.0453545710821,24.6607339613989,0.00230692204226606,3.40676922476881e-05,1.00093889088222,338,6207,1,"2","diploid","female"
"1014","0","0","0","0",0.337110161781311,2946.58154296875,"map_6207_1_3",5,70,300,20,5,1.27785352136959,0.1,6.51856723203715,0.501151555270561,3.65273105013707,2,0.2,1,11.0453545710821,24.6607339613989,0.00208638206925869,0.000859480775182488,0.542656999987457,338,6207,1,"3","diploid","female"
"1015","0","0","0","0",-0.773738741874695,2938.90844726562,"map_6224_1_1",5,70,300,20,5,1.25615056095537,0.1,10.1404278989381,0.48440467378459,0.770629213012467,57,0.2,1,17.0476009500185,24.8295588591566,0.00501667641979789,0.00817456133263426,0.536192663787083,339,6224,1,"1","diploid","female"
"1016","0","0","0","0",-0.773738741874695,2938.90844726562,"map_6224_1_2",5,70,300,20,5,3.75728031476384,0.1,7.51918338811592,0.656156519901017,1.07661050954848,39,0.2,1,17.0476009500185,24.8295588591566,0.00308796219798876,0.000160795215266692,1.28689902905262,339,6224,1,"2","diploid","female"
"1017","0","0","0","0",-0.773738741874695,2938.90844726562,"map_6224_1_3",5,70,300,20,5,1.48921405280087,0.1,7.61264730465005,0.12247748778271,1.84570355262072,13,0.2,1,17.0476009500185,24.8295588591566,0.000630422458326185,2.80866995106928e-05,0.888844343761053,339,6224,1,"3","diploid","female"
"1018","0","0","0","0",0.490330785512924,2992.87231445312,"map_6227_1_1",5,70,300,20,5,2.17897506713735,0.1,8.93750644882872,0.294624558839697,3.84574135662388,6,0.2,1,30.610342852103,24.8260590955665,0.00277262031879447,0.0058513022255729,0.285172160629812,340,6227,1,"1","diploid","female"
"1019","0","0","0","0",0.490330785512924,2992.87231445312,"map_6227_1_2",5,70,300,20,5,9.81444380617392,0.1,6.28930779473794,0.559228165538686,4.71360486151217,3,0.2,1,30.610342852103,24.8260590955665,0.00182820415650117,5.15989105112033e-05,0.90274552358033,340,6227,1,"2","diploid","female"
"1020","0","0","0","0",0.490330785512924,2992.87231445312,"map_6227_1_3",5,70,300,20,5,2.07860780911774,0.1,8.0277168994589,0.393822239359729,3.79099076459511,4,0.2,1,30.610342852103,24.8260590955665,0.00315683741565468,0.00725198794171023,0.36792126409644,340,6227,1,"3","diploid","female"
"1021","0","0","0","0",-0.529510378837585,2951.27734375,"map_6232_1_1",5,70,300,20,5,1.13448570955132,0.1,8.71130443082877,0.447741831886509,1.82435196609869,56,0.2,1,31.3958794209252,24.4115904635897,0.00421714140058136,0.0108492353154,0.571004347249929,341,6232,1,"1","diploid","female"
"1022","0","0","0","0",-0.529510378837585,2951.27734375,"map_6232_1_2",5,70,300,20,5,5.52588514603227,0.1,6.0696443780362,1.85243657495311,2.41145137483666,10,0.2,1,31.3958794209252,24.4115904635897,0.00670220816699251,0.00155197986315304,1.22691040797529,341,6232,1,"2","diploid","female"
"1023","0","0","0","0",-0.529510378837585,2951.27734375,"map_6232_1_3",5,70,300,20,5,1.18324129447629,0.1,6.96086552946345,0.28378357168635,2.22691082276637,22,0.2,1,31.3958794209252,24.4115904635897,0.00127085463699714,0.00055708854760198,0.724509503263739,341,6232,1,"3","diploid","female"
"1024","0","0","0","0",-0.722663879394531,2916.65673828125,"map_6233_1_1",5,70,300,20,5,1.97158153181571,0.1,14.6336957846832,0.161426131141989,1.60351520784226,55,0.2,1,23.5259249079663,24.406180602926,0.00397781880373212,0.0123572099275609,0.250617409176435,342,6233,1,"1","diploid","female"
"1025","0","0","0","0",-0.722663879394531,2916.65673828125,"map_6233_1_2",5,70,300,20,5,3.35048502285053,0.1,15.7439116841495,0.064466915919354,2.80187302929524,21,0.2,1,23.5259249079663,24.406180602926,0.0016852408844104,0.00370857037320573,0.590737314342861,342,6233,1,"2","diploid","female"
"1026","0","0","0","0",-0.722663879394531,2916.65673828125,"map_6233_1_3",5,70,300,20,5,2.52552060603297,0.1,7.7440018244793,0.130921052442844,1.9633560625891,80,0.2,1,23.5259249079663,24.406180602926,0.000695419930697765,4.42256692612016e-05,0.575832974093292,342,6233,1,"3","diploid","female"
"1027","0","0","0","0",-0.484048455953598,2907.2724609375,"map_6234_1_1",5,70,300,20,5,2.29485520990114,0.1,13.9069457768107,0.243032070903294,1.35349857000989,10,0.2,1,23.108831615345,24.3939332089683,0.00517155759460291,0.0182702531448754,0.208090663390043,343,6234,1,"1","diploid","female"
"1028","0","0","0","0",-0.484048455953598,2907.2724609375,"map_6234_1_2",5,70,300,20,5,3.81113430166281,0.1,10.9723315555881,0.366463584252522,0.65661375981537,6,0.2,1,23.108831615345,24.3939332089683,0.00410030378149717,0.00390220519658451,0.309337591310404,343,6234,1,"2","diploid","female"
"1029","0","0","0","0",-0.484048455953598,2907.2724609375,"map_6234_1_3",5,70,300,20,5,2.68689001103897,0.1,7.29931077527195,0.181411852322419,1.95234878113119,5,0.2,1,23.108831615345,24.3939332089683,0.000867731836731766,0.000189704172011073,0.514846467693211,343,6234,1,"3","diploid","female"
"1030","0","0","0","0",-0.776300609111786,2888.451171875,"map_6283_1_1",5,70,300,20,5,1.17587632147485,0.1,13.145445801743,0.221364022235337,1.40766938748497,38,0.2,1,21.9253988361104,24.5551691249624,0.00472529809742303,0.0161118192026301,0.207051743420309,344,6283,1,"1","diploid","female"
"1031","0","0","0","0",-0.776300609111786,2888.451171875,"map_6283_1_2",5,70,300,20,5,3.20278031649852,0.1,9.40982667004216,0.136198280178499,2.66553469903465,13,0.2,1,21.9253988361104,24.5551691249624,0.00108507372031023,0.000549158340174879,0.516677136534412,344,6283,1,"2","diploid","female"
"1032","0","0","0","0",-0.776300609111786,2888.451171875,"map_6283_1_3",5,70,300,20,5,1.22731653027315,0.1,7.35249089376809,0.216145277647395,1.51598015069609,27,0.2,1,21.9253988361104,24.5551691249624,0.000966312940696522,1.13955528243743e-05,0.608296372338865,344,6283,1,"3","diploid","female"
"1033","0","0","0","0",-0.728385806083679,2934.71166992188,"map_6284_1_1",5,70,300,20,5,0.735354753949727,0.1,11.4948415864849,0.188072779254782,1.70228293292447,70,0.2,1,20.8551548669529,24.5481829646418,0.00299181826224992,0.00790024741547824,0.253783318823591,345,6284,1,"1","diploid","female"
"1034","0","0","0","0",-0.728385806083679,2934.71166992188,"map_6284_1_2",5,70,300,20,5,4.12480063753758,0.1,8.78414767694767,0.104116994236812,3.1541489243489,18,0.2,1,20.8551548669529,24.5481829646418,0.000735132695210137,0.000194187475668291,0.747876412798322,345,6284,1,"2","diploid","female"
"1035","0","0","0","0",-0.728385806083679,2934.71166992188,"map_6284_1_3",5,70,300,20,5,0.798970717708452,0.1,7.18914034968147,0.202229812107778,2.08670712886189,99,0.2,1,20.8551548669529,24.5481829646418,0.000899169332810152,3.02080424051941e-05,0.624092187834346,345,6284,1,"3","diploid","female"
"1036","0","0","0","0",0.193065002560616,2932.39697265625,"map_6287_1_1",5,70,300,20,5,1.67274931637546,0.1,9.54153939426679,0.550553752215043,1.51529975668436,42,0.2,1,27.9482731427069,24.5587955937433,0.00515842277808668,0.00847905371979264,0.497098514900961,346,6287,1,"1","diploid","female"
"1037","0","0","0","0",0.193065002560616,2932.39697265625,"map_6287_1_2",5,70,300,20,5,6.99152203591401,0.1,6.7556865500002,0.216944399108157,5.15557547701116,5,0.2,1,27.9482731427069,24.5587955937433,0.000870099627866547,0.000138244188168348,2.50311386968435,346,6287,1,"2","diploid","female"
"1038","0","0","0","0",0.193065002560616,2932.39697265625,"map_6287_1_3",5,70,300,20,5,1.56326268038746,0.1,7.63999187068608,0.274101895463778,3.04393224963312,10,0.2,1,27.9482731427069,24.5587955937433,0.00154545977383769,0.00102163181888918,0.641074515318262,346,6287,1,"3","diploid","female"
"1039","0","0","0","0",0.695025682449341,3017.05029296875,"map_6304_1_1",5,70,300,20,5,4.77101052632394,0.1,9.23184746378399,0.343724622386155,5.11729816479805,7,0.2,1,41.4921845990756,24.5279115862757,0.00389240175492665,0.0124616997771107,0.277360934585226,347,6304,1,"1","diploid","female"
"1040","0","0","0","0",0.695025682449341,3017.05029296875,"map_6304_1_2",5,70,300,20,5,13.752764696512,0.1,7.21939258951683,0.483621207817191,4.78644431825047,3,0.2,1,41.4921845990756,24.5279115862757,0.00220504452439109,7.5250723055922e-05,0.680332813368237,347,6304,1,"2","diploid","female"
"1041","0","0","0","0",0.695025682449341,3017.05029296875,"map_6304_1_3",5,70,300,20,5,3.82267874677879,0.1,8.26274511328769,0.458294428666977,4.76869581339211,4,0.2,1,41.4921845990756,24.5279115862757,0.00369373688741192,0.00671846984762113,0.328918450317782,347,6304,1,"3","diploid","female"
"1042","0","0","0","0",-0.517848074436188,2894.09912109375,"map_6328_1_1",5,70,300,20,5,2.01974771943543,0.1,14.1200833744448,0.229997608492763,1.4694966500056,39,0.2,1,16.4780241084653,24.8305492219471,0.00567673720899078,0.027252733461678,0.301791855296327,348,6328,1,"1","diploid","female"
"1043","0","0","0","0",-0.517848074436188,2894.09912109375,"map_6328_1_2",5,70,300,20,5,3.70577076675442,0.1,9.09768694438078,0.187945349396552,2.15632290182899,13,0.2,1,16.4780241084653,24.8305492219471,0.00139115610778441,0.0008804699226919,0.957738214478246,348,6328,1,"2","diploid","female"
"1044","0","0","0","0",-0.517848074436188,2894.09912109375,"map_6328_1_3",5,70,300,20,5,2.36845689604256,0.1,7.68296759295658,0.206286722768809,1.69550624906313,32,0.2,1,16.4780241084653,24.8305492219471,0.00105761510365632,8.6338434120429e-05,0.596121412123437,348,6328,1,"3","diploid","female"
"1045","0","0","0","0",0.0909290388226509,2929.435546875,"map_6329_1_1",5,70,300,20,5,3.23737302586427,0.1,11.1853766811622,0.305328490171386,2.87292686153417,7,0.2,1,30.2649368315044,24.7833186556203,0.00523574164279577,0.0177641988962135,0.208087255619144,349,6329,1,"1","diploid","female"
"1046","0","0","0","0",0.0909290388226509,2929.435546875,"map_6329_1_2",5,70,300,20,5,6.10824175248585,0.1,5.72042492929437,0.623841498372567,5.48810637611166,4,0.2,1,30.2649368315044,24.7833186556203,0.00190768787275144,0.000574639483338299,0.653512685960926,349,6329,1,"2","diploid","female"
"1047","0","0","0","0",0.0909290388226509,2929.435546875,"map_6329_1_3",5,70,300,20,5,3.4527510229318,0.1,7.70154878632675,0.382900673220191,2.90731779721759,3,0.2,1,30.2649368315044,24.7833186556203,0.00228142580144833,0.00145598846146247,0.368725837031017,349,6329,1,"3","diploid","female"
"1048","0","0","0","0",-0.165780991315842,2981.37182617188,"map_6330_1_1",5,70,300,20,5,1.21499322025115,0.1,10.9381195337739,0.27746166030898,2.73993461424748,8,0.2,1,30.4904964269198,24.7847926324652,0.00476044351657451,0.0135788497854339,0.240409345486654,350,6330,1,"1","diploid","female"
"1049","0","0","0","0",-0.165780991315842,2981.37182617188,"map_6330_1_2",5,70,300,20,5,7.30908146834835,0.1,5.57497121499337,0.54623362241595,5.21093225159291,4,0.2,1,30.4904964269198,24.7847926324652,0.00148634374026256,3.63061574402521e-05,0.866320177476887,350,6330,1,"2","diploid","female"
"1050","0","0","0","0",-0.165780991315842,2981.37182617188,"map_6330_1_3",5,70,300,20,5,1.1988449424386,0.1,7.46429837872643,0.391763880462016,3.19014494389832,5,0.2,1,30.4904964269198,24.7847926324652,0.00234794780693865,0.00202833043014393,0.371299602783675,350,6330,1,"3","diploid","female"
"1051","0","0","0","0",-0.432417571544647,2999.318359375,"map_6331_1_1",5,70,300,20,5,2.42681614752652,0.1,12.5811552766875,0.270240970011645,1.18517197597603,26,0.2,1,29.5667722405389,24.8084712496364,0.00410392977462649,0.00595360711788846,0.25446538598675,351,6331,1,"1","diploid","female"
"1052","0","0","0","0",-0.432417571544647,2999.318359375,"map_6331_1_2",5,70,300,20,5,5.10046118139593,0.1,6.40427505505369,0.58314358765959,2.07589437976413,23,0.2,1,29.5667722405389,24.8084712496364,0.00195684752341952,3.51310868772287e-05,1.77158668753648,351,6331,1,"2","diploid","female"
"1053","0","0","0","0",-0.432417571544647,2999.318359375,"map_6331_1_3",5,70,300,20,5,3.31449147804992,0.1,8.05304705932926,0.252302636656686,2.16433001788928,23,0.2,1,29.5667722405389,24.8084712496364,0.00139380294083018,9.04656026678478e-05,0.79640905844608,351,6331,1,"3","diploid","female"
"1054","0","0","0","0",-0.872067153453827,2985.13452148438,"map_6332_1_1",5,70,300,20,5,1.77292125558733,0.1,7.99732916099972,0.595420705541814,1.18102985420532,18,0.2,1,29.3830812761554,24.8493856622267,0.00435719188881306,0.0085241373475007,0.731665676914973,352,6332,1,"1","diploid","female"
"1055","0","0","0","0",-0.872067153453827,2985.13452148438,"map_6332_1_2",5,70,300,20,5,3.73628450382917,0.1,5.55509403445171,1.01057239972401,2.05188539550594,13,0.2,1,29.3830812761554,24.8493856622267,0.00258335343801606,0.00014022318750269,1.66860196083192,352,6332,1,"2","diploid","female"
"1056","0","0","0","0",-0.872067153453827,2985.13452148438,"map_6332_1_3",5,70,300,20,5,2.6969438887729,0.1,6.65361402698793,0.36143546558039,2.01756986301516,3,0.2,1,29.3830812761554,24.8493856622267,0.00134201877133076,5.35691100993195e-05,0.913485922416512,352,6332,1,"3","diploid","female"
"1057","0","0","0","0",-0.646746814250946,2901.16674804688,"map_6337_1_1",5,70,300,20,5,1.58410948490467,0.1,13.6580986974129,0.192866762827958,1.50887621916782,31,0.2,1,23.3055120917452,24.3684273399784,0.00431491036725749,0.0153558205081598,0.219258004242289,353,6337,1,"1","diploid","female"
"1058","0","0","0","0",-0.646746814250946,2901.16674804688,"map_6337_1_2",5,70,300,20,5,3.80691220285906,0.1,9.93054196599955,0.122630146476576,2.64911123539212,12,0.2,1,23.3055120917452,24.3684273399784,0.00121763772934282,0.00146265448665143,0.57687799857893,353,6337,1,"2","diploid","female"
"1059","0","0","0","0",-0.646746814250946,2901.16674804688,"map_6337_1_3",5,70,300,20,5,1.61606904569871,0.1,7.32158228812223,0.145612475091723,1.76659371517397,21,0.2,1,23.3055120917452,24.3684273399784,0.00071895612573182,8.19364488958914e-05,0.607272940732509,353,6337,1,"3","diploid","female"
"1060","0","0","0","0",-0.877058565616608,2811.3603515625,"map_6386_1_1",5,70,300,20,5,0,0.1,19.2163143244948,0.219235958684088,0.545338153849824,67,0.2,1,21.9245001943937,24.7352316437106,0.00857071234042753,0.0293680616812453,0.185454881939255,354,6386,1,"1","diploid","female"
"1061","0","0","0","0",-0.877058565616608,2811.3603515625,"map_6386_1_2",5,70,300,20,5,2.66774342408417,0.1,10.1552792276406,0.335020264811087,1.14942498177814,61,0.2,1,21.9245001943937,24.7352316437106,0.0038172719084028,0.00785907099082045,0.494983086717662,354,6386,1,"2","diploid","female"
"1062","0","0","0","0",-0.877058565616608,2811.3603515625,"map_6386_1_3",5,70,300,20,5,0.397628121717726,0.1,8.35775578573907,0.0947629963203637,0.617393127041727,23,0.2,1,21.9245001943937,24.7352316437106,0.000594046082156187,1.51070479113199e-05,0.687281093631561,354,6386,1,"3","diploid","female"
"1063","0","0","0","0",-0.820141851902008,2833.48754882812,"map_6387_1_1",5,70,300,20,5,0,0.1,13.4639940210818,0.310651468397543,0.829594834641548,18,0.2,1,22.4692009324363,24.5385485443166,0.00786968061112356,0.0377002683367107,0.213641168279048,355,6387,1,"1","diploid","female"
"1064","0","0","0","0",-0.820141851902008,2833.48754882812,"map_6387_1_2",5,70,300,20,5,2.51488143836587,0.1,9.65893433239206,0.254925407806747,1.46667028256156,8,0.2,1,22.4692009324363,24.5385485443166,0.00283758364354506,0.00825956454756128,0.392009247567948,355,6387,1,"2","diploid","female"
"1065","0","0","0","0",-0.820141851902008,2833.48754882812,"map_6387_1_3",5,70,300,20,5,1.56518112318421,0.1,6.0713387117386,0.418063895192322,0.768564313569795,6,0.2,1,22.4692009324363,24.5385485443166,0.00127211913807593,4.50830293071948e-06,0.604490905199758,355,6387,1,"3","diploid","female"
"1066","0","0","0","0",-0.704496920108795,2877.02075195312,"map_6388_1_1",5,70,300,20,5,1.7688716952735,0.1,12.5515139507069,0.254729339294406,1.56272992263056,107,0.2,1,22.5645388560896,24.589819761553,0.00488639274980357,0.0155350781605816,0.200570272495215,356,6388,1,"1","diploid","female"
"1067","0","0","0","0",-0.704496920108795,2877.02075195312,"map_6388_1_2",5,70,300,20,5,3.08869811368066,0.1,8.40849680449129,0.190071323156807,2.75030714792913,28,0.2,1,22.5645388560896,24.589819761553,0.00139197309055763,0.00109465510951328,0.548120552791493,356,6388,1,"2","diploid","female"
"1068","0","0","0","0",-0.704496920108795,2877.02075195312,"map_6388_1_3",5,70,300,20,5,2.07275893481191,0.1,6.03700583452254,0.285794263982392,1.67720737348156,113,0.2,1,22.5645388560896,24.589819761553,0.000912014773655465,1.22227435194372e-05,0.650686178645645,356,6388,1,"3","diploid","female"
"1069","0","0","0","0",0.663439095020294,2918.92407226562,"map_6400_1_1",5,70,300,20,5,0,0.1,8.71680778565372,0.253589712918436,2.67085055803932,12,0.2,1,14.9782692489842,25.1619954446093,0.00217586968717966,0.0044424819252829,0.286322029374563,357,6400,1,"1","diploid","female"
"1070","0","0","0","0",0.663439095020294,2918.92407226562,"map_6400_1_2",5,70,300,20,5,8.71344715973201,0.1,6.95341463784799,0.225329755309255,3.94382177872421,4,0.2,1,14.9782692489842,25.1619954446093,0.000938678798552196,3.75359029784699e-05,0.593048246056222,357,6400,1,"2","diploid","female"
"1071","0","0","0","0",0.663439095020294,2918.92407226562,"map_6400_1_3",5,70,300,20,5,3.99802111298589,0.1,8.48338419299166,0.327136748297868,2.61866784140802,13,0.2,1,14.9782692489842,25.1619954446093,0.00263037585056501,0.00375731499062888,0.314819999504012,357,6400,1,"3","diploid","female"
"1072","0","0","0","0",0.321967393159866,2962.80859375,"map_6406_1_1",5,70,300,20,5,1.74720426932468,0.1,11.1877719979559,0.19856695823831,3.51031528778304,56,0.2,1,29.0594879069746,24.5321057063005,0.00274936924485197,0.006185569776657,0.268510020571393,358,6406,1,"1","diploid","female"
"1073","0","0","0","0",0.321967393159866,2962.80859375,"map_6406_1_2",5,70,300,20,5,9.26850947065686,0.1,8.9058444028863,0.139110146028143,5.75979509916338,15,0.2,1,29.0594879069746,24.5321057063005,0.00101120771431245,0.000243698682727942,0.703675109689952,358,6406,1,"2","diploid","female"
"1074","0","0","0","0",0.321967393159866,2962.80859375,"map_6406_1_3",5,70,300,20,5,1.46451747942997,0.1,9.05951925640601,0.24697179522764,3.4853998670904,127,0.2,1,29.0594879069746,24.5321057063005,0.00194977718061741,0.00142586477988926,0.372887595464916,358,6406,1,"3","diploid","female"
"1075","0","0","0","0",0.649745106697083,3007.70922851562,"map_6407_1_1",5,70,300,20,5,2.27913538344859,0.1,10.8355070937632,0.176443549641477,3.96286299382867,33,0.2,1,31.5256934612247,24.4713608288686,0.00222642271558126,0.00449439138150985,0.288053549813767,359,6407,1,"1","diploid","female"
"1076","0","0","0","0",0.649745106697083,3007.70922851562,"map_6407_1_2",5,70,300,20,5,12.5612966535536,0.1,8.12680336960914,0.156622356583629,5.69346306785093,11,0.2,1,31.5256934612247,24.4713608288686,0.000886429452186101,4.72998133192064e-05,0.622283465622636,359,6407,1,"2","diploid","female"
"1077","0","0","0","0",0.649745106697083,3007.70922851562,"map_6407_1_3",5,70,300,20,5,1.82979312709827,0.1,11.9181755574545,0.216356688438582,3.58234359635338,75,0.2,1,31.5256934612247,24.4713608288686,0.00342784284012594,0.00898267510818522,0.266540380377386,359,6407,1,"3","diploid","female"
"1078","0","0","0","0",0.162364661693573,3048.6748046875,"map_6408_1_1",5,70,300,20,5,4.15724784769916,0.1,13.0929380834527,0.18518254137899,3.72482507976602,17,0.2,1,49.6209074963763,24.476266373458,0.00391194158576123,0.0160038385942694,0.261833450845177,360,6408,1,"1","diploid","female"
"1079","0","0","0","0",0.162364661693573,3048.6748046875,"map_6408_1_2",5,70,300,20,5,8.30334907463414,0.1,7.26566212218251,0.263666628287969,5.21095460876986,7,0.2,1,49.6209074963763,24.476266373458,0.0011408001533732,2.31340953973317e-05,1.09383091180509,360,6408,1,"2","diploid","female"
"1080","0","0","0","0",0.162364661693573,3048.6748046875,"map_6408_1_3",5,70,300,20,5,4.48986719255957,0.1,11.2985526061537,0.216529202561982,3.80526832929793,20,0.2,1,49.6209074963763,24.476266373458,0.00298445362686497,0.00421695690966895,0.23560181749104,360,6408,1,"3","diploid","female"
"1081","0","0","0","0",-0.784228563308716,3075.56958007812,"map_6409_1_1",5,70,300,20,5,2.39888951309698,0.1,9.22507179311833,0.282712823708424,2.15976772798409,8,0.2,1,49.3939182247434,24.0956653700583,0.0031881207795179,0.00980819953923492,0.257852424418122,361,6409,1,"1","diploid","female"
"1082","0","0","0","0",-0.784228563308716,3075.56958007812,"map_6409_1_2",5,70,300,20,5,4.5207714073885,0.1,6.06957196400746,0.42003700967256,3.81536516411569,4,0.2,1,49.3939182247434,24.0956653700583,0.00139495067407358,0.000208949473853521,0.608762658960214,361,6409,1,"2","diploid","female"
"1083","0","0","0","0",-0.784228563308716,3075.56958007812,"map_6409_1_3",5,70,300,20,5,3.2882771281127,0.1,5.58048187270268,0.472688941697137,2.78378616993575,4,0.2,1,49.3939182247434,24.0956653700583,0.00127006779129313,5.81415846044388e-05,0.600435663518222,361,6409,1,"3","diploid","female"
"1084","0","0","0","0",0.599822223186493,2966.71459960938,"map_6416_1_1",5,70,300,20,5,0,0.1,18.5363657744456,0.224236705073686,3.42441277869311,37,0.2,1,46.7206980770212,24.6353109051355,0.00841803200830733,0.0265557596509991,0.141103824343997,362,6416,1,"1","diploid","female"
"1085","0","0","0","0",0.599822223186493,2966.71459960938,"map_6416_1_2",5,70,300,20,5,9.51573021426677,0.1,7.8386004275145,0.170416008852079,5.0600621971963,11,0.2,1,46.7206980770212,24.6353109051355,0.000853503612138984,3.75355564499313e-05,1.02580352386281,362,6416,1,"2","diploid","female"
"1086","0","0","0","0",0.599822223186493,2966.71459960938,"map_6416_1_3",5,70,300,20,5,4.79370155282316,0.1,13.0338889137698,0.242771987421747,3.09660257002525,74,0.2,1,46.7206980770212,24.6353109051355,0.00475198095714696,0.0139343484324533,0.205322150817543,362,6416,1,"3","diploid","female"
"1087","0","0","0","0",-0.410787314176559,2867.06762695312,"map_6432_1_1",5,70,300,20,5,1.34855055837181,0.1,13.3540920277169,0.437227112740771,0.772040528246448,146,0.2,1,5.09923209081036,24.8229892996855,0.00897672272454905,0.0355491828996147,0.305912967348965,363,6432,1,"1","diploid","female"
"1088","0","0","0","0",-0.410787314176559,2867.06762695312,"map_6432_1_2",5,70,300,20,5,3.55095618502982,0.1,9.80024543976571,0.23902179086338,1.79562061010333,27,0.2,1,5.09923209081036,24.8229892996855,0.00203016011477139,0.000832165083538117,1.62422652720166,363,6432,1,"2","diploid","female"
"1089","0","0","0","0",-0.410787314176559,2867.06762695312,"map_6432_1_3",5,70,300,20,5,1.2280717351764,0.1,8.04468400446408,0.25365359008897,1.50364481692929,117,0.2,1,5.09923209081036,24.8229892996855,0.00141684286616542,6.65463452520682e-05,0.468098119052299,363,6432,1,"3","diploid","female"
"1090","0","0","0","0",-0.425287216901779,2919.234375,"map_6433_1_1",5,70,300,20,5,2.21273144824721,0.1,15.7481488924423,0.173382265194862,1.57682450206322,56,0.2,1,8.68245211251055,24.825565727631,0.00468928992837582,0.0178713942158943,0.216174812574494,364,6433,1,"1","diploid","female"
"1091","0","0","0","0",-0.425287216901779,2919.234375,"map_6433_1_2",5,70,300,20,5,4.16343798381851,0.1,10.0917672019636,0.0561129715158808,3.56107432679235,17,0.2,1,8.68245211251055,24.825565727631,0.000503614595625696,0.000116232902653084,0.760221278218277,364,6433,1,"2","diploid","female"
"1092","0","0","0","0",-0.425287216901779,2919.234375,"map_6433_1_3",5,70,300,20,5,2.75549011954941,0.1,8.87040406384218,0.164108424511218,1.73897034594939,102,0.2,1,8.68245211251055,24.825565727631,0.00109391528377837,9.84259395664003e-05,0.495243244094957,364,6433,1,"3","diploid","female"
"1093","0","0","0","0",-0.0349403060972691,2925.5703125,"map_6443_1_1",5,70,300,20,5,3.18650341973625,0.1,9.82984978700115,0.487394699019309,1.44045307283196,6,0.2,1,10.6046918752724,24.3910840371386,0.00521127888943561,0.00915304695064833,0.469749636972173,365,6443,1,"1","diploid","female"
"1094","0","0","0","0",-0.0349403060972691,2925.5703125,"map_6443_1_2",5,70,300,20,5,5.24246439244907,0.1,5.08553621060771,4.64951340297919,3.94531315647051,2,0.2,1,10.6046918752724,24.3910840371386,0.00962492734693784,0.000210209169675712,1.79563869896007,365,6443,1,"2","diploid","female"
"1095","0","0","0","0",-0.0349403060972691,2925.5703125,"map_6443_1_3",5,70,300,20,5,3.57705899549487,0.1,5.75493750529594,0.848275434128625,3.0729341896607,3,0.2,1,10.6046918752724,24.3910840371386,0.00253162562812185,0.000356527038418004,0.870280144759981,365,6443,1,"3","diploid","female"
"1096","0","0","0","0",-0.673407673835754,2834.69873046875,"map_6492_1_1",5,70,300,20,5,0,0.1,21.349770994816,0.511684366800682,0.315645603147734,103,0.2,1,23.2965659744901,24.5717410082305,0.0224332916345215,0.0848753442352624,0.137566453172269,366,6492,1,"1","diploid","female"
"1097","0","0","0","0",-0.673407673835754,2834.69873046875,"map_6492_1_2",5,70,300,20,5,2.77409426550242,0.1,11.9172532569078,0.254738825550991,1.69391710046814,20,0.2,1,23.2965659744901,24.5717410082305,0.00427102378222833,0.0125319215590145,0.646299131406577,366,6492,1,"2","diploid","female"
"1098","0","0","0","0",-0.673407673835754,2834.69873046875,"map_6492_1_3",5,70,300,20,5,1.67463847878092,0.1,7.11099623184956,0.235070239061527,1.25946492738498,30,0.2,1,23.2965659744901,24.5717410082305,0.00100093842156717,2.43556615640287e-05,0.684029309570471,366,6492,1,"3","diploid","female"
"1099","0","0","0","0",-0.855038702487946,2873.05541992188,"map_6493_1_1",5,70,300,20,5,0.62256012376356,0.1,14.331016357424,0.494494150209926,0.569467876740978,80,0.2,1,22.1423396310797,24.5312858180218,0.0127662233653713,0.0492764785543232,0.364817021333592,367,6493,1,"1","diploid","female"
"1100","0","0","0","0",-0.855038702487946,2873.05541992188,"map_6493_1_2",5,70,300,20,5,3.22626050355558,0.1,11.4832481468167,0.759354652287821,0.214965050607666,92,0.2,1,22.1423396310797,24.5312858180218,0.0101053904250915,0.00687239756435444,0.32407388749187,367,6493,1,"2","diploid","female"
"1101","0","0","0","0",-0.855038702487946,2873.05541992188,"map_6493_1_3",5,70,300,20,5,0.589541535409357,0.1,7.86672012958498,0.0984309074898432,1.2239187869077,23,0.2,1,22.1423396310797,24.5312858180218,0.000514988589676214,1.72828104159753e-05,1.02258795440263,367,6493,1,"3","diploid","female"
"1102","0","0","0","0",-0.596209704875946,3048.8564453125,"map_6512_1_1",5,70,300,20,5,2.47155121332847,0.1,11.2954749521107,0.513448046724865,0.905043215707537,9,0.2,1,49.6657171288994,24.492882116662,0.00734067354506978,0.0163410450830935,0.41638688317682,368,6512,1,"1","diploid","female"
"1103","0","0","0","0",-0.596209704875946,3048.8564453125,"map_6512_1_2",5,70,300,20,5,5.10203145513953,0.1,7.87560696460139,0.593137062750619,1.16195386807874,3,0.2,1,49.6657171288994,24.492882116662,0.00302682904541011,5.38241349967605e-05,1.01986001710643,368,6512,1,"2","diploid","female"
"1104","0","0","0","0",-0.596209704875946,3048.8564453125,"map_6512_1_3",5,70,300,20,5,3.2852536367449,0.1,7.03985037710585,0.428539527275595,2.75874502859604,2,0.2,1,49.6657171288994,24.492882116662,0.00198436849312392,0.000423028424592645,0.83184132647832,368,6512,1,"3","diploid","female"
"1105","0","0","0","0",-0.85686320066452,3048.32885742188,"map_6513_1_1",5,70,300,20,5,2.24794778508371,0.1,9.6816177860302,0.506092109303672,0.972638909858518,86,0.2,1,47.8635277439193,24.1587527821098,0.00454099597423885,0.00532008067990962,0.56556872138726,369,6513,1,"1","diploid","female"
"1106","0","0","0","0",-0.85686320066452,3048.32885742188,"map_6513_1_2",5,70,300,20,5,4.13853796502247,0.1,8.98333656359682,0.101556693469898,3.80035474947344,25,0.2,1,47.8635277439193,24.1587527821098,0.000712629594933077,0.000151500993835675,2.31089164849334,369,6513,1,"2","diploid","female"
"1107","0","0","0","0",-0.85686320066452,3048.32885742188,"map_6513_1_3",5,70,300,20,5,3.19624435628109,0.1,9.03305619437633,0.165391566432263,2.34616210474691,102,0.2,1,47.8635277439193,24.1587527821098,0.00113224567619395,3.28867719928999e-05,0.856936633340244,369,6513,1,"3","diploid","female"
"1108","0","0","0","0",-0.775897741317749,3049.4609375,"map_6514_1_1",5,70,300,20,5,2.37793344671063,0.1,9.47803803285689,0.273368936311943,2.16339887846856,7,0.2,1,50.853601756286,24.1079737222868,0.00315145992538562,0.00630135263146137,0.332199555339889,370,6514,1,"1","diploid","female"
"1109","0","0","0","0",-0.775897741317749,3049.4609375,"map_6514_1_2",5,70,300,20,5,4.36751323784246,0.1,6.0860205178987,0.368154040941694,3.27115168281792,4,0.2,1,50.853601756286,24.1079737222868,0.00121507170491277,0.000236921936377394,1.06961522031449,370,6514,1,"2","diploid","female"
"1110","0","0","0","0",-0.775897741317749,3049.4609375,"map_6514_1_3",5,70,300,20,5,3.3056960799878,0.1,5.65448898789946,0.434325867569551,2.82262991999016,4,0.2,1,50.853601756286,24.1079737222868,0.00122410016369189,4.82109523373967e-05,0.633095041645111,370,6514,1,"3","diploid","female"
"1111","0","0","0","0",-0.816702008247375,3073.87084960938,"map_6515_1_1",5,70,300,20,5,2.34408285509875,0.1,8.50768438968237,0.306430184883315,2.26612468443245,5,0.2,1,49.1368243939853,24.1228803662103,0.00279519826245491,0.00659376137366729,0.304878997657065,371,6515,1,"1","diploid","female"
"1112","0","0","0","0",-0.816702008247375,3073.87084960938,"map_6515_1_2",5,70,300,20,5,4.41663511063954,0.1,5.50816940213776,0.520885780497198,3.90399070974907,3,0.2,1,49.1368243939853,24.1228803662103,0.00142459090618303,0.000235045594468144,0.85857918513936,371,6515,1,"2","diploid","female"
"1113","0","0","0","0",-0.816702008247375,3073.87084960938,"map_6515_1_3",5,70,300,20,5,3.24674380915151,0.1,5.99748727435487,0.429656673513261,2.97846606750736,2,0.2,1,49.1368243939853,24.1228803662103,0.00137290711296265,9.55430695285558e-05,0.654271736414861,371,6515,1,"3","diploid","female"
"1114","0","0","0","0",-0.866702795028687,3085.01318359375,"map_6516_1_1",5,70,300,20,5,0.97180537755276,0.1,11.3882167776845,0.190641003715011,1.90960908640966,59,0.2,1,41.8307283090991,24.0945568709939,0.00301965265705137,0.0102808178678044,0.267100354606591,372,6516,1,"1","diploid","female"
"1115","0","0","0","0",-0.866702795028687,3085.01318359375,"map_6516_1_2",5,70,300,20,5,5.53515304491762,0.1,8.51132505478452,0.114705478779239,3.70824631465411,18,0.2,1,41.8307283090991,24.0945568709939,0.000720322369579811,0.000157663667737496,0.8356026492125,372,6516,1,"2","diploid","female"
"1116","0","0","0","0",-0.866702795028687,3085.01318359375,"map_6516_1_3",5,70,300,20,5,1.12968055947021,0.1,7.44067829655836,0.201629582300909,2.46625410729003,104,0.2,1,41.8307283090991,24.0945568709939,0.000944660399450637,1.59563851240518e-05,0.600825170149042,372,6516,1,"3","diploid","female"
"1117","0","0","0","0",0.405183672904968,3001.01782226562,"map_6520_1_1",5,70,300,20,5,2.00266440505739,0.1,15.1558900735612,0.334934090545396,1.7828691737518,83,0.2,1,47.1064613427831,24.6381431389489,0.00804987287485323,0.0216870396830761,0.243766806245191,373,6520,1,"1","diploid","female"
"1118","0","0","0","0",0.405183672904968,3001.01782226562,"map_6520_1_2",5,70,300,20,5,11.7021401195325,0.1,8.60519225342361,0.116444938111433,6.59540539567431,13,0.2,1,47.1064613427831,24.6381431389489,0.000737980383135585,7.85403873074221e-05,0.544197427215109,373,6520,1,"2","diploid","female"
"1119","0","0","0","0",0.405183672904968,3001.01782226562,"map_6520_1_3",5,70,300,20,5,1.66995487349164,0.1,10.5307550330779,0.240489467194817,3.33611289713006,84,0.2,1,47.1064613427831,24.6381431389489,0.00288501346047799,0.00706360312562693,0.304479923844457,373,6520,1,"3","diploid","female"
"1120","0","0","0","0",-0.102594308555126,2921.73266601562,"map_6547_1_1",5,70,300,20,5,3.02808543034919,0.1,12.6833370930957,0.189162528440211,2.24384996797207,25,0.2,1,10.4323973268382,24.3863392689431,0.00348923637681005,0.0113961756436727,0.263072555725898,374,6547,1,"1","diploid","female"
"1121","0","0","0","0",-0.102594308555126,2921.73266601562,"map_6547_1_2",5,70,300,20,5,4.97112710253466,0.1,10.8680575546135,0.113825110391226,2.8352394336866,9,0.2,1,10.4323973268382,24.3863392689431,0.00129524410507436,0.000238576767323077,0.498049574742387,374,6547,1,"2","diploid","female"
"1122","0","0","0","0",-0.102594308555126,2921.73266601562,"map_6547_1_3",5,70,300,20,5,3.43147423116613,0.1,7.86250786896444,0.185195212647268,2.52708307816493,34,0.2,1,10.4323973268382,24.3863392689431,0.00101825448269831,0.000247571072204803,0.542539861752179,374,6547,1,"3","diploid","female"
"1123","0","0","0","0",-0.808018267154694,2823.43334960938,"map_6597_1_1",5,70,300,20,5,0,0.1,18.6152725431266,0.536743124517272,0.435265874149531,168,0.2,1,22.3466585689036,24.5621321436311,0.0229410496604518,0.112075463981824,0.117515131626803,375,6597,1,"1","diploid","female"
"1124","0","0","0","0",-0.808018267154694,2823.43334960938,"map_6597_1_2",5,70,300,20,5,2.45412520959567,0.1,9.75002479118133,1.09723857819431,0.284446967928386,73,0.2,1,22.3466585689036,24.5621321436311,0.0120143951711729,0.0243831695933163,0.320344460130565,375,6597,1,"2","diploid","female"
"1125","0","0","0","0",-0.808018267154694,2823.43334960938,"map_6597_1_3",5,70,300,20,5,1.48003944537515,0.1,6.15720474681243,0.502922360915151,1.0248370866113,108,0.2,1,22.3466585689036,24.5621321436311,0.00158306181630194,8.63528339133062e-06,0.929371818206194,375,6597,1,"3","diploid","female"
"1126","0","0","0","0",0.46434560418129,2909.08715820312,"map_6601_1_1",5,70,300,20,5,0,0.1,10.5496657981666,0.0395568785017923,0.504612083743955,53,0.2,1,27.4920479823585,25.0571222763653,0.0004703737954292,0.000702301277772402,0.221897276418005,376,6601,1,"1","diploid","female"
"1127","0","0","0","0",0.46434560418129,2909.08715820312,"map_6601_1_2",5,70,300,20,5,9.51856786036442,0.1,7.11315805675345,0.253960216104137,5.73299496191057,19,0.2,1,27.4920479823585,25.0571222763653,0.0011101991412809,5.44160650808448e-05,0.907561809563256,376,6601,1,"2","diploid","female"
"1128","0","0","0","0",0.46434560418129,2909.08715820312,"map_6601_1_3",5,70,300,20,5,1.1737805775788,0.1,9.26529303183463,0.321408697629005,2.54185094878055,135,0.2,1,27.4920479823585,25.0571222763653,0.00288583687688389,0.00331187463971207,0.342813978565776,376,6601,1,"3","diploid","female"
"1129","0","0","0","0",-0.854218661785126,3021.16943359375,"map_6616_1_1",5,70,300,20,5,2.03203885674858,0.1,8.51761517350491,0.626506306097977,1.31762369618767,43,0.2,1,49.1905796397168,24.5047226357698,0.00551903538720214,0.0188731552692043,0.684281890555289,377,6616,1,"1","diploid","female"
"1130","0","0","0","0",-0.854218661785126,3021.16943359375,"map_6616_1_2",5,70,300,20,5,4.12131931015388,0.1,5.67580423979536,1.04025770919609,2.32354367520442,54,0.2,1,49.1905796397168,24.5047226357698,0.00279498510573891,0.000178718114687474,1.61573926462769,377,6616,1,"2","diploid","female"
"1131","0","0","0","0",-0.854218661785126,3021.16943359375,"map_6616_1_3",5,70,300,20,5,2.90141152658568,0.1,7.10273849553129,0.302371205546356,2.15401778895594,7,0.2,1,49.1905796397168,24.5047226357698,0.00128177669777633,5.47780635716196e-05,0.810510514994352,377,6616,1,"3","diploid","female"
"1132","0","0","0","0",0.801839351654053,2844.04418945312,"map_6630_1_1",5,70,300,20,5,0,0.1,50.5411990257536,2.08122540482928e-14,0,5,0.2,1,16.6118813463892,25.4422284435724,4.17612354217618e-15,2.08122540482928e-14,0.303311850465518,378,6630,1,"1","diploid","female"
"1133","0","0","0","0",0.801839351654053,2844.04418945312,"map_6630_1_2",5,70,300,20,5,0,0.1,7.00521968116828,0.000215100594157062,0.00107141859993624,2,0.2,1,16.6118813463892,25.4422284435724,8.46212874559819e-07,1.40124343227193e-10,1.31121511987358,378,6630,1,"2","diploid","female"
"1134","0","0","0","0",0.801839351654053,2844.04418945312,"map_6630_1_3",5,70,300,20,5,2.74667711430889,0.1,9.96125049995837,0.510614121292463,1.86615430570762,4,0.2,1,16.6118813463892,25.4422284435724,0.00637223464131055,0.0150869693727339,0.232417602508876,378,6630,1,"3","diploid","female"
"1135","0","0","0","0",-0.227207437157631,2881.20678710938,"map_6650_1_1",5,70,300,20,5,2.61010299819519,0.1,10.7911786944232,0.373999094450594,1.9254391800459,19,0.2,1,10.7169406404843,24.4009400689853,0.0056998988516665,0.0184307054284659,0.221367301180496,379,6650,1,"1","diploid","female"
"1136","0","0","0","0",-0.227207437157631,2881.20678710938,"map_6650_1_2",5,70,300,20,5,4.09686561516376,0.1,6.16148967086055,0.70679550922329,2.90353714558804,9,0.2,1,10.7169406404843,24.4009400689853,0.00279237667511952,0.00206322165464709,0.583165025930183,379,6650,1,"2","diploid","female"
"1137","0","0","0","0",-0.227207437157631,2881.20678710938,"map_6650_1_3",5,70,300,20,5,2.71095577108828,0.1,6.06381332249502,0.497382705816773,2.33294095942599,7,0.2,1,10.7169406404843,24.4009400689853,0.00164984155623069,0.000228725675984437,0.613350799797185,379,6650,1,"3","diploid","female"
"1138","0","0","0","0",-0.464925438165665,2874.86401367188,"map_6703_1_1",5,70,300,20,5,1.55623118074081,0.1,14.9873319446337,0.38877468380602,1.08024410132389,12,0.2,1,30.661483168602,24.9360786372509,0.00944505713028374,0.0282531817150479,0.151018121705745,380,6703,1,"1","diploid","female"
"1139","0","0","0","0",-0.464925438165665,2874.86401367188,"map_6703_1_2",5,70,300,20,5,4.27162645914428,0.1,10.3995424719598,0.421642240066314,1.52863259190296,4,0.2,1,30.661483168602,24.9360786372509,0.00425864989079326,0.00102767806598411,0.37736512549191,380,6703,1,"2","diploid","female"
"1140","0","0","0","0",-0.464925438165665,2874.86401367188,"map_6703_1_3",5,70,300,20,5,1.42197609690865,0.1,6.7860597632029,0.426972593668394,1.77640168008432,3,0.2,1,30.661483168602,24.9360786372509,0.00189852806800128,0.000316275983511593,0.431085202677982,380,6703,1,"3","diploid","female"
"1141","0","0","0","0",-0.587254881858826,2930.1298828125,"map_6704_1_1",5,70,300,20,5,1.90963563985287,0.1,10.8212461266781,0.275680132807324,1.68097405798423,10,0.2,1,28.1087218962635,24.9784171350507,0.00454808941520406,0.0184066859785814,0.302943987997141,381,6704,1,"1","diploid","female"
"1142","0","0","0","0",-0.587254881858826,2930.1298828125,"map_6704_1_2",5,70,300,20,5,3.9574570664985,0.1,6.49737966122048,0.255938277194523,2.78722760311084,3,0.2,1,28.1087218962635,24.9784171350507,0.000915632309632546,0.000105154631411239,1.10035183969855,381,6704,1,"2","diploid","female"
"1143","0","0","0","0",-0.587254881858826,2930.1298828125,"map_6704_1_3",5,70,300,20,5,2.49240576369431,0.1,6.2382168494747,0.375874894513205,2.08564675450537,4,0.2,1,28.1087218962635,24.9784171350507,0.00132864551665221,0.000164108731409169,0.485176461348244,381,6704,1,"3","diploid","female"
"1144","0","0","0","0",-0.192572146654129,2937.89208984375,"map_6705_1_1",5,70,300,20,5,2.50285648138452,0.1,11.6637845882111,0.297426288882718,2.12695010057173,8,0.2,1,28.0053370236558,25.0579445322487,0.00542465225742777,0.0272839368691603,0.21565379767178,382,6705,1,"1","diploid","female"
"1145","0","0","0","0",-0.192572146654129,2937.89208984375,"map_6705_1_2",5,70,300,20,5,5.28725978927384,0.1,6.53047248265125,0.349097368886598,4.05317381189946,3,0.2,1,28.0053370236558,25.0579445322487,0.00132075406191744,8.00002115976742e-05,0.645837725690729,382,6705,1,"2","diploid","female"
"1146","0","0","0","0",-0.192572146654129,2937.89208984375,"map_6705_1_3",5,70,300,20,5,3.00835279810067,0.1,5.97874758140574,0.506970453634411,2.43003132415113,4,0.2,1,28.0053370236558,25.0579445322487,0.00167755806568342,0.000482093777304826,0.491936375320756,382,6705,1,"3","diploid","female"
"1147","0","0","0","0",0.645153164863586,2893.80883789062,"map_6706_1_1",5,70,300,20,5,0,0.1,6.45844321539568,0.130185622486485,0.899109721995278,6,0.2,1,27.644612541874,25.0424446395333,0.000589141718101676,0.000789622097209977,1.0434066314122,383,6706,1,"1","diploid","female"
"1148","0","0","0","0",0.645153164863586,2893.80883789062,"map_6706_1_2",5,70,300,20,5,8.05816366184326,0.1,5.30459554203943,1.14019692497572,6.8093507191831,10,0.2,1,27.644612541874,25.0424446395333,0.00269397091061169,6.0817126371233e-05,0.929862531864259,383,6706,1,"2","diploid","female"
"1149","0","0","0","0",0.645153164863586,2893.80883789062,"map_6706_1_3",5,70,300,20,5,3.58879087062708,0.1,8.4239268741311,0.51680831647729,2.75780356772255,4,0.2,1,27.644612541874,25.0424446395333,0.0041258400861673,0.00487712665847932,0.301571113517806,383,6706,1,"3","diploid","female"
"1150","0","0","0","0",0.763917505741119,2856.96508789062,"map_6707_1_1",5,70,300,20,5,0,0.1,13.3599632733049,0.0107744152179012,0.0203525750208167,4,0.2,1,28.5148265538521,25.0166110768535,0.000231863930797163,0.000916031733494693,0.51221096892562,384,6707,1,"1","diploid","female"
"1151","0","0","0","0",0.763917505741119,2856.96508789062,"map_6707_1_2",5,70,300,20,5,0,0.1,7.58445629605331,0.00810456531164166,0.898850176473842,2,0.2,1,28.5148265538521,25.0166110768535,3.87740228613774e-05,6.77464962355581e-08,0.485625540984141,384,6707,1,"2","diploid","female"
"1152","0","0","0","0",0.763917505741119,2856.96508789062,"map_6707_1_3",5,70,300,20,5,3.15425722173552,0.1,10.6438870252983,0.442001562990399,2.36536562078046,4,0.2,1,28.5148265538521,25.0166110768535,0.00597637164830349,0.0136283714889031,0.162222793419437,384,6707,1,"3","diploid","female"
"1153","0","0","0","0",0.81109082698822,2899.77783203125,"map_6734_1_1",5,70,300,20,5,0,0.1,9.36190754387328,0.0161230131294902,0.161618361818006,15,0.2,1,16.468915275821,25.4759215919943,0.000143271882091252,0.000223121746200508,0.610577901423409,385,6734,1,"1","diploid","female"
"1154","0","0","0","0",0.81109082698822,2899.77783203125,"map_6734_1_2",5,70,300,20,5,9.30058286859984,0.1,9.04379532905183,0.0424322529969028,6.49997464474513,5,0.2,1,16.468915275821,25.4759215919943,0.00031099003713202,1.83850443231391e-05,0.73149288134512,385,6734,1,"2","diploid","female"
"1155","0","0","0","0",0.81109082698822,2899.77783203125,"map_6734_1_3",5,70,300,20,5,3.62735440901942,0.1,14.4988513161405,0.294641615578167,2.11909628625084,54,0.2,1,16.468915275821,25.4759215919943,0.0067840432087581,0.0196519839193184,0.165228307457379,385,6734,1,"3","diploid","female"
"1156","0","0","0","0",0.70844954252243,2807.97802734375,"map_6736_1_1",5,70,300,20,5,0,0.1,51.3082142811194,2.34086894160484e-14,0,55,0.2,1,7.6176814594402,25.2239168310746,4.84083423596214e-15,2.34086894160484e-14,0.303952904320439,386,6736,1,"1","diploid","female"
"1157","0","0","0","0",0.70844954252243,2807.97802734375,"map_6736_1_2",5,70,300,20,5,0,0.1,5.00281126900282,9.09277602796159e-07,4.16620650372689e-07,12,0.2,1,7.6176814594402,25.2239168310746,1.78861657752847e-09,7.04404966447154e-12,3.0393937103676,386,6736,1,"2","diploid","female"
"1158","0","0","0","0",0.70844954252243,2807.97802734375,"map_6736_1_3",5,70,300,20,5,2.23837947247231,0.1,8.66280610972554,0.597631766134126,1.24421502398094,223,0.2,1,7.6176814594402,25.2239168310746,0.0053985788049759,0.0110518607962238,0.45631076135377,386,6736,1,"3","diploid","female"
"1159","0","0","0","0",0.793379664421082,2793.98852539062,"map_6797_1_1",5,70,300,20,5,0,0.1,50.8044725441505,2.97728104247365e-13,0,121,0.2,1,134.359349095544,25.562914191,6.03644762619905e-14,2.97728104247365e-13,0.295025925364464,387,6797,1,"1","diploid","female"
"1160","0","0","0","0",0.793379664421082,2793.98852539062,"map_6797_1_2",5,70,300,20,5,0,0.1,50.8790406480866,6.18416227832973e-15,0,23,0.2,1,134.359349095544,25.562914191,1.25754392206616e-15,6.18416227832973e-15,0.306712570915904,387,6797,1,"2","diploid","female"
"1161","0","0","0","0",0.793379664421082,2793.98852539062,"map_6797_1_3",5,70,300,20,5,1.81026958734822,0.1,21.866811087995,0.528117287059133,0.635964899409073,221,0.2,1,134.359349095544,25.562914191,0.0275102045572588,0.137306139805041,0.0671103792993862,387,6797,1,"3","diploid","female"
"1162","0","0","0","0",-0.116548031568527,2859.23120117188,"map_6807_1_1",5,70,300,20,5,0,0.1,15.6064662789148,0.0612979209613005,0.65138864851614,52,0.2,1,17.4363464844162,24.9830534162976,0.00155366124020397,0.00479727312586865,0.344701135037425,388,6807,1,"1","diploid","female"
"1163","0","0","0","0",-0.116548031568527,2859.23120117188,"map_6807_1_2",5,70,300,20,5,4.36806070832895,0.1,10.9316146086108,0.0375538784015515,3.3099312488827,17,0.2,1,17.4363464844162,24.9830534162976,0.000414165325849403,0.000297030650224295,2.21822088821198,388,6807,1,"2","diploid","female"
"1164","0","0","0","0",-0.116548031568527,2859.23120117188,"map_6807_1_3",5,70,300,20,5,2.2379222821801,0.1,8.3765811726224,0.427411867604995,1.13838559934905,119,0.2,1,17.4363464844162,24.9830534162976,0.00273524011705632,0.00121784092679566,0.510786163839356,388,6807,1,"3","diploid","female"
"1165","0","0","0","0",-0.692656219005585,2923.49633789062,"map_6809_1_1",5,70,300,20,5,1.24349498295762,0.1,18.1709446976105,0.290190278908575,0.852049399455918,41,0.2,1,17.3796093688158,24.9071460681632,0.00963270375526681,0.0401435920963644,0.256239479170479,389,6809,1,"1","diploid","female"
"1166","0","0","0","0",-0.692656219005585,2923.49633789062,"map_6809_1_2",5,70,300,20,5,3.76220368224239,0.1,12.0280259557917,0.075275089046346,2.64907781863989,9,0.2,1,17.3796093688158,24.9071460681632,0.0010107477023834,0.00098335238259301,1.69619649850928,389,6809,1,"2","diploid","female"
"1167","0","0","0","0",-0.692656219005585,2923.49633789062,"map_6809_1_3",5,70,300,20,5,1.41263444379887,0.1,7.59844628210586,0.145471603659055,1.75182006415941,26,0.2,1,17.3796093688158,24.9071460681632,0.000797999283165923,0.000196461273297043,0.713534710736079,389,6809,1,"3","diploid","female"
"1168","0","0","0","0",-0.173753172159195,2911.83251953125,"map_6810_1_1",5,70,300,20,5,2.55096508259846,0.1,11.0141797918349,0.324910992501567,2.03640571669061,10,0.2,1,18.6780267953996,24.9459920376242,0.00555415717497161,0.0228913601475902,0.247427202903949,390,6810,1,"1","diploid","female"
"1169","0","0","0","0",-0.173753172159195,2911.83251953125,"map_6810_1_2",5,70,300,20,5,4.86904717839876,0.1,6.68827759199883,0.444993149733938,3.2937335372015,4,0.2,1,18.6780267953996,24.9459920376242,0.00178668235755253,0.000435226616541655,0.66523747705442,390,6810,1,"2","diploid","female"
"1170","0","0","0","0",-0.173753172159195,2911.83251953125,"map_6810_1_3",5,70,300,20,5,2.90068624649107,0.1,5.77903496415451,0.550987253477235,2.29643039332073,5,0.2,1,18.6780267953996,24.9459920376242,0.00167225610922342,0.000198231917452156,0.577240182931678,390,6810,1,"3","diploid","female"
"1171","0","0","0","0",0.185478806495667,2881.13720703125,"map_6811_1_1",5,70,300,20,5,1.19702672202727,0.1,7.1053037763503,0.469664683374416,2.19161334301959,16,0.2,1,18.2889956984162,24.8802917007328,0.00319944035195774,0.00829911089937531,0.501687521172071,391,6811,1,"1","diploid","female"
"1172","0","0","0","0",0.185478806495667,2881.13720703125,"map_6811_1_2",5,70,300,20,5,6.373672701539,0.1,6.55899819628627,0.493516209279798,3.26766231221972,5,0.2,1,18.2889956984162,24.8802917007328,0.00196800049949535,0.0004636534019534,0.550427636384222,391,6811,1,"2","diploid","female"
"1173","0","0","0","0",0.185478806495667,2881.13720703125,"map_6811_1_3",5,70,300,20,5,0.885567035301785,0.1,5.97966736860717,0.544159073176119,2.33106439623932,6,0.2,1,18.2889956984162,24.8802917007328,0.00181158467649728,0.000579413017990306,0.547059536584312,391,6811,1,"3","diploid","female"
"1174","0","0","0","0",0.502340376377106,2799.689453125,"map_6946_1_1",5,70,300,20,5,0,0.1,50.681591490519,2.60287252014836e-14,0,11,0.2,1,7.37079927489855,25.1934032782368,5.25185514673784e-15,2.60287252014836e-14,0.304680200258212,392,6946,1,"1","diploid","female"
"1175","0","0","0","0",0.502340376377106,2799.689453125,"map_6946_1_2",5,70,300,20,5,0,0.1,10.4848182747238,1.40562466913457e-06,4.80023493527754e-05,3,0.2,1,7.37079927489855,25.1934032782368,1.24186346398932e-08,4.62991083321048e-12,0.988789357488225,392,6946,1,"2","diploid","female"
"1176","0","0","0","0",0.502340376377106,2799.689453125,"map_6946_1_3",5,70,300,20,5,1.20062986585155,0.1,9.45577525770015,0.379154525412094,1.22685604956685,14,0.2,1,7.37079927489855,25.1934032782368,0.00358806508864849,0.0052412942805063,0.282416080880382,392,6946,1,"3","diploid","female"
"1177","0","0","0","0",0.561710774898529,2817.70336914062,"map_7007_1_1",5,70,300,20,5,0,0.1,51.1395645819674,1.2579512311378e-13,0,19,0.2,1,68.716355693672,25.564823045023,2.58424842812821e-14,1.2579512311378e-13,0.298998020246381,393,7007,1,"1","diploid","female"
"1178","0","0","0","0",0.561710774898529,2817.70336914062,"map_7007_1_2",5,70,300,20,5,0,0.1,5.12999283410402,0.000543428422865466,0.0010379711810148,5,0.2,1,68.716355693672,25.564823045023,1.15558924035739e-06,2.74123550319848e-09,0.764632757987218,393,7007,1,"2","diploid","female"
"1179","0","0","0","0",0.561710774898529,2817.70336914062,"map_7007_1_3",5,70,300,20,5,1.31164084489723,0.1,16.07428352175,0.361011760543913,0.639008452696643,50,0.2,1,68.716355693672,25.564823045023,0.0108438346190658,0.0459939578470642,0.261835895051892,393,7007,1,"3","diploid","female"
"1180","0","0","0","0",0.703229188919067,2922.77587890625,"map_7019_1_1",5,70,300,20,5,0,0.1,10.4432996477868,0.344508199599976,2.02822004666835,5,0.2,1,19.5530199871531,24.9247595023475,0.00364028499061399,0.00445786160108762,0.297075217956199,394,7019,1,"1","diploid","female"
"1181","0","0","0","0",0.703229188919067,2922.77587890625,"map_7019_1_2",5,70,300,20,5,8.79683667736757,0.1,6.30237532149709,0.622958777250429,4.85921888396291,2,0.2,1,19.5530199871531,24.9247595023475,0.00217837114549759,2.44417067202957e-05,1.47216185784205,394,7019,1,"2","diploid","female"
"1182","0","0","0","0",0.703229188919067,2922.77587890625,"map_7019_1_3",5,70,300,20,5,4.33618591747474,0.1,8.37231603127331,0.465387086871459,3.25479277398409,3,0.2,1,19.5530199871531,24.9247595023475,0.00356421153436925,0.00516284047939423,0.490532798397911,394,7019,1,"3","diploid","female"
"1183","0","0","0","0",0.268339335918427,2886.24194335938,"map_7020_1_1",5,70,300,20,5,0,0.1,9.50116605081949,0.259480844618613,2.04981464643725,11,0.2,1,18.8470943859002,24.9076018657663,0.00286047146967561,0.00789594219687935,0.31387904673777,395,7020,1,"1","diploid","female"
"1184","0","0","0","0",0.268339335918427,2886.24194335938,"map_7020_1_2",5,70,300,20,5,6.02481495071142,0.1,6.17805757695406,0.299610155550834,3.56074741548316,4,0.2,1,18.8470943859002,24.9076018657663,0.000943457487519594,4.6534499535156e-05,2.34844299473234,395,7020,1,"2","diploid","female"
"1185","0","0","0","0",0.268339335918427,2886.24194335938,"map_7020_1_3",5,70,300,20,5,3.02920644604097,0.1,8.89001077664935,0.312498325806239,1.75788532564092,7,0.2,1,18.8470943859002,24.9076018657663,0.00246432943456671,0.00243358039625815,0.532696075968464,395,7020,1,"3","diploid","female"
"1186","0","0","0","0",0.00658190483227372,3022.650390625,"map_7032_1_1",5,70,300,20,5,3.47330248233146,0.1,12.3347252945357,0.189663538879049,2.83351567953638,19,0.2,1,44.7061426481139,24.9000368016899,0.00337978602696579,0.0103646080377448,0.21348016617137,396,7032,1,"1","diploid","female"
"1187","0","0","0","0",0.00658190483227372,3022.650390625,"map_7032_1_2",5,70,300,20,5,7.19821812027931,0.1,7.93987406164477,0.127425470166451,5.63382936492259,5,0.2,1,44.7061426481139,24.9000368016899,0.000768902644547846,0.000409259145759012,0.691146992414696,396,7032,1,"2","diploid","female"
"1188","0","0","0","0",0.00658190483227372,3022.650390625,"map_7032_1_3",5,70,300,20,5,4.11869016047261,0.1,9.06030043047314,0.232728132989502,3.08320261348966,12,0.2,1,44.7061426481139,24.9000368016899,0.0020228573324824,0.00248253099039328,0.31422856668467,396,7032,1,"3","diploid","female"
"1189","0","0","0","0",0.520132839679718,2790.21850585938,"map_7112_1_1",5,70,300,20,5,0,0.1,51.1269973277866,1.37482876273937e-13,0,46,0.2,1,67.5441565138112,25.4770251513848,2.82297357128844e-14,1.37482876273937e-13,0.300066683572218,397,7112,1,"1","diploid","female"
"1190","0","0","0","0",0.520132839679718,2790.21850585938,"map_7112_1_2",5,70,300,20,5,0,0.1,51.1806192490231,2.27367669467817e-16,0,9,0.2,1,67.5441565138112,25.4770251513848,4.67846202373922e-17,2.27367669467817e-16,0.317547680636444,397,7112,1,"2","diploid","female"
"1191","0","0","0","0",0.520132839679718,2790.21850585938,"map_7112_1_3",5,70,300,20,5,1.64849605176083,0.1,15.1664537285467,0.38123957684708,0.715163158915237,76,0.2,1,67.5441565138112,25.4770251513848,0.0101377978143265,0.037453946724728,0.144633199975362,397,7112,1,"3","diploid","female"
"1192","0","0","0","0",0.113953143358231,2906.2021484375,"map_7124_1_1",5,70,300,20,5,2.15684236333886,0.1,13.9863300888584,0.194325334287615,2.56142850617116,66,0.2,1,19.2218288763912,24.9495504987596,0.00467708786183849,0.0183945842913484,0.222618049160865,398,7124,1,"1","diploid","female"
"1193","0","0","0","0",0.113953143358231,2906.2021484375,"map_7124_1_2",5,70,300,20,5,5.88194198407041,0.1,9.03392728009335,0.0782400066671524,4.78014741217329,25,0.2,1,19.2218288763912,24.9495504987596,0.000561681539467425,0.000113327643081995,0.941607317540937,398,7124,1,"2","diploid","female"
"1194","0","0","0","0",0.113953143358231,2906.2021484375,"map_7124_1_3",5,70,300,20,5,1.92575657704966,0.1,9.03371120526314,0.21635371930431,2.42262760789297,165,0.2,1,19.2218288763912,24.9495504987596,0.0016913161075716,0.000931045407529356,0.365805228038912,398,7124,1,"3","diploid","female"
"1195","0","0","0","0",-0.349858462810516,3008.82250976562,"map_7136_1_1",5,70,300,20,5,2.69132054848826,0.1,14.2148929476155,0.299048270075644,1.24344261582665,59,0.2,1,45.7239793075676,24.8560039144286,0.00660647951435096,0.021745690425393,0.182119033791385,399,7136,1,"1","diploid","female"
"1196","0","0","0","0",-0.349858462810516,3008.82250976562,"map_7136_1_2",5,70,300,20,5,5.57954005071369,0.1,6.61306147559725,0.228994983150123,3.25742304262292,15,0.2,1,45.7239793075676,24.8560039144286,0.000844664394164286,0.000148673684878269,1.69519470801653,399,7136,1,"2","diploid","female"
"1197","0","0","0","0",-0.349858462810516,3008.82250976562,"map_7136_1_3",5,70,300,20,5,3.50001335982971,0.1,8.0729958488225,0.170079619969526,2.27009289477352,52,0.2,1,45.7239793075676,24.8560039144286,0.00103854085844771,0.000352840741629254,0.584073948550219,399,7136,1,"3","diploid","female"
"1198","0","0","0","0",-0.0976355597376823,2880.83349609375,"map_7154_1_1",5,70,300,20,5,1.68801032461089,0.1,12.7044132392325,0.197477415021587,1.129174867257,11,0.2,1,6.76511333226861,25.2370390329118,0.00346539090218554,0.00832994694474171,0.206364383662829,400,7154,1,"1","diploid","female"
"1199","0","0","0","0",-0.0976355597376823,2880.83349609375,"map_7154_1_2",5,70,300,20,5,4.75756736669283,0.1,6.44179742828453,0.423195164583655,3.42266351780875,5,0.2,1,6.76511333226861,25.2370390329118,0.001574208285787,0.000535593267787888,0.67153086764761,400,7154,1,"2","diploid","female"
"1200","0","0","0","0",-0.0976355597376823,2880.83349609375,"map_7154_1_3",5,70,300,20,5,1.49536100701173,0.1,7.86477042158252,0.361745583339447,1.66469272976253,6,0.2,1,6.76511333226861,25.2370390329118,0.00209796887213681,0.000991552718464959,0.389313718563293,400,7154,1,"3","diploid","female"
"1201","0","0","0","0",0.213293075561523,2783.82641601562,"map_7155_1_1",5,70,300,20,5,0,0.1,51.0520331379457,3.58819313946396e-14,0,74,0.2,1,6.49016916348392,25.5132423639562,7.34620315386097e-15,3.58819313946396e-14,0.302545414726798,401,7155,1,"1","diploid","female"
"1202","0","0","0","0",0.213293075561523,2783.82641601562,"map_7155_1_2",5,70,300,20,5,4.82077462915197,0.1,51.1364655292058,4.69072316113535e-18,6.36697218104647e-29,14,0.2,1,6.49016916348392,25.5132423639562,9.63533999931481e-19,4.69072316113535e-18,0.332999732818752,401,7155,1,"2","diploid","female"
"1203","0","0","0","0",0.213293075561523,2783.82641601562,"map_7155_1_3",5,70,300,20,5,0.519801842062699,0.1,8.99650402797953,0.32521528250929,0.859840467560318,147,0.2,1,6.49016916348392,25.5132423639562,0.00264767860045983,0.00239411371080171,0.261327138137687,401,7155,1,"3","diploid","female"
"1204","0","0","0","0",-0.57151734828949,2855.20532226562,"map_7226_1_1",5,70,300,20,5,0,0.1,14.5752346085676,0.268893047417108,1.20076341496693,90,0.2,1,18.3071319688347,25.1841244261394,0.00759076346204235,0.0280627587077697,0.170491615421173,402,7226,1,"1","diploid","female"
"1205","0","0","0","0",-0.57151734828949,2855.20532226562,"map_7226_1_2",5,70,300,20,5,3.25720462941319,0.1,7.72695202592745,0.244102923557249,2.52561714118932,29,0.2,1,18.3071319688347,25.1841244261394,0.00134489603986838,0.000672120279366479,0.574766242747915,402,7226,1,"2","diploid","female"
"1206","0","0","0","0",-0.57151734828949,2855.20532226562,"map_7226_1_3",5,70,300,20,5,1.7858255228104,0.1,7.60756292773377,0.200637823352257,1.32507487569682,52,0.2,1,18.3071319688347,25.1841244261394,0.0010548345631352,0.000120802413199497,0.526997367094958,402,7226,1,"3","diploid","female"
"1207","0","0","0","0",-0.10548435151577,2962.33666992188,"map_7239_1_1",5,70,300,20,5,1.0861056342365,0.1,14.2772537539422,0.336976660138115,1.22660384581188,64,0.2,1,12.7629481571358,24.8572150081495,0.0070569343349921,0.0120676404769299,0.317475318081834,403,7239,1,"1","diploid","female"
"1208","0","0","0","0",-0.10548435151577,2962.33666992188,"map_7239_1_2",5,70,300,20,5,6.23855323275307,0.1,12.0410128852449,0.279918903952971,1.11033439980405,29,0.2,1,12.7629481571358,24.8572150081495,0.0034039504729647,0.000176110116563108,0.426042833653569,403,7239,1,"2","diploid","female"
"1209","0","0","0","0",-0.10548435151577,2962.33666992188,"map_7239_1_3",5,70,300,20,5,1.05775060994231,0.1,10.9994988862089,0.181835884031487,2.1620425389237,126,0.2,1,12.7629481571358,24.8572150081495,0.0019789028491961,0.00112632041226077,0.494931177533926,403,7239,1,"3","diploid","female"
"1210","0","0","0","0",0.263514459133148,3001.1533203125,"map_7240_1_1",5,70,300,20,5,3.27320956400678,0.1,16.04015441152,0.239702152015388,2.72654682457881,17,0.2,1,46.1879246496283,24.8677910613591,0.00722748358955328,0.0303210356011572,0.174259288863719,404,7240,1,"1","diploid","female"
"1211","0","0","0","0",0.263514459133148,3001.1533203125,"map_7240_1_2",5,70,300,20,5,10.159671791126,0.1,8.4662057325781,0.279243488097506,4.33702285877444,6,0.2,1,46.1879246496283,24.8677910613591,0.00187368295794859,0.00136388732371415,0.460180360738557,404,7240,1,"2","diploid","female"
"1212","0","0","0","0",0.263514459133148,3001.1533203125,"map_7240_1_3",5,70,300,20,5,2.89125544612037,0.1,10.1316452491215,0.295770141651966,3.02348025781305,14,0.2,1,46.1879246496283,24.8677910613591,0.00334374966932648,0.00820511883044641,0.318597203064941,404,7240,1,"3","diploid","female"
"1213","0","0","0","0",-0.118819072842598,3065.33813476562,"map_7241_1_1",5,70,300,20,5,1.99890292028213,0.1,9.94339364609935,0.156757658558755,3.75546910892426,37,0.2,1,44.7755832584989,23.2028820428605,0.00163926510128467,0.00280973752390277,0.322020990781193,405,7241,1,"1","diploid","female"
"1214","0","0","0","0",-0.118819072842598,3065.33813476562,"map_7241_1_2",5,70,300,20,5,8.19616178012646,0.1,9.1185645596068,0.140440961094904,4.5839843730948,19,0.2,1,44.7755832584989,23.2028820428605,0.00107409178682265,0.000582560149672352,0.701304125069841,405,7241,1,"2","diploid","female"
"1215","0","0","0","0",-0.118819072842598,3065.33813476562,"map_7241_1_3",5,70,300,20,5,1.88769491380526,0.1,8.22973101368568,0.162887564370103,4.26076573179865,122,0.2,1,44.7755832584989,23.2028820428605,0.00099764731837901,0.000298935618224347,0.462569222585177,405,7241,1,"3","diploid","female"
"1216","0","0","0","0",0.319468706846237,2893.60375976562,"map_7258_1_1",5,70,300,20,5,0,0.1,14.3251750505542,0.0914456496732117,1.87760555922897,20,0.2,1,5.76982444497846,24.9076784795041,0.00198992354317809,0.00537525175936461,0.302326034605761,406,7258,1,"1","diploid","female"
"1217","0","0","0","0",0.319468706846237,2893.60375976562,"map_7258_1_2",5,70,300,20,5,6.9190675919211,0.1,6.17019832919947,0.713669875895692,3.61874540842521,30,0.2,1,5.76982444497846,24.9076784795041,0.00232821313971046,0.000242360794297745,0.81320221231928,406,7258,1,"2","diploid","female"
"1218","0","0","0","0",0.319468706846237,2893.60375976562,"map_7258_1_3",5,70,300,20,5,1.43125781515136,0.1,8.76566678457018,0.161753193020402,2.21454209847803,43,0.2,1,5.76982444497846,24.9076784795041,0.00128846770076285,0.00131361132835454,0.456009219665433,406,7258,1,"3","diploid","female"
"1219","0","0","0","0",0.181136384606361,2802.94482421875,"map_7259_1_1",5,70,300,20,5,0,0.1,50.9092348159476,2.69049192391944e-14,0,32,0.2,1,6.27702718990487,25.6122083653379,5.47750389826318e-15,2.69049192391944e-14,0.305909597255775,407,7259,1,"1","diploid","female"
"1220","0","0","0","0",0.181136384606361,2802.94482421875,"map_7259_1_2",5,70,300,20,5,5.07111630310979,0.1,6.80432602200317,1.81090461586021e-05,0.000340947414807555,8,0.2,1,6.27702718990487,25.6122083653379,6.78252794504794e-08,2.96752917940039e-10,0.58574656615412,407,7259,1,"2","diploid","female"
"1221","0","0","0","0",0.181136384606361,2802.94482421875,"map_7259_1_3",5,70,300,20,5,0.58320521078188,0.1,8.71760086774312,0.38610414485331,0.826860865531403,88,0.2,1,6.27702718990487,25.6122083653379,0.00296160789732631,0.00327910818719607,0.389577446082985,407,7259,1,"3","diploid","female"
"1222","0","0","0","0",-0.456278055906296,2925.91333007812,"map_7342_1_1",5,70,300,20,5,2.24462057302754,0.1,12.4816907296924,0.169143653847573,1.83690337037017,11,0.2,1,7.29335277169893,24.8572503363439,0.00291590191522545,0.00772110467278519,0.319148420177765,408,7342,1,"1","diploid","female"
"1223","0","0","0","0",-0.456278055906296,2925.91333007812,"map_7342_1_2",5,70,300,20,5,4.10393180194486,0.1,9.30485848281585,0.0688189661901625,3.20427698506596,4,0.2,1,7.29335277169893,24.8572503363439,0.000608953366479988,0.000411433451645403,0.832481942600618,408,7342,1,"2","diploid","female"
"1224","0","0","0","0",-0.456278055906296,2925.91333007812,"map_7342_1_3",5,70,300,20,5,2.87023947299998,0.1,8.86152191737773,0.197021749275258,1.96936309203404,6,0.2,1,7.29335277169893,24.8572503363439,0.00141778083207582,0.000127141548999245,0.640108840456127,408,7342,1,"3","diploid","female"
"1225","0","0","0","0",-0.419420510530472,2963.68798828125,"map_7343_1_1",5,70,300,20,5,1.51438853535784,0.1,10.3654947296886,0.180879561789049,1.61849090553427,52,0.2,1,7.09413976596662,24.8515992541646,0.00210311067939465,0.00397356285313831,0.272494017486568,409,7343,1,"1","diploid","female"
"1226","0","0","0","0",-0.419420510530472,2963.68798828125,"map_7343_1_2",5,70,300,20,5,4.43034281259161,0.1,9.25721993434417,0.132031677567549,1.55041261917239,21,0.2,1,7.09413976596662,24.8515992541646,0.000959132095086639,0.000106826716613911,0.561364350654135,409,7343,1,"2","diploid","female"
"1227","0","0","0","0",-0.419420510530472,2963.68798828125,"map_7343_1_3",5,70,300,20,5,1.76469194699087,0.1,9.20500689023149,0.0630471985314349,1.51704065549253,105,0.2,1,7.09413976596662,24.8515992541646,0.000449978810468895,2.48628006140028e-05,0.613882443811254,409,7343,1,"3","diploid","female"
"1228","0","0","0","0",-0.227719068527222,3005.44458007812,"map_7344_1_1",5,70,300,20,5,2.87582708991722,0.1,12.8528122670847,0.171287770640886,2.2614744649397,52,0.2,1,26.1800279314336,24.8574976313814,0.0032195019353124,0.0102493267649376,0.296485805730853,410,7344,1,"1","diploid","female"
"1229","0","0","0","0",-0.227719068527222,3005.44458007812,"map_7344_1_2",5,70,300,20,5,5.78110813666203,0.1,9.82874917253893,0.0668911013466361,4.85694552414432,17,0.2,1,26.1800279314336,24.8574976313814,0.000554293281663508,9.79420932275797e-05,0.920617794182644,410,7344,1,"2","diploid","female"
"1230","0","0","0","0",-0.227719068527222,3005.44458007812,"map_7344_1_3",5,70,300,20,5,3.78107025600385,0.1,9.14796905219652,0.187362245868282,2.45317791955943,124,0.2,1,26.1800279314336,24.8574976313814,0.00133960882398405,0.000235463895619808,0.566670941080506,410,7344,1,"3","diploid","female"
"1231","0","0","0","0",-0.152656435966492,3059.2724609375,"map_7345_1_1",5,70,300,20,5,1.64329533708612,0.1,7.86642657752982,0.24933046695943,3.26379107607804,7,0.2,1,28.1190971138073,23.1722902754217,0.00152367802275376,0.000995201153246962,0.345123927972211,411,7345,1,"1","diploid","female"
"1232","0","0","0","0",-0.152656435966492,3059.2724609375,"map_7345_1_2",5,70,300,20,5,6.5941328480618,0.1,6.57499062872912,0.452992991406755,3.81833428181521,4,0.2,1,28.1190971138073,23.1722902754217,0.00173122786938366,0.000161002545823364,0.653025591479085,411,7345,1,"2","diploid","female"
"1233","0","0","0","0",-0.152656435966492,3059.2724609375,"map_7345_1_3",5,70,300,20,5,1.64634962045642,0.1,7.45614462752818,0.231053889514905,3.86164234978514,4,0.2,1,28.1190971138073,23.1722902754217,0.00113656974902284,0.000104778866575897,0.48074253845725,411,7345,1,"3","diploid","female"
"1234","0","0","0","0",0.401717782020569,2917.31005859375,"map_7362_1_1",5,70,300,20,5,1.43712569729221,0.1,7.74891737257256,0.434405999755086,2.75006154211775,14,0.2,1,7.0474921819163,24.8665228616624,0.00372902006530789,0.00821785570360589,0.432859940798528,412,7362,1,"1","diploid","female"
"1235","0","0","0","0",0.401717782020569,2917.31005859375,"map_7362_1_2",5,70,300,20,5,7.78668692017651,0.1,6.45310026379555,0.58029603839932,3.93291871457212,5,0.2,1,7.0474921819163,24.8665228616624,0.00206679073356665,9.03817192332009e-05,0.712149766989764,412,7362,1,"2","diploid","female"
"1236","0","0","0","0",0.401717782020569,2917.31005859375,"map_7362_1_3",5,70,300,20,5,1.11998220669557,0.1,6.12729860569067,0.510651336603189,3.05459816630838,7,0.2,1,7.0474921819163,24.8665228616624,0.0018577831548189,0.000964540713244452,0.571689821235035,412,7362,1,"3","diploid","female"
"1237","0","0","0","0",-0.622573792934418,2886.09912109375,"map_7446_1_1",5,70,300,20,5,1.90305349744903,0.1,18.599714083146,0.261010376297408,0.894323039177718,19,0.2,1,6.92911607420004,24.8323779026931,0.00941684693731041,0.032167264057917,0.245801388435042,413,7446,1,"1","diploid","female"
"1238","0","0","0","0",-0.622573792934418,2886.09912109375,"map_7446_1_2",5,70,300,20,5,3.31881125569483,0.1,14.833560939366,0.0890108158902372,2.1438451578326,6,0.2,1,6.92911607420004,24.8323779026931,0.00189203460343527,0.0036073262350205,0.671348797035956,413,7446,1,"2","diploid","female"
"1239","0","0","0","0",-0.622573792934418,2886.09912109375,"map_7446_1_3",5,70,300,20,5,2.28304296216755,0.1,7.7095219002969,0.141425267896561,1.61180686386215,8,0.2,1,6.92911607420004,24.8323779026931,0.000777388752065575,0.0001248384052674,0.600231512367173,413,7446,1,"3","diploid","female"
"1240","0","0","0","0",-0.675151586532593,2929.10180664062,"map_7447_1_1",5,70,300,20,5,1.93912141017494,0.1,12.4323711275568,0.257313715850237,1.28627409554859,14,0.2,1,6.72299984919272,24.885313118547,0.00483037616755903,0.0152466584318749,0.195560624380564,414,7447,1,"1","diploid","female"
"1241","0","0","0","0",-0.675151586532593,2929.10180664062,"map_7447_1_2",5,70,300,20,5,3.59410953580606,0.1,7.57480342805333,0.572629488456284,1.31764672283746,11,0.2,1,6.72299984919272,24.885313118547,0.00286764451878328,0.000485734670587175,0.516127459191579,414,7447,1,"2","diploid","female"
"1242","0","0","0","0",-0.675151586532593,2929.10180664062,"map_7447_1_3",5,70,300,20,5,2.65195725312696,0.1,7.35722569665617,0.319188119410225,1.49984623801136,6,0.2,1,6.72299984919272,24.885313118547,0.00142525072613575,1.30957501340196e-05,0.613263645158269,414,7447,1,"3","diploid","female"
"1243","0","0","0","0",-0.327683120965958,2978.15502929688,"map_7448_1_1",5,70,300,20,5,1.75942076652802,0.1,7.19523151631329,0.322641705994179,3.14186533210868,4,0.2,1,26.5944252879517,23.1699758198042,0.00189980077834628,0.00278878424756313,0.412186144048415,415,7448,1,"1","diploid","female"
"1244","0","0","0","0",-0.327683120965958,2978.15502929688,"map_7448_1_2",5,70,300,20,5,4.78902288090792,0.1,5.76796208207161,0.759049936407676,3.91764094362422,4,0.2,1,26.5944252879517,23.1699758198042,0.00262872447862404,0.00293808883892693,0.805636635551798,415,7448,1,"2","diploid","female"
"1245","0","0","0","0",-0.327683120965958,2978.15502929688,"map_7448_1_3",5,70,300,20,5,2.05063379834429,0.1,6.18185435397218,0.33645153912113,3.60358342569065,2,0.2,1,26.5944252879517,23.1699758198042,0.00119751500773567,5.95679628307371e-05,0.581997872706657,415,7448,1,"3","diploid","female"
"1246","0","0","0","0",-0.175748720765114,3046.1513671875,"map_7449_1_1",5,70,300,20,5,4.20110810440603,0.1,12.4201456860499,0.179889743391491,2.72098958034649,8,0.2,1,26.6539808691934,23.1625121375387,0.00251867580783899,0.00241549752628308,0.380958490406804,416,7449,1,"1","diploid","female"
"1247","0","0","0","0",-0.175748720765114,3046.1513671875,"map_7449_1_2",5,70,300,20,5,5.48595660282138,0.1,7.92982565412057,0.574245062639062,1.50644255631587,10,0.2,1,26.6539808691934,23.1625121375387,0.00301816534293325,0.000246234566891057,0.63007672055277,416,7449,1,"2","diploid","female"
"1248","0","0","0","0",-0.175748720765114,3046.1513671875,"map_7449_1_3",5,70,300,20,5,5.37623395975438,0.1,8.25505136733691,0.136541610409719,4.11104903754588,7,0.2,1,26.6539808691934,23.1625121375387,0.000877513815327024,0.000161456918329024,0.448171726154424,416,7449,1,"3","diploid","female"
"1249","0","0","0","0",-0.115989916026592,3127.62475585938,"map_7450_1_1",5,70,300,20,5,1.7331502217348,0.1,8.87177483334019,0.238423740646349,3.15932777548848,17,0.2,1,29.3740532481393,23.1783957378941,0.00185948209786819,0.0010191727839031,0.2295228173112,417,7450,1,"1","diploid","female"
"1250","0","0","0","0",-0.115989916026592,3127.62475585938,"map_7450_1_2",5,70,300,20,5,7.38057898277807,0.1,7.23723054488312,0.332096617017088,2.76477202307547,8,0.2,1,29.3740532481393,23.1783957378941,0.00143619508200346,2.44153364883765e-05,1.02016348636809,417,7450,1,"2","diploid","female"
"1251","0","0","0","0",-0.115989916026592,3127.62475585938,"map_7450_1_3",5,70,300,20,5,1.57370203233291,0.1,6.87698977543214,0.232891175778179,3.66322751510984,16,0.2,1,29.3740532481393,23.1783957378941,0.000928751615168347,2.24389100207859e-05,0.66303040644998,417,7450,1,"3","diploid","female"
"1252","0","0","0","0",-0.00405535567551851,2933.82006835938,"map_7466_1_1",5,70,300,20,5,2.98996349702108,0.1,12.6078257600272,0.349269043032592,2.17226060855279,15,0.2,1,6.67545360228065,24.8733080311603,0.00659205570176261,0.0127853354767061,0.229705595132712,418,7466,1,"1","diploid","female"
"1253","0","0","0","0",-0.00405535567551851,2933.82006835938,"map_7466_1_2",5,70,300,20,5,5.68926862451168,0.1,5.90568724838885,0.67574601293973,4.23034009888111,6,0.2,1,6.67545360228065,24.8733080311603,0.00211055265739815,7.70628311698178e-05,0.791456814926628,418,7466,1,"2","diploid","female"
"1254","0","0","0","0",-0.00405535567551851,2933.82006835938,"map_7466_1_3",5,70,300,20,5,3.42658172292875,0.1,6.94941895877237,0.499527894577577,2.82950400875127,8,0.2,1,6.67545360228065,24.8733080311603,0.00246754556974804,0.000660293462162462,0.487959503544156,418,7466,1,"3","diploid","female"
"1255","0","0","0","0",-0.445549845695496,2891.02026367188,"map_7551_1_1",5,70,300,20,5,2.16310910448168,0.1,14.551996218085,0.206488840262169,1.49214902977899,32,0.2,1,7.09038180023729,24.8479350361449,0.00525273593072104,0.0186200387373258,0.210249613418134,419,7551,1,"1","diploid","female"
"1256","0","0","0","0",-0.445549845695496,2891.02026367188,"map_7551_1_2",5,70,300,20,5,3.7696656912104,0.1,11.0390368821291,0.0974704177241783,2.88163538633499,10,0.2,1,7.09038180023729,24.8479350361449,0.00115706731652235,0.00160341689876824,0.538923559835451,419,7551,1,"2","diploid","female"
"1257","0","0","0","0",-0.445549845695496,2891.02026367188,"map_7551_1_3",5,70,300,20,5,2.51052928679023,0.1,7.63441318660596,0.14186533328779,1.75102034206053,29,0.2,1,7.09038180023729,24.8479350361449,0.00074498997642373,0.00013700784083582,0.577608190063953,419,7551,1,"3","diploid","female"
"1258","0","0","0","0",-0.237847939133644,2959.94506835938,"map_7552_1_1",5,70,300,20,5,3.74757767251241,0.1,9.77082213587176,0.188563134245275,2.67805810413716,9,0.2,1,26.2973009419204,23.2089082660865,0.00193874103138707,0.00333940427208124,0.285029733017796,420,7552,1,"1","diploid","female"
"1259","0","0","0","0",-0.237847939133644,2959.94506835938,"map_7552_1_2",5,70,300,20,5,4.45457826298031,0.1,9.33727215048887,0.256390326310294,2.8323050178482,7,0.2,1,26.2973009419204,23.2089082660865,0.00253098925464697,0.00556085477049013,0.393933404863663,420,7552,1,"2","diploid","female"
"1260","0","0","0","0",-0.237847939133644,2959.94506835938,"map_7552_1_3",5,70,300,20,5,4.61009194936464,0.1,8.21602079398675,0.125442812199564,3.1096782928658,7,0.2,1,26.2973009419204,23.2089082660865,0.000736399023687624,5.23859607897508e-05,0.502584922673332,420,7552,1,"3","diploid","female"
"1261","0","0","0","0",0.102394387125969,2956.06811523438,"map_7570_1_1",5,70,300,20,5,3.2961387866013,0.1,12.3774214903935,0.285945588189871,1.59909540160188,73,0.2,1,7.13033080725711,24.8569152284962,0.00410913140474128,0.00514987564380183,0.322192656069877,421,7570,1,"1","diploid","female"
"1262","0","0","0","0",0.102394387125969,2956.06811523438,"map_7570_1_2",5,70,300,20,5,6.42182390219539,0.1,10.3671973913359,0.213934923097998,2.33962699087092,17,0.2,1,7.13033080725711,24.8569152284962,0.00193145652515005,9.86996687354923e-05,0.614280761610311,421,7570,1,"2","diploid","female"
"1263","0","0","0","0",0.102394387125969,2956.06811523438,"map_7570_1_3",5,70,300,20,5,3.82800233111381,0.1,8.45929757985386,0.290446871029075,2.48313188199458,122,0.2,1,7.13033080725711,24.8569152284962,0.00183091253057238,0.00042252321977512,0.382090837033266,421,7570,1,"3","diploid","female"
"1264","0","0","0","0",0.0758097767829895,2760.29296875,"map_7572_1_1",5,70,300,20,5,0,0.1,50.5899014163947,5.72596290209527e-14,0,13,0.2,1,6.62598734537133,25.6133059185869,1.15115453383141e-14,5.72596290209527e-14,0.299381093735911,422,7572,1,"1","diploid","female"
"1265","0","0","0","0",0.0758097767829895,2760.29296875,"map_7572_1_2",5,70,300,20,5,0,0.1,50.7492644417761,9.16410264446206e-18,0,3,0.2,1,6.62598734537133,25.6133059185869,1.85401293202292e-18,9.16410264446206e-18,0.326478132411854,422,7572,1,"2","diploid","female"
"1266","0","0","0","0",0.0758097767829895,2760.29296875,"map_7572_1_3",5,70,300,20,5,0.573785823772462,0.1,6.10835296020005,1.02259607633799,0.658916995774499,16,0.2,1,6.62598734537133,25.6133059185869,0.00374668260623313,0.00187269949934653,0.468633447464278,422,7572,1,"3","diploid","female"
"1267","0","0","0","0",-0.587381541728973,2858.2685546875,"map_7655_1_1",5,70,300,20,5,0,0.1,13.0458514019059,0.46417155294852,0.534362013131316,151,0.2,1,6.54898971890059,25.4708553290974,0.00968325592049494,0.0422705690251827,0.390451013538917,423,7655,1,"1","diploid","female"
"1268","0","0","0","0",-0.587381541728973,2858.2685546875,"map_7655_1_2",5,70,300,20,5,3.65883711219419,0.1,11.2954123787206,0.105159215901648,2.33362957388842,25,0.2,1,6.54898971890059,25.4708553290974,0.00125603768277229,0.0015263566385936,0.709841389845339,423,7655,1,"2","diploid","female"
"1269","0","0","0","0",-0.587381541728973,2858.2685546875,"map_7655_1_3",5,70,300,20,5,0.803832505652893,0.1,8.24289278037063,0.440272762166248,0.483655609493416,156,0.2,1,6.54898971890059,25.4708553290974,0.00245959399874706,5.84501399319448e-05,0.56485640316279,423,7655,1,"3","diploid","female"
"1270","0","0","0","0",-0.332930892705917,2923.0244140625,"map_7656_1_1",5,70,300,20,5,3.60119462669128,0.1,8.55448818582659,0.233944720847126,2.70958037243592,10,0.2,1,27.009517044324,22.7645920055385,0.00185011103754324,0.0034044031123348,0.301916193433948,424,7656,1,"1","diploid","female"
"1271","0","0","0","0",-0.332930892705917,2923.0244140625,"map_7656_1_2",5,70,300,20,5,3.70885226254451,0.1,8.29264605164207,0.390614485957962,2.13761971425568,11,0.2,1,27.009517044324,22.7645920055385,0.00309490182175719,0.00757312462114802,0.339846704952833,424,7656,1,"2","diploid","female"
"1272","0","0","0","0",-0.332930892705917,2923.0244140625,"map_7656_1_3",5,70,300,20,5,4.20848754843643,0.1,6.4164824508649,0.155055563432047,2.71213105640898,6,0.2,1,27.009517044324,22.7645920055385,0.000537561273640949,3.06800169855076e-05,0.559262675806673,424,7656,1,"3","diploid","female"
"1273","0","0","0","0",-0.24688333272934,2998.6494140625,"map_7673_1_1",5,70,300,20,5,3.01368284972932,0.1,15.0828304781662,0.230108650635548,1.50057900389512,36,0.2,1,43.8237168408708,24.6335176037,0.0055432120946513,0.0141720207093957,0.276345306116136,425,7673,1,"1","diploid","female"
"1274","0","0","0","0",-0.24688333272934,2998.6494140625,"map_7673_1_2",5,70,300,20,5,5.98060352886241,0.1,7.95604948035146,0.109120676780994,3.66396946976933,11,0.2,1,43.8237168408708,24.6335176037,0.000569751340508777,3.10752685532819e-05,1.08206791508022,425,7673,1,"2","diploid","female"
"1275","0","0","0","0",-0.24688333272934,2998.6494140625,"map_7673_1_3",5,70,300,20,5,3.71833255604058,0.1,8.11885569097836,0.210337627870592,2.33001823468432,37,0.2,1,43.8237168408708,24.6335176037,0.00128943049318635,0.000509936650797654,0.41820254197894,425,7673,1,"3","diploid","female"
"1276","0","0","0","0",-0.28179332613945,2955.81298828125,"map_7674_1_1",5,70,300,20,5,1.73476362262241,0.1,11.2236008613376,0.199867015442969,1.93502707633596,20,0.2,1,6.87278763570226,24.5963356793257,0.00285739340288716,0.00459608980204643,0.294439010334347,426,7674,1,"1","diploid","female"
"1277","0","0","0","0",-0.28179332613945,2955.81298828125,"map_7674_1_2",5,70,300,20,5,4.82372001261265,0.1,6.61009991039683,0.47783612482654,2.5464629654984,18,0.2,1,6.87278763570226,24.5963356793257,0.00173227495118717,6.5255933623733e-05,0.919936078462707,426,7674,1,"2","diploid","female"
"1278","0","0","0","0",-0.28179332613945,2955.81298828125,"map_7674_1_3",5,70,300,20,5,1.90914693039371,0.1,8.21543321161085,0.165852092854528,2.3810982430061,19,0.2,1,6.87278763570226,24.5963356793257,0.00100258930386354,0.00011071370622274,0.485368909108132,426,7674,1,"3","diploid","female"
"1279","0","0","0","0",-0.0311179719865322,2763.06176757812,"map_7676_1_1",5,70,300,20,5,0,0.1,51.0205345622054,4.13331964437407e-14,0,13,0.2,1,7.25095333029637,25.5196974791298,8.451901996228e-15,4.13331964437407e-14,0.300761031032986,427,7676,1,"1","diploid","female"
"1280","0","0","0","0",-0.0311179719865322,2763.06176757812,"map_7676_1_2",5,70,300,20,5,0,0.1,51.1630317023376,6.53950826122049e-18,0,3,0.2,1,7.25095333029637,25.5196974791298,1.344699643762e-18,6.53950826122049e-18,0.333494613112921,427,7676,1,"2","diploid","female"
"1281","0","0","0","0",-0.0311179719865322,2763.06176757812,"map_7676_1_3",5,70,300,20,5,1.13589717396235,0.1,8.79611721405857,0.519512232736672,0.332971076902192,9,0.2,1,7.25095333029637,25.5196974791298,0.00371003768322147,0.00148354334008494,0.341134210928307,427,7676,1,"3","diploid","female"
"1282","0","0","0","0",-0.207769855856895,2833.95922851562,"map_7759_1_1",5,70,300,20,5,0,0.1,15.5089725228879,0.0319456743449686,0.260958213804228,13,0.2,1,2.97794238490012,25.4614279777637,0.000791567606474884,0.00228615586410641,0.216953401044826,428,7759,1,"1","diploid","female"
"1283","0","0","0","0",-0.207769855856895,2833.95922851562,"map_7759_1_2",5,70,300,20,5,3.92728902833855,0.1,5.68341290981984,1.24316395521622,1.89988948025319,78,0.2,1,2.97794238490012,25.4614279777637,0.0034576026848173,0.000718358356530718,1.35157543193471,428,7759,1,"2","diploid","female"
"1284","0","0","0","0",-0.207769855856895,2833.95922851562,"map_7759_1_3",5,70,300,20,5,1.82324965734044,0.1,7.97131583381776,0.402120074006874,1.03830748394324,12,0.2,1,2.97794238490012,25.4614279777637,0.00250888376888015,0.000714248162134708,0.518859747795121,428,7759,1,"3","diploid","female"
"1285","0","0","0","0",-0.338007837533951,2939.56616210938,"map_7778_1_1",5,70,300,20,5,0.93536274541532,0.1,9.0749501467955,0.722587113941584,0.727700605349355,102,0.2,1,7.02755862600371,24.6102836222348,0.00597471670100568,0.0091433614036377,0.54793769579182,429,7778,1,"1","diploid","female"
"1286","0","0","0","0",-0.338007837533951,2939.56616210938,"map_7778_1_2",5,70,300,20,5,4.99249674924312,0.1,7.05254466930571,0.8530597213803,0.891206859786941,78,0.2,1,7.02755862600371,24.6102836222348,0.00353779797068976,0.000421543104186337,0.997011099443071,429,7778,1,"2","diploid","female"
"1287","0","0","0","0",-0.338007837533951,2939.56616210938,"map_7778_1_3",5,70,300,20,5,0.936560845157771,0.1,8.74290520095709,0.229445616707404,2.30641865119145,110,0.2,1,7.02755862600371,24.6102836222348,0.00150226738532099,0.000105437608529103,0.954466846755696,429,7778,1,"3","diploid","female"
"1288","0","0","0","0",-0.0184993930160999,2843.47412109375,"map_7779_1_1",5,70,300,20,5,0,0.1,26.0395697691006,9.68415552756137e-08,3.52247573512214e-09,54,0.2,1,7.26243146166106,25.5198680186985,5.42192344513345e-09,1.11741316827772e-08,0.460787067196917,430,7779,1,"1","diploid","female"
"1289","0","0","0","0",-0.0184993930160999,2843.47412109375,"map_7779_1_2",5,70,300,20,5,4.61318298589449,0.1,6.77486308928504,0.324689824599895,3.13988787078511,29,0.2,1,7.26243146166106,25.5198680186985,0.00132932762111871,0.000203949467772775,0.624927841222986,430,7779,1,"2","diploid","female"
"1290","0","0","0","0",-0.0184993930160999,2843.47412109375,"map_7779_1_3",5,70,300,20,5,1.96003557957483,0.1,9.48579008646163,0.193369511584019,1.04388174998265,113,0.2,1,7.26243146166106,25.5198680186985,0.00166393232910327,0.00127224356672665,0.380063588529432,430,7779,1,"3","diploid","female"
"1291","0","0","0","0",0.0785531774163246,2766.04858398438,"map_7780_1_1",5,70,300,20,5,0,0.1,51.3710150917963,4.01714374058784e-14,0,41,0.2,1,6.89022949541551,25.5358856524344,8.32755970124819e-15,4.01714374058784e-14,0.297708566110093,431,7780,1,"1","diploid","female"
"1292","0","0","0","0",0.0785531774163246,2766.04858398438,"map_7780_1_2",5,70,300,20,5,0,0.1,51.4501078135255,5.08238215657205e-18,0,8,0.2,1,6.89022949541551,25.5358856524344,1.05683033214289e-18,5.08238215657205e-18,0.321776583743535,431,7780,1,"2","diploid","female"
"1293","0","0","0","0",0.0785531774163246,2766.04858398438,"map_7780_1_3",5,70,300,20,5,1.21615200943574,0.1,9.13340775823763,0.272571429415371,0.503167918108727,62,0.2,1,6.89022949541551,25.5358856524344,0.0022248985449739,0.0013277198080689,0.284802619397395,431,7780,1,"3","diploid","female"
"1294","0","0","0","0",0.207418069243431,2854.47290039062,"map_7883_1_1",5,70,300,20,5,0,0.1,40.6314189280818,5.03766960460721e-10,1.79513890425374e-12,9,0.2,1,9.62529279930251,25.566005924981,6.62192839862145e-11,4.99873619292843e-10,0.305779058344276,432,7883,1,"1","diploid","female"
"1295","0","0","0","0",0.207418069243431,2854.47290039062,"map_7883_1_2",5,70,300,20,5,5.50950508186929,0.1,6.06786264646842,0.56249966474134,3.46499909474618,6,0.2,1,9.62529279930251,25.566005924981,0.00186851728363217,0.000162612926628296,0.484893965677708,432,7883,1,"2","diploid","female"
"1296","0","0","0","0",0.207418069243431,2854.47290039062,"map_7883_1_3",5,70,300,20,5,2.28028937892892,0.1,6.64048962759578,0.635574310926103,1.5753363297736,12,0.2,1,9.62529279930251,25.566005924981,0.00300160348470467,0.00294540325009752,0.372836157553467,432,7883,1,"3","diploid","female"
"1297","0","0","0","0",-0.556280076503754,3114.60791015625,"map_7935_1_1",5,70,300,20,5,0,0.1,19.3991145222782,0.381729165622138,1.21878606021249,218,0.2,1,147.126912316611,23.3998377025854,0.0154849132548708,0.0576650791623332,0.173168596620574,433,7935,1,"1","diploid","female"
"1298","0","0","0","0",-0.556280076503754,3114.60791015625,"map_7935_1_2",5,70,300,20,5,15.9047937485054,0.1,10.1824521722877,0.861604610180042,0.927338895096573,142,0.2,1,147.126912316611,23.3998377025854,0.0087339395690712,0.00787649347881874,0.665097250714277,433,7935,1,"2","diploid","female"
"1299","0","0","0","0",-0.556280076503754,3114.60791015625,"map_7935_1_3",5,70,300,20,5,3.75588650375256,0.1,11.8433344482672,0.302954273334335,2.67137860521975,173,0.2,1,147.126912316611,23.3998377025854,0.00431416155062257,0.00681558263888637,0.403518102883497,433,7935,1,"3","diploid","female"
"1300","0","0","0","0",-0.979458689689636,3119.40649414062,"map_7936_1_1",5,70,300,20,5,2.72622558039831,0.1,20.8092131728567,0.231093154486526,1.97264669475,69,0.2,1,157.530103911593,23.3837202228449,0.010382766806347,0.047529029359507,0.129653821610084,434,7936,1,"1","diploid","female"
"1301","0","0","0","0",-0.979458689689636,3119.40649414062,"map_7936_1_2",5,70,300,20,5,4.8487966284491,0.1,16.99527454979,0.288703937626381,2.01333273953583,76,0.2,1,157.530103911593,23.3837202228449,0.00759707393685695,0.0180593147300035,0.2757844736127,434,7936,1,"2","diploid","female"
"1302","0","0","0","0",-0.979458689689636,3119.40649414062,"map_7936_1_3",5,70,300,20,5,2.93996042208115,0.1,9.55174319277664,0.158021187182179,2.95000269658307,147,0.2,1,157.530103911593,23.3837202228449,0.0016182503096624,0.00246609910905735,0.397227557044335,434,7936,1,"3","diploid","female"
"1303","0","0","0","0",0.252924978733063,2846.78369140625,"map_7948_1_1",5,70,300,20,5,0,0.1,35.6898324693396,0.00164744899295901,1.80938592385211e-06,10,0.2,1,57.2871153322961,25.2258596517451,0.000167104595687986,0.00151315909228026,0.173775467984572,435,7948,1,"1","diploid","female"
"1304","0","0","0","0",0.252924978733063,2846.78369140625,"map_7948_1_2",5,70,300,20,5,0,0.1,8.55540058003911,0.478878566252483,3.11610243252471,6,0.2,1,57.2871153322961,25.2258596517451,0.00340708876710312,0.00214800947045537,0.287393350112168,435,7948,1,"2","diploid","female"
"1305","0","0","0","0",0.252924978733063,2846.78369140625,"map_7948_1_3",5,70,300,20,5,2.13159301176031,0.1,12.2066418878313,0.470521726854262,1.34333354703883,11,0.2,1,57.2871153322961,25.2258596517451,0.00890151065528299,0.0342017051963169,0.155203499373097,435,7948,1,"3","diploid","female"
"1306","0","0","0","0",0.545628726482391,2773.4130859375,"map_7949_1_1",5,70,300,20,5,0,0.1,50.7278313969447,1.67890501554792e-13,0,95,0.2,1,58.3589114798264,25.2037268597422,3.39372870416536e-14,1.67890501554792e-13,0.300040323365343,436,7949,1,"1","diploid","female"
"1307","0","0","0","0",0.545628726482391,2773.4130859375,"map_7949_1_2",5,70,300,20,5,0,0.1,50.8113941261406,2.54683018540476e-16,0,14,0.2,1,58.3589114798264,25.2037268597422,5.16520118487741e-17,2.54683018540476e-16,0.313586668156995,436,7949,1,"2","diploid","female"
"1308","0","0","0","0",0.545628726482391,2773.4130859375,"map_7949_1_3",5,70,300,20,5,1.62788471134901,0.1,14.8535031030766,0.440598814975597,0.808867769485244,191,0.2,1,58.3589114798264,25.2037268597422,0.0110939796128722,0.0416641851561542,0.0894138868659313,436,7949,1,"3","diploid","female"
"1309","0","0","0","0",-0.0963422134518623,2954.45141601562,"map_7986_1_1",5,70,300,20,5,1.98597899199488,0.1,7.66560196352621,0.740182720008452,2.18863711254248,91,0.2,1,8.67101468650804,24.5880801877838,0.00516801200983672,0.0119084853398499,0.840717808605989,437,7986,1,"1","diploid","female"
"1310","0","0","0","0",-0.0963422134518623,2954.45141601562,"map_7986_1_2",5,70,300,20,5,5.47600832833016,0.1,7.55903413588319,0.0852460086826495,3.64156495462718,7,0.2,1,8.67101468650804,24.5880801877838,0.000425772907770159,1.17826434570096e-05,2.41311487657666,437,7986,1,"2","diploid","female"
"1311","0","0","0","0",-0.0963422134518623,2954.45141601562,"map_7986_1_3",5,70,300,20,5,2.06496538769813,0.1,6.35786298700989,0.429866143806312,2.58747854478332,41,0.2,1,8.67101468650804,24.5880801877838,0.00151410890573462,0.000221276894597728,1.03249713229016,437,7986,1,"3","diploid","female"
"1312","0","0","0","0",-0.0488034151494503,2862.42529296875,"map_7987_1_1",5,70,300,20,5,1.62671831281734,0.1,13.8328297297396,0.0386620298888496,0.438347415422853,17,0.2,1,9.45757316653168,25.5426233118423,0.000771659287841483,0.00146374423497367,0.357538566043373,438,7987,1,"1","diploid","female"
"1313","0","0","0","0",-0.0488034151494503,2862.42529296875,"map_7987_1_2",5,70,300,20,5,4.80709822414464,0.1,8.98984776831282,0.0613986528259414,3.67075742409879,6,0.2,1,9.45757316653168,25.5426233118423,0.000478490877627995,0.000548992287828141,2.29518060604964,438,7987,1,"2","diploid","female"
"1314","0","0","0","0",-0.0488034151494503,2862.42529296875,"map_7987_1_3",5,70,300,20,5,1.33307890938299,0.1,9.22247677317222,0.230502409115643,1.38742274108649,19,0.2,1,9.45757316653168,25.5426233118423,0.0018926407805136,0.00170033861490949,0.458196907673301,438,7987,1,"3","diploid","female"
"1315","0","0","0","0",-0.787878811359406,3053.568359375,"map_8041_1_1",5,70,300,20,5,2.73599472921307,0.1,16.3114802714005,0.314472212735301,1.19334092473201,173,0.2,1,152.804544074987,23.9625932207667,0.00933183069391755,0.0343260253253429,0.238411459098592,439,8041,1,"1","diploid","female"
"1316","0","0","0","0",-0.787878811359406,3053.568359375,"map_8041_1_2",5,70,300,20,5,5.27380983865804,0.1,9.07870072016986,1.2099732062716,0.78354692026526,21,0.2,1,152.804544074987,23.9625932207667,0.00986109180718673,0.0139286708760629,0.40534443550861,439,8041,1,"2","diploid","female"
"1317","0","0","0","0",-0.787878811359406,3053.568359375,"map_8041_1_3",5,70,300,20,5,3.03747277034464,0.1,10.0726034996087,0.293848107756923,2.67629428368793,153,0.2,1,152.804544074987,23.9625932207667,0.00303678345610247,0.00391674595645705,0.538932125751663,439,8041,1,"3","diploid","female"
"1318","0","0","0","0",-0.492062151432037,2970.98828125,"map_8051_1_1",5,70,300,20,5,2.10090215572171,0.1,22.3174379198991,0.137970634789042,1.50730667282123,33,0.2,1,60.8825076006576,25.1857382659236,0.00677266284249209,0.0217672764982158,0.164915678559831,440,8051,1,"1","diploid","female"
"1319","0","0","0","0",-0.492062151432037,2970.98828125,"map_8051_1_2",5,70,300,20,5,4.72403478848472,0.1,12.1800379806788,0.0471791337251572,4.52760073635892,9,0.2,1,60.8825076006576,25.1857382659236,0.000773651375913135,0.00128483269972564,0.712846265445049,440,8051,1,"2","diploid","female"
"1320","0","0","0","0",-0.492062151432037,2970.98828125,"map_8051_1_3",5,70,300,20,5,2.80327135733624,0.1,10.6940565621676,0.172523777233058,2.24598743730684,50,0.2,1,60.8825076006576,25.1857382659236,0.00214296517314927,0.00392675325973364,0.361392040200324,440,8051,1,"3","diploid","female"
"1321","0","0","0","0",-0.0498239621520042,2857.18920898438,"map_8052_1_1",5,70,300,20,5,0,0.1,21.101874472448,0.0175767651553517,0.020270614842411,16,0.2,1,61.9271402612477,25.2090733829131,0.000774945269852621,0.0030460693263667,0.304600516559046,441,8052,1,"1","diploid","female"
"1322","0","0","0","0",-0.0498239621520042,2857.18920898438,"map_8052_1_2",5,70,300,20,5,8.20289133665167,0.1,10.3119592430316,0.300511621367181,2.80572027247875,9,0.2,1,61.9271402612477,25.2090733829131,0.00333448499235163,0.00526883816861579,0.25703843485861,441,8052,1,"2","diploid","female"
"1323","0","0","0","0",-0.0498239621520042,2857.18920898438,"map_8052_1_3",5,70,300,20,5,1.99136460322278,0.1,10.6039472930815,0.348144505773551,1.2021221944288,13,0.2,1,61.9271402612477,25.2090733829131,0.00430971197262895,0.00837448496851421,0.177066223883472,441,8052,1,"3","diploid","female"
"1324","0","0","0","0",-0.0517097897827625,2801.06298828125,"map_8053_1_1",5,70,300,20,5,0,0.1,50.9328215286082,8.85208358798174e-14,0,85,0.2,1,59.5238398424415,25.2282131345037,1.80383584215863e-14,8.85208358798174e-14,0.299322838670636,442,8053,1,"1","diploid","female"
"1325","0","0","0","0",-0.0517097897827625,2801.06298828125,"map_8053_1_2",5,70,300,20,5,0,0.1,5.63326432106376,0.00819758786723718,0.0749980421227226,29,0.2,1,59.5238398424415,25.2282131345037,2.39060497085106e-05,3.35687410319213e-06,0.600082454724681,442,8053,1,"2","diploid","female"
"1326","0","0","0","0",-0.0517097897827625,2801.06298828125,"map_8053_1_3",5,70,300,20,5,0.815673256716839,0.1,14.8493323399746,0.303563342018647,0.665014112746637,224,0.2,1,59.5238398424415,25.2282131345037,0.00672615898090074,0.0148375763580288,0.217452389932287,442,8053,1,"3","diploid","female"
"1327","0","0","0","0",-0.655654013156891,2789.29858398438,"map_8072_1_1",5,70,300,20,5,0,0.1,7.26251982904806,4.8469139288709e-08,5.74935620421359e-09,13,0.2,1,8.86524387045247,25.2080734242368,4.04970203198041e-10,1.33468706292987e-09,1.39439526138618,443,8072,1,"1","diploid","female"
"1328","0","0","0","0",-0.655654013156891,2789.29858398438,"map_8072_1_2",5,70,300,20,5,0,0.1,5.94010678908757,0.13411732519919,0.881019796738351,4,0.2,1,8.86524387045247,25.2080734242368,0.000393532306465471,7.70673217765479e-07,0.774684203607168,443,8072,1,"2","diploid","female"
"1329","0","0","0","0",-0.655654013156891,2789.29858398438,"map_8072_1_3",5,70,300,20,5,1.16700826329287,0.1,6.80796927608641,0.606707008307805,0.611216827042019,7,0.2,1,8.86524387045247,25.2080734242368,0.00259283506151662,1.64716312958069e-05,0.457317609004215,443,8072,1,"3","diploid","female"
"1330","0","0","0","0",-0.0168644096702337,2941.57885742188,"map_8090_1_1",5,70,300,20,5,3.2090968227689,0.1,11.2192268629564,0.190882469459061,2.51575324652365,24,0.2,1,8.81018194953518,24.4847925108005,0.00300584199141462,0.0112032798055053,0.282834809573147,444,8090,1,"1","diploid","female"
"1331","0","0","0","0",-0.0168644096702337,2941.57885742188,"map_8090_1_2",5,70,300,20,5,5.53173403034917,0.1,7.01365090659163,0.528923161035736,2.52456024684985,22,0.2,1,8.81018194953518,24.4847925108005,0.00218215718343576,0.000108912336776234,0.794104995702449,444,8090,1,"2","diploid","female"
"1332","0","0","0","0",-0.0168644096702337,2941.57885742188,"map_8090_1_3",5,70,300,20,5,3.72746863154196,0.1,8.68276122024532,0.177059587715201,2.80947468092622,43,0.2,1,8.81018194953518,24.4847925108005,0.00124516430151796,0.00083803228745255,0.464893497204101,444,8090,1,"3","diploid","female"
"1333","0","0","0","0",-0.0770692974328995,2852.52465820312,"map_8091_1_1",5,70,300,20,5,0,0.1,18.7048725905485,0.032299962967633,0.280188110546821,17,0.2,1,9.01254020677106,25.4633746274946,0.00108668306120146,0.0030197271985073,0.423087475925719,445,8091,1,"1","diploid","female"
"1334","0","0","0","0",-0.0770692974328995,2852.52465820312,"map_8091_1_2",5,70,300,20,5,4.52019903097329,0.1,8.17129944022075,0.190600905778287,3.0598589410782,8,0.2,1,9.01254020677106,25.4633746274946,0.00113265570298898,0.000410683301150481,0.557719505133478,445,8091,1,"2","diploid","female"
"1335","0","0","0","0",-0.0770692974328995,2852.52465820312,"map_8091_1_3",5,70,300,20,5,2.04988276030303,0.1,7.7317256265335,0.3236056214451,1.29578275606068,21,0.2,1,9.01254020677106,25.4633746274946,0.00183012010375859,0.00119661263465569,0.467354789841842,445,8091,1,"3","diploid","female"
"1336","0","0","0","0",-0.840635299682617,3175.95434570312,"map_8141_1_1",5,70,300,20,5,3.54663166461843,0.1,12.7607145228302,0.314362331879562,2.35242574158889,7,0.2,1,92.9555971091768,22.0443210565899,0.00605787507432094,0.0165740483506487,0.14175557805707,446,8141,1,"1","diploid","female"
"1337","0","0","0","0",-0.840635299682617,3175.95434570312,"map_8141_1_2",5,70,300,20,5,4.21542919526386,0.1,10.8755081918465,0.326405093801465,2.03521283633664,3,0.2,1,92.9555971091768,22.0443210565899,0.00407165998419951,0.00605519152604252,0.166631776469196,446,8141,1,"2","diploid","female"
"1338","0","0","0","0",-0.840635299682617,3175.95434570312,"map_8141_1_3",5,70,300,20,5,3.89241400636368,0.1,7.5660559441021,0.2009469998491,3.10823002410237,3,0.2,1,92.9555971091768,22.0443210565899,0.00104801685945349,0.000112346528871068,0.448201928080239,446,8141,1,"3","diploid","female"
"1339","0","0","0","0",-0.704714834690094,3137.01782226562,"map_8142_1_1",5,70,300,20,5,3.02030400590095,0.1,15.5509109051719,0.269197653388098,1.93032719825844,58,0.2,1,90.7928881455101,23.401867120897,0.00673197349634671,0.0193681127251601,0.19928516128978,447,8142,1,"1","diploid","female"
"1340","0","0","0","0",-0.704714834690094,3137.01782226562,"map_8142_1_2",5,70,300,20,5,5.04538496215567,0.1,8.47735985732193,0.157383371179425,4.45310460409179,45,0.2,1,90.7928881455101,23.401867120897,0.00124416151436374,0.00111092837836442,0.462394546165331,447,8142,1,"2","diploid","female"
"1341","0","0","0","0",-0.704714834690094,3137.01782226562,"map_8142_1_3",5,70,300,20,5,3.59513138660506,0.1,7.65660166522935,0.23373405513475,3.08937648002084,46,0.2,1,90.7928881455101,23.401867120897,0.00139680530970626,0.00040705901501081,0.327142116731903,447,8142,1,"3","diploid","female"
"1342","0","0","0","0",-0.535665452480316,3093.60424804688,"map_8143_1_1",5,70,300,20,5,3.20943467644236,0.1,12.4991026330595,0.206761518173691,3.08991684227506,106,0.2,1,73.1146034703302,23.4178336152999,0.00362771187958056,0.00927106094677361,0.315786197567754,448,8143,1,"1","diploid","female"
"1343","0","0","0","0",-0.535665452480316,3093.60424804688,"map_8143_1_2",5,70,300,20,5,5.07850423253565,0.1,10.0329178824898,0.250277440118986,4.25335453461717,90,0.2,1,73.1146034703302,23.4178336152999,0.00221870915939758,0.000631645899824456,0.728768913446903,448,8143,1,"2","diploid","female"
"1344","0","0","0","0",-0.535665452480316,3093.60424804688,"map_8143_1_3",5,70,300,20,5,4.06681827787247,0.1,8.83642416209,0.186684415651091,3.54409060249939,136,0.2,1,73.1146034703302,23.4178336152999,0.00139511988346619,0.000541188026017053,0.448632562230636,448,8143,1,"3","diploid","female"
"1345","0","0","0","0",-0.818497657775879,3010.30126953125,"map_8146_1_1",5,70,300,20,5,2.27794253499819,0.1,12.4980897947775,0.248490531736299,1.64920380777069,144,0.2,1,71.6795509130852,23.9833555971401,0.00507108650640665,0.0185347682966899,0.220208108405141,449,8146,1,"1","diploid","female"
"1346","0","0","0","0",-0.818497657775879,3010.30126953125,"map_8146_1_2",5,70,300,20,5,3.89606434492817,0.1,8.46773455408581,0.336725888902777,3.57677106620401,121,0.2,1,71.6795509130852,23.9833555971401,0.00254373389474786,0.00337934712877616,0.48419631709998,449,8146,1,"2","diploid","female"
"1347","0","0","0","0",-0.818497657775879,3010.30126953125,"map_8146_1_3",5,70,300,20,5,3.24445337048416,0.1,7.84506679035001,0.204769974899134,2.5357974779721,127,0.2,1,71.6795509130852,23.9833555971401,0.00115773549701131,0.00046384738148852,0.483768801953603,449,8146,1,"3","diploid","female"
"1348","0","0","0","0",-0.70831423997879,2927.3720703125,"map_8155_1_1",5,70,300,20,5,0,0.1,20.1237490692608,0.311425276372496,1.25117058850824,36,0.2,1,58.7302964490117,25.2086616218288,0.0159780466875692,0.07993977371936,0.116008070024716,450,8155,1,"1","diploid","female"
"1349","0","0","0","0",-0.70831423997879,2927.3720703125,"map_8155_1_2",5,70,300,20,5,7.02560701216787,0.1,21.2008704717147,0.397180067595225,0.992060483642035,9,0.2,1,58.7302964490117,25.2086616218288,0.0192662204185636,0.093757728255311,0.310160542269311,450,8155,1,"2","diploid","female"
"1350","0","0","0","0",-0.70831423997879,2927.3720703125,"map_8155_1_3",5,70,300,20,5,1.18877962811715,0.1,6.83371964526838,0.420295699111703,1.85207383608995,5,0.2,1,58.7302964490117,25.2086616218288,0.00227198960879223,0.00407102735432615,0.436981707954977,450,8155,1,"3","diploid","female"
"1351","0","0","0","0",0.0821539834141731,2861.98266601562,"map_8156_1_1",5,70,300,20,5,0,0.1,13.9238003040107,0.0370699182217401,0.110632809220356,6,0.2,1,59.0083042149528,25.2111734669074,0.000825332056402,0.00245378411321154,0.193487179305056,451,8156,1,"1","diploid","female"
"1352","0","0","0","0",0.0821539834141731,2861.98266601562,"map_8156_1_2",5,70,300,20,5,0,0.1,8.74637511782324,0.469709938962482,3.44436444009586,4,0.2,1,59.0083042149528,25.2111734669074,0.0038395554485886,0.00558454036351496,0.314921555946173,451,8156,1,"2","diploid","female"
"1353","0","0","0","0",0.0821539834141731,2861.98266601562,"map_8156_1_3",5,70,300,20,5,2.15613379915152,0.1,11.5157377598609,0.452791271047354,1.45896936980606,4,0.2,1,59.0083042149528,25.2111734669074,0.00760932956537103,0.0250892281785257,0.177655854615828,451,8156,1,"3","diploid","female"
"1354","0","0","0","0",0.501127302646637,2771.54077148438,"map_8158_1_1",5,70,300,20,5,0,0.1,51.1030931314443,5.38502014642608e-14,0,26,0.2,1,11.7056125443153,25.175593409533,1.10468861015381e-14,5.38502014642608e-14,0.300299169878432,452,8158,1,"1","diploid","female"
"1355","0","0","0","0",0.501127302646637,2771.54077148438,"map_8158_1_2",5,70,300,20,5,0,0.1,51.1531028402722,6.22813457166687e-18,0,7,0.2,1,11.7056125443153,25.175593409533,1.28016378709363e-18,6.22813457166687e-18,0.341303498269437,452,8158,1,"2","diploid","female"
"1356","0","0","0","0",0.501127302646637,2771.54077148438,"map_8158_1_3",5,70,300,20,5,1.05320721250584,0.1,9.31363777564784,0.61084215098258,0.446978732069481,60,0.2,1,11.7056125443153,25.175593409533,0.00557787734424513,0.00766130454880429,0.515140184053371,452,8158,1,"3","diploid","female"
"1357","0","0","0","0",0.0304398108273745,2853.11279296875,"map_8195_1_1",5,70,300,20,5,0,0.1,7.62399203771169,0.0619858867544828,0.24856938190271,30,0.2,1,8.81528787835938,25.4627497122797,0.000409508262737819,0.000506880411624042,0.418725102179089,453,8195,1,"1","diploid","female"
"1358","0","0","0","0",0.0304398108273745,2853.11279296875,"map_8195_1_2",5,70,300,20,5,5.35632618584822,0.1,7.16564665431461,0.630433676904379,2.24337827321236,33,0.2,1,8.81528787835938,25.4627497122797,0.00276352181530495,0.000382529712037393,0.813177580014037,453,8195,1,"2","diploid","female"
"1359","0","0","0","0",0.0304398108273745,2853.11279296875,"map_8195_1_3",5,70,300,20,5,0.761504197954385,0.1,10.4680564275966,0.269840691500152,1.24397968300364,68,0.2,1,8.81528787835938,25.4627497122797,0.0028374099050994,0.002388206030625,0.231013867937886,453,8195,1,"3","diploid","female"
"1360","0","0","0","0",-0.0926153659820557,2787.0751953125,"map_8196_1_1",5,70,300,20,5,0,0.1,50.5918798782833,3.45811519275062e-14,0,11,0.2,1,8.96446276923945,25.4624816989582,6.95280032887284e-15,3.45811519275062e-14,0.304751074992069,454,8196,1,"1","diploid","female"
"1361","0","0","0","0",-0.0926153659820557,2787.0751953125,"map_8196_1_2",5,70,300,20,5,0,0.1,9.02303502012629,9.64701356008125e-05,0.000685278709483718,3,0.2,1,8.96446276923945,25.4624816989582,6.36403183348332e-07,3.31300506000432e-09,0.967597209204037,454,8196,1,"2","diploid","female"
"1362","0","0","0","0",-0.0926153659820557,2787.0751953125,"map_8196_1_3",5,70,300,20,5,1.34975617197543,0.1,8.12230628544961,0.552320527743058,0.674313303251011,9,0.2,1,8.96446276923945,25.4624816989582,0.00359243921682423,0.00222904674091126,0.340455262577247,454,8196,1,"3","diploid","female"
"1363","0","0","0","0",-0.931695640087128,3183.69018554688,"map_8242_1_1",5,70,300,20,5,1.97119122175991,0.1,11.8440142675567,0.184168836583709,2.90532344706355,58,0.2,1,107.747278357661,21.2447207737075,0.00305216354628788,0.00837720358715203,0.285480901590384,455,8242,1,"1","diploid","female"
"1364","0","0","0","0",-0.931695640087128,3183.69018554688,"map_8242_1_2",5,70,300,20,5,4.33449074017152,0.1,11.2333647701999,0.190600662869824,2.63870165867437,72,0.2,1,107.747278357661,21.2447207737075,0.00285898800899213,0.0070591885906403,0.430719789083904,455,8242,1,"2","diploid","female"
"1365","0","0","0","0",-0.931695640087128,3183.69018554688,"map_8242_1_3",5,70,300,20,5,2.03164236458466,0.1,6.85362971401854,0.056156420527788,2.63209037760631,55,0.2,1,107.747278357661,21.2447207737075,0.000233709086972715,1.535921908788e-05,0.721762312770898,455,8242,1,"3","diploid","female"
"1366","0","0","0","0",-0.909281253814697,3145.36865234375,"map_8244_1_1",5,70,300,20,5,3.37337684104229,0.1,10.7403959137468,0.339512634395784,2.82178272940279,11,0.2,1,90.9712281670681,22.0444136231973,0.00480689028109361,0.0119737495816181,0.3074003612154,456,8244,1,"1","diploid","female"
"1367","0","0","0","0",-0.909281253814697,3145.36865234375,"map_8244_1_2",5,70,300,20,5,3.93354135420156,0.1,10.3074279061395,0.481290835792591,2.03088711269838,6,0.2,1,90.9712281670681,22.0444136231973,0.00558326704536404,0.00726408912111263,0.43051797244809,456,8244,1,"2","diploid","female"
"1368","0","0","0","0",-0.909281253814697,3145.36865234375,"map_8244_1_3",5,70,300,20,5,4.10233220267564,0.1,6.44036365216895,0.348032327165876,3.67164465192773,4,0.2,1,90.9712281670681,22.0444136231973,0.00134018441479173,9.98211506873001e-05,0.575926758361138,456,8244,1,"3","diploid","female"
"1369","0","0","0","0",-0.892784297466278,3111.79028320312,"map_8245_1_1",5,70,300,20,5,4.34417912006697,0.1,10.1382507545192,0.307722262092331,2.6342834965927,10,0.2,1,89.742455286045,22.04063853436,0.00388369138105844,0.0114278134317461,0.383682734765949,457,8245,1,"1","diploid","female"
"1370","0","0","0","0",-0.892784297466278,3111.79028320312,"map_8245_1_2",5,70,300,20,5,7.85775675862966,0.1,13.6478061257023,0.422950676125823,1.82005295110355,6,0.2,1,89.742455286045,22.04063853436,0.0103236053867798,0.0431751159141564,0.314032061431883,457,8245,1,"2","diploid","female"
"1371","0","0","0","0",-0.892784297466278,3111.79028320312,"map_8245_1_3",5,70,300,20,5,4.0970953512922,0.1,5.71090840252696,0.312450014426573,3.19863742203702,4,0.2,1,89.742455286045,22.04063853436,0.000874944528984849,2.26743023973016e-05,0.94050642185736,457,8245,1,"3","diploid","female"
"1372","0","0","0","0",-0.897129833698273,3082.30834960938,"map_8246_1_1",5,70,300,20,5,2.59883213080937,0.1,13.9119566478488,0.157911223592529,2.29998651644328,53,0.2,1,94.3020106344128,23.3738092063405,0.00376487169118732,0.0132958539315229,0.311819759979276,458,8246,1,"1","diploid","female"
"1373","0","0","0","0",-0.897129833698273,3082.30834960938,"map_8246_1_2",5,70,300,20,5,4.17830818764281,0.1,10.8363005147818,0.098909583635628,4.48653924720442,45,0.2,1,94.3020106344128,23.3738092063405,0.00128785111708798,0.00190382033201869,0.855553344997325,458,8246,1,"2","diploid","female"
"1374","0","0","0","0",-0.897129833698273,3082.30834960938,"map_8246_1_3",5,70,300,20,5,3.5671838573559,0.1,7.96682456789306,0.16250327356666,3.10691839270457,41,0.2,1,94.3020106344128,23.3738092063405,0.000954722572969175,0.000134250319933724,0.593297924915256,458,8246,1,"3","diploid","female"
"1375","0","0","0","0",-0.821509957313538,3050.83227539062,"map_8247_1_1",5,70,300,20,5,1.70384099300119,0.1,10.6999488314594,0.233590577255181,2.23089057408095,16,0.2,1,68.4228247190235,23.4163035780356,0.00319750336649468,0.00896774390607415,0.347831339965128,459,8247,1,"1","diploid","female"
"1376","0","0","0","0",-0.821509957313538,3050.83227539062,"map_8247_1_2",5,70,300,20,5,8.13228410645579,0.1,7.86051720189157,0.35292436914467,3.16472381570326,13,0.2,1,68.4228247190235,23.4163035780356,0.00200069119250546,0.00147934490153674,0.670995956221824,459,8247,1,"2","diploid","female"
"1377","0","0","0","0",-0.821509957313538,3050.83227539062,"map_8247_1_3",5,70,300,20,5,1.79802967927631,0.1,7.49584727874382,0.176232154557438,2.65451797568537,8,0.2,1,68.4228247190235,23.4163035780356,0.000849359941208581,8.71142213344766e-05,0.65387461129797,459,8247,1,"3","diploid","female"
"1378","0","0","0","0",-0.688515901565552,3034.74462890625,"map_8248_1_1",5,70,300,20,5,1.36408897637158,0.1,13.0530372983745,0.148499876578524,2.62093250543847,49,0.2,1,68.2261851146768,23.4134384812179,0.0030003475395733,0.0106623294487747,0.304950796777278,460,8248,1,"1","diploid","female"
"1379","0","0","0","0",-0.688515901565552,3034.74462890625,"map_8248_1_2",5,70,300,20,5,4.61417646213437,0.1,11.9008088324292,0.107077754496969,3.91739223637276,24,0.2,1,68.2261851146768,23.4134384812179,0.00164610850260019,0.00347228863664694,0.612932416758911,460,8248,1,"2","diploid","female"
"1380","0","0","0","0",-0.688515901565552,3034.74462890625,"map_8248_1_3",5,70,300,20,5,1.77967982306307,0.1,7.66924818148675,0.13627605771136,3.12941816534416,105,0.2,1,68.2261851146768,23.4134384812179,0.000781145356394797,0.000207175044702387,0.579698935155476,460,8248,1,"3","diploid","female"
"1381","0","0","0","0",-0.45668762922287,2961.08984375,"map_8250_1_1",5,70,300,20,5,0,0.1,14.7869474925253,0.258675467725004,2.17254526307214,5,0.2,1,70.6416172177292,23.9712750577451,0.00733816587650834,0.0340919081409565,0.189319511242007,461,8250,1,"1","diploid","female"
"1382","0","0","0","0",-0.45668762922287,2961.08984375,"map_8250_1_2",5,70,300,20,5,8.57062095522886,0.1,10.789661596369,0.324527735861244,3.45373467009373,3,0.2,1,70.6416172177292,23.9712750577451,0.00542768498779959,0.0188846590593709,0.40986529216371,461,8250,1,"2","diploid","female"
"1383","0","0","0","0",-0.45668762922287,2961.08984375,"map_8250_1_3",5,70,300,20,5,3.03642675723506,0.1,7.96781639252724,0.250595810087086,2.68853542879698,2,0.2,1,70.6416172177292,23.9712750577451,0.00161109298721152,0.00139716776928405,0.435484204969596,461,8250,1,"3","diploid","female"
"1384","0","0","0","0",-0.667356908321381,2992.63696289062,"map_8252_1_1",5,70,300,20,5,0,0.1,14.4923442292658,0.424611753784118,0.870806154432087,32,0.2,1,71.287659649239,24.1913651828618,0.00973859430060866,0.0391909852434252,0.190078206077233,462,8252,1,"1","diploid","female"
"1385","0","0","0","0",-0.667356908321381,2992.63696289062,"map_8252_1_2",5,70,300,20,5,8.06672273087636,0.1,11.3415051525779,0.758851073608841,0.580561141658257,38,0.2,1,71.287659649239,24.1913651828618,0.00995304483831577,0.0115262661239867,0.589648156828383,462,8252,1,"2","diploid","female"
"1386","0","0","0","0",-0.667356908321381,2992.63696289062,"map_8252_1_3",5,70,300,20,5,1.49739734257376,0.1,9.1028219482735,0.191700892101603,2.48769434292556,8,0.2,1,71.287659649239,24.1913651828618,0.00154730326903426,0.00137837879543075,0.625462957057632,462,8252,1,"3","diploid","female"
"1387","0","0","0","0",-0.950933456420898,3020.55493164062,"map_8253_1_1",5,70,300,20,5,0,0.1,11.3426805059496,0.217528599037323,1.58710275434798,54,0.2,1,75.0422753768902,24.1852232258185,0.00349376830189845,0.010290958003939,0.305163716664451,463,8253,1,"1","diploid","female"
"1388","0","0","0","0",-0.950933456420898,3020.55493164062,"map_8253_1_2",5,70,300,20,5,7.0835418260214,0.1,7.32234831319054,0.19316029251548,3.46815462046783,28,0.2,1,75.0422753768902,24.1852232258185,0.00095029697403429,0.000495204427402248,0.752083048071292,463,8253,1,"2","diploid","female"
"1389","0","0","0","0",-0.950933456420898,3020.55493164062,"map_8253_1_3",5,70,300,20,5,2.30026791702798,0.1,7.4792043832529,0.160631939257177,2.21593235596049,24,0.2,1,75.0422753768902,24.1852232258185,0.00079097622622989,0.000127309619914589,0.615528625295715,463,8253,1,"3","diploid","female"
"1390","0","0","0","0",-0.702232360839844,2997.48608398438,"map_8254_1_1",5,70,300,20,5,2.36619331321078,0.1,16.485556772302,0.224697841705695,1.40691070632082,72,0.2,1,62.4874467278438,24.2329897932304,0.00639429943557897,0.0164897980751576,0.217271451033553,464,8254,1,"1","diploid","female"
"1391","0","0","0","0",-0.702232360839844,2997.48608398438,"map_8254_1_2",5,70,300,20,5,4.37047266289201,0.1,11.7103200219424,0.215344093541975,1.80839037000777,49,0.2,1,62.4874467278438,24.2329897932304,0.00252325757009829,0.000990292408277323,0.396781734557933,464,8254,1,"2","diploid","female"
"1392","0","0","0","0",-0.702232360839844,2997.48608398438,"map_8254_1_3",5,70,300,20,5,3.02491669270543,0.1,9.19138166808389,0.120884613606773,2.36200898074988,63,0.2,1,62.4874467278438,24.2329897932304,0.000960667231484165,0.000256754623560131,0.64666910838814,464,8254,1,"3","diploid","female"
"1393","0","0","0","0",-0.0957024022936821,2941.2060546875,"map_8255_1_1",5,70,300,20,5,0,0.1,12.5178113709868,0.0359897625273585,0.297348905623078,6,0.2,1,68.9438761964787,24.7640473613971,0.000635060929044063,0.00154072352215018,0.208861140574486,465,8255,1,"1","diploid","female"
"1394","0","0","0","0",-0.0957024022936821,2941.2060546875,"map_8255_1_2",5,70,300,20,5,11.1184177992728,0.1,7.52407543743088,0.393361941872448,5.04493430775718,4,0.2,1,68.9438761964787,24.7640473613971,0.00218540912369434,0.00144420965011653,0.423767915121356,465,8255,1,"2","diploid","female"
"1395","0","0","0","0",-0.0957024022936821,2941.2060546875,"map_8255_1_3",5,70,300,20,5,1.56255430411881,0.1,8.43756534292336,0.381515926549731,2.57888821681767,6,0.2,1,68.9438761964787,24.7640473613971,0.00297289677611149,0.00415925501565148,0.305210889382118,465,8255,1,"3","diploid","female"
"1396","0","0","0","0",-0.398537069559097,2901.19775390625,"map_8258_1_1",5,70,300,20,5,0,0.1,21.5507714378603,0.391886153069802,0.845141856909447,61,0.2,1,43.1302073105467,25.2088236621844,0.0182664507632616,0.064269305091631,0.0942178584743489,466,8258,1,"1","diploid","female"
"1397","0","0","0","0",-0.398537069559097,2901.19775390625,"map_8258_1_2",5,70,300,20,5,4.27271341538458,0.1,9.70176883535953,0.911435122405483,0.242290116420128,78,0.2,1,43.1302073105467,25.2088236621844,0.00717953123389503,0.000501722609010927,0.160776724906796,466,8258,1,"2","diploid","female"
"1398","0","0","0","0",-0.398537069559097,2901.19775390625,"map_8258_1_3",5,70,300,20,5,2.29102037061029,0.1,9.90713986188011,0.40571006457807,1.13620764399676,37,0.2,1,43.1302073105467,25.2088236621844,0.00379278425687093,0.00388689505345693,0.514643778606893,466,8258,1,"3","diploid","female"
"1399","0","0","0","0",-0.605343461036682,2890.57080078125,"map_8259_1_1",5,70,300,20,5,0,0.1,23.0185389655823,0.228608994901717,1.46767203780547,108,0.2,1,40.7575424911216,25.2481629786697,0.0147818105894778,0.0831482306785933,0.0755105885134629,467,8259,1,"1","diploid","female"
"1400","0","0","0","0",-0.605343461036682,2890.57080078125,"map_8259_1_2",5,70,300,20,5,3.63445953707208,0.1,8.35286839837743,0.127550999497975,3.345217070053,21,0.2,1,40.7575424911216,25.2481629786697,0.00129603529742371,0.00581394382368954,0.440188450234354,467,8259,1,"2","diploid","female"
"1401","0","0","0","0",-0.605343461036682,2890.57080078125,"map_8259_1_3",5,70,300,20,5,2.01011424598204,0.1,8.42510190147198,0.268305476022652,1.80023228077098,106,0.2,1,40.7575424911216,25.2481629786697,0.00208478540465291,0.00291580377219308,0.238416476097761,467,8259,1,"3","diploid","female"
"1402","0","0","0","0",-0.400283545255661,2861.3701171875,"map_8260_1_1",5,70,300,20,5,0,0.1,13.454761688381,0.176427108207655,0.908353427193173,18,0.2,1,44.340231270305,25.192562388212,0.00400985134133262,0.0160270152147603,0.203039504759854,468,8260,1,"1","diploid","female"
"1403","0","0","0","0",-0.400283545255661,2861.3701171875,"map_8260_1_2",5,70,300,20,5,4.12805794706751,0.1,7.59326055515497,0.262527052586574,3.30372071698391,7,0.2,1,44.340231270305,25.192562388212,0.00145716782645676,0.000724096312917265,0.491683316682016,468,8260,1,"2","diploid","female"
"1404","0","0","0","0",-0.400283545255661,2861.3701171875,"map_8260_1_3",5,70,300,20,5,0.982940279472142,0.1,9.37034519384986,0.312149640782147,1.20901466166018,8,0.2,1,44.340231270305,25.192562388212,0.00289365660340533,0.00290286233139972,0.338420589323465,468,8260,1,"3","diploid","female"
"1405","0","0","0","0",-0.0263992287218571,2810.68286132812,"map_8261_1_1",5,70,300,20,5,0,0.1,51.1657577052622,6.51014999155369e-14,0,30,0.2,1,45.6301528483806,25.2186590988903,1.33877283586818e-14,6.51014999155369e-14,0.300769280249452,469,8261,1,"1","diploid","female"
"1406","0","0","0","0",-0.0263992287218571,2810.68286132812,"map_8261_1_2",5,70,300,20,5,0,0.1,7.20825281777772,0.00106523438120338,0.0617550858508775,9,0.2,1,45.6301528483806,25.2186590988903,5.08036443384932e-06,4.66835033383678e-07,0.928914337037677,469,8261,1,"2","diploid","female"
"1407","0","0","0","0",-0.0263992287218571,2810.68286132812,"map_8261_1_3",5,70,300,20,5,1.34717366040374,0.1,10.6302546516694,0.273106248051009,0.845534809208823,35,0.2,1,45.6301528483806,25.2186590988903,0.0032664974306292,0.00453523609461785,0.258142386717493,469,8261,1,"3","diploid","female"
"1408","0","0","0","0",-0.196079686284065,2786.05786132812,"map_8262_1_1",5,70,300,20,5,0,0.1,50.5733244123012,3.57656083369024e-14,0,6,0.2,1,15.3830670178017,25.2395895659065,7.18572793277892e-15,3.57656083369024e-14,0.3016154281446,470,8262,1,"1","diploid","female"
"1409","0","0","0","0",-0.196079686284065,2786.05786132812,"map_8262_1_2",5,70,300,20,5,0,0.1,15.8779784567385,5.33527189924735e-06,0.000947070391599851,2,0.2,1,15.3830670178017,25.2395895659065,1.1187205736359e-07,2.65197962216287e-08,0.914703324274799,470,8262,1,"2","diploid","female"
"1410","0","0","0","0",-0.196079686284065,2786.05786132812,"map_8262_1_3",5,70,300,20,5,1.35276104734844,0.1,7.30164542339315,0.57862986740957,0.941317614993701,3,0.2,1,15.3830670178017,25.2395895659065,0.0031598670476118,0.00178398810517125,0.321643362569031,470,8262,1,"3","diploid","female"
"1411","0","0","0","0",0.373109579086304,2758.63647460938,"map_8263_1_1",5,70,300,20,5,0,0.1,50.553168507763,7.11487902925784e-14,0,13,0.2,1,14.9241867886602,25.2181535676468,1.42831026465684e-14,7.11487902925784e-14,0.298634737021388,471,8263,1,"1","diploid","female"
"1412","0","0","0","0",0.373109579086304,2758.63647460938,"map_8263_1_2",5,70,300,20,5,0,0.1,50.6938097921798,9.81927831272256e-18,0,3,0.2,1,14.9241867886602,25.2181535676468,1.98222748091501e-18,9.81927831272256e-18,0.329624886023285,471,8263,1,"2","diploid","female"
"1413","0","0","0","0",0.373109579086304,2758.63647460938,"map_8263_1_3",5,70,300,20,5,1.39111668575566,0.1,13.1773346072143,0.183083436846158,0.381962583509763,8,0.2,1,14.9241867886602,25.2181535676468,0.00315311050432629,0.00532053816029211,0.327579898129656,471,8263,1,"3","diploid","female"
"1414","0","0","0","0",-0.408560425043106,2765.31494140625,"map_8281_1_1",5,70,300,20,5,0,0.1,51.090360902132,1.61353849898688e-14,0,26,0.2,1,3.39021559793848,25.2326303484168,3.30838959040272e-15,1.61353849898688e-14,0.309698701390825,472,8281,1,"1","diploid","female"
"1415","0","0","0","0",-0.408560425043106,2765.31494140625,"map_8281_1_2",5,70,300,20,5,0,0.1,7.23899486468513,1.56184620633813e-06,5.27230371562718e-05,8,0.2,1,3.39021559793848,25.2326303484168,6.97446855284734e-09,4.52037198942955e-12,0.912726486563258,472,8281,1,"2","diploid","female"
"1416","0","0","0","0",-0.408560425043106,2765.31494140625,"map_8281_1_3",5,70,300,20,5,0,0.1,6.32095778214826,0.397046101756633,0.509359768673832,22,0.2,1,3.39021559793848,25.2326303484168,0.00132435743265834,3.48645534551332e-06,0.41149632205439,472,8281,1,"3","diploid","female"
"1417","0","0","0","0",-0.325159847736359,2801.54443359375,"map_8282_1_1",5,70,300,20,5,0,0.1,38.8306545458362,2.30033793741777e-06,1.02781793420102e-08,9,0.2,1,4.06252373360791,25.1952571173971,2.77579879209315e-07,2.2407015031368e-06,0.340864942069806,473,8282,1,"1","diploid","female"
"1418","0","0","0","0",-0.325159847736359,2801.54443359375,"map_8282_1_2",5,70,300,20,5,0,0.1,9.80744636301362,0.00312311661042527,1.26513398999384,3,0.2,1,4.06252373360791,25.1952571173971,2.53370815704735e-05,6.50838528563941e-07,0.843182889547068,473,8282,1,"2","diploid","female"
"1419","0","0","0","0",-0.325159847736359,2801.54443359375,"map_8282_1_3",5,70,300,20,5,1.45346431421912,0.1,7.1341385694365,0.462773330532,0.626832289557425,7,0.2,1,4.06252373360791,25.1952571173971,0.00205156707393687,0.000382952526767849,0.729272495867505,473,8282,1,"3","diploid","female"
"1420","0","0","0","0",-0.699310123920441,2860.60278320312,"map_8283_1_1",5,70,300,20,5,0,0.1,21.3392250922208,0.498846420090483,0.223806958399203,78,0.2,1,7.03744321558439,25.2032226946927,0.0199104491392976,0.0442279117908332,0.12720104321312,474,8283,1,"1","diploid","female"
"1421","0","0","0","0",-0.699310123920441,2860.60278320312,"map_8283_1_2",5,70,300,20,5,3.05018161772766,0.1,9.45288899380762,0.386600827612664,0.888035850508941,22,0.2,1,7.03744321558439,25.2032226946927,0.00366744029789876,0.00403275400467606,0.285388289434204,474,8283,1,"2","diploid","female"
"1422","0","0","0","0",-0.699310123920441,2860.60278320312,"map_8283_1_3",5,70,300,20,5,1.77486832230026,0.1,6.44169126176446,0.589080341047662,0.825598369990804,27,0.2,1,7.03744321558439,25.2032226946927,0.00201030966223325,3.62502638525471e-05,0.821452002233376,474,8283,1,"3","diploid","female"
"1423","0","0","0","0",0.017384298145771,2854.029296875,"map_8299_1_1",5,70,300,20,5,0,0.1,15.7720898076811,0.0304748800767291,0.233933307416912,59,0.2,1,7.23355233864519,25.4706762670811,0.000793866404540929,0.00226574701370955,0.308397819006517,475,8299,1,"1","diploid","female"
"1424","0","0","0","0",0.017384298145771,2854.029296875,"map_8299_1_2",5,70,300,20,5,5.20417657217029,0.1,6.67803129679897,0.117148535496776,3.70017943268038,14,0.2,1,7.23355233864519,25.4706762670811,0.00051694826575303,0.000228150460343747,2.52331396126261,475,8299,1,"2","diploid","female"
"1425","0","0","0","0",0.017384298145771,2854.029296875,"map_8299_1_3",5,70,300,20,5,0.749299995427236,0.1,8.96530442920981,0.387932639688747,1.13826639058376,129,0.2,1,7.23355233864519,25.4706762670811,0.00287844060007247,0.00190954952352475,0.60058187863037,475,8299,1,"3","diploid","female"
"1426","0","0","0","0",-0.070423536002636,2784.37231445312,"map_8300_1_1",5,70,300,20,5,0,0.1,51.1396260600959,4.13821904554227e-14,0,10,0.2,1,6.7024538026739,25.5240451844428,8.50132781752495e-15,4.13821904554227e-14,0.296989602856192,476,8300,1,"1","diploid","female"
"1427","0","0","0","0",-0.070423536002636,2784.37231445312,"map_8300_1_2",5,70,300,20,5,0,0.1,17.6160073965847,3.58306888289769e-07,0.000137133800689721,3,0.2,1,6.7024538026739,25.5240451844428,9.1344697849064e-09,1.33584661788901e-09,1.3627611078089,476,8300,1,"2","diploid","female"
"1428","0","0","0","0",-0.070423536002636,2784.37231445312,"map_8300_1_3",5,70,300,20,5,0.664479912555184,0.1,9.35721589808457,0.522085462359867,0.24913847588063,8,0.2,1,6.7024538026739,25.5240451844428,0.0040863293382271,0.00189040154462592,0.412387358117147,476,8300,1,"3","diploid","female"
"1429","0","0","0","0",-0.936058640480042,3203.21020507812,"map_8343_1_1",5,70,300,20,5,2.55893795832112,0.1,19.0507912086913,0.477313525279374,0.768487747447802,22,0.2,1,122.51117565624,23.5965880405599,0.0192221983082958,0.0857704041620007,0.104877894914894,477,8343,1,"1","diploid","female"
"1430","0","0","0","0",-0.936058640480042,3203.21020507812,"map_8343_1_2",5,70,300,20,5,4.72661096354605,0.1,10.2851121502809,0.789864544456399,0.477634784143407,9,0.2,1,122.51117565624,23.5965880405599,0.00773914446039695,0.0103650663788527,0.194085233267504,477,8343,1,"2","diploid","female"
"1431","0","0","0","0",-0.936058640480042,3203.21020507812,"map_8343_1_3",5,70,300,20,5,2.65281391063946,0.1,7.6863147433999,0.498952553620984,2.1414603307896,5,0.2,1,122.51117565624,23.5965880405599,0.00309265873438889,0.00233347919102383,0.452874426390706,477,8343,1,"3","diploid","female"
"1432","0","0","0","0",-0.943296253681183,3109.828125,"map_8346_1_1",5,70,300,20,5,2.45251262225205,0.1,17.0034987068162,0.293848726955206,1.22292866658037,37,0.2,1,115.920607894758,23.5762398695497,0.00911677902797613,0.0304627518493005,0.162705986593841,478,8346,1,"1","diploid","female"
"1433","0","0","0","0",-0.943296253681183,3109.828125,"map_8346_1_2",5,70,300,20,5,4.22168341976377,0.1,9.93580131868752,0.876053130241746,0.390772310274817,73,0.2,1,115.920607894758,23.5762398695497,0.00771514404236595,0.00553440914218545,0.1491786945548,478,8346,1,"2","diploid","female"
"1434","0","0","0","0",-0.943296253681183,3109.828125,"map_8346_1_3",5,70,300,20,5,3.28326934129097,0.1,8.79212442645012,0.176406649513348,2.28724828004916,10,0.2,1,115.920607894758,23.5762398695497,0.00128472959319337,0.000564204674141815,0.441381040871144,478,8346,1,"3","diploid","female"
"1435","0","0","0","0",-0.962443470954895,3087.16064453125,"map_8347_1_1",5,70,300,20,5,2.11069763742869,0.1,12.7681081335619,0.487289581718097,1.60773464561534,43,0.2,1,109.299603934304,24.2956153852731,0.0104587287652276,0.0372455308084058,0.205900449081386,479,8347,1,"1","diploid","female"
"1436","0","0","0","0",-0.962443470954895,3087.16064453125,"map_8347_1_2",5,70,300,20,5,4.32140825075631,0.1,5.80314473059386,2.50439118824762,3.73240902927925,117,0.2,1,109.299603934304,24.2956153852731,0.00918043051404969,0.00811727916089187,1.45338220717624,479,8347,1,"2","diploid","female"
"1437","0","0","0","0",-0.962443470954895,3087.16064453125,"map_8347_1_3",5,70,300,20,5,2.95482639658992,0.1,6.28853584095557,0.776446293818009,2.78286379758617,9,0.2,1,109.299603934304,24.2956153852731,0.00310616273643652,0.00110017012226185,0.633260025149973,479,8347,1,"3","diploid","female"
"1438","0","0","0","0",-0.91678911447525,3073.67602539062,"map_8348_1_1",5,70,300,20,5,0,0.1,13.7918564323663,0.316866161977216,1.87665887795714,33,0.2,1,90.9493746852558,24.2934909374875,0.00784449072192272,0.0292358912236557,0.190198168986026,480,8348,1,"1","diploid","female"
"1439","0","0","0","0",-0.91678911447525,3073.67602539062,"map_8348_1_2",5,70,300,20,5,9.53212377728458,0.1,7.0019014457904,0.471203951094364,3.93046068294639,11,0.2,1,90.9493746852558,24.2934909374875,0.00259905523221119,0.00308279355984848,0.642025978140097,480,8348,1,"2","diploid","female"
"1440","0","0","0","0",-0.91678911447525,3073.67602539062,"map_8348_1_3",5,70,300,20,5,1.56174219618547,0.1,6.55711526497351,0.418388210043707,2.69268699399712,4,0.2,1,90.9493746852558,24.2934909374875,0.00176795660274113,0.000855325263066251,0.513709456084419,480,8348,1,"3","diploid","female"
"1441","0","0","0","0",-0.918850004673004,3046.2763671875,"map_8349_1_1",5,70,300,20,5,2.15028731913347,0.1,19.9746755608689,0.218238058072045,1.40994544162667,26,0.2,1,94.5487700855217,24.2508954767373,0.00986826033848104,0.0419167621952697,0.139589826586418,481,8349,1,"1","diploid","female"
"1442","0","0","0","0",-0.918850004673004,3046.2763671875,"map_8349_1_2",5,70,300,20,5,4.22216950373307,0.1,23.6165328066207,0.157015774515993,2.66784152233853,9,0.2,1,94.5487700855217,24.2508954767373,0.00932219234896449,0.040425687825247,0.375898709771709,481,8349,1,"2","diploid","female"
"1443","0","0","0","0",-0.918850004673004,3046.2763671875,"map_8349_1_3",5,70,300,20,5,3.07176906453073,0.1,9.1105275974878,0.118566834790391,2.11394376829359,8,0.2,1,94.5487700855217,24.2508954767373,0.000981737845897796,0.000892672838996755,0.504448137226152,481,8349,1,"3","diploid","female"
"1444","0","0","0","0",-0.936977922916412,3020.93774414062,"map_8350_1_1",5,70,300,20,5,0.941333518945869,0.1,17.1770745944402,0.31039739422458,1.60839720542264,35,0.2,1,89.9667894024389,24.7216286763796,0.0113762185465936,0.0506176804443233,0.145752528820594,482,8350,1,"1","diploid","female"
"1445","0","0","0","0",-0.936977922916412,3020.93774414062,"map_8350_1_2",5,70,300,20,5,4.5074142695703,0.1,17.1410407794137,0.511057304474345,0.712143459777081,15,0.2,1,89.9667894024389,24.7216286763796,0.012839478578717,0.0068857207186041,0.234771822604258,482,8350,1,"2","diploid","female"
"1446","0","0","0","0",-0.936977922916412,3020.93774414062,"map_8350_1_3",5,70,300,20,5,1.29720861864171,0.1,6.54089504723897,0.462168958614032,2.55006084568417,5,0.2,1,89.9667894024389,24.7216286763796,0.00202953095202921,0.00184945163682237,0.502582484703434,482,8350,1,"3","diploid","female"
"1447","0","0","0","0",-0.851980626583099,2999.92138671875,"map_8351_1_1",5,70,300,20,5,0,0.1,15.9998968686984,0.265050544181931,1.3306151107123,149,0.2,1,73.1429515966149,24.7178913855738,0.00917938023359785,0.045592446044551,0.210309048499183,483,8351,1,"1","diploid","female"
"1448","0","0","0","0",-0.851980626583099,2999.92138671875,"map_8351_1_2",5,70,300,20,5,7.71662533512107,0.1,8.668172659226,0.2853184572462,3.50542066419238,106,0.2,1,73.1429515966149,24.7178913855738,0.00215191796547571,0.00223724857864157,0.561506765397376,483,8351,1,"2","diploid","female"
"1449","0","0","0","0",-0.851980626583099,2999.92138671875,"map_8351_1_3",5,70,300,20,5,2.44717961356124,0.1,8.07315121922879,0.233489441477988,2.14543776029554,127,0.2,1,73.1429515966149,24.7178913855738,0.0014105722183797,0.000550130656190931,0.492805845181727,483,8351,1,"3","diploid","female"
"1450","0","0","0","0",-0.920054376125336,2988.07470703125,"map_8352_1_1",5,70,300,20,5,1.82098596405754,0.1,21.9472764221333,0.152930352363844,1.55893800131371,48,0.2,1,69.4515269032348,24.7281872737711,0.00792300364847663,0.0474872475255787,0.169160850771378,484,8352,1,"1","diploid","female"
"1451","0","0","0","0",-0.920054376125336,2988.07470703125,"map_8352_1_2",5,70,300,20,5,3.73560317664822,0.1,15.6993853113598,0.0477532516572463,3.74828707225532,14,0.2,1,69.4515269032348,24.7281872737711,0.00139416750246345,0.00798621361388832,0.644745244856047,484,8352,1,"2","diploid","female"
"1452","0","0","0","0",-0.920054376125336,2988.07470703125,"map_8352_1_3",5,70,300,20,5,2.64332093316563,0.1,9.25008397856974,0.143522898397411,2.29212732742016,39,0.2,1,69.4515269032348,24.7281872737711,0.00123583311252192,0.00112268608296586,0.413118543406784,484,8352,1,"3","diploid","female"
"1453","0","0","0","0",-0.804414689540863,2982.8369140625,"map_8353_1_1",5,70,300,20,5,1.8670050036511,0.1,14.7648294259589,0.315694298170235,1.4943333959782,31,0.2,1,73.8527576531287,25.025028745835,0.00917971907152994,0.0384824802672228,0.140102001003882,485,8353,1,"1","diploid","female"
"1454","0","0","0","0",-0.804414689540863,2982.8369140625,"map_8353_1_2",5,70,300,20,5,4.08948161168395,0.1,6.95388860957057,0.484111812902246,3.92526680320591,9,0.2,1,73.8527576531287,25.025028745835,0.00280467897852332,0.00373195587130054,0.544028190793344,485,8353,1,"2","diploid","female"
"1455","0","0","0","0",-0.804414689540863,2982.8369140625,"map_8353_1_3",5,70,300,20,5,2.62319266872188,0.1,6.96083515560186,0.486206023873639,2.28016524988385,4,0.2,1,73.8527576531287,25.025028745835,0.00248579278165446,0.0021697607952901,0.439172079030227,485,8353,1,"3","diploid","female"
"1456","0","0","0","0",-0.276134669780731,2953.60473632812,"map_8354_1_1",5,70,300,20,5,0,0.1,17.793209213402,0.35210556867639,1.16015822548445,40,0.2,1,67.7853594519371,25.0523545477477,0.0120473231665309,0.0407427635750812,0.164605197470368,486,8354,1,"1","diploid","female"
"1457","0","0","0","0",-0.276134669780731,2953.60473632812,"map_8354_1_2",5,70,300,20,5,10.3932381265038,0.1,10.7837151169345,0.711722191744413,0.668403714489288,29,0.2,1,67.7853594519371,25.0523545477477,0.00793739055463835,0.00680266060625339,0.642706544182179,486,8354,1,"2","diploid","female"
"1458","0","0","0","0",-0.276134669780731,2953.60473632812,"map_8354_1_3",5,70,300,20,5,2.67867129113706,0.1,10.4010426283482,0.308038271810469,2.06428580680783,14,0.2,1,67.7853594519371,25.0523545477477,0.00362445942641657,0.00732405637697096,0.442147608375237,486,8354,1,"3","diploid","female"
"1459","0","0","0","0",-0.856953322887421,2833.48193359375,"map_8362_1_1",5,70,300,20,5,0,0.1,13.391018605245,0.0517887969444216,0.230349615194742,33,0.2,1,43.19772818136,25.2920292925069,0.00112796306653516,0.00316082563503042,0.216326284928535,487,8362,1,"1","diploid","female"
"1460","0","0","0","0",-0.856953322887421,2833.48193359375,"map_8362_1_2",5,70,300,20,5,3.92035385929253,0.1,18.9695468291972,0.278637377147521,0.650202653707189,21,0.2,1,43.19772818136,25.2920292925069,0.00907388377083413,0.017554892704611,0.290283692745431,487,8362,1,"2","diploid","female"
"1461","0","0","0","0",-0.856953322887421,2833.48193359375,"map_8362_1_3",5,70,300,20,5,1.02774418223692,0.1,9.42462507488925,0.138491379270439,0.785298671298867,14,0.2,1,43.19772818136,25.2920292925069,0.00117130778493987,0.000429881045567996,0.454564636099351,487,8362,1,"3","diploid","female"
"1462","0","0","0","0",-0.910201847553253,2817.07275390625,"map_8363_1_1",5,70,300,20,5,0,0.1,15.8489650045014,0.0558969178678031,0.153005481685967,37,0.2,1,42.0476683265424,25.3022825707893,0.0016271685283413,0.0058600903536665,0.238250936244526,488,8363,1,"1","diploid","female"
"1463","0","0","0","0",-0.910201847553253,2817.07275390625,"map_8363_1_2",5,70,300,20,5,3.86220622705059,0.1,23.4057546262792,0.53832799902792,0.275131939649398,59,0.2,1,42.0476683265424,25.3022825707893,0.0284915043157106,0.127254523488748,0.138861501945567,488,8363,1,"2","diploid","female"
"1464","0","0","0","0",-0.910201847553253,2817.07275390625,"map_8363_1_3",5,70,300,20,5,0.50599587708187,0.1,9.29148876108204,0.204828525796492,0.787069252215955,15,0.2,1,42.0476683265424,25.3022825707893,0.00163292771011485,0.000456590943819515,0.315687249722759,488,8363,1,"3","diploid","female"
"1465","0","0","0","0",-0.740476489067078,2794.15380859375,"map_8365_1_1",5,70,300,20,5,0,0.1,50.9767278737318,5.06751195437408e-14,0,59,0.2,1,42.7460779930415,25.3119170282898,1.03441522853075e-14,5.06751195437408e-14,0.304949464596634,489,8365,1,"1","diploid","female"
"1466","0","0","0","0",-0.740476489067078,2794.15380859375,"map_8365_1_2",5,70,300,20,5,0,0.1,6.00812025290523,0.0130322600862144,0.378962849650212,15,0.2,1,42.7460779930415,25.3119170282898,5.24243606642698e-05,5.93957557704656e-05,0.525359755814004,489,8365,1,"2","diploid","female"
"1467","0","0","0","0",-0.740476489067078,2794.15380859375,"map_8365_1_3",5,70,300,20,5,1.11082216322097,0.1,7.79839590429336,0.217800394336683,0.383656303067528,44,0.2,1,42.7460779930415,25.3119170282898,0.00125302222752572,0.000190581691724934,0.577442922242938,489,8365,1,"3","diploid","female"
"1468","0","0","0","0",-0.0675779283046722,2783.38354492188,"map_8366_1_1",5,70,300,20,5,0,0.1,50.3877267245351,2.43466436289945e-14,0,5,0.2,1,13.6351638955847,25.3646061851865,4.85566709606775e-15,2.43466436289945e-14,0.304208762629959,490,8366,1,"1","diploid","female"
"1469","0","0","0","0",-0.0675779283046722,2783.38354492188,"map_8366_1_2",5,70,300,20,5,4.3010015348129,0.1,9.70129438913115,4.13675127522475e-07,9.82042783856583e-07,2,0.2,1,13.6351638955847,25.3646061851865,3.13685864111118e-09,2.84970123159671e-11,1.35516428066852,490,8366,1,"2","diploid","female"
"1470","0","0","0","0",-0.0675779283046722,2783.38354492188,"map_8366_1_3",5,70,300,20,5,0.457812180271877,0.1,7.75858000308306,0.650792476819031,0.398413106844551,3,0.2,1,13.6351638955847,25.3646061851865,0.00352861155408716,0.000937807499016058,0.368904172651669,490,8366,1,"3","diploid","female"
"1471","0","0","0","0",0.191571965813637,2765.19799804688,"map_8367_1_1",5,70,300,20,5,0,0.1,50.5102939999207,4.48817955801973e-14,0,5,0.2,1,14.519102664355,25.3289115975466,8.99482897868644e-15,4.48817955801973e-14,0.302681009823685,491,8367,1,"1","diploid","female"
"1472","0","0","0","0",0.191571965813637,2765.19799804688,"map_8367_1_2",5,70,300,20,5,0,0.1,50.6865515372253,5.92483045111715e-18,0,2,0.2,1,14.519102664355,25.3289115975466,1.19572030170767e-18,5.92483045111715e-18,0.333361866201867,491,8367,1,"2","diploid","female"
"1473","0","0","0","0",0.191571965813637,2765.19799804688,"map_8367_1_3",5,70,300,20,5,1.37472914300154,0.1,7.11061073600753,0.663361034292885,0.772703419584421,3,0.2,1,14.519102664355,25.3289115975466,0.0033123890599255,0.00128457413836406,0.346568525081166,491,8367,1,"3","diploid","female"
"1474","0","0","0","0",0.443325608968735,2750.95434570312,"map_8368_1_1",5,70,300,20,5,0,0.1,50.4830929743626,8.48587935694413e-14,0,6,0.2,1,15.5303629111047,25.2668693842418,1.69883895607322e-14,8.48587935694413e-14,0.294423103037648,492,8368,1,"1","diploid","female"
"1475","0","0","0","0",0.443325608968735,2750.95434570312,"map_8368_1_2",5,70,300,20,5,0,0.1,50.6483010026586,8.42462980183548e-18,0,2,0.2,1,15.5303629111047,25.2668693842418,1.69765536013703e-18,8.42462980183548e-18,0.324542445517738,492,8368,1,"2","diploid","female"
"1476","0","0","0","0",0.443325608968735,2750.95434570312,"map_8368_1_3",5,70,300,20,5,0.825651951110833,0.1,6.7759673715582,0.685271251226948,0.748994217907384,3,0.2,1,15.5303629111047,25.2668693842418,0.00315955065574421,0.00223782752857122,0.396400146290694,492,8368,1,"3","diploid","female"
"1477","0","0","0","0",-0.590919077396393,2778.4794921875,"map_8386_1_1",5,70,300,20,5,0,0.1,51.156690562994,1.75661930542184e-14,0,10,0.2,1,4.06583237580559,25.2029595676055,3.61115071699611e-15,1.75661930542184e-14,0.30710440218829,493,8386,1,"1","diploid","female"
"1478","0","0","0","0",-0.590919077396393,2778.4794921875,"map_8386_1_2",5,70,300,20,5,2.41433544231818,0.1,7.24341276936261,0.000778313909557159,0.0841441966467558,4,0.2,1,4.06583237580559,25.2029595676055,3.63423301607101e-06,7.06609012479596e-08,1.01131737740364,493,8386,1,"2","diploid","female"
"1479","0","0","0","0",-0.590919077396393,2778.4794921875,"map_8386_1_3",5,70,300,20,5,0.614249822484872,0.1,6.43477233457149,0.141037471538622,0.483378028862545,5,0.2,1,4.06583237580559,25.2029595676055,0.000518239566558147,2.19925480042631e-05,0.598977588301021,493,8386,1,"3","diploid","female"
"1480","0","0","0","0",-0.779094398021698,2808.6591796875,"map_8387_1_1",5,70,300,20,5,0,0.1,15.3411075523363,0.0774034070166911,0.246499865938407,6,0.2,1,7.01730542315597,25.2322588017613,0.00227034121018988,0.0100054500797616,0.287887638366526,494,8387,1,"1","diploid","female"
"1481","0","0","0","0",-0.779094398021698,2808.6591796875,"map_8387_1_2",5,70,300,20,5,2.45878419510581,0.1,8.88162282307443,0.940216158989684,0.229915820801218,10,0.2,1,7.01730542315597,25.2322588017613,0.00711088135457463,0.00764287474979737,0.49431627988596,494,8387,1,"2","diploid","female"
"1482","0","0","0","0",-0.779094398021698,2808.6591796875,"map_8387_1_3",5,70,300,20,5,1.26427021047018,0.1,7.1014715151729,0.564779226739813,0.505571192677224,3,0.2,1,7.01730542315597,25.2322588017613,0.00243599251120276,5.19306070518324e-05,0.419804953579377,494,8387,1,"3","diploid","female"
"1483","0","0","0","0",-0.594361007213593,2845.56103515625,"map_8388_1_1",5,70,300,20,5,0.620799393416322,0.1,12.7947819537561,0.366169832454673,0.693864054031477,67,0.2,1,7.75019031173961,25.2017584554645,0.00732291383298607,0.0252694515749278,0.168470161381469,495,8388,1,"1","diploid","female"
"1484","0","0","0","0",-0.594361007213593,2845.56103515625,"map_8388_1_2",5,70,300,20,5,3.35342958830513,0.1,7.73846339234875,0.544807449535661,1.00259995169528,36,0.2,1,7.75019031173961,25.2017584554645,0.00311771824512881,0.00173641683909067,0.350771707212981,495,8388,1,"2","diploid","female"
"1485","0","0","0","0",-0.594361007213593,2845.56103515625,"map_8388_1_3",5,70,300,20,5,0.508505908096208,0.1,6.73681600413015,0.537880244869571,0.522997468645353,28,0.2,1,7.75019031173961,25.2017584554645,0.00204478348818762,1.24016681638661e-05,0.439074324759195,495,8388,1,"3","diploid","female"
"1486","0","0","0","0",-0.80910450220108,2897.84252929688,"map_8389_1_1",5,70,300,20,5,0.996070317042358,0.1,10.4636157484137,0.562677714071913,0.824959876486839,25,0.2,1,7.75443844607044,25.2032567937773,0.00818445069134376,0.0307898538635294,0.448985269623189,496,8389,1,"1","diploid","female"
"1487","0","0","0","0",-0.80910450220108,2897.84252929688,"map_8389_1_2",5,70,300,20,5,3.05595620426088,0.1,7.21074272341445,0.944556635368622,1.07828709601214,15,0.2,1,7.75443844607044,25.2032567937773,0.005799172979397,0.00773762410747224,1.33748728185472,496,8389,1,"2","diploid","female"
"1488","0","0","0","0",-0.80910450220108,2897.84252929688,"map_8389_1_3",5,70,300,20,5,1.1236021530688,0.1,6.53601006445128,0.470117990214319,1.28879431134482,4,0.2,1,7.75443844607044,25.2032567937773,0.00170266750899984,5.42745838499764e-05,0.84223822002987,496,8389,1,"3","diploid","female"
"1489","0","0","0","0",0.128265500068665,2867.83984375,"map_8403_1_1",5,70,300,20,5,0,0.1,11.369428784539,0.0562526097029762,0.756276832825417,10,0.2,1,7.302788773072,25.4991069388152,0.00073947204111414,0.00133884643093128,0.303980399314093,497,8403,1,"1","diploid","female"
"1490","0","0","0","0",0.128265500068665,2867.83984375,"map_8403_1_2",5,70,300,20,5,5.87937058809228,0.1,7.03142902765125,1.15515628873814,0.946531220532489,24,0.2,1,7.302788773072,25.4991069388152,0.00523738449715099,0.000190192890037753,0.504638961257011,497,8403,1,"2","diploid","female"
"1491","0","0","0","0",0.128265500068665,2867.83984375,"map_8403_1_3",5,70,300,20,5,1.20204477485241,0.1,7.6113059850333,0.531851213213679,1.32545501037792,10,0.2,1,7.302788773072,25.4991069388152,0.0029643047175087,0.00128447363098042,0.493372062396275,497,8403,1,"3","diploid","female"
"1492","0","0","0","0",-0.782135963439941,3180.759765625,"map_8446_1_1",5,70,300,20,5,1.46274479345933,0.1,22.2179325237941,0.337806325455013,1.52763047477492,73,0.2,1,123.11833200423,23.5576105098788,0.0175757746944119,0.0875418116882628,0.073742105146288,498,8446,1,"1","diploid","female"
"1493","0","0","0","0",-0.782135963439941,3180.759765625,"map_8446_1_2",5,70,300,20,5,6.00587661301385,0.1,15.9283210006508,0.204784486547253,3.97496441909174,20,0.2,1,123.11833200423,23.5576105098788,0.00528028882536904,0.0133187310116466,0.308942710676518,498,8446,1,"2","diploid","female"
"1494","0","0","0","0",-0.782135963439941,3180.759765625,"map_8446_1_3",5,70,300,20,5,1.47186735875869,0.1,10.2328014502593,0.267542980670717,2.42301591466665,125,0.2,1,123.11833200423,23.5576105098788,0.00296845986356893,0.00406759571073681,0.254247646138337,498,8446,1,"3","diploid","female"
"1495","0","0","0","0",-0.858209311962128,3134.2470703125,"map_8447_1_1",5,70,300,20,5,2.68788383174226,0.1,12.537823072171,0.468569348455195,1.69089852380932,43,0.2,1,124.341958099821,23.6062030414146,0.00962704382119952,0.0362175682749244,0.223522394801783,499,8447,1,"1","diploid","female"
"1496","0","0","0","0",-0.858209311962128,3134.2470703125,"map_8447_1_2",5,70,300,20,5,4.71426433079326,0.1,7.84675393976691,1.17525916579436,1.10124683714532,57,0.2,1,124.341958099821,23.6062030414146,0.00741180689451409,0.00697558145237817,0.628947049574898,499,8447,1,"2","diploid","female"
"1497","0","0","0","0",-0.858209311962128,3134.2470703125,"map_8447_1_3",5,70,300,20,5,3.33488692365118,0.1,6.23661000263211,0.690081274840002,2.98577233910923,8,0.2,1,124.341958099821,23.6062030414146,0.00262552991437026,0.000924061077995196,0.657399233761045,499,8447,1,"3","diploid","female"
"1498","0","0","0","0",-0.934596598148346,3115.94775390625,"map_8448_1_1",5,70,300,20,5,2.47203216546016,0.1,16.5477029114031,0.317457423486268,1.16790938901526,74,0.2,1,110.21617987148,23.5986321570733,0.00882775096460587,0.024696086191681,0.128151875636139,500,8448,1,"1","diploid","female"
"1499","0","0","0","0",-0.934596598148346,3115.94775390625,"map_8448_1_2",5,70,300,20,5,4.27569643666893,0.1,9.88544342995963,0.710469430680168,0.836248717357774,92,0.2,1,110.21617987148,23.5986321570733,0.00652054724787409,0.00314833133356435,0.393505852097228,500,8448,1,"2","diploid","female"
"1500","0","0","0","0",-0.934596598148346,3115.94775390625,"map_8448_1_3",5,70,300,20,5,3.2671374541718,0.1,9.26754298814114,0.160272749472061,2.27264238631756,34,0.2,1,110.21617987148,23.5986321570733,0.00130637294221174,0.000618632610978123,0.608638747934044,500,8448,1,"3","diploid","female"
"1501","0","0","0","0",-0.778794229030609,3080.78369140625,"map_8449_1_1",5,70,300,20,5,2.71343795322853,0.1,17.1534843811704,0.179467912622646,2.37410375301239,63,0.2,1,114.427347666401,23.5811941696032,0.0067841267141562,0.0307303369232192,0.172320880193995,501,8449,1,"1","diploid","female"
"1502","0","0","0","0",-0.778794229030609,3080.78369140625,"map_8449_1_2",5,70,300,20,5,4.51963510993404,0.1,15.0135452650638,0.147631942960233,5.33436782676597,26,0.2,1,114.427347666401,23.5811941696032,0.00508960511938989,0.0218436897317172,0.448766840110468,501,8449,1,"2","diploid","female"
"1503","0","0","0","0",-0.778794229030609,3080.78369140625,"map_8449_1_3",5,70,300,20,5,3.60960845979698,0.1,8.13213455078435,0.174246593957525,3.2729843890366,110,0.2,1,114.427347666401,23.5811941696032,0.00122032145749218,0.00119570003456537,0.4692902546189,501,8449,1,"3","diploid","female"
"1504","0","0","0","0",-0.896135032176971,3052.67333984375,"map_8450_1_1",5,70,300,20,5,2.46628987772215,0.1,18.3889181111999,0.219074396662378,1.85589487345849,54,0.2,1,111.514475196699,23.5820030028638,0.00921906531498415,0.0507264673377215,0.218190202389373,502,8450,1,"1","diploid","female"
"1505","0","0","0","0",-0.896135032176971,3052.67333984375,"map_8450_1_2",5,70,300,20,5,4.01889059588661,0.1,28.8002553906712,0.403839661537405,1.31884914759781,60,0.2,1,111.514475196699,23.5820030028638,0.0304005827969858,0.118734145621508,0.158838358814545,502,8450,1,"2","diploid","female"
"1506","0","0","0","0",-0.896135032176971,3052.67333984375,"map_8450_1_3",5,70,300,20,5,3.45688143148766,0.1,10.4533372317032,0.141497716404754,2.75020560544246,26,0.2,1,111.514475196699,23.5820030028638,0.00163316459154295,0.00358358032188247,0.412883057995022,502,8450,1,"3","diploid","female"
"1507","0","0","0","0",-0.945234656333923,2947.33642578125,"map_8455_1_1",5,70,300,20,5,0,0.1,22.1052431106036,0.221121908427393,1.20753542562438,30,0.2,1,68.4034630717629,24.7031564778004,0.0121790025836239,0.0645499351937155,0.140958035806392,503,8455,1,"1","diploid","female"
"1508","0","0","0","0",-0.945234656333923,2947.33642578125,"map_8455_1_2",5,70,300,20,5,6.48607413354492,0.1,23.5466682255386,0.153983073327396,2.79421793598741,13,0.2,1,68.4034630717629,24.7031564778004,0.00946348764917361,0.0573108944797848,0.342697224450937,503,8455,1,"2","diploid","female"
"1509","0","0","0","0",-0.945234656333923,2947.33642578125,"map_8455_1_3",5,70,300,20,5,2.09138752252896,0.1,8.40309712983215,0.129507941026208,1.8260683693461,12,0.2,1,68.4034630717629,24.7031564778004,0.000878564956056606,0.000475999904766755,0.556713628719658,503,8455,1,"3","diploid","female"
"1510","0","0","0","0",-0.939960360527039,2937.00927734375,"map_8456_1_1",5,70,300,20,5,0,0.1,21.3620064389349,0.198991573151449,1.35134021552206,82,0.2,1,73.7209429285455,24.6717315528084,0.0108580307649577,0.0503340986231685,0.114093338478515,504,8456,1,"1","diploid","female"
"1511","0","0","0","0",-0.939960360527039,2937.00927734375,"map_8456_1_2",5,70,300,20,5,6.3494040483578,0.1,12.0448287888853,0.130802907651477,3.68502327307166,56,0.2,1,73.7209429285455,24.6717315528084,0.00244025321161736,0.00744891397891558,0.485855567099156,504,8456,1,"2","diploid","female"
"1512","0","0","0","0",-0.939960360527039,2937.00927734375,"map_8456_1_3",5,70,300,20,5,2.03029185770427,0.1,8.57879937688098,0.140174979619291,1.9922948053525,69,0.2,1,73.7209429285455,24.6717315528084,0.00106952229775705,0.000931201008145342,0.426723189436318,504,8456,1,"3","diploid","female"
"1513","0","0","0","0",-0.957299590110779,2925.97509765625,"map_8457_1_1",5,70,300,20,5,1.58310109611175,0.1,21.8618243573916,0.344330407324412,0.749597115744738,8,0.2,1,71.1974693421906,25.0351857701805,0.0162811555527204,0.0508132394732166,0.0987535665713421,505,8457,1,"1","diploid","female"
"1514","0","0","0","0",-0.957299590110779,2925.97509765625,"map_8457_1_2",5,70,300,20,5,3.25204489658812,0.1,12.424833255076,0.300630731887031,2.43619836693919,3,0.2,1,71.1974693421906,25.0351857701805,0.00589884155632426,0.0116310592181827,0.319387118386249,505,8457,1,"2","diploid","female"
"1515","0","0","0","0",-0.957299590110779,2925.97509765625,"map_8457_1_3",5,70,300,20,5,2.10525964524566,0.1,7.88475143907164,0.317380968862504,1.60404532928094,2,0.2,1,71.1974693421906,25.0351857701805,0.00197477052235435,0.00112164311901635,0.451773169315518,505,8457,1,"3","diploid","female"
"1516","0","0","0","0",-0.716870427131653,2803.21459960938,"map_8492_1_1",5,70,300,20,5,0,0.1,50.6471284192665,1.51553020066048e-14,0,5,0.2,1,7.2481343455526,25.699576123978,3.05376279596618e-15,1.51553020066048e-14,0.309542460447064,506,8492,1,"1","diploid","female"
"1517","0","0","0","0",-0.716870427131653,2803.21459960938,"map_8492_1_2",5,70,300,20,5,2.59211621834728,0.1,10.8058652474132,0.48566529101146,0.671561260881735,3,0.2,1,7.2481343455526,25.699576123978,0.00515534665569318,0.00034088687285883,0.306279103473235,506,8492,1,"2","diploid","female"
"1518","0","0","0","0",-0.716870427131653,2803.21459960938,"map_8492_1_3",5,70,300,20,5,1.128435526291,0.1,8.33315746202272,0.571556941388835,0.347518334780038,2,0.2,1,7.2481343455526,25.699576123978,0.00345161040871779,0.000311463985272319,0.665519267349707,506,8492,1,"3","diploid","female"
"1519","0","0","0","0",-0.361343741416931,3019.16796875,"map_8505_1_1",5,70,300,20,5,2.63342350972212,0.1,10.7989704874621,0.462158563582715,1.25349976119287,25,0.2,1,62.2422393754471,25.1106838084799,0.00569828407231709,0.0115309520660392,0.412753852497696,507,8505,1,"1","diploid","female"
"1520","0","0","0","0",-0.361343741416931,3019.16796875,"map_8505_1_2",5,70,300,20,5,6.31024949292425,0.1,8.03088139908705,0.712178111469917,1.51376076211902,7,0.2,1,62.2422393754471,25.1106838084799,0.00383351393579651,0.000126312728649635,1.032840156474,507,8505,1,"2","diploid","female"
"1521","0","0","0","0",-0.361343741416931,3019.16796875,"map_8505_1_3",5,70,300,20,5,3.13328107861225,0.1,7.90673148934721,0.44883831928777,2.59065030380547,7,0.2,1,62.2422393754471,25.1106838084799,0.0027560398081399,0.000547200330526681,0.376125605987507,507,8505,1,"3","diploid","female"
"1522","0","0","0","0",-0.28636759519577,2937.46508789062,"map_8506_1_1",5,70,300,20,5,2.36400924612431,0.1,13.0213509260152,0.440240024773557,0.431830967237535,52,0.2,1,7.97064457373366,25.0768335291714,0.00725587012609472,0.0175455042741187,0.161100720895388,508,8506,1,"1","diploid","female"
"1523","0","0","0","0",-0.28636759519577,2937.46508789062,"map_8506_1_2",5,70,300,20,5,4.86341464377595,0.1,6.20653783172695,0.281553235367228,2.82956208569267,12,0.2,1,7.97064457373366,25.0768335291714,0.000883729668018208,5.66304491825688e-05,1.53537737329927,508,8506,1,"2","diploid","female"
"1524","0","0","0","0",-0.28636759519577,2937.46508789062,"map_8506_1_3",5,70,300,20,5,2.96096951115576,0.1,8.67068911807717,0.0986440166125907,2.01170753537727,29,0.2,1,7.97064457373366,25.0768335291714,0.000703440488865096,0.000136074914493413,0.403393235620068,508,8506,1,"3","diploid","female"
"1525","0","0","0","0",-0.106100879609585,2863.76123046875,"map_8507_1_1",5,70,300,20,5,0,0.1,11.2163714309878,0.102293594867528,0.842033280413755,16,0.2,1,7.29016690096351,25.684992296804,0.00137450376047428,0.00256823078466173,0.344703775668932,509,8507,1,"1","diploid","female"
"1526","0","0","0","0",-0.106100879609585,2863.76123046875,"map_8507_1_2",5,70,300,20,5,4.65399909401797,0.1,6.98571834956998,0.492726955868943,2.53125402206125,12,0.2,1,7.29016690096351,25.684992296804,0.00208363278997087,0.00023228393202869,0.676553047972266,509,8507,1,"2","diploid","female"
"1527","0","0","0","0",-0.106100879609585,2863.76123046875,"map_8507_1_3",5,70,300,20,5,2.07468576706756,0.1,9.58112237503103,0.257081522123958,1.11353180544339,15,0.2,1,7.29016690096351,25.684992296804,0.00223561194371059,0.00154306760575116,0.415147316878005,509,8507,1,"3","diploid","female"
"1528","0","0","0","0",-0.893353700637817,3118.966796875,"map_8550_1_1",5,70,300,20,5,2.61360740429717,0.1,14.1320895764488,0.471447364345136,1.60185912674608,20,0.2,1,127.251439953167,23.5776955909771,0.0125250878444706,0.0568534386217762,0.276230093481295,510,8550,1,"1","diploid","female"
"1529","0","0","0","0",-0.893353700637817,3118.966796875,"map_8550_1_2",5,70,300,20,5,4.53458032746366,0.1,7.58179127229999,1.46815067342062,2.18984306641047,93,0.2,1,127.251439953167,23.5776955909771,0.011050148068161,0.0395023590778627,0.883957563848515,510,8550,1,"2","diploid","female"
"1530","0","0","0","0",-0.893353700637817,3118.966796875,"map_8550_1_3",5,70,300,20,5,3.37602906865759,0.1,8.41241150712685,0.449073298151358,2.43425102796288,5,0.2,1,127.251439953167,23.5776955909771,0.00325344088165656,0.00406065701024519,0.464046605967623,510,8550,1,"3","diploid","female"
"1531","0","0","0","0",-0.639180123806,3080.5234375,"map_8551_1_1",5,70,300,20,5,3.06586397862061,0.1,13.8997249022284,0.483639006786843,2.55982742670032,43,0.2,1,125.514238889827,23.5688285510801,0.0139878025945868,0.0688611662515351,0.259309911713787,511,8551,1,"1","diploid","female"
"1532","0","0","0","0",-0.639180123806,3080.5234375,"map_8551_1_2",5,70,300,20,5,5.08671658036902,0.1,7.09383009363902,2.19953973498133,4.54311917490934,102,0.2,1,125.514238889827,23.5688285510801,0.01877565635784,0.106686839489053,1.31466864364258,511,8551,1,"2","diploid","female"
"1533","0","0","0","0",-0.639180123806,3080.5234375,"map_8551_1_3",5,70,300,20,5,3.90244077443884,0.1,7.11531312123601,0.608904755567092,3.79225772443439,9,0.2,1,125.514238889827,23.5688285510801,0.00397037674776874,0.00805896988677562,0.584473744950229,511,8551,1,"3","diploid","female"
"1534","0","0","0","0",-0.959798395633698,3055.16943359375,"map_8552_1_1",5,70,300,20,5,0,0.1,16.5873930660949,0.201777199738823,1.72759437751898,148,0.2,1,115.460951565904,23.5728534024683,0.00617451651435838,0.0244771750272117,0.19735060593599,512,8552,1,"1","diploid","female"
"1535","0","0","0","0",-0.959798395633698,3055.16943359375,"map_8552_1_2",5,70,300,20,5,9.80683985672547,0.1,14.2122965078942,0.18805501004357,4.81455916271827,112,0.2,1,115.460951565904,23.5728534024683,0.00394729526478793,0.0103490138963734,0.431532442203237,512,8552,1,"2","diploid","female"
"1536","0","0","0","0",-0.959798395633698,3055.16943359375,"map_8552_1_3",5,70,300,20,5,1.93648182595488,0.1,8.78268611977338,0.185080769813921,3.06251996203676,132,0.2,1,115.460951565904,23.5728534024683,0.00138948198242424,0.000837847968395294,0.47805680857031,512,8552,1,"3","diploid","female"
"1537","0","0","0","0",-0.800445854663849,3031.01928710938,"map_8553_1_1",5,70,300,20,5,2.59666941517342,0.1,16.4909534489854,0.167565314009064,2.46535182920826,54,0.2,1,117.881612202654,23.5588956731498,0.00590112973390593,0.0288032168709927,0.235102665101504,513,8553,1,"1","diploid","female"
"1538","0","0","0","0",-0.800445854663849,3031.01928710938,"map_8553_1_2",5,70,300,20,5,4.12151113997615,0.1,25.3646663825694,0.149180631039161,4.05860357868046,52,0.2,1,117.881612202654,23.5588956731498,0.010958086115061,0.0585485827435721,0.401198761700079,513,8553,1,"2","diploid","female"
"1539","0","0","0","0",-0.800445854663849,3031.01928710938,"map_8553_1_3",5,70,300,20,5,3.55939603929673,0.1,7.99947374316268,0.155229349982205,2.96383804266982,49,0.2,1,117.881612202654,23.5588956731498,0.00101567711824464,0.000831276042194198,0.576180636919616,513,8553,1,"3","diploid","female"
"1540","0","0","0","0",-0.872183620929718,2864.54443359375,"map_8599_1_1",5,70,300,20,5,1.4157778739242,0.1,19.20110085948,0.318500015342643,0.684197599318502,119,0.2,1,14.3042453687848,25.2337388126293,0.0122470446700994,0.0566760154771143,0.156862847308846,514,8599,1,"1","diploid","female"
"1541","0","0","0","0",-0.872183620929718,2864.54443359375,"map_8599_1_2",5,70,300,20,5,2.75841163056264,0.1,13.6515116645153,0.408861848128511,0.514529041570074,48,0.2,1,14.3042453687848,25.2337388126293,0.00687736380964237,0.0110405765007907,0.311793730285985,514,8599,1,"2","diploid","female"
"1542","0","0","0","0",-0.872183620929718,2864.54443359375,"map_8599_1_3",5,70,300,20,5,1.65411837271573,0.1,7.40087243045222,0.245452700714307,0.991370244990261,94,0.2,1,14.3042453687848,25.2337388126293,0.00129410806710294,9.27124169176028e-05,0.626388430627719,514,8599,1,"3","diploid","female"
"1543","0","0","0","0",-0.572523355484009,2888.1064453125,"map_8600_1_1",5,70,300,20,5,1.79787914586852,0.1,17.1773694995255,0.349693747358595,0.749296662604811,72,0.2,1,15.2181661667618,25.2238010484647,0.0109907690561486,0.0453863149663651,0.173752054986577,515,8600,1,"1","diploid","female"
"1544","0","0","0","0",-0.572523355484009,2888.1064453125,"map_8600_1_2",5,70,300,20,5,3.57735038281663,0.1,11.4779137809204,0.0359278390743431,2.89257245441435,10,0.2,1,15.2181661667618,25.2238010484647,0.000631553755865161,0.00293486429535964,0.548206174327522,515,8600,1,"2","diploid","female"
"1545","0","0","0","0",-0.572523355484009,2888.1064453125,"map_8600_1_3",5,70,300,20,5,2.09578421484173,0.1,11.3679148290769,0.206737853242442,1.10751175659687,36,0.2,1,15.2181661667618,25.2238010484647,0.00234635861367059,0.000971011390873118,0.49225903656801,515,8600,1,"3","diploid","female"
"1546","0","0","0","0",-0.426106065511703,3031.54638671875,"map_8608_1_1",5,70,300,20,5,1.00051315203621,0.1,11.4369738014437,0.30603491170047,2.1938161008203,6,0.2,1,63.0863927226526,25.1113001966001,0.0053353719479803,0.0178811980131963,0.209144337817797,516,8608,1,"1","diploid","female"
"1547","0","0","0","0",-0.426106065511703,3031.54638671875,"map_8608_1_2",5,70,300,20,5,6.89045256816475,0.1,7.37486628678562,0.396464454132545,5.16609165414444,2,0.2,1,63.0863927226526,25.1113001966001,0.00200320619808446,9.15494171386133e-05,0.434103739877728,516,8608,1,"2","diploid","female"
"1548","0","0","0","0",-0.426106065511703,3031.54638671875,"map_8608_1_3",5,70,300,20,5,1.07972945537007,0.1,7.85888619285665,0.453554655108699,2.72835078296644,2,0.2,1,63.0863927226526,25.1113001966001,0.00282008788389146,0.00102254451227694,0.267286194841155,516,8608,1,"3","diploid","female"
"1549","0","0","0","0",0.187963843345642,2990.16015625,"map_8609_1_1",5,70,300,20,5,2.66375319427065,0.1,11.8784825161618,0.231669190061939,2.02622038461087,86,0.2,1,63.614713630803,25.0763596922324,0.00394249285208785,0.0123411724049077,0.469489029078067,517,8609,1,"1","diploid","female"
"1550","0","0","0","0",0.187963843345642,2990.16015625,"map_8609_1_2",5,70,300,20,5,9.2001813587241,0.1,9.12142266703668,0.208651126329506,6.01464289861316,25,0.2,1,63.614713630803,25.0763596922324,0.00147327722766362,0.000427658700430499,0.599084381198885,517,8609,1,"2","diploid","female"
"1551","0","0","0","0",0.187963843345642,2990.16015625,"map_8609_1_3",5,70,300,20,5,2.2434764328884,0.1,10.5718017460486,0.265867137967986,3.00763300590106,127,0.2,1,63.614713630803,25.0763596922324,0.00314813223411283,0.00680271232530113,0.338116819840773,517,8609,1,"3","diploid","female"
"1552","0","0","0","0",-0.0975015833973885,2918.12890625,"map_8610_1_1",5,70,300,20,5,2.63009179186265,0.1,12.7175790829418,0.195261304418683,1.90691194877863,59,0.2,1,7.57654837816273,25.1196470930199,0.00353800074523713,0.00845097501111909,0.215304789411881,518,8610,1,"1","diploid","female"
"1553","0","0","0","0",-0.0975015833973885,2918.12890625,"map_8610_1_2",5,70,300,20,5,5.2323201994696,0.1,8.03928256369082,0.474012128909249,1.58303669260673,41,0.2,1,7.57654837816273,25.1196470930199,0.00253777606415675,9.36250285527131e-05,0.740453926878136,518,8610,1,"2","diploid","female"
"1554","0","0","0","0",-0.0975015833973885,2918.12890625,"map_8610_1_3",5,70,300,20,5,2.99350158585399,0.1,10.0385279959277,0.167067365318646,2.02694393799432,111,0.2,1,7.57654837816273,25.1196470930199,0.00154575183218117,0.000196201240537944,0.292864361925399,518,8610,1,"3","diploid","female"
"1555","0","0","0","0",-0.512972116470337,2814.5546875,"map_8611_1_1",5,70,300,20,5,0,0.1,50.7980581196908,2.4947225161727e-14,0,75,0.2,1,7.7952047859464,25.6760412383053,5.05678694637632e-15,2.4947225161727e-14,0.303572528182605,519,8611,1,"1","diploid","female"
"1556","0","0","0","0",-0.512972116470337,2814.5546875,"map_8611_1_2",5,70,300,20,5,3.071989143613,0.1,6.50112589741514,0.133459596931924,1.92707438594734,18,0.2,1,7.7952047859464,25.6760412383053,0.000658315729715822,0.000813845759513065,0.769410951711598,519,8611,1,"2","diploid","female"
"1557","0","0","0","0",-0.512972116470337,2814.5546875,"map_8611_1_3",5,70,300,20,5,1.32027561407881,0.1,7.75755452570515,0.347019283069417,0.78813408957438,113,0.2,1,7.7952047859464,25.6760412383053,0.00201869346638992,0.000357474001801557,0.462632609894009,519,8611,1,"3","diploid","female"
"1558","0","0","0","0",-0.909402012825012,3065.662109375,"map_8654_1_1",5,70,300,20,5,1.16476798907595,0.1,11.4490907476108,0.247713043409734,2.03121203489763,120,0.2,1,70.9873913229502,23.6139017880293,0.00414227298509647,0.0173630225637467,0.27814706020585,520,8654,1,"1","diploid","female"
"1559","0","0","0","0",-0.909402012825012,3065.662109375,"map_8654_1_2",5,70,300,20,5,4.30842423238127,0.1,7.54305496885771,0.391271811903165,3.23311096444971,121,0.2,1,70.9873913229502,23.6139017880293,0.00221941138533397,0.00258376665146068,0.613610380183213,520,8654,1,"2","diploid","female"
"1560","0","0","0","0",-0.909402012825012,3065.662109375,"map_8654_1_3",5,70,300,20,5,1.58655513378459,0.1,7.36491802781972,0.160683139685318,2.5761954773819,115,0.2,1,70.9873913229502,23.6139017880293,0.000762849159910805,9.77479948509813e-05,0.637587119623388,520,8654,1,"3","diploid","female"
"1561","0","0","0","0",-0.652068197727203,3037.20532226562,"map_8655_1_1",5,70,300,20,5,2.82573388200237,0.1,8.7607977530109,0.494097893659265,2.02926393125375,9,0.2,1,72.502218883299,23.5645308977214,0.00429587819962123,0.00801789790125684,0.500026718025282,521,8655,1,"1","diploid","female"
"1562","0","0","0","0",-0.652068197727203,3037.20532226562,"map_8655_1_2",5,70,300,20,5,4.42785028258865,0.1,5.88213140138583,1.10738006033642,2.53241716558275,15,0.2,1,72.502218883299,23.5645308977214,0.003621011789179,0.00171739916113831,1.25879808677038,521,8655,1,"2","diploid","female"
"1563","0","0","0","0",-0.652068197727203,3037.20532226562,"map_8655_1_3",5,70,300,20,5,3.87597404255235,0.1,7.01198362103071,0.356436027063354,2.86121638320746,3,0.2,1,72.502218883299,23.5645308977214,0.00150804933162681,0.000229362729448915,0.667135193308566,521,8655,1,"3","diploid","female"
"1564","0","0","0","0",-0.68755966424942,2987.08618164062,"map_8657_1_1",5,70,300,20,5,2.58803764699716,0.1,15.5987287931901,0.213731122565697,1.86798387242804,9,0.2,1,57.6817859450844,23.5833977892549,0.00600767241114812,0.0236679894712785,0.195207885331049,522,8657,1,"1","diploid","female"
"1565","0","0","0","0",-0.68755966424942,2987.08618164062,"map_8657_1_2",5,70,300,20,5,3.79954600541563,0.1,12.3674614961677,0.207926902957452,2.55527784696282,5,0.2,1,57.6817859450844,23.5833977892549,0.00351055419718772,0.00921147170298271,0.333697476151493,522,8657,1,"2","diploid","female"
"1566","0","0","0","0",-0.68755966424942,2987.08618164062,"map_8657_1_3",5,70,300,20,5,3.63528042218659,0.1,7.70348594122978,0.134034967553493,2.62761363438989,5,0.2,1,57.6817859450844,23.5833977892549,0.000718052471375069,0.000192726607506313,0.570855028944761,522,8657,1,"3","diploid","female"
"1567","0","0","0","0",-0.364114493131638,2805.49194335938,"map_8702_1_1",5,70,300,20,5,0,0.1,11.2352170435794,0.019706742484951,0.00317328183367308,18,0.2,1,6.00649450952651,25.2374846584113,0.00023101096268242,0.000294701265993276,0.736686640738359,523,8702,1,"1","diploid","female"
"1568","0","0","0","0",-0.364114493131638,2805.49194335938,"map_8702_1_2",5,70,300,20,5,3.37361275660458,0.1,5.73340467656762,0.017900871398814,0.618082795990615,6,0.2,1,6.00649450952651,25.2374846584113,5.14066392006302e-05,4.9211569245913e-07,1.42580085592518,523,8702,1,"2","diploid","female"
"1569","0","0","0","0",-0.364114493131638,2805.49194335938,"map_8702_1_3",5,70,300,20,5,0.493392157553875,0.1,7.2789760224371,0.586206676891421,0.493259169338754,18,0.2,1,6.00649450952651,25.2374846584113,0.00266991520400674,0.000187014944621041,0.466883315410938,523,8702,1,"3","diploid","female"
"1570","0","0","0","0",-0.502004206180573,2833.7333984375,"map_8703_1_1",5,70,300,20,5,0,0.1,15.7657878589879,0.0544709771018997,0.378329731131805,66,0.2,1,14.3154375675905,25.2229519821877,0.00155978826678102,0.00528802886398796,0.203259053358337,524,8703,1,"1","diploid","female"
"1571","0","0","0","0",-0.502004206180573,2833.7333984375,"map_8703_1_2",5,70,300,20,5,3.45903561780831,0.1,8.06252604745186,0.952113193279541,0.423112326900454,104,0.2,1,14.3154375675905,25.2229519821877,0.00561356919478262,0.00265724970578617,0.517614521593152,524,8703,1,"2","diploid","female"
"1572","0","0","0","0",-0.502004206180573,2833.7333984375,"map_8703_1_3",5,70,300,20,5,0.810925831054387,0.1,6.24050726847058,0.865259217006814,0.893478581543282,122,0.2,1,14.3154375675905,25.2229519821877,0.00299865936993707,0.000275188992398213,0.721613157075968,524,8703,1,"3","diploid","female"
"1573","0","0","0","0",-0.641732335090637,2862.73193359375,"map_8704_1_1",5,70,300,20,5,0,0.1,16.4184271806465,0.28808251972778,0.986729027853698,109,0.2,1,14.8687979486892,25.2233905281075,0.00951592830846133,0.0402578239388869,0.14536017589309,525,8704,1,"1","diploid","female"
"1574","0","0","0","0",-0.641732335090637,2862.73193359375,"map_8704_1_2",5,70,300,20,5,3.18147320990965,0.1,9.79870747030817,0.206351009014765,1.32509969919981,28,0.2,1,14.8687979486892,25.2233905281075,0.00182769220559814,0.0015817636222907,0.65631960779183,525,8704,1,"2","diploid","female"
"1575","0","0","0","0",-0.641732335090637,2862.73193359375,"map_8704_1_3",5,70,300,20,5,1.8019514418147,0.1,8.14306212753801,0.126584697015143,1.17505609921951,95,0.2,1,14.8687979486892,25.2233905281075,0.000765240721229247,0.000117133115308467,0.47266223321479,525,8704,1,"3","diploid","female"
"1576","0","0","0","0",-0.441365391016006,3012.01733398438,"map_8712_1_1",5,70,300,20,5,2.47908721870602,0.1,12.6139218088738,0.198335491567484,1.63257211723067,40,0.2,1,62.5255571536448,25.1194448544998,0.00387162838443706,0.0127890414783952,0.258120119594579,526,8712,1,"1","diploid","female"
"1577","0","0","0","0",-0.441365391016006,3012.01733398438,"map_8712_1_2",5,70,300,20,5,5.91473795384041,0.1,7.28100804361145,0.21281356613309,3.58762685043566,13,0.2,1,62.5255571536448,25.1194448544998,0.000961803490780797,0.00015897287549555,0.946209855791654,526,8712,1,"2","diploid","female"
"1578","0","0","0","0",-0.441365391016006,3012.01733398438,"map_8712_1_3",5,70,300,20,5,3.00669388690854,0.1,7.62639823696311,0.288712259767517,1.94445361500275,38,0.2,1,62.5255571536448,25.1194448544998,0.00154474299701353,0.000592272742748657,0.591104309570159,526,8712,1,"3","diploid","female"
"1579","0","0","0","0",-0.636036813259125,2957.73852539062,"map_8713_1_1",5,70,300,20,5,1.46729469517081,0.1,14.2552531066877,0.305403583245584,0.781384324165416,125,0.2,1,64.1064351547596,25.1060000101725,0.00711844708537595,0.0231919313680052,0.346212863294697,527,8713,1,"1","diploid","female"
"1580","0","0","0","0",-0.636036813259125,2957.73852539062,"map_8713_1_2",5,70,300,20,5,5.05197987764231,0.1,9.16130744004204,0.12015462594572,3.38835980338398,31,0.2,1,64.1064351547596,25.1060000101725,0.00104491418629315,0.00128629717345913,2.07828316289813,527,8713,1,"2","diploid","female"
"1581","0","0","0","0",-0.636036813259125,2957.73852539062,"map_8713_1_3",5,70,300,20,5,1.48547500965705,0.1,8.56627333449317,0.0999294269092591,1.80203088398621,98,0.2,1,64.1064351547596,25.1060000101725,0.000687531734006731,0.000300680204107125,0.865567001262039,527,8713,1,"3","diploid","female"
"1582","0","0","0","0",-0.633110880851746,2863.11474609375,"map_8714_1_1",5,70,300,20,5,0,0.1,13.5148631178435,0.864756969372446,0.0621116449586414,158,0.2,1,6.39172723727839,25.1285847312192,0.0152311863591372,0.0299666396873927,0.0668662374020179,528,8714,1,"1","diploid","female"
"1583","0","0","0","0",-0.633110880851746,2863.11474609375,"map_8714_1_2",5,70,300,20,5,3.18644685510388,0.1,13.4926374983699,0.0997893280744804,1.98173381414713,11,0.2,1,6.39172723727839,25.1285847312192,0.00171372305632318,0.00151241077131557,0.49743864398326,528,8714,1,"2","diploid","female"
"1584","0","0","0","0",-0.633110880851746,2863.11474609375,"map_8714_1_3",5,70,300,20,5,1.8814564444917,0.1,8.01602490019579,0.164074899106386,1.2384937816082,27,0.2,1,6.39172723727839,25.1285847312192,0.000979866816323315,9.53596685922294e-05,0.503492375897061,528,8714,1,"3","diploid","female"
"1585","0","0","0","0",-0.669612646102905,3003.14306640625,"map_8759_1_1",5,70,300,20,5,2.22866521865978,0.1,20.3921565470021,0.205092586350605,1.56852546748804,51,0.2,1,68.5819667930223,24.726680192282,0.00826647545764312,0.0255003786342133,0.15401498979024,529,8759,1,"1","diploid","female"
"1586","0","0","0","0",-0.669612646102905,3003.14306640625,"map_8759_1_2",5,70,300,20,5,4.55296744790765,0.1,11.2606951527263,0.080101536907659,4.43138205426935,12,0.2,1,68.5819667930223,24.726680192282,0.00105699343532262,0.00115371729148455,0.658523949526999,529,8759,1,"2","diploid","female"
"1587","0","0","0","0",-0.669612646102905,3003.14306640625,"map_8759_1_3",5,70,300,20,5,3.08098375566861,0.1,9.68266420911516,0.164539080663311,2.53831467138647,44,0.2,1,68.5819667930223,24.726680192282,0.00156189069946905,0.000890855362800037,0.380399557558602,529,8759,1,"3","diploid","female"
"1588","0","0","0","0",-0.722272872924805,2975.02856445312,"map_8760_1_1",5,70,300,20,5,0,0.1,16.7247315473237,0.272582865487358,1.23366736066668,144,0.2,1,56.4648587398751,24.735694595244,0.00889041782525391,0.0333231752303593,0.164569053050905,530,8760,1,"1","diploid","female"
"1589","0","0","0","0",-0.722272872924805,2975.02856445312,"map_8760_1_2",5,70,300,20,5,7.39205405869225,0.1,9.01642723741665,0.401111557190806,2.8572236627638,118,0.2,1,56.4648587398751,24.735694595244,0.00423147032934365,0.0151310004814402,0.567175765546523,530,8760,1,"2","diploid","female"
"1590","0","0","0","0",-0.722272872924805,2975.02856445312,"map_8760_1_3",5,70,300,20,5,1.24956780458108,0.1,7.89752316285085,0.221741755978328,2.07277459654684,123,0.2,1,56.4648587398751,24.735694595244,0.00129286974091443,0.000427325003845763,0.553810450243178,530,8760,1,"3","diploid","female"
"1591","0","0","0","0",-0.532599091529846,2813.2900390625,"map_8807_1_1",5,70,300,20,5,0,0.1,14.7247221885139,0.102413221605993,0.233135393152071,42,0.2,1,5.39566184597653,25.2056346031519,0.00257239066299463,0.00926724941577148,0.345199375957734,531,8807,1,"1","diploid","female"
"1592","0","0","0","0",-0.532599091529846,2813.2900390625,"map_8807_1_2",5,70,300,20,5,3.11197289246941,0.1,8.71802102853845,0.359523083442328,1.29597830476156,25,0.2,1,5.39566184597653,25.2056346031519,0.00279634175609391,0.00309422361895277,0.353387250245167,531,8807,1,"2","diploid","female"
"1593","0","0","0","0",-0.532599091529846,2813.2900390625,"map_8807_1_3",5,70,300,20,5,0.484963332209142,0.1,6.68511814136918,0.590399894745482,0.604301732972525,45,0.2,1,5.39566184597653,25.2056346031519,0.00224212877708716,0.000160128393276919,0.504875482931843,531,8807,1,"3","diploid","female"
"1594","0","0","0","0",-0.484334856271744,2839.34252929688,"map_8808_1_1",5,70,300,20,5,0,0.1,8.74006085514952,0.207865039278403,1.11548622426379,95,0.2,1,5.66072092760367,25.2306385910524,0.00163793827408703,0.00229887182984325,0.497847061790073,532,8808,1,"1","diploid","female"
"1595","0","0","0","0",-0.484334856271744,2839.34252929688,"map_8808_1_2",5,70,300,20,5,3.2472142789713,0.1,7.75435575792352,0.927778380350334,0.482251868771291,104,0.2,1,5.66072092760367,25.2306385910524,0.00503049544142503,0.00305696803916232,0.753735115210856,532,8808,1,"2","diploid","female"
"1596","0","0","0","0",-0.484334856271744,2839.34252929688,"map_8808_1_3",5,70,300,20,5,1.70646780962731,0.1,8.13953370438285,0.198533981043654,1.13503683005597,108,0.2,1,5.66072092760367,25.2306385910524,0.00119605168409152,0.000148389420818141,0.573370550011101,532,8808,1,"3","diploid","female"
"1597","0","0","0","0",-0.939366161823273,3002.47607421875,"map_8815_1_1",5,70,300,20,5,1.96349383224986,0.1,6.56086082786523,0.31625767176705,1.73121859270476,4,0.2,1,7.19895448299601,24.1008518975174,0.00138036477161957,0.000859929848100416,0.466134046863979,533,8815,1,"1","diploid","female"
"1598","0","0","0","0",-0.939366161823273,3002.47607421875,"map_8815_1_2",5,70,300,20,5,3.36823101198877,0.1,5.33283919387898,0.552332171883939,2.61912801586258,2,0.2,1,7.19895448299601,24.1008518975174,0.00133153882848392,2.88492386758711e-05,0.999326277863067,533,8815,1,"2","diploid","female"
"1599","0","0","0","0",-0.939366161823273,3002.47607421875,"map_8815_1_3",5,70,300,20,5,3.14582106225614,0.1,5.52936060351758,0.416903857909576,2.37794030155335,2,0.2,1,7.19895448299601,24.1008518975174,0.00106235841927054,2.34920734710934e-06,0.837248656212525,533,8815,1,"3","diploid","female"
"1600","0","0","0","0",-0.683966815471649,2953.69946289062,"map_8816_1_1",5,70,300,20,5,1.83768728626261,0.1,6.47463698193335,0.80001842392597,1.67916044966,12,0.2,1,6.78737558052563,25.1085130727436,0.00406835514711844,0.00788800954928596,0.665361875373581,534,8816,1,"1","diploid","female"
"1601","0","0","0","0",-0.683966815471649,2953.69946289062,"map_8816_1_2",5,70,300,20,5,3.93918818041384,0.1,5.1250272434477,4.05930179885246,2.90126345546511,3,0.2,1,6.78737558052563,25.1085130727436,0.00858344082257316,5.4977251824984e-05,1.80632986843303,534,8816,1,"2","diploid","female"
"1602","0","0","0","0",-0.683966815471649,2953.69946289062,"map_8816_1_3",5,70,300,20,5,2.61809523949056,0.1,5.75342690684462,0.793711995956981,2.17141859607984,2,0.2,1,6.78737558052563,25.1085130727436,0.0022316775318573,3.22396770244642e-05,0.739124333027657,534,8816,1,"3","diploid","female"
"1603","0","0","0","0",-0.75722199678421,2877.85180664062,"map_8817_1_1",5,70,300,20,5,0.78401473402919,0.1,15.3639756262834,0.387037546020582,0.52219265068284,90,0.2,1,7.34085852348329,25.0668263168166,0.00948805941713147,0.027461688615052,0.16956209615812,535,8817,1,"1","diploid","female"
"1604","0","0","0","0",-0.75722199678421,2877.85180664062,"map_8817_1_2",5,70,300,20,5,3.37625748705113,0.1,10.1395666271583,0.673664167791497,0.252079199175349,83,0.2,1,7.34085852348329,25.0668263168166,0.00596921788050362,0.0017570190753359,0.220911837151888,535,8817,1,"2","diploid","female"
"1605","0","0","0","0",-0.75722199678421,2877.85180664062,"map_8817_1_3",5,70,300,20,5,0.834232155945864,0.1,8.16802214849682,0.207001521569154,1.30797212610659,36,0.2,1,7.34085852348329,25.0668263168166,0.00121787133228688,0.000103082195169416,0.494710735371398,535,8817,1,"3","diploid","female"
"1606","0","0","0","0",-0.806919157505035,3051.04125976562,"map_8859_1_1",5,70,300,20,5,0,0.1,21.6891799190401,0.238006510627368,1.77972415944138,53,0.2,1,97.8094178069866,24.166463633946,0.0119457528875288,0.0583027628288449,0.111451827233652,536,8859,1,"1","diploid","female"
"1607","0","0","0","0",-0.806919157505035,3051.04125976562,"map_8859_1_2",5,70,300,20,5,9.09112165618491,0.1,15.2897923624383,0.884007608064383,0.14619901851887,72,0.2,1,97.8094178069866,24.166463633946,0.0226546199113179,0.0981649986091339,0.0928879251476194,536,8859,1,"2","diploid","female"
"1608","0","0","0","0",-0.806919157505035,3051.04125976562,"map_8859_1_3",5,70,300,20,5,1.6170863290997,0.1,9.40452999804925,0.211208455699216,2.9192826719263,37,0.2,1,97.8094178069866,24.166463633946,0.00204917802781857,0.00285903680932057,0.353854862282681,536,8859,1,"3","diploid","female"
"1609","0","0","0","0",-0.870215058326721,3042.72583007812,"map_8860_1_1",5,70,300,20,5,2.1997025872017,0.1,15.1348598265027,0.30759864464438,1.46146972412627,10,0.2,1,70.299193515334,24.1857349792852,0.00744411472382418,0.0187156574922647,0.185071929730638,537,8860,1,"1","diploid","female"
"1610","0","0","0","0",-0.870215058326721,3042.72583007812,"map_8860_1_2",5,70,300,20,5,4.09328238461747,0.1,11.6666445016282,0.558469578763434,0.57550683663545,6,0.2,1,70.299193515334,24.1857349792852,0.00649094125561808,0.00240432659947128,0.224655355059655,537,8860,1,"2","diploid","female"
"1611","0","0","0","0",-0.870215058326721,3042.72583007812,"map_8860_1_3",5,70,300,20,5,3.22011902989888,0.1,7.06599997436837,0.333836730048461,2.61198280052056,4,0.2,1,70.299193515334,24.1857349792852,0.00166024078266853,0.000482571191112189,0.481000144516847,537,8860,1,"3","diploid","female"
"1612","0","0","0","0",-0.167170748114586,2801.0048828125,"map_8911_1_1",5,70,300,20,5,0,0.1,50.6096605533957,2.53664257560539e-14,0,5,0.2,1,5.53732079197575,25.7192846676308,5.10373124262007e-15,2.53664257560539e-14,0.299380347316006,538,8911,1,"1","diploid","female"
"1613","0","0","0","0",-0.167170748114586,2801.0048828125,"map_8911_1_2",5,70,300,20,5,0,0.1,6.65015278182583,0.00290160636522518,0.0421301080802578,2,0.2,1,5.53732079197575,25.7192846676308,1.04919698251795e-05,7.81120784793743e-09,0.577057368168765,538,8911,1,"2","diploid","female"
"1614","0","0","0","0",-0.167170748114586,2801.0048828125,"map_8911_1_3",5,70,300,20,5,1.38486112463371,0.1,8.04327543239135,0.53838268264308,0.737990396139053,3,0.2,1,5.53732079197575,25.7192846676308,0.00350318621924271,0.00110698627678397,0.286536431672563,538,8911,1,"3","diploid","female"
"1615","0","0","0","0",-0.877471745014191,2909.703125,"map_8919_1_1",5,70,300,20,5,0.606216498522815,0.1,14.5249619351871,0.212896481730956,0.949202146849253,24,0.2,1,6.81939998875833,25.4225880400023,0.00566392664565544,0.023937159510925,0.176627091909282,539,8919,1,"1","diploid","female"
"1616","0","0","0","0",-0.877471745014191,2909.703125,"map_8919_1_2",5,70,300,20,5,3.38710953026234,0.1,8.76819479131743,0.0719154644085807,2.67359724233813,7,0.2,1,6.81939998875833,25.4225880400023,0.000515158498858571,0.000458514166644751,0.594887313939182,539,8919,1,"2","diploid","female"
"1617","0","0","0","0",-0.877471745014191,2909.703125,"map_8919_1_3",5,70,300,20,5,0.680365315188055,0.1,8.62944133094665,0.0932828637326887,1.17911260048631,9,0.2,1,6.81939998875833,25.4225880400023,0.000591037297402056,2.49471388607734e-05,0.602613390569022,539,8919,1,"3","diploid","female"
"1618","0","0","0","0",-0.776371419429779,2874.25122070312,"map_8920_1_1",5,70,300,20,5,0,0.1,20.6577384796086,0.324558927043252,0.526841397839055,78,0.2,1,7.28228328018712,25.7876308620702,0.0144485891336345,0.0763374976477548,0.142742761209274,540,8920,1,"1","diploid","female"
"1619","0","0","0","0",-0.776371419429779,2874.25122070312,"map_8920_1_2",5,70,300,20,5,3.15741091743301,0.1,11.1005424188848,0.348809964454906,0.515412935073122,21,0.2,1,7.28228328018712,25.7876308620702,0.00359759965383412,0.00151362945724592,0.345727727627802,540,8920,1,"2","diploid","female"
"1620","0","0","0","0",-0.776371419429779,2874.25122070312,"map_8920_1_3",5,70,300,20,5,1.62516721083131,0.1,7.065885971582,0.505412439289715,0.716942672074635,42,0.2,1,7.28228328018712,25.7876308620702,0.00221023732073579,0.000367546584725959,0.508356402213975,540,8920,1,"3","diploid","female"
"1621","0","0","0","0",-0.697397232055664,2804.06958007812,"map_8921_1_1",5,70,300,20,5,0,0.1,51.445806740976,1.59334161771319e-14,0,79,0.2,1,6.80665557448786,25.7798102732645,3.31260950501205e-15,1.59334161771319e-14,0.302646013802558,541,8921,1,"1","diploid","female"
"1622","0","0","0","0",-0.697397232055664,2804.06958007812,"map_8921_1_2",5,70,300,20,5,2.66661135576269,0.1,8.36875891734533,0.293545586159457,1.76075656330473,37,0.2,1,6.80665557448786,25.7798102732645,0.00254245366852934,0.00568614664846073,0.515526523181182,541,8921,1,"2","diploid","female"
"1623","0","0","0","0",-0.697397232055664,2804.06958007812,"map_8921_1_3",5,70,300,20,5,1.11909780451693,0.1,8.64090021912024,0.153618766833369,0.529220517282908,98,0.2,1,6.80665557448786,25.7798102732645,0.00107087048933308,0.000171899676423717,0.434922480649432,541,8921,1,"3","diploid","female"
"1624","0","0","0","0",-0.688515603542328,2748.84741210938,"map_8922_1_1",5,70,300,20,5,0,0.1,50.6225088577914,4.04808086326216e-14,0,21,0.2,1,2.13534119327017,25.7731505752006,8.14888184493155e-15,4.04808086326216e-14,0.301841015269891,542,8922,1,"1","diploid","female"
"1625","0","0","0","0",-0.688515603542328,2748.84741210938,"map_8922_1_2",5,70,300,20,5,0,0.1,49.2367627843425,1.58149538602701e-13,1.14471520660886e-13,3,0.2,1,2.13534119327017,25.7731505752006,3.04385230077895e-14,1.55588508878401e-13,0.353346686428329,542,8922,1,"2","diploid","female"
"1626","0","0","0","0",-0.688515603542328,2748.84741210938,"map_8922_1_3",5,70,300,20,5,0,0.1,6.82692815134518,0.586549173727883,0.446320293324748,10,0.2,1,2.13534119327017,25.7731505752006,0.00253893431855303,0.00024359392257727,0.268385737200067,542,8922,1,"3","diploid","female"
"1627","0","0","0","0",-0.527506172657013,2969.32495117188,"map_8966_1_1",5,70,300,20,5,0,0.1,15.118506898386,0.449923881910683,1.35351493881082,107,0.2,1,71.9694047623695,24.6774250381149,0.0135973197653115,0.0594533944056451,0.229761575890791,543,8966,1,"1","diploid","female"
"1628","0","0","0","0",-0.527506172657013,2969.32495117188,"map_8966_1_2",5,70,300,20,5,7.9021083061438,0.1,14.1981152770996,0.725215122457653,0.288728664665448,118,0.2,1,71.9694047623695,24.6774250381149,0.0147642179550962,0.0364434878978054,0.167272879126737,543,8966,1,"2","diploid","female"
"1629","0","0","0","0",-0.527506172657013,2969.32495117188,"map_8966_1_3",5,70,300,20,5,2.46651616298143,0.1,7.63142420632668,0.496880194859705,2.19207128175471,78,0.2,1,71.9694047623695,24.6774250381149,0.0029659355092378,0.00313900732208721,0.616744427958781,543,8966,1,"3","diploid","female"
"1630","0","0","0","0",-0.675187230110168,2770.68701171875,"map_9015_1_1",5,70,300,20,5,0,0.1,51.0414263802635,2.5890998955224e-14,0,20,0.2,1,4.94915840245684,25.7229476286591,5.29847575869937e-15,2.5890998955224e-14,0.308368815780149,544,9015,1,"1","diploid","female"
"1631","0","0","0","0",-0.675187230110168,2770.68701171875,"map_9015_1_2",5,70,300,20,5,0,0.1,7.7890214877208,0.000628159741717826,0.0498206559892966,6,0.2,1,4.94915840245684,25.7229476286591,3.3108333701967e-06,4.56210927099803e-08,1.05993259208412,544,9015,1,"2","diploid","female"
"1632","0","0","0","0",-0.675187230110168,2770.68701171875,"map_9015_1_3",5,70,300,20,5,0.903755767012085,0.1,6.38276004653749,0.59484281237244,0.317945752917836,14,0.2,1,4.94915840245684,25.7229476286591,0.00203781709205696,0.000102724499559321,0.7444866229751,544,9015,1,"3","diploid","female"
"1633","0","0","0","0",-0.545965909957886,2834.72509765625,"map_9023_1_1",5,70,300,20,5,0,0.1,10.0136711110461,0.222240014863559,0.838920790406673,28,0.2,1,7.52622425697583,25.3943108211192,0.00295014856923262,0.00986359507192499,0.495007964396545,545,9023,1,"1","diploid","female"
"1634","0","0","0","0",-0.545965909957886,2834.72509765625,"map_9023_1_2",5,70,300,20,5,3.3738280936717,0.1,7.51469746335514,0.709172812517328,0.879591842352279,31,0.2,1,7.52622425697583,25.3943108211192,0.00359811315584487,0.00152014013051187,1.27266531292397,545,9023,1,"2","diploid","female"
"1635","0","0","0","0",-0.545965909957886,2834.72509765625,"map_9023_1_3",5,70,300,20,5,0.539555730090396,0.1,7.80641014307664,0.213024686145747,0.965524359561478,11,0.2,1,7.52622425697583,25.3943108211192,0.00117197125159687,0.000335073790935938,0.614400853180175,545,9023,1,"3","diploid","female"
"1636","0","0","0","0",-0.818404316902161,2776.34936523438,"map_9024_1_1",5,70,300,20,5,0,0.1,51.440573492044,2.7780897117811e-14,0,91,0.2,1,6.85134268100018,25.7439256801162,5.77456788650242e-15,2.7780897117811e-14,0.303131094721594,546,9024,1,"1","diploid","female"
"1637","0","0","0","0",-0.818404316902161,2776.34936523438,"map_9024_1_2",5,70,300,20,5,2.39299557566144,0.1,8.57142403166326,0.00218712960464643,0.206586459828862,18,0.2,1,6.85134268100018,25.7439256801162,1.31638283178458e-05,4.63533730108373e-07,0.718525587203461,546,9024,1,"2","diploid","female"
"1638","0","0","0","0",-0.818404316902161,2776.34936523438,"map_9024_1_3",5,70,300,20,5,0.313171875408843,0.1,8.33869757863966,0.154555289050326,0.413473595315124,96,0.2,1,6.85134268100018,25.7439256801162,0.000997018870695619,0.00014090755273905,0.446071981601964,546,9024,1,"3","diploid","female"
"1639","0","0","0","0",-0.891043126583099,2961.44555664062,"map_9069_1_1",5,70,300,20,5,0,0.1,17.8278347633807,0.47321025795705,0.631460937345545,45,0.2,1,125.875414065744,24.6871045776908,0.0161821926870914,0.068046001248406,0.0737045473354317,547,9069,1,"1","diploid","female"
"1640","0","0","0","0",-0.891043126583099,2961.44555664062,"map_9069_1_2",5,70,300,20,5,10.844846431742,0.1,11.2550727559042,0.970715523944346,0.319664208850774,52,0.2,1,125.875414065744,24.6871045776908,0.0131227436188398,0.0355298553240964,0.0927535116165954,547,9069,1,"2","diploid","female"
"1641","0","0","0","0",-0.891043126583099,2961.44555664062,"map_9069_1_3",5,70,300,20,5,3.10403239243962,0.1,10.4166630626957,0.412401579596455,2.00506970955257,12,0.2,1,125.875414065744,24.6871045776908,0.0052963315882559,0.0108969823942045,0.254411639004482,547,9069,1,"3","diploid","female"
"1642","0","0","0","0",-0.717113614082336,2926.599609375,"map_9070_1_1",5,70,300,20,5,0,0.1,21.1279465068357,0.395744196440057,0.712214070602835,83,0.2,1,120.278006655037,24.6900939168328,0.0191206359394332,0.082351249248694,0.154253797501228,548,9070,1,"1","diploid","female"
"1643","0","0","0","0",-0.717113614082336,2926.599609375,"map_9070_1_2",5,70,300,20,5,11.1628960196232,0.1,21.1482272718258,0.883601810216882,0.0799772522890002,114,0.2,1,120.278006655037,24.6900939168328,0.0397529346859366,0.127355492673123,0.0601825535807952,548,9070,1,"2","diploid","female"
"1644","0","0","0","0",-0.717113614082336,2926.599609375,"map_9070_1_3",5,70,300,20,5,3.00013489648786,0.1,12.3451172451779,0.236091337121095,1.52847164186449,45,0.2,1,120.278006655037,24.6900939168328,0.00380215239668013,0.00756885865368843,0.364904164220688,548,9070,1,"3","diploid","female"
"1645","0","0","0","0",0.797568619251251,2776.05639648438,"map_9103_1_1",5,70,300,20,5,0,0.1,50.6760055175409,5.13972834758235e-14,0,71,0.2,1,6.91796475618249,25.3562858598441,1.0368222558368e-14,5.13972834758235e-14,0.30001557789448,549,9103,1,"1","diploid","female"
"1646","0","0","0","0",0.797568619251251,2776.05639648438,"map_9103_1_2",5,70,300,20,5,0,0.1,50.7717852209759,1.2317399163916e-18,0,11,0.2,1,6.91796475618249,25.3562858598441,2.49419141597552e-19,1.2317399163916e-18,0.34291647893909,549,9103,1,"2","diploid","female"
"1647","0","0","0","0",0.797568619251251,2776.05639648438,"map_9103_1_3",5,70,300,20,5,1.87889820782335,0.1,10.8075061486415,0.44773223454235,0.743692574916181,189,0.2,1,6.91796475618249,25.3562858598441,0.00569086691929432,0.0117524769776494,0.20512106611468,549,9103,1,"3","diploid","female"
"1648","0","0","0","0",-0.958408892154694,3041.75244140625,"map_9159_1_1",5,70,300,20,5,2.38467431434523,0.1,14.1384664788949,0.286016454023179,2.08310623422222,11,0.2,1,123.639913459157,23.4667355246982,0.00760012032562017,0.0399639234844148,0.243229811231176,550,9159,1,"1","diploid","female"
"1649","0","0","0","0",-0.958408892154694,3041.75244140625,"map_9159_1_2",5,70,300,20,5,3.76295154679848,0.1,21.6549292394962,0.398783362666644,2.39490116913541,6,0.2,1,123.639913459157,23.4667355246982,0.0177314770105928,0.0461263641619599,0.206255496960314,550,9159,1,"2","diploid","female"
"1650","0","0","0","0",-0.958408892154694,3041.75244140625,"map_9159_1_3",5,70,300,20,5,3.34622935772913,0.1,7.6995870598063,0.322424525232704,2.82492785987598,4,0.2,1,123.639913459157,23.4667355246982,0.00190164680747035,0.00184973773852403,0.537405743891158,550,9159,1,"3","diploid","female"
"1651","0","0","0","0",0.336060166358948,3066.74633789062,"map_9415_1_1",5,70,300,20,5,0,0.1,15.0926442655208,0.215166076973198,3.03373885803113,36,0.2,1,51.65886957186,24.8954602077818,0.00565973445909919,0.0171377767425332,0.174559404692831,551,9415,1,"1","diploid","female"
"1652","0","0","0","0",0.336060166358948,3066.74633789062,"map_9415_1_2",5,70,300,20,5,13.2941028490813,0.1,8.86553275143097,0.15458000493162,5.22127419393204,8,0.2,1,51.65886957186,24.8954602077818,0.00102659574657791,3.42116521760377e-05,0.885048577931069,551,9415,1,"2","diploid","female"
"1653","0","0","0","0",0.336060166358948,3066.74633789062,"map_9415_1_3",5,70,300,20,5,3.50200197698866,0.1,11.4385447238544,0.268491268492394,2.99149422877462,79,0.2,1,51.65886957186,24.8954602077818,0.00377501812079068,0.0069556818714235,0.235130831628802,551,9415,1,"3","diploid","female"
"1654","0","0","0","0",-0.922872185707092,3051.07250976562,"map_9518_1_1",5,70,300,20,5,2.08975745440246,0.1,11.0373486408611,0.219318582244401,1.63526015538102,8,0.2,1,47.9295792005387,24.2854950251109,0.0032625249521359,0.00943746334836704,0.234288616491586,552,9518,1,"1","diploid","female"
"1655","0","0","0","0",-0.922872185707092,3051.07250976562,"map_9518_1_2",5,70,300,20,5,3.88890971675732,0.1,7.86331126321236,0.199234734911886,2.79261863458334,4,0.2,1,47.9295792005387,24.2854950251109,0.00110775325087175,0.000412953168575985,0.635816849730304,552,9518,1,"2","diploid","female"
"1656","0","0","0","0",-0.922872185707092,3051.07250976562,"map_9518_1_3",5,70,300,20,5,3.19394829484902,0.1,6.89421398592628,0.20901549551643,2.25285587575981,4,0.2,1,47.9295792005387,24.2854950251109,0.000860474446664505,8.24407001537962e-05,0.552751714884665,552,9518,1,"3","diploid","female"
"1657","0","0","0","0",-0.804043889045715,3036.07104492188,"map_9519_1_1",5,70,300,20,5,1.99540520134107,0.1,15.4960808911372,0.260632595473581,1.11686012902743,45,0.2,1,50.3577149334144,24.9000490439955,0.00616019697749607,0.0158534553786974,0.229266855624276,553,9519,1,"1","diploid","female"
"1658","0","0","0","0",-0.804043889045715,3036.07104492188,"map_9519_1_2",5,70,300,20,5,4.34176677423509,0.1,11.2949578615233,0.324942186681377,1.23651571285224,18,0.2,1,50.3577149334144,24.9000490439955,0.00342640228867534,0.000478652495069216,0.373956793795109,553,9519,1,"2","diploid","female"
"1659","0","0","0","0",-0.804043889045715,3036.07104492188,"map_9519_1_3",5,70,300,20,5,2.981763256305,0.1,9.54051338678413,0.143428493477837,2.20408856711061,29,0.2,1,50.3577149334144,24.9000490439955,0.00125294155112636,0.000486591168933951,0.440822283135706,553,9519,1,"3","diploid","female"
"1660","0","0","0","0",-0.681767404079437,3157.85571289062,"map_9617_1_1",5,70,300,20,5,1.65840612638827,0.1,14.7052977225321,0.388604770890289,1.55670148065147,60,0.2,1,110.988153064766,23.3530154516531,0.0105123858116682,0.0410158199360493,0.293578541052859,554,9617,1,"1","diploid","female"
"1661","0","0","0","0",-0.681767404079437,3157.85571289062,"map_9617_1_2",5,70,300,20,5,5.93254651090556,0.1,7.99335293582856,0.631311510545672,1.75079727627161,40,0.2,1,110.988153064766,23.3530154516531,0.00412873025537758,0.00529476881055781,1.15195751795786,554,9617,1,"2","diploid","female"
"1662","0","0","0","0",-0.681767404079437,3157.85571289062,"map_9617_1_3",5,70,300,20,5,1.74767331474956,0.1,9.91902402688231,0.196974718085162,2.41882054925202,19,0.2,1,110.988153064766,23.3530154516531,0.00189048639279655,0.00217235405298288,0.59272662869426,554,9617,1,"3","diploid","female"
"1663","0","0","0","0",-0.541763246059418,3027.52563476562,"map_9619_1_1",5,70,300,20,5,0,0.1,17.3201144903562,0.247615558189708,2.66186535635349,86,0.2,1,116.975163488293,23.3357662847272,0.00823589654157215,0.0270043978948322,0.110534749516269,555,9619,1,"1","diploid","female"
"1664","0","0","0","0",-0.541763246059418,3027.52563476562,"map_9619_1_2",5,70,300,20,5,8.75790101292032,0.1,24.8385577420808,0.349935438889883,2.36649695160732,89,0.2,1,116.975163488293,23.3357662847272,0.0222737387940591,0.0910129044813263,0.158160356177821,555,9619,1,"2","diploid","female"
"1665","0","0","0","0",-0.541763246059418,3027.52563476562,"map_9619_1_3",5,70,300,20,5,3.24086348950415,0.1,9.78094532113041,0.180218832987661,3.43431908014559,77,0.2,1,116.975163488293,23.3357662847272,0.0018915634187391,0.00297825255931587,0.355073562987543,555,9619,1,"3","diploid","female"
"1666","0","0","0","0",-0.952667117118835,2992.546875,"map_9620_1_1",5,70,300,20,5,0,0.1,19.3976832787659,0.306896174508641,1.12717972544948,103,0.2,1,116.925533979042,24.2316157320937,0.012517139854918,0.0510783804483682,0.167758552311725,556,9620,1,"1","diploid","female"
"1667","0","0","0","0",-0.952667117118835,2992.546875,"map_9620_1_2",5,70,300,20,5,6.73403800195501,0.1,18.1583022695028,0.721230171178848,0.207874972445781,136,0.2,1,116.925533979042,24.2316157320937,0.0203573273248839,0.0260417700998086,0.107978305158143,556,9620,1,"2","diploid","female"
"1668","0","0","0","0",-0.952667117118835,2992.546875,"map_9620_1_3",5,70,300,20,5,1.36976268357516,0.1,9.67407739646753,0.18171411870942,2.19570864119503,72,0.2,1,116.925533979042,24.2316157320937,0.00170788644827472,0.00168139756292541,0.546257968681311,556,9620,1,"3","diploid","female"
"1669","0","0","0","0",-0.988600611686707,2987.8798828125,"map_9621_1_1",5,70,300,20,5,1.90460930406941,0.1,10.0949062286068,0.294566644261569,1.58164390409548,13,0.2,1,46.008074365581,24.306865232305,0.00397312441471881,0.0106321796730548,0.25557506145052,557,9621,1,"1","diploid","female"
"1670","0","0","0","0",-0.988600611686707,2987.8798828125,"map_9621_1_2",5,70,300,20,5,3.31992228212507,0.1,12.6440571342601,0.482172304511728,0.589329528112762,6,0.2,1,46.008074365581,24.306865232305,0.0066442476725047,0.00231664792567751,0.292499043870328,557,9621,1,"2","diploid","female"
"1671","0","0","0","0",-0.988600611686707,2987.8798828125,"map_9621_1_3",5,70,300,20,5,2.90789536509859,0.1,5.7699345082583,0.419386969333172,2.23183542405312,5,0.2,1,46.008074365581,24.306865232305,0.00124296863308082,8.02754555564735e-05,0.740425273253775,557,9621,1,"3","diploid","female"
"1672","0","0","0","0",-0.95361202955246,2935.2548828125,"map_9623_1_1",5,70,300,20,5,0.836180898485638,0.1,15.1798087283433,0.273723240805587,1.23576955736884,12,0.2,1,51.801141212945,24.8951386085248,0.00768030890195853,0.0312402536272216,0.128797919649908,558,9623,1,"1","diploid","female"
"1673","0","0","0","0",-0.95361202955246,2935.2548828125,"map_9623_1_2",5,70,300,20,5,3.53048205948962,0.1,9.19884219992737,0.270151209765628,2.67822487678951,5,0.2,1,51.801141212945,24.8951386085248,0.00240865411502607,0.00352259430236528,0.405729914935531,558,9623,1,"2","diploid","female"
"1674","0","0","0","0",-0.95361202955246,2935.2548828125,"map_9623_1_3",5,70,300,20,5,1.08406938450892,0.1,7.1741351409587,0.24811356810949,1.75001423658128,4,0.2,1,51.801141212945,24.8951386085248,0.00121119010712219,0.00029312199098838,0.462737724987335,558,9623,1,"3","diploid","female"
"1675","0","0","0","0",-0.826072812080383,3107.85913085938,"map_9721_1_1",5,70,300,20,5,2.85612505493472,0.1,11.9165674656188,0.294243634091829,2.54447676314993,14,0.2,1,91.6419450911969,23.3616449132182,0.00562000254315497,0.017095495498864,0.217706170987159,559,9721,1,"1","diploid","female"
"1676","0","0","0","0",-0.826072812080383,3107.85913085938,"map_9721_1_2",5,70,300,20,5,4.57001537860449,0.1,7.23689296492387,0.439787125404742,3.83648264739263,6,0.2,1,91.6419450911969,23.3616449132182,0.00294709206251769,0.0028090389523424,0.518529949023814,559,9721,1,"2","diploid","female"
"1677","0","0","0","0",-0.826072812080383,3107.85913085938,"map_9721_1_3",5,70,300,20,5,3.44486880457448,0.1,6.31292837326229,0.392347998188857,3.15319522682954,3,0.2,1,91.6419450911969,23.3616449132182,0.00155057991730517,0.000543112804573405,0.573432136887663,559,9721,1,"3","diploid","female"
"1678","0","0","0","0",-0.571958303451538,3081.1708984375,"map_9722_1_1",5,70,300,20,5,1.98648833945007,0.1,12.6868765586667,0.28774855434565,2.86988617129406,13,0.2,1,92.068106578434,23.3546405044505,0.00541897459678414,0.0148515282086993,0.184771981035502,560,9722,1,"1","diploid","female"
"1679","0","0","0","0",-0.571958303451538,3081.1708984375,"map_9722_1_2",5,70,300,20,5,8.9384413465267,0.1,10.4971592115491,0.717289824047758,0.449414832863193,13,0.2,1,92.068106578434,23.3546405044505,0.00688223739526372,0.00354298772742883,0.17027718972289,560,9722,1,"2","diploid","female"
"1680","0","0","0","0",-0.571958303451538,3081.1708984375,"map_9722_1_3",5,70,300,20,5,1.9461213632878,0.1,7.05993708430881,0.374912662401155,3.82902242568897,4,0.2,1,92.068106578434,23.3546405044505,0.00196489732317023,0.00101534181852706,0.44001573837667,560,9722,1,"3","diploid","female"
"1681","0","0","0","0",-0.475701838731766,3014.29370117188,"map_9826_1_1",5,70,300,20,5,3.4458110939186,0.1,14.9293656954339,0.173919055140079,3.07333751322288,22,0.2,1,95.1643840593357,23.3417645335065,0.00497374211998402,0.0222047848407652,0.228670133573431,561,9826,1,"1","diploid","female"
"1682","0","0","0","0",-0.475701838731766,3014.29370117188,"map_9826_1_2",5,70,300,20,5,4.95726655907425,0.1,12.9395324600518,0.227912152626634,4.80912145447131,17,0.2,1,95.1643840593357,23.3417645335065,0.00547479500775859,0.0316353967757715,0.456272835819943,561,9826,1,"2","diploid","female"
"1683","0","0","0","0",-0.475701838731766,3014.29370117188,"map_9826_1_3",5,70,300,20,5,3.99204321442459,0.1,10.3907355729878,0.152190653831541,3.41061509540131,18,0.2,1,95.1643840593357,23.3417645335065,0.00182426169239857,0.0042196038333422,0.400397981778339,561,9826,1,"3","diploid","female"
"1684","0","0","0","0",-0.693051278591156,2981.30078125,"map_9827_1_1",5,70,300,20,5,2.88608725598785,0.1,13.163019131342,0.269232720452658,2.72345502609318,14,0.2,1,95.5677526987272,23.3400712685992,0.00649056457482871,0.0267969720238358,0.194037261340282,562,9827,1,"1","diploid","female"
"1685","0","0","0","0",-0.693051278591156,2981.30078125,"map_9827_1_2",5,70,300,20,5,4.03717742489251,0.1,20.5058275322176,0.430914133063055,1.40493555913981,10,0.2,1,95.5677526987272,23.3400712685992,0.0185180682195583,0.0867029048768441,0.208032340351631,562,9827,1,"2","diploid","female"
"1686","0","0","0","0",-0.693051278591156,2981.30078125,"map_9827_1_3",5,70,300,20,5,3.45974657674015,0.1,6.71927229462943,0.334846966555835,3.27341865704109,3,0.2,1,95.5677526987272,23.3400712685992,0.0015204673004228,0.000723493498930383,0.479111199045374,562,9827,1,"3","diploid","female"
"1687","0","0","0","0",0.900241076946259,2826.560546875,"map_9835_1_1",5,70,300,20,5,0,0.1,50.9865802623886,5.96605413180128e-14,0,15,0.2,1,26.5642795119175,25.6435332840067,1.2183064075808e-14,5.96605413180128e-14,0.300742629759839,563,9835,1,"1","diploid","female"
"1688","0","0","0","0",0.900241076946259,2826.560546875,"map_9835_1_2",5,70,300,20,5,0,0.1,51.0538585084221,5.21506912882286e-18,0,4,0.2,1,26.5642795119175,25.6435332840067,1.06777760701794e-18,5.21506912882286e-18,0.32836420949504,563,9835,1,"2","diploid","female"
"1689","0","0","0","0",0.900241076946259,2826.560546875,"map_9835_1_3",5,70,300,20,5,2.60792798490846,0.1,16.1989793010903,0.381859942790782,1.19591806629545,33,0.2,1,26.5642795119175,25.6435332840067,0.0118469826918254,0.0463416818547855,0.109688502965818,563,9835,1,"3","diploid","female"
"1690","0","0","0","0",0.814348638057709,2783.20385742188,"map_9836_1_1",5,70,300,20,5,0,0.1,50.9531192089069,5.49711690564797e-14,0,16,0.2,1,7.98163222064855,25.6232520890262,1.12107354223839e-14,5.49711690564797e-14,0.302222460533353,564,9836,1,"1","diploid","female"
"1691","0","0","0","0",0.814348638057709,2783.20385742188,"map_9836_1_2",5,70,300,20,5,0,0.1,51.0208387310604,1.31703620476867e-18,0,4,0.2,1,7.98163222064855,25.6232520890262,2.69312383156084e-19,1.31703620476867e-18,0.339043345850306,564,9836,1,"2","diploid","female"
"1692","0","0","0","0",0.814348638057709,2783.20385742188,"map_9836_1_3",5,70,300,20,5,1.89856258892081,0.1,11.7291690520934,0.46496174247537,0.725112701607262,30,0.2,1,7.98163222064855,25.6232520890262,0.00762333782460031,0.0220141896983504,0.189535100230406,564,9836,1,"3","diploid","female"
"1693","0","0","0","0",0.736547291278839,2803.87353515625,"map_9941_1_1",5,70,300,20,5,0,0.1,50.7046367862981,4.1227624870789e-14,0,73,0.2,1,8.0565464334977,25.9635991462969,8.32610167974737e-15,4.1227624870789e-14,0.297047043693775,565,9941,1,"1","diploid","female"
"1694","0","0","0","0",0.736547291278839,2803.87353515625,"map_9941_1_2",5,70,300,20,5,0,0.1,50.822016337282,6.01147797178505e-19,0,9,0.2,1,8.0565464334977,25.9635991462969,1.21968983571327e-19,6.01147797178505e-19,0.321980400013675,565,9941,1,"2","diploid","female"
"1695","0","0","0","0",0.736547291278839,2803.87353515625,"map_9941_1_3",5,70,300,20,5,1.99705572493889,0.1,12.699927707378,0.415076306894396,0.848347151995732,156,0.2,1,8.0565464334977,25.9635991462969,0.00742329522534771,0.0207949158232984,0.131027020093488,565,9941,1,"3","diploid","female"
"1696","0","0","0","0",0.811823427677155,2754.21850585938,"map_9942_1_1",5,70,300,20,5,0,0.1,50.9384028005614,9.94743897622296e-14,0,48,0.2,1,8.32638467899044,25.9575497907129,2.02749726635928e-14,9.94743897622296e-14,0.298439585156292,566,9942,1,"1","diploid","female"
"1697","0","0","0","0",0.811823427677155,2754.21850585938,"map_9942_1_2",5,70,300,20,5,0,0.1,50.9947908768316,7.85641280316024e-19,0,8,0.2,1,8.32638467899044,25.9575497907129,1.60487202515108e-19,7.85641280316024e-19,0.339113420987654,566,9942,1,"2","diploid","female"
"1698","0","0","0","0",0.811823427677155,2754.21850585938,"map_9942_1_3",5,70,300,20,5,1.4297641489641,0.1,12.4640919769904,0.447779596253679,0.438994317416674,135,0.2,1,8.32638467899044,25.9575497907129,0.00818932015758368,0.0284548757757557,0.138169889354846,566,9942,1,"3","diploid","female"
"1699","0","0","0","0",0.00629317341372371,3070.71606445312,"map_10032_1_1",5,70,300,20,5,4.76169859772565,0.1,16.7579992100697,0.259712435113172,2.02002465119462,11,0.2,1,164.941790040545,23.8267220213036,0.00892522133257515,0.0451818975332793,0.153753180579457,567,10032,1,"1","diploid","female"
"1700","0","0","0","0",0.00629317341372371,3070.71606445312,"map_10032_1_2",5,70,300,20,5,8.34332518925061,0.1,11.6040620185346,0.474832913381481,6.72949562303754,6,0.2,1,164.941790040545,23.8267220213036,0.00836519648518898,0.0313894830452928,0.282224550507965,567,10032,1,"2","diploid","female"
"1701","0","0","0","0",0.00629317341372371,3070.71606445312,"map_10032_1_3",5,70,300,20,5,4.40030586679877,0.1,15.0196488625218,0.382940085024441,3.57769002068292,6,0.2,1,164.941790040545,23.8267220213036,0.0110300686478745,0.0514256758999786,0.150490259332132,567,10032,1,"3","diploid","female"
"1702","0","0","0","0",0.61858069896698,2808.45483398438,"map_10046_1_1",5,70,300,20,5,0,0.1,50.9988393711987,3.591522947846e-14,0,15,0.2,1,7.7782119075548,25.9565094712301,7.33762509171824e-15,3.591522947846e-14,0.297672280746401,568,10046,1,"1","diploid","female"
"1703","0","0","0","0",0.61858069896698,2808.45483398438,"map_10046_1_2",5,70,300,20,5,0,0.1,12.7544365918659,2.94110789712385e-08,3.68201934997604e-07,4,0.2,1,7.7782119075548,25.9565094712301,3.82795440949454e-10,1.37670985973274e-13,1.58286350633148,568,10046,1,"2","diploid","female"
"1704","0","0","0","0",0.61858069896698,2808.45483398438,"map_10046_1_3",5,70,300,20,5,1.24962557225396,0.1,13.02518584022,0.353794020814263,0.705469960584269,23,0.2,1,7.7782119075548,25.9565094712301,0.00634624088816953,0.0164017056843691,0.21764219987104,568,10046,1,"3","diploid","female"
"1705","0","0","0","0",0.481994926929474,2760.36376953125,"map_10047_1_1",5,70,300,20,5,0,0.1,51.142426869827,6.58642841167368e-14,0,21,0.2,1,1.62364520370787,25.9120636123623,1.35323031687128e-14,6.58642841167368e-14,0.301067264792052,569,10047,1,"1","diploid","female"
"1706","0","0","0","0",0.481994926929474,2760.36376953125,"map_10047_1_2",5,70,300,20,5,0,0.1,51.214892095269,1.34105543134489e-18,0,4,0.2,1,1.62364520370787,25.9120636123623,2.76313967854443e-19,1.34105543134489e-18,0.355125020516199,569,10047,1,"2","diploid","female"
"1707","0","0","0","0",0.481994926929474,2760.36376953125,"map_10047_1_3",5,70,300,20,5,1.31135278115532,0.1,9.24595618259783,0.647410164550402,0.277586663102648,35,0.2,1,1.62364520370787,25.9120636123623,0.00588986600291691,0.00920612587389685,0.430241228345761,569,10047,1,"3","diploid","female"
"1708","0","0","0","0",0.448574513196945,2924.82348632812,"map_10149_1_1",5,70,300,20,5,1.64942125542031,0.1,8.81237484170565,0.277794560416287,2.21206719547495,21,0.2,1,7.55624687948892,25.2777009598573,0.0025753285669997,0.00567735480216364,0.556911747960944,570,10149,1,"1","diploid","female"
"1709","0","0","0","0",0.448574513196945,2924.82348632812,"map_10149_1_2",5,70,300,20,5,8.46021494623654,0.1,7.6321517688255,0.14028310063591,5.1904126216247,5,0.2,1,7.55624687948892,25.2777009598573,0.000682095349631252,1.31633755947996e-05,0.671478355914912,570,10149,1,"2","diploid","female"
"1710","0","0","0","0",0.448574513196945,2924.82348632812,"map_10149_1_3",5,70,300,20,5,1.32321111876561,0.1,9.80831496257294,0.256345400448468,2.45698131071178,22,0.2,1,7.55624687948892,25.2777009598573,0.0027350898949002,0.00505562624356485,0.287231561814394,570,10149,1,"3","diploid","female"
"1711","0","0","0","0",0.313930630683899,2855.6103515625,"map_10150_1_1",5,70,300,20,5,0,0.1,12.9871240470801,0.0391673916718343,0.211144605952909,11,0.2,1,8.17185876935572,25.2742145422157,0.000669129030192019,0.00167610350530514,0.56966111382567,571,10150,1,"1","diploid","female"
"1712","0","0","0","0",0.313930630683899,2855.6103515625,"map_10150_1_2",5,70,300,20,5,5.81634147560005,0.1,5.3638876543666,1.14797996224865,4.55439501122282,28,0.2,1,8.17185876935572,25.2742145422157,0.0028353069806173,0.000272653169283357,0.83886717756285,571,10150,1,"2","diploid","female"
"1713","0","0","0","0",0.313930630683899,2855.6103515625,"map_10150_1_3",5,70,300,20,5,1.62978538988712,0.1,8.38925415940492,0.456406238104272,1.67607456755661,13,0.2,1,8.17185876935572,25.2742145422157,0.00335532022345868,0.00401132656923966,0.281813779322126,571,10150,1,"3","diploid","female"
"1714","0","0","0","0",0.464924961328506,2787.38256835938,"map_10151_1_1",5,70,300,20,5,0,0.1,50.9206088380231,2.74698812170805e-14,0,29,0.2,1,1.58202165465622,25.2956639584513,5.59500935348279e-15,2.74698812170805e-14,0.297652643776404,572,10151,1,"1","diploid","female"
"1715","0","0","0","0",0.464924961328506,2787.38256835938,"map_10151_1_2",5,70,300,20,5,0,0.1,50.9919471538093,2.11747963787917e-18,1.73898461369443e-29,7,0.2,1,1.58202165465622,25.2956639584513,4.32499586191807e-19,2.11747963787917e-18,0.318822987132619,572,10151,1,"2","diploid","female"
"1716","0","0","0","0",0.464924961328506,2787.38256835938,"map_10151_1_3",5,70,300,20,5,1.79296449867673,0.1,11.8243588589008,0.324212216551826,0.796049976799125,82,0.2,1,1.58202165465622,25.2956639584513,0.0047432484617129,0.00891109939966448,0.196399469631402,572,10151,1,"3","diploid","female"
