"V1","V2","V3","V4","V5","V6","V7","V8","V9","V10","V11","V12","V13","V14","V15","V16","V17","V18","V19","V20","V21","V22","V23","V24","V25","V26","V27","V28","V29","V30","V31","V32","V33","V34","V35","V36","V37","V38","V39","V40","V41","V42","V43","V44","V45","V46","V47","V48","V49","V50","V51","V52","V53","V54","V55","V56","V57","V58","V59","V60","V61","V62","V63","V64","V65","V66","V67","V68","V69","V70","V71","V72","V73","V74","V75","V76","V77","V78","V79","V80","V81","V82","V83","V84","V85","V86","V87","V88","V89","V90","V91","V92","V93","V94","V95","V96","V97","V98","V99","V100"
8.42314298369229e-06,2.21495871189461e-05,5.32500698741659e-05,0.000127863154701546,0.000304189236215339,0.000710207538814039,0.0016210281361082,0.00362054286928548,0.00772218572542066,0.0135068090213784,0.0166693829797885,0.0159266946728285,0.0143690728381629,0.0130614612458656,0.0119418299015101,0.0109740331820271,0.0101328785667104,0.00939743181601082,0.00875083929267268,0.00817937073457544,0.00767177496413053,0.00721877630443747,0.00681268366045324,0.00644708484097259,0.00611660594624422,0.00581672079202825,0.00554359905660729,0.00529398458446199,0.00506509731735568,0.00485455384506362,0.00466030271167714,0.00448057147849358,0.00431382320279004,0.00415872049562786,0.00401409570965102,0.00387892610797554,0.00375231309876779,0.00363346480269731,0.00352168136393256,0.0034163425286388,0.00331689710480516,0.00322285398883472,0.00313377450163616,0.00304926582300792,0.00296897535026677,0.00289258583717761,0.0028198111937232,0.00275039284723623,0.0026840965817866,0.0026207097861743,0.00256003905197872,0.00250190807230154,0.00244615579946622,0.002392634826288,0.00234120996083241,0.00229175696902281,0.0022441614631893,0.00219831791779347,0.00215412879621631,0.00211150377474184,0.00207035905177249,0.00203061673193015,0.00199220427607391,0.00195505400943909,0.00191910268110395,0.0018842910688456,0.00185056362417691,0.00181786815297948,0.00178615552767957,0.00175537942736749,0.00172549610265071,0.00169646416237457,0.00166824437967614,0.00164079951523465,0.00161409415624976,0.00158809457115587,0.00156276858380035,0.00153808548055433,0.00151401598942683,0.00149053243699999,0.00146760936093292,0.00144522529259374,0.00142336751788447,0.00140204431917773,0.00138131573297638,0.00136136941151977,0.00134270451970156,0.00132656980955167,0.00131598838106831,0.00131810910542744,0.00134949214044432,0.00144772828635918,0.00169637068356651,0.00227702196388416,0.00357495966208407,0.00638616666886032,0.0123014987597649,0.0241561580951713,0.0433000434941078,0.0543444269184718
1.04705381114111e-08,4.94915917097587e-08,2.16963282262516e-07,9.44389011881206e-07,4.09381514789869e-06,1.76421973798494e-05,7.56775559373818e-05,0.000323787941451591,0.00119536128806085,0.00283110261458076,0.00388663294180647,0.00381638809063664,0.00353617883355603,0.00330570334408534,0.00309342998413632,0.00289907960990138,0.0027210381179745,0.00255764390699757,0.00240749716390288,0.00226933707553964,0.00214203994727458,0.00202460136294545,0.00191612228270817,0.00181579685314268,0.00172290173402761,0.00163678676065817,0.00155686675674539,0.00148261434636706,0.00141355363381206,0.00134925463859509,0.00128932838852525,0.00123342258702818,0.00118121778230202,0.00113242397562689,0.00108677761449535,0.00104403892339759,0.00100398953125566,0.000966430359805743,0.000931179741801302,0.000898071741860568,0.000866954656198435,0.000837689670443119,0.000810149657306505,0.000784218098109673,0.00075978811410879,0.000736761595261927,0.00071504841555856,0.000694565725329964,0.000675237312095683,0.000656993022499827,0.000639768238769663,0.000623503403903286,0.000608143590476245,0.000593638108560326,0.000579940148780575,0.000567006457007303,0.000554797037594911,0.00054327488244456,0.000532405723487744,0.000522157806466364,0.000512501684125164,0.000503410027136648,0.000494857451248724,0.000486820359282598,0.000479276796713755,0.000472206319642816,0.000465589874006004,0.000459409684887364,0.000453649154777498,0.000448292769577767,0.000443326011077297,0.000438735274536897,0.000434507789906189,0.000430631545088301,0.000427095209566079,0.000423888056638664,0.000420999882526367,0.000418420920759068,0.000416141750738298,0.000414153200608375,0.000412446247902228,0.000411011930806221,0.000409841310409452,0.000408925606924715,0.000408256883250252,0.000407830409430682,0.000407652145378745,0.000407761736558993,0.000408302339003034,0.000409731217820595,0.000413451655736925,0.000423699988321423,0.000453154261784636,0.000539525512189181,0.000794403277891904,0.00154634413834922,0.00375433069731738,0.0100390076823584,0.0247032845634966,0.0409053320753197
1.59903965321865e-11,1.09245711367415e-10,7.05973421422589e-10,4.53210781838847e-09,2.89705353002835e-08,1.8403807002361e-07,1.17113778217043e-06,7.3039478307839e-06,3.44149487264423e-05,9.00511821303841e-05,0.000126251573673897,0.000123523249497222,0.000115013369750689,0.000108342708109482,0.000102014698027684,9.61502825718437e-05,9.07093648601267e-05,8.56538690432231e-05,8.09537173882621e-05,7.65803542657502e-05,7.25079311656483e-05,6.87128517729754e-05,6.51735722877249e-05,6.18704087007242e-05,5.87853615081205e-05,5.59019590114477e-05,5.32051161130366e-05,5.06810071626311e-05,4.83169513448729e-05,4.61013092911056e-05,4.40233897447651e-05,4.20733652382528e-05,4.02421958536039e-05,3.85215602403067e-05,3.69037931531165e-05,3.53818288520034e-05,3.3949149776684e-05,3.25997399705971e-05,3.13280427846031e-05,3.01289224399539e-05,2.89976290739035e-05,2.79297669303401e-05,2.69212653925771e-05,2.59683525864274e-05,2.50675313093325e-05,2.42155570660068e-05,2.34094180131148e-05,2.26463166352242e-05,2.19236529919333e-05,2.12390093918721e-05,2.05901363634445e-05,1.99749398048741e-05,1.93914692075163e-05,1.88379068566215e-05,1.83125579229262e-05,1.78138413667007e-05,1.73402815833091e-05,1.6890500726006e-05,1.64632116477073e-05,1.605721140887e-05,1.56713753034883e-05,1.53046513595914e-05,1.49560552745752e-05,1.46246657492606e-05,1.43096201877756e-05,1.40101107332516e-05,1.37253806119393e-05,1.3454720760705e-05,1.31974667150091e-05,1.29529957363982e-05,1.27207241603002e-05,1.25001049465035e-05,1.22906254161553e-05,1.20918051604347e-05,1.1903194107267e-05,1.17243707335469e-05,1.15549404113506e-05,1.13945338775411e-05,1.12428058170338e-05,1.10994335508456e-05,1.09641158211512e-05,1.08365716679699e-05,1.07165394002812e-05,1.06037756973005e-05,1.04980550132783e-05,1.03991700369414e-05,1.03069363751257e-05,1.02212147115719e-05,1.01420055316079e-05,1.00698443724991e-05,1.00074366130925e-05,9.96638249132595e-06,9.99471265727487e-06,1.02891250558482e-05,1.1650426010653e-05,1.7322812489576e-05,4.03262393958554e-05,0.000129646307747402,0.00040853139098863,0.00084376823616095
8.61561483594104e-14,3.83271748827768e-13,1.62943498956934e-12,7.02327260890574e-12,3.06479130523275e-11,1.35072612324573e-10,6.02628960531938e-10,2.72753349691996e-09,1.0558698352154e-08,2.53961705701707e-08,3.42985731890703e-08,3.24165552125955e-08,2.89632029691137e-08,2.6360696330084e-08,2.41881925804153e-08,2.23809371463571e-08,2.08734811777802e-08,1.9612516129289e-08,1.85567212740717e-08,1.76730479883303e-08,1.6935029240987e-08,1.63213172314459e-08,1.58145921036279e-08,1.5400724716825e-08,1.50681299774492e-08,1.48072641632613e-08,1.46102314243766e-08,1.44704737422042e-08,1.43825250945527e-08,1.43418153357228e-08,1.43445128103944e-08,1.43873973271537e-08,1.44677570667303e-08,1.45833044665646e-08,1.47321072334991e-08,1.49125314817416e-08,1.51231946406134e-08,1.53629262750684e-08,1.56307353478113e-08,1.59257827520284e-08,1.62473581784222e-08,1.6594860564567e-08,1.69677815200308e-08,1.73656912359364e-08,1.77882264793081e-08,1.82350803457722e-08,1.87059935028768e-08,1.92007467035219e-08,1.97191543871077e-08,2.02610592168831e-08,2.08263274270512e-08,2.14148448736193e-08,2.20265136996735e-08,2.2661249539435e-08,2.33189791966929e-08,2.39996387424653e-08,2.47031719843916e-08,2.54295292666984e-08,2.6178666564854e-08,2.69505448434222e-08,2.77451296493144e-08,2.85623909157343e-08,2.94023029547333e-08,3.02648446185188e-08,3.11499996115657e-08,3.2057756937221e-08,3.29881114639124e-08,3.39410645973222e-08,3.49166250459808e-08,3.59148096687149e-08,3.69356443932647e-08,3.79791651961769e-08,3.90454191348096e-08,4.01344654229544e-08,4.12463765422048e-08,4.23812393817754e-08,4.35391564000255e-08,4.47202468014515e-08,4.59246477233982e-08,4.71525154271967e-08,4.84040264888747e-08,4.96793789849967e-08,5.0978793669581e-08,5.23025151384139e-08,5.36508129774266e-08,5.50239828921331e-08,5.64223478154281e-08,5.78462589913386e-08,5.92960970325898e-08,6.07722729503146e-08,6.22752291606357e-08,6.38054406523969e-08,6.53634217797777e-08,6.69498874128374e-08,6.85693180771185e-08,7.02925235765038e-08,7.33171704962249e-08,1.00535013631676e-07,4.93270157763955e-07,3.44670953261915e-06
3.2712243023637e-09,1.76577081600495e-08,8.82313880654317e-08,4.30680003279518e-07,2.05636920058795e-06,9.59043002669544e-06,4.3772087406913e-05,0.000195833159918388,0.000740873860385533,0.00177488081220373,0.00245905513459556,0.00244629512925536,0.0023048176275823,0.00219546735426314,0.0020979246563419,0.00201152288675109,0.00193490981003888,0.00186680757125049,0.00180617866132034,0.00175213187108745,0.00170390604091737,0.00166084776076012,0.00162239407032557,0.00158805823651627,0.00155741802659189,0.00153010600856972,0.00150580149312738,0.00148422381357777,0.00146512670097127,0.00144829355942418,0.00143353348464998,0.00142067789871003,0.0014095776979355,0.00140010083013268,0.00139213023259933,0.00138556207495219,0.00138030426092652,0.00137627515166698,0.0013734024800069,0.00137162243120368,0.00137087887092128,0.00137112270632061,0.00137231137141627,0.00137440843403189,0.00137738332965123,0.00138121123852874,0.00138587313845549,0.0013913560891543,0.00139765383884254,0.00140476789340644,0.00141270925900664,0.00142150116521,0.00143118320265011,0.00144181746907014,0.00145349750768877,0.00146636103088763,0.00148060762614917,0.00149652279858855,0.00151450975302632,0.0015351301739667,0.00155915482092146,0.00158762390731199,0.00162191587154226,0.00166382121429661,0.00171561557577901,0.00178012328277482,0.00186075947926798,0.00196153610687312,0.00208701502680572,0.00224219119526188,0.00243229076568838,0.00266247392838114,0.00293744056102452,0.00326094824551672,0.00363526619827717,0.00406060378967935,0.00453456660933854,0.00505170407223759,0.00560321789005795,0.00617689826129508,0.00675734312197924,0.00732649526090941,0.00786450403442716,0.00835088574341899,0.00876592345116427,0.00909221751350592,0.00931627628207836,0.00943002488611325,0.00943210920347097,0.00932888027845332,0.00913495772507943,0.00887328428180362,0.00857459348891283,0.00827621676364155,0.00802015756325937,0.00785035488769181,0.00780768073573898,0.00789013502497444,0.00771136416507281,0.00590753125076696
5.09304186604669e-13,2.43505948200127e-12,1.12250023358861e-11,5.21835824717359e-11,2.43872456581659e-10,1.14343520759522e-09,5.39762664426156e-09,2.5705604369634e-08,1.02801155142394e-07,2.49631374539065e-07,3.34103274838651e-07,3.08537557036007e-07,2.6893910790794e-07,2.39836056047263e-07,2.16272933355682e-07,1.97186385876118e-07,1.81640217509485e-07,1.68908075175279e-07,1.58445097466055e-07,1.49830483162784e-07,1.42737532098957e-07,1.36910139802377e-07,1.32145847874095e-07,1.28283337859715e-07,1.2519311554999e-07,1.22770510382408e-07,1.20930366608377e-07,1.19602983117217e-07,1.18730982766447e-07,1.18266879457859e-07,1.1817117319325e-07,1.18410847728809e-07,1.1895817749788e-07,1.19789773804949e-07,1.20885817414037e-07,1.22229437311195e-07,1.23806204844896e-07,1.25603719513847e-07,1.27611268004425e-07,1.29819542129961e-07,1.32220404418768e-07,1.34806692475954e-07,1.37572055081785e-07,1.40510814416917e-07,1.4361784991931e-07,1.46888500151948e-07,1.50318479749536e-07,1.53903809057819e-07,1.57640754512824e-07,1.61525778153567e-07,1.65555494939338e-07,1.69726636766131e-07,1.74036022257343e-07,1.78480531550535e-07,1.83057085421452e-07,1.8776262818438e-07,1.92594113888367e-07,1.97548495395294e-07,2.02622715981071e-07,2.07813703147295e-07,2.13118364369473e-07,2.18533584540624e-07,2.24056224896864e-07,2.29683123235376e-07,2.35411095255659e-07,2.41236936872674e-07,2.47157427366026e-07,2.53169333242922e-07,2.59269412704675e-07,2.65454420617249e-07,2.71721113895913e-07,2.78066257222747e-07,2.84486629023509e-07,2.9097902763753e-07,2.97540277620786e-07,3.04167236128242e-07,3.10856799327065e-07,3.17605908797364e-07,3.24411557881768e-07,3.31270797949514e-07,3.38180744544733e-07,3.45138583392335e-07,3.52141576238382e-07,3.59187066505047e-07,3.66272484743246e-07,3.73395353868783e-07,3.80553294170448e-07,3.87744028080825e-07,3.94965384702827e-07,4.02215304087615e-07,4.09491841283901e-07,4.16793170928113e-07,4.2411761811535e-07,4.31464472543656e-07,4.38852221121586e-07,4.46613049327596e-07,4.59515703127389e-07,5.57139413005511e-07,1.94062388139804e-06,1.2975690011923e-05
3.46008238687535e-13,2.49751380008411e-12,1.72229216215965e-11,1.13862113854034e-10,7.21022919665891e-10,4.38039989671437e-09,2.5799816091745e-08,1.47546597664285e-07,6.56550250095477e-07,1.6505208029982e-06,2.18406665742094e-06,1.94421985237065e-06,1.64876161049229e-06,1.46001838759794e-06,1.32590290892615e-06,1.23080913993855e-06,1.16364250458959e-06,1.11681267608012e-06,1.08515052891591e-06,1.06499046035924e-06,1.05368176195741e-06,1.04926546263488e-06,1.0502663939106e-06,1.05555538941596e-06,1.06425606777566e-06,1.07568053099959e-06,1.08928412757275e-06,1.10463301328892e-06,1.12138044643174e-06,1.13924914322931e-06,1.15801790791862e-06,1.17751132819863e-06,1.19759170582882e-06,1.21815264432916e-06,1.23911388552055e-06,1.26041710224302e-06,1.28202243419963e-06,1.30390560935465e-06,1.32605553247116e-06,1.34847225038516e-06,1.37116522394742e-06,1.39415185155381e-06,1.4174562004156e-06,1.44110791027305e-06,1.46514124087528e-06,1.48959423975164e-06,1.51450801094807e-06,1.5399260687519e-06,1.5658937631638e-06,1.59245776613022e-06,1.61966560942196e-06,1.64756526660821e-06,1.67620477288784e-06,1.7056318776435e-06,1.73589372551455e-06,1.76703656256966e-06,1.79910546482028e-06,1.83214408687245e-06,1.86619442897945e-06,1.9012966211464e-06,1.93748872325925e-06,1.97480654047453e-06,2.01328345332016e-06,2.05295026212833e-06,2.09383504555463e-06,2.13596303303809e-06,2.17935649112899e-06,2.22403462365933e-06,2.27001348575757e-06,2.31730591171804e-06,2.36592145672889e-06,2.41586635244308e-06,2.46714347634669e-06,2.51975233484027e-06,2.57368905990306e-06,2.62894641915933e-06,2.68551383911154e-06,2.74337744124837e-06,2.80252009067789e-06,2.8629214568788e-06,2.92455808610612e-06,2.98740348493353e-06,3.05142821436333e-06,3.11659999388718e-06,3.18288381483737e-06,3.2502420623296e-06,3.31863464506457e-06,3.38801913222779e-06,3.458350896704e-06,3.52958326380716e-06,3.60166766475575e-06,3.67455379651043e-06,3.74818991470771e-06,3.8225280764371e-06,3.89765058281548e-06,3.9757370733537e-06,4.08254912328398e-06,4.55035101570134e-06,1.11942901948912e-05,8.34504620110113e-05
1.48636984050578e-11,1.36376353495008e-10,1.18512946213349e-09,1.00782956415082e-08,8.39627494149748e-08,6.83542147915199e-07,5.51854842208162e-06,4.19790464780902e-05,0.000219637370516655,0.000594932465238181,0.000832436907129463,0.000800366759579937,0.00073518390039486,0.000685649152512715,0.00063981653298364,0.000598533575636351,0.000561232050904702,0.000527429698514802,0.000496744009955624,0.000468831403086157,0.000443393448497985,0.000420168704873347,0.000398927742706777,0.000379468792881925,0.000361614025122849,0.000345206384250766,0.000330106884613266,0.000316192292778284,0.000303353138081476,0.000291492000891485,0.000280522036678453,0.0002703657007563,0.000260953644193503,0.000252223756052509,0.000244120330999038,0.000236593344558684,0.000229597821002828,0.000223093281111598,0.000217043258964016,0.000211414878506551,0.000206178482001997,0.000201307303602845,0.000196777182261836,0.000192566309015806,0.000188655004381303,0.000185025522201568,0.000181661876801276,0.000178549690751876,0.000175676060938661,0.000173029440961147,0.000170599538199975,0.000168377224154552,0.000166354456903407,0.000164524214771054,0.000162880440508386,0.000161417995516639,0.000160132623877946,0.000159020926212052,0.000158080343678534,0.000157309152816663,0.000156706472406953,0.000156272284222371,0.000156007470526711,0.000155913872648632,0.000155994377177671,0.000156253039682875,0.00015669526089804,0.000157328037800208,0.00015816032289847,0.000159203540520883,0.000160472330249188,0.000161985616223587,0.000163768137986392,0.000165852624771347,0.00016828285161623,0.000171117884564834,0.000174437910224606,0.000178352170438823,0.000183009729927525,0.000188614188521237,0.000195444198327593,0.000203883107469238,0.000214463829642217,0.000227940122969747,0.000245404387376405,0.000268487096984353,0.000299697123441766,0.000342999283913567,0.00040477964340359,0.0004954240289021,0.000631832156407991,0.000841304862226673,0.0011673621994767,0.00167814875400349,0.00247811397345769,0.00372354065864338,0.00564027415928722,0.00848361406411424,0.0117751989861113,0.0119220664126789
0.850974281476876,0.364705090435016,0.100034272740136,0.0273064748177212,0.0114276793232974,0.00810460992615464,0.0074073043943725,0.00724818026098829,0.00725595773097362,0.00696310030341264,0.00485584652424481,0.00193229458066186,0.000467101541687583,9.26342109969023e-05,1.82281525245935e-05,3.58081610786854e-06,7.00570718874987e-07,1.37134212971327e-07,2.71996121265708e-08,5.68627202374462e-09,1.38438875562398e-09,4.55084672372229e-10,2.09218952366055e-10,1.17970239794919e-10,7.19634574143146e-11,4.48651047574637e-11,2.80375972673715e-11,1.74579036841649e-11,1.08108278177049e-11,6.65397606701797e-12,4.06967251154769e-12,2.47309617929735e-12,1.49309144948713e-12,8.95487310787102e-13,5.33487397675216e-13,3.15677871949172e-13,1.85516337715929e-13,1.08268033507906e-13,6.27421871491817e-14,3.61011388162273e-14,2.06226192515425e-14,1.16946597505806e-14,6.58280137280231e-15,3.67765731018098e-15,2.0390435551282e-15,1.1218462317931e-15,6.12418194709285e-16,3.3168558240075e-16,1.78206778190659e-16,9.49720581710251e-17,5.01990992003982e-17,2.63134885875213e-17,1.36771910308228e-17,7.04862615820753e-18,3.60125425117447e-18,1.823883293094e-18,9.15558325192107e-19,4.55482800210679e-19,2.24546216652138e-19,1.09682562565308e-19,5.30783336604879e-20,2.54445052974536e-20,1.20813752882097e-20,5.681098470909e-21,2.6453862001995e-21,1.21964421637803e-21,5.56685871430905e-22,2.51515602009942e-22,1.12471131637084e-22,4.97715508668208e-23,2.1793478126602e-23,9.44097895423515e-24,4.04567340369188e-24,1.71468455800377e-24,7.18673163061257e-25,2.97826973522341e-25,1.22014301470834e-25,4.94079460548327e-26,1.97716702298696e-26,7.81747763991075e-27,3.05335269332357e-27,1.17781585240604e-27,4.48602857345407e-28,1.68660675285545e-28,6.25751030089601e-29,2.29021272763756e-29,8.26539044758344e-30,2.94008157156819e-30,1.03018709853372e-30,3.5532550517891e-31,1.20530967693092e-31,4.01622617167116e-32,1.31245572175806e-32,4.1966977904433e-33,1.30864564407684e-33,3.9585875563172e-34,1.15143606534741e-34,3.16846405413142e-35,7.92930225221055e-36,1.59807725433642e-36
0.687544150411122,0.313317152320879,0.101080026067862,0.0404546474667478,0.026738918831876,0.0238904686198023,0.0234281833111304,0.0234646961630038,0.0237464217074081,0.0229884111596031,0.0167892783906399,0.0080432573692285,0.00344133673690921,0.00209812711070417,0.00173991187685032,0.00161155612840562,0.00153764512544461,0.00147728060892522,0.00142093768813996,0.00136646008125539,0.00131341442475773,0.00126176033472077,0.00121153647258164,0.00116278666058755,0.00111554285927608,0.00106982164227166,0.0010256239038106,0.000982935395523127,0.00094172755820084,0.000901958554629359,0.000863574506865331,0.000826510954987657,0.00079069454673224,0.00075604495385078,0.000722476995649,0.000689902934490934,0.0006582348930804,0.000627387329928601,0.000597279498439438,0.000567837807283868,0.000538997995869011,0.000510707039240239,0.000482924701962008,0.000455624670414813,0.000428795207239153,0.000402439289776048,0.000376574215444971,0.000351230679977645,0.000326451358031744,0.000302289038590895,0.0002788043883623,0.000256063433848144,0.000234134865811609,0.000213087277665432,0.000192986451388128,0.000173892800791761,0.000155859072572127,0.00013892839117265,0.000123132715006274,0.000108491750170312,9.50123447826312e-05,8.26883638515311e-05,7.15010225178688e-05,6.1419635797687e-05,5.2402726617632e-05,4.43994217131181e-05,3.7351057281039e-05,3.11929132550555e-05,2.58559965056869e-05,2.1268798692782e-05,1.73589632315794e-05,1.40548070432712e-05,1.12866555375352e-05,8.9879627034101e-06,7.09620141146865e-06,5.55352131331149e-06,4.30718247529705e-06,3.3097816887705e-06,2.5192950271588e-06,1.89896461277525e-06,1.41705980729477e-06,1.04654336709558e-06,7.64671814077128e-07,5.52556722747614e-07,3.94710192126261e-07,2.78593821398379e-07,1.94186370828631e-07,1.33581241443761e-07,9.06211638946367e-08,6.05741994645686e-08,3.98524132122585e-08,2.57724145555538e-08,1.63553628489054e-08,1.01629592548829e-08,6.16532331566614e-09,3.63640108340627e-09,2.07255012824243e-09,1.12918491325619e-09,5.6712647476091e-10,2.27412426822623e-10
0.625779634413907,0.320728859844928,0.115162993086345,0.0463756380118095,0.0279034788309081,0.0232934790800512,0.0223284812673994,0.0223025448422319,0.0226334061970644,0.0218803579223158,0.0157640088009654,0.00704471567741299,0.00222865860849915,0.000680319485821713,0.000242806507857335,0.000113973524061422,7.22118805513411e-05,5.5511541230142e-05,4.64114598352469e-05,3.99499246093249e-05,3.46807542545551e-05,3.01512774284918e-05,2.61924980141747e-05,2.27188293053468e-05,1.96714118878354e-05,1.70019533221574e-05,1.46680091781905e-05,1.26314887685548e-05,1.08580643783138e-05,9.31683097641532e-06,7.98003542060379e-06,6.82282722400993e-06,5.82301991766174e-06,4.96086184329441e-06,4.21881741742816e-06,3.58136006938709e-06,3.03477773292767e-06,2.5669913902716e-06,2.16738683526124e-06,1.82665955708199e-06,1.53667244250954e-06,1.29032584324115e-06,1.081439446051e-06,9.04645309063629e-07,7.55291380532991e-07,6.29354791521992e-07,5.2336420618114e-07,4.34330519135597e-07,3.5968520569924e-07,2.97225654693379e-07,2.45066843468784e-07,2.01598748606641e-07,1.6544892231644e-07,1.35449702628618e-07,1.10609564186587e-07,9.00881550473737e-08,7.31746028241961e-08,5.92687102951969e-08,4.78646959125987e-08,3.85371682160452e-08,3.09290547967737e-08,2.47412360516738e-08,1.97236614366399e-08,1.56677512496437e-08,1.23999101555768e-08,9.77599974838468e-09,7.67663649846325e-09,6.00319854293555e-09,4.67444004812853e-09,3.62362542469423e-09,2.79610763240927e-09,2.147285304893e-09,1.64088258733043e-09,1.24750354474715e-09,9.43419892858312e-10,7.09556750703263e-10,5.30646229490029e-10,3.94523061976877e-10,2.91540238511899e-10,2.14085836854796e-10,1.56184990500275e-10,1.13173302117234e-10,8.14300334584362e-11,5.81611407718482e-11,4.1223717823033e-11,2.89846928603795e-11,2.02077311574641e-11,1.39632461678312e-11,9.55724075603675e-12,6.47540300790146e-12,4.33948365432336e-12,2.87349688840836e-12,1.87772431635275e-12,1.20887258415221e-12,7.65047381147799e-13,4.7446750097784e-13,2.87050692127954e-13,1.6799275575321e-13,9.18541459076726e-14,4.04207328350559e-14
2.60345237683289e-15,1.71833415441792e-14,1.06413339672669e-13,6.5355468437075e-13,3.99574167913264e-12,2.4281937562801e-11,1.47652882613601e-10,8.81830868943375e-10,4.0542667402941e-09,1.05941199785615e-08,1.51888107781273e-08,1.55540883460211e-08,1.52458078924158e-08,1.50777295561619e-08,1.48906477311805e-08,1.47034128001088e-08,1.45155940415833e-08,1.43268663129458e-08,1.41374204805341e-08,1.39473067869378e-08,1.37565989786257e-08,1.35653687056512e-08,1.33736877253523e-08,1.31816279529632e-08,1.29892613178626e-08,1.27966597300081e-08,1.26038950221814e-08,1.24110388953829e-08,1.2218162863889e-08,1.20253382002403e-08,1.18326358802692e-08,1.16401265282198e-08,1.1447880362029e-08,1.12559671388372e-08,1.10644561007932e-08,1.08734159212215e-08,1.06829146512142e-08,1.04930196667149e-08,1.03037976161553e-08,1.01153143687087e-08,9.92763496322314e-09,9.74082355789563e-09,9.55494338075119e-09,9.37005668099044e-09,9.18622468127105e-09,9.00350753099077e-09,8.82196426064245e-09,8.64165273731473e-09,8.46262962141569e-09,8.28495032470079e-09,8.10866896969028e-09,7.93383835056479e-09,7.76050989563097e-09,7.58873363145060e-09,7.4185581487276e-09,7.25003057004603e-09,7.08319651954856e-09,6.91810009464007e-09,6.75478383979182e-09,6.59328872251185e-09,6.43365411153267e-09,6.2759177572522e-09,6.12011577444489e-09,5.96628262723979e-09,5.81445111634041e-09,5.66465236843826e-09,5.51691582774832e-09,5.3712692495713e-09,5.22773869576457e-09,5.0863485319819e-09,4.94712142652179e-09,4.8100783506066e-09,4.67523857989894e-09,4.54261969704942e-09,4.41223759506195e-09,4.28410648125809e-09,4.15823888162278e-09,4.0346456453205e-09,3.91333594918549e-09,3.7943173020156e-09,3.67759554855453e-09,3.56317487319916e-09,3.45105780399195e-09,3.34124521947226e-09,3.23373636899239e-09,3.12852894937019e-09,3.02561941016851e-09,2.92500417688491e-09,2.82668453678742e-09,2.73068606405787e-09,2.63713547390158e-09,2.54656319729883e-09,2.46108876579226e-09,2.3890419310549e-09,2.36288895336606e-09,2.50835000167946e-09,3.30571598293769e-09,6.45675254352167e-09,1.58739166336577e-08,2.94394386521658e-08
0.731289606927409,0.343449021921632,0.117181857990883,0.0505427402036092,0.0344898231030357,0.0304369544300833,0.029130286338161,0.0284655763641889,0.0280655607259311,0.0271148131554925,0.022879678178557,0.017184327241711,0.0141480872882511,0.0130861471680833,0.0125372272412378,0.0120458319598301,0.0115181757481206,0.0109386173154922,0.0103097469476947,0.00963951322265165,0.00893808254307787,0.00821674048313692,0.00748722445944952,0.00676116691658963,0.00604960215029673,0.00536254546993927,0.0047086603311952,0.0040950245412695,0.00352699944597645,0.00300819869657201,0.00254054680738989,0.00212441280493242,0.00175880110930613,0.00144158043181546,0.0011697317843744,0.000939598401387174,0.000747123106472744,0.000588062010889328,0.000458167014616996,0.000353333051195313,0.000269709105645417,0.000203774561505733,0.000152384307226086,0.000112787242124759,8.26234190893783e-05,5.99051401031533e-05,4.29870003911326e-05,3.05292828335423e-05,2.14583541470743e-05,1.49269090196483e-05,1.0276126442783e-05,7.00109868870385e-06,4.72030014318445e-06,3.14939393906689e-06,2.07932778271601e-06,1.35843515961126e-06,8.78116967024427e-07,5.61611846100854e-07,3.55351556434891e-07,2.22423066187202e-07,1.37706926339642e-07,8.43205052093308e-08,5.10564688428557e-08,3.05659646812569e-08,1.80890192567339e-08,1.05801294335588e-08,6.11455118128179e-09,3.49078544596285e-09,1.96807855683129e-09,1.09543424622534e-09,6.01737031424736e-10,3.26094550272003e-10,1.74270697033532e-10,9.18046271072087e-11,4.76504519804629e-11,2.43568905665456e-11,1.22547918509383e-11,6.06571959374701e-12,2.95188332983473e-12,1.41152474530623e-12,6.62772133878027e-13,3.05365541737393e-13,1.37951354546006e-13,6.10554753114925e-14,2.64500015157683e-14,1.12046746297372e-14,4.63624645242127e-15,1.87149145489327e-15,7.35946421950926e-16,2.81464796648412e-16,1.04489007831891e-16,3.75623266633204e-17,1.30370239768705e-17,4.35187757609598e-18,1.38989998959219e-18,4.21553207342058e-19,1.20020216462731e-19,3.14402847673142e-20,7.24837480410663e-21,1.29962898619454e-21
0.175537420909233,0.135062916396414,0.0811094487675793,0.0537597759939048,0.0433254756233528,0.0402280835828479,0.0401363681715926,0.0412690750965271,0.0429800154809727,0.0428501590351261,0.0346375691941116,0.0214396430729053,0.0123474001436062,0.00793843649915538,0.00587610629363608,0.00488072312071291,0.00437216281114289,0.00408530673566003,0.00389986647465741,0.00376155664642296,0.00364598259736294,0.00354221299482608,0.0034453502899429,0.00335318730462098,0.0032647091837265,0.00317942503673543,0.00309707126887865,0.00301748090602099,0.00294052680835865,0.00286609762141559,0.00279408811188912,0.00272439572225206,0.00265691972586803,0.00259156139385185,0.00252822448946918,0.00246681580754635,0.00240724565301962,0.00234942822874514,0.00229328193380829,0.00223872958492566,0.00218569857646035,0.00213412099420857,0.00208393369681093,0.0020350783774987,0.00198750161847635,0.00194115495093824,0.00189599493585323,0.00185198328460584,0.00180908704482495,0.00176727888584477,0.00172653753092823,0.00168684840044564,0.0016482045525005,0.00161060803586235,0.0015740718051601,0.00153862239038059,0.00150430356138822,0.00147118128193058,0.00143935030334102,0.00140894280065973,0.00138013949517746,0.00135318372614265,0.00132839891550739,0.00130620979425579,0.00128716760483889,0.00127197923721029,0.0012615398717726,0.00125696817078778,0.00125964236869639,0.00127123476441857,0.00129374114024195,0.00132950057708378,0.00138120009578382,0.00145185766033455,0.00154477650411909,0.00166346369160588,0.00181150653342266,0.00199240215715228,0.00220933838822575,0.00246492822630306,0.00276090560137639,0.00309779658387822,0.00347458743045321,0.0038884181908898,0.00433433731823005,0.00480515793576502,0.00529145925354774,0.00578177641822228,0.0062630185874777,0.00672114875940753,0.00714215151246024,0.00751330961942866,0.00782481313580274,0.00807174410299238,0.00825653074083394,0.00839206308866638,0.00850448559749101,0.00860245943065218,0.00832874738146307,0.00632160420733573
2.10834993899123e-06,6.99438614246678e-06,2.14626449267898e-05,6.32372643214571e-05,0.000177011734859549,0.000469456043378312,0.00118129880112702,0.00283509015009218,0.00634301924615185,0.0113776353424388,0.0142183428758172,0.0137352984011871,0.0125819714714549,0.0116595475784682,0.0108979421422661,0.0102560376789599,0.00970703513369559,0.00923068088362444,0.00881195790034573,0.00843954950140105,0.00810483943785896,0.00780120096845135,0.0075234881740688,0.00726766743877714,0.00703054758580684,0.00680958039398975,0.0066027119074115,0.00640827078145179,0.00622488387904083,0.0060514120761448,0.00588690115944721,0.00573054406440502,0.00558165168144421,0.00543963016795076,0.00530396322268691,0.00517419816159817,0.00504993491755373,0.00493081729813624,0.00481652599426895,0.00470677295200846,0.00460129681025547,0.00449985917578198,0.00440224155925592,0.00430824283588103,0.00421767712485766,0.00413037200535589,0.00404616700476442,0.00396491230891404,0.003886467654739,0.00381070137416794,0.00373748956448899,0.0036667153654387,0.00359826832715111,0.00353204385612432,0.00346794272871464,0.00340587066350419,0.00334573794532763,0.00328745909488219,0.00323095257875869,0.00317614055548266,0.00312294865379684,0.00307130577999714,0.0030211439516997,0.00297239815602097,0.00292500623086733,0.00287890876898152,0.00283404904582034,0.00279037297474178,0.00274782909743544,0.0027063686263377,0.00266594557381766,0.00262651704038776,0.00258804381190089,0.00255049157519705,0.00251383338381126,0.00247805464315427,0.00244316311885571,0.00240920880094677,0.00237632273087889,0.00234479150675173,0.00231519727221708,0.00228867466430794,0.00226737049545887,0.00225524337206583,0.00225941238505763,0.00229235527162271,0.00237535500866084,0.00254366678107097,0.00285385746383807,0.00339354129927705,0.0042931259063407,0.0057379757548656,0.00797739053567382,0.0113239133321539,0.0161330055328109,0.022749933266289,0.0314033371008162,0.0418248963202145,0.0504532616847073,0.0445124118972829
4.35185710236351e-13,5.71449681628049e-12,6.81713582833794e-11,7.34764611272217e-10,7.16209553828725e-09,6.30473757136464e-08,5.12395077829724e-07,3.79706695320975e-06,1.93792661407866e-05,5.06882535234767e-05,6.56292663370947e-05,5.49074170335563e-05,4.41794945658883e-05,3.82113669164653e-05,3.44570598382512e-05,3.20922039749188e-05,3.06184922819009e-05,2.97304019263613e-05,2.92385185047122e-05,2.90194810717874e-05,2.8991082844883e-05,2.90973738060492e-05,2.92997177442583e-05,2.95711795827462e-05,2.98928838052081e-05,3.0251586081233e-05,3.06380163838165e-05,3.10457281145101e-05,3.1470287595967e-05,3.19086973032407e-05,3.23589822481358e-05,3.28198916845779e-05,3.32906831045692e-05,3.37709653765775e-05,3.42605846209917e-05,3.47595410986371e-05,3.5267928682589e-05,3.57858908252726e-05,3.6313588609926e-05,3.68511776829795e-05,3.73987917365163e-05,3.79565308421557e-05,3.85244533964198e-05,3.91025707708041e-05,3.96908440018237e-05,4.02891820321638e-05,4.0897441141785e-05,4.15154253005426e-05,4.21428872411247e-05,4.27795300998618e-05,4.34250095082735e-05,4.4078936043807e-05,4.47408779667758e-05,4.54103641839994e-05,4.60868873895091e-05,4.67699073399581e-05,4.74588542278224e-05,4.81531321196488e-05,4.88521224298851e-05,4.95551874035127e-05,5.02616735829872e-05,5.09709152370131e-05,5.16822377305471e-05,5.23949608171921e-05,5.31084018368551e-05,5.38218788032281e-05,5.45347133673181e-05,5.52462336448998e-05,5.59557768974079e-05,5.66626920573979e-05,5.73663420912923e-05,5.80661061936788e-05,5.8761381808926e-05,5.94515864773256e-05,6.01361595043481e-05,6.08145634528977e-05,6.14862854596736e-05,6.21508383778751e-05,6.28077617495311e-05,6.34566226116739e-05,6.40970161414281e-05,6.47285661458308e-05,6.53509254028526e-05,6.59637758606376e-05,6.65668287024432e-05,6.71598242851275e-05,6.7742531959308e-05,6.8314749779517e-05,6.88763041127948e-05,6.94270491542075e-05,6.99668663580249e-05,7.04956638193885e-05,7.10133774017821e-05,7.15200489398419e-05,7.20178692171591e-05,7.25428588711731e-05,7.34721311480678e-05,7.82425313736399e-05,0.000140018278002676,0.0010105379085002
6.99803094936597e-13,4.75560861435189e-12,3.04958988666381e-11,1.94153136807687e-10,1.23058825679188e-09,7.75089000668142e-09,4.88858344637757e-08,3.02217580457499e-07,1.41711442694383e-06,3.71102434408874e-06,5.24290737359868e-06,5.20853157725408e-06,4.93492870733009e-06,4.72589870959499e-06,4.52193572317451e-06,4.32908979015139e-06,4.14657400800458e-06,3.97362813784854e-06,3.80972838928165e-06,3.65433614718742e-06,3.50695543145665e-06,3.36712145489078e-06,3.23439914489622e-06,3.10838114197401e-06,2.98868586328154e-06,2.87495574747725e-06,2.7668556198276e-06,2.66407117731881e-06,2.56630758341199e-06,2.47328816407216e-06,2.3847531973484e-06,2.30045878938024e-06,2.22017583028298e-06,2.14368902388511e-06,2.07079598576982e-06,2.00130640451104e-06,1.93504126139665e-06,1.87183210430036e-06,1.81152037170263e-06,1.7539567631718e-06,1.69900065290255e-06,1.64651954317169e-06,1.59638855481258e-06,1.54848995203273e-06,1.50271269910374e-06,1.45895204664221e-06,1.41710914537476e-06,1.37709068544183e-06,1.33880855944413e-06,1.30217954757393e-06,1.26712502330144e-06,1.23357067820555e-06,1.20144626464846e-06,1.17068535509644e-06,1.14122511698392e-06,1.11300610210702e-06,1.08597204961436e-06,1.06006970173937e-06,1.03524863148864e-06,1.01146108156557e-06,9.88661813868226e-07,9.66807968954435e-07,9.45858934916043e-07,9.25776225148283e-07,9.06523364538592e-07,8.88065783632738e-07,8.70370720364308e-07,8.5340712895657e-07,8.37145595623486e-07,8.21558260709292e-07,8.06618746913873e-07,7.92302093254041e-07,7.78584694409395e-07,7.65444245096218e-07,7.52859689104142e-07,7.40811172619136e-07,7.29280001443645e-07,7.18248601711492e-07,7.07700483683537e-07,6.97620208204969e-07,6.87993355422832e-07,6.78806495469047e-07,6.70047161282885e-07,6.61703825712117e-07,6.53765893198225e-07,6.46223750124918e-07,6.39069056946056e-07,6.32296034763833e-07,6.25906820359337e-07,6.19933376339342e-07,6.14526414282549e-07,6.1031418042222e-07,6.09842412801551e-07,6.23323708535449e-07,6.91475646600987e-07,9.75744733101576e-07,2.10982151497008e-06,6.42306851109089e-06,1.96078169403382e-05,3.96790331410287e-05
1.51285662981765e-13,6.97438918491943e-13,3.08709386064443e-12,1.38151587073638e-11,6.23523949201282e-11,2.8319673079543e-10,1.29815972815617e-09,6.01880527131345e-09,2.36610523885375e-08,5.71842357824372e-08,7.69726205994174e-08,7.21065812156186e-08,6.3867009388652e-08,5.77705894716448e-08,5.27837707520865e-08,4.87158350482409e-08,4.53885261215981e-08,4.26606575975446e-08,4.04248701733766e-08,3.85970357845324e-08,3.71110161862265e-08,3.59143814791273e-08,3.49652761140857e-08,3.42300667594604e-08,3.36815621222971e-08,3.32976550167022e-08,3.30602778967948e-08,3.29545932604584e-08,3.2968361394139e-08,3.30914430491585e-08,3.33154055407833e-08,3.36332086863815e-08,3.40389528052843e-08,3.45276752881106e-08,3.50951854282711e-08,3.57379295916371e-08,3.64528805953502e-08,3.72374465270615e-08,3.80893952729307e-08,3.90067918178043e-08,3.99879459938843e-08,4.10313688291088e-08,4.21357360162781e-08,4.32998573133036e-08,4.45226509123795e-08,4.58031219954192e-08,4.71403448354439e-08,4.85334479169472e-08,4.99816016388697e-08,5.14840082365648e-08,5.30398936177866e-08,5.46485008552278e-08,5.63090851167696e-08,5.80209098461932e-08,5.97832440330485e-08,6.15953604318251e-08,6.34565346083871e-08,6.53660447065537e-08,6.73231718402669e-08,6.93272010274515e-08,7.13774225907986e-08,7.34731339585664e-08,7.56136418053372e-08,7.77982644786669e-08,8.00263346628687e-08,8.22972022359015e-08,8.46102372795764e-08,8.69648332071338e-08,8.93604099757389e-08,9.17964173546326e-08,9.42723382226146e-08,9.67876918712402e-08,9.93420372926178e-08,1.01934976433021e-07,1.04566157395673e-07,1.07235277578078e-07,1.09942086731107e-07,1.12686389928809e-07,1.15468050439464e-07,1.18286992489916e-07,1.21143203916551e-07,1.24036738697542e-07,1.2696771936214e-07,1.29936339273794e-07,1.32942864784858e-07,1.35987637261454e-07,1.39071074977839e-07,1.4219367488027e-07,1.45356014220951e-07,1.48558752063513e-07,1.51802630672596e-07,1.55088477136994e-07,1.58417216230601e-07,1.61790208215918e-07,1.65216812768779e-07,1.68842202856588e-07,1.7495266211237e-07,2.25684310984551e-07,9.66072891137348e-07,6.76502792132155e-06
0.933179977350013,0.31902505940819,0.0799696459179068,0.0330127882022179,0.0259798509572474,0.0250422810056086,0.0249720722332649,0.0249801044395868,0.0252456095347494,0.0245848508894058,0.0172091347652107,0.0067442407222541,0.0017736531888959,0.000672496727572452,0.000479297463990691,0.000422187226845998,0.000385202285076061,0.000351873254887114,0.000319970532211045,0.000289332750903117,0.000260083155789748,0.000232365605654987,0.000206303247849061,0.000181990683226097,0.000159491974879275,0.000138840440572358,0.000120039580770663,0.000103064953260154,8.78668389323575e-05,7.43735245720081e-05,6.24950131126405e-05,5.21269678539052e-05,4.31547047629653e-05,3.54570646233162e-05,2.89100221669761e-05,2.33899198336858e-05,1.8776246795202e-05,1.49539168851808e-05,1.18150299515171e-05,9.26012822968743e-06,7.19898148193884e-06,5.55095125263287e-06,4.24499554462547e-06,3.21938083460851e-06,2.42116924714004e-06,1.80554574058947e-06,1.33504427301661e-06,9.78724073830007e-07,7.11338245259371e-07,5.12527733908788e-07,3.66064871593229e-07,2.59162644755437e-07,1.81858908927122e-07,1.2647906863017e-07,8.71763217796168e-08,5.95453557859599e-08,4.03032505860923e-08,2.70301245434097e-08,1.79615703139603e-08,1.18249897869191e-08,7.71238563372109e-09,4.98286024875563e-09,3.18889579412345e-09,2.02135337849027e-09,1.2689717845358e-09,7.88924974708283e-10,4.85688929642639e-10,2.96061911317811e-10,1.78677504881057e-10,1.06752790797123e-10,6.31345600553472e-11,3.6956205193006e-11,2.14087036148245e-11,1.22722147147314e-11,6.96029425863664e-12,3.9051874238434e-12,2.16719289017477e-12,1.18937742778428e-12,6.45394665539298e-13,3.461962499583e-13,1.83530089730422e-13,9.61309897405389e-14,4.97345242593396e-14,2.54061320533145e-14,1.28093974531822e-14,6.37121191026721e-15,3.12445748981972e-15,1.50971328153338e-15,7.18170471383189e-16,3.35998814026263e-16,1.54411054653584e-16,6.95904688546315e-17,3.06926112976469e-17,1.32095908493758e-17,5.5255305040194e-18,2.23316922936108e-18,8.63980444871762e-19,3.14822487511412e-19,1.03804092041026e-19,2.72295263488681e-20
5.8666826600743e-13,6.169638613561e-12,6.17634108928495e-11,6.05034711182546e-10,5.80390471767269e-09,5.43709405404603e-08,5.07575007040436e-07,4.35434677568972e-06,2.41780084348074e-05,6.66638568993007e-05,9.28475028169572e-05,8.80028527256428e-05,7.99902654322738e-05,7.39906586388473e-05,6.84864133931293e-05,6.35919181110075e-05,5.92202161968953e-05,5.53014883583735e-05,5.17809802278447e-05,4.86101593264623e-05,4.57475278401775e-05,4.31572388798638e-05,4.08082606937335e-05,3.86736583147898e-05,3.67299890092522e-05,3.49567970582902e-05,3.33361884686093e-05,3.18524723038792e-05,3.04918573231811e-05,2.92421947084336e-05,2.80927593098175e-05,2.70340631707773e-05,2.60576961792234e-05,2.51561895755961e-05,2.43228987712339e-05,2.35519025230139e-05,2.28379159973048e-05,2.21762156577192e-05,2.15625742428778e-05,2.09932043751874e-05,2.04647095698201e-05,1.99740416029944e-05,1.95184633570813e-05,1.90955163925061e-05,1.87029926073735e-05,1.83389094389185e-05,1.80014881392907e-05,1.7689134724347e-05,1.74004232501215e-05,1.71340811192322e-05,1.68889761601346e-05,1.66641052571159e-05,1.64585843393288e-05,1.62716395639609e-05,1.61025995526706e-05,1.59508885624969e-05,1.58160204932904e-05,1.56975936540439e-05,1.55952862310468e-05,1.55088524223826e-05,1.54381192269144e-05,1.53829839029743e-05,1.53434121446023e-05,1.53194370648595e-05,1.53111591323987e-05,1.53187472892489e-05,1.53424416020034e-05,1.53825579943925e-05,1.54394959245146e-05,1.55137503818268e-05,1.56059304081215e-05,1.57167876778475e-05,1.5847260783304e-05,1.59985441710981e-05,1.61721957860467e-05,1.63703053643622e-05,1.6595757606681e-05,1.68526441493985e-05,1.71469113065828e-05,1.74873894328384e-05,1.78874608834011e-05,1.83678425947588e-05,1.89614013235371e-05,1.97218162134265e-05,2.07397076839726e-05,2.21734231115027e-05,2.43085882266033e-05,2.76736102369432e-05,3.32623942593646e-05,4.29586549558788e-05,6.03312633063115e-05,9.20969185683522e-05,0.000150754339537778,0.000259224143137847,0.000458834758574754,0.000822739525171329,0.00147725466706374,0.00261261406191231,0.00419890932520627,0.00479816777505757
0.353483952069908,0.234316877996693,0.119247122277608,0.0683928087568718,0.0494297557105315,0.0418720308264625,0.0382463530934596,0.0360137739147179,0.03438686632841,0.0322300326884002,0.0267763183871881,0.0198352820804335,0.0156509024933787,0.0139153424250418,0.0132009738834699,0.0128839901762718,0.0127404748164922,0.0126829338702214,0.0126726038560238,0.0126886638376656,0.0127171019503829,0.0127466199036075,0.0127671573473892,0.0127694367335102,0.012744922705282,0.0126859510700067,0.0125859184630533,0.0124394778124263,0.0122427081447257,0.011993239168867,0.0116903185922618,0.01133481593724,0.01092916165258,0.0104772247769892,0.00998413625915983,0.00945606813979131,0.00889998102507732,0.00832335354421324,0.00773390776529661,0.00713934389339125,0.0065470961047604,0.00596411924869178,0.00539671357657196,0.00485039185946597,0.00432979045275794,0.00383862326336258,0.00337967534145873,0.00295483107839408,0.0025651308158478,0.00221084907386619,0.00189158755077287,0.00160637645688792,0.00135377850645174,0.00113199088213581,0.000938941577262393,0.000772377598610217,0.000629943487476155,0.000509249428728401,0.000407928839059128,0.000323685757726354,0.00025433262962593,0.000197819209509102,0.000152253370525134,0.000115914609935285,8.72610407957282e-05,6.4930659623581e-05,4.77376932944211e-05,3.46648503151556e-05,2.48523223295787e-05,1.75843890535268e-05,1.22744630125663e-05,8.44936278030314e-06,5.73352362564655e-06,3.83374668100466e-06,2.5249602762362e-06,1.63733070850874e-06,1.04492564857574e-06,6.56011536611422e-07,4.04964084071383e-07,2.45692627956627e-07,1.46425702545524e-07,8.56752587476309e-08,4.91870191203293e-08,2.76899897359273e-08,1.52743608542957e-08,8.24945520797767e-09,4.35830202798097e-09,2.25003085077229e-09,1.13373759139095e-09,5.56755635070935e-10,2.66003778700842e-10,1.2337989173477e-10,5.54040033521458e-11,2.39999267076254e-11,9.97942103814456e-12,3.95491742040387e-12,1.477540616831e-12,5.10644707857877e-13,1.56294501626093e-13,3.7245138014209e-14
6.1540610829422e-14,2.83218464768298e-13,1.25122255635048e-12,5.58957466097993e-12,2.51886194961707e-11,1.142497800179e-10,5.23106477354267e-10,2.42295850230229e-09,9.51941756110159e-09,2.30026467617129e-08,3.096761311351e-08,2.90225661079828e-08,2.57196846844043e-08,2.32767587690307e-08,2.12790173597053e-08,1.96502128524512e-08,1.83189757029615e-08,1.72287521802419e-08,1.63365279122403e-08,1.5608587943845e-08,1.50184220176398e-08,1.45450115788688e-08,1.41715752471905e-08,1.38846267357071e-08,1.36732614516975e-08,1.35286120019856e-08,1.34434291421729e-08,1.34117567564494e-08,1.34286778647493e-08,1.34901146942949e-08,1.35926702094104e-08,1.37335016624599e-08,1.3910219051452e-08,1.41208030846677e-08,1.43635385275864e-08,1.46369597616038e-08,1.4939806102792e-08,1.52709849736424e-08,1.56295414358957e-08,1.60146329107349e-08,1.64255081577109e-08,1.6861489773499e-08,1.73219596191229e-08,1.78063466995144e-08,1.83141171096424e-08,1.88447657325949e-08,1.93978094312239e-08,1.99727815195688e-08,2.05692273357942e-08,2.11867007667756e-08,2.18247615972685e-08,2.24829735749958e-08,2.31609030979075e-08,2.38581184420539e-08,2.45741894585274e-08,2.53086876762388e-08,2.60611867542464e-08,2.68312632332485e-08,2.76184975408921e-08,2.84224752099298e-08,2.92427882721039e-08,3.00790367940672e-08,3.09308305247423e-08,3.17977906263434e-08,3.26795514638906e-08,3.35757624304625e-08,3.44860897877053e-08,3.54102185032477e-08,3.63478540686863e-08,3.7298724283717e-08,3.82625809937922e-08,3.9239201770395e-08,4.02283915246396e-08,4.12299840464287e-08,4.2243843462829e-08,4.32698656106678e-08,4.43079793195946e-08,4.53581476030093e-08,4.64203687553144e-08,4.749467735492e-08,4.85811451733018e-08,4.96798819912044e-08,5.07910363237706e-08,5.19147960569946e-08,5.30513889984205e-08,5.42010833454486e-08,5.53641880749851e-08,5.65410532584582e-08,5.77320703064532e-08,5.89376721475121e-08,6.0158333350001e-08,6.13945703294035e-08,6.2646946000621e-08,6.39162029366804e-08,6.5206255706506e-08,6.65749361427402e-08,6.89366863856267e-08,8.92597070392057e-08,3.87696625987445e-07,2.724470199183e-06
4.22095875475005e-13,2.84293759896396e-12,1.80370438147632e-11,1.13581244092121e-10,7.12071352389105e-10,4.43672061591896e-09,2.76766207377065e-08,1.69340430641418e-07,7.89403069650727e-07,2.06576474193438e-06,2.93062819613807e-06,2.936560078798e-06,2.808866630173e-06,2.71372974765654e-06,2.61877178856801e-06,2.52756619204283e-06,2.43988461527966e-06,2.35550436046089e-06,2.27431555555537e-06,2.19618563969491e-06,2.12099208830874e-06,2.04861716020799e-06,1.97894808490962e-06,1.91187686857202e-06,1.84730006496678e-06,1.78511857876218e-06,1.72523747331146e-06,1.66756578786607e-06,1.6120163631254e-06,1.55850567475612e-06,1.5069536745122e-06,1.45728363859232e-06,1.40942202289281e-06,1.36329832483079e-06,1.31884495142774e-06,1.27599709335943e-06,1.23469260469225e-06,1.19487188804004e-06,1.15647778488835e-06,1.11945547084589e-06,1.08375235559456e-06,1.04931798732085e-06,1.01610396142231e-06,9.84063833292721e-07,9.53153034999662e-07,9.23328795677094e-07,8.94550065464439e-07,8.66777442831777e-07,8.39973105138489e-07,8.14100742279918e-07,7.89125493283353e-07,7.65013885720847e-07,7.41733777812252e-07,7.19254303097129e-07,6.97545817559114e-07,6.7657984909085e-07,6.56329049191683e-07,6.36767146794187e-07,6.17868904119102e-07,5.99610074461585e-07,5.81967361814886e-07,5.64918382240602e-07,5.48441626897781e-07,5.32516426646232e-07,5.17122918142616e-07,5.02242011351301e-07,4.87855358395494e-07,4.73945323677978e-07,4.60494955204813e-07,4.47487957049616e-07,4.34908662900482e-07,4.22742010636202e-07,4.109735178832e-07,3.99589258509301e-07,3.88575840015093e-07,3.77920381788209e-07,3.67610494190081e-07,3.57634258448596e-07,3.47980207333747e-07,3.38637306596973e-07,3.29594937160518e-07,3.20842878059154e-07,3.12371290198018e-07,3.04170701242534e-07,2.96231992997613e-07,2.8854639691236e-07,2.81105520833662e-07,2.73901501210759e-07,2.66927662335995e-07,2.60181220074755e-07,2.53674192301132e-07,2.47477086312198e-07,2.41892822857208e-07,2.38145472133057e-07,2.41093432150549e-07,2.69853298065052e-07,3.98679133661428e-07,8.96054320171017e-07,2.3989954789961e-06,4.62472378707895e-06
3.96549612207088e-13,2.70103735407154e-12,1.7367204232799e-11,1.10871665677148e-10,7.04650432085273e-10,4.45026361034703e-09,2.81457179318474e-08,1.74448687162556e-07,8.1919082752239e-07,2.14564034150976e-06,3.02836487440521e-06,3.00226711351036e-06,2.83789698683904e-06,2.71161458625085e-06,2.58883277159766e-06,2.4730052025574e-06,2.36363070016963e-06,2.26022562456927e-06,2.16244755697259e-06,2.06994888813567e-06,1.98240984588921e-06,1.89953159238451e-06,1.82103511152531e-06,1.74665981965584e-06,1.67616223407086e-06,1.60931476551626e-06,1.5459045975019e-06,1.48573265069655e-06,1.42861262497675e-06,1.37437011298716e-06,1.32284177956836e-06,1.2738746018648e-06,1.22732516536036e-06,1.18305901148121e-06,1.14095003276466e-06,1.10087991192105e-06,1.06273760141559e-06,1.02641884047174e-06,9.91825706648744e-07,9.58866199376e-07,9.27453853037537e-07,8.97507377392736e-07,8.68950323296303e-07,8.41710771842454e-07,8.15721045206875e-07,7.90917437596113e-07,7.6723996483886e-07,7.44632131267979e-07,7.23040712646829e-07,7.02415553989363e-07,6.82709381211226e-07,6.63877625629239e-07,6.45878260399957e-07,6.28671648054784e-07,6.12220398350014e-07,5.96489235705716e-07,5.8144487555784e-07,5.67055908993998e-07,5.53292695085307e-07,5.40127260365081e-07,5.2753320494038e-07,5.15485614754948e-07,5.03960979552377e-07,4.9293711611678e-07,4.82393096395353e-07,4.72309180133281e-07,4.62666751676853e-07,4.53448260625795e-07,4.44637166040824e-07,4.36217883937567e-07,4.28175737823309e-07,4.2049691205859e-07,4.13168407851411e-07,4.06178001717496e-07,3.99514206265608e-07,3.93166233191884e-07,3.87123958391336e-07,3.81377889117665e-07,3.75919133144386e-07,3.70739369902007e-07,3.65830823593537e-07,3.61186238350087e-07,3.56798855690557e-07,3.52662395359851e-07,3.48771043979554e-07,3.45119469905329e-07,3.41702940473634e-07,3.38517855843402e-07,3.35563988958576e-07,3.32853696853657e-07,3.30449490407297e-07,3.28616385895776e-07,3.28436457289193e-07,3.34274961807399e-07,3.63625468657188e-07,4.86193927034551e-07,9.76842914348715e-07,2.84978485112592e-06,8.59182236609114e-06,1.73530141286201e-05
0.100254911993374,0.0930732366806746,0.0707473102405401,0.0580316483893003,0.0530674276772457,0.0515362036189428,0.0511743832808713,0.0509509628698729,0.0504599762576996,0.0484418224499387,0.0417820617440177,0.0323792394129313,0.0252727945470172,0.0209457667487981,0.0182146807151904,0.0163673446759857,0.0150349548632735,0.014017301158043,0.0132020269672368,0.0125239920031603,0.0119443377156835,0.0114393982323956,0.0109946440625956,0.0106012572053616,0.0102541110728084,0.0099505140583934,0.00968937433670396,0.00947060006061237,0.00929463370517374,0.00916206656606017,0.00907330674194643,0.00902829014438891,0.00902623371370826,0.00906543542597159,0.00914312811115757,0.00925539429397707,0.00939714771452261,0.00956218430935826,0.00974330165805778,0.00993248167362051,0.0101211271043543,0.0103003386790874,0.0104612168817931,0.0105951707151603,0.0106942156109884,0.0107512439218247,0.0107602540699184,0.010716528161695,0.0106167522882103,0.0104590783244359,0.0102431302858407,0.00996996171776525,0.00964197281644547,0.00926279682125495,0.00883716469896119,0.00837075550121079,0.00787003743710327,0.0073421021991491,0.00679449297027788,0.00623502529777048,0.00567159994830568,0.00511200801854894,0.00456373076897919,0.00403373944474817,0.00352830316159081,0.00305281513865787,0.00261164860447524,0.002208053227814,0.00184410083769342,0.00152068568999966,0.00123758006174678,0.000993541130761815,0.000786460611238473,0.00061354508506778,0.000471512849265236,0.000356792610057197,0.000265710456768552,0.000194653976310881,0.000140205689659724,9.92416950055702e-05,6.89949897838451e-05,4.70860044959444e-05,3.1525141153981e-05,2.06934499645771e-05,1.33080261911384e-05,8.37840423326656e-06,5.15937536858636e-06,3.10448943103938e-06,1.82323284156071e-06,1.04367678220278e-06,5.81374812819299e-07,3.14517057477326e-07,1.6482809702298e-07,8.34028534596856e-08,4.05637712398273e-08,1.88410261743026e-08,8.27552935437806e-09,3.37950489912983e-09,1.2307514646127e-09,3.50253282090371e-10
0.631601644856626,0.286827666783735,0.0917212537073177,0.0359905636907839,0.0232931230733712,0.0205626502847505,0.0200316732649699,0.0199714136714974,0.0201069881702932,0.0195850379366538,0.0155259720413277,0.00983514720736617,0.0068858982940792,0.00606318757304241,0.00586496234169585,0.00579978750946473,0.00575593005271959,0.00570789093018418,0.0056499493749246,0.00558103608527094,0.00550123045685513,0.00541093949959934,0.00531069936410072,0.00520112263303619,0.00508287990633275,0.00495668940911962,0.00482330841398103,0.00468352504046991,0.00453815013852537,0.00438800923544165,0.00423393458762025,0.00407675738837119,0.00391730018113506,0.00375636952395956,0.00359474894885769,0.00343319225984132,0.00327241721635632,0.00311309965456618,0.00295586810711924,0.00280129899200207,0.00264991245176288,0.00250216893435573,0.00235846661438245,0.00221913975667477,0.00208445812101081,0.00195462749550764,0.00182979142547641,0.00171003417349995,0.0015953849052703,0.00148582304540721,0.0013812846902818,0.00128166990411671,0.00118685066462297,0.00109667917016929,0.00101099617728372,0.000929639010305613,0.000852448878653516,0.00077927715458501,0.000709990306850418,0.000644473252498045,0.00058263097717123,0.000524388378192947,0.000469688397272248,0.000418488622126916,0.000370756639432113,0.000326464506302288,0.000285582766245349,0.000248074462530006,0.000213889594274947,0.000182960418559535,0.000155197928954833,0.000130489743500803,0.000108699522037148,8.96679140697179e-05,7.32149245121425e-05,5.91434854301549e-05,4.72439453380853e-05,3.72991391336235e-05,2.90896838925857e-05,2.23991578559948e-05,1.70188585419005e-05,1.2751895218808e-05,9.41644369070616e-06,6.84806956487207e-06,4.90110229801922e-06,3.44910981880746e-06,2.38457753903563e-06,1.61793320661722e-06,1.07607946740039e-06,7.0060017457661e-07,4.45796851875491e-07,2.76691671912912e-07,1.67106665529126e-07,9.78993681811636e-08,5.540600101835e-08,3.01170802832941e-08,1.55886655367776e-08,7.57167270752463e-09,3.3167529915077e-09,1.14159595290918e-09
9.52610376668859e-07,2.99091266039012e-06,8.48799265371899e-06,2.38993132323827e-05,6.69101158642453e-05,0.000185399737242847,0.000507412198410622,0.00137583840694364,0.0035208973842728,0.00692348766777974,0.00901853322028153,0.00887032236771445,0.00822269242887168,0.00765941075545171,0.00714639793023401,0.00667777914172608,0.00624944900131083,0.00585728646586475,0.00549771737057976,0.00516756083882855,0.00486398919152198,0.00458448406788449,0.00432679896249235,0.00408892672309588,0.00386907127997338,0.00366562302228767,0.00347713731209325,0.00330231570439263,0.00313998950496421,0.00298910535133251,0.00284871254758857,0.00271795192216601,0.00259604601025744,0.00248229039024912,0.00237604602713191,0.00227673249596018,0.0021838219756154,0.00209683391783842,0.00201533030910096,0.00193891145371002,0.00186721221584394,0.00179989866623073,0.00173666508608584,0.00167723128688792,0.00162134020972117,0.00156875577236542,0.00151926093616626,0.00147265596804862,0.00142875687591667,0.0013873939981703,0.00134841073021199,0.00131166237266288,0.00127701508758884,0.00124434495039227,0.0012135370861833,0.00118448488043719,0.00115708925460326,0.00113125799808927,0.00110690514873976,0.0010839504145989,0.00106231863044358,0.00104193924334251,0.00102274582239593,0.00100467558889743,0.000987668964490756,0.000971669136524561,0.000956621641780829,0.000942473972098433,0.000929175208142917,0.000916675690679521,0.000904926742173835,0.000893880455391007,0.000883489570044691,0.00087370746400505,0.000864488293627452,0.000855787332220007,0.000847561585578993,0.000839770829665811,0.000832379364496153,0.000825359112903117,0.000818695435986547,0.000812398665660148,0.000806527874092495,0.000801240898065529,0.000796900383156951,0.000794298196559281,0.000795126951146116,0.000802960498085516,0.000825267587848921,0.00087749050498366,0.000991183307175477,0.00122999128676009,0.00172049085570633,0.00271061727085644,0.00467816047045696,0.00852782436600807,0.0159332920767561,0.0296496389057491,0.0502330845562186,0.0601476992420033
3.71544788716845e-15,1.53967133488933e-14,6.01321396951666e-14,2.38719729236335e-13,9.65396381574636e-13,3.96747290236212e-12,1.65914730093483e-11,7.07532448837863e-11,2.63319041340922e-10,6.25878489877322e-10,8.54653619205154e-10,8.30525200113423e-10,7.63882421113084e-10,7.11712896746258e-10,6.65745731080556e-10,6.2551448649378e-10,5.90245133454012e-10,5.5924701726742e-10,5.31960002987648e-10,5.07908657273521e-10,4.8669153987685e-10,4.67968013269933e-10,4.51448055892156e-10,4.36883933691103e-10,4.24063375964418e-10,4.12803969102127e-10,4.02948530832362e-10,3.94361279609675e-10,3.86924650944296e-10,3.8053664215579e-10,3.75108590358489e-10,3.70563306926713e-10,3.6683350632709e-10,3.6386047886986e-10,3.61592966260516e-10,3.59986206322134e-10,3.59001119291794e-10,3.58603612971337e-10,3.5876398796843e-10,3.59456427482851e-10,3.6065855872085e-10,3.62351075172465e-10,3.64517410754464e-10,3.67143458277866e-10,3.70217325902344e-10,3.73729126236728e-10,3.7767079357317e-10,3.82035925432524e-10,3.86819645174792e-10,3.92018482911033e-10,3.97630272358162e-10,4.03654061618868e-10,4.1009003615629e-10,4.16939452476093e-10,4.24204581234414e-10,4.31888658664937e-10,4.39995845367111e-10,4.4853119162437e-10,4.57500608529595e-10,4.66910844287923e-10,4.76769465146658e-10,4.87084840470567e-10,4.97866131539888e-10,5.09123283699363e-10,5.20867021530769e-10,5.33108846759642e-10,5.4586103864021e-10,5.59136656591471e-10,5.72949544882638e-10,5.87314339188313e-10,6.02246474853069e-10,6.17762196722152e-10,6.3387857040994e-10,6.5061349489098e-10,6.67985716309991e-10,6.86014842917476e-10,7.04721361046581e-10,7.24126652054848e-10,7.44253010161446e-10,7.65123661116723e-10,7.86762781646193e-10,8.09195519615881e-10,8.32448014869955e-10,8.5654742069506e-10,8.81521925868731e-10,9.07400777251635e-10,9.34214302885449e-10,9.6199393555959e-10,9.90772236811629e-10,1.02058292133785e-09,1.05146088205421e-09,1.08344222254212e-09,1.11656446688952e-09,1.15087110521385e-09,1.1865106679909e-09,1.22565691804e-09,1.3101177488691e-09,2.26708065555431e-09,1.55799111140383e-08,1.07128436148673e-07
4.48149232973165e-13,2.03473084910872e-12,8.85823420141603e-12,3.90688922542426e-11,1.74207052874567e-10,7.83472937423265e-10,3.56337265841652e-09,1.64234629895892e-08,6.43430195754705e-08,1.55260979461745e-07,2.08747059765779e-07,1.9514578272239e-07,1.7223139498463e-07,1.55049105154514e-07,1.40838773521098e-07,1.29103878321804e-07,1.19372507035275e-07,1.11266620261211e-07,1.04496005083196e-07,9.88311542676339e-08,9.40900335244541e-08,9.01270858798354e-08,8.68251062608155e-08,8.40890872212833e-08,8.18415222217013e-08,8.00187959355069e-08,7.85683890502193e-08,7.74466986294345e-08,7.66173269799068e-08,7.60497296207549e-08,7.57181403731273e-08,7.56007117141075e-08,7.5678823414634e-08,7.59365235514054e-08,7.63600742748704e-08,7.69375809657655e-08,7.76586881525732e-08,7.85143291776969e-08,7.9496519373328e-08,8.05981846465804e-08,8.18130190312653e-08,8.31353660551961e-08,8.45601197829332e-08,8.60826421890404e-08,8.76986941451508e-08,8.94043778027139e-08,9.11960885507096e-08,9.30704750457921e-08,9.50244060682013e-08,9.70549431634634e-08,9.91593181976497e-08,1.01334915090746e-07,1.035792551048e-07,1.05889985155875e-07,1.08264868695405e-07,1.10701778770311e-07,1.13198692924766e-07,1.15753689651657e-07,1.18364946140175e-07,1.2103073709879e-07,1.2374943446118e-07,1.26519507807194e-07,1.29339525352335e-07,1.32208155378053e-07,1.35124167991731e-07,1.38086437119956e-07,1.41093942651783e-07,1.44145772660416e-07,1.47241125642216e-07,1.50379312721373e-07,1.53559759777019e-07,1.56782009457135e-07,1.60045723050432e-07,1.63350682193414e-07,1.66696790395299e-07,1.7008407436822e-07,1.73512685154436e-07,1.76982899045921e-07,1.80495118295003e-07,1.8404987161744e-07,1.87647814491708e-07,1.91289729260241e-07,1.94976525039952e-07,1.98709237450665e-07,2.0248902817104e-07,2.06317184332288e-07,2.10195117760385e-07,2.14124364077753e-07,2.18106581675375e-07,2.22143550566788e-07,2.26237171153382e-07,2.30389463480795e-07,2.34602584326134e-07,2.38879342850793e-07,2.43234658570433e-07,2.47888911256136e-07,2.56298809974495e-07,3.30962304626145e-07,1.39908042214207e-06,9.52360465074808e-06
0.116286593921299,0.0994262100596147,0.070352434501319,0.0554382121649569,0.0499562695341471,0.04830466036221,0.0478890732334404,0.0476264948460085,0.0471273047674592,0.0450052735598078,0.0377170186892584,0.0274391160361988,0.019868521193571,0.0154248116602553,0.0126988970467065,0.0108900456939139,0.0096048709006441,0.00863747318857344,0.00787449367437983,0.00725020338440624,0.00672449575230257,0.00627167915099182,0.00587454118881882,0.00552107994769529,0.00520263379786637,0.0049127715032288,0.00464661057497044,0.00440038531180758,0.00417116527008412,0.00395666714042123,0.00375512617439303,0.00356520638440493,0.00338593633459657,0.00321666187329054,0.00305700993857955,0.00290685932547935,0.00276631544994025,0.00263568692374228,0.00251546230940383,0.00240628584386795,0.00230893125856999,0.0022242731157277,0.0021532553475816,0.00209685693957859,0.0020560549469857,0.00203178527966832,0.00202490193090183,0.00203613555936298,0.00206605255252284,0.00211501589569897,0.00218314933271518,0.00227030641769291,0.00237604610679477,0.00249961650545973,0.00263994825099525,0.00279565875217245,0.00296506810822715,0.00314622697565136,0.00333695593763353,0.003534895067754,0.00373756139726488,0.00394241095215443,0.00414690101330475,0.00434854739688964,0.00454497101190961,0.00473392790898144,0.00491331767325473,0.00508116649091594,0.00523558362218381,0.00537469332092561,0.0054965482738509,0.00559903502635946,0.00567978606015422,0.00573611646828971,0.00576500472468561,0.00576313608519857,0.0057270230913652,0.00565321024303949,0.00553855945004347,0.00538060027596012,0.00517791578651302,0.00493052304956428,0.00464019927958596,0.00431070240508646,0.00394783999467412,0.00355935351188852,0.00315460495305593,0.00274407780748225,0.00233873049247709,0.00194926375263727,0.00158537976570823,0.00125511649049663,0.000964334348433393,0.000716413981947801,0.000512196153091165,0.000350161916855393,0.000226816141485029,0.000137086570438512,7.40156294373111e-05,3.07390819695817e-05
1.10769413080561,0.292069029613104,0.0703136376030723,0.0403523286653544,0.0373395324719186,0.0370336864572598,0.036992438295251,0.0368455246938119,0.037192348238233,0.0368986917026113,0.0256567566315884,0.0089254274920551,0.00145138563002437,0.000135616102697996,1.08524849768009e-05,8.87297693727945e-07,7.22189491685466e-08,5.85314180582116e-09,4.72965150240839e-10,3.80871062713138e-11,3.05684640863373e-12,2.44519147760398e-13,1.94937200050627e-14,1.54888635569764e-15,1.22655536167844e-16,9.68049251869718e-18,7.61465731748926e-19,5.96960780764406e-20,4.6642699821507e-21,3.63215126815138e-22,2.81894408897398e-23,2.18047549587846e-24,1.6809627879007e-25,1.29153761248312e-26,9.89003932703302e-28,7.54798300127918e-29,5.74123969100639e-30,4.35233437311627e-31,3.28836929964461e-32,2.47617112515916e-33,1.85832891073623e-34,1.389975343956e-35,1.03618561706771e-36,7.69890207819618e-38,5.70223534701878e-39,4.21272987489916e-40,3.11291147863301e-41,2.32705428044121e-42,1.84054316942215e-43,1.77336208464516e-44,2.61225010650827e-45,5.91065159580929e-46,1.63612872886073e-46,4.78657830506433e-47,1.41146484519652e-47,4.14402703204408e-48,1.20775337145537e-48,3.4915549915312e-49,1.00106976525819e-49,2.84637367668946e-50,8.02588000365986e-51,2.24419642236003e-51,6.2228799471281e-52,1.71111499889936e-52,4.66572182004123e-53,1.26155071693841e-53,3.38244576940677e-54,8.99271572203567e-55,2.37070755097889e-55,6.19704849766683e-56,1.6062151535797e-56,4.12786896287539e-57,1.05182166403041e-57,2.65730923204256e-58,6.65601855763002e-59,1.6529007384644e-59,4.06934654793049e-60,9.93189654224622e-61,2.40298447389623e-61,5.7631487072221e-62,1.37004246285054e-62,3.22808020162595e-63,7.53799144788936e-64,1.74431693230792e-64,3.99945661200084e-65,9.08482142484872e-66,2.04402981795475e-66,4.55411024318808e-67,1.00442869393482e-67,2.19197275079032e-68,4.73015032284625e-69,1.00842427481207e-69,2.12109245560738e-70,4.3928166919812e-71,8.92906817350803e-72,1.77197657153337e-72,3.40153943938793e-73,6.20478947414627e-74,1.03151385345024e-74,1.38782710978646e-75
3.07070419298498e-12,2.118948492663e-11,1.38408146470341e-10,8.98001143509732e-10,5.80005794196614e-09,3.72188149937056e-08,2.39241216986681e-07,1.50564632646296e-06,7.1310365899943e-06,1.86899663866878e-05,2.61905344246031e-05,2.55832954648896e-05,2.37851388768815e-05,2.23779069571647e-05,2.10470970903383e-05,1.98174965042515e-05,1.86799713448113e-05,1.76259485191174e-05,1.66486222612504e-05,1.57415776084114e-05,1.48990317703227e-05,1.41157291102205e-05,1.33868916325979e-05,1.27081719366782e-05,1.20756107341709e-05,1.14855990601375e-05,1.09348444125283e-05,1.04203404246866e-05,9.93933967295212e-06,9.48932927367146e-06,9.06800896423768e-06,8.67327139809119e-06,8.30318441476974e-06,7.95597507342855e-06,7.63001526229618e-06,7.32380871769655e-06,7.03597930491466e-06,6.76526042962746e-06,6.51048546313493e-06,6.27057907744818e-06,6.04454939762786e-06,5.83148088879881e-06,5.63052790415358e-06,5.44090882813459e-06,5.26190075597526e-06,5.09283465698749e-06,4.93309097450054e-06,4.78209562026464e-06,4.63931632550272e-06,4.50425931468853e-06,4.37646627160264e-06,4.25551157031843e-06,4.14099974654015e-06,4.03256318719159e-06,3.92986001836955e-06,3.83257217376004e-06,3.74040362739226e-06,3.65307877619805e-06,3.57034095927298e-06,3.4919511020157e-06,3.41768647447176e-06,3.34733955423859e-06,3.28071698521301e-06,3.21763862429204e-06,3.15793666888126e-06,3.10145485873144e-06,3.04804774622136e-06,2.99758002974076e-06,2.94992594530679e-06,2.90496871197832e-06,2.86260002701999e-06,2.82271960711648e-06,2.78523477225321e-06,2.75006006916675e-06,2.71711693153053e-06,2.68633337428411e-06,2.65764371974041e-06,2.63098835332002e-06,2.60631350697412e-06,2.58357106859484e-06,2.56271841608568e-06,2.5437182757498e-06,2.52653860829108e-06,2.5111525407826e-06,2.49753842694921e-06,2.4856803907561e-06,2.47557086652171e-06,2.46722154821323e-06,2.46070979172897e-06,2.45637398962458e-06,2.45563222531571e-06,2.46439680373943e-06,2.50725063394352e-06,2.6860342114055e-06,3.42085630456649e-06,6.43677887940301e-06,1.87537224307688e-05,6.71795782877958e-05,0.000220475668542236,0.000463789443197712
1.1061643038354e-13,4.75668155516026e-13,1.94400244293194e-12,8.07449773471671e-12,3.4086789817265e-11,1.45879853469943e-10,6.34047207564514e-10,2.80447023786517e-09,1.0697513219985e-08,2.56030773334599e-08,3.4651678675662e-08,3.29535732899929e-08,2.95929961039602e-08,2.69919873097458e-08,2.47618118551783e-08,2.28562736354414e-08,2.12228740471878e-08,1.98172226444746e-08,1.86040510945583e-08,1.75543769882086e-08,1.6644404046397e-08,1.58544770506683e-08,1.51682832111507e-08,1.45722213204165e-08,1.40549010743888e-08,1.36067439086157e-08,1.32196630296908e-08,1.28868056637973e-08,1.26023444190789e-08,1.23613076134743e-08,1.21594406661925e-08,1.19930923695151e-08,1.18591211790433e-08,1.17548176816036e-08,1.1677840192872e-08,1.16261610552887e-08,1.15980216915435e-08,1.15918948504484e-08,1.16064527836336e-08,1.16405403309384e-08,1.16931520832172e-08,1.17634129440019e-08,1.18505615341404e-08,1.1953935982446e-08,1.20729617254376e-08,1.22071410042481e-08,1.23560437997479e-08,1.25192999902294e-08,1.26965925515194e-08,1.28876516486061e-08,1.30922494919872e-08,1.33101958519069e-08,1.35413341402246e-08,1.37855379834506e-08,1.40427082220028e-08,1.43127702803731e-08,1.45956718609819e-08,1.48913809213005e-08,1.51998838995571e-08,1.55211841591901e-08,1.58553006263228e-08,1.62022665980169e-08,1.65621287020328e-08,1.69349459913552e-08,1.7320789158904e-08,1.77197398597036e-08,1.81318901293718e-08,1.85573418891552e-08,1.89962065289153e-08,1.94486045604837e-08,1.99146653346812e-08,2.03945268160566e-08,2.08883354100584e-08,2.13962458379236e-08,2.19184210550664e-08,2.24550322091803e-08,2.30062586346433e-08,2.35722878801463e-08,2.41533157667482e-08,2.47495464738101e-08,2.53611926504798e-08,2.59884755505829e-08,2.66316251889414e-08,2.72908805172833e-08,2.79664896180235e-08,2.86587099143047e-08,2.93678083947697e-08,3.00940618516166e-08,3.08377571305511e-08,3.15991913914911e-08,3.23786723837311e-08,3.31765188667563e-08,3.3993064742573e-08,3.48287580871445e-08,3.56863057684138e-08,3.66089298759026e-08,3.83466999931977e-08,5.49839363055742e-08,2.85202329941319e-07,1.91990706905377e-06
7.29625212098709e-11,4.84729123397964e-10,3.04876612232297e-09,1.90536184465543e-08,1.18547541288515e-07,7.32844295711251e-07,4.53450930150978e-06,2.75719297755267e-05,0.000127975826903963,0.000332255283241208,0.000462260109067833,0.000446710991462716,0.000409807745878953,0.000380773860149498,0.000354002393852831,0.000329735661541536,0.000307701784332177,0.00028764979157445,0.000269374814311397,0.00025269238702751,0.000237440144463984,0.000223474376666338,0.00021066770647098,0.000198907048441106,0.00018809183788026,0.000178132500506673,0.000168949124783424,0.000160470308629756,0.00015263215585833,0.000145377401452786,0.000138654647901681,0.000132417697418561,0.000126624967087067,0.000121238975838277,0.000116225893750672,0.000111555145507043,0.000107199060985286,0.000103132566933168,9.93329145073119e-05,9.57794381659103e-05,9.24533420116645e-05,8.93375102016934e-05,8.64163384877331e-05,8.36755843338889e-05,8.11022333897665e-05,7.8684380381849e-05,7.64111227321256e-05,7.42724654258277e-05,7.22592358344531e-05,7.03630073601087e-05,6.85760309060172e-05,6.6891173298738e-05,6.53018618927666e-05,6.38020346798202e-05,6.23860953051317e-05,6.10488724630166e-05,5.97855832052008e-05,5.85917997490455e-05,5.74634194198794e-05,5.6396637402994e-05,5.53879220172205e-05,5.44339922540136e-05,5.35317973541747e-05,5.26784982192278e-05,5.18714504764321e-05,5.11081890358314e-05,5.03864139949259e-05,4.97039777617662e-05,4.90588732807695e-05,4.84492232575466e-05,4.78732702896971e-05,4.73293678200367e-05,4.6815971837229e-05,4.63316332564089e-05,4.58749909192436e-05,4.54447651590685e-05,4.50397518823506e-05,4.46588171228759e-05,4.43008920298895e-05,4.39649682564332e-05,4.36500937213057e-05,4.33553687357903e-05,4.30799425504087e-05,4.28230106406927e-05,4.25838141670549e-05,4.23616477836729e-05,4.2155902061921e-05,4.19662516919127e-05,4.17934582095562e-05,4.16427571240035e-05,4.15380801364228e-05,4.15815555625258e-05,4.22015978079902e-05,4.51839088504883e-05,5.7941987791259e-05,0.000111144289607054,0.00033067850317244,0.00120207861724128,0.00398690070573416,0.00845633715647904
9.7872639879274e-14,6.62860282071242e-13,4.23338554372419e-12,2.6838643745809e-11,1.69390132342015e-10,1.0624094696452e-09,6.67176316608311e-09,4.10764712040477e-08,1.9216335703093e-07,5.03127569775501e-07,7.12187160624963e-07,7.10341673011406e-07,6.76064230478144e-07,6.50208346258995e-07,6.24781391148933e-07,6.00624386850611e-07,5.77650648197197e-07,5.5577642111663e-07,5.34948116800884e-07,5.15108695001063e-07,4.96205544485605e-07,4.78189045830853e-07,4.6101247690744e-07,4.44631836898535e-07,4.29005671222764e-07,4.14094913480663e-07,3.99862736854184e-07,3.86274415527933e-07,3.73297195274264e-07,3.60900172566717e-07,3.49054181628787e-07,3.37731688865431e-07,3.26906694166073e-07,3.16554638604972e-07,3.06652318099219e-07,2.97177802616482e-07,2.88110360553944e-07,2.79430387937078e-07,2.71119342112014e-07,2.63159679628505e-07,2.55534798032006e-07,2.4822898130331e-07,2.41227348702659e-07,2.34515806792338e-07,2.28081004427682e-07,2.21910290521139e-07,2.15991674397745e-07,2.10313788573112e-07,2.04865853796883e-07,1.99637646215627e-07,1.94619466519474e-07,1.89802110946338e-07,1.85176844026556e-07,1.80735372959078e-07,1.76469823518149e-07,1.72372717396648e-07,1.68436950898981e-07,1.6465577490272e-07,1.61022776013919e-07,1.57531858846453e-07,1.54177229360598e-07,1.50953379200627e-07,1.47855070975277e-07,1.44877324428694e-07,1.4201540345282e-07,1.39264803895185e-07,1.36621242118791e-07,1.34080644273137e-07,1.31639136237549e-07,1.29293034199878e-07,1.27038835835275e-07,1.24873212051257e-07,1.22792999266655e-07,1.20795192193262e-07,1.18876937090241e-07,1.17035525462492e-07,1.15268388175357e-07,1.13573089959278e-07,1.1194732427948e-07,1.10388908548061e-07,1.08895779661765e-07,1.0746598986937e-07,1.06097703055065e-07,1.04789191863092e-07,1.03538837487803e-07,1.02345139709445e-07,1.01206768329734e-07,1.00122783214721e-07,9.90935395066212e-08,9.81243646330072e-08,9.72403921560366e-08,9.654607278147e-08,9.64626701553727e-08,9.86711473509542e-08,1.09836192239237e-07,1.5623365067782e-07,3.40410892220266e-07,1.03718669562736e-06,3.15634925839891e-06,6.3643133998582e-06
6.94230173890862e-06,1.96420885795237e-05,5.02826993274737e-05,0.000126859024358959,0.000313764431526163,0.000754794146673019,0.00175997538550037,0.00398085117355755,0.00852956996399893,0.0149855869715071,0.0187763832294415,0.0184425941658098,0.0171559009506779,0.016036895295792,0.0150423344651798,0.0141513910448419,0.0133505106317902,0.0126275694158068,0.0119724314296744,0.0113765075800934,0.0108324957165016,0.0103341632432628,0.00987617059839368,0.00945392706451761,0.00906347242063381,0.00870137938038066,0.00836467282162041,0.00805076264192231,0.00775738771936267,0.00748256896244545,0.00722456982917551,0.0069818630079423,0.00675310220058023,0.00653709814505321,0.00633279817265169,0.00613926872087077,0.00595568032484042,0.00578129469243271,0.00561545353499327,0.00545756888019137,0.0053071146382494,0.00516361922976905,0.00502665911408383,0.00489585308277601,0.00477085720467987,0.00465136032712176,0.00453708005391474,0.00442775913418004,0.00432316220773299,0.00422307286276947,0.00412729097004977,0.00403563026476297,0.00394791615277348,0.00386398372198494,0.00378367594209597,0.00370684203711733,0.00363333601486483,0.00356301533669673,0.00349573970996482,0.00343136998674171,0.00336976715848526,0.00331079145278735,0.00325430157434481,0.00320015420292115,0.00314820399095038,0.0030983045315698,0.00305031115412324,0.00300408703676053,0.00295951512794997,0.00291651990077149,0.0028751052127266,0.0028354176889023,0.00279784918502468,0.00276319690113096,0.00273290506540525,0.00270941654702099,0.00269666402035247,0.00270072483758738,0.00273064669348689,0.00279941672131756,0.00292498942506455,0.00313120604350288,0.00344833280001112,0.00391283141624322,0.00456587958894578,0.00545012465794436,0.00660423550110946,0.00805507258147015,0.00980776337200482,0.0118346454971547,0.0140648463525106,0.0163770383598927,0.0185983893392725,0.020512617316798,0.0218790939784542,0.0224629896292748,0.0220718552300322,0.0205400553850297,0.0172664539748079,0.0109652338245284
5.30633532408902e-14,2.25836742730315e-13,9.1129235218834e-13,3.73608076027837e-12,1.5570824119991e-11,6.58049463609489e-11,2.82477050105425e-10,1.23426833557183e-09,4.66904411254283e-09,1.11519064697895e-08,1.51538684586973e-08,1.45482622545508e-08,1.32103736115609e-08,1.21780643964361e-08,1.12895129202754e-08,1.0528589056105e-08,9.87550070484562e-09,9.3133392179181e-09,8.82863196179259e-09,8.41024136461310e-09,8.04897765486858e-09,7.73721398624225e-09,7.46859207036458e-09,7.23778827914537e-09,7.0403269919712e-09,6.87243101008296e-09,6.7309010347313e-09,6.61301809834302e-09,6.51646420691124e-09,6.43925750313657e-09,6.3796990629948e-09,6.33632905582015e-09,6.30789047503428e-09,6.2932990169888e-09,6.29161797424669e-09,6.30203723595663e-09,6.32385566609085e-09,6.35646627108998e-09,6.39934368017541e-09,6.45203355060319e-09,6.51414358132923e-09,6.5853358757131e-09,6.66532043993937e-09,6.75384964106847e-09,6.85071347883256e-09,6.95573554987243e-09,7.06876960318002e-09,7.18969660194503e-09,7.31842222050287e-09,7.45487471620194e-09,7.59900312519804e-09,7.75077573879922e-09,7.91017882331619e-09,8.07721555165481e-09,8.2519051193061e-09,8.43428202110134e-09,8.6243954682295e-09,8.8223089276637e-09,9.02809976839704e-09,9.24185900081408e-09,9.46369109717888e-09,9.69371388264975e-09,9.93205848747256e-09,1.01788693520908e-08,1.04343042778644e-08,1.06985345169357e-08,1.09717448955299e-08,1.12541339656537e-08,1.15459141807582e-08,1.18473120914791e-08,1.21585685580629e-08,1.24799389765371e-08,1.28116935160929e-08,1.315411736552e-08,1.35075109868749e-08,1.38721903748701e-08,1.42484873207532e-08,1.46367496796955e-08,1.50373416409352e-08,1.54506440001235e-08,1.58770544334959e-08,1.63169877736479e-08,1.67708762868221e-08,1.72391699517284e-08,1.77223367400033e-08,1.82208628984877e-08,1.87352532335486e-08,1.92660313977038e-08,1.9813740178828e-08,2.03789417923564e-08,2.09622181805278e-08,2.15641714180962e-08,2.21854268702151e-08,2.28267066586267e-08,2.34904521457101e-08,2.42115664019229e-08,2.56445070151947e-08,4.08703646891286e-08,2.58021776373347e-07,1.80738202460551e-06
2.27132270609562e-05,5.71547910081094e-05,0.000129313898787891,0.000289635358251342,0.000638372701806538,0.00137072583624595,0.00285461568865081,0.00576361325699535,0.0111059611390846,0.0181703835334929,0.0220989193305855,0.0215248066436084,0.0199175616194865,0.0185190885391879,0.0172890901934455,0.0161978200814869,0.0152255323666667,0.0143551421639776,0.0135724990170262,0.0128657601893613,0.0122249719924057,0.0116417308725631,0.0111089116947499,0.0106204486928175,0.0101711579452774,0.0097565927927064,0.00937292551530276,0.00901685004813966,0.00868550163124993,0.00837639015568901,0.00808734463677963,0.00781646676789148,0.00756209191691397,0.00732275624910473,0.00709716891400167,0.00688418843561832,0.00668280260571372,0.00649211130838717,0.00631131180742701,0.00613968611103537,0.00597659009588637,0.00582144412718057,0.00567372495597842,0.00553295871164456,0.00539871483732783,0.00527060084134901,0.0051482577582543,0.00503135623104092,0.00491959314148935,0.00481268872939657,0.00471038415452615,0.00461243946800463,0.00451863197346306,0.00442875497326246,0.00434261691255018,0.00426004095471311,0.00418086504733312,0.00410494256985049,0.00403214369566115,0.0039623576570573,0.00389549617928186,0.00383149846335204,0.00377033826764855,0.00371203389827266,0.0036566623146462,0.00360437915140927,0.0035554473224999,0.00351027807708588,0.00346948995553561,0.00343399299828528,0.00340510758059329,0.00338472890654077,0.00337554864329426,0.00338134309017403,0.00340733085647514,0.00346059014259289,0.00355050434638003,0.00368917366413806,0.003891690400377,0.00417613094177526,0.00456307649551149,0.00507445171944418,0.00573148383962358,0.00655165508437842,0.00754466494748377,0.00870764118607671,0.010020124571992,0.0114396597705919,0.0128990813977183,0.0143066961177342,0.0155504309505915,0.0165065733585603,0.0170529602006561,0.0170854619107473,0.0165355404264881,0.0153857930911357,0.013679185296795,0.0114948256664805,0.00872799351747883,0.00504848393698557
1.66209543601401e-14,1.10911818323296e-13,6.95959377019132e-13,4.33285621376484e-12,2.68539792881122e-11,1.65415066745806e-10,1.01982822812327e-09,6.17074677150942e-09,2.85839222074903e-08,7.47571503110828e-08,1.06596970101144e-07,1.07944374609469e-07,1.04495707668699e-07,1.02133722145533e-07,9.97101933650074e-08,9.73570885004408e-08,9.50692537880882e-08,9.28419677274921e-08,9.06743230871753e-08,8.85644537908862e-08,8.65107118661914e-08,8.45114844032462e-08,8.25652075177057e-08,8.06703656148663e-08,7.88254892023776e-08,7.70291535568606e-08,7.52799772691423e-08,7.35766208606271e-08,7.19177854442698e-08,7.03022114297593e-08,6.87286772716215e-08,6.71959982585438e-08,6.57030253424035e-08,6.42486440055042e-08,6.28317731645538e-08,6.14513641099608e-08,6.01063994790523e-08,5.87958922618566e-08,5.75188848381212e-08,5.62744480442777e-08,5.50616802690998e-08,5.38797065768454e-08,5.27276778567213e-08,5.16047699975612e-08,5.05101830866736e-08,4.94431406318815e-08,4.84028888058607e-08,4.73886957119693e-08,4.63998506708615e-08,4.54356635272862e-08,4.44954639765889e-08,4.3578600910558e-08,4.26844417823849e-08,4.18123719906387e-08,4.09617942822868e-08,4.01321281749211e-08,3.93228093984698e-08,3.85332893567871e-08,3.77630346096128e-08,3.70115263754755e-08,3.62782600561848e-08,3.55627447835994e-08,3.48645029893909e-08,3.41830699985281e-08,3.35179936471945e-08,3.28688339258175e-08,3.22351626478393e-08,3.16165631447793e-08,3.10126299880542e-08,3.04229687379034e-08,2.98471957196316e-08,2.92849378272152e-08,2.87358323541226e-08,2.81995268509615e-08,2.76756790092832e-08,2.71639565705405e-08,2.66640372587964e-08,2.61756087353281e-08,2.56983685727674e-08,2.52320242459492e-08,2.47762931365565e-08,2.43309025503353e-08,2.38955897548764e-08,2.34701020860772e-08,2.3054197337168e-08,2.26476453177212e-08,2.22502341844949e-08,2.18617960208351e-08,2.14823094758745e-08,2.1112309053518e-08,2.07545080410182e-08,2.0420199510885e-08,2.0154370983477e-08,2.01337337648132e-08,2.10473829280965e-08,2.55665030544771e-08,4.39313008417472e-08,1.12807784740488e-07,3.18600974474617e-07,6.22053912264169e-07
5.02489069443991e-14,2.09167592869839e-13,8.21497784309363e-13,3.27999331428501e-12,1.33385999651678e-11,5.51135343961188e-11,2.31691838934329e-10,9.93088499190416e-10,3.70887834431232e-09,8.82334955388817e-09,1.2028747840676e-08,1.16440669824391e-08,1.06614368812525e-08,9.89008639481078e-09,9.21135963713155e-09,8.61763671467431e-09,8.09716929309568e-09,7.63953713430654e-09,7.23629393890897e-09,6.8802905969291e-09,6.56550329309011e-09,6.28683087472168e-09,6.03993815423586e-09,5.82112818786422e-09,5.62723790995341e-09,5.45555261370111e-09,5.30373556719772e-09,5.16976987075206e-09,5.05191024858201e-09,4.94864293474375e-09,4.85865217903616e-09,4.780792187119e-09,4.71406353752398e-09,4.65759329980594e-09,4.61061822294905e-09,4.57247047915772e-09,4.54256554140621e-09,4.52039184832889e-09,4.50550197090195e-09,4.49750504479603e-09,4.49606027254969e-09,4.50087133262659e-09,4.51168155940347e-09,4.52826978032556e-09,4.55044671476776e-09,4.57805185427774e-09,4.61095075643414e-09,4.64903269499648e-09,4.69220861773387e-09,4.74040937060241e-09,4.79358415304637e-09,4.85169917432857e-09,4.91473648511775e-09,4.98269296220928e-09,5.05557942734449e-09,5.13341988371286e-09,5.21625085594788e-09,5.30412082132347e-09,5.39708972147629e-09,5.49522854536256e-09,5.59861897534311e-09,5.70735308930715e-09,5.8215331126185e-09,5.94127121441978e-09,6.06668934347718e-09,6.19791909930699e-09,6.33510163480623e-09,6.47838758702583e-09,6.62793703308398e-09,6.78391946852673e-09,6.94651380571087e-09,7.1159083900141e-09,7.29230103187633e-09,7.47589905284592e-09,7.66691934395054e-09,7.86558843483693e-09,8.07214257222916e-09,8.28682780634438e-09,8.50990008397982e-09,8.74162534704678e-09,8.98227963537845e-09,9.23214919268047e-09,9.49153057452574e-09,9.76073075732112e-09,1.00400672471943e-08,1.03298681877632e-08,1.06304724657616e-08,1.09422298135022e-08,1.12655009071675e-08,1.16006574600379e-08,1.19480823125642e-08,1.23081695902658e-08,1.2681326742353e-08,1.30680228045925e-08,1.34698345409641e-08,1.39092179013893e-08,1.48039590117621e-08,2.42507168719486e-08,1.5400078911358e-07,1.04503607185463e-06
0.0176502118486345,0.0200596400061684,0.0202406576815558,0.0222322785141518,0.026022272065581,0.0309287608457966,0.0364477875311117,0.0421846908029462,0.0477770554896641,0.0511125631546986,0.047093839993262,0.037458609506422,0.0290878311524061,0.0234278712839332,0.0195272561261344,0.0167269703646425,0.0146443064301533,0.0130451808330616,0.0117822788316956,0.0107601333765834,0.00991511375122487,0.00920366165343992,0.00859520169279305,0.0080677641638137,0.00760521807522069,0.00719548190729749,0.00682934116771975,0.00649965060455148,0.00620078528643269,0.00592825587620852,0.00567843427283067,0.00544835476646125,0.00523556773156569,0.0050380304544207,0.00485402459964575,0.0046820930541177,0.00452099105056073,0.00436964794279021,0.00422713701696506,0.00409265142999557,0.00396548486603389,0.00384501585967266,0.00373069499343754,0.00362203436668939,0.00351859887320854,0.00341999892941011,0.00332588437406142,0.00323593932042922,0.00314987778789883,0.00306743997583577,0.00298838907039631,0.00291250849704415,0.00283959954911527,0.00276947933696478,0.00270197901386195,0.00263694224456027,0.00257422389099168,0.00251368889751148,0.00245521136646977,0.00239867382499712,0.00234396669802787,0.00229098802450593,0.00223964348964581,0.00218984690616461,0.00214152137757371,0.00209460154152475,0.00204903755728299,0.00200480192030333,0.00196190082788405,0.0019203927691934,0.00188041836639839,0.00184224733693949,0.00180635081665755,0.00177351009908917,0.00174497580718102,0.00172269395818871,0.00170961612094066,0.00171010802213883,0.00173046189869037,0.00177949933918511,0.00186921986787105,0.0020154035009038,0.00223801286875049,0.0025611670230644,0.00301238704071075,0.00362076514146754,0.00441371683258652,0.00541207979243348,0.00662356354866311,0.0080349552326584,0.00960403822978549,0.0112528142266021,0.0128641927412161,0.0142846101295887,0.0153348039933228,0.0158299516978229,0.0156074098349329,0.0145238054674173,0.0121512710082026,0.00764563083040493
4.10739076400886e-13,2.77232986643788e-12,1.76336574016131e-11,1.11330226205816e-10,6.99774798074762e-10,4.37133868669074e-09,2.73402868960427e-08,1.67694990463412e-07,7.82828002420783e-07,2.04890747450585e-06,2.90384326950974e-06,2.90375794111259e-06,2.77116931635844e-06,2.67159789772606e-06,2.572768417358e-06,2.4781889385448e-06,2.38759407519067e-06,2.30072483221826e-06,2.21743730146195e-06,2.13756736499028e-06,2.06096310261337e-06,1.98747943025657e-06,1.91697814758825e-06,1.84932761837667e-06,1.78440242366514e-06,1.72208305479475e-06,1.66225561806998e-06,1.60481155549763e-06,1.54964738008953e-06,1.49666442496139e-06,1.44576860548509e-06,1.39687019378065e-06,1.34988360487889e-06,1.30472719392239e-06,1.26132306380853e-06,1.21959688271156e-06,1.17947771095266e-06,1.14089783671652e-06,1.10379262014122e-06,1.06810034533483e-06,1.03376207989716e-06,1.00072154154865e-06,9.68924971491115e-07,9.38321014145718e-07,9.08860602933969e-07,8.8049685178607e-07,8.53184952078933e-07,8.26882074722896e-07,8.01547277132033e-07,7.7714141482783e-07,7.53627057440001e-07,7.30968408881326e-07,7.09131231485624e-07,6.88082773909402e-07,6.67791702608344e-07,6.48228036709528e-07,6.293630861094e-07,6.11169392635764e-07,5.93620674119731e-07,5.76691771230496e-07,5.60358596932262e-07,5.44598088428477e-07,5.29388161463979e-07,5.1470766686071e-07,5.00536349167442e-07,4.86854807308495e-07,4.73644457120895e-07,4.60887495673851e-07,4.48566867268773e-07,4.36666231022688e-07,4.25169929942476e-07,4.14062961402205e-07,4.03330948940887e-07,3.92960115303042e-07,3.82937256649908e-07,3.73249717874431e-07,3.63885368958728e-07,3.54832582318122e-07,3.46080211081346e-07,3.37617568262577e-07,3.2943440678973e-07,3.21520900375405e-07,3.13867625294503e-07,3.06465543443527e-07,2.99305988332906e-07,2.92380660905653e-07,2.85681663516759e-07,2.79201687663555e-07,2.72934824307805e-07,2.66879888301481e-07,2.61053848251181e-07,2.55545670320005e-07,2.50730955041759e-07,2.48123006241924e-07,2.53729876329474e-07,2.91217927331555e-07,4.52673247559143e-07,1.07206873367843e-06,2.94639565287389e-06,5.73704004518453e-06
4.21568889611287e-07,1.55299227861222e-06,5.53187437435333e-06,1.92663180369369e-05,6.47819971492084e-05,0.000210159242685506,0.000659886925157019,0.0020276327432514,0.00574075697272877,0.0117207121321322,0.014651518322836,0.0129924787137933,0.0107999501057324,0.00923774517064937,0.0080654776878639,0.00716287611317362,0.00645354460964073,0.0058849208226107,0.00542082256670598,0.00503571929168779,0.00471127795296607,0.00443411547794618,0.0041943159763192,0.00398443228491465,0.00379880124030979,0.00363306625084137,0.00348383932670555,0.00334845851941751,0.00322481165165483,0.00311120676424836,0.00300627591673037,0.00290890308415952,0.00281816965076792,0.00273331288037707,0.00265369404195519,0.00257877377727027,0.00250809294097,0.00244125760402503,0.00237792724457166,0.00231780539331501,0.00226063217961323,0.00220617835710696,0.00215424048691589,0.00210463703096698,0.00205720516438675,0.00201179815874234,0.00196828322065614,0.00192653969544675,0.00188645756481856,0.00184793618261279,0.00181088320427953,0.00177521367481231,0.00174084924699406,0.00170771750738531,0.00167575139188396,0.00164488867616445,0.00161507152906409,0.00158624611918204,0.00155836226671239,0.00153137313394129,0.00150523494897111,0.00147990675815074,0.00145535020343369,0.00143152932149014,0.00140841036189407,0.0013859616221117,0.00136415329735298,0.00134295734362439,0.00132234735255216,0.00130229843673752,0.00128278712456742,0.00126379126354034,0.00124528993128248,0.00122726335352791,0.00120969282842023,0.00119256065656563,0.00117585007632946,0.0011595452039224,0.00114363097786932,0.00112809310749492,0.00111291802509625,0.00109809284150396,0.00108360530476207,0.00106944376168098,0.00105559712204053,0.00104205482523954,0.00102880680920616,0.00101584348139904,0.00100315569174365,0.000990734707362443,0.000978572189009894,0.000966660170514376,0.000954991089094265,0.000943559276887959,0.000932394203178044,0.000922062618368006,0.000919524048893836,0.00101611500904039,0.00244052036751698,0.0136085289418665
2.81735669948398e-11,1.92819236558079e-10,1.25116449682586e-09,8.065879181995e-09,5.17553526451001e-08,3.29863366682194e-07,2.10532556662619e-06,1.31689109832796e-05,6.21364175420979e-05,0.000162286289943524,0.000225904118613151,0.000218008153640736,0.000199865050016908,0.000185633276802795,0.000172498859200755,0.000160596946563686,0.000149792389690289,0.000139961641328622,0.000131004115776593,0.000122829107379974,0.00011535679481167,0.000108516520165447,0.000102245652363337,9.64885856326066e-05,9.11958698763745e-05,8.6323459174029e-05,8.18320595866416e-05,7.76865624877289e-05,7.38555513487303e-05,7.03108717544963e-05,6.70272559387041e-05,6.39819944059249e-05,6.11546482870412e-05,5.85267969884428e-05,5.60818164701288e-05,5.38046841457325e-05,5.16818069570957e-05,4.97008696528171e-05,4.78507007070878e-05,4.61211536629139e-05,4.45030019815526e-05,4.29878457352509e-05,4.15680286995772e-05,4.02365645901384e-05,3.89870713508218e-05,3.78137125407254e-05,3.67111449878866e-05,3.56744719825384e-05,3.46992013732335e-05,3.37812080077808e-05,3.29167000292114e-05,3.21021885963728e-05,3.13344606504736e-05,3.06105543940052e-05,2.99277371878638e-05,2.92834856069416e-05,2.86754674246227e-05,2.81015253230665e-05,2.75596621493715e-05,2.70480275581279e-05,2.65649058988168e-05,2.61087052223418e-05,2.56779472949257e-05,2.52712585199268e-05,2.4887361679014e-05,2.45250684137642e-05,2.41832723772624e-05,2.38609429928263e-05,2.35571197636574e-05,2.32709070831385e-05,2.30014695007402e-05,2.27480274031503e-05,2.25098530743607e-05,2.22862671020979e-05,2.20766351012251e-05,2.18803647276199e-05,2.16969029585851e-05,2.15257336181272e-05,2.13663751275081e-05,2.12183784635041e-05,2.10813253094537e-05,2.09548263902606e-05,2.08385200044129e-05,2.07320708582093e-05,2.06351697083845e-05,2.0547536072259e-05,2.04689339117659e-05,2.03992434496535e-05,2.03387763531818e-05,2.02896435591807e-05,2.02616609968614e-05,2.02977492875152e-05,2.05827787503298e-05,2.19083383752168e-05,2.76502530667721e-05,5.21509461593167e-05,0.000155853039527539,0.000577976658471707,0.00195874485778228,0.00423071590303081
9.82853543757117e-11,8.77977598724507e-10,7.44502765493442e-09,6.1673190318616e-08,4.99357363088718e-07,3.94245042427796e-06,3.07777689907515e-05,0.000227408747240484,0.00117165272162955,0.00315226869440363,0.00438951268305145,0.00419260159991521,0.0038244074644863,0.00355010789153343,0.00330441073015278,0.00308901112365926,0.0028991691665097,0.0027309819018454,0.00258139396209132,0.00244780819711896,0.00232805634355122,0.00222031187900869,0.00212302965496719,0.00203489683818466,0.0019547932414047,0.00188175920813792,0.00181496944033289,0.00175371157714944,0.00169736858131825,0.00164540419249846,0.00159735086243829,0.00155279970730631,0.00151139210661113,0.00147281265180812,0.00143678320569357,0.00140305787955079,0.00137141877143713,0.0013416723380519,0.00131364629588964,0.00128718696608873,0.00126215699248241,0.00123843337459075,0.00121590576723686,0.00119447500658547,0.00117405182904613,0.00115455575494114,0.00113591411333721,0.00111806118815826,0.00110093746878222,0.0010844889908895,0.00106866675547233,0.00105342621570476,0.00103872682287638,0.00102453162385741,0.00101080690363,0.000997521867323294,0.000984648356955981,0.000972160598740992,0.000960034977362858,0.000948249834112581,0.000936785286171497,0.000925623064684479,0.000914746369562629,0.000904139739213536,0.000893788933619104,0.000883680829371843,0.00087380332544436,0.000864145258607018,0.00085469632752811,0.000845447024692015,0.000836388575355506,0.000827512882832816,0.000818812479458047,0.000810280482620666,0.000801910555309065,0.000793696870632089,0.000785634079829956,0.00077771728336545,0.000769942004910052,0.000762304168766795,0.000754800083710356,0.000747426444388501,0.000740180388435715,0.000733059735474125,0.000726063816487266,0.000719196192396344,0.000712473320525228,0.000705951632371059,0.000699810620963812,0.000694603315722261,0.0006919979807601,0.000696934703999989,0.000723779801782285,0.000813554555626067,0.00108121863154813,0.00184277860770144,0.00394651997315455,0.00948596840409088,0.0212971081500152,0.0326445330542338
1.06746807617005,0.306281866058416,0.0716217392476291,0.0355392634409417,0.0313805788981491,0.0309069925134342,0.0308321132546176,0.0307128310958467,0.030978712457215,0.030492485336765,0.0211157706692687,0.00745187701684384,0.00127769381256097,0.000135200510258364,1.28842756414246e-05,1.24794707648453e-06,1.20114042898541e-07,1.15099958695939e-08,1.09855526619409e-09,1.04408753203487e-10,9.8819725074666e-12,9.31405470144318e-13,8.74223116165054e-14,8.17135828264469e-15,7.60596970386559e-16,7.05022973991318e-17,6.50789086190676e-18,5.98226445545785e-19,5.47620431094275e-20,4.99210828525629e-21,4.53195965213674e-22,4.09749401970371e-23,3.69082719288354e-24,3.31683495311347e-25,2.99219970032623e-26,2.77965102771659e-27,2.91657080647698e-28,4.29376125686912e-29,1.02213786664453e-29,3.2881772123287e-30,1.16687378799914e-30,4.22036029859184e-31,1.52280528520225e-31,5.45306048962045e-32,1.9354979143137e-32,6.8071942307798e-33,2.37208925412704e-33,8.18972070491921e-34,2.80140334925026e-34,9.49391430088617e-35,3.18766736237513e-35,1.06036078735169e-35,3.49447721609376e-36,1.14091560380708e-36,3.69030593222529e-37,1.18250634846141e-37,3.75380295021244e-38,1.18048605759655e-38,3.67761326456827e-39,1.13496202185735e-39,3.46977093096075e-40,1.05079607373982e-40,3.15230342232457e-41,9.36748664585031e-42,2.75738223500497e-42,8.03975363469172e-43,2.32195145425449e-43,6.64233173523564e-44,1.88207543672556e-44,5.28194755989692e-45,1.46819171474473e-45,4.04197390708783e-46,1.10208735368026e-46,2.97604304392498e-47,7.95886247385206e-48,2.1078425376822e-48,5.52822974465324e-49,1.43574878934502e-49,3.69229964473703e-50,9.402008285916e-51,2.37042085500179e-51,5.91675143371737e-52,1.46204567807405e-52,3.57617091455203e-53,8.65777511393766e-54,2.07426371331035e-54,4.91715197782258e-55,1.15306679668472e-55,2.6739456142413e-56,6.12951002365561e-57,1.38809670535473e-57,3.1029125118263e-58,6.83810151693241e-59,1.4828341802752e-59,3.15448890658145e-60,6.55026768648512e-61,1.31585973998843e-61,2.51348228737958e-62,4.38165361769692e-63,6.19233221891746e-64
8.34146649807087e-16,5.51165562648756e-15,3.41783336959999e-14,2.10202051844486e-13,1.28692821482777e-12,7.83138079439608e-12,4.76876789681838e-11,2.85184654482448e-10,1.31215701858229e-09,3.42908302520267e-09,4.91357808906662e-09,5.02607276181943e-09,4.92031060491437e-09,4.86033988725106e-09,4.79452167309764e-09,4.72895979110705e-09,4.66351147860012e-09,4.59806631963971e-09,4.53268128740453e-09,4.46736757424037e-09,4.40214381846441e-09,4.33702781887292e-09,4.27203725338942e-09,4.2071897028482e-09,4.1425026114143e-09,4.07799328293309e-09,4.01367886958429e-09,3.9495763616873e-09,3.88570257751852e-09,3.82207415321387e-09,3.75870753278021e-09,3.69561895821975e-09,3.63282445977851e-09,3.57033984632871e-09,3.50818069589557e-09,3.44636234633967e-09,3.38489988620595e-09,3.32380814575162e-09,3.26310168816568e-09,3.20279480099332e-09,3.14290148777928e-09,3.08343545994496e-09,3.02441012891453e-09,2.96583859850555e-09,2.90773365759989e-09,2.85010777311047e-09,2.79297308325829e-09,2.73634139117358e-09,2.6802241588323e-09,2.62463250133724e-09,2.56957718154931e-09,2.5150686050705e-09,2.4611168155757e-09,2.4077314904845e-09,2.35492193695899e-09,2.30269708820717e-09,2.25106550006583e-09,2.20003534783132e-09,2.14961442330199e-09,2.09981013199265e-09,2.05062949047987e-09,2.00207912383745e-09,1.95416526312409e-09,1.90689374289117e-09,1.86026999868736e-09,1.81429906454763e-09,1.76898557046918e-09,1.72433373989286e-09,1.68034738722707e-09,1.63702991547075e-09,1.59438431401105e-09,1.55241315669023e-09,1.51111860025259e-09,1.47050238329556e-09,1.43056582585829e-09,1.3913098297849e-09,1.35273487999806e-09,1.31484104681036e-09,1.27762798938719e-09,1.24109496045734e-09,1.20524081235204e-09,1.17006400446784e-09,1.13556261239783e-09,1.10173433968501e-09,1.06857653613155e-09,1.03608623872029e-09,1.0042602999472e-09,9.73095863054631e-10,9.42592217188932e-10,9.12758123408348e-10,8.83640730835152e-10,8.55439281982262e-10,8.28950167061738e-10,8.07300483020643e-10,8.02667361428323e-10,8.62166397592021e-10,1.16572142088952e-09,2.35127719447743e-09,5.88939451298317e-09,1.09990456139498e-08
1.16127681723931e-13,6.13901251968264e-13,3.14070199414608e-12,1.60070066763503e-11,8.0972868379818e-11,4.06209712569151e-10,2.0315246158577e-09,1.01520813760918e-08,4.17910070018336e-08,1.02482277514649e-07,1.36847544316266e-07,1.25335191360555e-07,1.08688384206481e-07,9.69927638031355e-08,8.79086521766003e-08,8.08549603036568e-08,7.535959359884e-08,7.10726041746448e-08,6.77407113321106e-08,6.5174782770385e-08,6.32323237260734e-08,6.18046052821882e-08,6.08077382072794e-08,6.01763324828652e-08,5.98589359225144e-08,5.981471387546e-08,6.00110037878357e-08,6.04214942476752e-08,6.10248547123876e-08,6.18036939408256e-08,6.27437605715394e-08,6.38333237837869e-08,6.50626891049163e-08,6.64238165276446e-08,6.79100167335664e-08,6.95157074358282e-08,7.12362163698943e-08,7.30676207690467e-08,7.50066156027672e-08,7.70504046713862e-08,7.91966100091692e-08,8.14431960716162e-08,8.37884059584592e-08,8.62307075150033e-08,8.87687476073897e-08,9.14013132161458e-08,9.41272982623121e-08,9.69456752903388e-08,9.98554712959596e-08,1.02855747116045e-07,1.05945579899073e-07,1.09124048255488e-07,1.12390219751552e-07,1.15743140461912e-07,1.19181826337801e-07,1.22705256181675e-07,1.26312366046888e-07,1.30002044903879e-07,1.33773131433437e-07,1.37624411823603e-07,1.41554618460304e-07,1.45562429413353e-07,1.49646468629427e-07,1.53805306752242e-07,1.58037462497711e-07,1.62341404518543e-07,1.66715553698633e-07,1.71158285822917e-07,1.75667934573075e-07,1.80242794803779e-07,1.84881126058098e-07,1.89581156284175e-07,1.94341085718575e-07,1.99159090904671e-07,2.04033328817148e-07,2.08961941066255e-07,2.1394305815774e-07,2.18974803786566e-07,2.24055299144464e-07,2.29182667223275e-07,2.34355037097678e-07,2.39570548172542e-07,2.44827354381558e-07,2.50123628325213e-07,2.55457565337425e-07,2.60827387471303e-07,2.66231347395646e-07,2.71667732194756e-07,2.77134867065124e-07,2.82631118903616e-07,2.88154899791538e-07,2.9370467073621e-07,2.99278959984832e-07,3.04876859741876e-07,3.10509562397727e-07,3.16383144032754e-07,3.2524412844079e-07,3.8066046469105e-07,1.18930045789074e-06,8.34211629222018e-06
3.06189415072477e-14,2.05116686377433e-13,1.29305356594493e-12,8.0887082705589e-12,5.03724492878234e-11,3.11765914234591e-10,1.93150178989324e-09,1.1741026793498e-08,5.45296187127422e-08,1.42653796907552e-07,2.03005129302893e-07,2.04723211365819e-07,1.97262043453791e-07,1.91945250018571e-07,1.86563604666812e-07,1.81367022233747e-07,1.76343260027079e-07,1.71480746483311e-07,1.66775391879632e-07,1.62221379232008e-07,1.57813417405477e-07,1.53546386305695e-07,1.49415358308545e-07,1.45415592246468e-07,1.4154252475107e-07,1.37791763451495e-07,1.34159080142578e-07,1.3064040428098e-07,1.27231816749785e-07,1.23929543881968e-07,1.20729951731974e-07,1.17629540584254e-07,1.14624939688358e-07,1.11712902210566e-07,1.08890300392483e-07,1.06154120907415e-07,1.03501460405724e-07,1.00929521240733e-07,9.84356073671055e-08,9.60171204039711e-08,9.36715558553838e-08,9.13964994810598e-08,8.91896238106484e-08,8.70486847951312e-08,8.49715185892743e-08,8.2956038459408e-08,8.10002318111567e-08,7.91021573321142e-08,7.72599422448383e-08,7.54717796659332e-08,7.37359260674006e-08,7.20506988368625e-08,7.04144739336896e-08,6.88256836385085e-08,6.72828143939905e-08,6.57844047352553e-08,6.43290433086236e-08,6.29153669778312e-08,6.15420590171453e-08,6.02078473911021e-08,5.89115031207838e-08,5.76518387366769e-08,5.64277068181683e-08,5.52379986196458e-08,5.40816427829455e-08,5.29576041355458e-08,5.18648825734087e-08,5.08025120267473e-08,4.97695595062264e-08,4.87651242262151e-08,4.7788336800699e-08,4.68383585063764e-08,4.59143806063042e-08,4.5015623726297e-08,4.41413372751338e-08,4.32907988985537e-08,4.24633139560835e-08,4.16582150089873e-08,4.08748613071592e-08,4.01126382627597e-08,3.93709568993849e-08,3.86492532697371e-08,3.79469878509458e-08,3.72636449909883e-08,3.65987327391255e-08,3.59517844439653e-08,3.53223677477705e-08,3.47101236820317e-08,3.41149269223815e-08,3.35375304564095e-08,3.29821362279698e-08,3.24665828451524e-08,3.20625012149271e-08,3.20527612947744e-08,3.354559688043e-08,4.08562674032043e-08,7.06012516291094e-08,1.82544585061658e-07,5.183161907706e-07,1.01577589925841e-06
2.5890072056158e-15,1.71026662471343e-14,1.06023303517778e-13,6.51856029928478e-13,3.98963366335195e-12,2.42706778848197e-11,1.47744775375965e-10,8.83287148891571e-10,4.06337111775468e-09,1.06186593549319e-08,1.52175010416453e-08,1.55698548259239e-08,1.52465094540373e-08,1.50646750248247e-08,1.48645195820572e-08,1.46649432804152e-08,1.44655067784016e-08,1.42658721512434e-08,1.40662195386864e-08,1.38665874748485e-08,1.36670376413275e-08,1.34676292095821e-08,1.3268421062754e-08,1.3069471864359e-08,1.28708399311224e-08,1.2672583216932e-08,1.24747592729083e-08,1.22774252109866e-08,1.20806376674911e-08,1.18844527669342e-08,1.1688926086122e-08,1.14941126185856e-08,1.13000667393781e-08,1.11068421702746e-08,1.09144919454127e-08,1.07230683774106e-08,1.05326230240026e-08,1.03432066552299e-08,1.01548692212276e-08,9.96765982064782e-09,9.78162666976079e-09,9.59681707227626e-09,9.413277389928e-09,9.23105301386491e-09,9.05018833689249e-09,8.87072672660799e-09,8.69271049947184e-09,8.51618089585652e-09,8.34117805611148e-09,8.16774099767977e-09,7.99590759329747e-09,7.82571455030177e-09,7.65719739106719e-09,7.49039043458189e-09,7.32532677916816e-09,7.16203828634216e-09,7.00055556579887e-09,6.8409079614998e-09,6.68312353883213e-09,6.52722907280131e-09,6.37325003721338e-09,6.22121059480009e-09,6.07113358823922e-09,5.92304053202534e-09,5.7769516051519e-09,5.63288564457535e-09,5.49086013944555e-09,5.35089122610284e-09,5.21299368386219e-09,5.07718093162665e-09,4.94346502539587e-09,4.81185665675936e-09,4.68236515248724e-09,4.55499847535331e-09,4.42976322634239e-09,4.30666464840897e-09,4.18570663196227e-09,4.0668917222557e-09,3.95022112885627e-09,3.83569473736549e-09,3.72331112357707e-09,3.61306757036486e-09,3.50496008810932e-09,3.39898344166226e-09,3.29513119583539e-09,3.19339582776075e-09,3.09376910051404e-09,2.99624347568122e-09,2.90081766026380e-09,2.80751854686805e-09,2.71648785642922e-09,2.6283229161911e-09,2.54541071836218e-09,2.47712508201496e-09,2.45997405247164e-09,2.63523480649958e-09,3.54244719226591e-09,7.09429968186001e-09,1.76972094186598e-08,3.30009321945913e-08
3.69697550738392e-11,2.49378856715793e-10,1.59230645055833e-09,1.01027659005653e-08,6.38287267105977e-08,4.00768851526131e-07,2.52013895944377e-06,1.55521996844662e-05,7.28228382444274e-05,0.000189846922484541,0.000264947638917884,0.000257207789845672,0.000237289225236486,0.000221622704154725,0.00020701380017363,0.00019365499934189,0.000181421905595785,0.000170198308035719,0.000159889951507921,0.000150410316825068,0.000141682361592098,0.000133637049287242,0.000126212462566872,0.000119353001402024,0.000113008674799112,0.000107134479954745,0.000101689855433135,9.66381992673859e-05,9.19464436953973e-05,8.75846794041184e-05,8.35258231077968e-05,7.97453231030341e-05,7.62208981476765e-05,7.29323056167639e-05,6.98611354115869e-05,6.6990626549369e-05,6.43055037514297e-05,6.17918316855986e-05,5.94368848115559e-05,5.72290310319608e-05,5.51576275731041e-05,5.32129277109683e-05,5.13859971259391e-05,4.96686388153601e-05,4.80533256205416e-05,4.65331395362103e-05,4.5101717067852e-05,4.37531999877797e-05,4.24821909156547e-05,4.12837132149359e-05,4.01531747545324e-05,3.90863351357851e-05,3.80792760296909e-05,3.71283743087726e-05,3.62302776928345e-05,3.53818826586207e-05,3.45803143905824e-05,3.3822908574019e-05,3.31071948531379e-05,3.24308817954326e-05,3.17918432204722e-05,3.11881057659966e-05,3.06178375773321e-05,3.00793380177807e-05,2.95710283079637e-05,2.90914430112715e-05,2.86392222907178e-05,2.82131048697407e-05,2.78119216359473e-05,2.74345898325518e-05,2.7080107787401e-05,2.67475501340885e-05,2.64360634838065e-05,2.61448625103189e-05,2.5873226413833e-05,2.56204957326266e-05,2.53860694741171e-05,2.51694025396698e-05,2.49700034199392e-05,2.47874321402244e-05,2.46212984394739e-05,2.44712601775895e-05,2.43370220065639e-05,2.4218334509525e-05,2.4114994722022e-05,2.40268519483807e-05,2.39538354119634e-05,2.38960732574555e-05,2.38543939090267e-05,2.38324232982233e-05,2.38453195509044e-05,2.39560128360992e-05,2.44250039089817e-05,2.63272704233759e-05,3.4083441464998e-05,6.58047118077774e-05,0.000195092971095794,0.000702897464299843,0.00231010838149579,0.00486219546419363
0.846790748835515,0.36230066530575,0.0996603733736361,0.0277336732891524,0.0120777516293224,0.00881319981455439,0.00813465053617881,0.00798477131003706,0.00800506400107652,0.00768867919650509,0.00536741586082008,0.0021414665851661,0.000520859891697131,0.000104334102609629,2.0767390396089e-05,4.12931426417101e-06,8.17399676016333e-07,1.61196321194874e-07,3.1666431515695e-08,6.19681158227837e-09,1.20798761050552e-09,2.34574958330084e-10,4.53761553013167e-11,8.7439415979807e-12,1.67857081059774e-12,3.21053994798956e-13,6.12018595160062e-14,1.16378969054533e-14,2.21251946012137e-15,4.22975359597259e-16,8.24850528469687e-17,1.69511205185068e-17,3.90104181245712e-18,1.08206682199254e-18,3.71133570162062e-19,1.49465023577594e-19,6.55979305988992e-20,2.98282147394322e-20,1.37076437082472e-20,6.29931013533879e-21,2.88245190190378e-21,1.31110538481445e-21,5.9242364656805e-22,2.65848317108043e-22,1.1846718971924e-22,5.24212773667169e-23,2.30332746742014e-23,1.00493905920244e-23,4.35370233912881e-24,1.87289041925768e-24,8.00019451527213e-25,3.39330801437077e-25,1.42915926024179e-25,5.97685393179063e-26,2.4819863432327e-26,1.02343654009294e-26,4.19041737313327e-27,1.70368190270542e-27,6.87788044693305e-28,2.75711967786712e-28,1.09746700285751e-28,4.33772612820216e-29,1.70242307686884e-29,6.63448843918468e-30,2.56733041499189e-30,9.86484361245331e-31,3.76385084050936e-31,1.42596182912667e-31,5.36433747630107e-32,2.00380847096156e-32,7.43236904331788e-33,2.73733542039155e-33,1.00105256970699e-33,3.63506247102894e-34,1.31066134804557e-34,4.69234100691571e-35,1.66803485038338e-35,5.88751637948989e-36,2.06330879281879e-36,7.17948576529977e-37,2.4803281253995e-37,8.50742971559844e-38,2.89696920550895e-38,9.79316937816774e-39,3.28629832776278e-39,1.09460040546133e-39,3.61839346705542e-40,1.18690059708331e-40,3.8623283168144e-41,1.24645153845643e-41,3.98734045216122e-42,1.26346504924049e-42,3.96138392838309e-43,1.22689619723257e-43,3.74354181272419e-44,1.12030323173724e-44,3.2626627259258e-45,9.10939213363832e-46,2.34791562187228e-46,4.94730736856185e-47
2.62254907980009e-13,1.78546068551274e-12,1.14736781735583e-11,7.32039714508618e-11,4.6496814206215e-10,2.93472251486695e-09,1.85487058236784e-08,1.14894659430255e-07,5.39343787092352e-07,1.41263842482915e-06,1.99446546179916e-06,1.9786387214157e-06,1.87180338532969e-06,1.78990733005246e-06,1.71021025138818e-06,1.63499356978823e-06,1.56393432628947e-06,1.49672112508128e-06,1.43313489543681e-06,1.37295267797622e-06,1.31596939542242e-06,1.26199334038645e-06,1.2108454751162e-06,1.16235854561934e-06,1.11637623172455e-06,1.07275237666234e-06,1.03135027186488e-06,9.92041996003993e-07,9.54707803517413e-07,9.19235558709174e-07,8.85520211827039e-07,8.53463313810486e-07,8.22972566679668e-07,7.93961406785445e-07,7.66348618369123e-07,7.40057975089283e-07,7.15017907363938e-07,6.91161193550656e-07,6.68424673146973e-07,6.46748980339443e-07,6.2607829636339e-07,6.06360119257909e-07,5.87545049712942e-07,5.69586591808069e-07,5.52440967537136e-07,5.3606694409941e-07,5.20425673017563e-07,5.05480540215859e-07,4.91197026259199e-07,4.7754257601557e-07,4.64486477061411e-07,4.51999746201994e-07,4.40055023527405e-07,4.28626473469454e-07,4.17689692366228e-07,4.07221622079264e-07,3.97200469243734e-07,3.87605629764785e-07,3.78417618203556e-07,3.69618001724498e-07,3.6118933830167e-07,3.5311511890574e-07,3.45379713415762e-07,3.37968320020344e-07,3.30866917891829e-07,3.24062222934599e-07,3.17541646424681e-07,3.11293256372535e-07,3.05305741454368e-07,2.99568377369525e-07,2.94070995492523e-07,2.88803953698286e-07,2.83758109247929e-07,2.78924793630213e-07,2.74295789260582e-07,2.69863307945357e-07,2.65619971023386e-07,2.61558791101212e-07,2.57673155300957e-07,2.53956809944024e-07,2.50403846604419e-07,2.47008689508288e-07,2.43766084437799e-07,2.40671090063124e-07,2.37719075826789e-07,2.34905743792685e-07,2.322272467241e-07,2.29680699876712e-07,2.27266303956031e-07,2.24996035159504e-07,2.22928972438004e-07,2.21314124160959e-07,2.21164880443251e-07,2.26557668759956e-07,2.53783068767413e-07,3.67579525753812e-07,8.22645603809366e-07,2.55768443006396e-06,7.87500979438158e-06,1.59961302537469e-05
2.96586543060848e-14,2.00239658233983e-13,1.27409027593742e-12,8.04656599953443e-12,5.05908405508067e-11,3.16096344743169e-10,1.97731097382877e-09,1.21291453112817e-08,5.66242497848133e-08,1.48223169243942e-07,2.10146053733148e-07,2.10293843237865e-07,2.00892121767054e-07,1.93895976633469e-07,1.86968535294448e-07,1.8036153987385e-07,1.74053545309286e-07,1.68023884552339e-07,1.62260403367458e-07,1.56749660334442e-07,1.51479259848689e-07,1.46437448926796e-07,1.41613108033663e-07,1.36995716132944e-07,1.32575314751524e-07,1.2834247582091e-07,1.24288271176055e-07,1.20404243969442e-07,1.16682381830474e-07,1.13115091659313e-07,1.09695175950425e-07,1.06415810547269e-07,1.03270523736512e-07,1.00253176596257e-07,9.73579445185037e-08,9.4579299831373e-08,9.19119954516046e-08,8.93510495024086e-08,8.68917308360507e-08,8.45295454045337e-08,8.22602234254457e-08,8.00797072935036e-08,7.79841401915427e-08,7.59698553577117e-08,7.40333659684363e-08,7.21713555993386e-08,7.03806692287551e-08,6.86583047507938e-08,6.70014049670238e-08,6.54072500279139e-08,6.38732502970404e-08,6.23969396128685e-08,6.09759689245916e-08,5.96081002801013e-08,5.82912011456446e-08,5.70232390381319e-08,5.5802276452366e-08,5.46264660667023e-08,5.34940462117967e-08,5.2403336588165e-08,5.13527342192721e-08,5.03407096277754e-08,4.93658032233782e-08,4.84266218915027e-08,4.75218357726635e-08,4.66501752230298e-08,4.58104279471869e-08,4.50014362945732e-08,4.42220947114694e-08,4.34713473407612e-08,4.27481857619929e-08,4.20516468644927e-08,4.13808108465768e-08,4.07347993340476e-08,4.01127736114019e-08,3.95139329593583e-08,3.89375130925159e-08,3.83827846911903e-08,3.78490520217895e-08,3.73356516407501e-08,3.68419511790599e-08,3.6367348212015e-08,3.59112692497977e-08,3.5473169011722e-08,3.50525306704734e-08,3.46488698970357e-08,3.42617542776521e-08,3.38908851186164e-08,3.35364316399256e-08,3.32003813711153e-08,3.28919613416478e-08,3.26492823388155e-08,3.26253013021063e-08,3.34274587597017e-08,3.74526357857217e-08,5.41053675160514e-08,1.19914846283415e-07,3.67784786356236e-07,1.11859472860217e-06,2.25022244890142e-06
7.12913384529566e-14,3.9973946978202e-13,2.16885344507889e-12,1.16378352985509e-11,6.15483199158575e-11,3.20754256818674e-10,1.65753961112771e-09,8.51342574169278e-09,3.56208652614587e-08,8.78126159402905e-08,1.17023652302605e-07,1.06517720968938e-07,9.19116067273904e-08,8.18639443219078e-08,7.42141673622732e-08,6.83927103965901e-08,6.39527816910225e-08,6.05697555241865e-08,5.80122504435077e-08,5.61098302657743e-08,5.47355211937516e-08,5.3793309037304e-08,5.32096240070828e-08,5.2927396490772e-08,5.29018486755395e-08,5.30974761942365e-08,5.34858553365237e-08,5.40440308338613e-08,5.47533168252413e-08,5.55983952320248e-08,5.65666305042842e-08,5.76475433771606e-08,5.88324026097425e-08,6.01139050751708e-08,6.1485922606363e-08,6.29432997240654e-08,6.44816904865073e-08,6.6097425680893e-08,6.7787403754825e-08,6.95490004885347e-08,7.13799935963565e-08,7.32784993313259e-08,7.52429188308489e-08,7.72718924421938e-08,7.93642606462241e-08,8.15190304871158e-08,8.37353466373964e-08,8.60124663982402e-08,8.8349738066997e-08,9.07465822067013e-08,9.32024754327906e-08,9.5716936395693e-08,9.82895136883043e-08,1.00919775447671e-07,1.03607300452712e-07,1.063516705463e-07,1.09152464231808e-07,1.12009251312332e-07,1.14921588456012e-07,1.17889015583788e-07,1.20911052987e-07,1.23987199091863e-07,1.27116928796236e-07,1.30299692311541e-07,1.33534914449281e-07,1.36821994297535e-07,1.40160305238125e-07,1.43549195260006e-07,1.46987987528773e-07,1.50475981176223e-07,1.54012452277541e-07,1.57596654987011e-07,1.61227822806243e-07,1.64905169961666e-07,1.68627892870619e-07,1.72395171677713e-07,1.76206171845266e-07,1.80060045783551e-07,1.83955934508394e-07,1.87892969315237e-07,1.91870273460262e-07,1.95886963840463e-07,1.99942152665751e-07,2.04034949117249e-07,2.0816446098684e-07,2.12329796293938e-07,2.16530064876142e-07,2.20764379951141e-07,2.25031859647784e-07,2.29331628504904e-07,2.33662818942468e-07,2.3802457295466e-07,2.42416054555184e-07,2.46836828106947e-07,2.51295807829673e-07,2.55952049647017e-07,2.62846060761724e-07,3.03095160705115e-07,8.94372832264678e-07,6.37833671731248e-06
0.977900332646143,0.326958519400089,0.0781957218515291,0.0303145532138769,0.0232526926175436,0.0222552494911338,0.0220992467211274,0.0220200614104986,0.0221854283648658,0.0215812952574714,0.0149666537154105,0.00559053644975621,0.001196080538748,0.000263904127288001,0.000119065827287358,8.59340533173761e-05,6.93468520011468e-05,5.66492753471799e-05,4.60123815095794e-05,3.70467988606034e-05,2.9550647852396e-05,2.33476079915402e-05,1.8269474243264e-05,1.41570971981784e-05,1.0862909157248e-05,8.25283770342592e-06,6.2073899792267e-06,4.62198326032169e-06,3.40665289546347e-06,2.48528114660098e-06,1.79448761499756e-06,1.28230988701247e-06,9.06785105787944e-07,6.34522151275219e-07,4.39332334875432e-07,3.00965812510727e-07,2.03982561903023e-07,1.36771497099157e-07,9.07193892644953e-08,5.95226526736401e-08,3.8629413485339e-08,2.47961329793476e-08,1.57418720574575e-08,9.88353144592725e-09,6.13660525432793e-09,3.7677451998472e-09,2.28743761443616e-09,1.37312006244974e-09,8.14960208389224e-10,4.78200474304231e-10,2.7739989566167e-10,1.59075076980719e-10,9.01725302735886e-11,5.05241654049857e-11,2.79803469601501e-11,1.53148271783831e-11,8.28422425760975e-12,4.42840829745798e-12,2.33923813410856e-12,1.22097459565686e-12,6.29677469084697e-13,3.20835448513909e-13,1.61499760780503e-13,8.03079806583549e-14,3.94469956345735e-14,1.91384938677671e-14,9.17084471169864e-15,4.33996942428448e-15,2.02817965221623e-15,9.3590932872205e-16,4.26414753071619e-16,1.91806496994272e-16,8.51699500569904e-17,3.73300224341438e-17,1.61485202680959e-17,6.89382496206061e-18,2.90393711259738e-18,1.2068554749005e-18,4.94766721137048e-19,2.00056284534687e-19,7.97685462979781e-20,3.13581433466346e-20,1.21508746529611e-20,4.63967596111769e-21,1.74524437294683e-21,6.4647988970408e-22,2.35719155189333e-22,8.45563888293646e-23,2.98213027693682e-23,1.03318820609857e-23,3.51275241604341e-24,1.17038521424337e-24,3.81424014507332e-25,1.21267315570167e-25,3.74689726376978e-26,1.1185054727692e-26,3.19484987889942e-27,8.58013643019751e-28,2.07912874377877e-28,4.021689208296e-29
0.000773979737301739,0.00137951326542966,0.00225732586017961,0.00377337278603514,0.00628206567088866,0.0101846940190737,0.0159384691682667,0.0240030006113999,0.0346313792429634,0.0451842642205157,0.048038226141113,0.0429069005488473,0.0368646728778432,0.0321732014694714,0.0285087785300377,0.0255817389947231,0.0232013376054667,0.0212327309562317,0.0195795504377468,0.0181717821919243,0.0169577834985773,0.0158989128818674,0.0149658635647001,0.0141361233213887,0.0133921899497727,0.0127203007875163,0.0121095166748897,0.0115510535039559,0.0110377888700369,0.0105638940380699,0.0101245566100732,0.00971576954757668,0.00933416923268194,0.00897691011930142,0.00864156693403599,0.00832605779722377,0.00802858335787058,0.00774757827972126,0.00748167232152033,0.00722965892014492,0.00699046967858542,0.00676315352925785,0.00654685962051491,0.00634082318451587,0.00614435380512334,0.0059568256277857,0.00577766914863371,0.0056063642940498,0.0054424345597985,0.00528544202420571,0.00513498308568606,0.00499068480330329,0.00485220174167201,0.00471921323967952,0.00459142103730322,0.00446854720720079,0.00435033234880215,0.00423653401370689,0.00412692534441213,0.00402129392736839,0.00391944089237015,0.00382118034422688,0.00372633930796235,0.0036347585355743,0.0035462948078076,0.00346082583848025,0.0033782596489639,0.00329855144993843,0.00322173278242658,0.00314796004158627,0.00307759254705838,0.00301131382110861,0.00295031307267474,0.00289654581307589,0.00285309095165096,0.00282461359451045,0.00281792430040483,0.00284259289481739,0.00291152567163239,0.00304135016276706,0.00325237942261082,0.00356786504366275,0.00401222252974468,0.00460796027828475,0.00537120139609988,0.00630598047371276,0.00739791871643045,0.00860837388422155,0.00987060878860764,0.0110897526911097,0.0121481542731536,0.0129169981352183,0.013273759616735,0.0131233819324219,0.0124193725769191,0.0111798801254457,0.00949346329346998,0.00749888705755071,0.00526017256857382,0.0027807113664943
1.97704450070126e-12,1.3510204101621e-11,8.72086069076669e-11,5.59006293706047e-10,3.56747351231094e-09,2.26241190501681e-08,1.43701353224679e-07,8.94326199342436e-07,4.20930417527784e-06,1.10259659889299e-05,1.55272780194954e-05,1.53222888812864e-05,1.44058101950465e-05,1.36927292056348e-05,1.30036062237448e-05,1.23557053076973e-05,1.17460139512774e-05,1.11716169151075e-05,1.06303661101575e-05,1.01201180955461e-05,9.63890165878173e-06,9.18487999462168e-06,8.75634271175031e-06,8.35169665740985e-06,7.96945720572058e-06,7.6082403428137e-06,7.26675534332721e-06,6.94379801644442e-06,6.63824447177597e-06,6.34904536296456e-06,6.07522057041372e-06,5.81585428774889e-06,5.57009047963155e-06,5.3371286812707e-06,5.11622011246306e-06,4.9066640812618e-06,4.70780465444467e-06,4.51902757384279e-06,4.33975739931817e-06,4.16945486075627e-06,4.00761440288191e-06,3.85376190802651e-06,3.70745258318073e-06,3.5682689987719e-06,3.43581926761626e-06,3.3097353534228e-06,3.18967149907432e-06,3.0753027656897e-06,2.96632367418493e-06,2.86244694170581e-06,2.76340230590606e-06,2.66893543059666e-06,2.57880688679948e-06,2.49279120370361e-06,2.41067598445122e-06,2.33226108207299e-06,2.25735783125454e-06,2.18578833194757e-06,2.11738478114473e-06,2.05198884941741e-06,1.98945109907298e-06,1.92963044102459e-06,1.87239362768283e-06,1.81761477937754e-06,1.76517494199994e-06,1.71496167372201e-06,1.66686865880276e-06,1.62079534663079e-06,1.57664661428065e-06,1.53433245097832e-06,1.4937676629783e-06,1.45487159745473e-06,1.4175678840999e-06,1.38178419320844e-06,1.34745200910365e-06,1.31450641783578e-06,1.28288590815017e-06,1.25253218478753e-06,1.22338999323977e-06,1.19540695514526e-06,1.16853341357757e-06,1.14272228760309e-06,1.11792893582962e-06,1.09411102997754e-06,1.07122844485454e-06,1.04924319331751e-06,1.02811952692158e-06,1.00782470358822e-06,9.88332488841046e-07,9.69637861364438e-07,9.51817464855211e-07,9.35275946750786e-07,9.21743878480165e-07,9.1829922541919e-07,9.53490929536352e-07,1.14161921978818e-06,1.93505000072693e-06,5.00556427894089e-06,1.44469089471505e-05,2.88246693217978e-05
0.547977787968438,0.300390199334848,0.121860619016581,0.0582152374102423,0.0392629788157116,0.0332991505334968,0.0310152836331813,0.0298250996522285,0.029093453326572,0.0278414993172285,0.0233356477212703,0.0174017797772376,0.0141895412398401,0.0131586624822783,0.012847666363268,0.0127225831973361,0.0126341044158403,0.0125356704970661,0.0124095295358416,0.0122468622620207,0.012042353862934,0.0117927213831317,0.0114963255574885,0.0111530609465785,0.0107642909031545,0.0103327589060035,0.00986245846807795,0.00935846123457449,0.00882670994195249,0.00827378622868074,0.00770666483655832,0.00713246614214344,0.00655821846421127,0.00599064037341065,0.00543595144855285,0.00489971775650635,0.00438673596291814,0.00390095758822521,0.00344545267073443,0.00302241012240137,0.00263317046563855,0.0022782854849835,0.00195759864053975,0.00167033985872892,0.00141522849620557,0.00119057879616595,0.000994402937676005,0.000824507725402184,0.000678581987550455,0.000554272760672607,0.000449249272425316,0.000361254536735315,0.000288145019346887,0.000227919303904632,0.000178736994901533,0.000138929252380738,0.000107002391072865,8.16359243507207e-05,6.16763213259114e-05,4.61276003877073e-05,3.41397257219368e-05,2.49956197185338e-05,1.80974624700328e-05,1.29528235369034e-05,9.16106100556527e-06,6.40032677393237e-06,4.41543247966189e-06,3.00675534374382e-06,2.02029605766517e-06,1.33894124739154e-06,8.74931295759938e-07,5.6349107825118e-07,3.57547144466254e-07,2.23430411945906e-07,1.37448361500063e-07,8.32042920225587e-08,4.95421669920718e-08,2.90023841667015e-08,1.66847011607675e-08,9.42787662024034e-09,5.22986262038137e-09,2.84642794942833e-09,1.51905956753642e-09,7.94363284893494e-10,4.06730118298201e-10,2.03737003509146e-10,9.9745746693755e-11,4.76762803540188e-11,2.22196613509975e-11,1.00818541607888e-11,4.44544832467222e-12,1.90055729986056e-12,7.85583685084901e-13,3.12767533690322e-13,1.19329724766831e-13,4.33094312385692e-14,1.47842589961493e-14,4.65517759787957e-15,1.29371132239573e-15,2.79505137087626e-16
1.49068319067205e-12,1.00785018317476e-11,6.42412443997817e-11,4.06491052837899e-10,2.56080283130650e-09,1.60330195333244e-08,1.00512201259437e-07,6.17884993386793e-07,2.88804734434788e-06,7.55939411456663e-06,1.07010399117576e-05,1.0675126703848e-05,1.01603962858689e-05,9.77066370233408e-06,9.38619678061646e-06,9.01974332703128e-06,8.67014115682383e-06,8.33625561227134e-06,8.01739225186416e-06,7.71279406942658e-06,7.42176043069931e-06,7.14362648272086e-06,6.8777625530632e-06,6.62357226321459e-06,6.38049059000054e-06,6.14798212172054e-06,5.92553940121788e-06,5.71268136902645e-06,5.50895189809045e-06,5.31391841448795e-06,5.12717059888469e-06,4.94831916373724e-06,4.77699470159994e-06,4.61284660018549e-06,4.45554202010869e-06,4.30476493150321e-06,4.16021520594472e-06,4.02160776034155e-06,3.88867174966698e-06,3.76114980560654e-06,3.63879731837989e-06,3.52138175917158e-06,3.40868204076797e-06,3.30048791415056e-06,3.19659939893842e-06,3.09682624570626e-06,3.00098742832903e-06,2.90891066462039e-06,2.82043196364046e-06,2.73539519814925e-06,2.65365170077532e-06,2.57505988255617e-06,2.49948487258671e-06,2.42679817758608e-06,2.3568773602612e-06,2.28960573540806e-06,2.22487208274936e-06,2.16257037555976e-06,2.10259952417928e-06,2.04486313355992e-06,1.98926927403272e-06,1.93573026452158e-06,1.88416246746672e-06,1.83448609475605e-06,1.78662502399635e-06,1.74050662448857e-06,1.69606159230446e-06,1.65322379389258e-06,1.61193011767412e-06,1.57212033312016e-06,1.53373695683358e-06,1.4967251251902e-06,1.46103247312505e-06,1.42660901868001e-06,1.39340705295887e-06,1.36138103516462e-06,1.33048749242006e-06,1.30068492409777e-06,1.27193371040776e-06,1.24419602501315e-06,1.2174357514756e-06,1.19161840341894e-06,1.16671104863026e-06,1.14268223868792e-06,1.11950195139517e-06,1.09714157678122e-06,1.07557407376046e-06,1.05477481743728e-06,1.03472525098243e-06,1.01542788859213e-06,9.96967041026416e-07,9.79752778311143e-07,9.65495457942224e-07,9.61078006402363e-07,9.93862596677461e-07,1.17184474374947e-06,1.91628520334131e-06,4.76044212275471e-06,1.33853123898426e-05,2.62966191669307e-05
0.0544140010563048,0.0501780338328,0.0413231210036597,0.0390030343245541,0.0408310497396317,0.044152510614225,0.0476941014638294,0.0508676756658171,0.0534329380436174,0.0534871082034717,0.0460048431110404,0.0337262426721538,0.0244467057207362,0.0190114145242186,0.0157170062566662,0.0135706094279203,0.0120766846374138,0.01097345778817,0.0101167970674959,0.00942384622535034,0.0088448734127141,0.00834874005372205,0.00791514286651495,0.0075303293049337,0.0071846502347968,0.00687111506119627,0.00658451095674857,0.00632084928410669,0.00607700746498919,0.00585049094164308,0.00563927093672359,0.00544167127949008,0.00525628775355069,0.00508192947909003,0.00491757553129216,0.00476234229438798,0.00461545851300906,0.00447624595206811,0.00434410420474795,0.00421849861140824,0.00409895054200258,0.00398502949607486,0.0038763466164905,0.00377254931460113,0.00367331677801429,0.00357835618592109,0.00348739949673451,0.00340020070254563,0.00331653346736839,0.00323618908325762,0.00315897469153968,0.00308471172659174,0.00301323454757484,0.00294438922980596,0.00287803249244661,0.00281403074319621,0.00275225922394899,0.00269260124410987,0.00263494749066947,0.00257919540645106,0.00252524863051123,0.00247301649807264,0.00242241360258818,0.00237335943135053,0.00232577810159106,0.00227959825168764,0.00223475319117385,0.002191181499088,0.00214882840767211,0.00210764855641695,0.0020676111085538,0.00202870887270393,0.00199097408122051,0.00195450498786854,0.00191950962088262,0.00188637600209063,0.00185578196085014,0.00182886214554305,0.00180745434218093,0.00179445040754007,0.00179427661951356,0.00181352029346955,0.00186169891023969,0.00195212847104988,0.00210278321108126,0.00233694568616079,0.00268332779832541,0.00317521485939343,0.00384807957649702,0.00473508614115074,0.00586003223351412,0.00722764345945129,0.00881180791920123,0.0105433258980446,0.01229994548844,0.0139025785719199,0.0151207495839511,0.0156440821552837,0.0146259201576869,0.0102327481846345
0.618860508005874,0.309202406821393,0.110913610575195,0.0477106780484079,0.0317282272056563,0.0280985976169659,0.0275383634914249,0.027712151826642,0.0282101497547271,0.0273328321788976,0.0196992395038119,0.00880653003716974,0.00285856018873361,0.00099259948545537,0.000476798217978717,0.000321852495150454,0.000264974530832057,0.000235532470067151,0.000214424688576608,0.000196448819656377,0.000180157878849394,0.00016512125448072,0.000151183362555028,0.000138262885422899,0.000126298623709857,0.000115235146359956,0.000105019210789801,9.55990545289106e-05,8.69244127201092e-05,7.89466846029363e-05,7.16190995120937e-05,6.48968484895814e-05,5.873717799821e-05,5.30994494863911e-05,4.79451696812449e-05,4.32379961125771e-05,3.89437217351505e-05,3.50302419328063e-05,3.14675067157392e-05,2.82274605566087e-05,2.52839720326027e-05,2.26127552283747e-05,2.01912846904603e-05,1.7998705591657e-05,1.60157406509761e-05,1.42245952507555e-05,1.26088620893586e-05,1.11534265997917e-05,9.84437424785007e-06,8.66890069624226e-06,7.61522568344752e-06,6.67251131920334e-06,5.83078534509726e-06,5.08086975224986e-06,4.41431499264064e-06,3.82333987063705e-06,3.30077706110442e-06,2.84002407414059e-06,2.43499937746056e-06,2.08010329844258e-06,1.77018326060712e-06,1.5005028646066e-06,1.26671430142077e-06,1.06483358418799e-06,8.91218102917145e-07,7.4254604048146e-07,6.15797235551782e-07,5.08235134930675e-07,4.1738954045431e-07,3.41039920687936e-07,2.77199121781756e-07,2.24097372226144e-07,1.80166530524401e-07,1.44024571256571e-07,1.14460342524664e-07,9.04186558363045e-08,7.09857881429029e-08,5.53754855227328e-08,4.29155597979941e-08,3.3035164389818e-08,2.52528253140127e-08,1.91652888447472e-08,1.44372304472218e-08,1.07918514329264e-08,8.0023715975645e-09,5.88440884263404e-09,4.2892212203113e-09,3.09777351820275e-09,2.21557974210037e-09,1.56826479344165e-09,1.09778324009852e-09,7.5923017767768e-10,5.18178508597805e-10,3.48478198000206e-10,2.30455836264962e-10,1.49456738200095e-10,9.46731190765627e-11,5.8133877016819e-11,3.34239317923981e-11,1.54500613620369e-11
8.39500429422285e-10,5.8114742972618e-09,3.78268256809091e-08,2.40724818515693e-07,1.49837573440024e-06,9.10439941227802e-06,5.43222092617382e-05,0.000314564326301951,0.00141084600171424,0.00361761616581254,0.00504460259262242,0.00492182736663403,0.00455718261748535,0.00427483389699583,0.00401810961791988,0.00378780920496664,0.00358060327012793,0.00339347314569624,0.00322398612570946,0.00307002632054866,0.00292977854557593,0.00280167605333906,0.00268436227471471,0.00257665886359416,0.0024775390922957,0.00238610567435274,0.0023015721931227,0.00222324749867765,0.00215052255371655,0.00208285930765959,0.00201978125621727,0.00196086540635501,0.00190573541696343,0.00185405572622664,0.00180552650964483,0.0017598793394694,0.00171687343817438,0.00167629243648383,0.00163794156116899,0.00160164518993098,0.00156724472068136,0.0015345967108141,0.00150357124894161,0.00147405052729592,0.00144592758777872,0.00141910521864485,0.00139349498215786,0.00136901635637193,0.00134559597656198,0.00132316696381527,0.00130166832997448,0.0012810444495331,0.0012612445902712,0.0012422224954174,0.00122393601096136,0.00120634675244537,0.00118941980615634,0.00117312346014027,0.0011574289608888,0.00114231029191765,0.00112774397078651,0.00111370886141277,0.00110018599882219,0.00108715842377074,0.00107461102497414,0.00106253038700629,0.00105090464228076,0.00103972332591819,0.00102897723272753,0.00101865827599267,0.00100875934825699,0.000999274184840441,0.000990197231427004,0.000981523517800187,0.000973248540908616,0.00096536816257517,0.000957878532152841,0.000950776057229375,0.000944057479181486,0.000937720198880488,0.000931763227121546,0.000926189717652267,0.000921013495123469,0.000916275540118259,0.000912084865103317,0.000908717963498906,0.000906855929405312,0.000908137884119669,0.000916423953615845,0.000940610342051502,0.00100075030528781,0.00114101985936529,0.00145643065863712,0.00214625555726833,0.00361750167044818,0.00667833887540271,0.0128793642464989,0.0248542698420832,0.0434528079379731,0.0532169494656221
1.11946736034027e-09,6.75534997568016e-09,3.82562082152727e-08,2.15347468478583e-07,1.20890857710096e-06,6.75720187270431e-06,3.77994666178799e-05,0.000209386089404386,0.000919195243476395,0.00234174600665111,0.00326946853123196,0.00320591599754898,0.00297871378914833,0.00279335396232384,0.00261580573832405,0.00244868861121006,0.0022914788268731,0.00214356285653228,0.00200446015132528,0.00187368999388672,0.00175079818181375,0.00163535236491158,0.00152694136538664,0.00142517430678409,0.00132967973383499,0.0012401047779768,0.00115611434956933,0.00107739035925719,0.00100363096738552,0.000934549860750362,0.000869875555965626,0.000809350728728776,0.000752731568277335,0.000699787156336252,0.000650298869864951,0.0006040598069219,0.000560874234973986,0.000520557060987655,0.000482933322648814,0.000447837700068768,0.000415114047343957,0.000384614943348038,0.000356201261145781,0.00032974175542941,0.000305112667389258,0.000282197346442108,0.000260885888252076,0.000241074788490608,0.000222666611793836,0.000205569675387411,0.000189697746860717,0.000174969755584306,0.000161309517276246,0.000148645471235024,0.00013691042976848,0.000126041339360156,0.00011597905312623,0.000106668114127992,9.8056549116516e-05,9.00956722978227e-05,8.27398987183591e-05,7.59465668820782e-05,6.96757702217424e-05,6.38901970583002e-05,5.85549786932866e-05,5.36375452901659e-05,4.91074892113558e-05,4.49364354883458e-05,4.10979191128365e-05,3.75672688471675e-05,3.43214972624772e-05,3.13391967230318e-05,2.8600441044961e-05,2.60866925672613e-05,2.37807143823459e-05,2.16664874826456e-05,1.97291325887856e-05,1.79548364336864e-05,1.6330782285548e-05,1.48450845010952e-05,1.34867269086906e-05,1.22455048290492e-05,1.11119705495803e-05,1.00773820778953e-05,9.13365501463789e-06,8.2733174199195e-06,7.48946765442155e-06,6.77573555115224e-06,6.12624863389772e-06,5.53561006521755e-06,4.99891313788916e-06,4.51188315872332e-06,4.07147741158663e-06,3.67814243945694e-06,3.34406383181779e-06,3.12295312583464e-06,3.21425661670368e-06,4.26980528770206e-06,7.57491357179327e-06,1.17654395928488e-05
1.13821378883886e-14,7.52752121779621e-14,4.67293056901557e-13,2.87713522843192e-12,1.76345440897107e-11,1.07431609049837e-10,6.54927431058399e-10,3.92085021685531e-09,1.80513285042618e-08,4.71772569962754e-08,6.75704493425348e-08,6.90536487614455e-08,6.75314380208966e-08,6.66439363703007e-08,6.56794739506602e-08,6.47220353669095e-08,6.3769603690808e-08,6.28205870271743e-08,6.18757014311027e-08,6.09350310285764e-08,5.99987614341021e-08,5.90670657657753e-08,5.81401145836245e-08,5.72180762905123e-08,5.63011166549575e-08,5.53893988300595e-08,5.44830832669419e-08,5.35823276444548e-08,5.26872867993827e-08,5.17981126580667e-08,5.09149541696682e-08,5.0037957241027e-08,4.9167264673154e-08,4.83030160993752e-08,4.74453479251514e-08,4.65943932695913e-08,4.57502819086824e-08,4.49131402202693e-08,4.40830911308149e-08,4.32602540639929e-08,4.24447448911746e-08,4.16366758838908e-08,4.08361556683687e-08,4.00432891822719e-08,3.9258177633792e-08,3.84809184632712e-08,3.77116053075569e-08,3.69503279673181e-08,3.61971723775713e-08,3.54522205816764e-08,3.47155507090744e-08,3.39872369570326e-08,3.32673495766487e-08,3.2555954863341e-08,3.18531151520066e-08,3.11588888169785e-08,3.04733302768382e-08,2.97964900040636e-08,2.91284145393939e-08,2.84691465106962e-08,2.78187246560115e-08,2.71771838503554e-08,2.65445551357456e-08,2.59208657538447e-08,2.53061391805314e-08,2.47003951616631e-08,2.41036497492642e-08,2.35159153373819e-08,2.29372006968835e-08,2.23675110085353e-08,2.18068478938074e-08,2.12552094429721e-08,2.07125902402235e-08,2.01789813857209e-08,1.96543705146464e-08,1.91387418135653e-08,1.86320760345682e-08,1.81343505078546e-08,1.76455391535812e-08,1.71656124939578e-08,1.66945376668136e-08,1.6232278442559e-08,1.57787952492294e-08,1.53340452216054e-08,1.4897982336569e-08,1.44705578835807e-08,1.4051722269378e-08,1.36414321528159e-08,1.32396788139694e-08,1.28466007394109e-08,1.24629285860212e-08,1.20917354419481e-08,1.17452876445881e-08,1.14717271432421e-08,1.14584756709541e-08,1.24305704644111e-08,1.71569310598634e-08,3.54628297522753e-08,9.00463372342278e-08,1.69031832517501e-07
0.00477626798500564,0.00685915312840526,0.00867506537439347,0.0113829367175809,0.0153081148470476,0.020475358735466,0.0268348130296761,0.0342482967560919,0.0424124188716159,0.0491043027364959,0.0489711709536365,0.0426970040000729,0.0362395327896065,0.0313439255182433,0.0276101730630904,0.0246951349554012,0.0223737044553732,0.0204902208708212,0.0189355447459945,0.0176318617427384,0.0165227968553593,0.0155668760100185,0.0147331382001214,0.0139981485225862,0.0133439362096385,0.0127565516996932,0.0122250435309932,0.0117407237147297,0.0112966339302665,0.0108871533447171,0.0105077076227511,0.0101545512104838,0.00982460342506903,0.00951532464448391,0.0092246228601569,0.00895078360498353,0.00869241817642717,0.00844842638452905,0.00821797092926217,0.00800046105796886,0.00779554344479893,0.00760309832352273,0.00742323883688621,0.00725631138227982,0.00710289448145516,0.00696379343557807,0.00684002780938584,0.00673280869097387,0.00664350277231556,0.00657358066311332,0.00652454754845839,0.00649785536784224,0.00649479713370457,0.00651638578106322,0.00656322195171761,0.00663535721646337,0.00673216122323478,0.00685220288345991,0.00699315670787538,0.00715174551960166,0.0073237297934661,0.00750395166704708,0.00768643823406336,0.0078645642134632,0.00803126881229074,0.00817931606673585,0.00830158280107256,0.00839135432384993,0.00844260581485492,0.00845024764798268,0.0084103159827866,0.00832009578543156,0.00817817146651548,0.00798440950283958,0.00773988627715571,0.0074467812424235,0.00710825880844706,0.00672836094201427,0.00631192608039284,0.00586453937354589,0.00539250639764215,0.00490283009879345,0.00440316196046761,0.00390169599948506,0.00340697980774377,0.00292763035762162,0.00247196159348726,0.00204755214006838,0.0016608000117043,0.00131652239516639,0.00101765913085073,0.000765127437087908,0.000557854390281984,0.000392986754331944,0.00026625046819726,0.000172409934140702,0.000105763449390682,6.05593731743729e-05,3.1037982466961e-05,1.23083471541193e-05
1.50941287468872e-05,3.72460757175946e-05,8.3352528341031e-05,0.000186659108171222,0.000415452470142675,0.000909373978685335,0.0019485905544242,0.00408790919589987,0.00823130549385489,0.0138728320170596,0.0168923155655684,0.0161233680617416,0.0145501349796108,0.0132137265904746,0.012062041213791,0.0110608961942402,0.010186482876827,0.00941880145190482,0.00874156724161101,0.00814137989196408,0.00760715452657371,0.00712967178171332,0.00670122404925289,0.00631533559577195,0.00596653982396487,0.00565020102708614,0.00536237098183284,0.00509967297290932,0.0048592075336439,0.00463847546750213,0.00443531469037836,0.00424784818012835,0.00407444089453669,0.00391366396366228,0.00376426480841317,0.00362514210755817,0.00349532474769607,0.00337395405820633,0.00326026876594852,0.0031535922101326,0.00305332144223085,0.00295891790357789,0.00286989942791497,0.00278583336030509,0.00270633061970536,0.00263104056170039,0.00255964652178907,0.00249186193921337,0.00242742697744678,0.00236610557077468,0.00230768283742491,0.00225196280886251,0.00219876643248666,0.00214792981133265,0.00209930264970774,0.00205274687815668,0.00200813543490636,0.00196535118409789,0.00192428595377756,0.00188483967886343,0.00184691963620022,0.00181043976041377,0.00177532003062517,0.00174148591922062,0.00170886789482952,0.00167740097246846,0.00164702430449041,0.0016176808065632,0.00158931681342342,0.00156188175966478,0.00153532788142243,0.00150960993572568,0.00148468493601053,0.00146051190598959,0.00143705166254132,0.00141426665797864,0.0013921209579227,0.00137058053700311,0.00134961431670606,0.0013291969149313,0.00130931528557073,0.00128998406060122,0.00127128004269951,0.00125341811556679,0.00123691510025507,0.00122293673558722,0.00121401804196526,0.0012155279146077,0.00123858084226029,0.00130568667986787,0.00146142493918434,0.00179202302995955,0.00246008060372489,0.00376380800381181,0.00623348793095949,0.0107796087528594,0.0188962908338999,0.0326543487356697,0.0511394916112427,0.0569128084638661
9.00814403052511e-10,6.25324141543379e-09,4.03861080436378e-08,2.48060296489122e-07,1.44984943194385e-06,8.0756658375989e-06,4.31542136778357e-05,0.00022163735537573,0.000915901650704169,0.00226465567102316,0.00311443425205746,0.00301108539747721,0.00276441143675357,0.00258771962033062,0.00244288890780754,0.00232382960865103,0.00222486738818037,0.00214158467007093,0.00207069815940199,0.00200967978249548,0.0019565741825088,0.00190985478503003,0.0018683209089968,0.00183102206740856,0.00179720158141096,0.00176625410059225,0.00173769325271153,0.00171112677147503,0.00168623721014639,0.00166276687364585,0.0016405059686017,0.00161928323051361,0.00159895847334037,0.00157941664187656,0.00156056304640762,0.00154231953270386,0.00152462139559749,0.00150741488619205,0.00149065519471499,0.00147430481566671,0.00145833222106447,0.0014427107825551,0.0014274178949561,0.00141243426310886,0.0013977433213384,0.00138333076072792,0.00136918414415025,0.00135529259279993,0.00134164653102752,0.00132823747874399,0.00131505788265308,0.00130210097917819,0.0012893606832514,0.00127683149818455,0.00126450844269458,0.00125238699184536,0.00124046302922744,0.00122873280815108,0.00121719291999681,0.00120584026816926,0.0011946720463469,0.00118368571992539,0.00117287900972275,0.00116224987716037,0.00115179651025871,0.00114151730989676,0.00113141087588298,0.00112147599247509,0.00111171161306912,0.00110211684385603,0.00109269092631769,0.00108343321850729,0.00107434317513826,0.00106542032661664,0.00105666425736385,0.00104807458430418,0.00103965093784306,0.00103139295177654,0.00102330028021114,0.00101537269212407,0.00100761038395224,0.00100001489434545,0.000992591656716045,0.000985356938319574,0.000978356343923833,0.000971713316922809,0.000965754158683614,0.000961324886312876,0.00096058051841855,0.000968916381057386,0.000999607238851235,0.00108473858103444,0.00130045235138052,0.00182403721136838,0.00306019749798701,0.00591378566467564,0.012356844927383,0.0262891516045303,0.0507532646489571,0.0678271614600846
4.8374154175402e-13,2.15782251159256e-12,9.2043935231822e-12,3.98114222270935e-11,1.74342288758583e-10,7.71122703403802e-10,3.45303869679759e-09,1.56871008370534e-08,6.08827199260452e-08,1.4652197012237e-07,1.976079708608e-07,1.86159025084176e-07,1.65691660381006e-07,1.50251388761272e-07,1.37371181265795e-07,1.26655918996267e-07,1.17712126490966e-07,1.10220114110991e-07,1.03932282881956e-07,9.86508666157946e-08,9.42176262750849e-08,9.0505008698055e-08,8.74095544857791e-08,8.4846849708703e-08,8.27476333410227e-08,8.10547765010105e-08,7.9720921709278e-08,7.87066259278809e-08,7.79788906203388e-08,7.75099910795897e-08,7.72765386258208e-08,7.72587251135735e-08,7.74397110111359e-08,7.78051271979741e-08,7.83426673403118e-08,7.90417528102544e-08,7.98932560177764e-08,8.08892710265142e-08,8.2022922644348e-08,8.32882069820578e-08,8.46798578802566e-08,8.61932347081999e-08,8.7824227907294e-08,8.95691793398194e-08,9.14248150496881e-08,9.33881884777593e-08,9.54566325230569e-08,9.76277191215165e-08,9.98992252399194e-08,1.02269104365585e-07,1.04735462720932e-07,1.07296539553092e-07,1.09950690947746e-07,1.12696376697696e-07,1.15532149823633e-07,1.18456648400098e-07,1.21468589385719e-07,1.2456676419541e-07,1.27750035784621e-07,1.31017337043164e-07,1.34367670319497e-07,1.37800107916352e-07,1.41313793415936e-07,1.44907943707992e-07,1.48581851607263e-07,1.52334888958624e-07,1.56166510138634e-07,1.60076255871645e-07,1.64063757287172e-07,1.68128740152956e-07,1.72271029225291e-07,1.7649055266472e-07,1.80787346471217e-07,1.85161558898593e-07,1.89613454812948e-07,1.94143419964827e-07,1.98751965149078e-07,2.0343973023051e-07,2.0820748801713e-07,2.1305614796616e-07,2.17986759711129e-07,2.23000516401096e-07,2.28098757845594e-07,2.33282973461063e-07,2.38554805016517e-07,2.43916049177838e-07,2.49368659851513e-07,2.54914750329832e-07,2.60556595240525e-07,2.66296632305461e-07,2.7213746393972e-07,2.78081859482536e-07,2.84132781259804e-07,2.90294065758112e-07,2.96585496067153e-07,3.03304384433364e-07,3.1536819792697e-07,4.25154015052013e-07,2.00134948524244e-06,1.38312506558658e-05
0.718504337271304,0.298923857561076,0.0870446831932234,0.0328562930149162,0.0219387781823833,0.0198925208711622,0.0195707113648578,0.0195667760572793,0.019749115583371,0.0192107539352615,0.0145366134043431,0.00797225250019674,0.00467811396225981,0.00383920910165356,0.00367482640957322,0.00364295236333611,0.00363440103865716,0.003627132720699,0.00361654875285646,0.00360161866353698,0.00358207689082184,0.00355785530462966,0.00352896789643953,0.00349548695449358,0.003457537324556,0.00341529368577768,0.00336897767424646,0.00331885412897677,0.00326522624439685,0.00320842953341871,0.00314882455590938,0.00308678841661542,0.00302270509904766,0.00295695477994723,0.0028899023610779,0.00282188555699141,0.00275320298253211,0.00268410278348056,0.00261477243742237,0.00254533040814403,0.00247582035398995,0.00240620855820563,0.00233638515942904,0.00226616960923012,0.00219532057222523,0.00212355022025398,0.00205054256938756,0.00197597518737376,0.00189954328489898,0.00182098492542556,0.00174010587471049,0.00165680248944805,0.00157108103625242,0.00148307195026729,0.00139303778894459,0.00130137400048488,0.00120860208512635,0.00111535524683489,0.00102235717056696,0.000930395069356361,0.000840288579609008,0.000752856401173991,0.00066888275003484,0.000589085698588204,0.000514089320100807,0.000444401244985318,0.000380396806682186,0.000322310445326651,0.000270234496044333,0.000224124965211931,0.000183813438022538,0.000149023901238178,0.000119393030917147,9.44923968462313e-05,7.38510697663456e-05,5.69772678813819e-05,4.33779193882866e-05,3.25753156699115e-05,2.41203513208269e-05,1.76021603826085e-05,1.26542363935641e-05,8.95734791303922e-06,6.23972030856032e-06,4.27504631432758e-06,2.87891684619459e-06,1.90423980954626e-06,1.23615142303018e-06,7.8683630350174e-07,4.90572934477303e-07,2.99221848521786e-07,1.7828371116957e-07,1.03579174009157e-07,5.85445598972319e-08,3.20973475711171e-08,1.70013914620616e-08,8.65105900567457e-09,4.19271931570379e-09,1.90704712247841e-09,7.82721427168886e-10,2.53305039556264e-10
0.843385411656268,0.360878214571378,0.0995745114743746,0.0280612515487791,0.0125011144681104,0.00925894390155297,0.00858816673468494,0.00844310593329717,0.00847093040734788,0.00813963540585876,0.00568591720587657,0.00227279691772321,0.000555268417937149,0.00011202523881541,2.24811231583418e-05,4.5097681736632e-06,9.0136811349071e-07,1.79641945621961e-07,3.57089908598701e-08,7.08674719993413e-09,1.40826008707429e-09,2.82564728354062e-10,5.85695175871934e-11,1.32496071961669e-11,3.60295246758122e-12,1.27537797355117e-12,5.69164403441138e-13,2.89016910099493e-13,1.54535920623023e-13,8.38856514602743e-14,4.55767582425301e-14,2.46590540987356e-14,1.32618637936355e-14,7.08523366452262e-15,3.75949549325981e-15,1.98105864381189e-15,1.03668281148086e-15,5.38730264170573e-16,2.78017779845309e-16,1.42478474245173e-16,7.25106049619444e-17,3.66462554170918e-17,1.83922022767246e-17,9.16672452061341e-18,4.53702528346782e-18,2.23000094272726e-18,1.08846876016786e-18,5.27599295180697e-19,2.53962733117602e-19,1.21398564070863e-19,5.76282052818804e-20,2.7166571411208e-20,1.27178281744487e-20,5.91247938575575e-21,2.72963798731007e-21,1.25146681332024e-21,5.69787095104263e-22,2.5762319007375e-22,1.15674176830519e-22,5.15782966103096e-23,2.28389753605139e-23,1.00430384390776e-23,4.38563273629853e-24,1.90185595674302e-24,8.19031551200406e-25,3.50268023793928e-25,1.48756555398033e-25,6.27373318997809e-26,2.62753419564122e-26,1.09279982917513e-26,4.513355591284e-27,1.85106233744593e-27,7.5387584372018e-28,3.04880193624414e-28,1.22433635932468e-28,4.882067760777e-29,1.93296972347257e-29,7.59884935753241e-30,2.96586503086578e-30,1.14923766041233e-30,4.42070058321789e-31,1.68793300795755e-31,6.39664874615517e-32,2.40558725913223e-32,8.97601746770154e-33,3.32233221985444e-33,1.21948464227821e-33,4.43738102292973e-34,1.59989642065315e-34,5.71224640201155e-35,2.01799126385293e-35,7.04611140101853e-36,2.4278919233667e-36,8.23756350422892e-37,2.7430046820949e-37,8.91819826230937e-38,2.8069688548292e-38,8.4196178776136e-39,2.31539311851572e-39,5.15964815679101e-40
4.65429405530963e-07,1.78533229876767e-06,6.34412377909265e-06,2.19763082582785e-05,7.37295486522287e-05,0.000238556179319594,0.000743350871463357,0.00223946309970808,0.00616888757768737,0.0125630230974926,0.0164874038695788,0.0161349884349475,0.0148888781262465,0.0138627928336049,0.0129717540293314,0.0121909127447674,0.0115024260639246,0.0108911146892557,0.0103448513022113,0.00985375330091191,0.00940972812944496,0.00900610760412411,0.00863736555657081,0.00829889734292379,0.00798684637363896,0.00769796670925787,0.00742951351408096,0.0071791551871134,0.00694490247735883,0.00672505099395025,0.00651813434595399,0.00632288576712389,0.00613820655119445,0.00596313998227787,0.00579684972075539,0.00563860181835828,0.00548774970211516,0.00534372159677501,0.00520600995761328,0.00507416256651686,0.00494777500869814,0.00482648429894553,0.00470996346775472,0.0045979169511414,0.00449007665506458,0.0043861985874777,0.00428605996907772,0.00418945674863122,0.00409620146094572,0.00400612137562027,0.00391905689304637,0.00383486015105593,0.00375339381138195,0.00367452999991415,0.00359814937876468,0.00352414033154131,0.0034523982460689,0.00338282488119443,0.00331532780632921,0.00324981990408653,0.0031862189278121,0.00312444710702043,0.00306443079477773,0.00300610015193736,0.0029493888638646,0.00289423388590229,0.00284057521434901,0.00278835568016898,0.00273752076306317,0.00268801842397429,0.00263979895474528,0.00259281484493056,0.00254702066875873,0.00250237300268116,0.00245883040245766,0.00241635351420128,0.00237490550316911,0.00233445324096275,0.00229497027989541,0.00225644395341828,0.00221889177639469,0.00218239826430791,0.00214719534290181,0.00211383305796852,0.00208353138482352,0.00205888265933369,0.00204520693433893,0.00205307113342679,0.00210278026886,0.00223201337762474,0.00250810107573702,0.00304645249927707,0.00403579470120473,0.0057682953424641,0.00866710816797865,0.0132942691185751,0.0203031069286704,0.0301107272498318,0.0402512903389411,0.0387201984922529
9.96941088668511e-11,6.55633174921521e-10,4.08146853144327e-09,2.5244406448473e-08,1.55419612166913e-07,9.50576600824521e-07,5.81694413740017e-06,3.50083573143686e-05,0.000161502643612644,0.000418223469695245,0.000581172923599609,0.000560875829529531,0.000513628749956371,0.000476468829901869,0.000442358212198813,0.000411545838217987,0.000383661560068207,0.000358365258003763,0.000335379055030948,0.000314454612421645,0.000295374406478031,0.00027794687657779,0.000262003048831436,0.00024739359921792,0.000233986323722974,0.0002216639655678,0.000210322341932906,0.00019986872642566,0.000190220449671957,0.000181303686378108,0.000173052402105717,0.000165407437096137,0.000158315707913778,0.000151729510558975,0.000145605911125055,0.000139906212117103,0.000134595484274932,0.000129642155201908,0.000125017647337962,0.000120696058864933,0.000116653882025321,0.000112869754096145,0.000109324236908804,0.000105999621360716,0.000102879753839636,9.99498818890562e-05,9.7196516793077e-05,9.46073110603242e-05,9.21709490459473e-05,8.98770491747164e-05,8.77160764217978e-05,8.56792638753648e-05,8.37585423504755e-05,8.1946477149784e-05,8.02362111763285e-05,7.86214136991421e-05,7.70962341557134e-05,7.56552604480516e-05,7.42934812527083e-05,7.30062519208072e-05,7.17892635929657e-05,7.06385151968859e-05,6.95502880330957e-05,6.85211226875265e-05,6.75477980388843e-05,6.6627312154616e-05,6.5756864892118e-05,6.49338420420559e-05,6.41558008685987e-05,6.34204569172814e-05,6.27256719753604e-05,6.20694430821125e-05,6.14498924977435e-05,6.08652585495683e-05,6.03138872830267e-05,5.97942248530299e-05,5.93048105981757e-05,5.88442707466324e-05,5.84113127081426e-05,5.80047199122103e-05,5.76233471604359e-05,5.72661164811021e-05,5.69320135491654e-05,5.66200850475597e-05,5.63294386762204e-05,5.60592531820918e-05,5.58088298589721e-05,5.55778189328681e-05,5.53671847295411e-05,5.51832851265458e-05,5.50550404222424e-05,5.51059460656338e-05,5.58551555326901e-05,5.94723274872729e-05,7.49911202946105e-05,0.000139897056148197,0.000408550703263666,0.00147822857274977,0.00490674053271078,0.0104267770226815
0.734142538598371,0.296469115763722,0.0899955454656413,0.0396720945738238,0.02916749035675,0.0263363567458044,0.025005898098773,0.0240318229769281,0.0233690247308569,0.0221065358027386,0.016450985676583,0.00888049060121916,0.00507896108665211,0.00399848125110606,0.00363105996292671,0.00340534838467531,0.0032173922737862,0.00304719397690849,0.00288986520486386,0.00274348623295936,0.00260685106861242,0.00247901837904437,0.0023592057713149,0.00224675484975628,0.00214111351595208,0.00204182395614813,0.00194851333483534,0.00186088619096093,0.00177871811916504,0.0017018505791949,0.00163018684712514,0.00156368925641286,0.00150237798340631,0.00144633170274889,0.00139569045629761,0.00135066102158527,0.00131152490559506,0.00127864879970231,0.00125249689057621,0.00123364382124888,0.00122278635051579,0.00122075091384472,0.00122849343281417,0.00124708698679988,0.00127769252837651,0.00132150790267695,0.00137969123733377,0.00145325648822189,0.00154294166006053,0.00164905393699469,0.00177130043829924,0.00190861812424768,0.00205902086949048,0.00221948508282431,0.00238589660306694,0.00255308014023117,0.00271492771417947,0.00286463425644373,0.00299503724181906,0.00309904398876792,0.00317011676561721,0.00320277409953751,0.00319305882036801,0.00313892118860246,0.00304047006823268,0.00290005661581917,0.00272217231263892,0.00251316421548532,0.0022807920870286,0.00203367131004788,0.0017806591778223,0.00153024810781211,0.00129002663473468,0.00106625824222065,0.000863611080631251,0.000685051262437949,0.000531892013377572,0.000403973567245131,0.00029993664540226,0.000217546858142667,0.000154028373729751,0.000106371610387659,7.1589669613797e-05,4.69096101391688e-05,2.98954741873239e-05,1.85087201535255e-05,1.11175513234245e-05,6.4693973486817e-06,3.64089294752302e-06,1.9778402021331e-06,1.03469072634576e-06,5.19826462376516e-07,2.49944945457472e-07,1.14517169732578e-07,4.97073563463126e-08,2.02756741809237e-08,7.67793445184695e-09,2.64452526192166e-09,7.91577690041903e-10,1.80993375475773e-10
1.0257250155449e-08,4.83700559137895e-08,2.11795662736295e-07,9.2042265136607e-07,3.9795675265279e-06,1.70862172474733e-05,7.2932534760317e-05,0.000310219469844889,0.00113989914218357,0.00269255022566894,0.0036889520487425,0.00361263821661319,0.00333710538177225,0.00311093329568611,0.00290401511442552,0.00271566939795828,0.0025440782359631,0.00238742407473661,0.00224417841819384,0.00211297939327577,0.00199262374089326,0.00188204510138741,0.00178029680899743,0.00168653700078986,0.00160001573058978,0.00152006381670598,0.0014460831673177,0.00137753837325918,0.00131394938909853,0.00125488515052248,0.0011999579987273,0.00114881880161217,0.0011011526776736,0.00105667524210322,0.00101512930610394,0.000976281970201388,0.000939922060619062,0.000905857864840779,0.000873915128497755,0.000843935280852142,0.000815773860540386,0.000789299117002059,0.000764390766248479,0.000740938882400885,0.000718842908817729,0.000698010774692064,0.000678358104781139,0.000659807511472074,0.000642287959724439,0.000625734196592046,0.000610086238037194,0.000595288906632197,0.000581291414513217,0.000568046986625631,0.000555512519891331,0.000543648274447657,0.000532417593564515,0.00052178664924864,0.000511724210898733,0.000502201434688224,0.000493191671628366,0.000484670292507639,0.000476614528117252,0.000469003323359978,0.000461817204002913,0.000455038154976039,0.000448649509239356,0.000442635846343005,0.000436982899888472,0.000431677473165481,0.000426707362289378,0.000422061286198805,0.000417728822894364,0.000413700351307845,0.000409966998191761,0.000406520589416674,0.00040335360507401,0.000400459137842759,0.000397830854300908,0.000395462959586267,0.000393350168102167,0.000391487690186932,0.000389871267454168,0.000388497361340141,0.000387363825188525,0.000386472097126579,0.000385834153695861,0.000385494292180276,0.000385596861149904,0.000386595606220407,0.000389897103896256,0.00039982741925356,0.000429609673242315,0.000519430184636159,0.000790728819164456,0.00160837986529689,0.00405824739959255,0.0111654487334409,0.0280487756334684,0.0471479210856081
5.5403866165228e-08,2.4638743049005e-07,1.00284059927731e-06,3.98605939417433e-06,1.54894820663531e-05,5.87130167400946e-05,0.000217048813492429,0.000785777566998137,0.00253455883672689,0.00563869738036399,0.00768447344299503,0.00769043017034299,0.00727027233925297,0.00692560142609365,0.0066117094958554,0.00632602796109498,0.00606578780748176,0.00582813455784451,0.0056106824198019,0.00541133319967638,0.00522824978296877,0.00505981819901485,0.0049046168942052,0.00476139072094255,0.0046290288532568,0.00450654599897383,0.00439306636944822,0.00428780996725906,0.00419008082838133,0.00409925691794739,0.00401478142991648,0.00393615528306996,0.00386293064054837,0.00379470530910561,0.00373111789858749,0.00367184364289076,0.00361659080176942,0.00356509757925946,0.00351712951019358,0.00347247728245676,0.00343095498077352,0.00339239875982274,0.00335666598279213,0.00332363489914334,0.00329320498589653,0.00326529814386317,0.00323986102710156,0.00321686889173265,0.00319633147659329,0.0031783015639103,0.00316288699424571,0.00315026699401612,0.00314071366745693,0.00313461934278731,0.00313253006586324,0.00313518482066602,0.00314355895338345,0.00315890875053562,0.00318281220308508,0.0032171988082637,0.00326435907542877,0.00332692260539656,0.00340779271972947,0.00351002621173254,0.00363664943389679,0.00379040703106278,0.00397344727211905,0.00418695777490356,0.00443077656612383,0.00470301442923796,0.00499973349311795,0.00531473194031084,0.00563948367597154,0.00596327350108515,0.00627355247380371,0.00655651569133859,0.00679787799567663,0.00698379555736391,0.00710185705337367,0.00714205134856328,0.00709761255493993,0.00696564993575585,0.00674748924760582,0.00644868161361071,0.0060786719625548,0.00565015640528662,0.00517819138093235,0.00467914243903126,0.00416957407831043,0.00366518304749102,0.00317986684091219,0.00272499934543445,0.00230896024911908,0.00193693763402567,0.00161099736418065,0.00133038983625365,0.00109193804230141,0.000888140601777824,0.000687797401461311,0.000423168422761433
4.88356406199112e-15,2.03468741376242e-14,8.00059166910088e-14,3.19816708796985e-13,1.30202146497725e-12,5.38527920433531e-12,2.26603943901157e-11,9.72102103354790e-11,3.63257490291862e-10,8.64409587043571e-10,1.17860070122713e-09,1.1412034606584e-09,1.04549321755814e-09,9.70718794504597e-10,9.0519763157019e-10,8.48147301924138e-10,7.98389879929018e-10,7.54885163484438e-10,7.16792069720634e-10,6.83400914318298e-10,6.54115542386825e-10,6.28432691912983e-10,6.05926051483169e-10,5.86233299798352e-10,5.69045540786469e-10,5.54098665945771e-10,5.41166260447943e-10,5.30053754580102e-10,5.20593583310217e-10,5.12641165239964e-10,5.06071550105113e-10,5.0077661378739e-10,4.96662703341009e-10,4.93648653200769e-10,4.9166410859536e-10,4.90648104060811e-10,4.90547854470243e-10,4.91317723660286e-10,4.92918341925847e-10,4.95315848673778e-10,4.98481240608279e-10,5.02389809152465e-10,5.07020653538178e-10,5.12356258236624e-10,5.18382125248364e-10,5.25086453296779e-10,5.32459857233762e-10,5.40495122017658e-10,5.49186986499995e-10,5.58531952990302e-10,5.6852811918254e-10,5.79175029542886e-10,5.9047354369354e-10,6.02425719694425e-10,6.1503471043547e-10,6.28304671615669e-10,6.42240680008932e-10,6.56848660907165e-10,6.7213532379315e-10,6.88108105434043e-10,7.04775119704152e-10,7.22145113546183e-10,7.40227428565804e-10,7.59031967827308e-10,7.78569167480162e-10,7.98849972898763e-10,8.19885819062136e-10,8.41688614937708e-10,8.64270731664497e-10,8.87644994357138e-10,9.11824677373542e-10,9.36823502906529e-10,9.62655642773869e-10,9.89335723292403e-10,1.01687883313063e-09,1.04530053404078e-09,1.07461687437637e-09,1.10484440530454e-09,1.13600019962485e-09,1.16810187310755e-09,1.20116760826489e-09,1.23521618046918e-09,1.27026698633112e-09,1.30634007425128e-09,1.34345617705733e-09,1.38163674663889e-09,1.42090399049168e-09,1.4612809100823e-09,1.50279134094592e-09,1.54545999444385e-09,1.589312501465e-09,1.63437546723986e-09,1.68067677257374e-09,1.72825192310546e-09,1.77728191409687e-09,1.83072579830133e-09,1.94494333430206e-09,3.22767145410125e-09,2.11044717681922e-08,1.44695036574184e-07
2.39927177771132e-11,2.17248273205806e-10,1.85633086970166e-09,1.53342599285441e-08,1.22578454312247e-07,9.47012722137886e-07,7.1703696451228e-06,5.13540351180285e-05,0.000259866664207518,0.000693998838586338,0.000963117046352376,0.000916724182598088,0.000833770547768001,0.000774463259434205,0.000723801943251003,0.000681218356252947,0.000645164098631746,0.000614412541560267,0.000588031829729228,0.00056527085306031,0.000545527737342546,0.000528315051978106,0.000513235188069906,0.000499961567142458,0.000488224226465697,0.000477798685470646,0.000468497267838338,0.000460162284935992,0.000452660640300289,0.000445879527706498,0.000439722977204707,0.000434109063484926,0.000428967635240187,0.000424238457166411,0.000419869680947742,0.000415816580222872,0.000412040498692408,0.000408507971355845,0.000405189987195988,0.000402061368074012,0.000399100243614845,0.000396287605789124,0.000393606929988278,0.000391043851834372,0.000388585890911022,0.000386222214155833,0.000383943432902901,0.000381741428570562,0.000379609202804909,0.000377540748552568,0.000375530939077138,0.000373575432376614,0.00037167058882281,0.000369813400143549,0.000368001428116188,0.000366232751546956,0.000364505920282527,0.000362819915145115,0.000361174112805671,0.000359568254716266,0.000358002419316422,0.000356476996812421,0.000354992665906265,0.00035355037192433,0.000352151305866757,0.000350796883968736,0.000349488727435183,0.000348228642081958,0.000347018597690423,0.000345860706958988,0.00034475720401745,0.000343710422561355,0.000342722773774026,0.000341796724355888,0.000340934775232003,0.000340139442010668,0.000339413239425217,0.000338758674911966,0.000338178264151005,0.000337674601866496,0.000337250575814708,0.00033690995662686,0.000336658975217739,0.000336510478336712,0.000336494742146344,0.000336687252048208,0.000337279079540713,0.000338752532780941,0.000342312740867952,0.000350931003238797,0.000371825284912488,0.00042225729896479,0.000542845219369924,0.000827591748592301,0.0014903801046983,0.00300944685732867,0.00643118726017898,0.0138417273232055,0.0269171745453016,0.0361734158439735
9.59938243850233e-05,0.000199615535972766,0.000379322369341327,0.000730305829429589,0.00140265710392954,0.00264417441643482,0.00485984354878775,0.00869461386804849,0.0149861754056021,0.0225552598595693,0.0258978733100466,0.0239395769691523,0.0210292895216342,0.0186563697224311,0.0167086355718169,0.0150874260132786,0.0137248050394129,0.0125685293396125,0.0115786039560047,0.0107240430669901,0.00998060734805391,0.00932915886229294,0.00875445467918409,0.00824425334201552,0.00778864666137066,0.00737955542104481,0.00701034544599882,0.00667553285538895,0.00637055597447206,0.00609159748444503,0.00583544473711213,0.00559937928465227,0.00538108893744503,0.005178597315421,0.0049902070747429,0.0048144538936919,0.00465006897550671,0.0044959483328648,0.00435112750264158,0.00421476063227258,0.00408610310357057,0.00396449703313021,0.00384935912296474,0.00374017044002279,0.00363646778564516,0.00353783638103886,0.00344390364639721,0.00335433389236586,0.00326882377542812,0.00318709839521153,0.00310890793305659,0.00303402474848763,0.0029622408643067,0.00289336578253446,0.00282722458285411,0.00276365626297491,0.00270251228673753,0.00264365531108784,0.00258695806745035,0.0025323023767007,0.00247957827999855,0.00242868327030472,0.00237952161155456,0.0023320037342646,0.00228604569786813,0.00224156871135553,0.00219849870487647,0.00215676594587843,0.00211630469414465,0.00207705289079555,0.00203895187700213,0.00200194613897429,0.00196598307707384,0.00193101279948693,0.00189698794677368,0.00186386356758706,0.0018315970992584,0.00180014858616266,0.00176948145411025,0.00173956458570155,0.00171037740672533,0.00168192183557316,0.0016542496046434,0.00162752336686924,0.00160215056417048,0.00157907062016972,0.00156035769153837,0.00155045639686641,0.00155865176638106,0.00160387071098989,0.0017237317288279,0.0019910155472089,0.0025424533485255,0.00362667048401945,0.00567935017076562,0.00943187392977075,0.0160449357518337,0.0270363813898565,0.0413714668088534,0.0450950439212429
7.96013176714078e-05,0.0001670290747875,0.000315762293968939,0.000602519488889098,0.00114989064613517,0.00216240467921403,0.00398012040792981,0.00715772390159412,0.0124377309775052,0.0188893064788508,0.0219113366190031,0.0205117975350538,0.0182394831441338,0.016334197698784,0.0147283263425962,0.0133603806692116,0.0121872856065501,0.0111744464607731,0.0102944241490285,0.00952524043148801,0.00884916418735834,0.0082517901472489,0.00772133655819876,0.00724810573886912,0.0068240667195778,0.00644253008277787,0.00609789292916408,0.0057854375486351,0.00550117149514202,0.00524169978795827,0.00500412219612165,0.00478595022482472,0.00458503966694064,0.00439953552047675,0.00422782678351191,0.00406850918017294,0.003920354286889,0.00378228384874727,0.0036533483243503,0.00353270889132854,0.0034196222964488,0.00331342805375553,0.00321353758870521,0.00311942500136968,0.00303061918174561,0.00294669705827969,0.00286727779942461,0.00279201781933274,0.00272060646419519,0.00265276227643318,0.002588229750884,0.00252677651103064,0.00246819084478988,0.00241227954886237,0.00235886603853281,0.00230778868638865,0.00225889935894176,0.00221206212478747,0.00216715211187757,0.00212405449485157,0.00208266359627123,0.00204288208812884,0.00200462028222505,0.0019677955000031,0.00193233151424171,0.00189815805670876,0.0018652103875382,0.00183342892384239,0.00180275892716405,0.00177315025235172,0.00174455716549983,0.00171693824831411,0.00169025642617359,0.00166447919889661,0.00163957924078992,0.00161553571857339,0.00159233704857203,0.00156998656493369,0.00154851405203273,0.00152799895812126,0.00150861651947769,0.00149072800209774,0.00147505416794818,0.00146300222045277,0.00145726882985474,0.00146292629164092,0.0014893285096313,0.00155336013001352,0.00168479763788159,0.00193482972823652,0.0023890109434284,0.00318590536553621,0.00454205407049192,0.00678207873732606,0.0103688773014151,0.0159219824321488,0.0241954336984271,0.0357630298201906,0.047939508030766,0.0465153060734895
3.06623920423572e-12,2.1108777020495e-11,1.3749942683059e-10,8.89602035354578e-10,5.72986323883234e-09,3.66682246256111e-08,2.35052551087994e-07,1.47549496195337e-06,6.97821957764364e-06,1.82862506224769e-05,2.565048176143e-05,2.51085826987427e-05,2.3398598059752e-05,2.20621900727814e-05,2.07937838188586e-05,1.96184915956668e-05,1.85281620305375e-05,1.75151085286866e-05,1.6573277687052e-05,1.56969209779806e-05,1.4880840102955e-05,1.4120293085877e-05,1.34109534913444e-05,1.27488710311837e-05,1.21304357766384e-05,1.15523462104822e-05,1.10115804723894e-05,1.05053704966403e-05,1.00311787274071e-05,9.58667713780602e-06,9.16972830962173e-06,8.77836835766319e-06,8.41079150673138e-06,8.06533615035331e-06,7.74047223915778e-06,7.4347898633266e-06,7.14698890821481e-06,6.87586967522154e-06,6.62032437150955e-06,6.37932938239236e-06,6.15193824928441e-06,5.93727528417794e-06,5.73452975878707e-06,5.5429506128884e-06,5.36184163208021e-06,5.19055705025762e-06,5.02849753663086e-06,4.8751065311593e-06,4.72986689588943e-06,4.59229785292071e-06,4.46195218261938e-06,4.3384136582971e-06,4.22129469590001e-06,4.11023419934565e-06,4.00489558402493e-06,3.9049649626787e-06,3.81014947938215e-06,3.72017577874567e-06,3.6347885986815e-06,3.55374947620862e-06,3.47683555678374e-06,3.40383849856763e-06,3.33456346387119e-06,3.26882819078481e-06,3.20646213868455e-06,3.14730570193601e-06,3.09120948668809e-06,3.03803364616755e-06,2.98764727035729e-06,2.93992782636812e-06,2.89476064619971e-06,2.85203845893247e-06,2.8116609647e-06,2.77353444806285e-06,2.73757142863886e-06,2.70369034704307e-06,2.67181528435283e-06,2.6418757134405e-06,2.61380628061537e-06,2.58754661611247e-06,2.56304117217565e-06,2.54023908829984e-06,2.51909408674794e-06,2.49956441681478e-06,2.48161293205617e-06,2.46520766414453e-06,2.4503244381551e-06,2.43695804182872e-06,2.42516925569469e-06,2.41528168418228e-06,2.40870156755052e-06,2.4113164308507e-06,2.4475191891957e-06,2.61780778460956e-06,3.33425690017776e-06,6.2784624658266e-06,1.82506452103067e-05,6.50568680678834e-05,0.000212399904447943,0.000444816643834484
4.89498036084429e-06,1.36552306797098e-05,3.47201732981507e-05,8.79250311512209e-05,0.000220626032451543,0.000544136434246919,0.00131451348059424,0.00311496898198347,0.00702399014302166,0.0127433477281066,0.0159913812360749,0.0153969300507414,0.0139756885989915,0.0127642718807013,0.0117061586058002,0.0107753179664624,0.00995351666345688,0.00922491517443964,0.00857641662874969,0.007997054669221,0.00747761108688781,0.0070103020124946,0.00658852638816438,0.00620666307769799,0.00585990638102311,0.00554413206489659,0.00525578775204564,0.00499180284713514,0.00474951420428827,0.00452660453457364,0.00432105116856535,0.00413108327055866,0.00395514597868327,0.00379187024272252,0.00364004736693625,0.00349860745234024,0.00336660108225378,0.00324318371459939,0.00312760234070101,0.00301918404805017,0.00291732618749748,0.00282148789655311,0.00273118277228803,0.00264597252156231,0.00256546144443377,0.00248929162978089,0.00241713876133902,0.00234870844824045,0.00228373300736457,0.00222196863582684,0.00216319292115192,0.00210720264440517,0.00205381183805325,0.00200285006579951,0.00195416089626448,0.00190760054629721,0.0018630366730257,0.0018203472965791,0.00177941983782131,0.00174015025748942,0.00170244228488662,0.00166620672578254,0.00163136084046302,0.00159782778397724,0.0015655361015799,0.00153441927318181,0.00150441530132351,0.0014754663377889,0.00144751834449601,0.00142052078475454,0.00139442634138813,0.00136919065862198,0.00134477210512297,0.00132113155636757,0.00129823219615059,0.00127603934092371,0.00125452030024895,0.00123364431060847,0.0012133826392638,0.00119370910073643,0.00117460158154213,0.00115604601045912,0.00113804618565417,0.00112064742059671,0.00110399226917175,0.00108844944162972,0.00107490666228539,0.00106542359555873,0.00106465908901854,0.00108292602223394,0.00114258330285808,0.00129108483995273,0.00162690572163421,0.00234951809462324,0.0038524699457289,0.0068899095666338,0.0128549037325492,0.0240057305438248,0.0407237017124332,0.0486412371556552
3.00320742712357e-14,2.00048708898674e-13,1.25262352963776e-12,7.78147001039818e-12,4.8122191487205e-11,2.95779508321304e-10,1.8195264048058e-09,1.09865440176092e-08,5.08305973986092e-08,1.32921721989277e-07,1.89699474132653e-07,1.92442651734195e-07,1.86667903892022e-07,1.82795246836843e-07,1.78790584808324e-07,1.74889265016322e-07,1.71083090785767e-07,1.67364697267824e-07,1.6373342498234e-07,1.60186874264607e-07,1.5672299388721e-07,1.53339757455067e-07,1.50035189840646e-07,1.46807367293974e-07,1.43654414953677e-07,1.40574505814662e-07,1.37565859427438e-07,1.34626740673e-07,1.31755458568018e-07,1.28950365101593e-07,1.26209854103146e-07,1.23532360140189e-07,1.2091635744504e-07,1.18360358869486e-07,1.15862914866434e-07,1.13422612497611e-07,1.11038074466415e-07,1.08707958175057e-07,1.06430954805161e-07,1.04205788421083e-07,1.02031215095253e-07,9.99060220549413e-08,9.78290268499267e-08,9.57990765406853e-08,9.38150469067993e-08,9.187584167544e-08,8.99803917699021e-08,8.81276545783102e-08,8.63166132427522e-08,8.45462759692276e-08,8.28156753589169e-08,8.1123867761378e-08,7.94699326503462e-08,7.78529720228629e-08,7.62721098224541e-08,7.47264913870449e-08,7.32152829222057e-08,7.17376710001893e-08,7.02928620850301e-08,6.88800820837424e-08,6.74985759233754e-08,6.61476071533695e-08,6.48264575723154e-08,6.35344268778647e-08,6.22708323381809e-08,6.10350084829777e-08,5.98263068118728e-08,5.8644095517514e-08,5.74877592207198e-08,5.63566987147233e-08,5.52503307155427e-08,5.41680876155152e-08,5.31094172371332e-08,5.2073782584505e-08,5.10606615900308e-08,5.00695468542236e-08,4.90999453769927e-08,4.81513782791467e-08,4.72233805133631e-08,4.63155005645163e-08,4.54273001405502e-08,4.4558353859188e-08,4.37082489516334e-08,4.28765850685826e-08,4.20629745345138e-08,4.12670444508199e-08,4.0488446292266e-08,3.9726895628454e-08,3.89823322392039e-08,3.82555587981977e-08,3.75507719452227e-08,3.68855376525663e-08,3.63298999103945e-08,3.61589150035233e-08,3.74445074219411e-08,4.43387018206532e-08,7.27417451223409e-08,1.79478517225064e-07,4.97964659551829e-07,9.6592708478362e-07
1.00850821326443,0.42042282751238,0.113992425433738,0.033542031060198,0.0168933151862389,0.0135916891984589,0.0129148464012618,0.0127331708685078,0.0127515537477412,0.0122429292536792,0.00849218425236832,0.00329815906275834,0.000750425085569729,0.000135063552611767,2.38971837908397e-05,4.20730184134478e-06,7.33519286294726e-07,1.26899376990068e-07,2.18605443728567e-08,3.79471177407371e-09,6.88682598103805e-10,1.43661810594063e-10,3.9922704479321e-11,1.54976402472059e-11,7.42209284237318e-12,3.85453581399843e-12,2.04331763772373e-12,1.08278031750067e-12,5.6982976884855e-13,2.97214088378495e-13,1.53539835080079e-13,7.85384601424029e-14,3.97728462986214e-14,1.99380227608209e-14,9.89283927350051e-15,4.8579912450541e-15,2.36071301377019e-15,1.13510046715892e-15,5.39988108766929e-16,2.5412493762221e-16,1.18298250431248e-16,5.44668767337638e-17,2.48007821323821e-17,1.11669146895138e-17,4.97155969987265e-18,2.1882708281575e-18,9.52174075708615e-19,4.09540674504488e-19,1.74101410403166e-19,7.31462159383136e-20,3.03686950538044e-20,1.24585080719234e-20,5.04978736771102e-21,2.02213118859448e-21,7.99902915684623e-22,3.12550317206181e-22,1.20620393057175e-22,4.59730658295602e-23,1.73034325705027e-23,6.43089715417261e-24,2.35985891109276e-24,8.54949682555995e-25,3.05773696527672e-25,1.07951787847246e-25,3.76179245144047e-26,1.29377929996191e-26,4.39127823064186e-27,1.47079437378941e-27,4.86080111780595e-28,1.58497703907596e-28,5.09872159866041e-29,1.61802912035172e-29,5.06478519190138e-30,1.5636792698679e-30,4.76110519257223e-31,1.42955837646597e-31,4.23242724527165e-32,1.23546021893013e-32,3.55530045854965e-33,1.00852552644711e-33,2.81976582053489e-34,7.76970468289692e-35,2.10963653029695e-35,5.64370625051945e-36,1.48734310638322e-36,3.86079592279964e-37,9.8691614501598e-38,2.48385410517261e-38,6.15316719689298e-39,1.49986562236346e-39,3.59579385594456e-40,8.47344279172576e-41,1.96091732931627e-41,4.4503460535429e-42,9.88289702849042e-43,2.1390899957491e-43,4.47978108551853e-44,8.94303597393613e-45,1.63885973458815e-45,2.45680122409921e-46
0.0214769779492043,0.0237069287095007,0.022624209658182,0.0233370704099757,0.0259020033752308,0.0295262081987841,0.0336572646287566,0.0379175271326056,0.0420115744870468,0.0442447564237722,0.0404906725110802,0.0322008699587357,0.0250184187105956,0.0201309233137291,0.016751642773855,0.0143265049405177,0.0125280472559061,0.011153365442524,0.0100735651365338,0.00920460340394255,0.00849027604200964,0.00789206774965253,0.00738296323812699,0.00694359175820264,0.00655977419617,0.00622093015827152,0.00591902275604521,0.00564784606320638,0.00540253504640205,0.00517922255333263,0.00497479520559236,0.00478671692520819,0.00461289945085057,0.00445160599786964,0.00430137863368365,0.00416098285422954,0.00402936479809248,0.00390561785959322,0.00378895637392705,0.00367869468340172,0.00357423034303392,0.00347503054495679,0.00338062107343802,0.00329057727224688,0.00320451663167705,0.00312209269616675,0.00304299006381475,0.0029669203022551,0.00289361864564812,0.00282284136808936,0.002754363751837,0.00268797858620351,0.00262349514626052,0.00256073861113011,0.00249954989123356,0.00243978584458446,0.00238131987707975,0.00232404294521697,0.00226786501836176,0.00221271712131728,0.00215855418047936,0.00210535905782243,0.00205314840261734,0.00200198131476946,0.00195197233623849,0.0019033110116323,0.00185629122457038,0.00181135474227587,0.00176915486318407,0.00173064765823725,0.00169721979615471,0.00167086293219666,0.00165440446196482,0.00165180215495731,0.00166850456274699,0.0017118687235373,0.00179161016069445,0.0019202365194591,0.00211338544752881,0.00238995135700598,0.00277184905004836,0.00328323283046811,0.00394897936909043,0.00479226606104799,0.00583114983101353,0.00707418759186767,0.00851534400709418,0.0101286952733696,0.0118637286917923,0.0136423013987953,0.0153584792816397,0.0168824372364231,0.0180692796903169,0.0187729861093579,0.0188647182994689,0.0182535439393921,0.0169053827882664,0.0148233034052183,0.0117502472481524,0.00707178908915227
0.00498961761767594,0.0079070194918957,0.0113262850042383,0.0165276343135195,0.0240241890402594,0.0340328006759696,0.046686991911062,0.0620425035281077,0.0799119697391776,0.0957317717497851,0.097331132394878,0.0850536156391309,0.071187831461737,0.0596772439704998,0.0500758145689412,0.0419929624131816,0.0351857766344533,0.029472994359109,0.024704577953993,0.0207469099705352,0.0174776239386203,0.0147849933608258,0.012568924381826,0.0107419800786901,0.00922976330708099,0.00797052024452462,0.00691410071647762,0.00602051262864032,0.00525830761259015,0.00460298567457313,0.00403554265042672,0.00354122519574952,0.00310851261423353,0.00272831484327456,0.00239335942721655,0.00209773388925319,0.00183655004020725,0.00160570050510839,0.00140168299139685,0.00122147322433461,0.00106243230787894,0.000922238231596909,0.000798834296915197,0.000690389477609302,0.00059526731318965,0.000512001018651264,0.000439273219771609,0.000375899201429856,0.000320812870451132,0.000273054842844464,0.000231762207323906,0.000196159617900083,0.000165551443586361,0.00013931476198136,0.000116893030808057,9.77903102336617e-05,8.15659405319687e-05,6.78296053338671e-05,5.62367310393921e-05,4.64841885584742e-05,3.83062750270896e-05,3.14709611424386e-05,2.57763949044037e-05,2.10476554448727e-05,1.71337518278053e-05,1.39048617028239e-05,1.12498039108866e-05,9.07373791199428e-06,7.296081496444e-06,5.84863684842413e-06,4.67391378899674e-06,3.72363801941661e-06,2.95743145942271e-06,2.34165134158137e-06,1.84837457226233e-06,1.45451397725431e-06,1.14105338079018e-06,8.92388981529429e-07,6.95765147361709e-07,5.40793513696188e-07,4.19045101301661e-07,3.23706038103395e-07,2.49288347731255e-07,1.91388134066835e-07,1.46484328350868e-07,1.11771960854443e-07,8.50246640191935e-08,6.44818032672268e-08,4.87562634219193e-08,3.67594934855835e-08,2.76409328648463e-08,2.07394112403997e-08,1.55445342144175e-08,1.16664352495721e-08,8.81257928869512e-09,6.77050300626757e-09,5.39446386753547e-09,4.57633788944653e-09,4.05582029821382e-09,3.04216780738559e-09
7.85576497935185e-13,3.46438756228694e-12,1.45895437271364e-11,6.23897327322988e-11,2.70634276503689e-10,1.18780359999681e-09,5.2861797966171e-09,2.39022236902118e-08,9.25100792057713e-08,2.22335862977965e-07,2.99497032377038e-07,2.81506060558771e-07,2.49602635954736e-07,2.25201141492612e-07,2.04622185175082e-07,1.87299397223765e-07,1.72656083270697e-07,1.60217783137296e-07,1.49613356761659e-07,1.40543486171345e-07,1.32766492750275e-07,1.26085883444151e-07,1.20340968456944e-07,1.15399599978855e-07,1.11152518369225e-07,1.07508925141018e-07,1.04392994660669e-07,1.01741109550101e-07,9.94996572551195e-08,9.76232643071002e-08,9.60733739030977e-08,9.48170942511196e-08,9.38262615907135e-08,9.30766742909736e-08,9.25474639597914e-08,9.22205768105036e-08,9.20803441712403e-08,9.21131253931832e-08,9.23070098185079e-08,9.26515671333037e-08,9.3137637525713e-08,9.37571547240499e-08,9.45029963019981e-08,9.53688566832978e-08,9.63491391143283e-08,9.74388635442586e-08,9.86335878934768e-08,9.99293406287335e-08,1.01322562918846e-07,1.0281005893442e-07,1.04388953091827e-07,1.06056653235979e-07,1.07810818916314e-07,1.09649334042494e-07,1.11570283315698e-07,1.13571931922315e-07,1.15652708052672e-07,1.17811187870758e-07,1.20046082614165e-07,1.22356227548139e-07,1.24740572535465e-07,1.27198174015881e-07,1.2972818821587e-07,1.32329865432879e-07,1.35002545257771e-07,1.37745652616325e-07,1.40558694525202e-07,1.43441257470412e-07,1.46393005327224e-07,1.49413677749997e-07,1.52503088968623e-07,1.55661126935543e-07,1.58887752773624e-07,1.62183000480752e-07,1.65546976851892e-07,1.68979861583737e-07,1.7248190753084e-07,1.760534410856e-07,1.79694862657415e-07,1.8340664722903e-07,1.87189344970507e-07,1.91043581893296e-07,1.94970060528839e-07,1.98969560617762e-07,2.03042939797176e-07,2.07191134274977e-07,2.11415159481114e-07,2.15716110686868e-07,2.20095163584069e-07,2.24553574817915e-07,2.29092682493113e-07,2.33713907382221e-07,2.38418775656356e-07,2.43209513566595e-07,2.48101988263642e-07,2.53347485585247e-07,2.6302916156111e-07,3.51015727249028e-07,1.57167695457013e-06,1.0454586244802e-05
2.584083584763e-06,7.46526312738299e-06,1.95434115979455e-05,5.0867240480042e-05,0.000131422688460803,0.000334800177632439,0.000838508926400371,0.00206872439601737,0.00485251606275803,0.00904165369669627,0.0115080072114579,0.0111927653375631,0.0102627653535193,0.00945942192481767,0.00874390652047577,0.00810324308529073,0.00752842929747363,0.00701121244982722,0.0065445954412896,0.00612255448359863,0.00573989407158089,0.00539211915599821,0.00507532928516839,0.00478613035010252,0.00452156073748694,0.00427902934791113,0.004056263409381,0.00385126440481432,0.00366227074197687,0.00348772604342555,0.00332625213491903,0.00317662597331699,0.00303775988696067,0.00290868460900754,0.00278853467200114,0.00267653580391072,0.002571994025015,0.00247428619375213,0.00238285178995592,0.00229718575730305,0.00221683225456281,0.00214137918838208,0.00207045341967535,0.00200371655188762,0.00194086122300028,0.00188160783459913,0.00182570166098191,0.00177291028944706,0.00172302134982078,0.00167584049714633,0.0016311896164451,0.00158890522269914,0.00154883703281523,0.00151084668940426,0.00147480661882572,0.00144059900817101,0.00140811488774544,0.00137725330720349,0.00134792059483328,0.0013200296906081,0.00129349954455365,0.00126825457274581,0.00124422416387837,0.0012213422298479,0.00119954679421672,0.00117877961276145,0.00115898582062199,0.00114011360086965,0.00112211386965535,0.00110493997353947,0.00108854739523603,0.00107289346499181,0.00105793707651056,0.00104363840948417,0.0010299586671705,0.00101685985117729,0.00100430462627102,0.00099225639780236,0.000980679883816525,0.000969542826894616,0.000958820309282592,0.000948504957935724,0.000938630328857097,0.000929323410789025,0.000920920567287692,0.000914219572715478,0.000911018796521076,0.000915251516922985,0.000935330183071178,0.00098890005402516,0.00111228351157847,0.00137883264655579,0.00193373931739631,0.00305831353296063,0.00528514878636728,0.00959739222067286,0.0177521853597937,0.0325009901331078,0.0539441618068893,0.0632502944784285
3.89338683707979e-09,2.02249309595287e-08,9.84131526226612e-08,4.74983315627556e-07,2.27660066490882e-06,1.08163229275506e-05,5.1059862636536e-05,0.000239487927487025,0.000941864175401055,0.00228788148256539,0.00314100906220012,0.00304648980317672,0.00278980190622139,0.00258451072690423,0.00240027429773779,0.00223585818166819,0.00208879716413495,0.0019568181198206,0.00183805213852416,0.00173088570620933,0.00163393405348861,0.00154600348264115,0.00146606188797068,0.00139321421339151,0.00132668198826803,0.00126578622957935,0.00120993310467516,0.00115860187221774,0.00111133470830632,0.00106772809762477,0.001027425527841,0.000990111272538545,0.000955505086006638,0.000923357664074993,0.000893446750290832,0.000865573787231754,0.000839561029527921,0.00081524904894462,0.000792494573221418,0.000771168609732448,0.000751154812789639,0.000732348059851057,0.000714653207257711,0.000697984000596394,0.000682262118529525,0.000667416332072527,0.00065338176393891,0.000640099234797518,0.000627514685165258,0.000615578663249132,0.000604245870400776,0.000593474756994095,0.000583227162514174,0.000573467994480376,0.000564164941540729,0.000555288216686966,0.000546810327065576,0.000538705867312947,0.000530951333733202,0.000523524956974745,0.000516406551153805,0.000509577377626838,0.000503020021834175,0.000496718281829411,0.000490657067276804,0.000484822307845622,0.000479200870058932,0.000473780481766968,0.000468549663514098,0.000463497666155081,0.000458614414152146,0.000453890454050562,0.000449316907687687,0.000444885429739796,0.000440588169252679,0.000436417734836968,0.000432367163237753,0.000428429891011851,0.000424599729069554,0.000420870839876701,0.000417237717228198,0.000413695168925363,0.0004102383042874,0.000406862534490648,0.000403563616628518,0.000400337858459449,0.000397182922902469,0.000394100871360742,0.000391109536443375,0.000388284755274205,0.000385916446224715,0.000385082797691803,0.000389753201254471,0.000414455485713248,0.000512103327438945,0.000874506124872772,0.00219080536765809,0.00678468610535893,0.0197782948972535,0.0379450357935581
0.0329504420716608,0.0340112728822623,0.0302836263764773,0.0295370669658736,0.0314276061589726,0.0346009820302228,0.0382343240537841,0.0418459766617303,0.0451340743416174,0.0464179172579311,0.0415482527459987,0.032288152900585,0.0246243547377548,0.0196246803145923,0.0162951415247131,0.0139752480585509,0.012292158167585,0.0110248536539157,0.0100384167362258,0.00924795096540038,0.00859842806188902,0.00805314439248083,0.0075869418972677,0.00718212759779352,0.00682595707955759,0.00650904525689501,0.00622433939161843,0.00596644060084313,0.00573114602805847,0.00551513365857196,0.00531574119885783,0.00513080817715327,0.00495856131346627,0.00479753001769187,0.00464648320985698,0.00450438146401288,0.00437034032568673,0.00424360188916736,0.00412351256047758,0.00400950551025243,0.00390108672458968,0.00379782384750827,0.00369933721293972,0.00360529261185694,0.00351539544787421,0.0034293860138264,0.00334703568034624,0.00326814383084215,0.00319253540947826,0.00312005897263229,0.00305058515198613,0.00298400545054128,0.00292023130281746,0.00285919333854224,0.00280084079657787,0.00274514104420659,0.00269207916824563,0.00264165762165442,0.00259389593647644,0.00254883055716599,0.00250651491627621,0.00246701997936298,0.00243043564445444,0.00239687361528119,0.00236647270334809,0.00233940798188167,0.00231590584374272,0.00229626782505001,0.00228090704182716,0.00227040219707561,0.00226557522078946,0.00226759945844205,0.00227814551646401,0.00229957080050746,0.00233515562717028,0.00238938256129933,0.00246824528385746,0.00257955797050587,0.00273321557351799,0.00294133037670506,0.00321814331504325,0.00357958477124419,0.00404234658937866,0.00462233517763999,0.00533241661245846,0.00617944959628493,0.007160737449955,0.0082602132156763,0.00944488518992996,0.0106622783397975,0.0118397558994691,0.0128866272573926,0.0136997742775011,0.0141731086971358,0.0142105024856359,0.0137409624815178,0.0127330906001251,0.0111810740724039,0.00888083735876753,0.00535592899497381
9.11282639037587e-12,9.99353655174816e-11,1.04669131633031e-09,1.0713905007139e-08,1.072331941139e-07,1.04686109796106e-06,1.01974136365674e-05,9.05511208137212e-05,0.000511029754845205,0.00141387717704799,0.0019595166833525,0.00183967782068428,0.00166137055237977,0.00153258802293581,0.00141816727730304,0.00131959386101474,0.00123405320884356,0.00115937527108496,0.00109390227075503,0.00103623930271339,0.00098524235736098,0.000939961716263688,0.000899605123087619,0.000863508258096816,0.000831111245474411,0.000801939980370994,0.000775591154122924,0.000751720189086374,0.000730031465341071,0.000710270363650443,0.000692216755402579,0.000675679651163178,0.000660492781513999,0.000646510931621278,0.000633606887972411,0.000621668884512856,0.000610598457938074,0.000600308639598056,0.000590722425450849,0.000581771476589516,0.000573395011700291,0.000565538859876403,0.000558154647888479,0.000551199100590086,0.00054463343684272,0.000538422846355339,0.000532536035288753,0.000526944830484108,0.000521623833824058,0.000516550119593868,0.000511702968832381,0.000507063635593385,0.000502615140811648,0.000498342090113051,0.00049423051244777,0.000490267716877909,0.000486442165231369,0.000482743358654469,0.000479161736366921,0.000475688585152414,0.000472315958313166,0.000469036602982894,0.000465843894834405,0.000462731779339304,0.000459694718841285,0.000456727644794002,0.000453825914591685,0.000450985272487555,0.000448201814153325,0.000445471954484079,0.000442792398297835,0.00044016011361921,0.000437572307272897,0.00043502640254581,0.000432520018707682,0.000430050952209363,0.000427617159406715,0.000425216740687272,0.000422847925910546,0.000420509061124843,0.000418198596649249,0.000415915077028027,0.000413657134933758,0.000411423497131082,0.000409213033766573,0.000407024970160572,0.000404859709962757,0.000402721939055042,0.000400632138989606,0.000398668716782483,0.000397120152920164,0.00039702729213621,0.000402090745794801,0.000425290654570887,0.000511552661281464,0.000814284903414448,0.00184809455925891,0.00521707532800139,0.0140759200771045,0.025353391770224
1.63414191910646e-13,1.10790617525418e-12,7.08441282777235e-12,4.4970596407191e-11,2.84192036973555e-10,1.78472180968553e-09,1.12224894911642e-08,6.91801847722864e-08,3.23865164949073e-07,8.48003072570423e-07,1.19967141540768e-06,1.19512409108116e-06,1.13588774704037e-06,1.09098800048106e-06,1.04691932907267e-06,1.00509202167165e-06,9.6535273336859e-07,9.2755308549079e-07,8.91596209766166e-07,8.573798896433e-07,8.24809823187597e-07,7.93797167075216e-07,7.64258345218722e-07,7.361147233233e-07,7.0929228704617e-07,6.83721350934438e-07,6.593362851978e-07,6.36075261121768e-07,6.13880013537106e-07,5.92695619146383e-07,5.7247028959084e-07,5.53155178218485e-07,5.34704199592777e-07,5.17073860851871e-07,5.00223104093755e-07,4.84113159022958e-07,4.68707405150262e-07,4.53971242888242e-07,4.39871972933042e-07,4.26378683366732e-07,4.13462143955212e-07,4.01094707154223e-07,3.89250215370824e-07,3.7790391405988e-07,3.67032370264987e-07,3.56613396240884e-07,3.4662597782011e-07,3.3705020721045e-07,3.27867219931842e-07,3.19059135621981e-07,3.10609002458965e-07,3.02500744967082e-07,2.94719114988396e-07,2.87249645618159e-07,2.80078607916377e-07,2.73192970221174e-07,2.66580359901947e-07,2.60229027401731e-07,2.54127812428864e-07,2.48266112167804e-07,2.42633851387991e-07,2.37221454337986e-07,2.32019818319698e-07,2.27020288844493e-07,2.22214636279278e-07,2.17595033896425e-07,2.13154037246602e-07,2.08884564778243e-07,2.047798796317e-07,2.00833572539935e-07,1.97039545771125e-07,1.93391998051774e-07,1.89885410411896e-07,1.86514532896626e-07,1.83274372091234e-07,1.801601794091e-07,1.77167440094685e-07,1.74291862896042e-07,1.71529370364155e-07,1.6887608974014e-07,1.6632834439944e-07,1.63882645848583e-07,1.61535686373513e-07,1.5928433286213e-07,1.57125624073241e-07,1.55056780832372e-07,1.53075268199698e-07,1.51179069304437e-07,1.49367820355764e-07,1.47647434633835e-07,1.46048791963393e-07,1.44702842430775e-07,1.44140814740744e-07,1.46488011909282e-07,1.60186530616154e-07,2.18575254893832e-07,4.51957943189603e-07,1.33708637245235e-06,4.03174526277507e-06,8.11159783050669e-06
0.405100178643073,0.223215416934948,0.092087993724044,0.0452783026962408,0.0313150834676454,0.0269387147533187,0.0252769986227978,0.024399151377426,0.0238515653144931,0.0225648000319008,0.0174448016737281,0.0105332954400556,0.00658275102524752,0.00513177879491887,0.00458043429366875,0.00430827828031464,0.00412945139325582,0.00398564877209257,0.00385771175533685,0.00373897936116458,0.00362696576252709,0.00352066432128599,0.00341963416323907,0.00332367287010363,0.00323269027344635,0.00314665477865928,0.00306556744576418,0.00298944747742141,0.00291832282062464,0.00285222332233318,0.00279117534532441,0.00273519736506297,0.00268429634677914,0.00263846484068446,0.0025976788113352,0.00256189626841778,0.0025310568062348,0.0025050821955483,0.00248387820792885,0.00246733789072553,0.00245534654960096,0.00244778873258915,0.00244455753975106,0.00244556659781748,0.00245076502863667,0.00246015568936859,0.00247381685369541,0.00249192731713405,0.0025147946255838,0.00254288572642706,0.00257685881372043,0.00261759448210888,0.00266622353365614,0.00272414793629857,0.00279305057908208,0.00287488870703749,0.00297186537963498,0.00308637314175121,0.00322090450285855,0.00337792496527057,0.00355970637450086,0.0037681213718804,0.00400440370140173,0.00426888391548124,0.00456071533233446,0.00487761044104446,0.00521561268603021,0.00556893192529049,0.00592987303389118,0.00628888536203369,0.006634755490889,0.00695495672126884,0.00723615619349048,0.00746486522125561,0.00762820163418149,0.0077147164594252,0.0077152232577921,0.00762355906508535,0.00743720313369022,0.00715768489489059,0.00679072624398623,0.00634608474694904,0.00583709185340053,0.00527991078336726,0.00469256878740547,0.00409384403907155,0.00350210488989849,0.00293420588258262,0.00240453945292714,0.00192432502056344,0.00150119025875579,0.00113906628951343,0.000838383850328902,0.000596525832026277,0.000408467193885047,0.000267518867410944,0.000166087817192285,9.62928786507353e-05,4.9969576624623e-05,2.00383139892157e-05
0.0451974600387269,0.044131159257897,0.0392832450165827,0.0396865279390267,0.0435999748530608,0.0488853426133795,0.054481151968898,0.0599142205026389,0.0650396245963137,0.0666516739455308,0.0559524127185897,0.0369404781941196,0.0224684974779989,0.0142132922248355,0.00952341421880752,0.00677023909215221,0.00510169614917849,0.00405525508594416,0.00337478504028725,0.00291524133904066,0.00259252896682352,0.00235669016563862,0.00217731335171396,0.00203544295769625,0.0019190017837243,0.00182014341131951,0.00173368484088427,0.00165615602848403,0.00158520952927343,0.00151924530867833,0.00145716725200279,0.00139822223459822,0.00134189213870478,0.00128782053192669,0.00123576244295792,0.00118554975273025,0.0011370672607009,0.00109023610705531,0.00104500228943568,0.00100132871731107,0.000959189724407959,0.000918567287405156,0.000879448426445506,0.000841823421741007,0.000805684591757516,0.000771025456465096,0.000737840163789406,0.000706123095582936,0.000675868596002944,0.000647070783572048,0.000619723420847951,0.000593819824273487,0.00056935280264573,0.000546314616601203,0.000524696954174987,0.000504490919284223,0.000485687031212521,0.000468275234043849,0.000452244915664973,0.000437584936538448,0.000424283669035536,0.000412329048795738,0.000401708640441301,0.000392409721144473,0.000384419387204628,0.000377724691230959,0.00037231282122338,0.000368171338610236,0.000365288501526656,0.000363653714701035,0.000363258172413882,0.000364095803301866,0.000366164697759525,0.000369469321851334,0.000374024032987932,0.000379858775509127,0.000387028456728694,0.000395628568913665,0.000405821438409863,0.000417880566191287,0.000432265734976654,0.00044975032302333,0.000471636938248493,0.000500121944450663,0.000538910069820942,0.000594247572523564,0.000676653785596702,0.000803815328015459,0.00100541397749026,0.00133117255490946,0.00186427091308567,0.00274377016127231,0.00420226867456187,0.00662959191841744,0.0106815770195135,0.0174681351647616,0.0288723883672534,0.0477349876947075,0.073274017792996,0.0816714671758861
4.57835488476288e-11,3.12459386966923e-10,2.02059481010143e-09,1.29830278753105e-08,8.30483406977824e-08,5.27789554185713e-07,3.35936146365063e-06,2.09615302187414e-05,9.8771355688988e-05,0.00025792684449599,0.000359372971470854,0.000347467564053921,0.000319155648153454,0.000296866526199497,0.000276178049634272,0.000257334103098624,0.000240143889750077,0.00022443087952,0.000210051318998562,0.000196874168645421,0.000184783218530308,0.000173674792015788,0.000163456299886129,0.000154044945641337,0.000145366588376829,0.000137354750522665,0.000129949748107245,0.000123097927844208,0.000116750996951408,0.000110865433637832,0.000105401967860192,0.000100325123373124,9.56028133156004e-05,9.12059826197571e-05,8.71082914237547e-05,8.32858344395286e-05,7.97168918880762e-05,7.6381708185001e-05,7.32622950507775e-05,7.03422561449189e-05,6.76066306905552e-05,6.50417538739951e-05,6.2635132079629e-05,6.03753312599481e-05,5.82518769485519e-05,5.62551646051239e-05,5.43763791391604e-05,5.26074225969135e-05,5.09408491162576e-05,4.9369806359357e-05,4.7887982725096e-05,4.64895597239584e-05,4.51691689688961e-05,4.39218532979966e-05,4.27430315995466e-05,4.16284669583454e-05,4.05742377846897e-05,3.95767116250278e-05,3.86325213864979e-05,3.77385437369461e-05,3.68918794680387e-05,3.60898356321301e-05,3.53299092839747e-05,3.46097726764758e-05,3.3927259775706e-05,3.32803539746352e-05,3.26671768975572e-05,3.20859781982946e-05,3.15351262650054e-05,3.10130997529846e-05,3.05184798743276e-05,3.00499433798317e-05,2.96062561741422e-05,2.91862675099988e-05,2.8788904711587e-05,2.84131683805384e-05,2.80581280411377e-05,2.77229181838608e-05,2.74067346686101e-05,2.71088314510939e-05,2.68285175982555e-05,2.65651545635292e-05,2.631815370859e-05,2.60869741222221e-05,2.58711210586931e-05,2.56701464840224e-05,2.54836582181453e-05,2.53113655313475e-05,2.51532800603606e-05,2.50105769768385e-05,2.48892527532042e-05,2.4815583005059e-05,2.490117777171e-05,2.5615696487218e-05,2.89256527528162e-05,4.3029965236048e-05,0.000101811638418978,0.00033660420007073,0.001089851181933,0.0023014607458137
5.21567464273104e-11,4.12876601932437e-10,3.07812387306502e-09,2.24376407155939e-08,1.60114809988004e-07,1.11621902361236e-06,7.67557729235328e-06,5.06900235253148e-05,0.000245695955384177,0.000648615398856793,0.000908249955498162,0.000882811064634247,0.000817022404199337,0.000766853370156464,0.000720861990311821,0.000679558257318051,0.000642367450523494,0.000608778183220104,0.000578381433438254,0.000550815852262472,0.000525769297446166,0.000502970278218355,0.000482182106579405,0.0004631979121607,0.000445836435903196,0.000429938486207893,0.000415363939113347,0.000401989192781084,0.000389705001453331,0.000378414627418417,0.000368032260237171,0.000358481661209417,0.000349694998187838,0.000341611841684529,0.000334178298012222,0.000327346259155201,0.000321072752332931,0.000315319374929538,0.000310051802717417,0.000305239361186266,0.000300854651367474,0.000296873222872884,0.000293273287991679,0.000290035471646702,0.00028714259283259,0.00028457947386863,0.000282332774421086,0.000280390847802033,0.000278743617551845,0.000277382472777189,0.000276300181163782,0.000275490819034953,0.000274949718313078,0.000274673430805582,0.000274659710950674,0.000274907519134117,0.000275417049111519,0.0002761897852375,0.000277228598580475,0.000278537896305974,0.000280123847006663,0.00028199471746551,0.000284161375738986,0.000286638044123137,0.000289443426730634,0.000292602393510232,0.000296148478623582,0.000300127547668471,0.000304603103576357,0.000309663827867248,0.000315434076893413,0.000322088145666034,0.000329869136804319,0.000339113180560213,0.000350279491189797,0.000363986272670577,0.000381051795285474,0.000402539119485263,0.000429802137236639,0.000464530222529027,0.000508789498302742,0.000565061565580023,0.000636286962888818,0.000725932545139964,0.000838121680181099,0.000977896056569532,0.00115171991751148,0.00136839215153881,0.00164059627718686,0.00198738502601153,0.00243794890065789,0.00303702971127672,0.00385227068412377,0.0049835919478368,0.00657428472803199,0.00882285280849958,0.0119903096844439,0.0163001014541435,0.0206956824560962,0.0195032935047714
0.00636459272291059,0.00821873555832772,0.00985789770984451,0.0127512800918889,0.0170644261109187,0.0226855685375551,0.0294882422920465,0.0372864001752524,0.0457603008267643,0.0522341540631344,0.0501074438816038,0.0407958078047266,0.0322392782678187,0.0263417240502794,0.0222068937683784,0.0191940995747027,0.0169253811444123,0.0151650717167888,0.0137623642159506,0.0126180938994072,0.0116653521826256,0.0108578822461878,0.0101629650896274,0.00955695721502401,0.00902242928346005,0.00854629243411444,0.00811854666286567,0.00773142884710297,0.00737882243274228,0.00705584154922472,0.00675853339719513,0.00648366213125798,0.00622854975277207,0.00599095745585431,0.00576899606470719,0.00556105765609528,0.00536576279276009,0.00518191938876705,0.00500849033315227,0.004844567773591,0.00468935251198524,0.00454213735854297,0.00440229357698282,0.00426925976286927,0.00414253265175111,0.0040216594690385,0.00390623152017224,0.00379587878524944,0.00369026533234684,0.00358908540228039,0.0034920600473413,0.00339893422977049,0.0033094743039433,0.00322346582060085,0.0031407116028621,0.00306103005284086,0.00298425365498133,0.00291022764809707,0.00283880884284919,0.00276986456526036,0.00270327171000964,0.00263891588983155,0.00257669066946175,0.00251649687432305,0.00245824196560632,0.00240183947464672,0.00234720849061669,0.00229427319669515,0.00224296245130165,0.00219320941327975,0.00214495121432702,0.00209812869120773,0.00205268621014464,0.00200857165844506,0.00196573676892734,0.00192413813144306,0.0018837396314464,0.00184451782622562,0.00180647327237935,0.0017696536721563,0.00173419996876765,0.00170043590969877,0.00166903772958684,0.00164134712718392,0.00161993203118808,0.00160955969742897,0.00161882575402587,0.00166277116709676,0.00176688584376945,0.00197287429948597,0.0023463202137242,0.00298573708931915,0.004031177420041,0.00566835168249158,0.0081210305993322,0.0116208158114215,0.016337588308579,0.0221491557000365,0.0270948534640809,0.0241121944911128
0.067312594883991,0.0634007353752072,0.050714369478482,0.044909882316953,0.0442787285354457,0.0458114011791463,0.0479392944061988,0.0499072243553435,0.0513743347513922,0.0507211267214134,0.0438711637605985,0.0330476649162083,0.0246133391767994,0.0193722628985833,0.0160073811014564,0.013712386931988,0.0120625231346838,0.0108208845332088,0.00984982567565662,0.00906599336704065,0.00841684235374866,0.00786795928022575,0.00739599023508766,0.00698456352174147,0.00662186261701809,0.00629913593149452,0.00600975424942411,0.00574859764242795,0.005511646124058,0.00529569964826836,0.00509818228052951,0.00491700242094914,0.00475045114423618,0.00459712694537102,0.00445587906647506,0.00432576405823194,0.00420601184090333,0.00409599859935089,0.00399522457084981,0.00390329528654062,0.00381990518485082,0.00374482277824375,0.00367787675597239,0.00361894256670737,0.00356792916015015,0.00352476568517307,0.00348938804925237,0.00346172534304646,0.00344168622614972,0.00342914545524207,0.00342393081309953,0.00342581076477815,0.00343448322412867,0.00344956585819481,0.00347058838794743,0.00349698736071619,0.00352810387265065,0.00356318470895501,0.00360138734570258,0.00364178921895569,0.00368340161173112,0.00372518843048509,0.00376609002853728,0.00380505206612347,0.00384105915069231,0.00387317264620866,0.00390057154433412,0.00392259462652983,0.00393878130408515,0.00394890752438314,0.00395301204772066,0.00395140736853125,0.00394466879664705,0.0039335950272332,0.00391913427154667,0.0039022720669474,0.00388388053953988,0.00386453428744173,0.00384430501744282,0.0038225550147175,0.00379775737375018,0.00376737710913356,0.00372784990086376,0.00367469237220212,0.00360276791044867,0.00350671451407795,0.00338151682111922,0.00322317597480062,0.0030294027555179,0.00280023725736631,0.0025384885165685,0.00224989512357864,0.00194293563196395,0.00162826426790774,0.0013178072384046,0.00102361688254684,0.000756613883593397,0.000524717157357512,0.000326624511712846,0.000155830916696545
0.963235300206536,0.424519480623409,0.123131002040964,0.0379514522916863,0.0184803973166075,0.0139035474499423,0.0125650266979832,0.0119575384992846,0.0116360983101727,0.0109342011630884,0.00763551887863407,0.00320405453456557,0.000961632235120375,0.000343858237723546,0.000180149707801586,0.000116162710309529,7.9974054228913e-05,5.56751633154807e-05,3.8562396376421e-05,2.64553872787289e-05,1.79549271152312e-05,1.20511501518749e-05,7.99850860808883e-06,5.24945506021606e-06,3.4067570291577e-06,2.1861965817932e-06,1.38726198424894e-06,8.70461095349559e-07,5.40085301128689e-07,3.31358443501375e-07,2.01028228148126e-07,1.20597979157475e-07,7.15397940848665e-08,4.19643706808691e-08,2.4341079267509e-08,1.39612965540532e-08,7.91843209962633e-09,4.44100108736914e-09,2.46292681270342e-09,1.35067784444408e-09,7.32457403515389e-10,3.92775119753497e-10,2.08275037993394e-10,1.09210091471676e-10,5.66266978580276e-11,2.90344245096329e-11,1.47210676421858e-11,7.38074247436872e-12,3.65928290455544e-12,1.79402137935605e-12,8.69751935735491e-13,4.16965175809688e-13,1.97670170659419e-13,9.26658640905755e-14,4.29571989003718e-14,1.9691998980321e-14,8.92650276162828e-15,4.00138572001807e-15,1.77368565323724e-15,7.77462385634718e-16,3.36990437412097e-16,1.44440735176583e-16,6.12200313089033e-17,2.56581971345063e-17,1.06336748344253e-17,4.35772482316183e-18,1.7658272162388e-18,7.07520721583365e-19,2.80298307424905e-19,1.09793462966401e-19,4.25194129450958e-20,1.62789970626065e-20,6.16121160228065e-21,2.30496075370888e-21,8.52258977920678e-22,3.11409021180667e-22,1.12426998406487e-22,4.00962205300941e-23,1.41229785777301e-23,4.9115265013783e-24,1.68589029738364e-24,5.70946217120016e-25,1.9068501927983e-25,6.27717533793108e-26,2.03551038453893e-26,6.49737648635904e-27,2.03988397025017e-27,6.29313453100396e-28,1.90566539627957e-28,5.65697110199977e-29,1.64364816961117e-29,4.66554347911924e-30,1.29072111940359e-30,3.46934539397091e-31,9.02159116426665e-32,2.25524128861779e-32,5.36505742160916e-33,1.19261193262691e-33,2.3758357393229e-34,3.76435934459143e-35
1.6158884484524e-07,6.22418578076989e-07,2.17692052620852e-06,7.44314843093063e-06,2.49065616055947e-05,8.13318613107827e-05,0.000258968620302889,0.000807338503244136,0.00230782868841551,0.00482746916887188,0.00647223487694729,0.00649898075164308,0.00617185479451651,0.00590303543628523,0.00566279591720016,0.00544747791830597,0.00525430506912443,0.00508055592391228,0.0049239626376105,0.00478256736705548,0.00465468064978729,0.00453883896288495,0.00443377025775524,0.00433836540212233,0.00425165441000709,0.00417278658817477,0.00410101389039376,0.00403567691150242,0.00397619306256847,0.00392204655549426,0.0038727798949636,0.00382798663150235,0.00378730517464135,0.00375041350212057,0.00371702463172659,0.00368688274840806,0.00365975990234015,0.00363545321519779,0.00361378255379812,0.00359458865452632,0.00357773171101707,0.0035630904743415,0.00355056196276935,0.00354006194052234,0.00353152640490291,0.00352491442054274,0.00352021275728047,0.00351744291866149,0.00351667127852724,0.00351802315137502,0.00352170167428521,0.00352801232793652,0.00353739371417827,0.00355045477405448,0.00356801791201523,0.00359116644477195,0.00362129340699234,0.00366014706622997,0.00370986664658005,0.0037729999437975,0.00385249303406138,0.00395164150935166,0.00407399302692248,0.00422319282740572,0.00440276754078618,0.00461584815389378,0.00486484027280043,0.00515105826003904,0.00547434859488054,0.00583273573291426,0.00622212948798201,0.00663613518717015,0.00706600544802158,0.00750076474854166,0.00792752502006142,0.00833199309162222,0.00869915054788886,0.00901406569559679,0.00926277854444718,0.0094331857306669,0.009515845523941,0.00950462508770865,0.00939712356519343,0.0091948246438671,0.00890295905664244,0.008530087979839,0.0080874487328969,0.00758813057937248,0.00704616709223903,0.00647563966190385,0.00588988280982155,0.00530086619112806,0.00471880244238167,0.00415199784990565,0.00360692881956812,0.0030884947038277,0.002600140021159,0.00213849132504253,0.00164789915838235,0.000996469280415612
0.59996141530082,0.311847745775727,0.119859051275479,0.055694889498578,0.0376350471708416,0.0320584724339746,0.0298026658986108,0.0285004849843703,0.0276292185966809,0.0262957052192838,0.0218227325201615,0.0160135741453351,0.012927853906793,0.01195905637411,0.0116586334985547,0.0115277202956228,0.0114380114019597,0.0113515691311993,0.0112534034996698,0.0111349887790116,0.010990187037705,0.0108142864623079,0.0106038246796208,0.0103565928788501,0.0100716557840175,0.00974933998807487,0.00939117774409879,0.00899980562007023,0.00857882317341437,0.00813262011170022,0.00766618234632294,0.00718488819442201,0.00669430584830597,0.00620000222371891,0.00570737158020269,0.00522149009066727,0.00474700006884616,0.00428802509743896,0.00384811507305451,0.0034302183890962,0.00303667724229612,0.00266924142355389,0.00232909591107569,0.00201689802571869,0.00173282068591849,0.00147659923778536,0.00124758026222088,0.001044771530644,0.000866892797316479,0.000712427340640261,0.000579674117361918,0.000466800139323017,0.000371892319511602,0.000293007669256856,0.000228220456865281,0.000175664827906353,0.000133571470146283,0.000100297175002626,7.43465628780457e-05,5.4385740401014e-05,3.92481732701813e-05,2.79335230106056e-05,1.96005578364758e-05,1.35554758936366e-05,9.23706463223957e-06,6.20007414093243e-06,4.09803103429013e-06,2.666497350734e-06,1.70752216538685e-06,1.07577499229053e-06,6.6661512347548e-07,4.0615655970171e-07,2.4324205041791e-07,1.43142398589031e-07,8.27435431977191e-08,4.69656957256531e-08,2.61664207166887e-08,1.43037758903896e-08,7.66855784672708e-09,4.03025746595651e-09,2.07534568112209e-09,1.04652336802433e-09,5.16471566294516e-10,2.49282717475325e-10,1.17587328938847e-10,5.4160570218862e-11,2.43354581777313e-11,1.06547460248347e-11,4.53967159069125e-12,1.87934473484139e-12,7.54518377076779e-13,2.93090605685065e-13,1.09829349407869e-13,3.95491810426348e-14,1.36133397714481e-14,4.44526369962698e-15,1.36089856276562e-15,3.82775904113608e-16,9.45620775819587e-17,1.81008541042428e-17
1.732115807063e-12,9.47100315131795e-12,5.01852670705797e-11,2.64201320527919e-10,1.3768848721513e-09,7.09917625233204e-09,3.64270970458816e-08,1.86398759147459e-07,7.78755646619524e-07,1.91684354597186e-06,2.54478483750937e-06,2.29761155190143e-06,1.96011046605229e-06,1.72363331011572e-06,1.54070425804314e-06,1.39858311993208e-06,1.28725343074388e-06,1.19938933491098e-06,1.1297387433086e-06,1.07441561924188e-06,1.0305134590968e-06,9.958272095547e-07,9.68662552598589e-07,9.47702010802049e-07,9.31909662936904e-07,9.2046248730098e-07,9.12700278187481e-07,9.08088688434143e-07,9.06191656576507e-07,9.06650618481527e-07,9.09168675419776e-07,9.13498419291197e-07,9.19432482026718e-07,9.26796132716003e-07,9.35441427512092e-07,9.45242547027316e-07,9.56092049413802e-07,9.67897835293997e-07,9.80580670531971e-07,9.94072149637757e-07,1.00831300997416e-06,1.02325172743991e-06,1.03884333975931e-06,1.05504845523097e-06,1.07183241373188e-06,1.0891645736362e-06,1.10701770360379e-06,1.12536746230434e-06,1.14419195235026e-06,1.16347133722997e-06,1.1831875120215e-06,1.20332382024583e-06,1.22386481048254e-06,1.24479602738617e-06,1.26610383256539e-06,1.28777525145852e-06,1.30979784289105e-06,1.33215958845748e-06,1.35484879925098e-06,1.3778540377842e-06,1.4011640532152e-06,1.42476772822342e-06,1.44865403607795e-06,1.47281200661155e-06,1.49723069996187e-06,1.52189918707077e-06,1.54680653604632e-06,1.57194180359186e-06,1.59729403079528e-06,1.62285224265008e-06,1.64860545074969e-06,1.67454265865902e-06,1.70065286952289e-06,1.72692509552102e-06,1.75334836882395e-06,1.77991175374458e-06,1.80660435981602e-06,1.8334153555587e-06,1.86033398272916e-06,1.88734957086868e-06,1.91445155199359e-06,1.94162947529005e-06,1.96887302169516e-06,1.99617201826271e-06,2.02351645222756e-06,2.05089648469568e-06,2.07830246389918e-06,2.10572493796636e-06,2.13315466716626e-06,2.16058263559732e-06,2.18800006235398e-06,2.21539841460187e-06,2.2427695218054e-06,2.27010906426474e-06,2.29749814092348e-06,2.32637638361114e-06,2.37497547791208e-06,2.71057456530126e-06,7.56626509792694e-06,5.09464855834368e-05
0.0128761661884027,0.0161662335478494,0.0179037585134054,0.0210340971451064,0.0257803883838956,0.0316987127501061,0.0383519560842573,0.0453094694880367,0.0521064607986184,0.0565371251706624,0.0535131526951864,0.0445873094555262,0.036447065334181,0.0306929353173282,0.0265651392299173,0.0234985531740912,0.0211492468184827,0.0192977168185798,0.0178007438605027,0.0165626568129228,0.0155180735704962,0.0146213212629945,0.0138398207414104,0.01314986812029,0.0125338925738621,0.0119786400359804,0.0114739481646766,0.0110119055949084,0.0105862652861203,0.0101920286991333,0.00982514667757523,0.00948230129121223,0.00916074467563072,0.00885817856478734,0.00857266327422782,0.00830254828711223,0.00804641890643608,0.00780305503487798,0.00757139926571536,0.00735053226791565,0.00713965402618281,0.00693806991816498,0.006745180919211,0.00656047744794272,0.00638353652158219,0.00621402199042722,0.00605168767488634,0.00589638324399717,0.00574806266034206,0.00560679498406745,0.00547277729233449,0.00534634944561138,0.00522801043292623,0.00511843606168067,0.00501849781596548,0.00492928275764611,0.00485211431905517,0.00478857362571338,0.00474052044290673,0.0047101117876008,0.00469981452457602,0.00471240578025183,0.00475095181738676,0.00481875241934201,0.00491923445992323,0.00505577617634989,0.00523144403677408,0.00544862848338341,0.00570857458295229,0.00601081950036226,0.00635257041467151,0.00672808215521685,0.00712811975750032,0.00753961192324458,0.00794561053368062,0.00832566254421035,0.00865666917897221,0.00891425229606912,0.00907457308197384,0.00911646346396603,0.00902365033674938,0.0087867941239168,0.00840504275193185,0.00788683121699806,0.00724973819247361,0.00651933613075557,0.00572712082058369,0.00490775340511699,0.00409596328188643,0.00332351946630147,0.00261666703915386,0.00199434502629631,0.00146736831809734,0.00103859640267893,0.000703958184312553,0.000454084212677668,0.000276233354762445,0.000156078516657821,7.85146794944697e-05,3.0429828587378e-05
1.96198334411295e-14,8.18385869940982e-14,3.22218940645499e-13,1.28949069553087e-12,5.25422663160182e-12,2.17451197660333e-11,9.15341926988867e-11,3.92735385211455e-10,1.46764338707374e-09,3.49260522752794e-09,4.76287665572773e-09,4.6132224333212e-09,4.22788787064004e-09,3.92684476531044e-09,3.66290305322086e-09,3.4329104291039e-09,3.23211654520362e-09,3.05632922613384e-09,2.9021606981931e-09,2.7667533775067e-09,2.64770730051058e-09,2.54299654194737e-09,2.45090472598247e-09,2.36997266222611e-09,2.29895571026552e-09,2.23678896074708e-09,2.18255867064263e-09,2.13547873849252e-09,2.09487125578746e-09,2.0601503686305e-09,2.0308088383549e-09,2.00640681114034e-09,1.98656240239683e-09,1.97094377748873e-09,1.95926247063714e-09,1.95126773193711e-09,1.9467417309578e-09,1.94549547637415e-09,1.94736533607795e-09,1.95221006245744e-09,1.95990824398034e-09,1.97035611762064e-09,1.98346568763147e-09,1.99916310515906e-09,2.01738727059192e-09,2.03808862664553e-09,2.06122811523646e-09,2.0867762753945e-09,2.11471246295217e-09,2.14502417566372e-09,2.17770646984318e-09,2.21276145665489e-09,2.25019786790871e-09,2.2900306826605e-09,2.33228080714244e-09,2.37697480158313e-09,2.42414464835717e-09,2.47382755665052e-09,2.52606579946521e-09,2.58090657932999e-09,2.63840191954855e-09,2.69860857821458e-09,2.76158798256469e-09,2.82740618153325e-09,2.89613381462565e-09,2.96784609544358e-09,3.04262280838304e-09,3.12054831718717e-09,3.20171158417506e-09,3.28620619908756e-09,3.37413041659442e-09,3.46558720159602e-09,3.5606842815291e-09,3.65953420495142e-09,3.76225440573582e-09,3.86896727225186e-09,3.97980022095288e-09,4.09488577381986e-09,4.21436163914131e-09,4.33837079513094e-09,4.46706157590314e-09,4.60058775934052e-09,4.73910865639853e-09,4.88278920139992e-09,5.03180004287707e-09,5.18631763452268e-09,5.34652432581045e-09,5.51260845184676e-09,5.68476442201433e-09,5.86319280702381e-09,6.04810042539501e-09,6.23970046554758e-09,6.43821357464902e-09,6.64389290139936e-09,6.85757243666874e-09,7.09123336281894e-09,7.57358828818894e-09,1.28363103857593e-08,8.62612209694704e-08,5.95163262527004e-07
1.07071390351752,0.302584534343673,0.0712735532364797,0.0365482051647746,0.0326599223089917,0.032244632143942,0.0321972199851426,0.0320943264296268,0.0323971492654911,0.0319355700293705,0.0221326652364811,0.00780013431970537,0.00133026852251545,0.000139118962891359,1.30641158334462e-05,1.24937748291235e-06,1.18913548660904e-07,1.12845676521276e-08,1.06821217786761e-09,1.00842986933399e-10,9.49453723144681e-12,8.91534743251666e-13,8.34908463296958e-14,7.79786183627797e-15,7.26353511272318e-16,6.74770669926836e-17,6.25172440433547e-18,5.7766859184831e-19,5.32344600501681e-20,4.89262697938973e-21,4.48463423989853e-22,4.09968497306769e-23,3.73788377373537e-24,3.39948061861744e-25,3.08584724019837e-26,2.80327301744596e-27,2.5777457867933e-28,2.51218808286065e-29,3.00644557178697e-30,5.59609662504009e-31,1.6124948668814e-31,5.66463294622699e-32,2.09705759159433e-32,7.81764462948445e-33,2.90137820681695e-33,1.06907890172719e-33,3.90849162169034e-34,1.41753149770638e-34,5.09988915405621e-35,1.82005906961579e-35,6.44320491867381e-36,2.26258901556927e-36,7.88119855836355e-37,2.72306008786449e-37,9.33245481594718e-38,3.17251346947477e-38,1.06973196008039e-38,3.57771050412978e-39,1.18683060810922e-39,3.90499014702222e-40,1.27436220530286e-40,4.12478515048328e-41,1.32415470479808e-41,4.21597602284728e-42,1.3312885191357e-42,4.16920316901391e-43,1.29488852633704e-43,3.98842273784923e-44,1.21828752337197e-44,3.69035177344877e-45,1.1085204950131e-45,3.30191023785712e-46,9.75256234683641e-47,2.85620304502627e-47,8.29391427056356e-48,2.38787389392308e-48,6.81590448852038e-49,1.92873200959677e-49,5.41039675119425e-50,1.50440051208288e-50,4.14608319277154e-51,1.13242439915459e-51,3.06496337395336e-52,8.21909180531239e-53,2.18337703158687e-53,5.74441617628946e-54,1.49643276921008e-54,3.85844300152524e-55,9.84272044794164e-56,2.48260723448879e-56,6.18645322671096e-57,1.52136620002813e-57,3.68636736287456e-58,8.78074239819641e-59,2.04880524004714e-59,4.656498774471e-60,1.02102286886422e-60,2.12134630706573e-61,4.00504347368518e-62,6.09392722467069e-63
3.81925570355065e-11,2.5612359879711e-10,1.62432840842367e-09,1.02369516052872e-08,6.42591677870819e-08,4.00982016004664e-07,2.50619780977945e-06,1.53805891034972e-05,7.17953214229726e-05,0.000187084177884424,0.000261607497511669,0.000255031621143062,0.000236373730070597,0.000221704445743521,0.000207925809977376,0.000195249957380354,0.000183574176983275,0.000172801212677306,0.000162852787151747,0.000153656099661975,0.000145145842054013,0.000137263022325715,0.000129954322098122,0.000123171502843302,0.000116870875239888,0.000111012829911052,0.000105561420109516,0.000100483990549789,9.57508468959063e-05,9.13349611457034e-05,8.72117087429337e-05,8.33586337613033e-05,7.97552389518672e-05,7.63827978346451e-05,7.32241863549071e-05,7.02637319210285e-05,6.7487077899869e-05,6.48810618722493e-05,6.24336061495438e-05,6.01336192263748e-05,5.79709069970435e-05,5.59360926974263e-05,5.40205446519599e-05,5.22163110091154e-05,5.05160607401777e-05,4.89130302567647e-05,4.74009750736777e-05,4.59741260065391e-05,4.46271494492522e-05,4.33551113255126e-05,4.21534443521597e-05,4.10179182907736e-05,3.99446128981637e-05,3.89298933167961e-05,3.79703876731991e-05,3.70629666763771e-05,3.62047250295898e-05,3.53929644878374e-05,3.46251784102815e-05,3.38990376718814e-05,3.32123778119428e-05,3.25631873092431e-05,3.1949596884082e-05,3.13698697371644e-05,3.08223926437719e-05,3.03056678293442e-05,2.98183055594799e-05,2.93590173835575e-05,2.89266099767633e-05,2.85199795303608e-05,2.81381066446037e-05,2.77800516828447e-05,2.74449505491586e-05,2.71320108552246e-05,2.68405084453285e-05,2.65697842511633e-05,2.63192414506529e-05,2.60883429073107e-05,2.58766088687494e-05,2.56836149052335e-05,2.55089900731207e-05,2.5352415300228e-05,2.52136220381288e-05,2.50923914255466e-05,2.49885550378193e-05,2.49020017524259e-05,2.48327095708216e-05,2.47808802766952e-05,2.47474974671314e-05,2.47366220837941e-05,2.4764792779592e-05,2.48993712087408e-05,2.54143695134325e-05,2.74213387090469e-05,3.54140733088149e-05,6.74922692912212e-05,0.000195966643051449,0.00069218386148261,0.00223842520675323,0.00465201855253169
8.04547128530585e-11,5.36213137333035e-10,3.38669959097087e-09,2.12484008814815e-08,1.32650948290088e-07,8.22356262600722e-07,5.10049017143607e-06,3.1075470342966e-05,0.000144383537286196,0.00037471909919109,0.000520222567389914,0.000500648979069463,0.000457236876343715,0.000423222534842243,0.000392160949860128,0.000364240726727533,0.000339090669549545,0.00031637440309831,0.000295817751466996,0.000277177769578459,0.000260243106430929,0.00024482888442966,0.000230773070114906,0.000217933352243921,0.000206184476952995,0.000195415977900405,0.000185530235223542,0.000176440812613076,0.000168071029516849,0.000160352732638153,0.000153225236722337,0.000146634409449249,0.000140531879252697,0.000134874348216361,0.00012962299496901,0.000124742954817861,0.000120202866297144,0.000115974474934315,0.000112032286402303,0.000108353262376308,0.000104916553384141,0.000101703263759436,9.86962445019819e-05,9.58799104390412e-05,9.32400785829282e-05,9.07638250070791e-05,8.84393579272651e-05,8.62559049860584e-05,8.42036130054048e-05,8.22734587009639e-05,8.045716904851e-05,7.87471501619424e-05,7.71364236883977e-05,7.56185698520162e-05,7.41876763869723e-05,7.28382926948929e-05,7.15653886438178e-05,7.03643174971725e-05,6.92307825233103e-05,6.81608068903136e-05,6.71507064979964e-05,6.61970654403477e-05,6.52967138277781e-05,6.44467077301526e-05,6.36443110292844e-05,6.28869789938122e-05,6.21723434106248e-05,6.14981991255721e-05,6.08624918624548e-05,6.02633072034668e-05,5.96988606266348e-05,5.91674885065659e-05,5.86676399941616e-05,5.81978696990739e-05,5.77568311057035e-05,5.73432706596347e-05,5.69560224666757e-05,5.65940035512914e-05,5.62562096253295e-05,5.59417113219475e-05,5.56496508549257e-05,5.53792390758789e-05,5.51297529465211e-05,5.49005336312784e-05,5.4690986235619e-05,5.45005858074983e-05,5.43289099309745e-05,5.41757867775352e-05,5.40419455495529e-05,5.39318486084753e-05,5.38659708024494e-05,5.39338642098249e-05,5.45227669281897e-05,5.72994747764218e-05,6.94146707086848e-05,0.000121446819810362,0.000343156360672861,0.00125178490240531,0.00424325255590958,0.00920017378603617
2.64122465573786e-15,1.09895903058089e-14,4.31391261223422e-14,1.72148172413906e-13,6.9967230992824e-13,2.88927012765448e-12,1.21387141470195e-11,5.1995703458155e-11,1.9410002824444e-10,4.61748560703467e-10,6.29820858663346e-10,6.10390093703512e-10,5.59752682057832e-10,5.2016910396381e-10,4.85434496018811e-10,4.55150042885395e-10,4.28701550799505e-10,4.05545244211515e-10,3.85241091929555e-10,3.67417252739839e-10,3.51760960874351e-10,3.38007839721708e-10,3.25933646359443e-10,3.1534755063062e-10,3.06086649387182e-10,2.98011475983793e-10,2.91002308007317e-10,2.84956119791104e-10,2.79784057560287e-10,2.7540933989563e-10,2.71765505646806e-10,2.68794946737643e-10,2.66447675414576e-10,2.64680285102033e-10,2.63455071689289e-10,2.62739288201608e-10,2.62504510728942e-10,2.62726097450293e-10,2.63382725797799e-10,2.64455995405807e-10,2.65930086607794e-10,2.67791465973366e-10,2.70028631794519e-10,2.72631893594808e-10,2.75593180694931e-10,2.78905875661803e-10,2.82564669126136e-10,2.8656543300056e-10,2.90905109586358e-10,2.95581614438084e-10,3.00593751174751e-10,3.05941136694686e-10,3.11624135477103e-10,3.17643801844245e-10,3.24001829219277e-10,3.30700505551981e-10,3.37742674200478e-10,3.45131699656173e-10,3.52871437583446e-10,3.6096620871772e-10,3.69420776227157e-10,3.78240326196135e-10,3.87430450933938e-10,3.96997134851131e-10,4.06946742679568e-10,4.17286009840897e-10,4.28022034793273e-10,4.39162273207515e-10,4.50714533842486e-10,4.62686976005479e-10,4.75088108497292e-10,4.87926789953663e-10,5.01212230505111e-10,5.14953994686267e-10,5.29162005533559e-10,5.43846549816897e-10,5.59018284356884e-10,5.74688243384212e-10,5.90867846902291e-10,6.07568910018135e-10,6.24803653209767e-10,6.4258471350147e-10,6.60925156520677e-10,6.79838489412593e-10,6.99338674590576e-10,7.19440144301975e-10,7.40157815990629e-10,7.61507108438475e-10,7.83503958670166e-10,8.06164839613362e-10,8.29506778699487e-10,8.53547382348732e-10,8.78304992020422e-10,9.03802063521855e-10,9.30138681888218e-10,9.58901835261326e-10,1.02039672320501e-09,1.71135263554491e-09,1.13353341471683e-08,7.77809559622845e-08
8.56375132028208e-14,3.80249637282753e-13,1.61322551428743e-12,6.94060252119245e-12,3.02407191450965e-11,1.33112499080908e-10,5.93301268923203e-10,2.6833348264099e-09,1.03832239189895e-08,2.49698256111979e-08,3.37204398603555e-08,3.18676013251218e-08,2.8468442107493e-08,2.59051241614848e-08,2.37645868438845e-08,2.19834988218079e-08,2.04977296100405e-08,1.92549942247215e-08,1.82147402691468e-08,1.7344517480432e-08,1.66183295897712e-08,1.60152055109604e-08,1.55181319107327e-08,1.51132333644702e-08,1.47891384350916e-08,1.45364863902322e-08,1.43475406524394e-08,1.42158839063938e-08,1.41361760713149e-08,1.41039609789585e-08,1.41155110172922e-08,1.41677015429813e-08,1.4257908769435e-08,1.43839262710366e-08,1.45438963308393e-08,1.47362531873686e-08,1.49596758712217e-08,1.52130488116568e-08,1.54954287726652e-08,1.58060169733964e-08,1.61441354789212e-08,1.65092071289793e-08,1.69007384157312e-08,1.73183048351475e-08,1.77615383270067e-08,1.82301164905324e-08,1.87237533203426e-08,1.9242191253589e-08,1.97851943562698e-08,2.03525425065339e-08,2.09440264567961e-08,2.15594436757904e-08,2.21985948872146e-08,2.28612812340877e-08,2.35473020079352e-08,2.42564528899137e-08,2.4988524657367e-08,2.57433023143861e-08,2.65205646089786e-08,2.73200839026637e-08,2.81416263608527e-08,2.89849524344166e-08,2.98498176044865e-08,3.07359733638871e-08,3.16431684097447e-08,3.25711500228095e-08,3.35196656099376e-08,3.44884643870338e-08,3.54772991806033e-08,3.64859283269128e-08,3.75141176486497e-08,3.85616424898912e-08,3.96282897911796e-08,4.0713860187532e-08,4.18181701132976e-08,4.29410538989164e-08,4.40823658458193e-08,4.5241982266924e-08,4.64198034814371e-08,4.76157557539357e-08,4.88297931689835e-08,5.00618994338006e-08,5.13120896027688e-08,5.25804117187864e-08,5.38669483676797e-08,5.5171818143032e-08,5.64951770198856e-08,5.78372196368114e-08,5.91981804868108e-08,6.05783350186244e-08,6.19780006569914e-08,6.33975379290838e-08,6.4837357109312e-08,6.62980772661626e-08,6.77840425315969e-08,6.93649947800813e-08,7.22208591203607e-08,9.88583391661588e-08,4.83836936793482e-07,3.37133084189233e-06
0.000104212687093207,0.000219950894805257,0.000399872609651092,0.000721324712791742,0.00130751696527143,0.00236424540434861,0.00424452483329021,0.00755748380233299,0.0131841800761198,0.0203291142646646,0.0242608790437258,0.0237053677065664,0.02207090627489,0.0205879500992983,0.0192337089607091,0.0179910222942975,0.0168496588728382,0.0157997803818124,0.0148327112588051,0.0139407152566269,0.0131168848099763,0.0123550403021246,0.0116496428879343,0.0109957188236783,0.0103887936090719,0.00982483455804527,0.00930020062920748,0.00881159853415825,0.00835604429882629,0.00793082958554093,0.00753349219525783,0.00716179026313992,0.00681367973870861,0.00648729480563643,0.00618093094714486,0.00589303040181407,0.00562216978217728,0.00536704964552168,0.00512648581372712,0.00489940223784109,0.00468482519482192,0.0044818785902584,0.00428978012404809,0.00410783805849436,0.00393544831283683,0.00377209159776936,0.00361733030088721,0.00347080484185202,0.00333222923649176,0.00320138564347741,0.00307811771613264,0.00296232264476556,0.00285394184993575,0.00275295037140792,0.00265934508727128,0.00257313198804495,0.00249431281621181,0.00242287145699572,0.00235876052600213,0.00230188863889713,0.00225210886395051,0.00220920884773464,0.00217290306688823,0.00214282759571346,0.00211853769333028,0.00209950840966046,0.00208513829257051,0.00207475615607858,0.0020676307493631,0.00206298305648388,0.00206000086530647,0.00205785517887293,0.00205571801063139,0.0020527811131344,0.00204827524394225,0.00204148967764724,0.00203179183330805,0.00201864710480761,0.00200163925785734,0.00198049208729641,0.00195509340023514,0.00192552278063765,0.00189208495675851,0.00185535086514936,0.00181620857752612,0.00177592597587588,0.0017362262162487,0.00169937534104012,0.00166827855622352,0.00164657732504366,0.00163873320278375,0.00165007601456686,0.00168678356936667,0.00175574804312151,0.00186427153641428,0.00201951935511434,0.00222723620457505,0.00247859396138096,0.00262536227071078,0.00213326370667591
3.81417951234948e-07,1.3082824920177e-06,4.02469897372618e-06,1.21165026818303e-05,3.58201699862944e-05,0.000103653866477943,0.000293234628384101,0.000813709879271121,0.00211046625660909,0.00419098609053831,0.00554872202891197,0.00560838930763367,0.00537095147622768,0.0051736686605901,0.00499716242259955,0.00483874166562301,0.0046966931966869,0.00456926081334317,0.00445496913358692,0.00435253447542264,0.00426084222425731,0.00417892302267025,0.00410593328376823,0.0040411390509407,0.00398390271039434,0.00393367222380134,0.00388997267846268,0.00385240009947942,0.00382061763382614,0.00379435441196632,0.00377340762707427,0.00375764864844786,0.00374703429834533,0.00374162474914748,0.00374160979738489,0.00374734547105141,0.0037594029215526,0.00377863120284123,0.003806234683437,0.00384386430179399,0.0038937195193114,0.00395865458158677,0.00404227863583192,0.00414903463597238,0.00428423730873658,0.00445404653217769,0.00466535030605401,0.00492553222155136,0.00524210307915782,0.00562218589373526,0.00607185824492129,0.00659537523786448,0.00719431868592803,0.00786674092282782,0.00860639143637201,0.00940212736632069,0.0102376110564396,0.0110913864299263,0.011937399751121,0.0127459903566532,0.0134853266794679,0.0141232081323651,0.0146291015607222,0.0149762399367272,0.0151435878551288,0.0151174781594942,0.0148927484284175,0.0144732530890758,0.0138716909903701,0.0131087609369344,0.0122117290718196,0.0112125523864016,0.0101457440991955,0.00904618429565698,0.00794707190618495,0.00687818439572883,0.00586456509399409,0.00492570248752734,0.00407520915385542,0.00332095769372625,0.0026655925338235,0.00210731291989428,0.00164081434334471,0.00125828136673758,0.000950341075172579,0.000706909118302085,0.000517885417022326,0.000373680555586662,0.000265574089496958,0.000185921005476612,0.000128231952277081,8.71570379026566e-05,5.84029319321073e-05,3.86099556329255e-05,2.52110367259006e-05,1.62889302433983e-05,1.04420918190014e-05,6.65368565961226e-06,4.10513978997925e-06,2.09418626771156e-06
0.10237821406632,0.0846528348199667,0.0589307866752226,0.0468815374063197,0.0431521629612782,0.0425858516935346,0.0429442260198738,0.0433491283357222,0.0435224064437112,0.0420402222155947,0.0351002532600853,0.0249801156390446,0.0177080673603659,0.0136708107890872,0.0113435803781834,0.00988401981442952,0.0088932072986148,0.00817101365926793,0.0076123799226888,0.00715943987271953,0.00677871426625364,0.00644986150961872,0.00615992320296284,0.00590026899890172,0.00566491234453324,0.00544954643705682,0.00525097169886012,0.00506674345770195,0.0048949476967341,0.00473405375047183,0.00458281469269261,0.00444019816719246,0.00430533719294992,0.00417749441339795,0.00405603560939644,0.00394040973451264,0.00383013363444578,0.00372478019271465,0.00362396902573923,0.00352735910572524,0.00343464286400077,0.00334554144840448,0.00325980089356244,0.00317718902376816,0.00309749295217643,0.00302051707216617,0.00294608146049667,0.00287402062977171,0.00280418258164825,0.00273642812380054,0.0026706304244533,0.0026066747901091,0.00254445866716935,0.00248389188954413,0.00242489722631407,0.00236741133196371,0.00231138627472199,0.00225679192681854,0.00220361965756322,0.00215188799230916,0.00210165120533501,0.00205301221918389,0.00200614169781596,0.00196130584299837,0.00191890610394677,0.00187953471894879,0.0018440505927983,0.00181368026106753,0.00179014828656383,0.00177583995163255,0.00177399603544763,0.00178893423802849,0.00182628393086855,0.00189321009973433,0.00199858877503115,0.00215308083235545,0.00236903573053778,0.00266014472521047,0.00304075883055381,0.0035247957902171,0.00412418833242724,0.00484687780965453,0.00569443497709134,0.00665949030067828,0.00772327011444618,0.00885364441807982,0.0100041716523693,0.0111146448945267,0.0121135724361084,0.0129228418711361,0.0134645166514163,0.0136693200638626,0.0134859277055302,0.0128897992459895,0.0118900356156001,0.0105327398371631,0.00889927220782858,0.0070862241626467,0.00508461509826673,0.00278223362946811
3.15282739156556e-10,1.97611258503337e-09,1.16878458581045e-08,6.87001621363407e-08,4.02181380756429e-07,2.3406092312494e-06,1.36226834274796e-05,7.82720733508343e-05,0.000351254708330313,0.000900724262538418,0.00125206052050195,0.00121404888390296,0.00111607772295099,0.00103836610543744,0.000966614619371449,0.000901361164706868,0.000841935731956015,0.000787703780567611,0.000738144281251686,0.000692786787375227,0.000651215315225698,0.000613060204873411,0.000577992528198413,0.000545719159310947,0.000515978476892761,0.000488536631287053,0.000463184290538553,0.000439733800571185,0.000418016702816477,0.000397881560982615,0.000379192055601684,0.000361825310882803,0.000345670423405584,0.000330627166446747,0.000316604847361381,0.000303521298537224,0.000291301985087371,0.000279879214712918,0.000269191437109971,0.000259182621963714,0.000249801706006856,0.000241002100855248,0.000232741254398974,0.000224980259447409,0.000217683504122641,0.000210818359184883,0.000204354898071226,0.000198265645948151,0.00019252535452946,0.000187110799804178,0.000182000600161332,0.000177175052697277,0.000172615985752156,0.000168306625950173,0.000164231478217969,0.000160376217430153,0.000156727590484141,0.000153273327740716,0.000150002062884403,0.000146903260361044,0.000143967149640503,0.000141184665631984,0.000138547394649189,0.000136047525383819,0.000133677804399733,0.000131431495707426,0.000129302344020113,0.000127284541329493,0.000125372696471829,0.000123561807383838,0.000121847235773807,0.000120224683956522,0.000118690173621734,0.000117240026325099,0.000115870845508365,0.000114579499872046,0.000113363107939407,0.000112219023665219,0.000111144822957171,0.000110138290993575,0.000109197410245327,0.00010832034917185,0.000107505451777245,0.000106751229055042,0.000106056356701653,0.000105419696847449,0.000104840414756755,0.000104318472513554,0.000103856616346268,0.000103468264068941,0.000103208624688225,0.00010329700366527,0.000104595867702614,0.000110481275087492,0.000134122424659339,0.000226716531703849,0.00058577864908789,0.00192719136868404,0.00597754517723459,0.0120810390124843
1.0106999189563,0.316120301991535,0.0747050732661299,0.0326044102263419,0.0270688026014604,0.0264056212963234,0.0263468575989648,0.0263043664728555,0.0265657240246556,0.0259881744473429,0.0179798794383348,0.00649825064655211,0.00120397979906919,0.000150466987747023,1.77804795619746e-05,2.12930150749313e-06,2.54300674753948e-07,3.03531099492085e-08,3.6206887608995e-09,4.316030168292e-10,5.14185348501162e-11,6.12386909979278e-12,7.30184373099312e-13,8.77624133189893e-14,1.09665157807897e-14,1.60440739030296e-15,3.58397302523116e-16,1.35176978966212e-16,6.67614678071383e-17,3.54850848894563e-17,1.90790417571481e-17,1.02254378719727e-17,5.4451174483271e-18,2.87884121004416e-18,1.51091062880472e-18,7.87133790225502e-19,4.0703966829087e-19,2.08927471093705e-19,1.06443162183265e-19,5.38265151241504e-20,2.7016176200174e-20,1.34583994001971e-20,6.65422660624997e-21,3.2653447981475e-21,1.5903047061404e-21,7.6867706607495e-22,3.68733087392324e-22,1.75540402728488e-22,8.29336734725653e-23,3.88835056790532e-23,1.80914052385222e-23,8.35301068019732e-24,3.82709158045596e-24,1.73996589007171e-24,7.84963328938438e-25,3.51386547774053e-25,1.56076690123604e-25,6.87856342984644e-26,3.00783098593411e-26,1.30494981146892e-26,5.61703412518744e-27,2.39872667000158e-27,1.01625294073192e-27,4.27126350200036e-28,1.7808597248492e-28,7.36556732487302e-29,3.02182357874569e-29,1.22970365295825e-29,4.96341891758905e-30,1.9869620935542e-30,7.8886678557272e-31,3.10597797304785e-31,1.21268066067237e-31,4.69480861977857e-32,1.80210227347274e-32,6.85794534293055e-33,2.58714118953707e-33,9.6741089235044e-34,3.58520072363372e-34,1.31664001009235e-34,4.79073375011502e-35,1.726782979457e-35,6.1642470407545e-36,2.17880299965783e-36,7.62289176050426e-37,2.63892582398928e-37,9.03541661574153e-38,3.05806468494184e-38,1.02241773581775e-38,3.37381012340619e-39,1.0975965910288e-39,3.51529005494664e-40,1.10616324997207e-40,3.41053037801768e-41,1.02621006551116e-41,2.99516322351469e-42,8.39594799141203e-43,2.22036107053941e-43,5.31400145888976e-44,1.01784205664278e-44
1.68615941827569e-12,1.02966232303215e-11,6.07485428633282e-11,3.5106356177592e-10,1.9818788960196e-09,1.09353319443943e-08,5.94339916950503e-08,3.18836666011648e-07,1.36901721123211e-06,3.40003539658131e-06,4.50256752573879e-06,4.03068623238749e-06,3.41869803017236e-06,3.00529656457513e-06,2.69587573856992e-06,2.4632887412787e-06,2.287248967575e-06,2.15339512436492e-06,2.05169487597052e-06,1.97489269658153e-06,1.91766600008229e-06,1.87604232679424e-06,1.84701117675887e-06,1.8282587836719e-06,1.81798390016629e-06,1.81476790002906e-06,1.81748180413181e-06,1.82521879103134e-06,1.83724453720494e-06,1.85296019474064e-06,1.87187443823573e-06,1.89358209847948e-06,1.91774763591657e-06,1.94409221095279e-06,1.97238345752183e-06,2.00242731099242e-06,2.03406141451075e-06,2.06714975135562e-06,2.10157823979094e-06,2.13725109145707e-06,2.17408778160909e-06,2.21202051440069e-06,2.25099209238182e-06,2.29095411886753e-06,2.33186547658812e-06,2.37369103729426e-06,2.41640056566802e-06,2.45996778763719e-06,2.50436959848331e-06,2.5495853903261e-06,2.59559648191865e-06,2.64238563639044e-06,2.68993665477637e-06,2.73823403497544e-06,2.78726268727771e-06,2.83700769884387e-06,2.88745414056846e-06,2.9385869106411e-06,2.99039060987198e-06,3.04284944448953e-06,3.0959471526688e-06,3.14966695152422e-06,3.20399150171096e-06,3.2589028871355e-06,3.31438260758592e-06,3.37041158236345e-06,3.42697016323269e-06,3.48403815521571e-06,3.54159484393617e-06,3.59961902838004e-06,3.65808905807917e-06,3.71698287384789e-06,3.77627805131168e-06,3.8359518465628e-06,3.89598124336257e-06,3.95634300138476e-06,4.01701370506057e-06,4.07796981264359e-06,4.13918770516539e-06,4.2006437349971e-06,4.262314273773e-06,4.32417575946757e-06,4.38620474244866e-06,4.44837793035741e-06,4.51067223168974e-06,4.57306479797611e-06,4.63553306447518e-06,4.69805478931394e-06,4.76060809102147e-06,4.82317148441869e-06,4.8857239149213e-06,4.94824479541777e-06,5.01071423704886e-06,5.07312021291997e-06,5.13563044606701e-06,5.2012604461375e-06,5.30638410802498e-06,5.94997400281603e-06,1.53550544182104e-05,0.000106735037971535
1.54823170014659e-13,8.59055321799483e-13,4.61385891016216e-12,2.45449658632901e-11,1.28881334027005e-10,6.67723004541329e-10,3.4341689590033e-09,1.75734377764381e-08,7.33745634968133e-08,1.80732420531742e-07,2.40775344149729e-07,2.19051504349587e-07,1.88792304290766e-07,1.67851006765475e-07,1.51819188582216e-07,1.39540670632841e-07,1.30104385249515e-07,1.22846374631451e-07,1.17292445899031e-07,1.13092876965408e-07,1.09987040703721e-07,1.07777992379701e-07,1.0631509988732e-07,1.05481876271987e-07,1.05187335909814e-07,1.05359773456833e-07,1.05942228102551e-07,1.06889136021443e-07,1.08163830529537e-07,1.09736653942838e-07,1.11583515621812e-07,1.136847788409e-07,1.16024392408077e-07,1.18589206221515e-07,1.2136842637597e-07,1.243531771425e-07,1.2753614557038e-07,1.30911290572932e-07,1.3447360282908e-07,1.38218905125254e-07,1.42143685204725e-07,1.46244955014627e-07,1.50520131610304e-07,1.54966936010941e-07,1.59583307086057e-07,1.64367328152312e-07,1.69317164420462e-07,1.74431009787496e-07,1.79707041744376e-07,1.85143383384496e-07,1.90738071666124e-07,1.96489031214711e-07,2.02394053055972e-07,2.08450777754447e-07,2.14656682499603e-07,2.21009071735971e-07,2.27505070978272e-07,2.34141623489105e-07,2.40915489527155e-07,2.47823247899554e-07,2.5486129957373e-07,2.62025873122915e-07,2.69313031795846e-07,2.76718682015723e-07,2.84238583126507e-07,2.91868358216495e-07,2.99603505859996e-07,3.07439412628127e-07,3.15371366229243e-07,3.23394569148609e-07,3.31504152665587e-07,3.39695191134907e-07,3.47962716426635e-07,3.56301732427235e-07,3.64707229511676e-07,3.73174198903833e-07,3.81697646849617e-07,3.90272608534129e-07,3.98894161680908e-07,4.07557439777789e-07,4.16257644880245e-07,4.24990059949088e-07,4.33750060685289e-07,4.42533126830246e-07,4.5133485290518e-07,4.60150958368429e-07,4.68977297174234e-07,4.77809866721167e-07,4.86644816182641e-07,4.95478454216241e-07,5.04307256064798e-07,5.1312787060312e-07,5.21937150198913e-07,5.30732968649168e-07,5.39533437639355e-07,5.48678433091278e-07,5.62520887594969e-07,6.46601903227678e-07,1.8735615471017e-06,1.31098065581509e-05
6.61240008563633e-10,4.21723626212349e-09,2.50594319867068e-08,1.45701079626591e-07,8.30507508363469e-07,4.63384627444688e-06,2.54188065487761e-05,0.000136151811863026,0.000581952731649711,0.00146769640657348,0.00205442086029866,0.002034161725437,0.00191089652443438,0.00181517061000582,0.00172674103823113,0.00164625532925831,0.00157292639154922,0.00150597404900397,0.00144476620779257,0.00138873633819715,0.00133738644591445,0.00129027657011518,0.00124701733135942,0.00120726348180479,0.00117070836153186,0.00113707914011976,0.00110613271834611,0.00107765219206659,0.00105144379523571,0.00102733425248787,0.001005168482765,0.000984807604693042,0.000966127202111177,0.000949015814611745,0.000933373623380022,0.000919111307213124,0.000906149047497239,0.000894415664258139,0.000883847868277839,0.00087438961678244,0.00086599156243518,0.000858610587392551,0.000852209416080957,0.000846756302219036,0.000842224787565292,0.000838593532078178,0.000835846217884112,0.000833971533037859,0.00083296324611379,0.000832820390075889,0.000833547584963007,0.000835155545600508,0.000837661845442758,0.000841092044208587,0.000845481339394579,0.000850876974656811,0.000857341735683678,0.000864958988960135,0.000873839869060648,0.0008841333868251,0.00089604039375762,0.000909832461629553,0.000925876766163024,0.000944667925601625,0.000966867348277419,0.000993349890835854,0.00102525643537454,0.00106404931338077,0.00111156536468209,0.0011700589588432,0.00124222480422483,0.00133118826133934,0.00144044973717731,0.001573770225355,0.00173498781722188,0.00192776052999977,0.00215523925013138,0.00241968567024497,0.00272206291979158,0.00306163965754588,0.00343565969772754,0.00383913647370983,0.00426483253409974,0.00470347698071586,0.0051442572923324,0.00557559647037298,0.00598619333500439,0.00636626580846847,0.0067088979214404,0.00701135554464938,0.00727620824044843,0.00751207977675637,0.00773385189860642,0.00796216823259666,0.00822212988639354,0.0085411291662707,0.00894421175689903,0.00940731284659363,0.00943590137547072,0.00732562777369215
7.43872276569156e-15,3.09606202694787e-14,1.21570044463811e-13,4.85200333649085e-13,1.97198105599301e-12,8.14173730514207e-12,3.41947964860246e-11,1.46406445235365e-10,5.46341644680534e-10,1.29962737564313e-09,1.77320089166405e-09,1.7195991540782e-09,1.57812961698468e-09,1.46758253671022e-09,1.37052604653467e-09,1.28585364485162e-09,1.21185001437005e-09,1.14699651230285e-09,1.09006466554714e-09,1.04001633578058e-09,9.95978226077453e-10,9.57211959202034e-10,9.23090987455174e-10,8.93081808252813e-10,8.66728642990775e-10,8.43640904409213e-10,8.23482898906793e-10,8.05965333075437e-10,7.90838281877912e-10,7.77885345789677e-10,7.66918778883043e-10,7.57775412834216e-10,7.50313235810206e-10,7.44408512141762e-10,7.39953350147767e-10,7.36853642629036e-10,7.3502731831023e-10,7.34402853587956e-10,7.34918002894836e-10,7.36518713246599e-10,7.3915819444242e-10,7.42796121205953e-10,7.47397947497895e-10,7.52934316469071e-10,7.59380552189894e-10,7.66716221494925e-10,7.74924756106194e-10,7.83993126714859e-10,7.93911561963628e-10,8.04673306327215e-10,8.16274411771642e-10,8.28713558815062e-10,8.4199190323755e-10,8.56112945214742e-10,8.71082418096626e-10,8.86908194431693e-10,9.03600207159127e-10,9.21170384166856e-10,9.39632594648636e-10,9.59002605895354e-10,9.7929804932944e-10,1.00053839474112e-09,1.02274493181488e-09,1.04594075814701e-09,1.07015077305266e-09,1.09540167654625e-09,1.12172197295349e-09,1.1491419786784e-09,1.17769383370599e-09,1.20741151647165e-09,1.23833086177228e-09,1.27048958143354e-09,1.30392728748152e-09,1.3386855175977e-09,1.37480776266237e-09,1.4123394962151e-09,1.45132820568129e-09,1.49182342523135e-09,1.53387677015448e-09,1.57754197264221e-09,1.62287491888755e-09,1.66993368741518e-09,1.71877858856521e-09,1.76947220505889e-09,1.82207943357895e-09,1.87666752729985e-09,1.93330613930482e-09,1.99206736682645e-09,2.05302579624762e-09,2.11625854881858e-09,2.18184532756716e-09,2.24986847890266e-09,2.32041341277212e-09,2.39357784887283e-09,2.46967411346113e-09,2.5531509711558e-09,2.72949192396366e-09,4.69791758390916e-09,3.22027578065923e-08,2.22497026610597e-07
1.21856068073098e-05,3.06086121058758e-05,6.95589762644194e-05,0.000157974392973187,0.00035668636252497,0.0007928014352141,0.00172715179456515,0.00368915360534767,0.00756252682796032,0.0129104884722568,0.0158310698981343,0.015181253270893,0.0137600966468289,0.0125448108743755,0.0114888579699922,0.0105641235124172,0.00975107906288166,0.00903302206102648,0.0083962022961334,0.00782917816285446,0.00732238636338653,0.00686779516537745,0.00645862814245049,0.00608914278776253,0.00575445216589622,0.00545038053020655,0.00517334587720156,0.0049202639709057,0.00468846956216818,0.00447565144345102,0.00427979868640662,0.00409915595786008,0.00393218623722694,0.00377753959313398,0.00363402694035398,0.00350059790625198,0.00337632210106611,0.00326037321791929,0.00315201549371712,0.00305059214661796,0.00295551547390198,0.00286625834919151,0.0027823469027303,0.00270335420488804,0.00262889480285707,0.00255861998494611,0.00249221366698182,0.00242938881192457,0.00236988430754814,0.00231346223845244,0.00225990549820011,0.00220901569533652,0.00216061131374671,0.00211452609345091,0.00207060760272675,0.00202871597652361,0.00198872279962808,0.00195051011605241,0.00191396954873634,0.00187900151595004,0.00184551453282282,0.00181342458825253,0.00178265458911953,0.00175313386527809,0.00172479773026101,0.00169758709404361,0.00167144812559641,0.00164633196433973,0.00162219448102603,0.00159899609006262,0.00157670161694588,0.0015552802265424,0.00153470542099934,0.00151495512149715,0.00149601185919842,0.00147786312532528,0.0014605019859289,0.00144392819298252,0.00142815030639824,0.00141318996770827,0.00139909082897204,0.00138593755420227,0.00137389642282842,0.00136330162923756,0.00135483664485809,0.00134990965864211,0.00135141716330567,0.00136526656826383,0.00140334707485256,0.00148918993294503,0.00166847329842896,0.00202795633919343,0.00272849449474806,0.00406043970403268,0.00653242720552628,0.0110056642548167,0.0188751170564438,0.0320404492845972,0.0494817158468576,0.0545074115587112
3.06799079051352e-12,2.11311556980409e-11,1.37717402147925e-10,8.91478968151723e-10,5.74492852062177e-09,3.67834112129195e-08,2.35912829640269e-07,1.48159435220304e-06,7.00893747765852e-06,1.83680122435444e-05,2.57632129239862e-05,2.52142104053192e-05,2.34920260923925e-05,2.21455851065541e-05,2.08677590776716e-05,1.96837724099447e-05,1.85854138651525e-05,1.75649404266185e-05,1.66162517893917e-05,1.57335549549726e-05,1.49116108969152e-05,1.41456401360528e-05,1.34312817165367e-05,1.27645535748403e-05,1.21418165299429e-05,1.1559742132044e-05,1.10152837204285e-05,1.05056503886597e-05,1.00282835412113e-05,9.58083576667606e-06,9.16115178347931e-06,8.76725124113546e-06,8.39731318417362e-06,8.04966200708965e-06,7.72275474746159e-06,7.41516958097914e-06,7.12559539684941e-06,6.85282234507885e-06,6.59573325869453e-06,6.35329586423207e-06,6.12455570293543e-06,5.90862969322033e-06,5.70470027216531e-06,5.51201006021723e-06,5.3298569990213e-06,5.15758991739064e-06,4.99460448498646e-06,4.84033951735045e-06,4.69427359956981e-06,4.55592199911157e-06,4.42483384127871e-06,4.30058952335411e-06,4.18279834584242e-06,4.07109634132481e-06,3.96514428333237e-06,3.86462585934397e-06,3.7692459935445e-06,3.67872930635683e-06,3.59281869900173e-06,3.51127405245891e-06,3.43387103121053e-06,3.3603999830582e-06,3.29066492712499e-06,3.22448262289314e-06,3.16168171379525e-06,3.1021019394771e-06,3.04559341139121e-06,2.99201594686654e-06,2.94123845723731e-06,2.89313838600634e-06,2.84760119337082e-06,2.80451988375463e-06,2.76379457327443e-06,2.7253320943212e-06,2.68904563466673e-06,2.65485440870967e-06,2.62268335866089e-06,2.59246288363618e-06,2.56412859478402e-06,2.53762109474928e-06,2.51288578005657e-06,2.4898726657923e-06,2.46853623500308e-06,2.44883532790598e-06,2.43073313979612e-06,2.41419762475356e-06,2.39920356690247e-06,2.38574164012831e-06,2.37385677799844e-06,2.36380904542249e-06,2.3567442428712e-06,2.35747570958149e-06,2.38596941347912e-06,2.52453989791116e-06,3.11088672250199e-06,5.52376271327581e-06,1.53408400470496e-05,5.37319422565371e-05,0.000174587566733708,0.000365173780234735
4.71611815019786e-10,3.65387028136969e-09,2.67203921434715e-08,1.89877139203644e-07,1.31125800162137e-06,8.7859951522702e-06,5.76241280348782e-05,0.000363229102350459,0.00171194369227194,0.00446207853789409,0.00619694642599748,0.00596017153764714,0.0054528199800121,0.00507477079472474,0.00474370179699669,0.00445711542273117,0.00420744885868931,0.0039884390947534,0.00379521583723013,0.00362376792483412,0.00347081350739222,0.0033336446665049,0.00321001436806305,0.0030980478341783,0.00299617282640325,0.00290306450497623,0.00281760149435448,0.00273883065777964,0.00266593868022346,0.0025982290091637,0.00253510303812564,0.00247604467029854,0.00242060759064877,0.00236840472057588,0.00231909944080625,0.00227239825432412,0.00222804462792579,0.00218581380307292,0.00214550840756573,0.0021069547317544,0.00206999955851546,0.00203450745653048,0.00200035846265461,0.00196744609222554,0.00193567562671312,0.00190496263666816,0.00187523170490279,0.00184641532054092,0.0018184529192673,0.00179129004897276,0.00176487764319849,0.00173917138744799,0.00171413116565992,0.00168972057599945,0.00166590650669306,0.00164265876395411,0.00161994974516684,0.00159775415144798,0.00157604873451706,0.0015548120735014,0.00153402437789839,0.00151366731343258,0.0014937238479899,0.00147417811519778,0.00145501529355595,0.00143622149931517,0.00141778369155639,0.00139968958814437,0.00138192759142156,0.00136448672267248,0.00134735656452826,0.00133052721059587,0.00131398922168975,0.00129773358811489,0.00128175169750258,0.00126603530773582,0.00125057652453159,0.00123536778329994,0.00122040183507875,0.00120567173699902,0.00119117085007495,0.0011768928552366,0.00116283182612778,0.00114898248929666,0.00113534110433093,0.00112190836875509,0.00110869882686662,0.00109577080206836,0.00108331990853991,0.00107196580818254,0.00106361486387381,0.00106400430532561,0.00109005268705613,0.0011906458534988,0.00150411273273567,0.00241341968278315,0.0049509253918474,0.0116672254567843,0.026010627827839,0.03976181879115
4.78082177823243e-13,3.25104010436897e-12,2.08641016726902e-11,1.32937401369895e-10,8.43242217534554e-10,5.3151761614787e-09,3.35485777232812e-08,2.07543233879277e-07,9.73560640021066e-07,2.54968463652463e-06,3.60155565168701e-06,3.57664291123033e-06,3.38753620376605e-06,3.24310275141312e-06,3.1023902417968e-06,2.96953001810803e-06,2.84395535434579e-06,2.725120392726e-06,2.61264439124781e-06,2.50613860993801e-06,2.4052456154728e-06,2.30963120984401e-06,2.21898323283229e-06,2.1330100229035e-06,2.0514389390018e-06,1.97401502168963e-06,1.90049975015706e-06,1.83066989361462e-06,1.76431644875881e-06,1.70124365649058e-06,1.64126809161918e-06,1.58421781979171e-06,1.52993161637209e-06,1.47825824242923e-06,1.42905577339297e-06,1.38219097630066e-06,1.33753873188989e-06,1.29498149809741e-06,1.25440881180218e-06,1.21571682590544e-06,1.17880787907352e-06,1.14359009568266e-06,1.10997701370097e-06,1.07788723842178e-06,1.04724412012757e-06,1.01797545391481e-06,9.90013200048982e-07,9.63293223347089e-07,9.37755050202414e-07,9.13341641975085e-07,8.89999183571799e-07,8.67676886130609e-07,8.46326802811955e-07,8.25903656776117e-07,8.06364680500288e-07,7.87669465656139e-07,7.69779822831393e-07,7.52659650436973e-07,7.36274812195075e-07,7.20593022653278e-07,7.05583740215894e-07,6.91218067226322e-07,6.77468656673488e-07,6.64309625131654e-07,6.51716471576163e-07,6.39666001748205e-07,6.2813625776958e-07,6.17106452733747e-07,6.06556910022403e-07,5.96469007117393e-07,5.86825123696073e-07,5.77608593814251e-07,5.68803661994681e-07,5.60395443050628e-07,5.52369885483357e-07,5.44713738299385e-07,5.37414521098082e-07,5.30460497282771e-07,5.23840650249886e-07,5.17544662415326e-07,5.11562896963422e-07,5.05886382330608e-07,5.00506799992744e-07,4.9541647848807e-07,4.90608406485967e-07,4.86076318669547e-07,4.81815077001915e-07,4.77822261898501e-07,4.74104709571615e-07,4.70705179677952e-07,4.67810543955571e-07,4.6618843459786e-07,4.68940572677623e-07,4.88507333823696e-07,5.74508777081186e-07,9.23812459685607e-07,2.30994593949524e-06,7.58229251841756e-06,2.37333630770651e-05,4.84229919876788e-05
0.0155256721301248,0.0194618966377765,0.0207417275554458,0.0230115869909906,0.0267264592592668,0.0314608660368517,0.0367903564327728,0.0423333740149788,0.0477119754546717,0.0511809324432885,0.0487018493356688,0.0414222238756747,0.0345981696447356,0.0295899366666979,0.0258853490892316,0.0230748394808836,0.0208954285860192,0.0191710658766154,0.0177822420990137,0.0166466364332586,0.0157068360730426,0.0149224213750723,0.0142647824640538,0.0137136625203817,0.013254800725908,0.0128782779699456,0.0125773107489317,0.0123473285007531,0.0121852278291661,0.0120887361924489,0.0120558450985268,0.0120842930215702,0.0121710935585743,0.0123121159860057,0.0125017338054203,0.0127325620979962,0.0129953063693866,0.0132787438987107,0.0135698534202437,0.0138541005601968,0.0141158754681282,0.0143390665165347,0.0145077410744961,0.0146068926416206,0.0146232045109465,0.0145457748860283,0.0143667479180358,0.0140817998553906,0.0136904392205536,0.0131960938554944,0.0126059744950395,0.0119307225499852,0.0111838671592485,0.0103811315197108,0.00953963953213251,0.00867707989235295,0.00781088547599245,0.00695748139659248,0.0061316462111573,0.00534601859342853,0.00461076784988037,0.0039334324421641,0.00331891761000401,0.00276963239486103,0.00228573860571029,0.00186547988414304,0.0015055579541647,0.00120152498190435,0.000948165080765026,0.000739843608688169,0.000570809227471211,0.000435440014096758,0.000328430655007315,0.000244922516253729,0.000180581948951217,0.000131634511289111,9.48639510023383e-05,6.75849749774859e-05,4.75982662516641e-05,3.31351374831371e-05,2.27978625078348e-05,1.55002964861415e-05,1.04120268761557e-05,6.90809024786129e-06,4.52529767041824e-06,2.92545142073258e-06,1.86519838519449e-06,1.17192353808029e-06,7.24903936498615e-07,4.40880966629696e-07,2.63229551092145e-07,1.53976244327587e-07,8.80186156679165e-08,4.90076890550228e-08,2.64611489317284e-08,1.37702106996077e-08,6.84398983354978e-09,3.19934647344272e-09,1.35103457992267e-09,4.49334142377296e-10
1.34162259210374,0.276113112512555,0.0826010764030049,0.0647013266458655,0.0631928996914812,0.0628491757110323,0.0627018077420929,0.062070291027953,0.0624024655486288,0.0640841868128971,0.0458768450771972,0.0155320280738077,0.00220039849486843,0.00013953644385198,5.41974670813047e-06,2.00311140883252e-07,7.57181139215508e-09,2.79550537072179e-10,1.01989754652256e-11,3.6749700509259e-13,1.30672459497172e-14,4.58691666031543e-16,1.58937411845027e-17,5.43624723745009e-19,1.83545470900788e-20,6.11727335827639e-22,2.01252828999239e-23,6.53575722468416e-25,2.09517112748839e-26,6.629987133502e-28,2.07097752194375e-29,6.38568553550082e-31,1.94360966803197e-32,5.83955693687169e-34,1.73188885366064e-35,5.07024990294092e-37,1.46523708469142e-38,4.17980086117874e-40,1.17698899156354e-41,3.27158571197776e-43,8.97662890036864e-45,2.4312929141901e-46,6.50025390853261e-48,1.71550648319592e-49,4.46913420073156e-51,1.14927352883156e-52,2.91737578610395e-54,7.3102174465683e-56,1.80816125025213e-57,4.4148194995168e-59,1.06403930296121e-60,2.53146136960174e-62,5.94502723808841e-64,1.3781779504033e-65,3.15373824620444e-67,7.12385197898652e-69,1.588448063147e-70,3.49623035039597e-72,7.59619213513964e-74,1.62914869213261e-75,3.44900945569592e-77,7.2077036415806e-79,1.48685402026421e-80,3.02767052605334e-82,6.08580124409013e-84,1.20752403741997e-85,2.36506277205533e-87,4.57254960177498e-89,8.72655928591543e-91,1.64397998475573e-92,3.05716494553057e-94,5.61190200819347e-96,1.01688103705515e-97,1.81885919270143e-99,3.21141824772736e-101,5.597105877344e-103,9.62939570079807e-105,1.63532246979995e-106,2.7414266712435e-108,4.53647709005711e-110,7.4101955462153e-112,1.19483923054277e-113,1.90177063095487e-115,2.98796603800453e-117,4.63406408083914e-119,7.09442612288175e-121,1.07211497815841e-122,1.59931611555698e-124,2.35502824663809e-126,3.42315673502581e-128,4.91163748685338e-130,6.95656236615064e-132,9.72594741796585e-134,1.3422642034191e-135,1.8285757489504e-137,2.45898998445289e-139,3.26414485611597e-141,4.27711418151047e-143,5.53191392332647e-145,7.04368691343954e-147
4.5311462135088e-05,0.00010640847127297,0.000223569522264479,0.000466354643840494,0.000960158774234287,0.00192902916307118,0.00376232142469898,0.0071159004761803,0.0128915049367424,0.0202001935202545,0.0241066899631276,0.0233493026496191,0.0215334578501275,0.0199548368921761,0.01857431602583,0.0173561109486782,0.0162761210588321,0.0153138248663966,0.0144523207058488,0.0136775583770268,0.0129778030180765,0.012343206742172,0.0117654676062115,0.0112375565954199,0.0107534978552841,0.0103081908592454,0.00989726577223987,0.00951696522586725,0.00916404721195126,0.00883570494432972,0.00852950041954561,0.0082433090892632,0.00797527358808695,0.0077237648755106,0.00748734947668342,0.00726476176374532,0.00705488042298563,0.00685670841470893,0.00666935586138957,0.006492025402338,0.00632399963499915,0.00616463032829341,0.00601332914536413,0.00586955965436068,0.00573283043869487,0.00560268914456354,0.00547871732536141,0.00536052596192704,0.00524775155658536,0.00514005272018501,0.00503710719763265,0.0049386093119639,0.00484426785312608,0.00475380449871797,0.00466695293296188,0.00458345892955128,0.004503081785212,0.00442559763441106,0.00435080534168993,0.00427853585705223,0.00420866613410015,0.00414113895633537,0.00407599030537406,0.00401338625111248,0.00395367176225107,0.00389743432581554,0.00384558578752685,0.00379946626594038,0.00376097411115707,0.00373272525266299,0.00371824326883211,0.00372217725236233,0.00375053704728746,0.00381092377991934,0.00391271734002563,0.00406716212767032,0.00428727013961165,0.00458744072418829,0.00498268598413064,0.00548735889303438,0.00611331756609582,0.00686753196137761,0.00774925153110038,0.00874699769885271,0.00983580460940818,0.0109752727248228,0.0121090787901524,0.0131665552853438,0.0140667745271975,0.0147252331478179,0.0150627561901763,0.0150156969948718,0.0145460118403096,0.0136494724595554,0.0123602712645052,0.0107506431740564,0.00892441965270413,0.00699217339299057,0.00495022016699479,0.00268401636826415
1.29205224380272e-09,7.53708375239914e-09,4.15406323303796e-08,2.26504045089561e-07,1.22214945440235e-06,6.51517268054594e-06,3.44668810293031e-05,0.00018019973743756,0.000761077550522658,0.00190037686392593,0.00261013992916652,0.00250206805368819,0.0022694203878094,0.00209011897543847,0.00193359784116104,0.00179773529028032,0.00167926896585599,0.0015754112346801,0.00148394833290221,0.00140304376546399,0.00133117833692317,0.00126708686361325,0.00120971028112128,0.00115815765316042,0.00111167590462134,0.00106962559715509,0.0010314614279588,0.000996716449641032,0.000964989236369734,0.000935933395248712,0.000909248953968615,0.000884675256910688,0.000861985079734223,0.000840979732725471,0.00082148497004828,0.00080334755866922,0.000786432389503093,0.000770620036029675,0.000755804683629393,0.000741892367212824,0.000728799466172434,0.000716451414878693,0.000704781594351376,0.000693730376730074,0.000683244299033923,0.000673275346665624,0.0006637803303571,0.000654720342914328,0.000646060284308878,0.000637768445472328,0.000629816142648353,0.000622177395402842,0.000614828642430888,0.000607748490168096,0.0006009174899423,0.000594317940014997,0.000587933709379461,0.000581750080620791,0.00057575360951544,0.00056993199936495,0.000564273988329545,0.000558769248259475,0.000553408293721358,0.000548182400088524,0.000543083529712386,0.000538104265319778,0.00053323774989168,0.00052847763237427,0.000523818018655668,0.000519253427312791,0.000514778749693805,0.000510389213953843,0.000506080352706243,0.000501847973989148,0.000497688135279022,0.000493597120309009,0.000489571418471876,0.000485607706605233,0.000481702832971347,0.000477853803255988,0.000474057768421613,0.000470312014264576,0.000466613952563548,0.000462961113859952,0.000459351142621291,0.000455781798895698,0.000452250986484979,0.000448756903073033,0.000445298764385234,0.000441880238077409,0.000438525656289696,0.000435356386178543,0.000432949871147206,0.000434024309398002,0.000451327726879831,0.000544482384688019,0.000989998654184661,0.00298887786032515,0.0101028576878748,0.0228635482773968
0.365761077724391,0.21727282984591,0.105811150751522,0.0647099274239115,0.0512986359729566,0.04582526449821,0.0425028015296985,0.0397743848237216,0.037373207399299,0.0341484719087267,0.0264475626671917,0.0168567775747144,0.0111755991755771,0.00875812124969353,0.00758279942781097,0.00685203242202108,0.00631172287334119,0.0058712250048721,0.00549341834951443,0.00516047539074242,0.00486236530849827,0.00459265090079457,0.0043467910312304,0.00412137594894394,0.00391374263012792,0.00372176054273292,0.00354370152381158,0.00337815498401534,0.00322396940210607,0.00308020993846661,0.00294612629680781,0.00282112721254759,0.00270475921281307,0.00259668806038413,0.00249668179501277,0.00240459463886976,0.0023203513014193,0.00224393143734924,0.00217535419828798,0.00211466298487069,0.00206191065452971,0.00201714557242143,0.00198039900517285,0.00195167444362122,0.00193093949232382,0.00191812096799633,0.00191310379071719,0.00191573411270716,0.00192582689078305,0.00194317775311356,0.00196757852795585,0.00199883519341028,0.00203678629465191,0.00208131910820372,0.00213238009583003,0.00218997560566257,0.0022541585023074,0.00232499662101927,0.002402519823596,0.00248664413065527,0.00257707398259802,0.00267318707888917,0.00277391023148046,0.00287759881748941,0.00298193611389052,0.00308387128784052,0.00317961530180689,0.00326471177241831,0.00333419446310116,0.0033828345964364,0.00340547011037715,0.00339739653059687,0.00335478700514682,0.00327509929599682,0.00315742219955024,0.00300271463244569,0.00281389832682488,0.00259577947578831,0.00235479425901681,0.00209859533907405,0.00183551777698938,0.00157397982749356,0.00132188370933741,0.00108608182579402,0.000871964748634968,0.000683210007721374,0.0005217082598204,0.000387659572313898,0.000279811326436837,0.000195793949977129,0.000132503376134364,8.64802206357742e-05,5.42440190301372e-05,3.25541130993051e-05,1.85839686494523e-05,1.00099536003738e-05,5.02674279142968e-06,2.30727131481156e-06,9.24088861178384e-07,2.81258867868263e-07
0.0124072363101106,0.0148698880538044,0.0155060624196629,0.0172605647205466,0.0203703919328533,0.0244750430516747,0.0292713188649669,0.0345029844142873,0.0398985803941653,0.0436334897683392,0.0412476259137721,0.0338522367724935,0.0270443884122047,0.0222036698984255,0.0187231041139722,0.0161444396278632,0.014183776362176,0.0126566625852832,0.0114408221932368,0.0104534129440263,0.00963712064348752,0.00895148722637955,0.00836740089911396,0.0078635308780992,0.00742397888629125,0.00703670508185757,0.006692455179366,0.00638401724708072,0.0061056988126506,0.00585295346042099,0.00562211037543789,0.00541017579509824,0.00521468537711165,0.00503359309413025,0.00486518666177175,0.00470802247303462,0.00456087503900161,0.00442269733782355,0.00429258945543119,0.00416977359632938,0.00405357404027618,0.00394340098048996,0.00383873744189003,0.00373912867161991,0.00364417353800126,0.0035535175815736,0.0034668474424502,0.00338388644856689,0.00330439119430466,0.00322814897187777,0.00315497594131996,0.00308471594075529,0.00301723984837533,0.00295244541237073,0.00289025746608023,0.00283062844393461,0.00277353911064388,0.00271899941307908,0.00266704936355055,0.0026177598676616,0.00257123342392578,0.0025276046521702,0.00248704066258581,0.00244974137036691,0.00241594001089107,0.00238590434289633,0.00235993937562702,0.00233839296179944,0.00232166630809461,0.00231023241349948,0.00230466668183461,0.00230569545588647,0.00231426989476953,0.00233167423758735,0.00235967863676492,0.00240074669820117,0.0024583055886248,0.00253708066537041,0.00264348538007448,0.00278603900631873,0.00297575828750718,0.00322643433957897,0.0035546652446581,0.00397947332263532,0.00452130414369678,0.00520019700024796,0.00603295307173684,0.00702922866307315,0.00818666363054504,0.00948542458072059,0.010882882186532,0.0123095045382905,0.0136673500126601,0.0148326670710019,0.0156639224592329,0.0160159567128006,0.0157586055612658,0.0147598744360634,0.0125418593603663,0.00806762869209202
1.59764839064883e-10,1.0130140789719e-09,6.05303501797812e-09,3.59645717793236e-08,2.13073250420802e-07,1.25650702814885e-06,7.42145222901976e-06,4.32553989680098e-05,0.000195893563045954,0.000505082733577227,0.00070667034588645,0.00069271901271887,0.000645138712586751,0.000607577640978284,0.00057214584725551,0.000539375928203725,0.000509040590517512,0.000480915692592525,0.000454821365297799,0.000430588992020578,0.000408066319112356,0.000387114940725388,0.000367608980343009,0.000349433858512297,0.000332485182316571,0.000316667756036599,0.000301894694796208,0.000288086630498525,0.000275170999715164,0.000263081404504617,0.000251757038189082,0.000241142169042102,0.000231185675652192,0.000221840628441083,0.000213063912442674,0.000204815887001004,0.000197060078531977,0.000189762902922393,0.000182893414518205,0.000176423078988017,0.000170325567643071,0.000164576571056107,0.000159153630052567,0.00015403598235232,0.000149204423321538,0.00014464117945529,0.000140329793354354,0.000136255019086672,0.000132402726936787,0.000128759816647066,0.000125314138344001,0.000122054420422692,0.00011897020373381,0.000116051781480984,0.000113290144293441,0.000110676929989698,0.0001082043775938,0.000105865285206563,0.000103652971371193,0.000101561239605748,9.95843458048208e-05,9.77169682396584e-05,9.59541799102164e-05,9.42914230243944e-05,9.27244853992492e-05,9.12494785963665e-05,8.9862817618893e-05,8.85612020109551e-05,8.73415982112268e-05,8.62012230210963e-05,8.51375280539105e-05,8.41481850347787e-05,8.32310718199007e-05,8.2384258999722e-05,8.16059969407532e-05,8.08947031058481e-05,8.02489494714335e-05,7.96674498321051e-05,7.91490467482541e-05,7.8692697853128e-05,7.82974612009828e-05,7.79624793423119e-05,7.7686961986893e-05,7.74701679647155e-05,7.73113906620593e-05,7.72099646933026e-05,7.71653641706934e-05,7.71776657515682e-05,7.72494295430177e-05,7.73930427202198e-05,7.76590198842127e-05,7.82444613825227e-05,7.99073062027648e-05,8.55441844225579e-05,0.000106184622129449,0.000183698504529407,0.000475898840046463,0.00154185652660084,0.00469326374055473,0.00933341883185156
0.774936443151384,0.295029796548483,0.0850706930747845,0.0377610203498334,0.0287617365272601,0.0265434967408745,0.0255375904969685,0.024789363228473,0.0243327223591577,0.0232225391775344,0.0172459946368356,0.00911201175986471,0.00510355264453272,0.00403546329284024,0.00370370688616286,0.00350533980097773,0.00333908456908196,0.00318737983868578,0.00304637615515933,0.00291464309733073,0.00279126228610471,0.00267548592581333,0.00256666443502321,0.00246422372889202,0.00236765347119051,0.00227649890533715,0.00219035456844793,0.00210885933924248,0.00203169256122065,0.00195857109557377,0.001889247229418,0.0018235074258769,0.00176117196265546,0.00170209556771282,0.00164616922320941,0.00159332336680868,0.00154353276254793,0.00149682332607225,0.00145328114921798,0.00141306384950074,0.00137641414065779,0.00134367515208887,0.00131530649754697,0.00129189940497313,0.00127418839847827,0.00126305614096309,0.00125952722413196,0.00126474610841263,0.00127993429134019,0.00130632236501857,0.00134505413970694,0.00139706261628382,0.00146292130079855,0.00154267898142522,0.00163569119434415,0.00174046649491809,0.0018545494169561,0.00197446363861139,0.00209573744465544,0.0022130284366723,0.00232035545902303,0.00241143342377831,0.00248009242591746,0.00252074820377811,0.00252887900307611,0.00250145665437471,0.00243727912306214,0.00233715895498964,0.00220393665759735,0.00204230846505643,0.00185848125028952,0.00165968991485635,0.00145363066405209,0.00124787406420403,0.00104932288465006,0.000863771340040882,0.000695606084545778,0.00054766816724409,0.000421272885053884,0.000316364783674506,0.000231770910455169,0.000165508479794419,0.000115103545018951,7.78839024383783e-05,5.12201670923887e-05,3.27012609415246e-05,2.02421261422809e-05,1.21306038020586e-05,7.02620529250858e-06,3.92586613319115e-06,2.11126565381382e-06,1.08983781917979e-06,5.38192296181104e-07,2.53174065354279e-07,1.12811977977913e-07,4.72407817499406e-08,1.83717265657935e-08,6.50410792881685e-09,2.00406435396725e-09,4.72383656767524e-10
0.903148676302022,0.324963769969078,0.0823972580598528,0.030970534970774,0.0225400803992797,0.0212340040736762,0.0210285960742717,0.0209583207404914,0.0210846226922879,0.0204619400080627,0.014757676041601,0.00673492112816781,0.00285210594500375,0.00191384739804485,0.00168582351707873,0.00156918430832484,0.00146928011130036,0.00137226844627074,0.00127661284215579,0.00118263582906752,0.00109089098888596,0.00100190709067725,0.000916146392397045,0.000833997797761315,0.000755776894434583,0.000681728284259742,0.000612029219804048,0.000546794123292741,0.000486079671906029,0.000429890184336866,0.000378183094501838,0.000330874353362582,0.000287843654745749,0.000248939430872338,0.000213983603864265,0.000182776108003409,0.00015509921281147,0.000130721679572006,0.000109402775661112,9.08961550296686e-05,7.4953593068688e-05,6.13285436989087e-05,4.97794693032795e-05,4.00728827474349e-05,3.19860368554401e-05,2.53092008285032e-05,1.98474746215558e-05,1.54221097286988e-05,1.18713260543058e-05,9.05063715496709e-06,6.83271776426049e-06,5.1068661201813e-06,3.77812769860552e-06,2.76615565184402e-06,2.00388635128838e-06,1.43610631582397e-06,1.01798030796889e-06,7.13600625340747e-07,4.94605856623998e-07,3.38904828466579e-07,2.29529210754056e-07,1.53627109443265e-07,1.01600527617104e-07,6.63821189392493e-08,4.28412592247158e-08,2.73060002331557e-08,1.71856941618041e-08,1.06786638860911e-08,6.54989572634457e-09,3.96501670320938e-09,2.36849667006532e-09,1.39585293721231e-09,8.11456648008901e-10,4.65228765481427e-10,2.63000641267458e-10,1.46570136630118e-10,8.05076775225189e-11,4.35743867944535e-11,2.32337777026072e-11,1.22007730487185e-11,6.30824724230968e-12,3.21031206644948e-12,1.60750499450343e-12,7.91691761452477e-13,3.83327117766213e-13,1.82379840872784e-13,8.52174192275005e-14,3.90778725125257e-14,1.75725150508391e-14,7.74123698183206e-15,3.33678712791902e-15,1.40510781699061e-15,5.76849135832456e-16,2.30236716680013e-16,8.89878347020695e-17,3.31109607849223e-17,1.17494685506901e-17,3.9104624787253e-18,1.17241489387865e-18,2.79151089937457e-19
2.64884647703863e-15,1.74958401026843e-14,1.08444867357964e-13,6.66643856133487e-13,4.07952453232906e-12,2.481379466969e-11,1.51027813158697e-10,9.02783886585673e-10,4.1527146340457e-09,1.08520297790675e-08,1.55528770171493e-08,1.59149573060441e-08,1.55865709759009e-08,1.54026628643012e-08,1.51999256239665e-08,1.4997674089565e-08,1.47954605292836e-08,1.45929414829033e-08,1.43903028060324e-08,1.41875857206465e-08,1.39848551537446e-08,1.37821735155644e-08,1.35796029684139e-08,1.33772054943656e-08,1.31750427629704e-08,1.29731761124673e-08,1.27716665065652e-08,1.25705744947976e-08,1.2369960172856e-08,1.21698831431462e-08,1.19704024756536e-08,1.17715766691409e-08,1.15734636127218e-08,1.13761205478489e-08,1.11796040307555e-08,1.09839698953863e-08,1.07892732168557e-08,1.05955682754687e-08,1.04029085213386e-08,1.02113465396382e-08,1.00209340165175e-08,9.83172170572536e-09,9.64375939597089e-09,9.45709587906316e-09,9.27177891887051e-09,9.0878552211432e-09,8.90537040424718e-09,8.7243689708605e-09,8.54489428068878e-09,8.36698852426006e-09,8.19069269786426e-09,8.01604657970598e-09,7.84308870734227e-09,7.67185635647864e-09,7.50238552119646e-09,7.33471089568272e-09,7.16886585752826e-09,7.00488245265365e-09,6.84279138191115e-09,6.68262198939876e-09,6.52440225250621e-09,6.36815877369487e-09,6.21391677399364e-09,6.06170008817144e-09,5.91153116152567e-09,5.76343104820408e-09,5.61741941095901e-09,5.4735145222146e-09,5.3317332663138e-09,5.19209114280323e-09,5.05460227060834e-09,4.91927939295228e-09,4.78613388287875e-09,4.65517574925044e-09,4.52641364311217e-09,4.39985486432939e-09,4.27550536843845e-09,4.15336977367282e-09,4.03345136815998e-09,3.91575211731923e-09,3.80027267154899e-09,3.68701237444621e-09,3.57596927236329e-09,3.46714012834708e-09,3.36052045255374e-09,3.25610459774203e-09,3.15388611504317e-09,3.05385915083879e-09,2.95602399329873e-09,2.8604090828146e-09,2.76715802585159e-09,2.67687199312552e-09,2.59195050993357e-09,2.52181604024186e-09,2.50317176794781e-09,2.67807529966971e-09,3.5891141907534e-09,7.15973596029866e-09,1.78199441225325e-08,3.32018396562715e-08
1.21014578190005e-10,7.96072017105621e-10,4.95704307745898e-09,3.06683887199391e-08,1.88868352424212e-07,1.15551320133024e-06,7.0733640759284e-06,4.25832246351332e-05,0.000196483087753453,0.000508832420793047,0.000707045881571472,0.000682243329577684,0.000624625749030198,0.000579265843252096,0.000537604871282467,0.000499951214731574,0.000465858396572481,0.000434915478239687,0.000406786496411132,0.000381170822191042,0.000357804850784811,0.000336456203539785,0.000316919703514926,0.000299013868357863,0.000282577884466815,0.000267469004566304,0.000253560300877307,0.000240738722447398,0.000228903412302389,0.000217964247049066,0.000207840567285482,0.000198460071972223,0.000189757853947945,0.00018167555716117,0.000174160639046004,0.000167165723880299,0.000160648035003701,0.00015456889550074,0.000148893288420438,0.000143589468850839,0.00013862862122883,0.000133984556171798,0.000129633441892083,0.000125553565918221,0.00012172512341547,0.000118130028886501,0.000114751748453255,0.000111575150283013,0.000108586371034234,0.000105772696467756,0.000103122454602824,0.000100624920000003,9.82702279289393e-05,9.60492973316742e-05,9.39537616250123e-05,9.19759065009151e-05,9.01086139843211e-05,8.8345312095066e-05,8.66799295363806e-05,8.51068548981655e-05,8.3620899920115e-05,8.22172664088621e-05,8.08915164455988e-05,7.96395455569407e-05,7.84575585529411e-05,7.73420477628638e-05,7.62897734222518e-05,7.52977459846796e-05,7.4363210148939e-05,7.34836304078947e-05,7.26566779394113e-05,7.18802186731149e-05,7.11523023797576e-05,7.04711526430045e-05,6.98351575868679e-05,6.92428612459791e-05,6.8692955480544e-05,6.81842723532002e-05,6.77157769010682e-05,6.72865602533173e-05,6.68958330642115e-05,6.65429192620081e-05,6.62272501915006e-05,6.59483595090207e-05,6.57058803425439e-05,6.54995511013943e-05,6.53292569600691e-05,6.51952213082135e-05,6.50988292919412e-05,6.50461109036008e-05,6.5062381840515e-05,6.52535460185277e-05,6.60619010129163e-05,6.93300527239761e-05,8.27113372146523e-05,0.000137888741973727,0.00036499033285155,0.00126594336921905,0.00414402281917608,0.00875878550342577
1.08323441694151e-09,6.4559954754183e-09,3.61651496100253e-08,2.01383083248471e-07,1.11773397633204e-06,6.17304368872841e-06,3.40896646374134e-05,0.000186503064324325,0.000812257259374647,0.00206069390221039,0.00286648853309771,0.00279607112086864,0.00258369713470491,0.00241315861610558,0.00225395135375845,0.00210748006466574,0.00197263427715605,0.00184830210191336,0.00173356756378176,0.00162758567642685,0.00152959606799313,0.0014389112937999,0.00135490939530557,0.00127702713727033,0.00120475396600134,0.00113762664588392,0.00107522448098649,0.00101716505586946,0.000963100435266291,0.000912713769954026,0.000865716262527385,0.000821844452368825,0.000780857783984064,0.000742536427133025,0.000706679320913499,0.000673102417218735,0.000641637101850985,0.000612128774082827,0.000584435567662241,0.000558427198194728,0.000533983923540152,0.000510995605362905,0.000489360861296764,0.000468986298352698,0.000449785819228112,0.000431679994086363,0.000414595491180513,0.000398464560407911,0.000383224564513499,0.000368817553219505,0.000355189876055887,0.000342291830107056,0.000330077339282576,0.000318503662068511,0.000307531125026869,0.000297122879587682,0.000287244679925576,0.000277864679933624,0.000268953247504949,0.000260482794509545,0.000252427621012553,0.000244763772422702,0.000237468908387794,0.000230522182369381,0.000223904130932667,0.000217596571881384,0.00021158251045189,0.000205846052857073,0.000200372326539568,0.000195147406555916,0.000190158247569349,0.000185392620979268,0.000180839056760637,0.000176486789626857,0.00017232570916536,0.0001683463136266,0.000164539667074348,0.000160897359628512,0.000157411470551848,0.000154074533950762,0.000150879506886024,0.000147819739750636,0.00014488894897817,0.000142081192898793,0.000139390854351408,0.000136812643973841,0.000134341676058872,0.000131973808122094,0.000129706944384133,0.000127545858056806,0.000125519822545675,0.000123746720814848,0.000122665260054839,0.000123873237183567,0.000133143682677717,0.00017123747402165,0.000312158174597793,0.00080292079004658,0.00217803321607012,0.0040669186949975
4.18678806173955e-10,2.48707450842073e-09,1.38646743843458e-08,7.6900814068231e-08,4.25806540944687e-07,2.34993935617051e-06,1.29894518845018e-05,7.12043766937473e-05,0.000310681827476858,0.000790060286824684,0.00110445796061538,0.00108728985696556,0.00101592596561775,0.000959274333313656,0.000905785491186068,0.000856171524838841,0.00081012342596608,0.00076732267112048,0.000727513013879422,0.000690453921870223,0.000655927446593835,0.000623734894577679,0.00059369503899105,0.000565642450963965,0.000539425991609109,0.000514907463780115,0.000491960400539833,0.000470468976428779,0.000450327028155413,0.000431437172973577,0.000413710014344228,0.000397063425650761,0.00038142190377243,0.000366715985232498,0.000352881718442783,0.000339860186277403,0.00032759707383722,0.000316042276822861,0.000305149546427007,0.000294876167093526,0.000285182663878703,0.000276032536494107,0.00026739201741667,0.000259229851723804,0.000251517096553752,0.000244226938307324,0.000237334525899714,0.000230816818542802,0.000224652446691698,0.000218821584926083,0.000213305835659177,0.000208088122676253,0.000203152593602069,0.000198484530483406,0.000194070267750303,0.000189897116888191,0.000185953297213879,0.000182227872201598,0.00017871069085164,0.000175392333633618,0.000172264062569291,0.000169317775045968,0.000166545960970761,0.000163941662887689,0.000161498438683712,0.00015921032650528,0.000157071811493616,0.000155077793924052,0.00015322355830223,0.000151504742928069,0.000149917309388131,0.000148457511380424,0.000147121862216186,0.000145907100285999,0.000144810151730107,0.000143828089524724,0.000142958088200166,0.000142197373458623,0.000141543166079974,0.000140992619724163,0.00014054275262142,0.000140190373861391,0.000139932006624233,0.000139763815256453,0.000139681557768661,0.000139680635834646,0.000139756492701696,0.000139906244507188,0.000140134697304464,0.000140475993915312,0.000141071002400698,0.000142443453882654,0.000146484235617246,0.000159956538047416,0.00020696513002717,0.000373256325565466,0.000962132006743346,0.00298327386792136,0.00863082009238843,0.0164341742406212
2.47391655955967e-15,1.03313024281844e-14,4.07368916017143e-14,1.63271143853593e-13,6.66251274579859e-13,2.76127109752598e-12,1.16395068473799e-11,5.00078653331543e-11,1.87052411757853e-10,4.45254832691986e-10,6.06996934171252e-10,5.87464491863335e-10,5.37949239281221e-10,4.99302938201224e-10,4.65475686160062e-10,4.36047020800897e-10,4.1039687964341e-10,3.87979504191767e-10,3.68354260029368e-10,3.51150057336061e-10,3.36055664957315e-10,3.22808717224706e-10,3.11187233053326e-10,3.01002739820954e-10,2.92094682361082e-10,2.84325862779195e-10,2.7757870392906e-10,2.71752175708811e-10,2.66759256698852e-10,2.62524829988108e-10,2.58983932554809e-10,2.56080293660601e-10,2.53765110392529e-10,2.51996018511629e-10,2.50736224726258e-10,2.49953772852894e-10,2.49620921403678e-10,2.49713614217055e-10,2.50211029033996e-10,2.5109519158025e-10,2.52350644872309e-10,2.53964165221415e-10,2.55924517845083e-10,2.58222246171732e-10,2.60849489890907e-10,2.63799827598775e-10,2.67068140547842e-10,2.70650494556512e-10,2.74544037588799e-10,2.78746910893506e-10,2.83258171909167e-10,2.88077727406614e-10,2.93206275564195e-10,2.98645255858653e-10,3.0439680581328e-10,3.10463723779264e-10,3.16849437039907e-10,3.23557974624147e-10,3.30593944298163e-10,3.37962513274068e-10,3.45669392234787e-10,3.53720822325599e-10,3.62123564806944e-10,3.70884893101001e-10,3.80012586997137e-10,3.89514928809456e-10,3.99400701303889e-10,4.09679187233276e-10,4.2036017033695e-10,4.31453937677073e-10,4.42971283197535e-10,4.54923512402999e-10,4.6732244806588e-10,4.80180436877901e-10,4.93510356970499e-10,5.07325626234967e-10,5.21640211378931e-10,5.36468637660695e-10,5.51825999247129e-10,5.67727970144418e-10,5.84190815654005e-10,6.01231404308599e-10,6.18867220245207e-10,6.37116375973903e-10,6.55997625502365e-10,6.75530377777295e-10,6.95734710404516e-10,7.16631383610147e-10,7.38241854405753e-10,7.60588290927679e-10,7.83693587097782e-10,8.07581382187115e-10,8.32276203132412e-10,8.578066455433e-10,8.84274941673367e-10,9.13194665851861e-10,9.73456295437223e-10,1.63742472832852e-09,1.09214497788745e-08,7.53755691658134e-08
6.1414772968327e-13,4.18637530940557e-12,2.6943869992317e-11,1.72180965244768e-10,1.09538685616744e-09,6.92466855130013e-09,4.38376731164855e-08,2.71955281625139e-07,1.27772507778256e-06,3.34681130340018e-06,4.72185355469753e-06,4.67747811661934e-06,4.4177426233895e-06,4.21818436814379e-06,4.02469648695303e-06,3.84259450219899e-06,3.67103080317827e-06,3.50919107385433e-06,3.35648817385531e-06,3.21233263575049e-06,3.07618363622966e-06,2.9475376773067e-06,2.82592635989592e-06,2.71091377773972e-06,2.60209404675184e-06,2.49908906870312e-06,2.40154646688907e-06,2.30913768727584e-06,2.22155625012409e-06,2.13851613945602e-06,2.05975031883002e-06,1.98500936288658e-06,1.91406019506287e-06,1.84668492271366e-06,1.78267976164012e-06,1.72185404272227e-06,1.66402929398121e-06,1.60903839197102e-06,1.55672477692157e-06,1.50694172652864e-06,1.45955168371988e-06,1.41442563411924e-06,1.3714425292915e-06,1.33048875217619e-06,1.29145762141906e-06,1.25424893158225e-06,1.21876852646359e-06,1.18492790298374e-06,1.15264384330818e-06,1.12183807306219e-06,1.0924369436717e-06,1.06437113702326e-06,1.03757539078307e-06,1.01198824285001e-06,9.87551793540966e-07,9.64211484220255e-07,9.41915891188903e-07,9.20616533745039e-07,9.00267695414041e-07,8.80826257427262e-07,8.62251543601543e-07,8.445051758388e-07,8.27550939526343e-07,8.11354658174466e-07,7.95884076678927e-07,7.81108752642391e-07,7.66999955231211e-07,7.53530571082448e-07,7.40675016811159e-07,7.28409157699969e-07,7.16710232182289e-07,7.05556781757422e-07,6.94928586000653e-07,6.84806602354462e-07,6.75172910408512e-07,6.66010660396354e-07,6.57304025656007e-07,6.49038158820316e-07,6.41199151522552e-07,6.33773997428954e-07,6.26750558467141e-07,6.20117534310484e-07,6.13864435937539e-07,6.07981567228923e-07,6.02460031659175e-07,5.97291835548e-07,5.92470384348554e-07,5.87992594423232e-07,5.83867634075541e-07,5.80152752243774e-07,5.77099251135159e-07,5.75744085841549e-07,5.80295330330804e-07,6.07702404576685e-07,7.2585723112584e-07,1.20527386003045e-06,3.11349602192201e-06,1.04009400491563e-05,3.28183317584866e-05,6.72575566197617e-05
0.0014628660717577,0.00241770849604042,0.00356372630448658,0.00537461934287493,0.00817168607949571,0.0122277582642319,0.0178088373356232,0.0251340639892666,0.0342291432871613,0.0428471317131403,0.0449026208588122,0.0403414012485153,0.0350032511494172,0.0307766911638475,0.0274211350682954,0.0247066299855148,0.0224774424797107,0.020620630556879,0.0190535924862788,0.0177150675494625,0.0165590285075466,0.0155504619732737,0.0146624167984849,0.0138739142070936,0.0131684504118724,0.0125329113238137,0.0119567771382139,0.0114315330877174,0.0109502284096209,0.0105071429839268,0.0100975329860806,0.00971743509689424,0.00936351452213515,0.0090329460892643,0.00872332053855284,0.00843257016715982,0.00815890946036788,0.00790078742054837,0.0076568490968565,0.00742590440771406,0.00720690279064602,0.00699891255044196,0.006801104035947,0.00661273597904224,0.00643314449179839,0.00626173435044804,0.00609797230571723,0.00594138225391544,0.00579154218615288,0.00564808290736831,0.00551068858559956,0.00537909925896997,0.00525311549887694,0.00513260551136321,0.00501751506658493,0.00490788079363572,0.00480384758030338,0.00470569108515504,0.00461384669813281,0.00452894664076894,0.00445186719308481,0.00438378811366929,0.00432626593399423,0.00428132161402873,0.00425154062780488,0.00424017948356837,0.00425126667085401,0.00428967806678762,0.00436115745999773,0.00447224336212523,0.00463005589684446,0.00484189540959359,0.00511461124141788,0.00545371846748749,0.00586227474323805,0.00633957863323832,0.00687981098095655,0.00747080337126758,0.00809316931961186,0.00872005822962318,0.00931777322939977,0.00984742010064927,0.0102676234580824,0.0105381693113135,0.0106242361705462,0.0105006983805543,0.0101558694808975,0.00959403953435328,0.00883627168843056,0.00791915691101853,0.0068915488066166,0.00580965298912588,0.00473115322566052,0.00370924812945419,0.00278749860079998,0.0019962338619895,0.00135094092625507,0.000851811125293273,0.000479567850718527,0.000207423855351352
3.82609424506241e-12,2.63347475469725e-11,1.71521030409585e-10,1.10962017242042e-09,7.14644601295162e-09,4.57305648635277e-08,2.93127862891899e-07,1.84001146014627e-06,8.70198758556007e-06,2.28008542136675e-05,3.19732027278087e-05,3.127916851722e-05,2.91289617889799e-05,2.74475638060354e-05,2.58534605954436e-05,2.43775894284718e-05,2.30095136571424e-05,2.17393992547032e-05,2.05594810643373e-05,1.9462401965937e-05,1.84415148899057e-05,1.74907627892324e-05,1.66046251030673e-05,1.5778066317157e-05,1.50064893175541e-05,1.42856937908424e-05,1.36118388311581e-05,1.29814093491638e-05,1.2391185865079e-05,1.18382173222859e-05,1.13197965992844e-05,1.08334384340346e-05,1.03768595068699e-05,9.947960456456e-06,9.54480962825242e-06,9.16562837699387e-06,8.80877776421466e-06,8.47274650909657e-06,8.1561400662017e-06,7.85767071719551e-06,7.57614857567667e-06,7.3104734148936e-06,7.05962723760095e-06,6.8226675157308e-06,6.59872103504778e-06,6.38697828663125e-06,6.18668835297548e-06,5.9971542418034e-06,5.81772862542532e-06,5.64780994770381e-06,5.48683886446834e-06,5.33429498660728e-06,5.18969389809491e-06,5.05258442392702e-06,4.92254612537338e-06,4.79918700214205e-06,4.68214138301337e-06,4.57106798826623e-06,4.46564814880674e-06,4.36558416833751e-06,4.27059781619298e-06,4.18042893962538e-06,4.09483418537154e-06,4.01358582127405e-06,3.93647064958186e-06,3.86328900432535e-06,3.79385382585669e-06,3.72798980627659e-06,3.66553260004042e-06,3.60632809455595e-06,3.55023173605807e-06,3.49710790647889e-06,3.44682934742785e-06,3.39927662776235e-06,3.35433765156791e-06,3.3119072036818e-06,3.27188653018974e-06,3.23418295160423e-06,3.19870950670651e-06,3.16538462533448e-06,3.1341318288704e-06,3.10487945844025e-06,3.07756043552787e-06,3.05211207914785e-06,3.02847608605735e-06,3.00659912959131e-06,2.98643600781553e-06,2.96796347729807e-06,2.95123889547556e-06,2.93664611449206e-06,2.9259204912709e-06,2.92640092272086e-06,2.96858657205699e-06,3.17829504566478e-06,4.0718684438155e-06,7.75808570368788e-06,2.27717833996079e-05,8.15313702565763e-05,0.000266673059692647,0.000559018946871894
1.15087908596105e-13,7.73926144309236e-13,4.90120369094605e-12,3.08043783859488e-11,1.92741142696682e-10,1.19850877350945e-09,7.46065643771155e-09,4.55552304234769e-08,2.12117765425234e-07,5.55083003496707e-07,7.88459686381873e-07,7.92104646546965e-07,7.60012247101285e-07,7.36596847501398e-07,7.13186024042722e-07,6.90738101027226e-07,6.69189696216254e-07,6.48480099093335e-07,6.28578991961913e-07,6.09450199320814e-07,5.91060450435393e-07,5.73377943416541e-07,5.5637237836651e-07,5.4001488793321e-07,5.24277960091689e-07,5.09135370891862e-07,4.94562119600786e-07,4.80534367480616e-07,4.67029379823577e-07,4.54025471068096e-07,4.41501952824793e-07,4.2943908464768e-07,4.17818027396512e-07,4.0662079904495e-07,3.958302327976e-07,3.85429937386907e-07,3.75404259428269e-07,3.65738247718759e-07,3.56417619371473e-07,3.47428727683779e-07,3.38758531643739e-07,3.3039456698461e-07,3.22324918702848e-07,3.14538194960179e-07,3.07023502295382e-07,2.99770422076282e-07,2.92768988127127e-07,2.86009665471101e-07,2.7948333013216e-07,2.73181249944633e-07,2.67095066323205e-07,2.61216776949874e-07,2.55538719338284e-07,2.50053555239472e-07,2.44754255856413e-07,2.39634087837897e-07,2.34686600025064e-07,2.2990561092638e-07,2.2528519689894e-07,2.20819681015611e-07,2.16503622598772e-07,2.12331807402082e-07,2.08299238422005e-07,2.04401127320496e-07,2.00632886439532e-07,1.9699012138695e-07,1.93468624171356e-07,1.90064366861897e-07,1.86773495746275e-07,1.83592325957831e-07,1.80517336539789e-07,1.77545165911991e-07,1.74672607702747e-07,1.71896606905944e-07,1.69214256321363e-07,1.66622793234348e-07,1.64119596289803e-07,1.61702182514868e-07,1.5936820444503e-07,1.57115447310558e-07,1.54941826247583e-07,1.52845383525149e-07,1.50824285885849e-07,1.48876822528379e-07,1.4700140601887e-07,1.45196585584586e-07,1.4346111132556e-07,1.4179420529715e-07,1.40196667022631e-07,1.38675325288765e-07,1.3726083732573e-07,1.36078447131262e-07,1.35627775050969e-07,1.37883355905884e-07,1.50600971123273e-07,2.04073755520149e-07,4.15403276578012e-07,1.20826910631017e-06,3.59738330886764e-06,7.17226050578755e-06
4.68433342464583e-10,2.33368007082718e-09,1.12758501963641e-08,5.47881277125843e-08,2.66626927121879e-07,1.29740160845113e-06,6.33990503754042e-06,3.11877613144414e-05,0.000127318686960438,0.000310106580627955,0.000408701649890487,0.000364584367222789,0.000305081319728221,0.000261972326444896,0.000227849176880486,0.000200656003812485,0.000178757121467089,0.000160928393602021,0.000146275041433036,0.000134124996104132,0.000123969149796018,0.000115417335862831,0.000108167388370086,0.000101982964189507,9.66774647167636e-05,9.21022581897398e-05,8.81379626345106e-05,8.46879313005031e-05,8.16733388590302e-05,7.90294422365392e-05,7.67027112946654e-05,7.46486092881699e-05,7.28298627630824e-05,7.12151030645424e-05,6.97777921450861e-05,6.8495367467282e-05,6.73485569330366e-05,6.63208266479971e-05,6.53979331349026e-05,6.45675581856414e-05,6.38190094867148e-05,6.31429738960411e-05,6.25313131006929e-05,6.19768935709472e-05,6.14734444113213e-05,6.10154380160654e-05,6.05979894554605e-05,6.02167713178785e-05,5.98679413617378e-05,5.95480808296493e-05,5.92541416733935e-05,5.89834012551843e-05,5.87334233450928e-05,5.85020244397245e-05,5.82872445935111e-05,5.80873220892527e-05,5.79006713850871e-05,5.77258638657378e-05,5.7561611000592e-05,5.74067495729205e-05,5.7260228695827e-05,5.71210983732227e-05,5.69884993998388e-05,5.68616544242539e-05,5.6739860024137e-05,5.66224796642096e-05,5.65089374254726e-05,5.6398712409575e-05,5.62913337352597e-05,5.61863760549732e-05,5.60834555292778e-05,5.59822262048953e-05,5.58823767492571e-05,5.57836275005104e-05,5.56857277971643e-05,5.5588453556092e-05,5.54916050715276e-05,5.53950050110955e-05,5.5298496587864e-05,5.52019418899742e-05,5.51052203516372e-05,5.50082273512246e-05,5.49108729238789e-05,5.48130805775412e-05,5.47147862025848e-05,5.46159370663699e-05,5.45164908850122e-05,5.44164149655256e-05,5.43156854122429e-05,5.42142863921465e-05,5.41122094563622e-05,5.4009452988969e-05,5.39060244579764e-05,5.38020268141213e-05,5.36996112950239e-05,5.36330117346304e-05,5.403146296679e-05,6.08735391562813e-05,0.000158600978451232,0.000942502337981506
5.30444328506661e-14,2.30257318556546e-13,9.51357430243154e-13,3.99099730029646e-12,1.69919523718429e-11,7.32382761274531e-11,3.20192056471389e-10,1.42289984449343e-09,5.44310407232513e-09,1.30439277187335e-08,1.7666721661728e-08,1.68216814669128e-08,1.51421782090544e-08,1.38587979143636e-08,1.2769788373537e-08,1.1849581046544e-08,1.10700534854844e-08,1.04077359913874e-08,9.84415907085126e-09,9.3642942782371e-09,8.95591744464045e-09,8.60902272910945e-09,8.31537897139815e-09,8.06818295376252e-09,7.86178692146267e-09,7.69148333870393e-09,7.55333382284627e-09,7.44403243465570e-09,7.36079583049304e-09,7.30127453421615e-09,7.26348090299328e-09,7.24573035703982e-09,7.24659320092378e-09,7.26485494365539e-09,7.29948347050963e-09,7.3496017641117e-09,7.414465140036e-09,7.49344217118607e-09,7.58599863917671e-09,7.6916839801325e-09,7.81011979456844e-09,7.94099007229223e-09,8.08403284813332e-09,8.23903305628013e-09,8.40581639281545e-09,8.58424402979195e-09,8.77420805153629e-09,8.97562750609959e-09,9.18844498290331e-09,9.41262364245982e-09,9.64814463621655e-09,9.89500486458344e-09,1.01532150294623e-08,1.0422797944424e-08,1.07037870713405e-08,1.09962252569754e-08,1.13001636469544e-08,1.16156607577897e-08,1.19427816903643e-08,1.22815974705547e-08,1.26321845045826e-08,1.2994624138287e-08,1.33690023108547e-08,1.37554092946813e-08,1.41539395139895e-08,1.45646914356399e-08,1.49877675262546e-08,1.54232742703508e-08,1.58713222446826e-08,1.63320262444056e-08,1.68055054570445e-08,1.72918836805603e-08,1.77912895820795e-08,1.8303856994089e-08,1.88297252451102e-08,1.93690395220464e-08,1.99219512615697e-08,2.04886185680563e-08,2.10692066557183e-08,2.16638883127051e-08,2.22728443850576e-08,2.28962642785086e-08,2.3534346476219e-08,2.41872990706318e-08,2.4855340307713e-08,2.55386991419288e-08,2.62376158003823e-08,2.69523423546071e-08,2.76831432985833e-08,2.84302961317438e-08,2.91940919496445e-08,2.99748361502934e-08,3.07728522994256e-08,3.15885691001963e-08,3.24244317086334e-08,3.33195765882832e-08,3.49715885707528e-08,5.09807234657714e-08,2.79670812896704e-07,1.94782071404123e-06
4.73655047853838e-13,3.17512328857977e-12,2.00308713770649e-11,1.25404352254041e-10,7.81632596192139e-10,4.84214684574117e-09,3.00290483035501e-08,1.82722921788835e-07,8.49112024686606e-07,2.22114802722523e-06,3.15799698276814e-06,3.17883357761407e-06,3.05597494525334e-06,2.96642051934642e-06,2.875731872805e-06,2.78782367816467e-06,2.70253206028445e-06,2.61969895951659e-06,2.53928156541432e-06,2.46120858901514e-06,2.38541541719344e-06,2.31183869610681e-06,2.24041674131564e-06,2.17108952230809e-06,2.10379860121391e-06,2.03848709655156e-06,1.97509964291292e-06,1.91358235229612e-06,1.85388277634096e-06,1.79594986947884e-06,1.7397339529848e-06,1.68518667990616e-06,1.63226100084699e-06,1.58091113058764e-06,1.53109251551924e-06,1.48276180187393e-06,1.43587680473225e-06,1.39039647778982e-06,1.34628088386665e-06,1.30349116614288e-06,1.26198952010592e-06,1.22173916619488e-06,1.18270432312882e-06,1.14485018190658e-06,1.10814288046643e-06,1.07254947899462e-06,1.03803793587251e-06,1.00457708425239e-06,9.72136609252149e-07,9.40687025759392e-07,9.10199656834962e-07,8.8064661270576e-07,8.52000770335929e-07,8.24235753564632e-07,7.97325913797571e-07,7.71246311238116e-07,7.45972696642579e-07,7.21481493582667e-07,6.97749781196729e-07,6.74755277410016e-07,6.5247632260293e-07,6.30891863705257e-07,6.09981438693629e-07,5.89725161469084e-07,5.70103707091665e-07,5.51098297349475e-07,5.32690686640493e-07,5.14863148146916e-07,4.97598460283546e-07,4.80879893403947e-07,4.64691196750571e-07,4.49016585637777e-07,4.33840728859463e-07,4.19148736315829e-07,4.0492614685647e-07,3.91158916339348e-07,3.77833405907207e-07,3.64936370484377e-07,3.52454947497697e-07,3.4037664582564e-07,3.28689334980563e-07,3.1738123453547e-07,3.06440903839695e-07,2.95857232214778e-07,2.85619430441154e-07,2.75717026902736e-07,2.66139882199562e-07,2.56878278412946e-07,2.47923310186779e-07,2.3926849107956e-07,2.30916229216115e-07,2.22903714470436e-07,2.15405797746644e-07,2.09141696888855e-07,2.06974562728557e-07,2.20163344504547e-07,2.92325061333087e-07,5.80165367135846e-07,1.45046436345692e-06,2.72340043799769e-06
0.962640571799338,0.337075970392738,0.0810821990673342,0.0282630866497963,0.0198633253745489,0.0185896412378883,0.0183850082030319,0.0183097495938486,0.0184406444426672,0.0178919066137816,0.0123714485130208,0.00459040547371116,0.000921804972265026,0.00013479365530879,1.94974115866158e-05,3.13387846463504e-06,7.09253221001042e-07,2.89294146364576e-07,1.73483168113857e-07,1.16524583695656e-07,7.96738127596565e-08,5.42565511812071e-08,3.66312781647234e-08,2.44958003638916e-08,1.62203635864071e-08,1.06343909566577e-08,6.90264009602896e-09,4.43546828981285e-09,2.82135604346567e-09,1.77641310120207e-09,1.10706209741152e-09,6.82836840885812e-10,4.16825720632197e-10,2.51803013531877e-10,1.50526501001861e-10,8.90405644550408e-11,5.21150835645075e-11,3.01798906018546e-11,1.72913544833065e-11,9.80113223125366e-12,5.49589449657966e-12,3.04855959750594e-12,1.67272527419953e-12,9.07836853942234e-13,4.87330995706741e-13,2.58733808731396e-13,1.35854872353434e-13,7.05456387000174e-14,3.62258084728816e-14,1.83949673937024e-14,9.23619310677718e-15,4.5854293671089e-15,2.25081566576216e-15,1.09232671825399e-15,5.24079948139083e-16,2.48573242560768e-16,1.16547335838571e-16,5.40157640833968e-17,2.47450134920788e-17,1.12042388439051e-17,5.01398077089511e-18,2.21751401665762e-18,9.69194205678136e-19,4.18593806099325e-19,1.78644072586442e-19,7.53310277170511e-20,3.13851046026152e-20,1.2918491857787e-20,5.25305366552645e-21,2.11006513523539e-21,8.37211025474754e-22,3.28094378601593e-22,1.2698593003719e-22,4.85368748631844e-23,1.83194228704137e-23,6.8271198497262e-24,2.511933903628e-24,9.12388244301839e-25,3.2711753360971e-25,1.15751791501506e-25,4.04196583173239e-26,1.39262015027751e-26,4.73339810869342e-27,1.58682016517923e-27,5.24561508706253e-28,1.70946566579915e-28,5.49005273734059e-29,1.73687765347647e-29,5.41026580277233e-30,1.65822331008915e-30,4.99658021626895e-31,1.47846036483833e-31,4.28904216169628e-32,1.21710002488658e-32,3.36672879762904e-33,9.02892052935865e-34,2.32598028585968e-34,5.65797916519718e-35,1.24777351405745e-35,2.21131530838162e-36
1.12795851447431e-10,9.23650734234282e-10,7.12975113124044e-09,5.38473055765771e-08,3.9844110533841e-07,2.88213782692637e-06,2.05994936723417e-05,0.000140882101112161,0.000696421149591745,0.00185175492831732,0.00259579569264991,0.00252105208124988,0.00233242817807056,0.00218734936365168,0.00205253748454361,0.00193009521702723,0.00181863631413305,0.0017169174870932,0.00162394436378296,0.00153881756655086,0.00146074798664291,0.00138903820907306,0.00132307090744614,0.00126229861980109,0.001206234919386,0.00115444682781874,0.00110654826345504,0.00106219437554941,0.00102107663428627,0.000982918567582592,0.000947472052461311,0.000914514082910304,0.000883843947969947,0.000855280763712801,0.00082866131112114,0.000803838138897336,0.000780677896178047,0.000759059865146776,0.000738874667800188,0.000720023124745681,0.000702415246994158,0.000685969344348534,0.000670611236247241,0.000656273552862806,0.000642895115929431,0.000630420390223137,0.000618798997880202,0.00060798528884569,0.000597937961721275,0.000588619730154783,0.000579997030705022,0.000572039768845775,0.000564721100463617,0.000558017246878479,0.000551907342100646,0.000546373311767818,0.00054139978402781,0.000536974033613948,0.000533085961599854,0.000529728114964113,0.000526895752357207,0.000524586965650459,0.000522802871387476,0.000521547892722852,0.000520830161536176,0.000520662082976849,0.000521061121555548,0.000522050889676108,0.000523662646273988,0.000525937344039138,0.000528928395983587,0.00053270536115396,0.000537358768045163,0.000543006294051854,0.000549800492057029,0.000557938198541037,0.00056767168323272,0.000579321548001466,0.000593291438853253,0.000610084956289061,0.0006303259880745,0.000654785412335311,0.000684420214394538,0.000720436101943313,0.000764392260692036,0.000818377354400799,0.00088529914774283,0.000969345219250389,0.00107668668696975,0.0012165062149175,0.00140242884382127,0.00165440988950983,0.0020010769271821,0.00248242138480614,0.00315258149881482,0.00408224260600414,0.00535850255715885,0.00704025176373101,0.00865685004229008,0.00793950781207773
6.63169410367316e-12,4.58989982880923e-11,3.00932602874914e-10,1.95999999575943e-09,1.27078696563417e-08,8.18535301616644e-08,5.28170216886535e-07,3.33608164486718e-06,1.58319797511361e-05,4.14937171497864e-05,5.8017547794177e-05,5.64178202726297e-05,5.21853443179624e-05,4.88635564793538e-05,4.5744819621198e-05,4.28794910233463e-05,4.02433855494378e-05,3.78139773745098e-05,3.55731534608177e-05,3.3504069988439e-05,3.15916349620225e-05,2.98222286152155e-05,2.81835528886642e-05,2.66644921012385e-05,2.52549884882205e-05,2.39459322519902e-05,2.27290638560028e-05,2.15968871939119e-05,2.0542592331794e-05,1.9559986696715e-05,1.86434337253373e-05,1.77877981081274e-05,1.69883968710437e-05,1.62409556290402e-05,1.55415694263144e-05,1.48866676485284e-05,1.42729825536255e-05,1.36975210215388e-05,1.31575391700569e-05,1.26505195252599e-05,1.21741504710211e-05,1.17263077337422e-05,1.13050376863236e-05,1.09085422798477e-05,1.05351654330045e-05,1.01833807282812e-05,9.85178028068851e-06,9.53906465958323e-06,9.24403375721703e-06,8.96557850919273e-06,8.70267338223805e-06,8.45436955376111e-06,8.21978871567693e-06,7.99811744210848e-06,7.78860206687647e-06,7.59054402229147e-06,7.40329559573221e-06,7.22625606490658e-06,7.05886817661116e-06,6.9006149372863e-06,6.75101668675867e-06,6.60962842931572e-06,6.47603739870748e-06,6.34986083585805e-06,6.23074396002404e-06,6.11835811589185e-06,6.0123990806866e-06,5.91258551679882e-06,5.81865755674317e-06,5.73037550846662e-06,5.64751867014068e-06,5.5698842446187e-06,5.49728634472837e-06,5.42955508151303e-06,5.36653572844072e-06,5.3080879554747e-06,5.25408512774635e-06,5.20441366439497e-06,5.15897245394438e-06,5.11767232339743e-06,5.08043555915647e-06,5.04719547940922e-06,5.01789606189997e-06,4.99249164735903e-06,4.9709468076184e-06,4.95323676221698e-06,4.93934999211458e-06,4.92930010802583e-06,4.92317706332428e-06,4.92136544397098e-06,4.92546965468132e-06,4.94221718048325e-06,4.99985273777596e-06,5.21668960742575e-06,6.08647828503076e-06,9.66073235519221e-06,2.43857574214594e-05,8.28728450084594e-05,0.000269766843276829,0.000569244955739449
4.9081787640645e-13,3.33607097229700e-12,2.13979240544846e-11,1.36261412647807e-10,8.63838846350695e-10,5.44196322148718e-09,3.43293456579825e-08,2.12260452123518e-07,9.95389675099868e-07,2.60675993314043e-06,3.68296355343416e-06,3.65912240337719e-06,3.46739401346043e-06,3.3211330562869e-06,3.17851898585258e-06,3.04378895311239e-06,2.91637691205065e-06,2.79573744973555e-06,2.68149264474481e-06,2.57325538427147e-06,2.47066961665475e-06,2.37340218762397e-06,2.28114169537098e-06,2.19359698832444e-06,2.11049571871281e-06,2.03158303252947e-06,1.95662035206068e-06,1.88538424997488e-06,1.81766540694543e-06,1.75326764625775e-06,1.69200703937513e-06,1.63371107691964e-06,1.57821789998553e-06,1.52537558711827e-06,1.47504149267317e-06,1.42708163261558e-06,1.38137011414317e-06,1.33778860580224e-06,1.2962258450367e-06,1.25657718035316e-06,1.2187441455093e-06,1.1826340633387e-06,1.1481596770136e-06,1.11523880672081e-06,1.08379402988497e-06,1.05375238322039e-06,1.02504508502726e-06,9.97607276272901e-07,9.71377779113215e-07,9.46298871615596e-07,9.22316077542415e-07,8.99377970144649e-07,8.77435988998915e-07,8.56444268998439e-07,8.36359480679982e-07,8.17140681134716e-07,7.98749174811843e-07,7.81148383579792e-07,7.64303725461158e-07,7.4818250150457e-07,7.32753790299514e-07,7.17988349678901e-07,7.03858525189245e-07,6.90338164939611e-07,6.77402540468401e-07,6.65028273291677e-07,6.53193266818186e-07,6.41876643335038e-07,6.31058685784066e-07,6.20720784062603e-07,6.10845385594172e-07,6.01415949924516e-07,5.92416907106777e-07,5.83833619646993e-07,5.75652347787432e-07,5.67860217911056e-07,5.60445193855936e-07,5.53396050934107e-07,5.46702352456321e-07,5.40354428577164e-07,5.34343357312837e-07,5.28660947726391e-07,5.23299725856897e-07,5.18252926385387e-07,5.13514503069454e-07,5.09079212522874e-07,5.04942996996987e-07,5.01104592738125e-07,4.97572147434225e-07,4.94390215401925e-07,4.91749236969956e-07,4.90427195364949e-07,4.93562181779238e-07,5.13730168741754e-07,6.01062067128511e-07,9.5434120854335e-07,2.35416360293458e-06,7.67397962958184e-06,2.39584371225155e-05,4.88294968831044e-05
0.0792458170761195,0.0695559656100822,0.0513501429150641,0.0425338337189076,0.0400649305935298,0.0401589970127372,0.0410261630432313,0.0418990006590642,0.0424920734485613,0.0414220391105281,0.0351010220310314,0.0255667883428756,0.0184479201757452,0.0142795077012257,0.0117581740856885,0.0101232143621832,0.00899288620859071,0.00816484770409351,0.00752739830690687,0.00701620231075679,0.00659258905788134,0.00623231852109899,0.00591957094505135,0.00564362298590028,0.005396947486026,0.00517409082695822,0.00497098801483972,0.00478453166491719,0.0046122926362356,0.00445233385730856,0.00430308300404818,0.00416324332238307,0.00403172978784543,0.00390762248676167,0.00379013195817213,0.00367857301247607,0.00357234467347908,0.00347091462520024,0.00337380703164295,0.00328059292629617,0.00319088259361123,0.00310431952176722,0.00302057561689338,0.00293934744804065,0.00286035334924742,0.00278333124664813,0.00270803710946861,0.00263424394756216,0.00256174129794361,0.0024903351615557,0.00241984837256826,0.00235012140994234,0.00228101370010662,0.00221240551746336,0.00214420067540918,0.0020763303266669,0.0020087583728822,0.001941489236997,0.00187457909625936,0.00180815212526513,0.00174242386618957,0.00167773452054285,0.00161459570845497,0.00155375498847067,0.00149628303037152,0.00144368855937042,0.00139806571635516,0.00136227687597823,0.00134017071639483,0.00133682989208943,0.00135883454307447,0.00141451682541229,0.00151416785990757,0.00167014286327752,0.00189679461173155,0.0022101528154502,0.0026272616696631,0.0031650949457999,0.00383899293189175,0.0046606129322388,0.00563545711348708,0.00676013624646374,0.00801963739124938,0.00938497276551202,0.0108116739118657,0.012239632858859,0.0135947525666237,0.0147927305956433,0.0157450541677419,0.0163669441686129,0.0165865888038032,0.016354619305521,0.0156524841814137,0.0144982633970019,0.0129486019525381,0.0110958576007032,0.00905987330913198,0.00696348196632563,0.00482027684229401,0.00254987372042839
2.72857434845233e-11,2.2806595500678e-10,1.79977121689381e-09,1.38710100884459e-08,1.04510970450292e-07,7.68127502766216e-07,5.56981497936031e-06,3.85502232068287e-05,0.000191744375925657,0.000510331983881147,0.000713034680105216,0.000687978228501457,0.000632689009443889,0.000590955816346928,0.000553149807382958,0.000519598117223562,0.000489713614127517,0.000462991659924543,0.000439031510595829,0.000417485773453633,0.000398059003262948,0.000380498025767245,0.00036458518035239,0.000350132696892392,0.000336978046796217,0.000324980099248403,0.000314015926208406,0.000303978137953611,0.000294772653164327,0.000286316826358375,0.000278537870262738,0.000271371522470088,0.000264760915125232,0.000258655613920589,0.000253010798743084,0.000247786563211864,0.000242947314315065,0.000238461256581234,0.000234299947854161,0.000230437915894909,0.000226852326804104,0.000223522697714371,0.000220430647405906,0.000217559679494538,0.00021489499366904,0.000212423321143567,0.000210132781066573,0.000208012755109628,0.000206053777864678,0.000204247441020073,0.000202586309575328,0.000201063848601452,0.000199674359265785,0.000198412923024297,0.000197275353046421,0.000196258152083059,0.000195358476123145,0.000194574103313859,0.000193903407751851,0.000193345337897612,0.000192899399537791,0.000192565643444384,0.000192344658193486,0.000192237569070614,0.000192246044701318,0.000192372314156275,0.000192619199021993,0.000192990167652732,0.000193489423049523,0.000194122042324384,0.000194894195665938,0.000195813487927755,0.000196889489349669,0.000198134558600349,0.000199565120706863,0.000201203662567944,0.000203081884865654,0.000205245769920834,0.00020776392201844,0.000210741656546842,0.000214345405620711,0.000218845860641791,0.000224695227897186,0.000232666220739928,0.000244101367664839,0.000261355945491499,0.000288573409857723,0.000333017662760721,0.000407312217977136,0.000533111783692921,0.000746961182101913,0.00110937116420473,0.00171842740453022,0.00272947482805287,0.00438245426581615,0.00703808808541931,0.0112192223098849,0.0175289074398285,0.0249952886069584,0.0257669736459161
0.356907589557658,0.22103908124647,0.101981773022531,0.0530865158337811,0.0369093098554342,0.0319309091397877,0.0306156336077509,0.030481091150507,0.0308097988169111,0.0298966997314358,0.0232186525461222,0.0135185706279489,0.00764316664729793,0.00534901686527754,0.00451607416994178,0.00420544607932889,0.00408538319322512,0.00403599621690904,0.00401351003118013,0.00400172324392651,0.00399449746823384,0.00398938935227899,0.00398531531862243,0.00398168921208136,0.00397810287909465,0.00397420872994824,0.00396967808929406,0.00396418816173137,0.00395741979648926,0.00394905925107803,0.00393880132976986,0.00392635287210066,0.00391143618511587,0.00389379225445741,0.00387318366444544,0.00384939719532581,0.00382224608173956,0.00379157192399629,0.00375724624834119,0.00371917171620689,0.00367728298618847,0.00363154723636017,0.00358196435850139,0.00352856683964139,0.00347141934982602,0.00341061805788157,0.00334628969890457,0.00327859041793887,0.00320770441351947,0.00313384240220593,0.00305723992069916,0.00297815547554032,0.00289686854177869,0.00281367740161745,0.00272889680239429,0.00264285540111293,0.002555892951212,0.00246835717776236,0.00238060028153372,0.00229297501229006,0.00220583025925877,0.00211950612385903,0.0020343284679924,0.00195060297136293,0.00186860878330094,0.00178859191703146,0.00171075860434006,0.0016352689015461,0.00156223090732267,0.00149169601146772,0.00142365563249204,0.00135803991181478,0.00129471880507054,0.00123350593993977,0.00117416549141007,0.00111642215998191,0.00105997413161293,0.00100450866126892,0.00094971967141792,0.000895326514004166,0.000841092833927796,0.000786844319412123,0.000732484053693806,0.000678004212257157,0.00062349299160669,0.000569135910298415,0.000515210979700455,0.000462077677550016,0.00041016013753121,0.000359925450114796,0.000311858406736874,0.00026643436475243,0.000224092124468806,0.000185208763267112,0.000150078252003382,0.000118895347279868,9.17405203464038e-05,6.84372008236219e-05,4.74807155475096e-05,2.59482372574962e-05
3.93124165443595e-11,2.6345478609182e-10,1.66966374768791e-09,1.05154614809044e-08,6.59627690602657e-08,4.11337936446559e-07,2.56919169359416e-06,1.5757588212776e-05,7.35289812506478e-05,0.000191573198971642,0.000267865408601481,0.000261110001139983,0.00024197953886312,0.000226937458824344,0.000212812326417183,0.000199820163521873,0.000187855273759128,0.000176817575936119,0.000166626487479537,0.000157207099959718,0.000148492229416949,0.000140421205124994,0.000132939205049524,0.000125996642279587,0.000119548616911815,0.000113554431467643,0.000107977160088596,0.000102783265483942,9.79422579350706e-05,9.34263914218801e-05,8.9210392550119e-05,8.52712184914283e-05,8.15878406125711e-05,7.81410508746764e-05,7.49132884358428e-05,7.18884841980666e-05,6.90519213081893e-05,6.63901098575698e-05,6.38906742309191e-05,6.15422517350268e-05,5.93344012962713e-05,5.72575211546921e-05,5.53027746044834e-05,5.34620229381815e-05,5.1727764846423e-05,5.00930816085379e-05,4.85515874828243e-05,4.70973847703199e-05,4.57250230833066e-05,4.44294624005712e-05,4.32060395363955e-05,4.20504376900578e-05,4.09586587779062e-05,3.99269982813518e-05,3.895202237188e-05,3.80305470988159e-05,3.71596194474585e-05,3.63365000946385e-05,3.55586477060436e-05,3.48237046350335e-05,3.41294838963671e-05,3.34739573004773e-05,3.2855244644831e-05,3.22716038686706e-05,3.17214220861695e-05,3.1203207420892e-05,3.07155815715292e-05,3.02572730452876e-05,2.98271110011173e-05,2.9424019650271e-05,2.90470131665369e-05,2.86951910629435e-05,2.83677339958477e-05,2.80638999611168e-05,2.77830208506188e-05,2.75244993404799e-05,2.72878060855322e-05,2.70724771970867e-05,2.68781119836835e-05,2.67043709371099e-05,2.65509739503028e-05,2.64176987663847e-05,2.63043797072018e-05,2.62109069332491e-05,2.61372273358703e-05,2.60833516935545e-05,2.6049387348611e-05,2.60356759927109e-05,2.60433640971033e-05,2.60767486910399e-05,2.61528820744875e-05,2.63407467914349e-05,2.69204416837285e-05,2.90276203276685e-05,3.72526758797505e-05,7.00826059576008e-05,0.000201369097412919,0.000708205900945059,0.00228716274538635,0.00475119850873288
2.36589527585343e-15,1.56221430056581e-14,9.67953745609919e-14,5.9480384776124e-13,3.63850713112038e-12,2.2122881324965e-11,1.34597550350754e-10,8.04275302501526e-10,3.69880241237776e-09,9.66560658913442e-09,1.38546330454464e-08,1.41816031083713e-08,1.3893781359849e-08,1.37343216319251e-08,1.35578544146173e-08,1.33815811116743e-08,1.32051055869635e-08,1.30281260023835e-08,1.28508116787861e-08,1.26732033204011e-08,1.24953628699052e-08,1.23173501527581e-08,1.21392248938182e-08,1.19610467718632e-08,1.17828752963435e-08,1.16047697850113e-08,1.14267893196806e-08,1.12489927050583e-08,1.10714384274517e-08,1.08941846135781e-08,1.07172889895626e-08,1.05408088401537e-08,1.03648009682033e-08,1.0189321654457e-08,1.00144266176967e-08,9.84017097527979e-09,9.66660920411844e-09,9.49379510213975e-09,9.32178175027063e-09,9.15062147498865e-09,8.98036581148193e-09,8.81106546746068e-09,8.64277028766451e-09,8.47552921911115e-09,8.30939027713351e-09,8.14440051225469e-09,7.98060597795293e-09,7.81805169937121e-09,7.65678164302914e-09,7.49683868759765e-09,7.33826459579938e-09,7.1810999874994e-09,7.02538431405186e-09,6.87115583396788e-09,6.7184515899681e-09,6.56730738747987e-09,6.41775777463318e-09,6.26983602380192e-09,6.12357411472697e-09,5.97900271924546e-09,5.83615118763706e-09,5.695047536582e-09,5.55571843870956e-09,5.41818921369847e-09,5.2824838208739e-09,5.14862485323016e-09,5.01663353279463e-09,4.88652970723674e-09,4.75833184761889e-09,4.63205704718221e-09,4.50772102106102e-09,4.38533810682592e-09,4.26492126576581e-09,4.14648208483457e-09,4.03003077920753e-09,3.91557619541574e-09,3.80312581505125e-09,3.6926857590637e-09,3.58426079269647e-09,3.47785433114173e-09,3.3734684460437e-09,3.27110387311044e-09,3.17076002157393e-09,3.0724349881504e-09,2.97612558588886e-09,2.88182742951369e-09,2.78953524422597e-09,2.69924406574075e-09,2.61095398999903e-09,2.52468900411614e-09,2.44057141394912e-09,2.35911471311078e-09,2.28237050081264e-09,2.21839806923433e-09,2.1985969013978e-09,2.34451407302797e-09,3.12041491386159e-09,6.1717079354718e-09,1.52851999513666e-08,2.84262785729114e-08
0.204342918301176,0.151689439626565,0.100341230447516,0.080341690580605,0.0743989128133945,0.0721164591009684,0.0700812238045635,0.0674114612525468,0.0641721921232384,0.0590993752890507,0.0478086339028742,0.0338488052538916,0.0248834964500339,0.0203980764638058,0.0178624245489621,0.016156512256241,0.0148616862303021,0.0138031488486254,0.0128989990447678,0.0121060043790504,0.0113986513587763,0.0107603942348661,0.0101796777898415,0.00964796790120911,0.00915869255745122,0.00870662828137413,0.00828752096628064,0.00789783865944971,0.00753460317414424,0.00719527127933288,0.00687764846982613,0.00657982497377233,0.00630012746182633,0.0060370822099172,0.00578938690869731,0.00555588926620109,0.0053355712161062,0.00512753803819044,0.00493101208798466,0.00474533115608736,0.00456995174665766,0.00440445776824522,0.00424857523156364,0.00410219348284453,0.00396539317450895,0.00383848047223818,0.00372202580117327,0.00361690365597159,0.00352432763104434,0.00344587200043298,0.00338346822686183,0.00333936228998931,0.0033160175261115,0.00331594877115737,0.00334147800690031,0.00339441017727968,0.00347564052238308,0.00358472089565654,0.0037194301447921,0.00387540963347487,0.00404593538557816,0.00422189899536952,0.00439205703230402,0.00454358177594813,0.00466290623372543,0.00473680835865749,0.00475363106336005,0.00470449570128914,0.00458434666719696,0.00439267064346985,0.00413376813127628,0.00381651371280947,0.00345361568950227,0.00306046190486171,0.00265370200330316,0.00224975454695801,0.00186343291706615,0.00150685632645151,0.00118875813063418,0.000914234800087817,0.000684909556833599,0.000499427834780502,0.000354166467803601,0.000244028318269049,0.000163206753325447,0.0001058334608865,6.64599429081049e-05,4.03591935009976e-05,2.36631510898532e-05,1.33700769746485e-05,7.26363170665652e-06,3.78397373497683e-06,1.88381137428627e-06,8.92306941971363e-07,3.99778754073547e-07,1.68011439448547e-07,6.54030061117794e-08,2.30874285096799e-08,7.05041967778436e-09,1.63372299700059e-09
7.16472616739709e-15,4.7399313055868e-14,2.94362659254776e-13,1.81314550731954e-12,1.11177257554336e-11,6.77582018048991e-11,4.13241829021586e-10,2.47492907064359e-09,1.13969969357701e-08,2.97869343727949e-08,4.26559182789911e-08,4.35776781440182e-08,4.26012895447748e-08,4.20267345344798e-08,4.14043929256882e-08,4.07872914208215e-08,4.01741423494272e-08,3.95639220175029e-08,3.8957065216405e-08,3.83536073962787e-08,3.77536479946976e-08,3.71572784670158e-08,3.65645885711179e-08,3.59756666352588e-08,3.53905992699108e-08,3.48094713931291e-08,3.42323661892894e-08,3.36593650780772e-08,3.30905476837749e-08,3.25259918054073e-08,3.19657733878789e-08,3.14099664940567e-08,3.08586432778101e-08,3.03118739580008e-08,2.97697267934132e-08,2.9232268058616e-08,2.86995620207383e-08,2.81716709171475e-08,2.76486549340107e-08,2.71305721857307e-08,2.66174786952461e-08,2.61094283751957e-08,2.56064730099576e-08,2.51086622385847e-08,2.46160435386766e-08,2.4128662211245e-08,2.36465613666527e-08,2.31697819117281e-08,2.26983625381825e-08,2.22323397124809e-08,2.17717476673396e-08,2.13166183950458e-08,2.08669816428072e-08,2.04228649103529e-08,1.99842934500064e-08,1.95512902694496e-08,1.91238761373746e-08,1.87020695922024e-08,1.82858869539997e-08,1.78753423396884e-08,1.74704476815744e-08,1.70712127491637e-08,1.66776451741571e-08,1.62897504784404e-08,1.59075321048088e-08,1.55309914500906e-08,1.51601279002656e-08,1.47949388671152e-08,1.44354198258931e-08,1.40815643534758e-08,1.37333641664365e-08,1.3390809158491e-08,1.30538874367875e-08,1.27225853565563e-08,1.23968875536938e-08,1.20767769749281e-08,1.17622349053018e-08,1.14532409927995e-08,1.11497732700455e-08,1.08518081731148e-08,1.05593205576843e-08,1.02722837132614e-08,9.99066937810358e-09,9.71444776494896e-09,9.44358763808663e-09,9.17805660502574e-09,8.91782227883469e-09,8.66285693554223e-09,8.41315611209231e-09,8.1688125097191e-09,7.93030818602779e-09,7.69966398934115e-09,7.48493861237735e-09,7.31775062273758e-09,7.32117862080482e-09,7.9713130420691e-09,1.10863793834949e-08,2.31200000466228e-08,5.89927753693716e-08,1.10940627927492e-07
2.56504843544412e-05,6.35180126399407e-05,0.000140399229898722,0.000307019586150171,0.000661989376538595,0.00139378581599978,0.0028526267316821,0.00567252806965931,0.0107947083201918,0.017540166696065,0.0213389877940834,0.0208956801381706,0.0194570709752209,0.0181913182866007,0.0170663466565879,0.0160587158246086,0.015153281099487,0.0143365863411355,0.0135973145097344,0.0129258462103594,0.0123139770936611,0.0117546832845724,0.011241929819107,0.0107705134686664,0.0103359332030565,0.00993428299269272,0.0095621627379712,0.00921660396909586,0.00889500762992511,0.00859509178741449,0.00831484752586997,0.0080525016168955,0.00780648482034759,0.00757540488323531,0.00735802347350562,0.00715323642272895,0.00696005676266138,0.00677760013088029,0.0066050721944592,0.00644175780144497,0.00628701162061737,0.00614025007312812,0.0060009443973468,0.00586861472263548,0.00574282506078708,0.00562317915736864,0.00550931718094549,0.0054009132675914,0.00529767398216215,0.00519933780662449,0.0051056758180929,0.00501649377217274,0.00493163585555994,0.0048509904079432,0.00477449792702139,0.0047021616500483,0.00463406093857923,0.00457036756988859,0.00451136485413423,0.00445746925558165,0.00440925391776972,0.00436747321247642,0.0043330872052596,0.00430728482576509,0.00429150462323922,0.00428745233664579,0.00429711513079943,0.00432277318009473,0.00436701013264145,0.00443272451690991,0.00452314385156543,0.00464184144823585,0.004792751992471,0.00498017545227781,0.00520874964392828,0.00548336061225628,0.00580894869761267,0.00619015990907697,0.00663079136411296,0.00713299113197781,0.00769620147417625,0.00831588283651441,0.00898212269786207,0.00967831148429557,0.0103801434998743,0.0110552544317995,0.0116638154124489,0.0121603456550948,0.0124968687810793,0.0126273253280884,0.0125128896581258,0.0121275692869068,0.0114632503606938,0.0105332603225686,0.00937360021732084,0.00804127074766359,0.00660920428080297,0.00514867893454091,0.0036412511767042,0.00198055656642017
0.681875965125651,0.305794595440492,0.0956767019712219,0.0362485319099994,0.0227049047041038,0.0196407019338015,0.0188621053641013,0.0185722182157955,0.0184650796631984,0.0178732557281682,0.0145540496610024,0.00999874844591929,0.0076040532803713,0.00685013225953656,0.00655698245905261,0.00635135513532609,0.00615360345018239,0.00594758116611968,0.00573099498989214,0.00550467750947384,0.00527020256694593,0.00502933021371477,0.00478385813065704,0.00453556616516694,0.00428618421885093,0.00403736784356072,0.0037906780602034,0.00354756464787234,0.00330935273619903,0.00307723262394651,0.00285225272455907,0.00263531549571501,0.00242717616732898,0.00222844404657319,0.00203958615056038,0.00186093289722083,0.00169268557194891,0.00153492528089757,0.00138762310039199,0.00125065113488778,0.00112379420242587,0.00100676187605387,0.000899200621864455,0.00080070578907187,0.000710833225056235,0.000629110308849228,0.000555046220454152,0.000488141290948689,0.000427895309562146,0.000373814698580755,0.000325418504343498,0.000282243191641723,0.000243846268018757,0.000209808801956284,0.000179736932741685,0.000153262497968146,0.000130042925395583,0.000109760548003955,9.21215038210782e-05,7.68543755462635e-05,6.37087099166864e-05,5.24535346755738e-05,4.28759639674929e-05,3.47799534364367e-05,2.7985236782615e-05,2.23264484449108e-05,1.76524144348865e-05,1.38255765992446e-05,1.07215054863328e-05,8.22845357500995e-06,6.24690326253555e-06,4.68907153696568e-06,3.47834415717618e-06,2.54862475776873e-06,1.84359696653691e-06,1.31590897501137e-06,9.26298996607235e-07,6.42686061020082e-07,4.39253434392e-07,2.95551811102881e-07,1.95646780424135e-07,1.27330604518679e-07,8.14128050064633e-08,5.10981703503273e-08,3.14551882870274e-08,1.89730440789085e-08,1.12014980034712e-08,6.4652848248713e-09,3.64313890745599e-09,2.00100774929688e-09,1.06927410116928e-09,5.54635492333431e-10,2.78468350791383e-10,1.34838905079524e-10,6.26631635726751e-11,2.7757651740965e-11,1.15986075045619e-11,4.49157942911672e-12,1.54536320218559e-12,4.14586162833209e-13
2.45666068212148e-08,1.13420169506971e-07,4.90646141451474e-07,2.09403570018236e-06,8.80009155331543e-06,3.63404545122988e-05,0.000147629959504563,0.000592890180424897,0.00208085511885571,0.00479521281637115,0.00647233745174567,0.00623845936141241,0.00566877080753925,0.0052203553061985,0.00483454971989389,0.00450154775927622,0.00421248824932082,0.00395989185070141,0.0037378429194669,0.00354152706312857,0.00336701445476207,0.00321107518737085,0.00307103857598077,0.00294468375459124,0.00283015399657066,0.00272588916857495,0.00263057211871598,0.00254308585306412,0.00246247912017222,0.00238793859094213,0.00231876624412846,0.00225436088519511,0.00219420296602956,0.0021378420553177,0.00208488644882478,0.00203499451612307,0.00198786746333795,0.00194324325609476,0.00190089149739483,0.00186060909489831,0.00182221658350696,0.00178555499409233,0.0017504831791266,0.00171687552193858,0.00168461996917486,0.00165361633644812,0.00162377484560556,0.0015950148589464,0.00156726378136741,0.00154045610606374,0.00151453258325226,0.00148943949456866,0.00146512801844078,0.00144155367395576,0.00141867583259704,0.00139645728879122,0.00137486388152592,0.00135386416041923,0.00133342909057242,0.00131353179134812,0.00129414730490745,0.00127525239093144,0.00125682534445769,0.00123884583419621,0.00122129475905832,0.00120415412094837,0.00118740691213615,0.00117103701575514,0.00115502911816295,0.00113936863205968,0.00112404162939197,0.00110903478317833,0.00109433531747803,0.00107993096479511,0.0010658099302626,0.00105196086199312,0.00103837282701279,0.00102503529221832,0.00101193810981429,0.000999071506703133,0.000986426077323012,0.000973992779492237,0.000961762933064239,0.000949728222227626,0.000937880706694321,0.000926212865907468,0.000914717781123466,0.00090338990384522,0.000892228315390312,0.000881250525599113,0.000870550647244281,0.000860543494944126,0.000852983693474111,0.000855198270014049,0.000897570390688889,0.00110531655590114,0.00198862868595033,0.00549054060425184,0.0165560996709778,0.0339732195264056
8.41751931199867e-09,4.25082135878703e-08,2.00977544967384e-07,9.41641839545155e-07,4.37470103119157e-06,2.01124589217484e-05,9.16698026658774e-05,0.000414780325137517,0.0015900811990992,0.00381789937174067,0.00522038597117764,0.0050506632643415,0.00460767735203008,0.00425143670033039,0.00393304313716605,0.00364958723626428,0.0033966284942921,0.00317009690939896,0.00296664227700104,0.00278338607872183,0.00261786558545771,0.00246796473326775,0.00233185957141996,0.00220797305768002,0.00209493751184754,0.00199156335444371,0.00189681298295569,0.0018097788715022,0.00172966515283482,0.00165577208123551,0.0015874828864024,0.0015242526179341,0.00146559865212209,0.00141109259102343,0.00136035333102187,0.00131304111650436,0.00126885242562551,0.00122751556078447,0.00118878683749422,0.00115244728265589,0.00111829976755953,0.00108616651277761,0.00105588691194997,0.00102731562964155,0.00100032093528262,0.000974783240912997,0.00095059381524188,0.000927653650561705,0.000905872462447658,0.000885167805040319,0.000865464287134996,0.000846692876359573,0.000828790280472798,0.000811698396306036,0.000795363818144625,0.000779737398434138,0.000764773854630405,0.000750431416813766,0.000736671511377643,0.000723458476695723,0.000710759307184909,0.000698543422624428,0.000686782459975216,0.000675450085276333,0.000664521823483788,0.000653974904368094,0.000643788122805244,0.000633941711986022,0.000624417228234649,0.00061519744627292,0.000606266263893003,0.000597608615113555,0.000589210390991687,0.000581058367349611,0.000573140138750879,0.000565444058128495,0.00055795918152722,0.000550675217476779,0.000543582480565528,0.000536671848848568,0.000529934724848733,0.000523363000276091,0.000516949025893725,0.000510685592803713,0.000504565949599573,0.000498583947800685,0.000492734660925316,0.000487016758498205,0.000481441358942692,0.000476064671418099,0.000471107464852599,0.000467389488839795,0.000467899093196169,0.000483427971776458,0.000552666378240514,0.000813367310079569,0.00175047563318965,0.00496120418016145,0.0138486810313108,0.025919674763148
1.17408459173306,0.273129989522411,0.0714110769655148,0.048949351133545,0.0470354543513229,0.0468208206128623,0.0467768046752671,0.0465093971419339,0.0469245410708807,0.0472232266080743,0.0331745126768044,0.0113444261156658,0.00171375559400988,0.000131962015301898,7.6930861461031e-06,4.56393225331529e-07,2.71041994550891e-08,1.59589356294399e-09,9.3590944066656e-11,5.46085154651224e-12,3.17049219403632e-13,1.83167042559515e-14,1.05296517411896e-15,6.0232217691506e-17,3.42840103096733e-18,1.94178994319992e-19,1.09436143009875e-20,6.1371564933464e-22,3.42469188858857e-23,1.9016198369076e-24,1.05068801324145e-25,5.7765925920034e-27,3.16022192140788e-28,1.72032817805192e-29,9.31864789037275e-31,5.02275942065643e-32,2.69388917907994e-33,1.43768899047745e-34,7.63480657491223e-36,4.03440041254159e-37,2.12132801523627e-38,1.10990171116648e-39,5.77841964433802e-41,2.99351540766376e-42,1.54312738276688e-43,7.91534623909984e-45,4.04004230767424e-46,2.05186963724824e-47,1.03695872697507e-48,5.21460034839374e-50,2.6093265817569e-51,1.29922299037268e-52,6.43704882358075e-54,3.17349453993085e-55,1.55681336848512e-56,7.59946802614821e-58,3.69128581185447e-59,1.78410329228802e-60,8.58045176567826e-62,4.10627613332309e-63,1.95539266990268e-64,9.26547414903624e-66,4.36866906165723e-67,2.04964419192502e-68,9.56875940670583e-70,4.44509064834455e-71,2.05472372788793e-72,9.45091981852914e-74,4.32556216028414e-75,1.96996681310331e-76,8.92736501184282e-78,4.02565299942086e-79,1.80634455174414e-80,8.06540651392893e-82,3.58388434894445e-83,1.58542232887835e-84,6.99253567333728e-86,3.09242430908593e-87,1.40109294514062e-88,6.99130478419827e-90,4.55995199894656e-91,4.53049221729488e-92,6.18317978218929e-93,9.57681555126043e-94,1.53126001730437e-94,2.45295527456244e-95,3.9045429399954e-96,6.16206027434295e-97,9.63540287852485e-98,1.49236377891706e-98,2.28889213956911e-99,3.47502998422354e-100,5.21923110655974e-101,7.74646694922169e-102,1.13398234460284e-102,1.63124321136204e-103,2.28909080313833e-104,3.08482467831497e-105,3.83788288996511e-106,3.92981552158534e-107
5.839502390128e-13,2.6198233129372e-12,1.12441744059549e-11,4.88832670784818e-11,2.1490042494424e-10,9.53117787378933e-10,4.27537774127965e-09,1.94389519815192e-08,7.54660990363165e-08,1.81708768673394e-07,2.45413054282614e-07,2.31897709048831e-07,2.07286517292674e-07,1.88901741559399e-07,1.73674709944171e-07,1.61111032980906e-07,1.50721707279918e-07,1.42111891515639e-07,1.34977379087911e-07,1.29076309861169e-07,1.24215973940467e-07,1.20241602289982e-07,1.17028057922219e-07,1.14473508078389e-07,1.12494569937098e-07,1.11022561151878e-07,1.10000582298445e-07,1.09381231203481e-07,1.09124800597959e-07,1.09197848092992e-07,1.09572054944219e-07,1.10223310315789e-07,1.11130972779749e-07,1.12277272010107e-07,1.13646822067792e-07,1.15226224053361e-07,1.17003740757773e-07,1.18969029653867e-07,1.21112923425822e-07,1.23427249440339e-07,1.25904681277255e-07,1.28538616775275e-07,1.31323078098046e-07,1.34252630153201e-07,1.3732231435247e-07,1.40527595223134e-07,1.43864317799285e-07,1.47328674058381e-07,1.50917176941979e-07,1.54626640722878e-07,1.58454166664812e-07,1.62397133073515e-07,1.66453188965895e-07,1.70620250692137e-07,1.74896500937796e-07,1.79280389612352e-07,1.83770636199586e-07,1.88366233205483e-07,1.93066450392498e-07,1.97870839536023e-07,2.02779239480807e-07,2.07791781312325e-07,2.12908893491413e-07,2.18131306830166e-07,2.2346005921353e-07,2.28896499994418e-07,2.3444229401084e-07,2.40099425191608e-07,2.45870199732828e-07,2.51757248840782e-07,2.57763531048144e-07,2.638923341198e-07,2.70147276572093e-07,2.76532308835157e-07,2.83051714092373e-07,2.89710108833841e-07,2.96512443162473e-07,3.03464000891805e-07,3.1057039947415e-07,3.17837589796334e-07,3.25271855878138e-07,3.32879814505788e-07,3.40668414829498e-07,3.48644937950317e-07,3.56816996517408e-07,3.65192534352537e-07,3.73779826113929e-07,3.82587477007055e-07,3.91624422545174e-07,4.00899928359065e-07,4.10423590088148e-07,4.20205334491774e-07,4.30255456352431e-07,4.40585647965664e-07,4.5123213556069e-07,4.62665371754599e-07,4.82853817038851e-07,6.67755209636918e-07,3.39478611884051e-06,2.4273531702649e-05
2.10134482149642e-10,1.35178368906874e-09,8.22718878394907e-09,4.9737650169389e-08,2.99188265979683e-07,1.78727969764482e-06,1.06727081864085e-05,6.27789570732386e-05,0.000285662127609771,0.000735602563391634,0.00102008439780723,0.000982647967634618,0.000897429922372314,0.000830379522293665,0.000769253987134818,0.000714317166157494,0.000664841853041346,0.000620163656236064,0.000579739358165639,0.000543088740216456,0.000509794155963281,0.000479490505955142,0.000451857984469318,0.000426615859375286,0.000403517169644751,0.00038234421174677,0.000362904683294529,0.000345028381826991,0.000328564372506082,0.000313378552904645,0.00029935155480696,0.000286376932652945,0.000274359596305831,0.000263214452506883,0.000252865224944324,0.000243243427505023,0.000234287469157932,0.000225941872169488,0.000218156588080973,0.000210886398174523,0.000204090387090778,0.000197731479896894,0.000191776034288183,0.000186193480780877,0.000180956004751325,0.00017603826502637,0.000171417144454183,0.000167071528503943,0.000162982108472662,0.00015913120633186,0.000155502618637017,0.000152081477258388,0.000148854124980801,0.000145808004269343,0.00014293155771291,0.000140214138843382,0.000137645932188628,0.000135217881556199,0.000132921625664265,0.000130749440339663,0.000128694186592017,0.000126749263949635,0.000124908568508941,0.000123166455206096,0.000121517703868421,0.00011995748864559,0.00011848135045733,0.000117085172126562,0.000115765155895541,0.000114517803048348,0.000113339895386893,0.000112228478330025,0.00011118084542695,0.000110194524097447,0.000109267262432568,0.000108397016910913,0.000107581940907143,0.000106820373891236,0.000106110831238927,0.000105451994596235,0.000104842702766198,0.000104281943124802,0.000103768843674065,0.000103302666211964,0.000102882802634225,0.000102508782883079,0.000102180330651676,0.000101897619850633,0.00010166237860401,0.000101482566605001,0.000101392078384554,0.000101533439911868,0.000102503775543888,0.000106797647340314,0.000124805604151817,0.000199668572613819,0.000509107850045755,0.00174066141242608,0.00568561771550835,0.0120287230365856
8.46975750531373e-14,4.30590948361952e-13,2.11664136583855e-12,1.04142996780486e-11,5.10991976692764e-11,2.4971878365644e-10,1.2210468473428e-09,5.98738093712616e-09,2.43686275644379e-08,5.95395911165805e-08,7.96264788468454e-08,7.32673381111251e-08,6.37935050666959e-08,5.70499807344924e-08,5.17482514736204e-08,4.75841061374877e-08,4.43036499548974e-08,4.17159190975577e-08,3.96811764866437e-08,3.80940245041291e-08,3.68743832518012e-08,3.59607163561136e-08,3.53052707911133e-08,3.48706516105399e-08,3.46273281442889e-08,3.45517984640176e-08,3.46252234477921e-08,3.48323998332719e-08,3.51609805203166e-08,3.56008770353283e-08,3.61437975004038e-08,3.67828863354964e-08,3.7512441021624e-08,3.83276877414924e-08,3.92246023826876e-08,4.01997667773589e-08,4.12502525323574e-08,4.23735266330703e-08,4.35673743635269e-08,4.48298361026412e-08,4.61591553229112e-08,4.7553735699093e-08,4.90121056778018e-08,5.05328891993503e-08,5.21147815258819e-08,5.37565293338454e-08,5.54569143881349e-08,5.72147402402631e-08,5.90288214916959e-08,6.08979752419135e-08,6.28210144034511e-08,6.47967426165788e-08,6.68239505370952e-08,6.8901413303962e-08,7.10278890208232e-08,7.3202118108032e-08,7.54228234006362e-08,7.76887108835879e-08,7.99984709688342e-08,8.23507802303724e-08,8.47443035231842e-08,8.71776964204781e-08,8.96496079111041e-08,9.2158683305533e-08,9.47035673045631e-08,9.72829071900433e-08,9.98953561014892e-08,1.02539576366573e-07,1.0521424285716e-07,1.07918046345919e-07,1.10649696841532e-07,1.13407926883302e-07,1.16191494778415e-07,1.18999187767388e-07,1.21829825105293e-07,1.2468226104821e-07,1.27555387736064e-07,1.30448137964539e-07,1.33359487840171e-07,1.36288459313962e-07,1.39234122590036e-07,1.42195598406846e-07,1.45172060189404e-07,1.48162736071796e-07,1.51166910790001e-07,1.54183927445672e-07,1.57213189142116e-07,1.60254160494199e-07,1.6330636901434e-07,1.66369406377309e-07,1.69442929573086e-07,1.72526662193498e-07,1.75620404872565e-07,1.78724338238983e-07,1.81846002773943e-07,1.85111864951591e-07,1.90257083376766e-07,2.25804856079143e-07,7.47721813541569e-07,5.22110617683122e-06
1.23078706004038e-07,5.44364604639396e-07,2.23633734456727e-06,8.94217915854108e-06,3.46499645331583e-05,0.000129696493608233,0.00046857412852143,0.00164137470173656,0.00512804197549482,0.0111719061509336,0.0149776821440033,0.0146881919205406,0.0135741404473111,0.0126648444170026,0.0118659041610286,0.0111600251959242,0.0105332968493281,0.00997351407973779,0.00947083380361755,0.00901710772248404,0.00860557216745511,0.00823058087201866,0.00788739637123885,0.00757202455213677,0.00728108257996193,0.00701169284903643,0.00676139733225699,0.00652808802617344,0.00630995017280116,0.00610541568270425,0.00591312474834466,0.00573189406807807,0.0055606904328919,0.00539860868457335,0.00524485325362451,0.00509872264142236,0.00495959633397346,0.00482692373175655,0.00470021475735295,0.0045790318642298,0.00446298321952723,0.00435171687359794,0.00424491576135679,0.00414229340677476,0.00404359022331039,0.00394857032066594,0.00385701874273508,0.00376873907356921,0.0036835513581022,0.00360129029261739,0.00352180364681661,0.00344495088510477,0.00337060195953014,0.0032986362508813,0.00322894163786581,0.00316141367719021,0.00309595487981314,0.00303247407072442,0.00297088582137365,0.0029111099453802,0.00285307104944399,0.00279669813247769,0.00274192422692456,0.00268868607703566,0.00263692384957764,0.00258658087304357,0.00253760340196118,0.00248994040334891,0.00244354336277627,0.00239836610786605,0.00235436464748186,0.00231149702540265,0.00226972318832747,0.0022290048704538,0.00218930550289991,0.00215059017165531,0.00211282568681763,0.00207598092308063,0.00204002782775425,0.00200494405274337,0.00197071945913717,0.00193737163920896,0.00190498189353902,0.0018737763243934,0.00184430349382281,0.00181781219332945,0.00179702961045916,0.00178771030111289,0.0018016062235991,0.00186192960215611,0.00201293729526114,0.00233584062231257,0.0029734820080503,0.00416533845722206,0.0062910144934592,0.00991239723850436,0.0157853473071372,0.0246322664284427,0.0347300139625516,0.0350621046240407
0.000639604034355486,0.00115343260358328,0.00182284655382799,0.00289684549084641,0.00460888603419409,0.00720987282932094,0.0109905184544622,0.0162678825741981,0.023268787831773,0.0304580044452776,0.0331487472379516,0.0308867270154746,0.0277422370360452,0.025128641382329,0.0229638442032203,0.0211505039451948,0.0196193794571672,0.0183161119438443,0.0171981497852939,0.0162319184892671,0.0153907492117496,0.0146533275869341,0.0140025260200742,0.0134245204491991,0.0129081199662409,0.0124442572351775,0.0120256015295506,0.0116462660580039,0.011301588147904,0.0109879655732824,0.0107027353841752,0.0104440834246637,0.010210973648139,0.0100030866538432,0.00982075688332884,0.00966489794950143,0.00953690595835737,0.00943853175284581,0.0093717150472517,0.0093383766285977,0.00934016923662341,0.0093781932628468,0.00945268967487995,0.00956272898835666,0.00970592089345993,0.00987817339417988,0.0100735321303454,0.0102841291599419,0.0105002654099551,0.0107106422126138,0.0109027452994998,0.0110633703284471,0.0111792639287631,0.0112378401357791,0.0112279207915043,0.0111404416723449,0.0109690649752623,0.0107106438937176,0.0103654960988853,0.00993745896821357,0.00943371865118185,0.00886442535608859,0.00824212625326795,0.00758106296242798,0.00689639103680202,0.00620338317619787,0.00551667589707718,0.00484961165084048,0.00421371616245894,0.00361833575703939,0.00307044353194225,0.00257460821602443,0.00213310692845034,0.00174615383739968,0.00141221141888013,0.00112834959942227,0.000890620064211379,0.000694417642968555,0.000534807006734773,0.000406799960398779,0.000305575543309824,0.000226641286116576,0.000165938877867602,0.000119900967567614,8.54678576832583e-05,6.0073599406809e-05,4.16107271197766e-05,2.83818735717539e-05,1.90450863930953e-05,1.25580820090307e-05,8.12512817160096e-06,5.14887902878237e-06,3.18837232776724e-06,1.92356027225818e-06,1.12616885928513e-06,6.36326462408531e-07,3.44218407352675e-07,1.75841777757837e-07,8.1571069917199e-08,2.98592647320526e-08
2.32640722712712e-11,1.96705581477239e-10,1.57097424262668e-09,1.22571443155893e-08,9.35231735359571e-08,6.96296180846396e-07,5.11815344956912e-06,3.58605473228925e-05,0.000179576056191113,0.000479101321625847,0.000669596564814308,0.000645877874106351,0.000594031231963439,0.000554932579456838,0.00051945849928977,0.000487956726543144,0.000459883416814929,0.000434772072831523,0.000412252463425561,0.000392002837775692,0.000373749238645122,0.000357256623946575,0.0003423227242693,0.000328772913561616,0.000316455958318953,0.0003052404962031,0.000295012103317161,0.000285670844098623,0.00027712921735864,0.000269310428763018,0.000262146933247859,0.000255579201390895,0.000249554672192896,0.000244026861499922,0.000238954600762524,0.000234301385250922,0.000230034814436855,0.000226126110179412,0.000222549700744947,0.000219282860654621,0.000216305397970146,0.000213599381965785,0.000211148905245793,0.000208939875294883,0.000206959831229826,0.00020519778218166,0.000203644064303568,0.000202290213888432,0.000201128854508088,0.000200153596466303,0.000199358947200065,0.000198740231577598,0.000198293521334184,0.000198015573164985,0.000197903775264987,0.000197956102378913,0.00019817107971237,0.000198547756382495,0.000199085689491521,0.000199784940457988,0.000200646086053356,0.00020167024785816,0.000202859145881476,0.000204215185366896,0.000205741591076375,0.000207442611682914,0.000209323829833697,0.000211392632997263,0.000213658928930825,0.000216136230448019,0.000218843290162071,0.000221806539528167,0.000225063678886221,0.000228668874876825,0.000232700143807404,0.000237269626641727,0.000242537586447515,0.000248731086815416,0.000256168478766926,0.000265291152002197,0.000276704771232015,0.000291233989862584,0.000309998484226989,0.000334525966659859,0.000366932734503319,0.000410229169702853,0.000468853589925727,0.000549612791795763,0.000663323794307736,0.00082762199545069,0.00107163697962862,0.00144353993320985,0.0020223166858832,0.00293546137010143,0.00438450368942917,0.00668016381777917,0.0102846846263455,0.0157473208613129,0.022244314151617,0.0228643114221114
0.000237353369675196,0.000456503967970081,0.000793813338607892,0.00140405454828274,0.0024915365074617,0.00435423423073802,0.00743231637629412,0.0123557943670663,0.0198427701125085,0.0283322500246433,0.0317067031933701,0.0290123227223736,0.0252773746494932,0.0222207960849136,0.0197107328881601,0.0176213773750807,0.0158655264767127,0.0143762949776947,0.0131024426186082,0.0120042470035356,0.0110506026697837,0.0102169164035459,0.00948356589284299,0.0088347595238861,0.00825768465593766,0.00774186541695703,0.00727867411695185,0.00686095632419153,0.00648274078396403,0.00613901320542181,0.00582553852021826,0.00553872021705492,0.00527548824940143,0.00503320912309319,0.00480961332070665,0.00460273636753211,0.00441087070028058,0.00423252614300529,0.00406639728138631,0.00391133639711897,0.00376633090815544,0.00363048447954475,0.00350300113948362,0.00338317186770341,0.00327036322725667,0.00316400769272286,0.00306359539280059,0.00296866703697156,0.00287880783729493,0.00279364226963359,0.00271282954543637,0.00263605968692812,0.00256305011622718,0.00249354268332718,0.00242730106968595,0.00236410851386285,0.00230376581363977,0.00224608956567174,0.00219091060919908,0.0021380726449261,0.00208743100400412,0.00203885154529407,0.00199220966185489,0.00194738938002477,0.00190428253666272,0.00186278802226155,0.0018228110799946,0.00178426265380014,0.00174705878330045,0.00171112005164625,0.00167637110824805,0.00164274031981742,0.00161015966608533,0.0015785651218679,0.00154789801344583,0.00151810831303334,0.00148916173564779,0.00146105416800372,0.00143383996002284,0.00140768586360606,0.00138297130741988,0.00136047023209847,0.00134167241204031,0.00132933576296338,0.00132840735113,0.00134750814585263,0.00140123582018502,0.00151357743344641,0.00172269213780893,0.00208714188948124,0.00269319504242197,0.00366195331467415,0.00515361746673253,0.00736417570578612,0.010507402971498,0.0147730050837757,0.0202477744702148,0.0266666582998342,0.0317012604030904,0.0275296828241169
1.14051956468421,0.283999324503573,0.0703745461125387,0.0439273214744911,0.0414642957346967,0.0411975926542797,0.0411401175843469,0.0409290796016516,0.0412924434265014,0.0412154265963545,0.0287728851883776,0.00991445562403596,0.00155185851640319,0.000131589789278029,9.0490917991931e-06,6.35564474517803e-07,4.44669438578557e-08,3.08974309306612e-09,2.13750425419485e-10,1.47121988431759e-11,1.00758784152583e-12,6.86631628429538e-14,4.65582974441012e-15,3.1412598218206e-16,2.10884133021131e-17,1.40869584315221e-18,9.36319033361419e-20,6.19246776872672e-21,4.07508752491536e-22,2.6683537723925e-23,1.73853386319501e-24,1.12708372171692e-25,7.27046980995612e-27,4.66661579194836e-28,2.98040228915944e-29,1.89400446808807e-30,1.19762368723832e-31,7.53516939804603e-33,4.71735897965443e-34,2.93858389170034e-35,1.82142175830831e-36,1.123352883169e-37,6.89374387351997e-39,4.20946920748519e-40,2.55760093408124e-41,1.54622067714039e-42,9.30129501722307e-44,5.567351073743e-45,3.31579018689336e-46,1.96498264000141e-47,1.15868033061952e-48,6.79832292860702e-50,3.96892765834115e-51,2.30556733949342e-52,1.33264867919187e-53,7.66455185732108e-55,4.38622686766115e-56,2.49763311056286e-57,1.41514004971005e-58,7.97817256982132e-60,4.47549063955799e-61,2.49810737705483e-62,1.38744178711603e-63,7.66746244149746e-65,4.21620540487062e-66,2.30688039877152e-67,1.25591894175583e-68,6.80348378563341e-70,3.66719757798877e-71,1.96684654870503e-72,1.04963879613748e-73,5.57368670371626e-75,2.94495540890437e-76,1.54827876813263e-77,8.09947206479388e-79,4.21610919874509e-80,2.1840008561025e-81,1.12620797518311e-82,5.7877802114711e-84,2.97669005884039e-85,1.55442490789121e-86,8.63627238659124e-88,5.75132056648405e-89,5.39129115863221e-90,7.12715903235533e-91,1.13122776965155e-91,1.90806607347259e-92,3.25802716208377e-93,5.5460467070164e-94,9.36884872618709e-95,1.56821511975721e-95,2.59904730728785e-96,4.2617134689212e-97,6.90583124245945e-98,1.10365481106907e-98,1.73302149709228e-99,2.65408229562785e-100,3.90253650196938e-101,5.29671521657714e-102,5.91366200620901e-103
3.40192000960126e-10,2.40302074928326e-09,1.59094010388514e-08,1.02926364132823e-07,6.51504334968145e-07,4.02770412716065e-06,2.4476164488081e-05,0.00014422182735372,0.000653806726318356,0.0016846588480057,0.00235614846597031,0.00230729151906753,0.00214610599657875,0.00202213750929767,0.00190895964300823,0.00180725864089495,0.00171567151741285,0.00163294336006086,0.0015580628484135,0.00149014169019363,0.00142841254497629,0.00137220862870181,0.0013209490080195,0.00127412617222635,0.00123129558164711,0.00119206687642641,0.00115609645042049,0.00112308116060916,0.0010927529825205,0.00106487445640183,0.00103923479635507,0.00101564655694939,0.000993942769969715,0.000973974478776019,0.000955608609885463,0.00093872613136615,0.000923220455859445,0.000908996052857599,0.000895967240519937,0.000884057132027419,0.0008731967154249,0.000863324049223046,0.000854383558842086,0.000846325421371693,0.000839105028173468,0.000832682516630809,0.000827022363913165,0.000822093037020445,0.000817866694661013,0.000814318937750875,0.000811428606573699,0.000809177624008457,0.000807550885856163,0.000806536201393721,0.000806124290177792,0.000806308845306283,0.000807086679544939,0.000808457979980104,0.000810426710596159,0.000813001222271213,0.000816195158438287,0.000820028784645247,0.000824530923932858,0.000829741748986204,0.000835716766087328,0.00084253242109495,0.00085029385441275,0.000859145412619236,0.00086928456155853,0.000880979800725895,0.000894593003549206,0.000910606249702119,0.000929652626014057,0.000952549625038704,0.000980332681385088,0.00101428514277582,0.00105595976341744,0.00110718594770875,0.00117005692506716,0.00124689241149233,0.00134017584117772,0.00145247171925343,0.001586338782206,0.00174426893918183,0.00192870037082933,0.00214217474444573,0.00238773091080345,0.00266964628505099,0.0029946452924791,0.00337368150313285,0.00382435294565764,0.0043739130401215,0.00506267774998054,0.00594739374245893,0.00710382663184431,0.00862746129371792,0.0106283175122056,0.0131480426439244,0.0153241880907477,0.0134595377205985
0.0175259507790766,0.0224376556979692,0.0258938946204244,0.0315554185385681,0.0394650450691504,0.0488622076182373,0.0590799811480358,0.0695789034981347,0.0798903406210122,0.0863738509222245,0.0798528934496316,0.0629099171631582,0.0475223456601038,0.0366222112647477,0.0288823646124785,0.0232803959091473,0.0191674999231524,0.016113343454372,0.0138264105804776,0.0121042870323767,0.0108029681442788,0.00981772354553586,0.00907099403445465,0.00850457023215377,0.00807438885226154,0.00774694699835623,0.00749673837144907,0.00730435731531255,0.0071550595588233,0.00703765139921567,0.00694362629395564,0.00686649443466808,0.00680126596054404,0.0067440573722523,0.00669179644048035,0.00664200506740057,0.00659264293947083,0.00654199774478928,0.00648861033418826,0.00643122550452867,0.00636876107043809,0.00630028956594927,0.00622502829286819,0.00614233453447746,0.00605170361664159,0.00595276816260701,0.00584529739127972,0.00572919568645555,0.00560449994615154,0.00547137543096602,0.0053301099869828,0.00518110663609154,0.00502487461478527,0.00486201900856233,0.00469322917781479,0.00451926620577652,0.0043409496219418,0.00415914366691741,0.00397474336814326,0.00378866069134799,0.00360181102097963,0.00341510020516194,0.00322941237800706,0.00304559874542815,0.00286446749102604,0.00268677492724253,0.002513217984813,0.00234442810157528,0.00218096654076934,0.00202332113984695,0.00187190446412703,0.00172705331586182,0.00158902952874469,0.00145802196073978,0.0013341495842795,0.00121746556202912,0.00110796218789309,0.00100557656564815,0.000910196889943929,0.000821669184283785,0.000739804335389159,0.000664385240260039,0.000595173848843611,0.000531917840438131,0.000474356617517143,0.000422226242953001,0.000375262898723701,0.000333204427495171,0.000295789563062636,0.000262754598210374,0.000233827516654026,0.000208720057310537,0.000187118787546747,0.000168676997658916,0.000153009991535533,0.000139696873863186,0.000128276429476466,0.000117863045499557,0.000103490412952831,7.14876386523743e-05
0.00159615593787718,0.00260080269977701,0.00371749312088229,0.00541304551789427,0.00797484643106417,0.0116207274260968,0.0165566231206709,0.0229521692687324,0.0308245359248139,0.0382890633278985,0.0402224444155106,0.0365277245532519,0.0320761607484345,0.0284801897761768,0.0255752561704938,0.0231920126068088,0.0212128056445617,0.0195497754518177,0.0181369927485498,0.0169244221890035,0.0158736905839522,0.014955070041503,0.0141453060177086,0.0134260383456404,0.0127826422660102,0.012203369706836,0.0116787071570396,0.0112008911824134,0.0107635396814027,0.0103613688439328,0.00998997410470624,0.00964565927780313,0.00932530226977019,0.00902624880386268,0.0087462277994961,0.00848328368113847,0.00823572210878156,0.00800206654537631,0.00778102378646259,0.00757145712862483,0.00737236628184652,0.00718287345717701,0.00700221529535025,0.00682974044651315,0.00666491266412373,0.00650731923463465,0.00635668442896386,0.00621288743884198,0.00607598396783583,0.00594623031240162,0.00582410843448585,0.00571035024559364,0.00560595914796726,0.00551222685964596,0.0054307437137422,0.00536340095821972,0.00531238402874054,0.00528015620048246,0.00526943226298294,0.00528314168372856,0.00532437991327637,0.00539634488827351,0.00550225341406853,0.00564522920562098,0.00582815150225555,0.00605345126038869,0.00632284216794507,0.00663697743460545,0.00699503164593883,0.00739422052389925,0.00782928982410967,0.00829202608498995,0.00877086326763966,0.00925067586880666,0.0097128554530553,0.0101357585711791,0.0104955861156456,0.0107677066829597,0.0109283729086286,0.0109567079323302,0.0108367709320819,0.010559459961766,0.0101239904837022,0.00953870858911527,0.00882106183843332,0.00799665230817066,0.00709742161368584,0.00615914566828009,0.00521852437708897,0.00431021730423888,0.0034641867212315,0.00270366112529299,0.00204393385793622,0.00149208151110054,0.00104755007148008,0.000703437891042671,0.000448216575786099,0.000267346375838805,0.000143275963740079,5.9531329396429e-05
0.000404308074922916,0.000781908452698279,0.00136292264701262,0.00239672193807802,0.00418807745536744,0.00713866608966906,0.0117731674431096,0.0187281196846106,0.0285580347903462,0.0390800242160898,0.0430985695472404,0.039758021824913,0.03515266018167,0.0313736825918491,0.0282668015830361,0.0256721840017161,0.0234802208683496,0.0216080617115306,0.0199929610363507,0.0185867950122377,0.0173522382716838,0.0162600297464732,0.0152869965410326,0.0144146102185018,0.0136279209070193,0.0129147623211464,0.0122651530021689,0.0116708410712867,0.0111249549469056,0.0106217330239124,0.0101563127194735,0.00972456453854811,0.00932296056456501,0.00894846948629257,0.00859847223910704,0.00827069378078068,0.0079631475871111,0.00767409024558754,0.00740198411976087,0.00714546650581756,0.0069033240440047,0.00667447140853755,0.00645793350057028,0.00625283052459626,0.00605836545039499,0.00587381345882478,0.00569851304697575,0.00553185853176801,0.00537329374549921,0.00522230676613974,0.00507842557322252,0.00494121457102048,0.00481027197893265,0.00468522816019503,0.00456574505141879,0.00445151697666834,0.00434227329370161,0.00423778354329731,0.00413786607545061,0.00404240152986261,0.00395135306871544,0.00386479589615879,0.00378295931278472,0.00370628523930806,0.00363550759224892,0.00357175675353941,0.00351669212504723,0.00347266271854943,0.00344289013917626,0.00343165950492554,0.00344449152338521,0.00348825363441236,0.00357115160390688,0.00370252865621945,0.00389239237330344,0.0041505967495673,0.00448563477576307,0.00490305077962099,0.00540356213853543,0.00598108045390302,0.00662092737864796,0.00729862561608233,0.00797968088458785,0.00862072622793546,0.00917225621883861,0.00958293556613741,0.00980515209152666,0.00980115458583025,0.00954884966338934,0.00904621082742843,0.00831334092833742,0.00739154661966257,0.00633929218521381,0.00522550294682946,0.00412124761387024,0.0030911980418475,0.00218629655371703,0.00143722871408635,0.000840777968264285,0.000375761648292069
1.03309192209209,0.316047666121734,0.0736819155163374,0.0326657429955143,0.0274275922498041,0.0267856334084404,0.0266932338848371,0.0266028451482697,0.0268288888877891,0.026272478510699,0.0181649035885088,0.00650371226771542,0.00117048648423363,0.000137644580682391,1.50491790467556e-05,1.66617139116529e-06,1.83393029202117e-07,2.01118489507025e-08,2.1976623702673e-09,2.39254352771803e-10,2.59515188368087e-11,2.80457595395857e-12,3.0197652962936e-13,3.23951997752719e-14,3.46249768927124e-15,3.68722446040904e-16,3.91210775387003e-17,4.13545296904982e-18,4.35548286330908e-19,4.57035968944788e-20,4.77820970676929e-21,4.97714966671391e-22,5.16531489816089e-23,5.3408889433083e-24,5.5021362221254e-25,5.6474455051915e-26,5.77541722406833e-27,5.88512758127827e-28,5.97709438170448e-29,6.05699379038863e-30,6.15005471505061e-31,6.35652758437582e-32,7.06379414139016e-33,9.75073744527804e-34,2.00123222602134e-34,5.88358447639678e-35,2.04282133060427e-35,7.44234899208932e-36,2.73137164973737e-36,9.98210916215503e-37,3.62143290641961e-37,1.30313306303808e-37,4.64989230784524e-38,1.64515935972992e-38,5.77122061931341e-39,2.00729259109627e-39,6.92192727662515e-40,2.36650352305804e-40,8.02124124315164e-41,2.69538516202809e-41,8.97915386316462e-42,2.96534848438609e-42,9.70805262284214e-43,3.15061064496785e-43,1.01356959537299e-43,3.23220134405696e-44,1.0216890296384e-44,3.2011329640714e-45,9.94127598577564e-46,3.06000604432153e-46,9.33537819784115e-47,2.82265697565322e-47,8.45837867986018e-48,2.5119113645629e-48,7.39254294044269e-49,2.15594949755879e-49,6.23045349080826e-50,1.78408779953635e-50,5.06179945917148e-51,1.42285082374401e-51,3.96231725432892e-52,1.09304841842097e-52,2.98667811292115e-53,8.08251986575291e-54,2.16597927495582e-54,5.74693837569708e-55,1.50938406698864e-55,3.92304717210759e-56,1.00867179696195e-56,2.56428870595867e-57,6.44144888701974e-58,1.59731060626535e-58,3.90470983872859e-59,9.39050355315868e-60,2.21461863255218e-60,5.09504051072816e-61,1.13315112262905e-61,2.3944274551421e-62,4.61425688725061e-63,7.1964872351859e-64
0.0109851430165618,0.0131352255176894,0.0145612612363922,0.0176500697954201,0.0223811877797704,0.0283435087151599,0.03519530942021,0.0425994144795598,0.050164732088129,0.0552825121489992,0.0516090430912564,0.0410438776353375,0.0318113373222037,0.0256582095822346,0.0214705288744705,0.0184901988040408,0.016285348503996,0.0145960607719695,0.0132611838329002,0.0121776978052311,0.0112777923814502,0.010515579139029,0.00985918423211718,0.00928592196113781,0.00877927590666893,0.00832696597145651,0.00791968287811874,0.00755024203014468,0.00721300644596531,0.00690348581379368,0.00661805302178625,0.00635374045295513,0.00610809135366505,0.00587904982980058,0.0056648783378806,0.00546409501923368,0.00527542554180243,0.00509776567877846,0.00493015192502571,0.00477173819617526,0.00462177717813465,0.00447960526659058,0.00434463030347038,0.00421632151162838,0.00409420117162078,0.00397783769007032,0.00386683978807917,0.00376085159766449,0.00365954849941643,0.00356263356921077,0.00346983452852415,0.00338090111365685,0.00329560279540458,0.003213726793505,0.00313507634031507,0.00305946915625132,0.00298673610600165,0.00291672000974064,0.00284927458781626,0.0027842635208293,0.00272155960985758,0.0026610440239104,0.00260260562363615,0.00254614035193274,0.00249155068351003,0.00243874512672132,0.00238763777227072,0.00233814788499456,0.0022901995373854,0.00224372128808769,0.00219864591778932,0.00215491025403447,0.00211245515621704,0.00207122581374122,0.00203117267559548,0.00199225365705813,0.00195443890369541,0.00191772059196221,0.00188213245151792,0.00184778763167181,0.00181495032857457,0.00178416786682183,0.00175650780488669,0.00173397140235615,0.0017201919731031,0.00172157291723895,0.00174906751900281,0.00182082999112662,0.00196593268607807,0.00222917627782771,0.00267661359650281,0.00340063859660436,0.00452225780234088,0.00618647833411554,0.00854490462850175,0.0117183873296902,0.0157307387351707,0.0203201754177801,0.0237044595944636,0.0202286500774238
1.63812425766977e-15,1.0895088941168e-14,6.80873626956202e-14,4.22118417758805e-13,2.6053092334242e-12,1.59826148869837e-11,9.81318386215236e-11,5.91493728975339e-10,2.73382188058522e-09,7.14715370574219e-09,1.02034407416065e-08,1.03578125788415e-08,1.00519247090342e-08,9.84515534465807e-09,9.62854665577846e-09,9.41488249587437e-09,9.20388145854484e-09,8.99530150386895e-09,8.78925532134455e-09,8.58575776959543e-09,8.38483780695254e-09,8.18652124660158e-09,7.99083223960963e-09,7.79779335071778e-09,7.60742549464928e-09,7.41974794968738e-09,7.23477835656447e-09,7.0525327210333e-09,6.87302541776647e-09,6.69626919569979e-09,6.52227518484198e-09,6.35105290452859e-09,6.18261027310972e-09,6.0169536190563e-09,5.85408769346824e-09,5.69401568396582e-09,5.53673922994328e-09,5.38225843916193e-09,5.23057190565831e-09,5.08167672894088e-09,4.93556853444719e-09,4.79224149523153e-09,4.65168835485213e-09,4.51390045142496e-09,4.37886774281017e-09,4.24657883289615e-09,4.11702099894488e-09,3.99018021996152e-09,3.86604120605011e-09,3.74458742871675e-09,3.62580115208043e-09,3.50966346495123e-09,3.39615431373457e-09,3.28525253611928e-09,3.17693589550602e-09,3.07118111613137e-09,2.96796391884137e-09,2.86725905746639e-09,2.76904035574714e-09,2.67328074475962e-09,2.57995230078412e-09,2.48902628356072e-09,2.40047317487166e-09,2.31426271738785e-09,2.23036395371494e-09,2.1487452655724e-09,2.06937441303776e-09,1.99221857378723e-09,1.91724438226461e-09,1.84441796871079e-09,1.77370499798888e-09,1.70507070814256e-09,1.63847994862957e-09,1.57389721817718e-09,1.51128670221229e-09,1.45061230982509e-09,1.39183771023208e-09,1.33492636871091e-09,1.27984158198673e-09,1.22654651305643e-09,1.17500422544755e-09,1.12517771693195e-09,1.07702995279771e-09,1.03052389911609e-09,9.85622557802993e-10,9.42289010837966e-10,9.0048650361815e-10,8.60178688880997e-10,8.21330520659958e-10,7.83911761437454e-10,7.47910937859184e-10,7.13390864660996e-10,6.80708731483814e-10,6.51384495627478e-10,6.31510806861373e-10,6.45057021867774e-10,7.8463948673862e-10,1.38056238875286e-09,3.19333921158694e-09,5.80716354674878e-09
3.96985436475009e-10,2.48660638908661e-09,1.47118804771298e-08,8.64650425452167e-08,5.05721037486892e-07,2.93808713903388e-06,1.70555942673732e-05,9.77135653209213e-05,0.000437611687890515,0.001120324764958,0.00155312590226925,0.00149885715940455,0.00137044097292801,0.00126881397181201,0.00117592485865617,0.00109216208936016,0.00101649570301934,0.000947970932198422,0.000885803754374713,0.000829297687515439,0.000777844002680788,0.000730908097911264,0.000688019618601383,0.000648763930743203,0.000612774806961629,0.000579728163455005,0.00054933667823095,0.000521345158543308,0.000495526545143962,0.000471678459077534,0.000449620211632321,0.000429190210455736,0.000410243705191141,0.00039265082464636,0.000376294864755903,0.000361070792688178,0.000346883937572133,0.000333648842636663,0.000321288257203781,0.000309732250063315,0.000298917428373663,0.000288786248455691,0.000279286406737808,0.000270370300722081,0.000261994551217388,0.000254119578262704,0.000246709224171998,0.000239730417997622,0.000233152876452947,0.00022694883697542,0.000221092819163502,0.000215561411297929,0.000210333079070267,0.0002053879939992,0.000200707879325007,0.000196275871442041,0.000192076395163345,0.00018809505131562,0.000184318515340725,0.000180734445735289,0.000177331401295746,0.000174098766254943,0.000171026682500397,0.000168105988155449,0.000165328161884384,0.000162685272352735,0.000160169932335476,0.000157775257019909,0.000155494826097554,0.000153322649281202,0.000151253134920136,0.000149281061419031,0.000147401551194778,0.000145610046930919,0.000143902289911964,0.000142274300239936,0.000140722358753495,0.000139242990486115,0.000137832949514695,0.000136489205064833,0.000135208928758697,0.000133989482935248,0.000132828410120489,0.000131723424307305,0.000130672407078104,0.000129673421340133,0.000128724795321649,0.000127825492312724,0.000126976644322246,0.000126187815577729,0.000125502425776354,0.0001251005262003,0.000125712814255546,0.000130282719357497,0.000150616360958653,0.000233891591901529,0.000567108130993227,0.00184616352235614,0.00580224091278188,0.0119195310938088
1.8605310568365e-13,1.27010845511164e-12,8.187967073193e-12,5.24112687299532e-11,3.33987011080825e-10,2.11484425792179e-09,1.34109477727206e-08,8.33283661111955e-08,3.91848736536954e-07,1.02652767000401e-06,1.44748494650809e-06,1.43217760140431e-06,1.35078077075154e-06,1.2879922653008e-06,1.22717371772173e-06,1.16995090563008e-06,1.11605741895155e-06,1.0652369366627e-06,1.01730339945757e-06,9.72070368765345e-07,9.29366674513886e-07,8.89032922027812e-07,8.5092078980851e-07,8.1489221249782e-07,7.80818605991544e-07,7.48580165304535e-07,7.18065216005711e-07,6.89169617209576e-07,6.61796211500511e-07,6.35854317888397e-07,6.11259264229892e-07,5.87931955854991e-07,5.65798477424355e-07,5.44789725300322e-07,5.2484106794903e-07,5.05892032104233e-07,4.87886012617487e-07,4.70770004095953e-07,4.54494352589983e-07,4.39012525739287e-07,4.24280899920104e-07,4.10258563057764e-07,3.96907131880268e-07,3.84190582490144e-07,3.72075093224617e-07,3.60528898859015e-07,3.49522155285865e-07,3.39026813873145e-07,3.29016504770119e-07,3.19466428488691e-07,3.10353255142684e-07,3.01655030777444e-07,2.93351090267853e-07,2.85421976304819e-07,2.77849364028688e-07,2.70615990903188e-07,2.63705591455689e-07,2.57102836538931e-07,2.50793276796201e-07,2.44763290036396e-07,2.39000032247561e-07,2.33491391997691e-07,2.28225947989784e-07,2.23192929554598e-07,2.18382179879425e-07,2.13784121784538e-07,2.09389725871011e-07,2.05190480874455e-07,2.01178366069077e-07,1.97345825575429e-07,1.93685744433482e-07,1.9019142631046e-07,1.86856572720176e-07,1.83675263637837e-07,1.80641939401313e-07,1.77751383797016e-07,1.74998708235822e-07,1.72379336932054e-07,1.69888993006622e-07,1.67523685444793e-07,1.652796968528e-07,1.63153571988991e-07,1.61142107150716e-07,1.59242340914525e-07,1.5745154844504e-07,1.55767248726369e-07,1.54187263671985e-07,1.52709990277207e-07,1.51335548984798e-07,1.5007052303609e-07,1.48947344999738e-07,1.48103126879162e-07,1.4809850422288e-07,1.51200622894445e-07,1.6651926750329e-07,2.30455338194714e-07,4.86977993030953e-07,1.4692119808203e-06,4.49107295361125e-06,9.12335566804213e-06
1.65381528507512e-11,9.16730316307542e-11,4.92873935942047e-10,2.63068696924966e-09,1.3889382173093e-08,7.25028599124428e-08,3.76508669879023e-07,1.94889042702736e-06,8.20150327511293e-06,2.02156886953133e-05,2.67240948962764e-05,2.38880666117198e-05,2.01376511810182e-05,1.75117458003511e-05,1.54848083863023e-05,1.39093006940534e-05,1.26713980309111e-05,1.16884709517155e-05,1.09016205399124e-05,1.02675291132436e-05,9.75397185386743e-06,9.33662362393456e-06,8.99688060221302e-06,8.7203397186362e-06,8.49572228704967e-06,8.31410223171407e-06,8.16834565724271e-06,8.05269904092278e-06,7.96248319592438e-06,7.8938633751294e-06,7.84367478254997e-06,7.80928882205635e-06,7.78850959307894e-06,7.77949305672713e-06,7.78068334825333e-06,7.79076217191086e-06,7.80860826270169e-06,7.83326465901972e-06,7.86391208500506e-06,7.89984714992518e-06,7.94046437494591e-06,7.98524128409627e-06,8.03372596660223e-06,8.0855266468095e-06,8.14030289629442e-06,8.19775819824107e-06,8.25763363243793e-06,8.31970249452031e-06,8.38376569847761e-06,8.44964783928573e-06,8.51719381456592e-06,8.58626592172963e-06,8.65674136114848e-06,8.72851008724895e-06,8.80147295865953e-06,8.87554014608104e-06,8.95062976275671e-06,9.026666687556e-06,9.10358155496554e-06,9.18130988986668e-06,9.25979136800054e-06,9.33896918558196e-06,9.41878952370367e-06,9.49920109503791e-06,9.58015476194539e-06,9.66160321648486e-06,9.74350071401405e-06,9.82580285311348e-06,9.9084663954706e-06,9.99144912015373e-06,1.00747097073977e-05,1.01582076476312e-05,1.02419031720082e-05,1.03257572011771e-05,1.04097313094312e-05,1.049378770175e-05,1.05778892015605e-05,1.06619992473301e-05,1.07460818963507e-05,1.08301018342959e-05,1.09140243893225e-05,1.09978155496615e-05,1.1081441983791e-05,1.11648710624171e-05,1.12480708816034e-05,1.1331010286492e-05,1.14136588951478e-05,1.14959871221358e-05,1.15779662015091e-05,1.16595682089524e-05,1.17407660831588e-05,1.18215336585722e-05,1.1901846214369e-05,1.19816982864023e-05,1.20615206661748e-05,1.21486346913355e-05,1.23331999662544e-05,1.38746626519052e-05,3.62664178527084e-05,0.000236150546762415
2.60025109349142e-13,1.57240021412733e-12,9.18295081000356e-12,5.25490348546139e-11,2.93835530771753e-10,1.60623855174669e-09,8.64887718091895e-09,4.59746541553043e-08,1.96272480769006e-07,4.86912240436407e-07,6.4697977170167e-07,5.83808315655582e-07,4.99923247379735e-07,4.43461065564636e-07,4.01341549373814e-07,3.69914351335266e-07,3.46419821043479e-07,3.28896110255963e-07,3.15968527055788e-07,3.06639816603609e-07,3.00176623853821e-07,2.96030561494632e-07,2.93785478181371e-07,2.93121307486084e-07,2.93788882956507e-07,2.95592129605723e-07,2.98375284084508e-07,3.02013594461188e-07,3.06406459701248e-07,3.1147230150932e-07,3.17144681200698e-07,3.23369321835833e-07,3.30101796093803e-07,3.37305709256487e-07,3.44951254543356e-07,3.53014051630573e-07,3.61474202984939e-07,3.7031551964762e-07,3.79524880353401e-07,3.89091696766712e-07,3.99007464124032e-07,4.09265381369701e-07,4.19860028435111e-07,4.30787090977406e-07,4.42043124904735e-07,4.5362535454402e-07,4.65531499479709e-07,4.77759625998948e-07,4.90308019786754e-07,5.03175077072885e-07,5.16359211876173e-07,5.29858777348968e-07,5.43671999513773e-07,5.57796921921327e-07,5.72231359955283e-07,5.86972863672074e-07,6.02018688201893e-07,6.17365770853072e-07,6.33010714161467e-07,6.48949774211653e-07,6.65178853630448e-07,6.8169349871722e-07,6.98488900231296e-07,7.15559897405764e-07,7.32900984800026e-07,7.50506321641621e-07,7.68369743341577e-07,7.86484774897635e-07,8.04844645926534e-07,8.23442307090536e-07,8.42270447704969e-07,8.61321514332953e-07,8.80587730190998e-07,9.00061115205023e-07,9.19733506570725e-07,9.39596579685326e-07,9.59641869329598e-07,9.79860790990048e-07,1.00024466222109e-06,1.02078472395624e-06,1.04147216168575e-06,1.06229812642604e-06,1.08325375541331e-06,1.10433019246063e-06,1.12551860792376e-06,1.1468102182269e-06,1.16819630490498e-06,1.18966823312394e-06,1.21121746964534e-06,1.23283560020632e-06,1.25451434631284e-06,1.27624558254429e-06,1.29802140526911e-06,1.3198360422038e-06,1.3417315499573e-06,1.36451071071597e-06,1.3980450487956e-06,1.58277641158377e-06,4.2812958047253e-06,3.05740599921964e-05
2.53117274523385e-08,1.16393561234211e-07,4.90827597878671e-07,2.02224873140333e-06,8.1517711045172e-06,3.20882308646602e-05,0.000123377227738238,0.00046526274218369,0.00155053527724836,0.00350589100620292,0.00479952814345783,0.00480485488662448,0.00454825320793977,0.00434271958955007,0.00415776757832025,0.00399164505342353,0.00384230401434867,0.00370771208629666,0.00358619006264649,0.00347627984629981,0.00337672024526851,0.00328641596583681,0.00320441283303883,0.00312987714261733,0.00306207839529383,0.00300037481883102,0.00294420118309971,0.00289305851117755,0.0028465053638338,0.00280415043459028,0.00276564624054505,0.00273068373284538,0.00269898768204787,0.0026703127191375,0.00264443993391035,0.00262117394973858,0.00260034040824896,0.00258178380987047,0.00256536566721057,0.00255096293849414,0.00253846671862586,0.00252778117677892,0.0025188227430057,0.00251151956381923,0.00250581127007177,0.00250164913230885,0.00249899672207027,0.00249783125546419,0.00249814587050128,0.00249995318358462,0.00250329058195581,0.00250822783195603,0.00251487770493585,0.00252341042146081,0.00253407275662732,0.00254721258903187,0.00256330945643951,0.00258301123935001,0.00260717636905813,0.00263691990570352,0.00267366044556438,0.0027191631430235,0.0027755722952739,0.00284542515182546,0.00293163718412609,0.00303744836774885,0.00316632051253055,0.00332177772019251,0.003507185939213,0.00372547340354256,0.00397880127417688,0.00426820248867716,0.00459321574002775,0.0049515494232412,0.0053388158987461,0.00574837813563854,0.00617134757977508,0.00659676330411098,0.00701196820643756,0.00740317910835974,0.00775622578416116,0.00805741159759791,0.00829442835899338,0.00845724311443558,0.00853886740297623,0.00853592193566543,0.00844892254403559,0.00828223632200446,0.00804368861015496,0.00774383912357357,0.00739498535429676,0.00700998886552653,0.00660105030403517,0.00617857699894171,0.00575028863513543,0.00532068445013767,0.00489036075792227,0.00444149387968062,0.00380994000432515,0.00255388948571842
1.30313882223418e-06,4.09663867992772e-06,1.16569119143129e-05,3.2472141793314e-05,8.82997685745778e-05,0.000233211848966523,0.000597410120153647,0.0014889135601921,0.00349459008098493,0.00651789725085151,0.00838863235663437,0.00835328169677025,0.00789205955168228,0.00751364927040986,0.00718965394132465,0.00690955783193291,0.00666634701296097,0.00645398532184943,0.00626760518159401,0.00610321103668504,0.00595750627572955,0.00582775503336517,0.00571167476836546,0.00560735192928677,0.00551317520932011,0.00542778232950432,0.00535001730455314,0.00527889589424768,0.0052135774946216,0.00515334213296003,0.0050975715376367,0.00504573348574992,0.00499736880840321,0.00495208056994981,0.00490952504444904,0.00486940419819704,0.00483145945787372,0.00479546660467772,0.00476123168995035,0.00472858792064293,0.0046973935163243,0.00466753059528569,0.00463890520675578,0.00461144868905556,0.00458512059767693,0.0045599135083848,0.00453586005122481,0.00451304256110732,0.00449160572523104,0.00447177254958117,0.00445386383644258,0.00443832114235872,0.00442573285391052,0.00441686256632446,0.00441267837779623,0.00441438103750118,0.00442342814564239,0.00444155086212042,0.00447075892437191,0.00451332931503082,0.00457177378195516,0.00464878072543929,0.00474712784479096,0.00486956345940852,0.00501865661296412,0.00519661888306352,0.00540510411338167,0.00564499582701897,0.00591619554731339,0.00621742825650175,0.00654608333934638,0.00689811017183018,0.00726798666421418,0.0076487762976436,0.00803228439544872,0.00840931761420443,0.00877004219250835,0.00910442682751648,0.00940274583019295,0.00965610829898867,0.00985697048137004,0.00999958244594994,0.0100803179513828,0.0100978392750302,0.0100530579231094,0.00994886838207265,0.00978965549291299,0.00958060567036098,0.0093268856531751,0.00903278571623905,0.00870095167405142,0.00833184485023295,0.00792356471202889,0.0074721397412953,0.00697233621490844,0.00641895067297286,0.00580788330858592,0.0051228919811844,0.00420987787740282,0.00268462682963139
4.74711635281162e-05,0.00010429657402175,0.000204844917222053,0.000403834725522586,0.000795681971151389,0.00154730775863412,0.00295216431809679,0.00551936999517664,0.00997878767461686,0.0156331019938927,0.0184876624743496,0.017555703538843,0.0158140283975404,0.0143160990754481,0.013019542552873,0.0118882400356564,0.0108969311781515,0.0100243191308664,0.0092529051291326,0.00856818445736516,0.00795807499131189,0.00741246243154697,0.00692283928791299,0.00648201672965902,0.00608389337325159,0.00572326882261736,0.00539569256275889,0.00509734092264786,0.00482491643307187,0.00457556513710321,0.00434680835846765,0.00413648616555843,0.00394271033773553,0.00376382508447535,0.00359837411592729,0.0034450729374409,0.00330278545731497,0.00317050416910547,0.00304733330705389,0.0029324744830635,0.0028252144019538,0.00272491432296334,0.00263100099315695,0.00254295882526794,0.00246032313072751,0.00238267424990271,0.00230963244722741,0.0022408534600403,0.00217602460739411,0.00211486137955781,0.00205710444095176,0.00200251698928384,0.0019508824220584,0.0019020022687125,0.00185569435264428,0.00181179115254788,0.00177013833693385,0.00173059344964559,0.00169302472770717,0.00165731003606618,0.00162333590681692,0.0015909966733785,0.00156019369292089,0.0015308346531321,0.00150283296226043,0.00147610722434728,0.00145058080489427,0.00142618149635314,0.00140284129881287,0.00138049634127822,0.00135908698751822,0.00133855820673096,0.00131886036114635,0.00129995070460242,0.00128179616278046,0.00126437849598889,0.00124770394216452,0.00123182127315318,0.001216855502533,0.00120307029438796,0.00119098207606082,0.00118156542043763,0.00117661593447643,0.00117937823481882,0.00119560780350037,0.00123532100847629,0.00131559777298777,0.00146492664980691,0.00172969253924438,0.00218343787480612,0.00293935936919365,0.00416594192134223,0.00610440603542681,0.00908442562986079,0.0135310607293729,0.0199509338412001,0.0288731687834069,0.0404959158441465,0.0515930903928232,0.0479327386072486
3.07726530630366e-13,2.0568938763343e-12,1.29324857842367e-11,8.06816983036675e-11,5.01105464191997e-10,3.09331705360103e-09,1.91135207697703e-08,1.15898710696569e-07,5.37514707309962e-07,1.40586769251653e-06,2.0023218782348e-06,2.0228105425364e-06,1.95277868831291e-06,1.90341615652685e-06,1.85305100451923e-06,1.80416362998557e-06,1.75665514308223e-06,1.71043296293006e-06,1.66547670534664e-06,1.62174795190216e-06,1.57921242490541e-06,1.53783655154922e-06,1.49758772505503e-06,1.45843429232511e-06,1.42034551363978e-06,1.38329153833528e-06,1.34724337809927e-06,1.31217288150185e-06,1.2780527092758e-06,1.24485631034644e-06,1.21255789859573e-06,1.18113243033761e-06,1.15055558248513e-06,1.12080373139073e-06,1.09185393234169e-06,1.0636838996937e-06,1.03627198762656e-06,1.00959717150622e-06,9.83639029838279e-07,9.58377726798191e-07,9.33793995323788e-07,9.09869120755493e-07,8.8658492500945e-07,8.63923751268277e-07,8.41868449173353e-07,8.20402360501583e-07,7.99509305308385e-07,7.79173568517318e-07,7.59379886935282e-07,7.40113436670695e-07,7.21359820930665e-07,7.03105058171819e-07,6.85335570578424e-07,6.68038172840759e-07,6.51200061206504e-07,6.34808802778315e-07,6.18852325031757e-07,6.03318905529645e-07,5.88197161811345e-07,5.73476041438967e-07,5.59144812186488e-07,5.45193052362591e-07,5.31610641263331e-07,5.18387749756462e-07,5.05514831005195e-07,4.92982611345058e-07,4.80782081333199e-07,4.68904486994665e-07,4.57341321294607e-07,4.46084315868887e-07,4.35125433047777e-07,4.24456858208538e-07,4.14070992492138e-07,4.03960445917396e-07,3.94118030922331e-07,3.84536756357537e-07,3.75209821949926e-07,3.66130613247648e-07,3.57292697048366e-07,3.48689817304473e-07,3.40315891492713e-07,3.32165007442696e-07,3.24231420681491e-07,3.16509552643633e-07,3.08993991325493e-07,3.01679501003771e-07,2.94561068092985e-07,2.87634092697867e-07,2.8089516619195e-07,2.74345194686671e-07,2.68001864660227e-07,2.61949118680197e-07,2.56532488979958e-07,2.53126276350255e-07,2.57131020282673e-07,2.89614820889807e-07,4.31747319708426e-07,9.74710012437778e-07,2.60285384402546e-06,4.99472518630106e-06
9.36338391866498e-10,5.34855966728116e-09,2.86844565194183e-08,1.52858796692264e-07,8.11341664319547e-07,4.28201658022425e-06,2.25618353328775e-05,0.000117980625621057,0.000499205263766589,0.0012513337515352,0.00173413731553486,0.00168820808808989,0.00155529452070482,0.00144886101353908,0.00135091391044713,0.00126181834147817,0.00118067852513084,0.00110662605872143,0.00103894245547563,0.000976982625251275,0.000920176586349476,0.000868018596728487,0.000820059234028916,0.000775898474827922,0.000735179683644148,0.00069758440238971,0.000662827820028916,0.000630654827929673,0.000600836579341218,0.000573167483644322,0.00054746257619426,0.000523555213170436,0.000501295048121138,0.000480546253057529,0.000461185952186491,0.000443102840825071,0.000426195965833404,0.000410373647140782,0.00039555252270732,0.000381656701633263,0.000368617012159911,0.000356370333051308,0.000344858998346869,0.000334030266768179,0.000323835848178693,0.000314231480458732,0.00030517655099185,0.000296633757680847,0.000288568805038117,0.000280950131439028,0.000273748664100085,0.000266937598755346,0.00026049220136341,0.000254389629490242,0.000248608771286337,0.00024313010021549,0.000237935543901209,0.000233008365639472,0.000228333057286489,0.000223895242370222,0.00021968158839722,0.000215679727433998,0.000211878184136661,0.000208266310485359,0.00020483422655306,0.000201572766702119,0.000198473430658584,0.00019552833896388,0.000192730192347533,0.000190072234603515,0.000187548218587498,0.000185152374983072,0.000182879383512579,0.000180724346292701,0.000178682763056747,0.000176750507984698,0.000174923807898857,0.000173199221598044,0.000171573620120447,0.000170044167759083,0.000168608303760436,0.000167263725027087,0.000166008371602118,0.000164840422131275,0.000163758326531526,0.000162760976817737,0.00016184838731101,0.000161024242863188,0.000160305269287811,0.000159755430905099,0.00015961017906707,0.000160726277518825,0.000166205010681915,0.000187230960864186,0.00026400840122609,0.000540586355709621,0.00152937116362574,0.00494412885205785,0.0145312567949989,0.0278504681972838
0.68785106279077,0.287094724830146,0.0842153989072999,0.0323085533211898,0.0219356995005716,0.0200888149041438,0.019893622264971,0.0199955060454486,0.0202650813584562,0.0198384206814502,0.015474624605761,0.00930339116335381,0.00622170014270759,0.00546136351625529,0.00533478009987808,0.00532744645862513,0.00533570872418957,0.00533891673874149,0.00533308792359322,0.00531765811306116,0.00529279118013024,0.00525882480089514,0.00521614823755162,0.00516516756684784,0.00510628868799802,0.00503990431927001,0.00496638262363157,0.00488605746379012,0.00479922076580752,0.00470611753250853,0.00460694399089496,0.00450184924265502,0.0043909406283703,0.00427429282218843,0.00415196045400395,0.00402399382293021,0.00389045703410306,0.00375144767753908,0.0036071169904393,0.00345768931975761,0.00330347964446625,0.00314490793730325,0.00298250924922596,0.00281693858548697,0.00264896990268715,0.00247948887727213,0.00230947945781878,0.00214000459171858,0.00197218188450471,0.00180715527970354,0.00164606411334004,0.0014900110790249,0.00134003072212849,0.00119706005787866,0.00106191277976397,0.000935258301267288,0.000817606573147386,0.000709299263661793,0.00061050750754897,0.000521236049888113,0.000441333260554838,0.000370506197755029,0.000308339673412401,0.000254318130553591,0.000207849087401623,0.000168286931501554,0.000134955950260499,0.000107171647123278,8.42595972456619e-05,6.55713235833675e-05,5.04969048440026e-05,3.84742438616243e-05,2.89951150402578e-05,2.16082630066617e-05,1.59199362636417e-05,1.15923083334413e-05,8.34026710931424e-06,5.92704616222309e-06,4.15913669403551e-06,2.88086369270477e-06,1.96894265187231e-06,1.32726130142793e-06,8.82060299559105e-07,5.77622426602763e-07,3.7252460310913e-07,2.36462661940773e-07,1.47625604501537e-07,9.05734469073051e-08,5.45594170935026e-08,3.22315177192552e-08,1.86485102042797e-08,1.05494561643229e-08,5.82252906020397e-09,3.12661418431727e-09,1.62728710281661e-09,8.16430320947912e-10,3.91603398322097e-10,1.7702801945428e-10,7.25643585057482e-11,2.35700355720156e-11
3.23483300235307e-12,2.17796248109366e-11,1.38121044967205e-10,8.69468969787108e-10,5.44982923474074e-09,3.3954161583207e-08,2.11827456169547e-07,1.29639061462044e-06,6.04393224881964e-06,1.58100450457425e-05,2.23992475678778e-05,2.23837844530606e-05,2.13353614435313e-05,2.0533518833466e-05,1.97306614049397e-05,1.89545952110926e-05,1.82041261929774e-05,1.74780238533342e-05,1.67758849281677e-05,1.60970959522369e-05,1.54410847766247e-05,1.48072828209316e-05,1.41951283707384e-05,1.36040669502354e-05,1.30335513345137e-05,1.24830417241711e-05,1.19520058752898e-05,1.14399192250223e-05,1.09462650078748e-05,1.04705343629721e-05,1.0012226432449e-05,9.57084845102452e-06,9.14591582685232e-06,8.73695221374782e-06,8.34348957489846e-06,7.96506823817421e-06,7.60123694316285e-06,7.25155288006268e-06,6.91558172057291e-06,6.59289764092925e-06,6.28308333723907e-06,5.9857300332772e-06,5.70043748090947e-06,5.42681395331699e-06,5.16447623119947e-06,4.91304958214071e-06,4.672167733324e-06,4.44147283778939e-06,4.22061543442836e-06,4.00925440191472e-06,3.80705690677362e-06,3.61369834579309e-06,3.42886228298504e-06,3.25224038130428e-06,3.08353232933646e-06,2.92244576316692e-06,2.76869618364415e-06,2.62200686925261e-06,2.48210878481094e-06,2.34874048621227e-06,2.22164802142433e-06,2.10058482796742e-06,1.98531162708881e-06,1.87559631485231e-06,1.77121385036129e-06,1.67194614133301e-06,1.5775819272414e-06,1.48791666024332e-06,1.40275238410213e-06,1.32189761131925e-06,1.24516719868175e-06,1.17238222142992e-06,1.10336984624486e-06,1.03796320325102e-06,9.7600125722335e-07,9.17328678182982e-07,8.61795711559031e-07,8.09258048087577e-07,7.59576693612183e-07,7.12617838943533e-07,6.68252729929583e-07,6.26357537884385e-07,5.86813230532831e-07,5.49505443689467e-07,5.14324354166566e-07,4.81164555582341e-07,4.49924943636106e-07,4.20508637642311e-07,3.92823048209448e-07,3.66780540660717e-07,3.42301525983804e-07,3.19327408122076e-07,2.97873373323618e-07,2.782414833521e-07,2.61875674003394e-07,2.54766713082396e-07,2.80647804375719e-07,4.25122987920811e-07,8.85401816363217e-07,1.55047498094305e-06
2.26612762086505e-15,1.49569031227195e-14,9.26252303271328e-14,5.68871643496501e-13,3.47799433968791e-12,2.11355675283633e-11,1.2852025780415e-10,7.67563078834328e-10,3.52891005978754e-09,9.2213204502398e-09,1.3220638051615e-08,1.35386090738322e-08,1.32703038188343e-08,1.31240312710781e-08,1.29612163525159e-08,1.27982667832626e-08,1.26348076666127e-08,1.24705560129831e-08,1.23056779752047e-08,1.21402173057997e-08,1.19742382163398e-08,1.1807803094432e-08,1.16409744218172e-08,1.14738148183672e-08,1.13063869169015e-08,1.11387533339098e-08,1.09709766192141e-08,1.08031192083683e-08,1.06352433747603e-08,1.04674111816485e-08,1.02996844342301e-08,1.01321246317837e-08,9.96479291994993e-09,9.79775004320768e-09,9.63105629760438e-09,9.46477148379870e-09,9.2989548604729e-09,9.133665098172e-09,8.96896023362591e-09,8.8048976246109e-09,8.6415339054063e-09,8.47892494290251e-09,8.31712579341724e-09,8.15619066027771e-09,7.9961728522281e-09,7.83712474272396e-09,7.67909773017738e-09,7.52214219922018e-09,7.36630748305557e-09,7.21164182697215e-09,7.05819235309757e-09,6.90600502647226e-09,6.75512462252577e-09,6.60559469603957e-09,6.45745755167989e-09,6.3107542161822e-09,6.16552441226472e-09,6.02180653434199e-09,5.87963762610015e-09,5.73905335998434e-09,5.60008801863426e-09,5.46277447828743e-09,5.32714419415168e-09,5.19322718772835e-09,5.06105203604753e-09,4.93064586275599e-09,4.80203433097882e-09,4.67524163785753e-09,4.55029051065163e-09,4.42720220427759e-09,4.30599650014967e-09,4.18669170618149e-09,4.06930465780556e-09,3.95385071987013e-09,3.84034378927908e-09,3.72879629824947e-09,3.61921921807392e-09,3.5116220632887e-09,3.40601289616561e-09,3.30239833146674e-09,3.20078354144112e-09,3.10117226115806e-09,3.00356679470324e-09,2.90796802448311e-09,2.81437543283312e-09,2.72278717315829e-09,2.63320034041586e-09,2.54561204063669e-09,2.46002364801413e-09,2.37645771539521e-09,2.29502486552928e-09,2.21618713043401e-09,2.14178961679204e-09,2.07908235468667e-09,2.05632184993092e-09,2.1829249104045e-09,2.87689534189628e-09,5.61929613974994e-09,1.38151592754978e-08,2.56213313959509e-08
2.17289792889923e-13,1.47517114510301e-12,9.44822840350383e-12,6.00759494984429e-11,3.80283154279582e-10,2.39210589904279e-09,1.50669553670386e-08,9.30249381942722e-08,4.35881029608364e-07,1.14142761838573e-06,1.61377479238741e-06,1.60558537425911e-06,1.52384222272628e-06,1.46169674213533e-06,1.40090393682854e-06,1.34334169640732e-06,1.2887833365891e-06,1.23701004729281e-06,1.18787429040858e-06,1.14122285673865e-06,1.09691461708601e-06,1.05481708752716e-06,1.01480605599547e-06,9.76765039467149e-07,9.40584755126089e-07,9.06162641530722e-07,8.73402411538886e-07,8.42213637379581e-07,8.1251136510357e-07,7.8421575622145e-07,7.57251754501844e-07,7.31548776054955e-07,7.07040420975881e-07,6.83664204956583e-07,6.61361309399223e-07,6.40076348677336e-07,6.19757153295708e-07,6.00354567795949e-07,5.81822262343055e-07,5.64116557009444e-07,5.47196257847873e-07,5.31022503913416e-07,5.15558624458242e-07,5.00770005581429e-07,4.86623965670071e-07,4.73089639017806e-07,4.60137867052902e-07,4.47741096650694e-07,4.35873285044478e-07,4.24509810885472e-07,4.13627391036137e-07,4.03204002712446e-07,3.93218810619597e-07,3.83652098752426e-07,3.74485206556599e-07,3.657004691695e-07,3.57281161480882e-07,3.49211445772795e-07,3.41476322716141e-07,3.34061585517567e-07,3.2695377702532e-07,3.20140149616214e-07,3.136086276981e-07,3.07347772673255e-07,3.0134675021797e-07,2.95595299742395e-07,2.90083705902531e-07,2.84802772043226e-07,2.79743795457162e-07,2.74898544350348e-07,2.70259236409606e-07,2.65818518872059e-07,2.61569450000895e-07,2.57505481875704e-07,2.53620444409679e-07,2.4990853050993e-07,2.46364282301329e-07,2.42982578338663e-07,2.39758621736922e-07,2.36687929156789e-07,2.33766320597968e-07,2.30989910003283e-07,2.28355096871301e-07,2.25858559872578e-07,2.23497256761073e-07,2.21268448481524e-07,2.19169821318252e-07,2.17200009763989e-07,2.15360753990209e-07,2.13665695610622e-07,2.1217599785396e-07,2.11143804965588e-07,2.11587005423763e-07,2.17580108964906e-07,2.45338130687976e-07,3.59039415874929e-07,8.10167026401394e-07,2.52187970712422e-06,7.74756437806642e-06,1.56964771619207e-05
3.14112190964751e-09,2.01727639321479e-08,1.21577241688416e-07,7.10362300439878e-07,4.01995813040756e-06,2.20049842536879e-05,0.000116992141535755,0.000602992942048624,0.00250509486874342,0.00621782580005656,0.00858269707336701,0.00833244936597729,0.00766129054310236,0.00714971166282,0.00670441268195323,0.00631797160498182,0.00598041754889987,0.00568335160736604,0.00542020860290988,0.00518563064964951,0.00497524972834941,0.00478547805798315,0.00461335151168725,0.00445640775419661,0.00431259079402394,0.0041801757194536,0.00405770891338963,0.00394396024749963,0.00383788461253355,0.00373859077635525,0.00364531603200944,0.00355740545026013,0.00347429481628149,0.00339549653137089,0.0033205879141841,0.00324920145407126,0.00318101666042182,0.00311575322300176,0.00305316525391023,0.00299303642559953,0.00293517585410074,0.00287941460422577,0.00282560271563235,0.00277360666643262,0.00272330720541278,0.00267459749561967,0.00262738152160801,0.00258157272045943,0.00253709280311817,0.00249387073790295,0.00245184187246228,0.00241094717410743,0.00237113257151875,0.00233234838338449,0.00229454882168429,0.00225769155914229,0.00222173735190597,0.00218664970980266,0.00215239460762575,0.00211894023183858,0.00208625675788256,0.00205431615395915,0.00202309200774105,0.00199255937297206,0.00196269463334938,0.00193347538145791,0.00190488031085123,0.00187688911965663,0.00184948242432625,0.00182264168236871,0.00179634912307954,0.00177058768544621,0.00174534096253899,0.00172059315181399,0.00169632901085641,0.00167253381819606,0.00164919333898462,0.00162629379570502,0.00160382184523795,0.00158176456732381,0.00156010948137706,0.00153884464631798,0.00151795901522101,0.00149744357346609,0.00147729485478238,0.00145752554601894,0.0014381958085247,0.00141950388335189,0.00140204264748498,0.00138751009744828,0.00138063163804321,0.00139423528620277,0.00146230878677848,0.00167267907530285,0.00224641991166026,0.003724685899117,0.0073883566110869,0.0159788694196977,0.0321803614825627,0.04486219298126
2.0308173073775e-14,8.41111418891181e-14,3.28257181516447e-13,1.30209342582257e-12,5.2611881534367e-12,2.16022006237619e-11,9.02514236629183e-11,3.84489432207619e-10,1.42991779190363e-09,3.39806907647184e-09,4.64146713836396e-09,4.51337996145758e-09,4.15401559267724e-09,3.87237514559258e-09,3.62376616305802e-09,3.40577586510767e-09,3.21429579300602e-09,3.0456508162706e-09,2.89685819826424e-09,2.76538252619413e-09,2.6490801921751e-09,2.54612985363841e-09,2.45497875360741e-09,2.37429878528309e-09,2.30295045748957e-09,2.23995326527959e-09,2.1844612224578e-09,2.13574258479625e-09,2.09316298649868e-09,2.05617136754875e-09,2.02428819153592e-09,1.99709555007115e-09,1.97422882660046e-09,1.95536965359225e-09,1.94023994604223e-09,1.92859683358287e-09,1.92022834520661e-09,1.91494972627803e-09,1.91260028834647e-09,1.91304070924155e-09,1.91615071480153e-09,1.92182708495161e-09,1.92998193619594e-09,1.94054124029522e-09,1.95344354527822e-09,1.96863887022477e-09,1.98608774965856e-09,2.00576040705973e-09,2.02763604007837e-09,2.05170220260715e-09,2.07795427103808e-09,2.10639498385654e-09,2.1370340452705e-09,2.16988778488287e-09,2.20497886652778e-09,2.24233604033918e-09,2.28199393292932e-09,2.3239928712469e-09,2.3683787362776e-09,2.41520284325986e-09,2.46452184552645e-09,2.51639765946096e-09,2.57089740838351e-09,2.62809338346209e-09,2.68806301998883e-09,2.75088888757117e-09,2.81665869296944e-09,2.88546529446969e-09,2.95740672681587e-09,3.03258623584219e-09,3.11111232204653e-09,3.19309879243126e-09,3.27866482001024e-09,3.36793501044209e-09,3.46103947530044e-09,3.55811391153392e-09,3.65929968670176e-09,3.76474392959722e-09,3.87459962589029e-09,3.98902571843418e-09,4.10818721188777e-09,4.23225528130869e-09,4.36140738436883e-09,4.49582737683797e-09,4.63570563097006e-09,4.78123915641184e-09,4.93263172323593e-09,5.09009398667883e-09,5.25384361314272e-09,5.42410540705346e-09,5.60111143959266e-09,5.78510121602317e-09,5.97632281389216e-09,6.17505775439901e-09,6.38216323208108e-09,6.60959602520636e-09,7.08682623546324e-09,1.23532655816414e-08,8.53713151064621e-08,5.86925506994148e-07
