"site_code","year","tag","date","field_team","unhealthy","cow","n_small_trees","n_medium_trees","n_small_dead","n_medium_dead","n_dead_down","n_standing_dead","site_notes","n_aspen_trees_surveyed","n_tree_species","plot_radius_m","plot_area_m2","n_adult_dead","n_adult_damaged","n_standing","n_fallen","n_standing_dead_full_survey","n_alive","dbh_center_live","dbh_mean_live","basal_area_density_live","plot_area_m2_derived","n_standing_in_previous_survey","n_still_standing_in_current_year","n","FRACTION_STANDING_AFTER_NUM_YEARS","pfailure","expected_fallen_dead","n_adult_dead_w_background_mortality_estimate","n_adult_dead_or_damaged","n_adult_dead_per_m2","n_adult_damaged_per_m2","n_adult_dead_or_damaged_per_m2","n_standing_dead_per_m2","n_adult_dead_w_background_mortality_estimate_per_m2","frac_adult_dead","frac_adult_damaged","frac_adult_dead_or_damaged","frac_standing_dead","frac_adult_dead_w_background_mortality_estimate","frac_adult_dead_per_m2","frac_adult_damaged_per_m2","frac_adult_dead_or_damaged_per_m2","frac_standing_dead_per_m2","frac_adult_dead_w_background_mortality_estimate_per_m2"
"ABEY",2018,34,2018-06-25,NA,NA,NA,15,2,NA,NA,NA,2,NA,11,1,4.3,58.0880481648753,2,0,11,0,2,9,26.7,16.6222222222222,0.0159352082206598,58.0880481648753,NA,NA,NA,NA,NA,NA,2,2,0.0344304906634711,0,0.0344304906634711,0.0344304906634711,0.0344304906634711,0.181818181818182,0,0.181818181818182,2,0.181818181818182,0.0031300446057701,0,0.0031300446057701,0.0344304906634711,0.0031300446057701
"ABPZ",2018,76,2018-06-27,NA,NA,NA,1,0,NA,NA,NA,1,"Half canopy gone after sampling; Site very wet",11,1,5.4,91.6088417786784,1,2,11,0,1,10,11.5,20.11,0.0174199245541838,91.6088417786784,NA,NA,NA,NA,NA,NA,1,3,0.0109159768924482,0.0218319537848965,0.0327479306773447,0.0109159768924482,0.0109159768924482,0.0909090909090909,0.181818181818182,0.272727272727273,1,0.0909090909090909,0.000992361535677113,0.00198472307135423,0.00297708460703134,0.0109159768924482,0.000992361535677113
"ABPZ",2023,76,2023-07-14,"MB HL",0,0,2,0,0,0,3,1,NA,1,1,NA,NA,1,NA,1,0,0,1,13.3,NA,NA,91.6088417786784,11,11,5,NA,NA,0.712523921671231,1.71252392167123,NA,0.0109159768924482,NA,NA,0.0109159768924482,0.018693871556728,0.0909090909090909,NA,NA,0.0909090909090909,0.155683992879203,0.000992361535677113,NA,NA,0.000992361535677113,0.00169944286879345
"ABVE",2018,221,2018-07-06,NA,NA,NA,0,0,NA,NA,NA,0,NA,11,1,5.6,98.5203456165759,0,0,11,0,0,11,17.1,18.4,0.0125949617346939,98.5203456165759,NA,NA,NA,NA,NA,NA,0,0,0,0,0,0,0,0,0,0,0,0,0,0,0,0,0
"ABVE",2023,221,2023-07-10,"HL, VM",0,0,0,0,0,0,2,0,NA,1,1,NA,NA,0,NA,1,0,0,1,18.4,NA,NA,98.5203456165759,11,11,5,NA,NA,0.712523921671231,0.712523921671231,NA,0,NA,NA,0,0.00723225154369891,0,NA,NA,0,0.0647749019701119,0,NA,NA,0,0.000657477413063537
"ACFL",2018,31,2018-06-25,NA,NA,NA,7,1,NA,NA,NA,0,NA,11,1,4.1,52.8101725068444,0,0,11,0,0,11,11.9,15.0545454545455,0.0166530636525877,52.8101725068444,NA,NA,NA,NA,NA,NA,0,0,0,0,0,0,0,0,0,0,0,0,0,0,0,0,0
"ACGNT01",2018,497,2018-08-08,NA,0,0,34,0,NA,NA,NA,0,"Avery campground near trail",7,1,6.5,132.732289614169,0,0,7,0,0,7,36.3,33.2571428571429,0.0191152662721893,132.732289614169,NA,NA,NA,NA,NA,NA,0,0,0,0,0,0,0,0,0,0,0,0,0,0,0,0,0
"ACGNT01",2020,534,2020-08-14,"Ben and Erin",0,0,51,0,11,0,5,0,"New tag, campground near",7,1,6.3,124.689812420979,0,0,7,0,0,7,36.2,33.6571428571429,0.0207634668682288,124.689812420979,7,7,2,1,0,0.185021323679596,0,0,0,0,0,0,0,0,0,0,0,0,0,0,0,0,0
"ACGNT01",2023,534,2023-06-26,"EC CP",0,0,63,15,0,0,5,0,"lots of regen!",1,1,NA,NA,0,NA,1,0,0,1,37.5,NA,NA,132.732289614169,7,7,3,NA,NA,0.275689920689926,0.275689920689926,NA,0,NA,NA,0,0.00207703733199594,0,NA,NA,0,0.0250627200627206,0,NA,NA,0,0.000188821575635995
"AEBVG",2018,419,2018-07-24,NA,0,0,14,17,NA,NA,NA,0,NA,11,1,5.4,91.6088417786784,0,2,11,0,0,11,25.2,14.2363636363636,0.0096840877914952,91.6088417786784,NA,NA,NA,NA,NA,NA,0,2,0,0.0218319537848965,0.0218319537848965,0,0,0,0.181818181818182,0.181818181818182,0,0,0,0.00198472307135423,0.00198472307135423,0,0
"AEBVG",2020,419,2020-07-31,"Aidan + Courtenay",0,0,14,19,5,3,3,0,"dist & azi shot to 130 on stem. Nail coming out, re-nailed in",11,1,5.2,84.948665353068,0,1,11,0,0,11,25.2,13.1307692307692,0.0109229659763314,84.948665353068,11,11,2,1,0,0.290747794353651,0,1,0,0.0117718153174479,0.0117718153174479,0,0,0,0.0909090909090909,0.0909090909090909,0,0,0,0.0010701650288589,0.0010701650288589,0,0
"AEBVG",2023,419,2023-07-19,"EC, BW",0,0,17,20,0,4,4,0,NA,1,1,NA,NA,0,NA,1,0,0,1,25.2,NA,NA,91.6088417786784,11,11,3,NA,NA,0.433227018227027,0.433227018227027,NA,0,NA,NA,0,0.00472909612015048,0,NA,NA,0,0.0393842743842752,0,NA,NA,0,0.000429917829104589
"AFOG",2018,113,2018-06-28,NA,NA,NA,7,1,NA,NA,NA,2,NA,10,1,6.7,141.026094219646,2,1,10,0,2,8,33.5,27.15,0.0141049231454667,141.026094219646,NA,NA,NA,NA,NA,NA,2,3,0.0141817726078766,0.00709088630393831,0.0212726589118149,0.0141817726078766,0.0141817726078766,0.2,0.1,0.3,2,0.2,0.00141817726078766,0.000709088630393831,0.00212726589118149,0.0141817726078766,0.00141817726078766
"AFOG",2023,113,2023-07-14,"MB HL",1,0,0,4,2,1,2,3,"orange stained; one tree with flaky bark",1,1,NA,NA,3,NA,1,0,0,1,34.6,NA,NA,141.026094219646,10,10,5,NA,NA,0.647749019701119,3.64774901970112,NA,0.0212726589118149,NA,NA,0.0212726589118149,0.0258657735640031,0.272727272727273,NA,NA,0.272727272727273,0.331613547245556,0.00193387808289227,NA,NA,0.00193387808289227,0.00235143396036391
"AGXLZ",2018,327,2018-07-16,NA,NA,NA,4,1,NA,NA,NA,1,"GROUND NESTING BEES AT ~270 DEGREES, 2M FROM CENTER TREE",11,1,3.6,40.7150407905237,1,0,11,0,1,10,19,18.3,0.0273729938271605,40.7150407905237,NA,NA,NA,NA,NA,NA,1,1,0.0245609480080085,0,0.0245609480080085,0.0245609480080085,0.0245609480080085,0.0909090909090909,0,0.0909090909090909,1,0.0909090909090909,0.0022328134552735,0,0.0022328134552735,0.0245609480080085,0.0022328134552735
"AGXLZ",2020,327,2020-07-17,"Gavin, Courtenay, Aiden",0,0,3,1,2,0,10,1,"YELLOW JACKET NEST AT 270 DEGREES, ~2M FROM FOCAL (CONFIRMED 2020)",11,1,3.4,36.316811075498,1,1,11,0,1,10,19.5,18.64,0.03184723183391,36.316811075498,11,11,2,1,0,0.290747794353651,1,2,0.0275354572823348,0.0275354572823348,0.0550709145646697,0.0275354572823348,0.0275354572823348,0.0909090909090909,0.0909090909090909,0.181818181818182,1,0.0909090909090909,0.00250322338930317,0.00250322338930317,0.00500644677860633,0.0275354572823348,0.00250322338930317
"AGXLZ",2023,327,2023-07-17,"EC, HL",0,0,18,1,1,2,7,1,NA,1,1,NA,NA,1,NA,1,0,0,1,20,NA,NA,40.7150407905237,11,11,3,NA,NA,0.433227018227027,1.43322701822703,NA,0.0245609480080085,NA,NA,0.0245609480080085,0.0352014142783471,0.0909090909090909,NA,NA,0.0909090909090909,0.130293365293366,0.0022328134552735,NA,NA,0.0022328134552735,0.00320012857075883
"AHQT",2018,229,2018-07-06,NA,0,0,0,0,NA,NA,NA,2,NA,10,1,4.9,75.4296396126909,3,0,10,0,2,8,39.9,30.0714285714286,0.0274587671803415,75.4296396126909,NA,NA,NA,NA,NA,NA,3,3,0.039772164037958,0,0.039772164037958,0.0265147760253053,0.039772164037958,0.3,0,0.3,2,0.3,0.0039772164037958,0,0.0039772164037958,0.0265147760253053,0.0039772164037958
"AHQT",2023,229,2023-07-10,"HL, VM",0,0,0,0,0,0,1,0,NA,1,1,NA,NA,0,NA,1,0,0,1,40,NA,NA,75.4296396126909,10,10,5,NA,NA,0.647749019701119,0.647749019701119,NA,0,NA,NA,0,0.00858746008899314,0,NA,NA,0,0.0588862745182836,0,NA,NA,0,0.000780678189908467
"AHUK",2018,131,2018-06-29,NA,NA,NA,0,0,NA,NA,NA,4,NA,11,1,6,113.097335529233,4,0,11,0,4,7,18.5,24.8428571428571,0.0128484722222222,113.097335529233,NA,NA,NA,NA,NA,NA,4,4,0.0353677651315323,0,0.0353677651315323,0.0353677651315323,0.0353677651315323,0.363636363636364,0,0.363636363636364,4,0.363636363636364,0.00321525137559385,0,0.00321525137559385,0.0353677651315323,0.00321525137559385
"AHYY",2018,234,2018-07-08,NA,0,0,0,0,NA,NA,NA,2,NA,11,1,5.7,102.070345315132,2,0,11,0,2,9,29.3335,24.3761111111111,0.0169760263373346,102.070345315132,NA,NA,NA,NA,NA,NA,2,2,0.0195943297127603,0,0.0195943297127603,0.0195943297127603,0.0195943297127603,0.181818181818182,0,0.181818181818182,2,0.181818181818182,0.00178130270116003,0,0.00178130270116003,0.0195943297127603,0.00178130270116003
"AHYY",2023,234,2023-07-10,"HL, VM",0,0,0,0,0,0,3,1,NA,1,1,NA,NA,1,NA,1,0,0,1,29.6,NA,NA,102.070345315132,11,11,5,NA,NA,0.712523921671231,1.71252392167123,NA,0.00979716485638014,NA,NA,0.00979716485638014,0.0167778791811077,0.0909090909090909,NA,NA,0.0909090909090909,0.155683992879203,0.000890651350580013,NA,NA,0.000890651350580013,0.00152526174373706
"AMYCG",2018,281,2018-07-12,NA,NA,NA,1,4,NA,NA,NA,2,NA,11,1,5,78.5398163397448,2,0,11,0,2,9,35.9,22.1555555555556,0.02390168,78.5398163397448,NA,NA,NA,NA,NA,NA,2,2,0.0254647908947033,0,0.0254647908947033,0.0254647908947033,0.0254647908947033,0.181818181818182,0,0.181818181818182,2,0.181818181818182,0.00231498099042757,0,0.00231498099042757,0.0254647908947033,0.00231498099042757
"AMYCG",2020,281,2020-07-02,"Nicole, Gavin, Courtenay",0,0,1,4,NA,NA,13,2,NA,11,1,4.9,75.4296396126909,2,1,11,0,2,9,36.1,20.71,0.0252890045814244,75.4296396126909,11,11,2,1,0,0.290747794353651,2,3,0.0265147760253053,0.0132573880126527,0.039772164037958,0.0265147760253053,0.0265147760253053,0.181818181818182,0.0909090909090909,0.272727272727273,2,0.181818181818182,0.00241043418411867,0.00120521709205933,0.003615651276178,0.0265147760253053,0.00241043418411867
"AMYCG",2023,281,2023-07-26,"EC CP",0,0,1,1,0,0,8,1,"generally healthy",1,1,NA,NA,1,NA,1,0,0,1,36.6,NA,NA,78.5398163397448,11,11,3,NA,NA,0.433227018227027,1.43322701822703,NA,0.0127323954473516,NA,NA,0.0127323954473516,0.0182484131618951,0.0909090909090909,NA,NA,0.0909090909090909,0.130293365293366,0.00115749049521378,NA,NA,0.00115749049521378,0.00165894665108138
"AMYT",2018,228,2018-07-06,NA,NA,NA,1,0,NA,NA,NA,0,NA,11,1,5,78.5398163397448,0,0,11,0,0,11,25.5,25.0272727272727,0.028453,78.5398163397448,NA,NA,NA,NA,NA,NA,0,0,0,0,0,0,0,0,0,0,0,0,0,0,0,0,0
"AMYT",2023,228,2023-07-10,"HL, VM",0,0,7,0,0,0,2,0,NA,1,1,NA,NA,0,NA,1,0,0,1,26.4,NA,NA,78.5398163397448,11,11,5,NA,NA,0.712523921671231,0.712523921671231,NA,0,NA,NA,0,0.00907213633641591,0,NA,NA,0,0.0647749019701119,0,NA,NA,0,0.000824739666946901
"APCV",2018,68,2018-06-26,NA,NA,NA,2,3,NA,NA,NA,3,NA,11,1,4.2,55.4176944093239,3,0,11,0,3,8,24.3,23.825,0.0260321995464853,55.4176944093239,NA,NA,NA,NA,NA,NA,3,3,0.0541343343849984,0,0.0541343343849984,0.0541343343849984,0.0541343343849984,0.272727272727273,0,0.272727272727273,3,0.272727272727273,0.00492130312590895,0,0.00492130312590895,0.0541343343849984,0.00492130312590895
"APZE",2018,187,2018-07-03,NA,NA,NA,6,5,NA,NA,NA,0,NA,11,1,5.9,109.358840271461,0,1,11,0,0,11,31.2,25.0727272727273,0.0218515369146797,109.358840271461,NA,NA,NA,NA,NA,NA,0,1,0,0.00914420816385495,0.00914420816385495,0,0,0,0.0909090909090909,0.0909090909090909,0,0,0,0.00083129165125954,0.00083129165125954,0,0
"APZE",2023,187,2023-07-18,"HL, VM",0,0,6,9,0,0,3,1,NA,1,1,NA,NA,1,NA,1,0,0,1,32.3,NA,NA,109.358840271461,11,11,5,NA,NA,0.712523921671231,1.71252392167123,NA,0.00914420816385495,NA,NA,0.00914420816385495,0.015659675225343,0.0909090909090909,NA,NA,0.0909090909090909,0.155683992879203,0.00083129165125954,NA,NA,0.00083129165125954,0.00142360683866754
"AQPIX",2018,387,2018-07-21,NA,0,0,0,0,NA,NA,NA,0,NA,11,1,5.2,84.948665353068,0,2,11,0,0,11,26.8,24.1818181818182,0.0269887573964497,84.948665353068,NA,NA,NA,NA,NA,NA,0,2,0,0.0235436306348958,0.0235436306348958,0,0,0,0.181818181818182,0.181818181818182,0,0,0,0.0021403300577178,0.0021403300577178,0,0
"AQPIX",2020,387,2020-07-30,"Gavin + Courtenay",0,0,1,0,0,0,2,0,NA,11,1,4.9,75.4296396126909,0,4,11,0,0,11,27.5,24.8083333333333,0.0343074968763015,75.4296396126909,11,11,2,1,0,0.290747794353651,0,4,0,0.0530295520506107,0.0530295520506107,0,0,0,0.363636363636364,0.363636363636364,0,0,0,0.00482086836823733,0.00482086836823733,0,0
"AQPIX",2023,387,2023-07-11,"EC MB",1,0,3,0,1,0,0,0,"lots of oozing cankers and wounds",11,1,4.9,75.4296396126909,0,6,11,0,0,11,28.2,25.7166666666667,0.0370754685547688,75.4296396126909,11,11,3,1,0,0.433227018227027,0,6,0,0.079544328075916,0.079544328075916,0,0,0,0.545454545454545,0.545454545454545,0,0,0,0.007231302552356,0.007231302552356,0,0
"AQXKL",2018,473,2018-07-26,NA,0,0,1,1,NA,NA,NA,1,NA,11,1,3.4,36.316811075498,1,0,11,0,1,10,17,11.44,0.0117480968858131,36.316811075498,NA,NA,NA,NA,NA,NA,1,1,0.0275354572823348,0,0.0275354572823348,0.0275354572823348,0.0275354572823348,0.0909090909090909,0,0.0909090909090909,1,0.0909090909090909,0.00250322338930317,0,0.00250322338930317,0.0275354572823348,0.00250322338930317
"AQXKL",2020,473,2020-07-22,"Gavin + Ben",0,1,0,1,0,2,1,0,NA,11,1,3.5,38.484510006475,1,2,11,0,0,11,17.5,11.6181818181818,0.0126125714285714,38.484510006475,11,11,2,1,0,0.290747794353651,1,3,0.0259844805047992,0.0519689610095985,0.0779534415143977,0,0.0259844805047992,0.0909090909090909,0.181818181818182,0.272727272727273,0,0.0909090909090909,0.00236222550043629,0.00472445100087259,0.00708667650130888,0,0.00236222550043629
"AQXKL",2023,473,2023-07-24,"HL, BW",0,0,0,0,0,2,1,1,"checked dendro, looks good",1,1,NA,NA,1,NA,1,0,0,1,18.6,NA,NA,36.316811075498,11,11,3,NA,NA,0.433227018227027,1.43322701822703,NA,0.0275354572823348,NA,NA,0.0275354572823348,0.0394645613362784,0.0909090909090909,NA,NA,0.0909090909090909,0.130293365293366,0.00250322338930317,NA,NA,0.00250322338930317,0.00358768739420713
"AQZOX",2018,354,2018-07-19,NA,NA,NA,17,2,NA,NA,NA,0,NA,8,1,6.8,145.267244301992,0,0,8,0,0,8,33.7,23.525,0.0106220155709343,145.267244301992,NA,NA,NA,NA,NA,NA,0,0,0,0,0,0,0,0,0,0,0,0,0,0,0,0,0
"AQZOX",2020,354,2020-08-03,"Gavin and Aidan",0,0,9,2,5,0,8,1,"leaf hoppers",8,1,7.1,158.367685667461,1,0,8,0,1,7,33.6,24.2857142857143,0.00912787145407657,158.367685667461,8,8,2,1,0,0.21145294134811,1,1,0.00631441948390777,0,0.00631441948390777,0.00631441948390777,0.00631441948390777,0.125,0,0.125,1,0.125,0.000789302435488471,0,0.000789302435488471,0.00631441948390777,0.000789302435488471
"AQZOX",2023,354,2023-07-28,"HL, VM",0,0,3,10,0,0,8,1,NA,1,1,NA,NA,1,NA,1,0,0,1,34.9,NA,NA,145.267244301992,8,8,3,NA,NA,0.315074195074201,1.3150741950742,NA,0.00688386432058371,NA,NA,0.00688386432058371,0.00905279233039164,0.0909090909090909,NA,NA,0.0909090909090909,0.1195521995522,0.000625805847325792,NA,NA,0.000625805847325792,0.000822981120944694
"ASIBO",2018,454,2018-07-24,NA,0,0,5,0,NA,NA,NA,5,NA,11,1,3.7,43.0084034276443,5,0,11,0,5,6,19.6,21.9166666666667,0.0212776479181885,43.0084034276443,NA,NA,NA,NA,NA,NA,5,5,0.116256349957557,0,0.116256349957557,0.116256349957557,0.116256349957557,0.454545454545455,0,0.454545454545455,5,0.454545454545455,0.0105687590870506,0,0.0105687590870506,0.116256349957557,0.0105687590870506
"ASIBO",2020,454,2020-08-13,"Gavin and Erin",0,0,5,1,0,0,7,4,"Re-nailed tag",11,1,3.8,45.3645979178366,5,1,11,0,4,7,20.2,22.2166666666667,0.020765027700831,45.3645979178366,11,11,2,1,0,0.290747794353651,5,6,0.110218104634277,0.0220436209268553,0.132261725561132,0.0881744837074212,0.110218104634277,0.454545454545455,0.0909090909090909,0.545454545454545,4,0.454545454545455,0.0100198276940251,0.00200396553880503,0.0120237932328302,0.0881744837074212,0.0100198276940251
"ASMP",2018,12,2018-06-22,NA,NA,NA,1,0,NA,NA,NA,2,NA,11,1,9.01,255.034805777685,2,0,11,0,2,9,8.5,19.1,0.00455521735006486,255.034805777685,NA,NA,NA,NA,NA,NA,2,2,0.0078420668657415,0,0.0078420668657415,0.0078420668657415,0.0078420668657415,0.181818181818182,0,0.181818181818182,2,0.181818181818182,0.000712915169612864,0,0.000712915169612864,0.0078420668657415,0.000712915169612864
"ASMP",2023,530,2023-06-28,"EC CP",0,1,0,0,0,0,0,2,"At stand edge",1,1,NA,NA,2,NA,1,0,0,1,8.7,NA,NA,255.034805777685,11,11,5,NA,NA,0.712523921671231,2.71252392167123,NA,0.0078420668657415,NA,NA,0.0078420668657415,0.0106358969843346,0.181818181818182,NA,NA,0.181818181818182,0.246593083788294,0.000712915169612864,NA,NA,0.000712915169612864,0.000966899725848598
"ATDH",2018,251,2018-07-08,NA,0,0,0,0,NA,NA,NA,0,NA,11,1,5.9,109.358840271461,1,1,11,0,0,11,23.4,24.26,0.0172546969261706,109.358840271461,NA,NA,NA,NA,NA,NA,1,2,0.00914420816385495,0.00914420816385495,0.0182884163277099,0,0.00914420816385495,0.0909090909090909,0.0909090909090909,0.181818181818182,0,0.0909090909090909,0.00083129165125954,0.00083129165125954,0.00166258330251908,0,0.00083129165125954
"ATDH",2023,251,2023-07-12,"EC AB MW",0,0,2,0,0,0,7,1,NA,1,1,NA,NA,1,NA,1,0,0,1,24.7,NA,NA,109.358840271461,11,11,5,NA,NA,0.712523921671231,1.71252392167123,NA,0.00914420816385495,NA,NA,0.00914420816385495,0.015659675225343,0.0909090909090909,NA,NA,0.0909090909090909,0.155683992879203,0.00083129165125954,NA,NA,0.00083129165125954,0.00142360683866754
"ATQY",2018,97,2018-06-28,NA,NA,NA,1,0,NA,NA,NA,0,NA,11,1,4.8,72.3822947387088,0,1,10,0,0,11,41.9,17.8818181818182,0.0206328559027778,72.3822947387088,NA,NA,NA,NA,NA,NA,0,1,0,0.0138155332545048,0.0138155332545048,0,0,0,0.0909090909090909,0.0909090909090909,0,0,0,0.00125595756859135,0.00125595756859135,0,0
"ATQY",2023,97,2023-07-11,"AL VM",0,0,4,1,0,0,6,0,NA,1,1,NA,NA,0,NA,1,0,0,1,42,NA,NA,72.3822947387088,10,10,5,NA,NA,0.647749019701119,0.647749019701119,NA,0,NA,NA,0,0.0089489981222537,0,NA,NA,0,0.0588862745182836,0,NA,NA,0,0.000813545283841245
"AWUSD",2018,479,2018-07-27,NA,0,0,5,5,NA,NA,NA,0,NA,10,1,5.3,88.2473376393373,0,0,10,0,0,10,11.2,12.99,0.00890968316126735,88.2473376393373,NA,NA,NA,NA,NA,NA,0,0,0,0,0,0,0,0,0,0,0,0,0,0,0,0,0
"AWUSD",2020,479,2020-08-18,"Courtenay and Erin",0,0,17,8,6,0,5,0,"All bearings/distances shot from base of focal tree. In 2018, seems like they were shot from 130",10,1,4.6,66.47610054996,0,3,10,0,0,10,12.4,13.31,0.0120132797731569,66.47610054996,10,10,2,1,0,0.264316176685138,0,3,0,0.0451290008767189,0.0451290008767189,0,0,0,0.3,0.3,0,0,0,0.00451290008767189,0.00451290008767189,0,0
"AWUSD",2023,479,2023-07-03,"EC, VM",0,0,6,8,3,2,8,2,NA,1,1,NA,NA,2,NA,1,0,0,1,12.6,NA,NA,88.2473376393373,10,10,3,NA,NA,0.393842743842752,2.39384274384275,NA,0.0226635732419929,NA,NA,0.0226635732419929,0.0271265151774468,0.181818181818182,NA,NA,0.181818181818182,0.217622067622068,0.00206032484018118,NA,NA,0.00206032484018118,0.00246604683431334
"AZIHK",2018,424,2018-07-23,NA,0,0,1,0,NA,NA,NA,2,NA,11,1,5.9,109.358840271461,3,0,11,0,2,9,26.1,22.5875,0.0120884515943694,109.358840271461,NA,NA,NA,NA,NA,NA,3,3,0.0274326244915648,0,0.0274326244915648,0.0182884163277099,0.0274326244915648,0.272727272727273,0,0.272727272727273,2,0.272727272727273,0.00249387495377862,0,0.00249387495377862,0.0182884163277099,0.00249387495377862
"AZIHK",2020,424,2020-07-23,"CR GJB",1,1,4,0,2,0,2,0,"reddish brown stand of trees, possibly due to disease?",11,1,5.3,88.2473376393373,2,4,11,0,0,11,27.1,22.9,0.0173583837664649,88.2473376393373,11,11,2,1,0,0.290747794353651,2,6,0.0226635732419929,0.0453271464839859,0.0679907197259788,0,0.0226635732419929,0.181818181818182,0.363636363636364,0.545454545454545,0,0.181818181818182,0.00206032484018118,0.00412064968036235,0.00618097452054353,0,0.00206032484018118
"AZIHK",2023,424,2023-08-13,"BB, CR",1,1,3,0,0,0,3,2,NA,11,1,5.3,88.2473376393373,4,2,11,0,1,10,27.2,23.5444444444444,0.0182995016019936,88.2473376393373,11,11,3,1,0,0.433227018227027,4,6,0.0453271464839859,0.0226635732419929,0.0679907197259788,0.0226635732419929,0.0453271464839859,0.363636363636364,0.181818181818182,0.545454545454545,2,0.363636363636364,0.00412064968036235,0.00206032484018118,0.00618097452054353,0.0226635732419929,0.00412064968036235
"AZLSF",2018,347,2018-07-18,NA,0,0,3,0,NA,NA,NA,1,NA,9,1,1.9,11.3411494794592,1,1,9,0,1,8,25.45,16.05625,0.0660615650969529,11.3411494794592,NA,NA,NA,NA,NA,NA,1,2,0.0881744837074212,0.0881744837074212,0.176348967414842,0.0881744837074212,0.0881744837074212,0.111111111111111,0.111111111111111,0.222222222222222,1,0.111111111111111,0.00979716485638014,0.00979716485638014,0.0195943297127603,0.0881744837074212,0.00979716485638014
"AZLSF",2020,347,2020-07-31,"Ben + Gavin",0,0,3,2,0,0,5,0,"na",9,1,2.1,13.854423602331,1,1,9,0,0,9,25.5,16.175,0.0546575963718821,13.854423602331,9,9,2,1,0,0.237884559016624,1,2,0.0721791125133312,0.0721791125133312,0.144358225026662,0,0.0721791125133312,0.111111111111111,0.111111111111111,0.222222222222222,0,0.111111111111111,0.00801990139037013,0.00801990139037013,0.0160398027807403,0,0.00801990139037013
"AZLSF",2023,347,2023-07-28,"HL, VM",0,0,1,2,1,0,4,2,NA,1,1,NA,NA,2,NA,1,0,0,1,27,NA,NA,11.3411494794592,9,9,3,NA,NA,0.354458469458476,2.35445846945848,NA,0.176348967414842,NA,NA,0.176348967414842,0.207603159955066,0.181818181818182,NA,NA,0.181818181818182,0.21404167904168,0.0160317243104402,NA,NA,0.0160317243104402,0.0188730145413697
"BCNTS01",2018,501,2018-08-08,NA,0,1,13,4,NA,NA,NA,0,"Brush Creek near to stream",11,1,3.3,34.2119439975928,0,1,11,0,0,11,25.4,11.9272727272727,0.0213419651056015,34.2119439975928,NA,NA,NA,NA,NA,NA,0,1,0,0.0292295579599441,0.0292295579599441,0,0,0,0.0909090909090909,0.0909090909090909,0,0,0,0.0026572325418131,0.0026572325418131,0,0
"BCNTS01",2020,501,2020-07-14,"Gavin, Courtenay, Aiden",0,1,34,5,28,1,0,1,"Brush creek near stream",11,1,3.2,32.1699087727595,1,0,11,0,1,10,25.5,12.64,0.0228044921875,32.1699087727595,11,11,2,1,0,0.290747794353651,1,1,0.0310849498226358,0,0.0310849498226358,0.0310849498226358,0.0310849498226358,0.0909090909090909,0,0.0909090909090909,1,0.0909090909090909,0.00282590452933053,0,0.00282590452933053,0.0310849498226358,0.00282590452933053
"BCNTS01",2023,501,2023-06-26,"EC CP",0,1,52,0,20,1,0,2,NA,1,1,NA,NA,2,NA,1,0,0,1,26.1,NA,NA,34.2119439975928,11,11,3,NA,NA,0.433227018227027,2.43322701822703,NA,0.0584591159198881,NA,NA,0.0584591159198881,0.0711221501589687,0.181818181818182,NA,NA,0.181818181818182,0.221202456202457,0.00531446508362619,NA,NA,0.00531446508362619,0.0064656500144517
"BCOE",2018,268,2018-07-10,NA,NA,NA,2,0,NA,NA,NA,1,NA,11,1,4.3,58.0880481648753,2,0,11,0,1,10,37.2,29.0888888888889,0.0444019469983775,58.0880481648753,NA,NA,NA,NA,NA,NA,2,2,0.0344304906634711,0,0.0344304906634711,0.0172152453317356,0.0344304906634711,0.181818181818182,0,0.181818181818182,1,0.181818181818182,0.0031300446057701,0,0.0031300446057701,0.0172152453317356,0.0031300446057701
"BCOE",2023,268,2023-07-06,"VM, MB",0,0,0,0,1,0,6,3,"pretty healthy, one conjoined tree pretty much dead (counted in standing dead count)",1,1,NA,NA,3,NA,1,0,0,1,37.5,NA,NA,58.0880481648753,11,11,5,NA,NA,0.712523921671231,3.71252392167123,NA,0.0516457359952067,NA,NA,0.0516457359952067,0.0639120101115073,0.272727272727273,NA,NA,0.272727272727273,0.337502174697385,0.00469506690865516,NA,NA,0.00469506690865516,0.00581018273740976
"BCSFE01",2018,502,2018-08-08,NA,0,1,0,2,NA,NA,NA,1,"Brush creek small forest extension",11,1,2.5,19.6349540849362,1,0,11,0,1,10,23.7,17.21,0.05039504,19.6349540849362,NA,NA,NA,NA,NA,NA,1,1,0.0509295817894065,0,0.0509295817894065,0.0509295817894065,0.0509295817894065,0.0909090909090909,0,0.0909090909090909,1,0.0909090909090909,0.00462996198085514,0,0.00462996198085514,0.0509295817894065,0.00462996198085514
"BCSFE01",2020,502,2020-07-14,"Gavin, Courtenay, Aiden",0,1,0,2,3,0,7,1,NA,11,1,2.4,18.0955736846772,1,0,11,0,1,10,24,17.3636363636364,0.0610888888888889,18.0955736846772,11,11,2,1,0,0.290747794353651,1,1,0.0552621330180192,0,0.0552621330180192,0.0552621330180192,0.0552621330180192,0.0909090909090909,0,0.0909090909090909,1,0.0909090909090909,0.00502383027436538,0,0.00502383027436538,0.0552621330180192,0.00502383027436538
"BCSFE01",2023,502,2023-06-27,"EC CP",0,1,8,1,2,1,5,1,"at stand edge, very open",1,1,NA,NA,1,NA,1,0,0,1,24.4,NA,NA,19.6349540849362,11,11,3,NA,NA,0.433227018227027,1.43322701822703,NA,0.0509295817894065,NA,NA,0.0509295817894065,0.0729936526475806,0.0909090909090909,NA,NA,0.0909090909090909,0.130293365293366,0.00462996198085514,NA,NA,0.00462996198085514,0.00663578660432551
"BDGAP",2018,445,2018-07-25,NA,0,0,0,0,NA,NA,NA,0,NA,11,1,5.3,88.2473376393373,0,0,11,0,0,11,25.4,23.8090909090909,0.0223712709149163,88.2473376393373,NA,NA,NA,NA,NA,NA,0,0,0,0,0,0,0,0,0,0,0,0,0,0,0,0,0
"BDGAP",2020,445,2020-07-27,"Gavin + Aidan",0,0,0,0,0,0,4,1,"na",11,1,4.2,55.4176944093239,1,0,11,0,1,10,25.8,23.825,0.0389059523809524,55.4176944093239,11,11,2,1,0,0.290747794353651,1,1,0.0180447781283328,0,0.0180447781283328,0.0180447781283328,0.0180447781283328,0.0909090909090909,0,0.0909090909090909,1,0.0909090909090909,0.00164043437530298,0,0.00164043437530298,0.0180447781283328,0.00164043437530298
"BDGAP",2023,445,2023-07-05,"EC, VM, MB",0,0,13,0,0,0,2,2,NA,1,1,NA,NA,2,NA,1,0,0,1,26.1,NA,NA,88.2473376393373,11,11,3,NA,NA,0.433227018227027,2.43322701822703,NA,0.0226635732419929,NA,NA,0.0226635732419929,0.0275728093709921,0.181818181818182,NA,NA,0.181818181818182,0.221202456202457,0.00206032484018118,NA,NA,0.00206032484018118,0.00250661903372656
"BDRF",2018,99,2018-06-28,NA,NA,NA,20,1,NA,NA,NA,1,NA,11,1,3.2,32.1699087727595,1,2,11,0,1,10,24.2,17.14,0.035504296875,32.1699087727595,NA,NA,NA,NA,NA,NA,1,3,0.0310849498226358,0.0621698996452716,0.0932548494679074,0.0310849498226358,0.0310849498226358,0.0909090909090909,0.181818181818182,0.272727272727273,1,0.0909090909090909,0.00282590452933053,0.00565180905866106,0.00847771358799158,0.0310849498226358,0.00282590452933053
"BDRF",2023,99,2023-07-11,"HL VM",0,0,9,8,1,2,3,0,NA,1,1,NA,NA,0,NA,1,0,0,1,24.7,NA,NA,32.1699087727595,11,11,5,NA,NA,0.712523921671231,0.712523921671231,NA,0,NA,NA,0,0.0221487703525779,0,NA,NA,0,0.0647749019701119,0,NA,NA,0,0.00201352457750708
"BFPMS",2018,412,2018-07-23,NA,0,0,12,2,NA,NA,NA,1,NA,11,1,3.4,36.316811075498,1,2,11,0,1,10,9,10.96,0.0109264705882353,36.316811075498,NA,NA,NA,NA,NA,NA,1,3,0.0275354572823348,0.0550709145646697,0.0826063718470045,0.0275354572823348,0.0275354572823348,0.0909090909090909,0.181818181818182,0.272727272727273,1,0.0909090909090909,0.00250322338930317,0.00500644677860633,0.0075096701679095,0.0275354572823348,0.00250322338930317
"BFPMS",2020,412,2020-07-20,"Gavin, Aiden",1,0,9,4,2,0,8,2,NA,11,1,3.2,32.1699087727595,2,2,11,0,2,9,9.4,10.96,0.0124759765625,32.1699087727595,11,11,2,1,0,0.290747794353651,2,4,0.0621698996452716,0.0621698996452716,0.124339799290543,0.0621698996452716,0.0621698996452716,0.181818181818182,0.181818181818182,0.363636363636364,2,0.181818181818182,0.00565180905866106,0.00565180905866106,0.0113036181173221,0.0621698996452716,0.00565180905866106
"BFPMS",2023,412,2023-07-17,"EC, HL",1,0,5,11,0,0,6,2,"very open, surrounding conifers",11,1,3.2,32.1699087727595,2,5,11,0,2,9,10.1,11.38,0.013418359375,32.1699087727595,11,11,3,1,0,0.433227018227027,2,7,0.0621698996452716,0.155424749113179,0.217594648758451,0.0621698996452716,0.0621698996452716,0.181818181818182,0.454545454545455,0.636363636363636,2,0.181818181818182,0.00565180905866106,0.0141295226466526,0.0197813317053137,0.0621698996452716,0.00565180905866106
"BJSRA01",2018,487,2018-07-27,NA,0,0,3,0,NA,NA,NA,1,"Be joyful slate river A. coordinates updated based on Lake data.",10,1,5.7,102.070345315132,1,0,10,0,1,9,23.1,16.6333333333333,0.00812123730378578,102.070345315132,NA,NA,NA,NA,NA,NA,1,1,0.00979716485638014,0,0.00979716485638014,0.00979716485638014,0.00979716485638014,0.1,0,0.1,1,0.1,0.000979716485638014,0,0.000979716485638014,0.00979716485638014,0.000979716485638014
"BJSRA01",2020,487,2020-07-21,"Gavin, Courtenay",1,0,0,0,4,0,5,1,"Slate river A, bimodal leaf size",11,1,5.9,109.358840271461,1,10,11,0,1,10,23.5,15.67,0.00781904625107727,109.358840271461,10,10,2,1,0,0.264316176685138,1,11,0.00914420816385495,0.0914420816385495,0.100586289802404,0.00914420816385495,0.00914420816385495,0.0909090909090909,0.909090909090909,1,1,0.0909090909090909,0.00083129165125954,0.00831291651259541,0.00914420816385495,0.00914420816385495,0.00083129165125954
"BJSRA01",2023,487,2023-07-07,"EC, MB",1,1,10,0,1,0,6,2,"very open",1,1,NA,NA,2,NA,1,0,0,1,23.7,NA,NA,102.070345315132,11,11,3,NA,NA,0.433227018227027,2.43322701822703,NA,0.0195943297127603,NA,NA,0.0195943297127603,0.0238387262305685,0.181818181818182,NA,NA,0.181818181818182,0.221202456202457,0.00178130270116003,NA,NA,0.00178130270116003,0.00216715693005168
"BJSRB01",2018,488,2018-07-27,NA,0,0,7,3,NA,NA,NA,2,"Be joyful slate river B. coordinates updated with data from Lake.",11,1,5.4,91.6088417786784,2,0,11,0,2,9,12.4,14.0777777777778,0.00777431412894376,91.6088417786784,NA,NA,NA,NA,NA,NA,2,2,0.0218319537848965,0,0.0218319537848965,0.0218319537848965,0.0218319537848965,0.181818181818182,0,0.181818181818182,2,0.181818181818182,0.00198472307135423,0,0.00198472307135423,0.0218319537848965,0.00198472307135423
"BJSRB01",2020,488,2020-07-21,"Gavin, Courtenay",1,0,18,3,1,0,5,2,"Many different sized leaves on trees",11,1,5.2,84.948665353068,2,6,11,0,2,9,12.3,12.525,0.00926941568047337,84.948665353068,11,11,2,1,0,0.290747794353651,2,8,0.0235436306348958,0.0706308919046873,0.094174522539583,0.0235436306348958,0.0235436306348958,0.181818181818182,0.545454545454545,0.727272727272727,2,0.181818181818182,0.0021403300577178,0.00642099017315339,0.00856132023087119,0.0235436306348958,0.0021403300577178
"BJSRB01",2023,488,2023-07-07,"EC, MB",1,1,28,3,6,0,4,5,"very open (roughly standard leaf sizes)",1,1,NA,NA,5,NA,1,0,0,1,13.1,NA,NA,91.6088417786784,11,11,3,NA,NA,0.433227018227027,5.43322701822703,NA,0.0545798844622412,NA,NA,0.0545798844622412,0.0593089805823917,0.454545454545455,NA,NA,0.454545454545455,0.49392972892973,0.00496180767838556,NA,NA,0.00496180767838556,0.00539172550749015
"BJSRC01",2018,489,2018-07-27,NA,0,0,0,0,NA,NA,NA,1,"Be joyful slate river C. Coordinates updated with data from Lake",10,1,2.8,24.630086404144,1,0,10,0,1,9,16.5,12.6888888888889,0.0207216836734694,24.630086404144,NA,NA,NA,NA,NA,NA,1,1,0.0406007507887488,0,0.0406007507887488,0.0406007507887488,0.0406007507887488,0.1,0,0.1,1,0.1,0.00406007507887488,0,0.00406007507887488,0.0406007507887488,0.00406007507887488
"BJSRC01",2020,489,2020-07-21,"Gavin, Courtenay",0,1,0,0,0,0,4,3,"Poop and cow path nearby",11,1,2.1,13.854423602331,3,2,11,0,3,8,16.6,13.5,0.046615873015873,13.854423602331,10,10,2,1,0,0.264316176685138,3,5,0.216537337539994,0.144358225026662,0.360895562566656,0.216537337539994,0.216537337539994,0.272727272727273,0.181818181818182,0.454545454545455,3,0.272727272727273,0.0196852125036358,0.0131234750024239,0.0328086875060596,0.216537337539994,0.0196852125036358
"BJSRC01",2023,489,2023-07-07,"EC, MB",0,1,0,0,0,0,2,3,NA,11,1,2.1,13.854423602331,3,2,10,1,2,8,16.9,14.4454545454545,0.0588714285714286,13.854423602331,11,10,3,0.909090909090909,0.0312706872849103,0.433227018227027,3,5,0.216537337539994,0.144358225026662,0.360895562566656,0.216537337539994,0.216537337539994,0.272727272727273,0.181818181818182,0.454545454545455,3,0.272727272727273,0.0196852125036358,0.0131234750024239,0.0328086875060596,0.216537337539994,0.0196852125036358
"BLRZ",2018,135,2018-07-01,NA,NA,NA,0,1,NA,NA,NA,1,NA,11,1,5.5,95.0331777710912,1,0,11,0,1,10,6.2,11.59,0.00793510743801653,95.0331777710912,NA,NA,NA,NA,NA,NA,1,1,0.0105226408655799,0,0.0105226408655799,0.0105226408655799,0.0105226408655799,0.0909090909090909,0,0.0909090909090909,1,0.0909090909090909,0.000956603715052714,0,0.000956603715052714,0.0105226408655799,0.000956603715052714
"BNXX",2018,212,2018-07-06,NA,NA,NA,1,0,NA,NA,NA,0,NA,11,1,3.3,34.2119439975928,0,0,11,0,0,11,21.7,21.8545454545455,0.0489742883379247,34.2119439975928,NA,NA,NA,NA,NA,NA,0,0,0,0,0,0,0,0,0,0,0,0,0,0,0,0,0
"BNXX",2023,212,2023-07-10,"HL, VM",0,0,1,0,0,0,2,0,NA,1,1,NA,NA,0,NA,1,0,0,1,22.8,NA,NA,34.2119439975928,11,11,5,NA,NA,0.712523921671231,0.712523921671231,NA,0,NA,NA,0,0.0208267592663359,0,NA,NA,0,0.0647749019701119,0,NA,NA,0,0.00189334175148508
"BOZM",2018,67,2018-06-26,NA,NA,NA,0,2,NA,NA,NA,1,NA,11,1,4.6,66.47610054996,1,0,11,0,1,10,21.7,22.85,0.0251466446124764,66.47610054996,NA,NA,NA,NA,NA,NA,1,1,0.0150430002922396,0,0.0150430002922396,0.0150430002922396,0.0150430002922396,0.0909090909090909,0,0.0909090909090909,1,0.0909090909090909,0.00136754548111269,0,0.00136754548111269,0.0150430002922396,0.00136754548111269
"BRDPJ",2018,308,2018-07-14,NA,1,1,1,2,NA,NA,NA,3,"Sparse but not unhealthy. unhealthy based on photos",11,1,4.8,72.3822947387088,3,1,11,0,3,8,25.9,22.2,0.0173907986111111,72.3822947387088,NA,NA,NA,NA,NA,NA,3,4,0.0414465997635144,0.0138155332545048,0.0552621330180192,0.0414465997635144,0.0414465997635144,0.272727272727273,0.0909090909090909,0.363636363636364,3,0.272727272727273,0.00376787270577404,0.00125595756859135,0.00502383027436538,0.0414465997635144,0.00376787270577404
"BRDPJ",2020,308,2020-07-13,"Gavin, Courtenay, Aiden",1,1,0,3,0,0,9,1,"not unhealthy, bear poop on plot",11,1,4.9,75.4296396126909,3,3,11,0,1,10,25.5,22.3125,0.0168161182840483,75.4296396126909,11,11,2,1,0,0.290747794353651,3,6,0.039772164037958,0.039772164037958,0.079544328075916,0.0132573880126527,0.039772164037958,0.272727272727273,0.272727272727273,0.545454545454545,1,0.272727272727273,0.003615651276178,0.003615651276178,0.007231302552356,0.0132573880126527,0.003615651276178
"BRDPJ",2023,308,2023-07-13,"EC MB",1,0,5,3,0,0,9,4,"unhealthy but beautiful",1,1,NA,NA,4,NA,0,1,0,0,NA,NA,NA,72.3822947387088,11,10,3,NA,NA,0.433227018227027,4.43322701822703,NA,0.0552621330180192,NA,NA,0.0552621330180192,0.0612473952950847,0.363636363636364,NA,NA,0.363636363636364,0.403020638020639,0.00502383027436538,NA,NA,0.00502383027436538,0.00556794502682588
"BS",2020,NA,2020-07-16,"Gavin",0,0,NA,NA,NA,NA,NA,0,"Baldy Summit, see scan for map, measured from base",6,1,0.67,1.41026094219646,0,0,6,0,0,6,3,2.56666666666667,0.0148719091111606,1.41026094219646,NA,NA,NA,NA,NA,NA,0,0,0,0,0,0,0,0,0,0,0,0,0,0,0,0,0
"BUCDS",2018,328,2018-07-16,NA,NA,NA,11,0,NA,NA,NA,0,NA,11,1,5.5,95.0331777710912,0,0,11,0,0,11,28.7,21.2,0.0186094545454545,95.0331777710912,NA,NA,NA,NA,NA,NA,0,0,0,0,0,0,0,0,0,0,0,0,0,0,0,0,0
"BUCDS",2020,328,2020-07-20,"Gavin, Aidan",0,1,8,0,7,0,4,0,NA,11,1,5.6,98.5203456165759,0,0,11,0,0,11,28.9,20.6272727272727,0.0176006696428571,98.5203456165759,11,11,2,1,0,0.290747794353651,0,0,0,0,0,0,0,0,0,0,0,0,0,0,0,0,0
"BUCDS",2023,328,2023-07-17,"EC, HL",0,1,29,1,3,0,4,0,NA,1,1,NA,NA,0,NA,1,0,0,1,29.6,NA,NA,95.0331777710912,11,11,3,NA,NA,0.433227018227027,0.433227018227027,NA,0,NA,NA,0,0.00455869232606902,0,NA,NA,0,0.0393842743842752,0,NA,NA,0,0.000414426575097184
"BVNP",2018,102,2018-06-28,NA,NA,NA,6,1,NA,NA,NA,2,NA,10,1,9.3,271.716348608981,2,2,10,0,2,8,37.6,26.6625,0.0084477627471384,271.716348608981,NA,NA,NA,NA,NA,NA,2,4,0.00736061709293076,0.00736061709293076,0.0147212341858615,0.00736061709293076,0.00736061709293076,0.2,0.2,0.4,2,0.2,0.000736061709293076,0.000736061709293076,0.00147212341858615,0.00736061709293076,0.000736061709293076
"BVNP",2023,102,2023-07-11,"HL VM",0,0,9,5,1,0,1,0,NA,1,1,NA,NA,0,NA,1,0,0,1,39.5,NA,NA,271.716348608981,10,10,5,NA,NA,0.647749019701119,0.647749019701119,NA,0,NA,NA,0,0.0023839162531706,0,NA,NA,0,0.0588862745182836,0,NA,NA,0,0.000216719659379146
"BWCM",2018,79,2018-06-27,NA,NA,NA,10,6,NA,NA,NA,1,NA,11,1,4.5,63.6172512351933,1,0,11,0,1,10,19.6,27.12,0.0372148148148148,63.6172512351933,NA,NA,NA,NA,NA,NA,1,1,0.0157190067251255,0,0.0157190067251255,0.0157190067251255,0.0157190067251255,0.0909090909090909,0,0.0909090909090909,1,0.0909090909090909,0.00142900061137504,0,0.00142900061137504,0.0157190067251255,0.00142900061137504
"BWRE",2018,206,2018-07-03,NA,NA,NA,5,1,NA,NA,NA,1,NA,11,1,7.8,191.134497044403,1,1,11,0,1,10,14.4,10.58,0.00190216962524655,191.134497044403,NA,NA,NA,NA,NA,NA,1,2,0.00523191791886572,0.00523191791886572,0.0104638358377314,0.00523191791886572,0.00523191791886572,0.0909090909090909,0.0909090909090909,0.181818181818182,1,0.0909090909090909,0.000475628901715066,0.000475628901715066,0.000951257803430132,0.00523191791886572,0.000475628901715066
"BWRE",2023,206,2023-07-17,"MB, VM",0,0,0,3,0,0,2,7,NA,1,1,NA,NA,7,NA,1,0,0,1,15.9,NA,NA,191.134497044403,11,11,5,NA,NA,0.712523921671231,7.71252392167123,NA,0.0366234254320601,NA,NA,0.0366234254320601,0.0403512921054723,0.636363636363636,NA,NA,0.636363636363636,0.701138538333748,0.00332940231200546,NA,NA,0.00332940231200546,0.00366829928231566
"BXKLR",2018,316,2018-07-16,NA,NA,NA,27,14,NA,NA,NA,0,NA,10,1,6.7,141.026094219646,0,0,10,0,0,10,19,16.67,0.00651581644018712,141.026094219646,NA,NA,NA,NA,NA,NA,0,0,0,0,0,0,0,0,0,0,0,0,0,0,0,0,0
"BXKLR",2020,316,2020-07-15,"Gavin,  Aidan",0,0,20,13,4,3,2,0,NA,11,1,6.7,141.026094219646,0,0,11,0,0,11,19.5,16.0454545454545,0.00683896190688349,141.026094219646,10,10,2,1,0,0.264316176685138,0,0,0,0,0,0,0,0,0,0,0,0,0,0,0,0,0
"BXKLR",2023,316,2023-08-19,"BB, CR",0,0,32,12,7,4,2,0,NA,11,1,4.8,72.3822947387088,0,2,11,0,0,11,19.7,14.8428571428571,0.0154592881944444,72.3822947387088,11,11,3,1,0,0.433227018227027,0,2,0,0.0276310665090096,0.0276310665090096,0,0,0,0.181818181818182,0.181818181818182,0,0,0,0.00251191513718269,0.00251191513718269,0,0
"BYFM",2018,35,2018-06-25,NA,NA,NA,3,0,NA,NA,NA,0,NA,11,1,9,254.469004940773,0,0,11,0,0,11,26.5,17.2727272727273,0.00567585185185185,254.469004940773,NA,NA,NA,NA,NA,NA,0,0,0,0,0,0,0,0,0,0,0,0,0,0,0,0,0
"BYUQ",2018,157,2018-07-02,NA,NA,NA,12,7,NA,NA,NA,0,NA,11,1,5.6,98.5203456165759,0,0,11,0,0,11,13.5,20.9636363636364,0.0174725765306122,98.5203456165759,NA,NA,NA,NA,NA,NA,0,0,0,0,0,0,0,0,0,0,0,0,0,0,0,0,0
"BYUQ",2023,157,2023-07-18,"HL, VM",0,0,1,18,0,0,0,1,NA,1,1,NA,NA,1,NA,1,0,0,1,15.1,NA,NA,98.5203456165759,11,11,5,NA,NA,0.712523921671231,1.71252392167123,NA,0.0101501876971872,NA,NA,0.0101501876971872,0.0173824392408861,0.0909090909090909,NA,NA,0.0909090909090909,0.155683992879203,0.000922744336107928,NA,NA,0.000922744336107928,0.00158022174917147
"CAJTV",2018,468,2018-07-26,NA,0,0,0,0,NA,NA,NA,0,NA,11,1,9.4,277.591126871194,0,1,11,0,0,11,18.1,12.9272727272727,0.00240165233137166,277.591126871194,NA,NA,NA,NA,NA,NA,0,1,0,0.00360242062227015,0.00360242062227015,0,0,0,0.0909090909090909,0.0909090909090909,0,0,0,0.000327492783842741,0.000327492783842741,0,0
"CAJTV",2020,468,2020-07-22,"Aidan, Courtenay",0,0,2,0,0,0,0,0,NA,11,1,8.5,226.980069221863,0,2,11,0,0,11,18.3,13.1083333333333,0.00326744636678201,226.980069221863,11,11,2,1,0,0.290747794353651,0,2,0,0.00881134633034715,0.00881134633034715,0,0,0,0.181818181818182,0.181818181818182,0,0,0,0.000801031484577013,0.000801031484577013,0,0
"CAJTV",2023,468,2023-07-11,"EC MB",0,0,2,0,0,0,0,0,"edge of aspen clearing. 5 stars",1,1,NA,NA,0,NA,1,0,0,1,20,NA,NA,277.591126871194,11,11,3,NA,NA,0.433227018227027,0.433227018227027,NA,0,NA,NA,0,0.00156066594458565,0,NA,NA,0,0.0393842743842752,0,NA,NA,0,0.000141878722235059
"CAKME",2018,401,2018-07-21,NA,NA,0,0,0,NA,NA,NA,2,NA,11,1,3,28.2743338823081,2,1,11,0,2,9,18.3,16.1666666666667,0.0322007777777778,28.2743338823081,NA,NA,NA,NA,NA,NA,2,3,0.0707355302630646,0.0353677651315323,0.106103295394597,0.0707355302630646,0.0707355302630646,0.181818181818182,0.0909090909090909,0.272727272727273,2,0.181818181818182,0.00643050275118769,0.00321525137559385,0.00964575412678153,0.0707355302630646,0.00643050275118769
"CAKME",2020,401,2020-07-22,"Gavin + Ben",0,0,0,0,0,0,5,2,NA,11,1,3,28.2743338823081,2,7,11,0,2,9,18.9,16.8,0.0343244444444444,28.2743338823081,11,11,2,1,0,0.290747794353651,2,9,0.0707355302630646,0.247574355920726,0.318309886183791,0.0707355302630646,0.0707355302630646,0.181818181818182,0.636363636363636,0.818181818181818,2,0.181818181818182,0.00643050275118769,0.0225067596291569,0.0289372623803446,0.0707355302630646,0.00643050275118769
"CAKME",2023,401,2023-07-07,"EC, MB",0,1,1,0,1,0,4,3,"steep, 2/5",1,1,NA,NA,3,NA,1,0,1,0,NA,NA,NA,28.2743338823081,11,11,3,NA,NA,0.433227018227027,3.43322701822703,NA,0.106103295394597,NA,NA,0.106103295394597,0.121425566823884,0.272727272727273,NA,NA,0.272727272727273,0.312111547111548,0.00964575412678153,NA,NA,0.00964575412678153,0.0110386878930804
"CAVWP",2018,391,2018-07-21,NA,0,0,2,0,NA,NA,NA,0,"very red petioles",11,1,8.4,221.670777637296,0,2,11,0,0,11,19.8,17.2818181818182,0.00508314909297052,221.670777637296,NA,NA,NA,NA,NA,NA,0,2,0,0.0090223890641664,0.0090223890641664,0,0,0,0.181818181818182,0.181818181818182,0,0,0,0.000820217187651491,0.000820217187651491,0,0
"CAVWP",2020,391,2020-07-22,"Gavin + Ben",0,0,1,0,1,0,0,0,"Very red petioles",11,1,8.7,237.787147950211,0,8,11,0,0,11,20.5,16.9,0.00465219976218787,237.787147950211,11,11,2,1,0,0.290747794353651,0,8,0,0.0336435340133482,0.0336435340133482,0,0,0,0.727272727272727,0.727272727272727,0,0,0,0.00305850309212256,0.00305850309212256,0,0
"CAVWP",2023,391,2023-07-07,"EC, MB",1,0,0,1,0,0,0,0,NA,1,1,NA,NA,0,NA,1,0,0,1,21.7,NA,NA,221.670777637296,11,11,3,NA,NA,0.433227018227027,0.433227018227027,NA,0,NA,NA,0,0.00195437135577647,0,NA,NA,0,0.0393842743842752,0,NA,NA,0,0.000177670123252407
"CBBE",2018,241,2018-07-08,NA,0,0,1,0,NA,NA,NA,0,NA,11,1,4.9,75.4296396126909,0,1,11,0,0,11,24.9,19.5,0.0185004164931279,75.4296396126909,NA,NA,NA,NA,NA,NA,0,1,0,0.0132573880126527,0.0132573880126527,0,0,0,0.0909090909090909,0.0909090909090909,0,0,0,0.00120521709205933,0.00120521709205933,0,0
"CBBE",2023,241,2023-07-10,"HL, VM",0,0,0,0,0,0,1,0,NA,1,1,NA,NA,0,NA,1,0,0,1,26,NA,NA,75.4296396126909,11,11,5,NA,NA,0.712523921671231,0.712523921671231,NA,0,NA,NA,0,0.00944620609789245,0,NA,NA,0,0.0647749019701119,0,NA,NA,0,0.000858746008899314
"CBLGE01",2018,442,2018-07-24,NA,1,0,0,4,NA,NA,NA,1,"CrestedButte Lake Grant edge. skipping PFZRH due tohomeowner property boundary nearby",11,1,4.2,55.4176944093239,1,1,11,0,1,10,21.6,12.66,0.0116532879818594,55.4176944093239,NA,NA,NA,NA,NA,NA,1,2,0.0180447781283328,0.0180447781283328,0.0360895562566656,0.0180447781283328,0.0180447781283328,0.0909090909090909,0.0909090909090909,0.181818181818182,1,0.0909090909090909,0.00164043437530298,0.00164043437530298,0.00328086875060596,0.0180447781283328,0.00164043437530298
"CBLGE01",2020,442,2020-07-09,"Gavin, Courtenay",1,0,0,4,NA,NA,8,0,"Crested Butte Lake Grant Edge. Skipping PFZRH due to homeowner boundary nearby",11,1,3.2,32.1699087727595,1,4,10,1,0,10,21.3,13.0916666666667,0.02629267578125,32.1699087727595,11,10,2,0.909090909090909,0.0465361826677765,0.290747794353651,1,5,0.0310849498226358,0.124339799290543,0.155424749113179,0,0.0310849498226358,0.0909090909090909,0.363636363636364,0.454545454545455,0,0.0909090909090909,0.00282590452933053,0.0113036181173221,0.0141295226466526,0,0.00282590452933053
"CC01",2018,210,2018-07-03,NA,NA,NA,2,2,NA,NA,NA,0,NA,11,1,6.5,132.732289614169,0,0,11,0,0,11,15.1,14.5636363636364,0.00641330177514793,132.732289614169,NA,NA,NA,NA,NA,NA,0,0,0,0,0,0,0,0,0,0,0,0,0,0,0,0,0
"CC01",2023,210,2023-07-17,"MB, VM",0,0,0,0,2,0,0,0,NA,1,1,NA,NA,0,NA,1,0,0,1,18.1,NA,NA,132.732289614169,11,11,5,NA,NA,0.712523921671231,0.712523921671231,NA,0,NA,NA,0,0.00536812800971356,0,NA,NA,0,0.0647749019701119,0,NA,NA,0,0.000488011637246687
"CCBAH01",2018,366,2018-07-19,NA,1,0,12,3,NA,NA,NA,3,NA,11,1,5.8,105.683176866761,3,2,11,0,3,8,14.8,9.35,0.00243317479191439,105.683176866761,NA,NA,NA,NA,NA,NA,3,5,0.0283867318237625,0.0189244878825084,0.0473112197062709,0.0283867318237625,0.0283867318237625,0.272727272727273,0.181818181818182,0.454545454545455,3,0.272727272727273,0.00258061198397841,0.00172040798931894,0.00430101997329735,0.0283867318237625,0.00258061198397841
"CCBAH01",2020,366,2020-08-07,"Gavin and Aidan",1,0,12,3,3,0,5,3,NA,11,1,5.7,102.070345315132,4,1,10,1,3,7,14.6,10.575,0.00307491535857187,102.070345315132,11,10,2,0.909090909090909,0.0465361826677765,0.290747794353651,4,5,0.0391886594255206,0.00979716485638014,0.0489858242819007,0.0293914945691404,0.0391886594255206,0.363636363636364,0.0909090909090909,0.454545454545455,3,0.363636363636364,0.00356260540232005,0.000890651350580013,0.00445325675290006,0.0293914945691404,0.00356260540232005
"CCBAH01",2023,366,2023-07-19,"VM, MB",0,0,3,7,2,4,4,4,NA,1,1,NA,NA,4,NA,1,0,0,1,14.9,NA,NA,105.683176866761,10,11,3,NA,NA,0.393842743842752,4.39384274384275,NA,0.0378489757650167,NA,NA,0.0378489757650167,0.0415756118817497,0.363636363636364,NA,NA,0.363636363636364,0.39944024944025,0.00344081597863788,NA,NA,0.00344081597863788,0.00377960108015907
"CCRWS01",2018,372,2018-07-19,NA,0,0,1,2,NA,NA,NA,0,NA,9,1,2.75,23.7582944427728,2,1,9,0,0,9,31.4,23.3285714285714,0.0551165619834711,23.7582944427728,NA,NA,NA,NA,NA,NA,2,3,0.0841811269246389,0.0420905634623194,0.126271690386958,0,0.0841811269246389,0.222222222222222,0.111111111111111,0.333333333333333,0,0.222222222222222,0.0093534585471821,0.00467672927359105,0.0140301878207731,0,0.0093534585471821
"CCRWS01",2020,372,2020-08-17,"Ben and Courtenay",0,0,0,1,0,1,1,0,"One medium tree may be >5 cm but too steep to get measurements",9,1,2.75,23.7582944427728,2,2,9,0,0,9,31.3,22.2285714285714,0.0501326280991735,23.7582944427728,9,9,2,1,0,0.237884559016624,2,4,0.0841811269246389,0.0841811269246389,0.168362253849278,0,0.0841811269246389,0.222222222222222,0.222222222222222,0.444444444444444,0,0.222222222222222,0.0093534585471821,0.0093534585471821,0.0187069170943642,0,0.0093534585471821
"CCRWS01",2023,372,2023-07-19,"VM, MB",0,0,0,1,0,1,3,4,NA,1,1,NA,NA,4,NA,1,0,0,1,31.2,NA,NA,23.7582944427728,9,9,3,NA,NA,0.354458469458476,4.35445846945848,NA,0.168362253849278,NA,NA,0.168362253849278,0.183281610552776,0.363636363636364,NA,NA,0.363636363636364,0.395859860859862,0.0153056594408434,NA,NA,0.0153056594408434,0.0166619645957069
"CCTOR01",2018,417,2018-07-24,NA,0,0,0,0,NA,NA,NA,0,"rocky, on ridge",11,1,4.1,52.8101725068444,1,1,11,0,0,11,14.2,13.89,0.0123266508030934,52.8101725068444,NA,NA,NA,NA,NA,NA,1,2,0.0189357457575128,0.0189357457575128,0.0378714915150257,0,0.0189357457575128,0.0909090909090909,0.0909090909090909,0.181818181818182,0,0.0909090909090909,0.00172143143250117,0.00172143143250117,0.00344286286500233,0,0.00172143143250117
"CCTOR01",2020,417,2020-07-31,"Aidan + Courtenay",0,0,1,0,0,1,0,0,"Retagged tree on upslope side. Tied flagging around nail to reduce rattling of reflector. Very windy site",11,1,3.4,36.316811075498,1,1,11,0,0,11,14.2,13.8769230769231,0.0233122837370242,36.316811075498,11,11,2,1,0,0.290747794353651,1,2,0.0275354572823348,0.0275354572823348,0.0550709145646697,0,0.0275354572823348,0.0909090909090909,0.0909090909090909,0.181818181818182,0,0.0909090909090909,0.00250322338930317,0.00250322338930317,0.00500644677860633,0,0.00250322338930317
"CCTOR01",2023,417,2023-07-19,"EC, BW",0,0,1,0,0,1,0,0,"lots of bear sign",11,1,2.6,21.237166338267,1,1,11,0,0,11,15,14.0285714285714,0.044035798816568,21.237166338267,11,11,3,1,0,0.433227018227027,1,2,0.0470872612697915,0.0470872612697915,0.094174522539583,0,0.0470872612697915,0.0909090909090909,0.0909090909090909,0.181818181818182,0,0.0909090909090909,0.00428066011543559,0.00428066011543559,0.00856132023087119,0,0.00428066011543559
"CCZV",2018,252,2018-07-08,NA,0,0,0,0,NA,NA,NA,2,NA,11,1,6.7,141.026094219646,2,0,11,0,2,9,26.6,18.2333333333333,0.00727251058142125,141.026094219646,NA,NA,NA,NA,NA,NA,2,2,0.0141817726078766,0,0.0141817726078766,0.0141817726078766,0.0141817726078766,0.181818181818182,0,0.181818181818182,2,0.181818181818182,0.00128925205526151,0,0.00128925205526151,0.0141817726078766,0.00128925205526151
"CCZV",2023,252,2023-07-12,"EC AB MW",0,0,0,0,0,0,9,1,NA,1,1,NA,NA,1,NA,1,0,0,1,28,NA,NA,141.026094219646,11,11,5,NA,NA,0.712523921671231,1.71252392167123,NA,0.00709088630393831,NA,NA,0.00709088630393831,0.0121433124213453,0.0909090909090909,NA,NA,0.0909090909090909,0.155683992879203,0.000644626027630755,NA,NA,0.000644626027630755,0.00110393749284957
"CEIC",2018,244,2018-07-08,NA,0,0,0,0,NA,NA,NA,0,NA,11,1,8.3,216.424317905801,0,0,11,0,0,11,32,26.1636363636364,0.0112435767165046,216.424317905801,NA,NA,NA,NA,NA,NA,0,0,0,0,0,0,0,0,0,0,0,0,0,0,0,0,0
"CEIC",2023,244,2023-07-10,"HL, VM",0,0,5,0,0,0,1,1,NA,1,1,NA,NA,1,NA,1,0,1,0,NA,NA,NA,216.424317905801,11,11,5,NA,NA,0.712523921671231,1.71252392167123,NA,0.00462055285504123,NA,NA,0.00462055285504123,0.00791280729560442,0.0909090909090909,NA,NA,0.0909090909090909,0.155683992879203,0.000420050259549203,NA,NA,0.000420050259549203,0.00071934611778222
"CFRID",2018,474,2018-07-26,NA,0,0,0,0,NA,NA,NA,2,NA,11,1,3.2,32.1699087727595,2,0,11,0,2,9,30.1,22.3888888888889,0.05013447265625,32.1699087727595,NA,NA,NA,NA,NA,NA,2,2,0.0621698996452716,0,0.0621698996452716,0.0621698996452716,0.0621698996452716,0.181818181818182,0,0.181818181818182,2,0.181818181818182,0.00565180905866106,0,0.00565180905866106,0.0621698996452716,0.00565180905866106
"CFRID",2020,474,2020-07-22,"Aidan, Courtenay",0,0,0,1,1,1,1,2,NA,11,1,3.4,36.316811075498,2,3,11,0,2,9,29.1,21.29,0.0455438581314879,36.316811075498,11,11,2,1,0,0.290747794353651,2,5,0.0550709145646697,0.0826063718470045,0.137677286411674,0.0550709145646697,0.0550709145646697,0.181818181818182,0.272727272727273,0.454545454545455,2,0.181818181818182,0.00500644677860633,0.0075096701679095,0.0125161169465158,0.0550709145646697,0.00500644677860633
"CFRID",2023,474,2023-07-24,"HL, BW",0,0,2,4,0,1,3,3,"checked dendro, looks good",1,1,NA,NA,3,NA,1,0,0,1,30.3,NA,NA,32.1699087727595,11,11,3,NA,NA,0.433227018227027,3.43322701822703,NA,0.0932548494679074,NA,NA,0.0932548494679074,0.106721689591305,0.272727272727273,NA,NA,0.272727272727273,0.312111547111548,0.00847771358799158,NA,NA,0.00847771358799158,0.0097019717810277
"CHXQL",2018,333,2018-07-17,NA,NA,NA,12,0,NA,NA,NA,1,NA,7,1,3.1,30.1907054009979,1,1,7,0,1,6,19.6,17.7333333333333,0.0213642039542144,30.1907054009979,NA,NA,NA,NA,NA,NA,1,2,0.0331227769181884,0.0331227769181884,0.0662455538363768,0.0331227769181884,0.0331227769181884,0.142857142857143,0.142857142857143,0.285714285714286,1,0.142857142857143,0.00473182527402692,0.00473182527402692,0.00946365054805383,0.0331227769181884,0.00473182527402692
"CHXQL",2020,333,2020-07-29,"Gavin + Courtenay + Aidan",0,0,12,0,2,0,4,1,"hole/burrow N of focal",7,1,3.1,30.1907054009979,1,2,7,0,1,6,20.1,17.9333333333333,0.0218645161290323,30.1907054009979,7,7,2,1,0,0.185021323679596,1,3,0.0331227769181884,0.0662455538363768,0.0993683307545652,0.0331227769181884,0.0331227769181884,0.142857142857143,0.285714285714286,0.428571428571429,1,0.142857142857143,0.00473182527402692,0.00946365054805383,0.0141954758220807,0.0331227769181884,0.00473182527402692
"CHXQL",2023,333,2023-07-18,"EC, MB",0,0,7,3,2,0,4,2,"lots of herbivory",1,1,NA,NA,2,NA,1,0,0,1,20.5,NA,NA,30.1907054009979,7,7,3,NA,NA,0.275689920689926,2.27568992068993,NA,0.0662455538363768,NA,NA,0.0662455538363768,0.0753771695779823,0.181818181818182,NA,NA,0.181818181818182,0.206880901880902,0.00602232307603426,NA,NA,0.00602232307603426,0.00685246996163475
"CJLAV",2018,302,2018-07-13,NA,NA,NA,4,0,NA,NA,NA,1,NA,11,1,3.5,38.484510006475,3,1,10,0,1,9,21.3,18.4,0.0231848163265306,38.484510006475,NA,NA,NA,NA,NA,NA,3,4,0.0779534415143977,0.0259844805047992,0.103937922019197,0.0259844805047992,0.0779534415143977,0.272727272727273,0.0909090909090909,0.363636363636364,1,0.272727272727273,0.00708667650130888,0.00236222550043629,0.00944890200174518,0.0259844805047992,0.00708667650130888
"CJLAV",2020,302,2020-08-25,"Ben and Courtenay",0,1,7,0,0,0,1,1,NA,11,1,3.5,38.484510006475,4,1,11,0,1,10,21.8,20.9428571428571,0.0288524081632653,38.484510006475,10,10,2,1,0,0.264316176685138,4,5,0.103937922019197,0.0259844805047992,0.129922402523996,0.0259844805047992,0.103937922019197,0.363636363636364,0.0909090909090909,0.454545454545455,1,0.363636363636364,0.00944890200174518,0.00236222550043629,0.0118111275021815,0.0259844805047992,0.00944890200174518
"CJLAV",2023,302,2023-08-20,"BB, CR",0,1,8,0,0,0,2,2,NA,11,1,3.5,38.484510006475,5,0,11,0,2,9,22.1,23.7,0.0299168979591837,38.484510006475,11,11,3,1,0,0.433227018227027,5,5,0.129922402523996,0,0.129922402523996,0.0519689610095985,0.129922402523996,0.454545454545455,0,0.454545454545455,2,0.454545454545455,0.0118111275021815,0,0.0118111275021815,0.0519689610095985,0.0118111275021815
"CLON",2018,129,2018-06-29,NA,NA,NA,1,0,NA,NA,NA,0,NA,11,1,7,153.9380400259,0,1,11,0,0,11,31.9,28.4090909090909,0.0199381836734694,153.9380400259,NA,NA,NA,NA,NA,NA,0,1,0,0.00649612012619981,0.00649612012619981,0,0,0,0.0909090909090909,0.0909090909090909,0,0,0,0.000590556375109074,0.000590556375109074,0,0
"CLON",2023,129,2023-07-14,"MB HL",1,0,1,0,0,0,8,1,"none",1,1,NA,NA,1,NA,1,0,0,1,32.2,NA,NA,153.9380400259,11,11,5,NA,NA,0.712523921671231,1.71252392167123,NA,0.00649612012619981,NA,NA,0.00649612012619981,0.0111247611141671,0.0909090909090909,NA,NA,0.0909090909090909,0.155683992879203,0.000590556375109074,NA,NA,0.000590556375109074,0.00101134191946974
"CLVU",2018,13,2018-06-22,NA,NA,NA,1,2,NA,NA,NA,1,NA,11,1,4.47,62.7718486521123,1,1,11,0,1,10,24.4,19.43,0.0210865876912451,62.7718486521123,NA,NA,NA,NA,NA,NA,1,2,0.0159307081354589,0.0159307081354589,0.0318614162709178,0.0159307081354589,0.0159307081354589,0.0909090909090909,0.0909090909090909,0.181818181818182,1,0.0909090909090909,0.00144824619413263,0.00144824619413263,0.00289649238826525,0.0159307081354589,0.00144824619413263
"CLVU",2023,13,2023-06-28,"EC CP",0,1,4,3,0,1,4,3,"woodpeckers living in standing dead",1,1,NA,NA,3,NA,1,0,0,1,24.9,NA,NA,62.7718486521123,11,11,5,NA,NA,0.712523921671231,3.71252392167123,NA,0.0477921244063767,NA,NA,0.0477921244063767,0.0591431350420537,0.272727272727273,NA,NA,0.272727272727273,0.337502174697385,0.00434473858239788,NA,NA,0.00434473858239788,0.0053766486401867
"CNXB",2018,160,2018-07-02,NA,NA,NA,7,0,NA,NA,NA,1,NA,11,1,6.5,132.732289614169,1,0,11,0,1,10,29.9,27.12,0.0178543431952663,132.732289614169,NA,NA,NA,NA,NA,NA,1,1,0.00753396180316664,0,0.00753396180316664,0.00753396180316664,0.00753396180316664,0.0909090909090909,0,0.0909090909090909,1,0.0909090909090909,0.000684905618469695,0,0.000684905618469695,0.00753396180316664,0.000684905618469695
"CNXB",2023,160,2023-07-18,"HL, VM",0,0,2,7,0,0,3,0,NA,1,1,NA,NA,0,NA,1,0,0,1,31.2,NA,NA,132.732289614169,11,11,5,NA,NA,0.712523921671231,0.712523921671231,NA,0,NA,NA,0,0.00536812800971356,0,NA,NA,0,0.0647749019701119,0,NA,NA,0,0.000488011637246687
"CQMJX",2018,361,2018-07-19,NA,0,0,1,0,NA,NA,NA,1,"Very pretty nice amphithetaher. very white bark tree",8,1,7.3,167.4154725098,2,1,8,0,1,7,34.2,20.6,0.00526226308875962,167.4154725098,NA,NA,NA,NA,NA,NA,2,3,0.0119463271226793,0.00597316356133966,0.017919490684019,0.00597316356133966,0.0119463271226793,0.25,0.125,0.375,1,0.25,0.00149329089033492,0.000746645445167458,0.00223993633550237,0.00597316356133966,0.00149329089033492
"CQMJX",2020,361,2020-08-03,"Gavin and Aidan",0,0,0,0,0,0,1,1,"Nice Ampitheater",8,1,7,153.9380400259,2,1,8,0,1,7,34.7,20.7666666666667,0.00584102040816327,153.9380400259,8,8,2,1,0,0.21145294134811,2,3,0.0129922402523996,0.00649612012619981,0.0194883603785994,0.00649612012619981,0.0129922402523996,0.25,0.125,0.375,1,0.25,0.00162403003154995,0.000812015015774976,0.00243604504732493,0.00649612012619981,0.00162403003154995
"CQMJX",2023,361,2023-08-18,"BB, EH, KP",0,0,0,0,0,0,1,0,NA,9,1,7.7,186.265028431339,2,1,7,2,0,7,36,20.5714285714286,0.00557298026648676,186.265028431339,8,6,3,0.75,0.0914351865711869,0.315074195074201,2,3,0.0107373886383468,0.0053686943191734,0.0161060829575202,0,0.0107373886383468,0.222222222222222,0.111111111111111,0.333333333333333,0,0.222222222222222,0.00119304318203853,0.000596521591019266,0.0017895647730578,0,0.00119304318203853
"CVHQZ",2018,314,2018-07-14,NA,NA,NA,0,0,NA,NA,NA,1,NA,9,1,3.3,34.2119439975928,4,1,9,0,1,8,17.8,15.12,0.0109965105601469,34.2119439975928,NA,NA,NA,NA,NA,NA,4,5,0.116918231839776,0.0292295579599441,0.14614778979972,0.0292295579599441,0.116918231839776,0.444444444444444,0.111111111111111,0.555555555555556,1,0.444444444444444,0.012990914648864,0.00324772866221601,0.01623864331108,0.0292295579599441,0.012990914648864
"CVHQZ",2020,314,2020-07-15,"Gavin,  Aidan",0,0,0,0,0,0,8,3,NA,10,1,3.1,30.1907054009979,6,1,10,0,3,7,17.7,14.575,0.009330593132154,30.1907054009979,9,9,2,1,0,0.237884559016624,6,7,0.19873666150913,0.0331227769181884,0.231859438427319,0.0993683307545652,0.19873666150913,0.6,0.1,0.7,3,0.6,0.019873666150913,0.00331227769181884,0.0231859438427319,0.0993683307545652,0.019873666150913
"CVHQZ",2023,314,2023-08-19,"bb, cr",0,0,0,0,0,0,0,3,"witch house; check prior year data",10,1,3.8,45.3645979178366,6,0,8,2,2,6,18,15.7,0.00694113573407202,45.3645979178366,10,8,3,0.8,0.0716812169510166,0.393842743842752,6,6,0.132261725561132,0,0.132261725561132,0.0661308627805659,0.132261725561132,0.6,0,0.6,3,0.6,0.0132261725561132,0,0.0132261725561132,0.0661308627805659,0.0132261725561132
"CXBS",2018,24,2018-06-23,NA,NA,NA,3,0,NA,NA,NA,1,NA,11,1,8.8,243.284935093994,1,2,11,0,1,10,8,11.05,0.00252036415289256,243.284935093994,NA,NA,NA,NA,NA,NA,1,3,0.00411040658811713,0.00822081317623426,0.0123312197643514,0.00411040658811713,0.00411040658811713,0.0909090909090909,0.181818181818182,0.272727272727273,1,0.0909090909090909,0.000373673326192466,0.000747346652384933,0.0011210199785774,0.00411040658811713,0.000373673326192466
"CXBS",2023,24,2023-06-28,"EC CP",0,0,1,0,0,0,3,3,"lots of fresh down",1,1,NA,NA,3,NA,1,0,0,1,9.6,NA,NA,243.284935093994,11,11,5,NA,NA,0.712523921671231,3.71252392167123,NA,0.0123312197643514,NA,NA,0.0123312197643514,0.0152599827861799,0.272727272727273,NA,NA,0.272727272727273,0.337502174697385,0.0011210199785774,NA,NA,0.0011210199785774,0.00138727116237999
"CXPWZ",2018,437,2018-07-25,NA,0,0,11,0,NA,NA,NA,1,NA,11,1,5.5,95.0331777710912,1,0,11,0,1,10,20.5,18.06,0.0123457851239669,95.0331777710912,NA,NA,NA,NA,NA,NA,1,1,0.0105226408655799,0,0.0105226408655799,0.0105226408655799,0.0105226408655799,0.0909090909090909,0,0.0909090909090909,1,0.0909090909090909,0.000956603715052714,0,0.000956603715052714,0.0105226408655799,0.000956603715052714
"CXPWZ",2020,437,2020-07-27,"Gavin + Aidan",0,1,9,0,3,0,4,1,"na",11,1,4.8,72.3822947387088,1,1,11,0,1,10,27.6,18.92,0.0179385416666667,72.3822947387088,11,11,2,1,0,0.290747794353651,1,2,0.0138155332545048,0.0138155332545048,0.0276310665090096,0.0138155332545048,0.0138155332545048,0.0909090909090909,0.0909090909090909,0.181818181818182,1,0.0909090909090909,0.00125595756859135,0.00125595756859135,0.00251191513718269,0.0138155332545048,0.00125595756859135
"CXPWZ",2023,437,2023-07-05,"EC, VM, MB",0,0,9,0,10,0,8,0,NA,1,1,NA,NA,0,NA,1,0,0,1,28.1,NA,NA,95.0331777710912,11,11,3,NA,NA,0.433227018227027,0.433227018227027,NA,0,NA,NA,0,0.00455869232606902,0,NA,NA,0,0.0393842743842752,0,NA,NA,0,0.000414426575097184
"CZNV",2018,188,2018-07-03,NA,NA,NA,3,2,NA,NA,NA,0,NA,11,1,7.5,176.714586764426,0,0,11,0,0,11,28.2,23.1818181818182,0.01170176,176.714586764426,NA,NA,NA,NA,NA,NA,0,0,0,0,0,0,0,0,0,0,0,0,0,0,0,0,0
"CZNV",2023,564,2023-07-18,"HL, VM",0,0,6,4,1,0,0,0,NA,1,1,NA,NA,0,NA,1,0,0,1,28.7,NA,NA,176.714586764426,11,11,5,NA,NA,0.712523921671231,0.712523921671231,NA,0,NA,NA,0,0.00403206059396263,0,NA,NA,0,0.0647749019701119,0,NA,NA,0,0.000366550963087512
"CZUE",2018,196,2018-07-03,NA,NA,1,0,0,NA,NA,NA,3,"Lots of cow damage",11,1,2.9,26.4207942166902,3,1,11,0,3,8,11.9,16.45,0.0308271105826397,26.4207942166902,NA,NA,NA,NA,NA,NA,3,4,0.11354692729505,0.0378489757650167,0.151395903060067,0.11354692729505,0.11354692729505,0.272727272727273,0.0909090909090909,0.363636363636364,3,0.272727272727273,0.0103224479359137,0.00344081597863788,0.0137632639145515,0.11354692729505,0.0103224479359137
"CZUE",2023,196,2023-07-17,"MB, VM",0,0,0,0,0,0,2,1,NA,1,1,NA,NA,1,NA,1,0,0,1,12.1,NA,NA,26.4207942166902,11,11,5,NA,NA,0.712523921671231,1.71252392167123,NA,0.0378489757650167,NA,NA,0.0378489757650167,0.0648172764083458,0.0909090909090909,NA,NA,0.0909090909090909,0.155683992879203,0.00344081597863788,NA,NA,0.00344081597863788,0.00589247967348598
"CZUO",2018,104,2018-06-28,NA,NA,NA,3,8,NA,NA,NA,0,NA,11,1,5.1,81.7128249198705,0,0,11,0,0,11,26.4,16.9090909090909,0.0151094194540561,81.7128249198705,NA,NA,NA,NA,NA,NA,0,0,0,0,0,0,0,0,0,0,0,0,0,0,0,0,0
"CZUO",2023,104,2023-07-11,"HZ VM",0,0,5,3,0,0,6,0,NA,1,1,NA,NA,0,NA,1,0,0,1,27.7,NA,NA,81.7128249198705,11,11,5,NA,NA,0.712523921671231,0.712523921671231,NA,0,NA,NA,0,0.00871985422569773,0,NA,NA,0,0.0647749019701119,0,NA,NA,0,0.000792714020517975
"DAZIP",2018,432,2018-07-23,NA,0,0,0,2,NA,NA,NA,0,"near to a fence",11,1,6.2,120.762821603992,0,1,11,0,0,11,19.1,14.6545454545455,0.00703371488033299,120.762821603992,NA,NA,NA,NA,NA,NA,0,1,0,0.0082806942295471,0.0082806942295471,0,0,0,0.0909090909090909,0.0909090909090909,0,0,0,0.000752790384504282,0.000752790384504282,0,0
"DAZIP",2020,432,2020-07-23,"Gavin + Courtenay",0,0,0,2,0,0,4,0,NA,11,1,6.3,124.689812420979,1,3,11,0,0,11,19.5,15.8416666666667,0.0084867472915092,124.689812420979,11,11,2,1,0,0.290747794353651,1,4,0.00801990139037014,0.0240597041711104,0.0320796055614805,0,0.00801990139037014,0.0909090909090909,0.272727272727273,0.363636363636364,0,0.0909090909090909,0.000729081944579103,0.00218724583373731,0.00291632777831641,0,0.000729081944579103
"DAZIP",2023,432,2023-08-13,"BB, CR",0,0,1,2,0,0,2,0,"next to fence; on north side of fence",11,1,5.9,109.358840271461,2,3,9,2,0,9,20,15.1818181818182,0.00868509049123815,109.358840271461,11,9,3,0.818181818181818,0.064701594779344,0.433227018227027,2,5,0.0182884163277099,0.0274326244915648,0.0457210408192747,0,0.0182884163277099,0.181818181818182,0.272727272727273,0.454545454545455,0,0.181818181818182,0.00166258330251908,0.00249387495377862,0.0041564582562977,0,0.00166258330251908
"DBUZY",2018,409,2018-07-23,NA,0,0,19,3,NA,NA,NA,2,NA,11,1,3.6,40.7150407905237,3,0,11,0,2,9,19.5,22.75,0.0324464506172839,40.7150407905237,NA,NA,NA,NA,NA,NA,3,3,0.0736828440240256,0,0.0736828440240256,0.0491218960160171,0.0736828440240256,0.272727272727273,0,0.272727272727273,2,0.272727272727273,0.00669844036582051,0,0.00669844036582051,0.0491218960160171,0.00669844036582051
"DBUZY",2020,409,2020-07-20,"Gavin, Aidan",0,0,13,3,15,1,8,0,NA,11,1,3.4,36.316811075498,2,0,11,0,0,11,19.5,23.2222222222222,0.0425910034602076,36.316811075498,11,11,2,1,0,0.290747794353651,2,2,0.0550709145646697,0,0.0550709145646697,0,0.0550709145646697,0.181818181818182,0,0.181818181818182,0,0.181818181818182,0.00500644677860633,0,0.00500644677860633,0,0.00500644677860633
"DBUZY",2023,409,2023-07-17,"EC, HL",0,0,24,5,1,3,10,3,NA,1,1,NA,NA,3,NA,1,0,0,1,19.8,NA,NA,40.7150407905237,11,11,3,NA,NA,0.433227018227027,3.43322701822703,NA,0.0736828440240256,NA,NA,0.0736828440240256,0.0843233102943642,0.272727272727273,NA,NA,0.272727272727273,0.312111547111548,0.00669844036582051,NA,NA,0.00669844036582051,0.00766575548130583
"DCHZ",2018,165,2018-07-02,NA,NA,NA,7,6,NA,NA,NA,1,NA,11,1,5.97,111.969189607328,1,1,11,0,1,10,29.6,14.97,0.00875839274541328,111.969189607328,NA,NA,NA,NA,NA,NA,1,2,0.00893102829007659,0.00893102829007659,0.0178620565801532,0.00893102829007659,0.00893102829007659,0.0909090909090909,0.0909090909090909,0.181818181818182,1,0.0909090909090909,0.000811911662734235,0.000811911662734235,0.00162382332546847,0.00893102829007659,0.000811911662734235
"DCHZ",2023,165,2023-07-18,"HL, VM",0,0,5,7,0,0,2,1,NA,1,1,NA,NA,1,NA,1,0,0,1,31.4,NA,NA,111.969189607328,11,11,5,NA,NA,0.712523921671231,1.71252392167123,NA,0.00893102829007659,NA,NA,0.00893102829007659,0.0152945995918787,0.0909090909090909,NA,NA,0.0909090909090909,0.155683992879203,0.000811911662734235,NA,NA,0.000811911662734235,0.00139041814471624
"DCTAC01",2018,459,2018-07-24,NA,1,0,15,13,NA,NA,NA,7,"Deer Creek Trail Aspen Cemetery",11,1,4.1,52.8101725068444,7,1,11,0,7,4,28.5,17.325,0.0081760261748959,52.8101725068444,NA,NA,NA,NA,NA,NA,7,8,0.13255022030259,0.0189357457575128,0.151485966060103,0.13255022030259,0.13255022030259,0.636363636363636,0.0909090909090909,0.727272727272727,7,0.636363636363636,0.0120500200275082,0.00172143143250117,0.0137714514600093,0.13255022030259,0.0120500200275082
"DCTAC01",2020,459,2020-08-12,"Gavin and Erin",1,1,14,20,3,3,8,5,"Lots of leafhoppers, trail aspen cementary",11,1,3.8,45.3645979178366,5,3,11,0,5,6,25.3,16.1,0.0140148891966759,45.3645979178366,11,11,2,1,0,0.290747794353651,5,8,0.110218104634277,0.0661308627805659,0.176348967414842,0.110218104634277,0.110218104634277,0.454545454545455,0.272727272727273,0.727272727272727,5,0.454545454545455,0.0100198276940251,0.00601189661641508,0.0160317243104402,0.110218104634277,0.0100198276940251
"DCTAC01",2023,459,2023-06-29,"EC CP",1,1,14,15,3,4,11,3,"Canopy trees mostly dead, but lots of regen",11,1,3.6,40.7150407905237,4,3,9,2,2,7,30.1,12.5428571428571,0.0124029320987654,40.7150407905237,11,9,3,0.818181818181818,0.064701594779344,0.433227018227027,4,7,0.0982437920320341,0.0736828440240256,0.17192663605606,0.0736828440240256,0.0982437920320341,0.363636363636364,0.272727272727273,0.636363636363636,3,0.363636363636364,0.00893125382109401,0.00669844036582051,0.0156296941869145,0.0736828440240256,0.00893125382109401
"DDKJ",2018,261,2018-07-10,NA,NA,NA,4,3,NA,NA,NA,2,NA,11,1,3.6,40.7150407905237,2,1,11,0,2,9,29.1,19.6444444444444,0.0346804012345679,40.7150407905237,NA,NA,NA,NA,NA,NA,2,3,0.0491218960160171,0.0245609480080085,0.0736828440240256,0.0491218960160171,0.0491218960160171,0.181818181818182,0.0909090909090909,0.272727272727273,2,0.181818181818182,0.00446562691054701,0.0022328134552735,0.00669844036582051,0.0491218960160171,0.00446562691054701
"DDKJ",2020,261,2020-08-18,"Courtenay and Erin",0,0,8,4,8,0,4,2,NA,11,1,3.7,43.0084034276443,2,1,11,0,2,9,29.2,20.8777777777778,0.037827392257122,43.0084034276443,11,11,2,1,0,0.290747794353651,2,3,0.0465025399830227,0.0232512699915114,0.0697538099745341,0.0465025399830227,0.0465025399830227,0.181818181818182,0.0909090909090909,0.272727272727273,2,0.181818181818182,0.00422750363482025,0.00211375181741012,0.00634125545223037,0.0465025399830227,0.00422750363482025
"DDKJ",2023,261,2023-07-06,"MB, VM",0,0,9,1,1,1,3,2,"old man bark",1,1,NA,NA,2,NA,1,0,0,1,29.6,NA,NA,40.7150407905237,11,11,3,NA,NA,0.433227018227027,2.43322701822703,NA,0.0491218960160171,NA,NA,0.0491218960160171,0.0597623622863556,0.181818181818182,NA,NA,0.181818181818182,0.221202456202457,0.00446562691054701,NA,NA,0.00446562691054701,0.00543294202603233
"DEGLR",2018,421,2018-07-23,NA,0,0,0,0,NA,NA,NA,1,NA,11,1,11.1,387.075630848798,1,0,11,0,1,10,31.7,28.77,0.00798226604983362,387.075630848798,NA,NA,NA,NA,NA,NA,1,1,0.00258347444350126,0,0.00258347444350126,0.00258347444350126,0.00258347444350126,0.0909090909090909,0,0.0909090909090909,1,0.0909090909090909,0.000234861313045569,0,0.000234861313045569,0.00258347444350126,0.000234861313045569
"DEGLR",2020,421,2020-07-23,"Gavin, Courtenay",0,0,0,0,0,0,0,1,NA,11,1,10.3,333.291564619341,1,1,11,0,1,10,32.2,23.9307692307692,0.00968386275803563,333.291564619341,11,11,2,1,0,0.290747794353651,1,2,0.00300037596553672,0.00300037596553672,0.00600075193107344,0.00300037596553672,0.00300037596553672,0.0909090909090909,0.0909090909090909,0.181818181818182,1,0.0909090909090909,0.000272761451412429,0.000272761451412429,0.000545522902824858,0.00300037596553672,0.000272761451412429
"DEYR",2018,233,2018-07-08,NA,0,0,4,0,NA,NA,NA,0,NA,9,1,11.5,415.47562843725,0,0,9,0,0,9,33,29.6555555555556,0.0061466843100189,415.47562843725,NA,NA,NA,NA,NA,NA,0,0,0,0,0,0,0,0,0,0,0,0,0,0,0,0,0
"DEYR",2023,233,2023-07-10,"HL, VM",0,0,3,0,0,0,5,1,NA,1,1,NA,NA,1,NA,1,0,0,1,33.9,NA,NA,415.47562843725,9,9,5,NA,NA,0.582974117731007,1.58297411773101,NA,0.00240688004675834,NA,NA,0.00240688004675834,0.00381002881850165,0.0909090909090909,NA,NA,0.0909090909090909,0.143906737975546,0.000218807276978031,NA,NA,0.000218807276978031,0.000346366256227423
"DFRLK",2018,315,2018-07-14,NA,NA,NA,0,0,NA,NA,NA,0,NA,4,1,6,113.097335529233,0,0,4,0,0,4,11.8,14.725,0.00295736111111111,113.097335529233,NA,NA,NA,NA,NA,NA,0,0,0,0,0,0,0,0,0,0,0,0,0,0,0,0,0
"DFRLK",2020,315,2020-07-15,"Gavin,  Aiden",0,0,0,0,0,0,5,0,"Large fall event with trees #9, #10",4,1,5.7,102.070345315132,0,0,4,0,0,4,12.2,15.1,0.00345730994152047,102.070345315132,4,4,2,1,0,0.105726470674055,0,0,0,0,0,0,0,0,0,0,0,0,0,0,0,0,0
"DFRLK",2023,315,2023-08-19,"BB, CR",0,0,0,0,0,0,1,0,"large fall event with trees #9, #10",4,1,5.7,102.070345315132,0,0,4,0,0,4,13.2,16.075,0.0038570944906125,102.070345315132,4,4,3,1,0,0.157537097537101,0,0,0,0,0,0,0,0,0,0,0,0,0,0,0,0,0
"DFZI",2018,211,2018-07-06,NA,NA,NA,7,0,NA,NA,NA,0,NA,11,1,9,254.469004940773,0,0,11,0,0,11,43.8,24.1181818181818,0.00892692592592592,254.469004940773,NA,NA,NA,NA,NA,NA,0,0,0,0,0,0,0,0,0,0,0,0,0,0,0,0,0
"DFZI",2023,211,2023-07-10,"HL, VM",0,0,3,3,3,0,4,0,NA,1,1,NA,NA,0,NA,1,0,0,1,46.8,NA,NA,254.469004940773,11,11,5,NA,NA,0.712523921671231,0.712523921671231,NA,0,NA,NA,0,0.00280004207914071,0,NA,NA,0,0.0647749019701119,0,NA,NA,0,0.000254549279921883
"DKWBZ",2018,351,2018-07-18,NA,0,0,18,1,NA,NA,NA,0,NA,11,1,5.3,88.2473376393373,1,0,11,0,0,11,46.3,29.87,0.0413114631541474,88.2473376393373,NA,NA,NA,NA,NA,NA,1,1,0.0113317866209965,0,0.0113317866209965,0,0.0113317866209965,0.0909090909090909,0,0.0909090909090909,0,0.0909090909090909,0.00103016242009059,0,0.00103016242009059,0,0.00103016242009059
"DKWBZ",2020,351,2020-08-03,"Gavin and Aidan",0,0,12,2,3,1,1,0,NA,11,1,5.4,91.6088417786784,1,3,11,0,0,11,47.5,30.35,0.0412797325102881,91.6088417786784,11,11,2,1,0,0.290747794353651,1,4,0.0109159768924482,0.0327479306773447,0.043663907569793,0,0.0109159768924482,0.0909090909090909,0.272727272727273,0.363636363636364,0,0.0909090909090909,0.000992361535677113,0.00297708460703134,0.00396944614270845,0,0.000992361535677113
"DKWBZ",2023,351,2023-08-18,"BB, EH, KP",0,0,9,3,5,0,1,0,"tag backwards; saw grouse",11,1,5.4,91.6088417786784,1,3,10,1,0,10,47.9,31.6545454545455,0.0480414951989026,91.6088417786784,11,10,3,0.909090909090909,0.0312706872849103,0.433227018227027,1,4,0.0109159768924482,0.0327479306773447,0.043663907569793,0,0.0109159768924482,0.0909090909090909,0.272727272727273,0.363636363636364,0,0.0909090909090909,0.000992361535677113,0.00297708460703134,0.00396944614270845,0,0.000992361535677113
"DNNZ",2018,275,2018-07-10,NA,NA,NA,15,4,NA,NA,NA,1,NA,11,1,3.9,47.7836242611007,3,0,11,0,1,10,27.9,19.75,0.0229675213675214,47.7836242611007,NA,NA,NA,NA,NA,NA,3,3,0.0627830150263887,0,0.0627830150263887,0.0209276716754629,0.0627830150263887,0.272727272727273,0,0.272727272727273,1,0.272727272727273,0.00570754682058079,0,0.00570754682058079,0.0209276716754629,0.00570754682058079
"DNNZ",2023,275,2023-07-12,"EC AB MW",0,0,15,9,4,1,6,4,NA,1,1,NA,NA,4,NA,1,0,0,1,28.7,NA,NA,47.7836242611007,11,11,5,NA,NA,0.712523921671231,4.71252392167123,NA,0.0837106867018516,NA,NA,0.0837106867018516,0.0986221533955004,0.363636363636364,NA,NA,0.363636363636364,0.428411265606476,0.00761006242744105,NA,NA,0.00761006242744105,0.00896565030868185
"DNSQI",2018,393,2018-07-21,NA,NA,0,9,0,NA,NA,NA,2,NA,11,1,7.5,176.714586764426,2,3,11,0,2,9,39.8,34.1333333333333,0.0188511644444444,176.714586764426,NA,NA,NA,NA,NA,NA,2,5,0.0113176848420903,0.0169765272631355,0.0282942121052258,0.0113176848420903,0.0113176848420903,0.181818181818182,0.272727272727273,0.454545454545455,2,0.181818181818182,0.00102888044019003,0.00154332066028505,0.00257220110047508,0.0113176848420903,0.00102888044019003
"DNSQI",2020,393,2020-07-22,"Gavin + Ben",0,0,7,0,3,0,10,1,"lots of leaf hoppers. near a lot of cow",11,1,7.6,181.458391671346,2,6,11,0,1,10,40.5,34.7,0.0189747403047091,181.458391671346,11,11,2,1,0,0.290747794353651,2,8,0.0110218104634277,0.033065431390283,0.0440872418537106,0.00551090523171383,0.0110218104634277,0.181818181818182,0.545454545454545,0.727272727272727,1,0.181818181818182,0.00100198276940251,0.00300594830820754,0.00400793107761006,0.00551090523171383,0.00100198276940251
"DNSQI",2023,393,2023-07-07,"EC, MB",1,1,13,2,1,0,8,2,"very open site. 5/5 stars",1,1,NA,NA,2,NA,1,0,0,1,41.5,NA,NA,176.714586764426,11,11,3,NA,NA,0.433227018227027,2.43322701822703,NA,0.0113176848420903,NA,NA,0.0113176848420903,0.0137692482707763,0.181818181818182,NA,NA,0.181818181818182,0.221202456202457,0.00102888044019003,NA,NA,0.00102888044019003,0.00125174984279785
"DPEXK",2018,288,2018-07-12,NA,1,0,3,1,NA,NA,NA,0,NA,11,1,7.2,162.860163162095,1,1,11,0,0,11,29,21.62,0.0111133101851852,162.860163162095,NA,NA,NA,NA,NA,NA,1,2,0.00614023700200213,0.00614023700200213,0.0122804740040043,0,0.00614023700200213,0.0909090909090909,0.0909090909090909,0.181818181818182,0,0.0909090909090909,0.000558203363818376,0.000558203363818376,0.00111640672763675,0,0.000558203363818376
"DPEXK",2020,288,2020-07-05,"Gavin, Nicole, Courtenay, Roxy, Gabe",1,0,1,1,NA,NA,16,0,NA,11,1,5.6,98.5203456165759,2,0,11,0,0,11,27.5,22.13,0.0189057716836735,98.5203456165759,11,11,2,1,0,0.290747794353651,2,2,0.0203003753943744,0,0.0203003753943744,0,0.0203003753943744,0.181818181818182,0,0.181818181818182,0,0.181818181818182,0.00184548867221586,0,0.00184548867221586,0,0.00184548867221586
"DPEXK",2023,288,2023-07-02,"EC, VM, HL",1,1,0,0,0,0,11,4,"lots of down dead",1,1,NA,NA,4,NA,1,0,0,1,30.3,NA,NA,162.860163162095,11,11,3,NA,NA,0.433227018227027,4.43322701822703,NA,0.0245609480080085,NA,NA,0.0245609480080085,0.0272210645755932,0.363636363636364,NA,NA,0.363636363636364,0.403020638020639,0.0022328134552735,NA,NA,0.0022328134552735,0.00247464223414483
"DRCAD01",2018,374,2018-07-20,NA,1,0,14,0,NA,NA,NA,4,"Deer Creek All Dead",11,1,4.9,75.4296396126909,4,3,11,0,4,7,17.8,22.0285714285714,0.0143399416909621,75.4296396126909,NA,NA,NA,NA,NA,NA,4,7,0.0530295520506107,0.039772164037958,0.0928017160885687,0.0530295520506107,0.0530295520506107,0.363636363636364,0.272727272727273,0.636363636363636,4,0.363636363636364,0.00482086836823733,0.003615651276178,0.00843651964441534,0.0530295520506107,0.00482086836823733
"DRCAD01",2020,374,2020-07-10,"Gavin, Courtenay, Aiden",1,0,7,0,NA,NA,25,3,"some seedlings look grazed, nail hole getting big, and tag backwards, made new hole in tag and renailed.",11,1,4.6,66.47610054996,4,7,10,1,3,7,18,22.0285714285714,0.0162570888468809,66.47610054996,11,10,2,0.909090909090909,0.0465361826677765,0.290747794353651,4,11,0.0601720011689586,0.105301002045677,0.165473003214636,0.0451290008767189,0.0601720011689586,0.363636363636364,0.636363636363636,1,3,0.363636363636364,0.00547018192445078,0.00957281836778886,0.0150430002922396,0.0451290008767189,0.00547018192445078
"DRCBB01",2018,381,2018-07-20,NA,1,0,2,0,NA,NA,NA,4,"white bark with many black scars",11,1,4.9,75.4296396126909,5,2,11,0,4,7,18,19,0.00938450645564348,75.4296396126909,NA,NA,NA,NA,NA,NA,5,7,0.0662869400632634,0.0265147760253053,0.0928017160885687,0.0530295520506107,0.0662869400632634,0.454545454545455,0.181818181818182,0.636363636363636,4,0.454545454545455,0.00602608546029667,0.00241043418411867,0.00843651964441534,0.0530295520506107,0.00602608546029667
"DRCBB01",2020,381,2020-08-25,"Ben and Courtenay",1,0,2,0,1,0,0,5,"with many black",11,1,4.9,75.4296396126909,5,3,11,0,5,6,18.1,19.2166666666667,0.00963569346105789,75.4296396126909,11,11,2,1,0,0.290747794353651,5,8,0.0662869400632634,0.039772164037958,0.106059104101221,0.0662869400632634,0.0662869400632634,0.454545454545455,0.272727272727273,0.727272727272727,5,0.454545454545455,0.00602608546029667,0.003615651276178,0.00964173673647467,0.0662869400632634,0.00602608546029667
"DRCRS01",2018,378,2018-07-20,NA,1,0,2,0,NA,NA,NA,6,"really steep",11,1,4.3,58.0880481648753,7,0,11,0,6,5,22.6,16.625,0.00742179556517036,58.0880481648753,NA,NA,NA,NA,NA,NA,7,7,0.120506717322149,0,0.120506717322149,0.103291471990413,0.120506717322149,0.636363636363636,0,0.636363636363636,6,0.636363636363636,0.0109551561201954,0,0.0109551561201954,0.103291471990413,0.0109551561201954
"DRCRS01",2020,378,2020-07-10,"Gavin, Courtenay, Aiden",1,1,7,1,NA,NA,22,3,"really steep",11,1,4.1,52.8101725068444,6,4,8,3,3,5,22.7,16.8833333333333,0.0125880428316478,52.8101725068444,11,8,2,0.727272727272727,0.147197989525015,0.290747794353651,6,10,0.113614474545077,0.0757429830300513,0.189357457575128,0.0568072372725385,0.113614474545077,0.545454545454545,0.363636363636364,0.909090909090909,3,0.545454545454545,0.010328588595007,0.00688572573000467,0.0172143143250117,0.0568072372725385,0.010328588595007
"DRCSA01",2018,290,2018-07-12,NA,1,0,0,0,NA,NA,NA,2,"Very dead looking",11,1,5.4,91.6088417786784,4,5,11,0,2,9,24.1,25.5571428571429,0.0158342592592593,91.6088417786784,NA,NA,NA,NA,NA,NA,4,9,0.043663907569793,0.0545798844622412,0.0982437920320341,0.0218319537848965,0.043663907569793,0.363636363636364,0.454545454545455,0.818181818181818,2,0.363636363636364,0.00396944614270845,0.00496180767838556,0.00893125382109401,0.0218319537848965,0.00396944614270845
"DRCSA01",2020,290,2020-07-06,"Roxy, Nicole, Courtenay, Gabriel, Gavin",1,0,0,0,NA,NA,14,3,"dead looking",11,1,5.4,91.6088417786784,5,6,11,0,3,8,24.3,26.2142857142857,0.0166557956104252,91.6088417786784,11,11,2,1,0,0.290747794353651,5,11,0.0545798844622412,0.0654958613546894,0.120075745816931,0.0327479306773447,0.0545798844622412,0.454545454545455,0.545454545454545,1,3,0.454545454545455,0.00496180767838556,0.00595416921406268,0.0109159768924482,0.0327479306773447,0.00496180767838556
"DRCSA01",2023,290,2023-08-17,"BB, CR",1,0,4,0,0,0,16,0,"dead looking",11,1,4.9,75.4296396126909,6,5,8,3,3,6,24.7,23.88,0.0134743023740108,75.4296396126909,11,8,3,0.727272727272727,0.100703193922606,0.433227018227027,6,11,0.079544328075916,0.0662869400632634,0.145831268139179,0,0.079544328075916,0.545454545454545,0.454545454545455,1,0,0.545454545454545,0.007231302552356,0.00602608546029667,0.0132573880126527,0,0.007231302552356
"DRMD",2018,263,2018-07-10,NA,NA,NA,0,0,NA,NA,NA,2,NA,11,1,4.5,63.6172512351933,2,1,11,0,2,9,24.2,19.8111111111111,0.0184122962962963,63.6172512351933,NA,NA,NA,NA,NA,NA,2,3,0.0314380134502509,0.0157190067251255,0.0471570201753764,0.0314380134502509,0.0314380134502509,0.181818181818182,0.0909090909090909,0.272727272727273,2,0.181818181818182,0.00285800122275009,0.00142900061137504,0.00428700183412513,0.0314380134502509,0.00285800122275009
"DRMD",2023,263,2023-07-06,"VM, MB",0,0,0,0,0,0,4,2,"borderline unhealthy, some surrounding trees with flaky bark",1,1,NA,NA,2,NA,1,0,0,1,24.1,NA,NA,63.6172512351933,11,11,5,NA,NA,0.712523921671231,2.71252392167123,NA,0.0314380134502509,NA,NA,0.0314380134502509,0.0426381817668138,0.181818181818182,NA,NA,0.181818181818182,0.246593083788294,0.00285800122275009,NA,NA,0.00285800122275009,0.00387619834243762
"DVNBJ",2018,470,2018-07-26,NA,0,0,0,0,NA,NA,NA,0,NA,11,1,5.6,98.5203456165759,0,1,11,0,0,11,25,17.3818181818182,0.0141751275510204,98.5203456165759,NA,NA,NA,NA,NA,NA,0,1,0,0.0101501876971872,0.0101501876971872,0,0,0,0.0909090909090909,0.0909090909090909,0,0,0,0.000922744336107928,0.000922744336107928,0,0
"DVNBJ",2020,470,2020-07-22,"Aidan, Courtenay",0,0,0,0,0,0,4,0,NA,11,1,5.9,109.358840271461,0,1,11,0,0,11,25.5,17.3636363636364,0.0127511060040218,109.358840271461,11,11,2,1,0,0.290747794353651,0,1,0,0.00914420816385495,0.00914420816385495,0,0,0,0.0909090909090909,0.0909090909090909,0,0,0,0.00083129165125954,0.00083129165125954,0,0
"DVNBJ",2023,470,2023-07-11,"EC MB",0,0,0,0,0,0,1,2,"right next to stream bed",1,1,NA,NA,2,NA,1,0,0,1,26.4,NA,NA,98.5203456165759,11,11,3,NA,NA,0.433227018227027,2.43322701822703,NA,0.0203003753943744,NA,NA,0.0203003753943744,0.0246977109448715,0.181818181818182,NA,NA,0.181818181818182,0.221202456202457,0.00184548867221586,NA,NA,0.00184548867221586,0.00224524644953377
"DWHUR",2018,363,2018-07-19,NA,NA,NA,1,1,NA,NA,NA,0,NA,10,1,3.9,47.7836242611007,0,3,10,0,0,10,29.3,15.73,0.021309993425378,47.7836242611007,NA,NA,NA,NA,NA,NA,0,3,0,0.0627830150263887,0.0627830150263887,0,0,0,0.3,0.3,0,0,0,0.00627830150263887,0.00627830150263887,0,0
"DWHUR",2020,363,2020-08-07,"Gavin and Aidan",0,0,1,0,0,0,2,0,NA,10,1,4,50.2654824574367,0,3,10,0,0,10,28.7,15.89,0.0204570625,50.2654824574367,10,10,2,1,0,0.264316176685138,0,3,0,0.0596831036594608,0.0596831036594608,0,0,0,0.3,0.3,0,0,0,0.00596831036594607,0.00596831036594607,0,0
"DWHUR",2023,363,2023-07-19,"VM, MB",0,0,0,0,0,0,0,0,NA,1,1,NA,NA,0,NA,1,0,0,1,29.5,NA,NA,47.7836242611007,10,10,3,NA,NA,0.393842743842752,0.393842743842752,NA,0,NA,NA,0,0.00824221163490454,0,NA,NA,0,0.0358038858038865,0,NA,NA,0,0.000749291966809504
"DWLFN",2018,398,2018-07-21,NA,NA,0,3,2,NA,NA,NA,0,NA,11,1,5.5,95.0331777710912,1,2,11,0,0,11,16.3,15.92,0.00919781818181818,95.0331777710912,NA,NA,NA,NA,NA,NA,1,3,0.0105226408655799,0.0210452817311597,0.0315679225967396,0,0.0105226408655799,0.0909090909090909,0.181818181818182,0.272727272727273,0,0.0909090909090909,0.000956603715052714,0.00191320743010543,0.00286981114515814,0,0.000956603715052714
"DWLFN",2020,398,2020-08-04,"Gavin and Nicole",0,1,4,2,0,0,2,1,NA,11,1,5.4,91.6088417786784,2,4,11,0,1,10,16.9,17.2111111111111,0.00971258573388203,91.6088417786784,11,11,2,1,0,0.290747794353651,2,6,0.0218319537848965,0.043663907569793,0.0654958613546894,0.0109159768924482,0.0218319537848965,0.181818181818182,0.363636363636364,0.545454545454545,1,0.181818181818182,0.00198472307135423,0.00396944614270845,0.00595416921406268,0.0109159768924482,0.00198472307135423
"DWLFN",2023,398,2023-07-07,"EC, MB",1,1,2,3,1,0,2,2,NA,1,1,NA,NA,2,NA,1,0,0,1,17.9,NA,NA,95.0331777710912,11,11,3,NA,NA,0.433227018227027,2.43322701822703,NA,0.0210452817311597,NA,NA,0.0210452817311597,0.0256039740572287,0.181818181818182,NA,NA,0.181818181818182,0.221202456202457,0.00191320743010543,NA,NA,0.00191320743010543,0.00232763400520261
"DWPM",2018,28,2018-06-23,NA,NA,NA,8,0,NA,NA,NA,3,NA,11,1,5.3,88.2473376393373,3,0,11,0,3,8,17.1,24.05,0.0167184763260947,88.2473376393373,NA,NA,NA,NA,NA,NA,3,3,0.0339953598629894,0,0.0339953598629894,0.0339953598629894,0.0339953598629894,0.272727272727273,0,0.272727272727273,3,0.272727272727273,0.00309048726027176,0,0.00309048726027176,0.0339953598629894,0.00309048726027176
"DWPM",2023,28,2023-06-28,"EC CP",0,0,17,6,5,0,2,3,"lots of bear sign",1,1,NA,NA,3,NA,1,0,0,1,18.2,NA,NA,88.2473376393373,11,11,5,NA,NA,0.712523921671231,3.71252392167123,NA,0.0339953598629894,NA,NA,0.0339953598629894,0.0420695289057234,0.272727272727273,NA,NA,0.272727272727273,0.337502174697385,0.00309048726027176,NA,NA,0.00309048726027176,0.00382450262779304
"DXLWT",2018,331,2018-07-17,NA,NA,NA,19,4,NA,NA,NA,0,NA,11,1,4.6,66.47610054996,2,0,11,0,0,11,24.9,13.9666666666667,0.0108915406427221,66.47610054996,NA,NA,NA,NA,NA,NA,2,2,0.0300860005844793,0,0.0300860005844793,0,0.0300860005844793,0.181818181818182,0,0.181818181818182,0,0.181818181818182,0.00273509096222539,0,0.00273509096222539,0,0.00273509096222539
"DXLWT",2020,331,2020-07-29,"Gavin + Courtenay + Aidan",0,0,15,7,5,0,7,0,NA,11,1,4.5,63.6172512351933,2,1,11,0,0,11,25.2,13.52,0.0118841481481481,63.6172512351933,11,11,2,1,0,0.290747794353651,2,3,0.0314380134502509,0.0157190067251255,0.0471570201753764,0,0.0314380134502509,0.181818181818182,0.0909090909090909,0.272727272727273,0,0.181818181818182,0.00285800122275009,0.00142900061137504,0.00428700183412513,0,0.00285800122275009
"DXLWT",2023,331,2023-07-18,"EC, MB",0,0,7,17,0,4,5,1,"many medium sized trees with full canopies",1,1,NA,NA,1,NA,1,0,0,1,26.2,NA,NA,66.47610054996,11,11,3,NA,NA,0.433227018227027,1.43322701822703,NA,0.0150430002922396,NA,NA,0.0150430002922396,0.0215600344540349,0.0909090909090909,NA,NA,0.0909090909090909,0.130293365293366,0.00136754548111269,NA,NA,0.00136754548111269,0.00196000313218499
"DXOR",2018,215,2018-07-06,NA,NA,NA,6,0,NA,NA,NA,1,NA,11,1,6.2,120.762821603992,1,1,11,0,1,10,26.2,21.72,0.0146762226847034,120.762821603992,NA,NA,NA,NA,NA,NA,1,2,0.0082806942295471,0.0082806942295471,0.0165613884590942,0.0082806942295471,0.0082806942295471,0.0909090909090909,0.0909090909090909,0.181818181818182,1,0.0909090909090909,0.000752790384504282,0.000752790384504282,0.00150558076900856,0.0082806942295471,0.000752790384504282
"DXOR",2023,215,2023-07-10,"HL, VM",0,0,6,0,0,0,0,2,NA,1,1,NA,NA,2,NA,1,0,0,1,27.2,NA,NA,120.762821603992,11,11,5,NA,NA,0.712523921671231,2.71252392167123,NA,0.0165613884590942,NA,NA,0.0165613884590942,0.0224615811856914,0.181818181818182,NA,NA,0.181818181818182,0.246593083788294,0.00150558076900856,NA,NA,0.00150558076900856,0.00204196192597195
"EBUVG",2018,431,2018-07-23,NA,0,0,15,0,NA,NA,NA,2,NA,11,1,6.5,132.732289614169,2,0,11,0,2,9,19.8,11.7,0.00332901775147929,132.732289614169,NA,NA,NA,NA,NA,NA,2,2,0.0150679236063333,0,0.0150679236063333,0.0150679236063333,0.0150679236063333,0.181818181818182,0,0.181818181818182,2,0.181818181818182,0.00136981123693939,0,0.00136981123693939,0.0150679236063333,0.00136981123693939
"EBUVG",2020,431,2020-07-23,"Gavin + Courtenay",0,0,8,8,11,0,6,2,"na",11,1,6.3,124.689812420979,3,1,10,1,2,8,19.9,14.7,0.0070448223733938,124.689812420979,11,10,2,0.909090909090909,0.0465361826677765,0.290747794353651,3,4,0.0240597041711104,0.00801990139037014,0.0320796055614805,0.0160398027807403,0.0240597041711104,0.272727272727273,0.0909090909090909,0.363636363636364,2,0.272727272727273,0.00218724583373731,0.000729081944579103,0.00291632777831641,0.0160398027807403,0.00218724583373731
"EBUVG",2023,431,2023-08-13,"bb, cr",0,0,8,8,5,1,6,0,"very steep no fun",11,1,6.2,120.762821603992,2,2,9,2,0,9,20.8,14.3076923076923,0.00834188345473465,120.762821603992,10,9,3,0.9,0.0345106034728862,0.393842743842752,2,4,0.0165613884590942,0.0165613884590942,0.0331227769181884,0,0.0165613884590942,0.181818181818182,0.181818181818182,0.363636363636364,0,0.181818181818182,0.00150558076900856,0.00150558076900856,0.00301116153801713,0,0.00150558076900856
"ECGX",2018,202,2018-07-03,NA,NA,1,0,0,NA,NA,NA,3,"Lots of cow damage",10,1,4.4,60.8212337734984,3,0,10,0,3,7,36.4,25.4285714285714,0.0248762396694215,60.8212337734984,NA,NA,NA,NA,NA,NA,3,3,0.0493248790574056,0,0.0493248790574056,0.0493248790574056,0.0493248790574056,0.3,0,0.3,3,0.3,0.00493248790574056,0,0.00493248790574056,0.0493248790574056,0.00493248790574056
"ECGX",2023,202,2023-07-17,"VM, MB",0,0,0,0,0,0,1,4,"borderline healthy; fungal striping and flaky bark",1,1,NA,NA,4,NA,1,0,0,1,42.7,NA,NA,60.8212337734984,10,10,5,NA,NA,0.647749019701119,4.64774901970112,NA,0.0657665054098741,NA,NA,0.0657665054098741,0.0764165527619777,0.363636363636364,NA,NA,0.363636363636364,0.422522638154647,0.00597877321907946,NA,NA,0.00597877321907946,0.00694695934199797
"EECZ",2018,240,2018-07-08,NA,0,0,2,0,NA,NA,NA,1,NA,11,1,5.7,102.070345315132,1,0,11,0,1,10,29.3,23.88,0.018058541089566,102.070345315132,NA,NA,NA,NA,NA,NA,1,1,0.00979716485638014,0,0.00979716485638014,0.00979716485638014,0.00979716485638014,0.0909090909090909,0,0.0909090909090909,1,0.0909090909090909,0.000890651350580013,0,0.000890651350580013,0.00979716485638014,0.000890651350580013
"EECZ",2023,240,2023-07-12,"EC AB MW",0,0,1,0,0,0,1,1,NA,1,1,NA,NA,1,NA,1,0,0,1,30.5,NA,NA,102.070345315132,11,11,5,NA,NA,0.712523921671231,1.71252392167123,NA,0.00979716485638014,NA,NA,0.00979716485638014,0.0167778791811077,0.0909090909090909,NA,NA,0.0909090909090909,0.155683992879203,0.000890651350580013,NA,NA,0.000890651350580013,0.00152526174373706
"EFMD",2018,57,2018-06-26,NA,NA,NA,1,0,NA,NA,NA,0,NA,11,1,5.6,98.5203456165759,1,0,11,0,0,11,29.2,27.27,0.0266463966836735,98.5203456165759,NA,NA,NA,NA,NA,NA,1,1,0.0101501876971872,0,0.0101501876971872,0,0.0101501876971872,0.0909090909090909,0,0.0909090909090909,0,0.0909090909090909,0.000922744336107928,0,0.000922744336107928,0,0.000922744336107928
"EFNK",2018,125,2018-06-29,NA,NA,NA,0,0,NA,NA,NA,1,NA,11,1,6.9,149.57122623741,1,1,11,0,1,10,31.7,29.16,0.0181059441293846,149.57122623741,NA,NA,NA,NA,NA,NA,1,2,0.00668577790766206,0.00668577790766206,0.0133715558153241,0.00668577790766206,0.00668577790766206,0.0909090909090909,0.0909090909090909,0.181818181818182,1,0.0909090909090909,0.000607797991605642,0.000607797991605642,0.00121559598321128,0.00668577790766206,0.000607797991605642
"EFNK",2023,125,2023-07-14,"MB HL",1,0,9,2,0,0,5,0,"none",1,1,NA,NA,0,NA,1,0,0,1,32.1,NA,NA,149.57122623741,11,11,5,NA,NA,0.712523921671231,0.712523921671231,NA,0,NA,NA,0,0.00476377669419025,0,NA,NA,0,0.0647749019701119,0,NA,NA,0,0.00043307060856275
"EHCTY",2018,301,2018-07-13,NA,0,0,3,0,NA,NA,NA,2,"Very wet site. Lots of Veratrum",11,1,7.5,176.714586764426,2,0,11,0,2,9,31.9,28.1444444444444,0.0140729777777778,176.714586764426,NA,NA,NA,NA,NA,NA,2,2,0.0113176848420903,0,0.0113176848420903,0.0113176848420903,0.0113176848420903,0.181818181818182,0,0.181818181818182,2,0.181818181818182,0.00102888044019003,0,0.00102888044019003,0.0113176848420903,0.00102888044019003
"EHCTY",2020,301,2020-08-25,"Ben and Courtenay",0,1,16,0,0,0,3,1,"site. Lots of Veratrum*",11,1,7.3,167.4154725098,2,1,10,1,1,9,32.1,26.51,0.0153767123287671,167.4154725098,11,10,2,0.909090909090909,0.0465361826677765,0.290747794353651,2,3,0.0119463271226793,0.00597316356133966,0.017919490684019,0.00597316356133966,0.0119463271226793,0.181818181818182,0.0909090909090909,0.272727272727273,1,0.181818181818182,0.00108602973842539,0.000543014869212697,0.00162904460763809,0.00597316356133966,0.00108602973842539
"EHCTY",2023,301,2023-08-20,"BB, CR",0,1,2,0,1,0,5,1,"wasp nest next to fallen tree; Lots of veratrum",11,1,7.3,167.4154725098,3,1,8,3,0,8,NA,22.0416666666667,0.0144976355789079,167.4154725098,10,8,3,0.8,0.0716812169510166,0.393842743842752,3,4,0.017919490684019,0.00597316356133966,0.0238926542453587,0.00597316356133966,0.017919490684019,0.272727272727273,0.0909090909090909,0.363636363636364,1,0.272727272727273,0.00162904460763809,0.000543014869212697,0.00217205947685079,0.00597316356133966,0.00162904460763809
"EIQV",2018,174,2018-07-02,NA,NA,NA,6,9,NA,NA,NA,0,NA,11,1,5,78.5398163397448,0,1,11,0,0,11,30.1,19.5363636363636,0.0212546,78.5398163397448,NA,NA,NA,NA,NA,NA,0,1,0,0.0127323954473516,0.0127323954473516,0,0,0,0.0909090909090909,0.0909090909090909,0,0,0,0.00115749049521378,0.00115749049521378,0,0
"EIQV",2023,174,2023-07-18,"HL, VM",0,0,8,11,0,0,0,0,NA,1,1,NA,NA,0,NA,1,0,0,1,31.5,NA,NA,78.5398163397448,11,11,5,NA,NA,0.712523921671231,0.712523921671231,NA,0,NA,NA,0,0.00907213633641591,0,NA,NA,0,0.0647749019701119,0,NA,NA,0,0.000824739666946901
"EKXF",2018,207,2018-07-03,NA,NA,NA,0,0,NA,NA,NA,1,NA,11,1,7.1,158.367685667461,1,1,11,0,1,10,38.7,32.4,0.0226783574687562,158.367685667461,NA,NA,NA,NA,NA,NA,1,2,0.00631441948390777,0.00631441948390777,0.0126288389678155,0.00631441948390777,0.00631441948390777,0.0909090909090909,0.0909090909090909,0.181818181818182,1,0.0909090909090909,0.000574038134900706,0.000574038134900706,0.00114807626980141,0.00631441948390777,0.000574038134900706
"EKXF",2023,207,2023-07-17,"MB, VM",0,0,0,0,0,0,0,2,"lots of flakes",1,1,NA,NA,2,NA,1,0,0,1,41.3,NA,NA,158.367685667461,11,11,5,NA,NA,0.712523921671231,2.71252392167123,NA,0.0126288389678155,NA,NA,0.0126288389678155,0.0171280139015667,0.181818181818182,NA,NA,0.181818181818182,0.246593083788294,0.00114807626980141,NA,NA,0.00114807626980141,0.0015570921728697
"EMSA",2018,74,2018-06-27,NA,NA,NA,12,8,NA,NA,NA,0,NA,11,1,3.9,47.7836242611007,1,2,11,0,0,11,10.3,14.21,0.0191729783037475,47.7836242611007,NA,NA,NA,NA,NA,NA,1,3,0.0209276716754629,0.0418553433509258,0.0627830150263887,0,0.0209276716754629,0.0909090909090909,0.181818181818182,0.272727272727273,0,0.0909090909090909,0.00190251560686026,0.00380503121372053,0.00570754682058079,0,0.00190251560686026
"EMSA",2023,74,2023-07-11,"HL VM",0,0,8,18,1,4,0,1,NA,1,1,NA,NA,1,NA,1,0,0,1,10.5,NA,NA,47.7836242611007,11,11,5,NA,NA,0.712523921671231,1.71252392167123,NA,0.0209276716754629,NA,NA,0.0209276716754629,0.0358391383691117,0.0909090909090909,NA,NA,0.0909090909090909,0.155683992879203,0.00190251560686026,NA,NA,0.00190251560686026,0.00325810348810106
"EOAU",2018,52,2018-06-25,NA,NA,NA,0,2,NA,NA,NA,1,NA,11,1,6.2,120.762821603992,1,0,11,0,1,10,27.2,19.75,0.0131643860561915,120.762821603992,NA,NA,NA,NA,NA,NA,1,1,0.0082806942295471,0,0.0082806942295471,0.0082806942295471,0.0082806942295471,0.0909090909090909,0,0.0909090909090909,1,0.0909090909090909,0.000752790384504282,0,0.000752790384504282,0.0082806942295471,0.000752790384504282
"EQIB",2018,84,2018-06-27,NA,NA,NA,8,12,NA,NA,NA,0,NA,10,1,5.9,109.358840271461,1,0,10,0,0,10,32.4,20.3777777777778,0.0139844297615628,109.358840271461,NA,NA,NA,NA,NA,NA,1,1,0.00914420816385495,0,0.00914420816385495,0,0.00914420816385495,0.1,0,0.1,0,0.1,0.000914420816385495,0,0.000914420816385495,0,0.000914420816385495
"EQIB",2023,84,2023-07-11,"HL VM",0,0,9,12,1,0,1,0,"no medium dead value recorded in the field. Presumed to be 0",1,1,NA,NA,0,NA,1,0,0,1,33.3,NA,NA,109.358840271461,10,10,5,NA,NA,0.647749019701119,0.647749019701119,NA,0,NA,NA,0,0.00592315187408001,0,NA,NA,0,0.0588862745182836,0,NA,NA,0,0.000538468352189092
"ERNAK",2018,477,2018-07-26,NA,0,0,6,3,NA,NA,NA,3,NA,11,1,7.7,186.265028431339,3,2,11,0,3,8,20.4,18.525,0.00581065947039973,186.265028431339,NA,NA,NA,NA,NA,NA,3,5,0.0161060829575202,0.0107373886383468,0.026843471595867,0.0161060829575202,0.0161060829575202,0.272727272727273,0.181818181818182,0.454545454545455,3,0.272727272727273,0.00146418935977456,0.000976126239849708,0.00244031559962427,0.0161060829575202,0.00146418935977456
"ERNAK",2020,477,2020-07-22,"Aidan, Courtenay",0,0,2,4,1,0,1,1,"Removed and renailed tag bc nail was short",11,1,7,153.9380400259,2,2,10,1,1,9,21.1,15.0066666666667,0.00933932653061225,153.9380400259,11,10,2,0.909090909090909,0.0465361826677765,0.290747794353651,2,4,0.0129922402523996,0.0129922402523996,0.0259844805047992,0.00649612012619981,0.0129922402523996,0.181818181818182,0.181818181818182,0.363636363636364,1,0.181818181818182,0.00118111275021815,0.00118111275021815,0.00236222550043629,0.00649612012619981,0.00118111275021815
"ERNAK",2023,477,2023-07-11,"EC MB",0,0,0,5,0,0,1,0,"Dense understory. Catkins! Lots of seeding",11,1,6.2,120.762821603992,2,1,9,2,0,9,22.5,15.1266666666667,0.0126848855359001,120.762821603992,10,9,3,0.9,0.0345106034728862,0.393842743842752,2,3,0.0165613884590942,0.0082806942295471,0.0248420826886413,0,0.0165613884590942,0.181818181818182,0.0909090909090909,0.272727272727273,0,0.181818181818182,0.00150558076900856,0.000752790384504282,0.00225837115351285,0,0.00150558076900856
"EXFO",2018,112,2018-06-28,NA,NA,NA,0,0,NA,NA,NA,1,NA,11,1,4.3,58.0880481648753,1,1,11,0,1,10,19.3,25.42,0.036336073553272,58.0880481648753,NA,NA,NA,NA,NA,NA,1,2,0.0172152453317356,0.0172152453317356,0.0344304906634711,0.0172152453317356,0.0172152453317356,0.0909090909090909,0.0909090909090909,0.181818181818182,1,0.0909090909090909,0.00156502230288505,0.00156502230288505,0.0031300446057701,0.0172152453317356,0.00156502230288505
"EXFO",2023,553,2023-07-14,"MB HL",1,0,0,0,0,0,5,3,"some trees with flaky bark, lots of orange striping",1,1,NA,NA,3,NA,1,0,0,1,19.4,NA,NA,58.0880481648753,11,11,5,NA,NA,0.712523921671231,3.71252392167123,NA,0.0516457359952067,NA,NA,0.0516457359952067,0.0639120101115073,0.272727272727273,NA,NA,0.272727272727273,0.337502174697385,0.00469506690865516,NA,NA,0.00469506690865516,0.00581018273740976
"EXIMR",2018,309,2018-07-14,NA,1,1,16,17,NA,NA,NA,1,NA,11,1,4.9,75.4296396126909,1,0,11,0,1,10,19.8,20.16,0.0182432319866722,75.4296396126909,NA,NA,NA,NA,NA,NA,1,1,0.0132573880126527,0,0.0132573880126527,0.0132573880126527,0.0132573880126527,0.0909090909090909,0,0.0909090909090909,1,0.0909090909090909,0.00120521709205933,0,0.00120521709205933,0.0132573880126527,0.00120521709205933
"EXIMR",2020,309,2020-07-13,"Gavin, Courtenay, Aidan",1,1,14,20,1,0,8,1,NA,11,1,4.9,75.4296396126909,1,1,11,0,1,10,20.3,20.41,0.0187794668887963,75.4296396126909,11,11,2,1,0,0.290747794353651,1,2,0.0132573880126527,0.0132573880126527,0.0265147760253053,0.0132573880126527,0.0132573880126527,0.0909090909090909,0.0909090909090909,0.181818181818182,1,0.0909090909090909,0.00120521709205933,0.00120521709205933,0.00241043418411867,0.0132573880126527,0.00120521709205933
"EXIMR",2023,309,2023-07-13,"EC MB",1,1,20,20,2,4,8,1,"good regen",1,1,NA,NA,1,NA,1,0,0,1,21.1,NA,NA,75.4296396126909,11,11,3,NA,NA,0.433227018227027,1.43322701822703,NA,0.0132573880126527,NA,NA,0.0132573880126527,0.0190008466908529,0.0909090909090909,NA,NA,0.0909090909090909,0.130293365293366,0.00120521709205933,NA,NA,0.00120521709205933,0.00172734969916845
"EYFLW",2018,485,2018-07-27,NA,0,0,12,0,NA,NA,NA,0,NA,11,1,5.1,81.7128249198705,0,0,11,0,0,11,31.5,20.6818181818182,0.0227521337946943,81.7128249198705,NA,NA,NA,NA,NA,NA,0,0,0,0,0,0,0,0,0,0,0,0,0,0,0,0,0
"EYFLW",2020,485,2020-08-16,"Courtenay and Erin",0,0,20,2,5,0,2,0,NA,11,1,4.2,55.4176944093239,0,3,11,0,0,11,31.5,18.8714285714286,0.0374150793650794,55.4176944093239,11,11,2,1,0,0.290747794353651,0,3,0,0.0541343343849984,0.0541343343849984,0,0,0,0.272727272727273,0.272727272727273,0,0,0,0.00492130312590895,0.00492130312590895,0,0
"EYFLW",2023,485,2023-07-03,"EC, VM",1,1,12,4,11,0,4,1,"steep! first patch above road",1,1,NA,NA,1,NA,1,0,0,1,32,NA,NA,81.7128249198705,11,11,3,NA,NA,0.433227018227027,1.43322701822703,NA,0.012237981014371,NA,NA,0.012237981014371,0.017539805038346,0.0909090909090909,NA,NA,0.0909090909090909,0.130293365293366,0.00111254372857919,NA,NA,0.00111254372857919,0.00159452773075872
"FAMLP",2018,364,2018-07-19,NA,0,0,2,0,NA,NA,NA,0,"Nice seep beneath site with good riparian vegetation",11,1,9.4,277.591126871194,0,0,11,0,0,11,11.8,10.5272727272727,0.00147315527387958,277.591126871194,NA,NA,NA,NA,NA,NA,0,0,0,0,0,0,0,0,0,0,0,0,0,0,0,0,0
"FAMLP",2020,364,2020-08-07,"Gavin and Aidan",0,0,2,1,0,0,2,0,"beneath sit with",11,1,8.8,243.284935093994,0,0,11,0,0,11,12.1,10.35,0.00179369834710744,243.284935093994,11,11,2,1,0,0.290747794353651,0,0,0,0,0,0,0,0,0,0,0,0,0,0,0,0,0
"FAMLP",2023,364,2023-07-19,"VM, MB",0,0,0,0,0,0,1,0,NA,1,1,NA,NA,0,NA,1,0,0,1,13.5,NA,NA,277.591126871194,11,11,3,NA,NA,0.433227018227027,0.433227018227027,NA,0,NA,NA,0,0.00156066594458565,0,NA,NA,0,0.0393842743842752,0,NA,NA,0,0.000141878722235059
"FBFZ",2018,279,2018-07-11,NA,NA,NA,2,0,NA,NA,NA,0,NA,11,1,2.9,26.4207942166902,0,1,11,0,0,11,23,21.6,0.0658649227110583,26.4207942166902,NA,NA,NA,NA,NA,NA,0,1,0,0.0378489757650167,0.0378489757650167,0,0,0,0.0909090909090909,0.0909090909090909,0,0,0,0.00344081597863788,0.00344081597863788,0,0
"FBFZ",2023,279,2023-07-06,"VM, MB",0,0,13,0,0,0,3,1,"none",1,1,NA,NA,1,NA,1,0,0,1,24,NA,NA,26.4207942166902,11,11,5,NA,NA,0.712523921671231,1.71252392167123,NA,0.0378489757650167,NA,NA,0.0378489757650167,0.0648172764083458,0.0909090909090909,NA,NA,0.0909090909090909,0.155683992879203,0.00344081597863788,NA,NA,0.00344081597863788,0.00589247967348598
"FBPJG",2018,388,2018-07-21,NA,NA,NA,2,0,NA,NA,NA,1,NA,11,1,6.6,136.847775990371,1,0,11,0,1,10,33.3,23.44,0.0146008723599633,136.847775990371,NA,NA,NA,NA,NA,NA,1,1,0.00730738948998601,0,0.00730738948998601,0.00730738948998601,0.00730738948998601,0.0909090909090909,0,0.0909090909090909,1,0.0909090909090909,0.000664308135453274,0,0.000664308135453274,0.00730738948998601,0.000664308135453274
"FBPJG",2020,388,2020-07-22,"Gavin + Ben",0,0,4,1,0,0,1,1,NA,11,1,6.6,136.847775990371,1,2,11,0,1,10,24,24.17,0.0153780303030303,136.847775990371,11,11,2,1,0,0.290747794353651,1,3,0.00730738948998601,0.014614778979972,0.021922168469958,0.00730738948998601,0.00730738948998601,0.0909090909090909,0.181818181818182,0.272727272727273,1,0.0909090909090909,0.000664308135453274,0.00132861627090655,0.00199292440635982,0.00730738948998601,0.000664308135453274
"FBPJG",2023,550,2023-07-11,"EC MB",0,0,1,1,1,0,0,1,"at clearing edge, very open",1,1,NA,NA,1,NA,1,0,0,1,24.8,NA,NA,136.847775990371,11,11,3,NA,NA,0.433227018227027,1.43322701822703,NA,0.00730738948998601,NA,NA,0.00730738948998601,0.0104731480497562,0.0909090909090909,NA,NA,0.0909090909090909,0.130293365293366,0.000664308135453274,NA,NA,0.000664308135453274,0.000952104368159652
"FDHW",2018,105,2018-06-28,NA,NA,NA,1,0,NA,NA,NA,0,NA,11,1,5.4,91.6088417786784,0,1,11,0,0,11,33.8,28.3818181818182,0.0339196159122085,91.6088417786784,NA,NA,NA,NA,NA,NA,0,1,0,0.0109159768924482,0.0109159768924482,0,0,0,0.0909090909090909,0.0909090909090909,0,0,0,0.000992361535677113,0.000992361535677113,0,0
"FDHW",2023,105,2023-07-11,"HL VM",0,0,10,4,0,0,1,1,NA,1,1,NA,NA,1,NA,1,0,0,1,34.8,NA,NA,91.6088417786784,11,11,5,NA,NA,0.712523921671231,1.71252392167123,NA,0.0109159768924482,NA,NA,0.0109159768924482,0.018693871556728,0.0909090909090909,NA,NA,0.0909090909090909,0.155683992879203,0.000992361535677113,NA,NA,0.000992361535677113,0.00169944286879345
"FGWLJ",2018,430,2018-07-23,NA,0,0,6,0,NA,NA,NA,1,NA,11,1,5.4,91.6088417786784,1,0,11,0,1,10,21.8,20.48,0.0146065157750343,91.6088417786784,NA,NA,NA,NA,NA,NA,1,1,0.0109159768924482,0,0.0109159768924482,0.0109159768924482,0.0109159768924482,0.0909090909090909,0,0.0909090909090909,1,0.0909090909090909,0.000992361535677113,0,0.000992361535677113,0.0109159768924482,0.000992361535677113
"FGWLJ",2020,430,2020-07-20,"Gavin, Aidan",0,0,7,1,2,0,2,0,NA,11,1,5.6,98.5203456165759,1,1,10,1,0,10,21.8,20.9454545454545,0.015619387755102,98.5203456165759,11,10,2,0.909090909090909,0.0465361826677765,0.290747794353651,1,2,0.0101501876971872,0.0101501876971872,0.0203003753943744,0,0.0101501876971872,0.0909090909090909,0.0909090909090909,0.181818181818182,0,0.0909090909090909,0.000922744336107928,0.000922744336107928,0.00184548867221586,0,0.000922744336107928
"FGWLJ",2023,430,2023-08-13,"BB, CR",0,0,9,1,2,0,2,0,"nice, short canopy",11,1,5.6,98.5203456165759,1,1,10,1,0,10,21.5,21.1833333333333,0.0174125637755102,98.5203456165759,10,10,3,1,0,0.393842743842752,1,2,0.0101501876971872,0.0101501876971872,0.0203003753943744,0,0.0101501876971872,0.0909090909090909,0.0909090909090909,0.181818181818182,0,0.0909090909090909,0.000922744336107928,0.000922744336107928,0.00184548867221586,0,0.000922744336107928
"FJCT",2018,88,2018-06-27,NA,NA,NA,0,0,NA,NA,NA,0,NA,11,1,6.4,128.679635091038,0,0,11,0,0,11,24.8,25.1545454545455,0.0193835693359375,128.679635091038,NA,NA,NA,NA,NA,NA,0,0,0,0,0,0,0,0,0,0,0,0,0,0,0,0,0
"FJCT",2023,88,2023-07-14,"MB, HL",0,0,26,10,4,0,9,2,"flashing and tag were nailed super close to tree. Left oozing would. Pulled out and renailed",1,1,NA,NA,2,NA,1,0,0,1,26.7,NA,NA,128.679635091038,11,11,5,NA,NA,0.712523921671231,2.71252392167123,NA,0.0155424749113179,NA,NA,0.0155424749113179,0.0210796674994624,0.181818181818182,NA,NA,0.181818181818182,0.246593083788294,0.00141295226466526,NA,NA,0.00141295226466526,0.00191633340904203
"FJPN",2018,62,2018-06-26,NA,NA,NA,9,0,NA,NA,NA,1,NA,11,1,7.5,176.714586764426,1,0,11,0,1,10,8.8,17.91,0.00687251555555555,176.714586764426,NA,NA,NA,NA,NA,NA,1,1,0.00565884242104517,0,0.00565884242104517,0.00565884242104517,0.00565884242104517,0.0909090909090909,0,0.0909090909090909,1,0.0909090909090909,0.000514440220095015,0,0.000514440220095015,0.00565884242104517,0.000514440220095015
"FLOA",2018,182,2018-07-03,NA,NA,NA,5,1,NA,NA,NA,0,NA,11,1,4.7,69.3977817177985,0,1,11,0,0,11,21.5,23.7454545454545,0.0330050701674966,69.3977817177985,NA,NA,NA,NA,NA,NA,0,1,0,0.0144096824890806,0.0144096824890806,0,0,0,0.0909090909090909,0.0909090909090909,0,0,0,0.00130997113537096,0.00130997113537096,0,0
"FLOA",2023,182,2023-07-17,"MB, VM",0,0,2,3,0,0,2,2,NA,1,1,NA,NA,2,NA,1,0,0,1,22.3,NA,NA,69.3977817177985,11,11,5,NA,NA,0.712523921671231,2.71252392167123,NA,0.0288193649781612,NA,NA,0.0288193649781612,0.0390866084553182,0.181818181818182,NA,NA,0.181818181818182,0.246593083788294,0.00261994227074193,NA,NA,0.00261994227074193,0.00355332804139256
"FLVQR",2018,449,2018-07-25,NA,0,0,15,0,NA,NA,NA,1,NA,11,1,5.8,105.683176866761,1,0,11,0,1,10,10.7,11.79,0.00531697384066587,105.683176866761,NA,NA,NA,NA,NA,NA,1,1,0.00946224394125418,0,0.00946224394125418,0.00946224394125418,0.00946224394125418,0.0909090909090909,0,0.0909090909090909,1,0.0909090909090909,0.000860203994659471,0,0.000860203994659471,0.00946224394125418,0.000860203994659471
"FLVQR",2020,449,2020-07-28,"Gavin + Nicole",0,0,14,2,5,1,2,1,NA,11,1,6.3,124.689812420979,1,0,11,0,1,10,18.2,12.95,0.00528815822625347,124.689812420979,11,11,2,1,0,0.290747794353651,1,1,0.00801990139037014,0,0.00801990139037014,0.00801990139037014,0.00801990139037014,0.0909090909090909,0,0.0909090909090909,1,0.0909090909090909,0.000729081944579103,0,0.000729081944579103,0.00801990139037014,0.000729081944579103
"FLVQR",2023,449,2023-07-25,"HL, VM",0,0,22,0,3,0,1,1,NA,1,1,NA,NA,1,NA,1,0,0,1,19,NA,NA,105.683176866761,11,11,3,NA,NA,0.433227018227027,1.43322701822703,NA,0.00946224394125418,NA,NA,0.00946224394125418,0.0135615436696605,0.0909090909090909,NA,NA,0.0909090909090909,0.130293365293366,0.000860203994659471,NA,NA,0.000860203994659471,0.00123286760633277
"FOASS01",2018,496,2018-08-08,NA,0,0,9,0,NA,NA,NA,0,"Face of Avery steep slope",9,1,5.9,109.358840271461,0,0,9,0,0,9,22.4,21.0555555555556,0.012751881643206,109.358840271461,NA,NA,NA,NA,NA,NA,0,0,0,0,0,0,0,0,0,0,0,0,0,0,0,0,0
"FOASS01",2020,496,2020-08-14,"Ben and Erin",0,0,13,1,2,0,5,0,"avery steep",9,1,5.2,84.948665353068,0,0,9,0,0,9,22.7,21.7666666666667,0.0174791050295858,84.948665353068,9,9,2,1,0,0.237884559016624,0,0,0,0,0,0,0,0,0,0,0,0,0,0,0,0,0
"FOASS01",2023,496,2023-06-26,"EC CP",1,0,4,6,0,0,0,0,"sooty bark mortality nearby",1,1,NA,NA,0,NA,1,0,0,1,23.4,NA,NA,109.358840271461,9,9,3,NA,NA,0.354458469458476,0.354458469458476,NA,0,NA,NA,0,0.00324124203016973,0,NA,NA,0,0.0322234972234979,0,NA,NA,0,0.000294658366379066
"FOIQ",2018,119,2018-06-29,NA,NA,NA,5,2,NA,NA,NA,0,NA,11,1,4.7,69.3977817177985,0,0,11,0,0,11,11.4,17.2,0.0188523313716614,69.3977817177985,NA,NA,NA,NA,NA,NA,0,0,0,0,0,0,0,0,0,0,0,0,0,0,0,0,0
"FOIQ",2023,119,2023-07-11,"HL VM",0,0,2,4,0,0,1,0,NA,1,1,NA,NA,0,NA,1,0,0,1,12.4,NA,NA,69.3977817177985,11,11,5,NA,NA,0.712523921671231,0.712523921671231,NA,0,NA,NA,0,0.010267243477157,0,NA,NA,0,0.0647749019701119,0,NA,NA,0,0.000933385770650635
"FOOOT01",2018,499,2018-08-08,NA,0,0,0,0,NA,NA,NA,0,"401 off trail",11,1,4.7,69.3977817177985,2,0,11,0,0,11,24.2,18.8888888888889,0.0175165233137166,69.3977817177985,NA,NA,NA,NA,NA,NA,2,2,0.0288193649781612,0,0.0288193649781612,0,0.0288193649781612,0.181818181818182,0,0.181818181818182,0,0.181818181818182,0.00261994227074193,0,0.00261994227074193,0,0.00261994227074193
"FOOOT01",2020,499,2020-08-14,"Ben and Erin",0,0,2,0,0,0,15,0,"401 off trail*",11,1,4.3,58.0880481648753,3,0,8,3,0,8,24.1,18.88,0.0229967550027042,58.0880481648753,11,8,2,0.727272727272727,0.147197989525015,0.290747794353651,3,3,0.0516457359952067,0,0.0516457359952067,0,0.0516457359952067,0.272727272727273,0,0.272727272727273,0,0.272727272727273,0.00469506690865516,0,0.00469506690865516,0,0.00469506690865516
"FOOOT01",2023,499,2023-06-26,"EC CP",0,0,6,0,0,0,13,0,NA,1,1,NA,NA,0,NA,1,0,0,1,25.1,NA,NA,69.3977817177985,8,11,3,NA,NA,0.315074195074201,0.315074195074201,NA,0,NA,NA,0,0.00454011911152189,0,NA,NA,0,0.0286431086431092,0,NA,NA,0,0.000412738101047444
"FOWCL",2018,345,2018-07-18,NA,0,0,0,0,NA,NA,NA,3,"in dense conifer grove",5,1,1.8,10.1787601976309,3,0,5,0,3,2,28.2,26.75,0.0443003086419753,10.1787601976309,NA,NA,NA,NA,NA,NA,3,3,0.294731376096102,0,0.294731376096102,0.294731376096102,0.294731376096102,0.6,0,0.6,3,0.6,0.0589462752192205,0,0.0589462752192205,0.294731376096102,0.0589462752192205
"FOWCL",2020,345,2020-07-31,"Ben + Gavin",0,0,0,0,0,0,4,3,NA,5,1,1.9,11.3411494794592,3,2,5,0,3,2,28.2,26.45,0.0389288088642659,11.3411494794592,5,5,2,1,0,0.132158088342569,3,5,0.264523451122264,0.176348967414842,0.440872418537106,0.264523451122264,0.264523451122264,0.6,0.4,1,3,0.6,0.0529046902244527,0.0352697934829685,0.0881744837074212,0.264523451122264,0.0529046902244527
"FOWCL",2023,345,2023-07-28,"HL, VM",0,0,0,0,0,0,3,6,NA,1,1,NA,NA,6,NA,1,0,0,1,29,NA,NA,10.1787601976309,5,5,3,NA,NA,0.196921371921376,6.19692137192138,NA,0.589462752192205,NA,NA,0.589462752192205,0.608809054501911,0.545454545454545,NA,NA,0.545454545454545,0.563356488356489,0.0535875229265641,NA,NA,0.0535875229265641,0.0553462776819919
"FOZN",2018,236,2018-07-08,NA,0,0,0,0,NA,NA,NA,0,NA,11,1,5.6,98.5203456165759,0,0,11,0,0,11,26.1,25.4090909090909,0.0230655293367347,98.5203456165759,NA,NA,NA,NA,NA,NA,0,0,0,0,0,0,0,0,0,0,0,0,0,0,0,0,0
"FOZN",2023,236,2023-07-10,"HL, VM",0,0,0,0,0,0,0,0,NA,1,1,NA,NA,0,NA,1,0,0,1,26.5,NA,NA,98.5203456165759,11,11,5,NA,NA,0.712523921671231,0.712523921671231,NA,0,NA,NA,0,0.00723225154369891,0,NA,NA,0,0.0647749019701119,0,NA,NA,0,0.000657477413063537
"FPLA",2018,133,2018-07-01,NA,NA,NA,2,3,NA,NA,NA,0,NA,11,1,5.5,95.0331777710912,0,0,11,0,0,11,29.5,26.1454545454545,0.0263008925619835,95.0331777710912,NA,NA,NA,NA,NA,NA,0,0,0,0,0,0,0,0,0,0,0,0,0,0,0,0,0
"FPLA",2023,133,2023-07-11,"HL VM",0,0,5,1,0,0,0,2,NA,1,1,NA,NA,2,NA,0,0,0,0,NA,NA,NA,95.0331777710912,11,11,5,NA,NA,0.712523921671231,2.71252392167123,NA,0.0210452817311597,NA,NA,0.0210452817311597,0.0285429150670406,0.181818181818182,NA,NA,0.181818181818182,0.246593083788294,0.00191320743010543,NA,NA,0.00191320743010543,0.00259481046064006
"FQPU",2018,156,2018-07-02,NA,NA,NA,4,10,NA,NA,NA,0,NA,11,1,5.4,91.6088417786784,0,1,11,0,0,11,10.4,16.7090909090909,0.0125535665294925,91.6088417786784,NA,NA,NA,NA,NA,NA,0,1,0,0.0109159768924482,0.0109159768924482,0,0,0,0.0909090909090909,0.0909090909090909,0,0,0,0.000992361535677113,0.000992361535677113,0,0
"FQPU",2023,156,2023-07-18,"HL, VM",0,0,0,16,0,0,1,1,NA,1,1,NA,NA,1,NA,1,0,0,1,10.9,NA,NA,91.6088417786784,11,11,5,NA,NA,0.712523921671231,1.71252392167123,NA,0.0109159768924482,NA,NA,0.0109159768924482,0.018693871556728,0.0909090909090909,NA,NA,0.0909090909090909,0.155683992879203,0.000992361535677113,NA,NA,0.000992361535677113,0.00169944286879345
"FSCP",2018,280,2018-07-11,NA,NA,NA,31,0,NA,NA,NA,2,NA,11,1,6,113.097335529233,2,0,11,0,2,9,30.2,31.8444444444444,0.027706,113.097335529233,NA,NA,NA,NA,NA,NA,2,2,0.0176838825657662,0,0.0176838825657662,0.0176838825657662,0.0176838825657662,0.181818181818182,0,0.181818181818182,2,0.181818181818182,0.00160762568779692,0,0.00160762568779692,0.0176838825657662,0.00160762568779692
"FSCP",2023,280,2023-07-06,"VM, MB",0,0,59,0,26,0,6,1,"none",1,1,NA,NA,1,NA,1,0,0,1,31.4,NA,NA,113.097335529233,11,11,5,NA,NA,0.712523921671231,1.71252392167123,NA,0.00884194128288308,NA,NA,0.00884194128288308,0.0151420359609497,0.0909090909090909,NA,NA,0.0909090909090909,0.155683992879203,0.000803812843898461,NA,NA,0.000803812843898461,0.0013765487237227
"FSPC",2018,78,2018-06-27,NA,NA,NA,22,5,NA,NA,NA,2,NA,11,1,5.8,105.683176866761,2,0,11,0,2,9,35.7,24.5444444444444,0.0181747027348395,105.683176866761,NA,NA,NA,NA,NA,NA,2,2,0.0189244878825084,0,0.0189244878825084,0.0189244878825084,0.0189244878825084,0.181818181818182,0,0.181818181818182,2,0.181818181818182,0.00172040798931894,0,0.00172040798931894,0.0189244878825084,0.00172040798931894
"FSPC",2023,78,2023-07-11,"HL VM",0,0,10,8,1,2,3,0,NA,1,1,NA,NA,0,NA,1,0,0,1,36.4,NA,NA,105.683176866761,11,11,5,NA,NA,0.712523921671231,0.712523921671231,NA,0,NA,NA,0,0.00674207516083228,0,NA,NA,0,0.0647749019701119,0,NA,NA,0,0.000612915923712025
"FSUW",2018,108,2018-06-28,NA,NA,NA,6,0,NA,NA,NA,2,NA,11,1,6,113.097335529233,3,0,11,0,2,9,29.6,23.45,0.0134042222222222,113.097335529233,NA,NA,NA,NA,NA,NA,3,3,0.0265258238486492,0,0.0265258238486492,0.0176838825657662,0.0265258238486492,0.272727272727273,0,0.272727272727273,2,0.272727272727273,0.00241143853169538,0,0.00241143853169538,0.0176838825657662,0.00241143853169538
"FSUW",2023,108,2023-07-14,"MB HL",1,0,3,1,1,1,3,5,"lots of orange striping",1,1,NA,NA,5,NA,1,0,0,1,30.2,NA,NA,113.097335529233,11,11,5,NA,NA,0.712523921671231,5.71252392167123,NA,0.0442097064144154,NA,NA,0.0442097064144154,0.050509801092482,0.454545454545455,NA,NA,0.454545454545455,0.519320356515566,0.00401906421949231,NA,NA,0.00401906421949231,0.00459180009931654
"FUCD",2018,60,2018-06-26,NA,NA,NA,12,0,NA,NA,NA,0,NA,11,1,4.8,72.3822947387088,0,0,11,0,0,11,19.5,19.6181818181818,0.0206638020833333,72.3822947387088,NA,NA,NA,NA,NA,NA,0,0,0,0,0,0,0,0,0,0,0,0,0,0,0,0,0
"FUVF",2018,260,2018-07-10,NA,NA,NA,5,0,NA,NA,NA,1,NA,11,1,3.2,32.1699087727595,2,0,11,0,1,10,17.3,14.5888888888889,0.02263798828125,32.1699087727595,NA,NA,NA,NA,NA,NA,2,2,0.0621698996452716,0,0.0621698996452716,0.0310849498226358,0.0621698996452716,0.181818181818182,0,0.181818181818182,1,0.181818181818182,0.00565180905866106,0,0.00565180905866106,0.0310849498226358,0.00565180905866106
"FUVF",2023,260,2023-07-12,"EC AB MW",0,0,9,0,0,0,4,2,NA,1,1,NA,NA,2,NA,1,0,0,1,18,NA,NA,32.1699087727595,11,11,5,NA,NA,0.712523921671231,2.71252392167123,NA,0.0621698996452716,NA,NA,0.0621698996452716,0.0843186699978495,0.181818181818182,NA,NA,0.181818181818182,0.246593083788294,0.00565180905866106,NA,NA,0.00565180905866106,0.00766533363616814
"FXBC",2018,253,2018-07-08,NA,1,0,18,1,NA,NA,NA,1,NA,11,1,7.9,196.066797510539,1,0,11,0,1,10,11.8,9.44,0.00165999038615606,196.066797510539,NA,NA,NA,NA,NA,NA,1,1,0.00510030261470583,0,0.00510030261470583,0.00510030261470583,0.00510030261470583,0.0909090909090909,0,0.0909090909090909,1,0.0909090909090909,0.000463663874064166,0,0.000463663874064166,0.00510030261470583,0.000463663874064166
"FXBC",2023,253,2023-07-12,"EC AB MW",1,0,8,4,2,0,6,3,NA,1,1,NA,NA,3,NA,1,0,0,1,12.8,NA,NA,196.066797510539,11,11,5,NA,NA,0.712523921671231,3.71252392167123,NA,0.0153009078441175,NA,NA,0.0153009078441175,0.0189349954648577,0.272727272727273,NA,NA,0.272727272727273,0.337502174697385,0.0013909916221925,NA,NA,0.0013909916221925,0.00172136322407797
"FYSUQ",2018,356,2018-07-19,NA,NA,NA,4,2,NA,NA,NA,1,NA,11,1,7.7,186.265028431339,1,1,11,0,1,10,22.5,25.87,0.0115882779558104,186.265028431339,NA,NA,NA,NA,NA,NA,1,2,0.0053686943191734,0.0053686943191734,0.0107373886383468,0.0053686943191734,0.0053686943191734,0.0909090909090909,0.0909090909090909,0.181818181818182,1,0.0909090909090909,0.000488063119924854,0.000488063119924854,0.000976126239849708,0.0053686943191734,0.000488063119924854
"FYSUQ",2020,356,2020-08-03,"Gavin and Aidan",0,0,2,2,1,0,1,0,NA,11,1,7.6,181.458391671346,1,1,10,1,0,10,22.7,26.5727272727273,0.0138303843490305,181.458391671346,11,10,2,0.909090909090909,0.0465361826677765,0.290747794353651,1,2,0.00551090523171383,0.00551090523171383,0.0110218104634277,0,0.00551090523171383,0.0909090909090909,0.0909090909090909,0.181818181818182,0,0.0909090909090909,0.000500991384701257,0.000500991384701257,0.00100198276940251,0,0.000500991384701257
"FYSUQ",2023,356,2023-07-28,"HL, VM",0,0,0,1,0,0,1,1,NA,1,1,NA,NA,1,NA,1,0,0,1,24.3,NA,NA,186.265028431339,10,11,3,NA,NA,0.393842743842752,1.39384274384275,NA,0.0053686943191734,NA,NA,0.0053686943191734,0.00748311562068964,0.0909090909090909,NA,NA,0.0909090909090909,0.126712976712977,0.000488063119924854,NA,NA,0.000488063119924854,0.000680283238244513
"FYXEJ",2018,339,2018-07-17,NA,0,0,6,0,NA,NA,NA,0,"Site beautiful, like amphitheatre",11,1,9.6,289.529178954835,0,2,11,0,0,11,48.7,31.7727272727273,0.0146663953993056,289.529178954835,NA,NA,NA,NA,NA,NA,0,2,0,0.0069077666272524,0.0069077666272524,0,0,0,0.181818181818182,0.181818181818182,0,0,0,0.000627978784295673,0.000627978784295673,0,0
"FYXEJ",2020,339,2020-08-17,"Ben and Courtenay",0,0,1,0,2,0,1,0,NA,11,1,9.6,289.529178954835,0,3,11,0,0,11,48.5,31.9909090909091,0.0148630533854167,289.529178954835,11,11,2,1,0,0.290747794353651,0,3,0,0.0103616499408786,0.0103616499408786,0,0,0,0.272727272727273,0.272727272727273,0,0,0,0.000941968176443509,0.000941968176443509,0,0
"FYXEJ",2023,339,2023-07-18,"EC, MB",0,0,6,0,2,0,1,1,"5 stars. Erin's favorite site",11,1,9.6,289.529178954835,1,2,11,0,1,10,48.9,35.25,0.0153793728298611,289.529178954835,11,11,3,1,0,0.433227018227027,1,3,0.0034538833136262,0.0069077666272524,0.0103616499408786,0.0034538833136262,0.0034538833136262,0.0909090909090909,0.181818181818182,0.272727272727273,1,0.0909090909090909,0.000313989392147836,0.000627978784295673,0.000941968176443509,0.0034538833136262,0.000313989392147836
"FYZG",2018,61,2018-06-26,NA,NA,NA,3,0,NA,NA,NA,4,NA,11,1,5.1,81.7128249198705,4,0,11,0,4,7,25.6,25.5285714285714,0.0177217608612072,81.7128249198705,NA,NA,NA,NA,NA,NA,4,4,0.0489519240574842,0,0.0489519240574842,0.0489519240574842,0.0489519240574842,0.363636363636364,0,0.363636363636364,4,0.363636363636364,0.00445017491431674,0,0.00445017491431674,0.0489519240574842,0.00445017491431674
"GAULT",2018,461,2018-07-24,NA,0,0,13,11,NA,NA,NA,5,NA,11,1,7.2,162.860163162095,5,2,11,0,5,6,15,9.3,0.00120779320987654,162.860163162095,NA,NA,NA,NA,NA,NA,5,7,0.0307011850100107,0.0122804740040043,0.0429816590140149,0.0307011850100107,0.0307011850100107,0.454545454545455,0.181818181818182,0.636363636363636,5,0.454545454545455,0.00279101681909188,0.00111640672763675,0.00390742354672863,0.0307011850100107,0.00279101681909188
"GAULT",2020,461,2020-08-13,"Gavin and Erin",1,0,9,13,3,6,5,2,NA,11,1,6.2,120.762821603992,5,3,10,1,2,8,NA,7.2125,0.00127885015608741,120.762821603992,11,10,2,0.909090909090909,0.0465361826677765,0.290747794353651,5,8,0.0414034711477355,0.0248420826886413,0.0662455538363768,0.0165613884590942,0.0414034711477355,0.454545454545455,0.272727272727273,0.727272727272727,2,0.454545454545455,0.00376395192252141,0.00225837115351285,0.00602232307603426,0.0165613884590942,0.00376395192252141
"GBAI",2018,89,2018-06-27,NA,NA,NA,3,1,NA,NA,NA,2,NA,11,1,5,78.5398163397448,2,0,11,0,2,9,14.6,22.1222222222222,0.02149508,78.5398163397448,NA,NA,NA,NA,NA,NA,2,2,0.0254647908947033,0,0.0254647908947033,0.0254647908947033,0.0254647908947033,0.181818181818182,0,0.181818181818182,2,0.181818181818182,0.00231498099042757,0,0.00231498099042757,0.0254647908947033,0.00231498099042757
"GBAI",2023,89,2023-07-14,"MB HL",1,0,2,3,0,0,3,2,"borderline unhealthy; some orange striping some flaky bark",1,1,NA,NA,2,NA,1,0,0,1,15.5,NA,NA,78.5398163397448,11,11,5,NA,NA,0.712523921671231,2.71252392167123,NA,0.0254647908947033,NA,NA,0.0254647908947033,0.0345369272311192,0.181818181818182,NA,NA,0.181818181818182,0.246593083788294,0.00231498099042757,NA,NA,0.00231498099042757,0.00313972065737447
"GBNL",2018,149,2018-07-02,NA,NA,NA,1,1,NA,NA,NA,0,NA,11,1,6.5,132.732289614169,0,0,11,0,0,11,18.2,21.8181818181818,0.0139661538461538,132.732289614169,NA,NA,NA,NA,NA,NA,0,0,0,0,0,0,0,0,0,0,0,0,0,0,0,0,0
"GBNL",2023,149,2023-07-18,"HL, VM",0,0,2,1,0,0,0,0,NA,1,1,NA,NA,0,NA,1,0,0,1,19.2,NA,NA,132.732289614169,11,11,5,NA,NA,0.712523921671231,0.712523921671231,NA,0,NA,NA,0,0.00536812800971356,0,NA,NA,0,0.0647749019701119,0,NA,NA,0,0.000488011637246687
"GBNZ",2018,195,2018-07-03,NA,NA,NA,7,1,NA,NA,NA,1,NA,11,1,4.9,75.4296396126909,2,1,11,0,1,10,23.3,18.2444444444444,0.0145999167013744,75.4296396126909,NA,NA,NA,NA,NA,NA,2,3,0.0265147760253053,0.0132573880126527,0.039772164037958,0.0132573880126527,0.0265147760253053,0.181818181818182,0.0909090909090909,0.272727272727273,1,0.181818181818182,0.00241043418411867,0.00120521709205933,0.003615651276178,0.0132573880126527,0.00241043418411867
"GBNZ",2023,195,2023-07-17,"MB, VM",0,0,10,5,2,0,2,3,NA,1,1,NA,NA,3,NA,1,0,0,1,25,NA,NA,75.4296396126909,11,11,5,NA,NA,0.712523921671231,3.71252392167123,NA,0.039772164037958,NA,NA,0.039772164037958,0.0492183701358505,0.272727272727273,NA,NA,0.272727272727273,0.337502174697385,0.003615651276178,NA,NA,0.003615651276178,0.00447439728507732
"GCJEZ",2018,466,2018-07-26,NA,0,0,2,0,NA,NA,NA,1,NA,11,1,7,153.9380400259,1,0,11,0,1,10,23.3,30.26,0.0241267755102041,153.9380400259,NA,NA,NA,NA,NA,NA,1,1,0.00649612012619981,0,0.00649612012619981,0.00649612012619981,0.00649612012619981,0.0909090909090909,0,0.0909090909090909,1,0.0909090909090909,0.000590556375109074,0,0.000590556375109074,0.00649612012619981,0.000590556375109074
"GCJEZ",2020,466,2020-07-30,"Gavin + Courtenay",0,0,0,0,0,0,2,0,"re-nailed. nail=short",11,1,7.2,162.860163162095,1,1,10,1,0,10,23.8,29.9272727272727,0.0240871141975309,162.860163162095,11,10,2,0.909090909090909,0.0465361826677765,0.290747794353651,1,2,0.00614023700200213,0.00614023700200213,0.0122804740040043,0,0.00614023700200213,0.0909090909090909,0.0909090909090909,0.181818181818182,0,0.0909090909090909,0.000558203363818376,0.000558203363818376,0.00111640672763675,0,0.000558203363818376
"GCJEZ",2023,466,2023-07-24,"HL, VM",0,0,4,0,0,0,2,0,NA,1,1,NA,NA,0,NA,1,0,0,1,24.8,NA,NA,153.9380400259,10,11,3,NA,NA,0.393842743842752,0.393842743842752,NA,0,NA,NA,0,0.00255844977483466,0,NA,NA,0,0.0358038858038865,0,NA,NA,0,0.000232586343166787
"GDAOC01",2018,283,2018-07-12,NA,1,NA,8,12,NA,NA,NA,6,"Lots of dead trees and recruits. Are recruits same genotype as adults?",10,1,5.7,102.070345315132,6,1,10,0,6,4,17.1,14.475,0.00376137273007079,102.070345315132,NA,NA,NA,NA,NA,NA,6,7,0.0587829891382808,0.00979716485638014,0.068580153994661,0.0587829891382808,0.0587829891382808,0.6,0.1,0.7,6,0.6,0.00587829891382808,0.000979716485638014,0.0068580153994661,0.0587829891382808,0.00587829891382808
"GDAOC01",2020,283,2020-07-27,"Ben + Courtenay",1,0,10,4,3,2,6,2,"na",11,1,5.5,95.0331777710912,6,1,9,2,2,7,NA,10.16,0.003144,95.0331777710912,10,8,2,0.8,0.105599390849404,0.264316176685138,6,7,0.0631358451934791,0.0105226408655799,0.073658486059059,0.0210452817311597,0.0631358451934791,0.545454545454545,0.0909090909090909,0.636363636363636,2,0.545454545454545,0.00573962229031629,0.000956603715052714,0.006696226005369,0.0210452817311597,0.00573962229031629
"GDAOC01",2023,283,2023-06-26,"EC CP",0,0,11,5,0,1,6,2,"lots of regen! very open",1,1,NA,NA,2,NA,1,0,1,0,NA,NA,NA,102.070345315132,9,11,3,NA,NA,0.354458469458476,2.35445846945848,NA,0.0195943297127603,NA,NA,0.0195943297127603,0.0230670177727852,0.181818181818182,NA,NA,0.181818181818182,0.21404167904168,0.00178130270116003,NA,NA,0.00178130270116003,0.00209700161570774
"GHLPC",2018,365,2018-07-19,NA,NA,NA,0,3,NA,NA,NA,0,"maybe diploids?",11,1,6.7,141.026094219646,0,0,11,0,0,11,13.7,15.6272727272727,0.00864230340833148,141.026094219646,NA,NA,NA,NA,NA,NA,0,0,0,0,0,0,0,0,0,0,0,0,0,0,0,0,0
"GHLPC",2020,365,2020-08-07,"Gavin and Aidan",0,0,0,0,2,3,5,0,"maybe diploids?",11,1,5.4,91.6088417786784,1,0,11,0,0,11,29.7,17.0235294117647,0.0254314128943759,91.6088417786784,11,11,2,1,0,0.290747794353651,1,1,0.0109159768924482,0,0.0109159768924482,0,0.0109159768924482,0.0909090909090909,0,0.0909090909090909,0,0.0909090909090909,0.000992361535677113,0,0.000992361535677113,0,0.000992361535677113
"GHLPC",2023,365,2023-07-19,"VM, MB",0,0,0,0,1,0,1,2,NA,1,1,NA,NA,2,NA,1,0,0,1,31.1,NA,NA,141.026094219646,11,11,3,NA,NA,0.433227018227027,2.43322701822703,NA,0.0141817726078766,NA,NA,0.0141817726078766,0.0172537361379187,0.181818181818182,NA,NA,0.181818181818182,0.221202456202457,0.00128925205526151,NA,NA,0.00128925205526151,0.00156852146708352
"GITMZ",2018,296,2018-07-13,NA,1,0,68,1,NA,NA,NA,2,"Unhealthy patch",9,1,6.6,136.847775990371,2,2,9,0,2,7,27.9,22.4285714285714,0.00856854912764004,136.847775990371,NA,NA,NA,NA,NA,NA,2,4,0.014614778979972,0.014614778979972,0.0292295579599441,0.014614778979972,0.014614778979972,0.222222222222222,0.222222222222222,0.444444444444444,2,0.222222222222222,0.001623864331108,0.001623864331108,0.00324772866221601,0.014614778979972,0.001623864331108
"GITMZ",2020,510,2020-08-11,"Gavin and Erin",1,0,36,6,7,0,7,3,"Nail and tag and flashing found to be missing. Replaced with tag # 510. Tree ID'ed by nail hole and distances, unhealthy patch",10,1,6.6,136.847775990371,3,3,10,0,3,7,27.8,22.5142857142857,0.0086394857667585,136.847775990371,9,9,2,1,0,0.237884559016624,3,6,0.021922168469958,0.021922168469958,0.0438443369399161,0.021922168469958,0.021922168469958,0.3,0.3,0.6,3,0.3,0.0021922168469958,0.0021922168469958,0.00438443369399161,0.021922168469958,0.0021922168469958
"GITMZ",2023,510,2023-08-17,"BB, CR",0,0,36,13,8,0,5,0,"high regeneration site; nail and tag and flashing found to be missing. Replaced with tag #510. Tree ID'ed by nail hole and distances, unhealthy patch",11,1,6.1,116.898662640076,5,2,9,2,3,6,28.6,20.3714285714286,0.0091134103735555,116.898662640076,10,8,3,0.8,0.0716812169510166,0.393842743842752,5,7,0.0427720889792785,0.0171088355917114,0.0598809245709899,0,0.0427720889792785,0.454545454545455,0.181818181818182,0.636363636363636,0,0.454545454545455,0.00388837172538896,0.00155534869015558,0.00544372041554454,0,0.00388837172538896
"GJBOV",2018,495,2018-07-27,NA,0,0,0,2,NA,NA,NA,1,NA,11,1,3.2,32.1699087727595,1,2,11,0,1,10,18.7,14.03,0.02394404296875,32.1699087727595,NA,NA,NA,NA,NA,NA,1,3,0.0310849498226358,0.0621698996452716,0.0932548494679074,0.0310849498226358,0.0310849498226358,0.0909090909090909,0.181818181818182,0.272727272727273,1,0.0909090909090909,0.00282590452933053,0.00565180905866106,0.00847771358799158,0.0310849498226358,0.00282590452933053
"GJBOV",2020,495,2020-07-09,"Courtenay, Gavin",0,0,0,1,NA,NA,11,1,"fort built of downed aspens, ~5 m from site, dead logs may have been moved",11,1,3.1,30.1907054009979,1,3,11,0,1,10,18.6,14.06,0.0254459937565036,30.1907054009979,11,11,2,1,0,0.290747794353651,1,4,0.0331227769181884,0.0993683307545652,0.132491107672754,0.0331227769181884,0.0331227769181884,0.0909090909090909,0.272727272727273,0.363636363636364,1,0.0909090909090909,0.00301116153801713,0.00903348461405138,0.0120446461520685,0.0331227769181884,0.00301116153801713
"GJBOV",2023,495,2023-08-10,"BB, CR",0,0,1,1,0,0,2,4,"fort built of downed aspens, ~5m from site; distances by tape",11,1,2.9,26.4207942166902,3,1,11,0,3,8,18.9,14.09,0.0295430439952438,26.4207942166902,11,11,3,1,0,0.433227018227027,3,4,0.11354692729505,0.0378489757650167,0.151395903060067,0.151395903060067,0.11354692729505,0.272727272727273,0.0909090909090909,0.363636363636364,4,0.272727272727273,0.0103224479359137,0.00344081597863788,0.0137632639145515,0.151395903060067,0.0103224479359137
"GJSO",2018,203,2018-07-03,NA,NA,NA,13,2,NA,NA,NA,0,NA,11,1,5.5,95.0331777710912,0,0,11,0,0,11,15.9,14.9272727272727,0.0100879338842975,95.0331777710912,NA,NA,NA,NA,NA,NA,0,0,0,0,0,0,0,0,0,0,0,0,0,0,0,0,0
"GJSO",2023,203,2023-07-17,"MB, VM",0,0,5,3,4,0,3,1,NA,1,1,NA,NA,1,NA,1,0,0,1,17.6,NA,NA,95.0331777710912,11,11,5,NA,NA,0.712523921671231,1.71252392167123,NA,0.0105226408655799,NA,NA,0.0105226408655799,0.0180202742014608,0.0909090909090909,NA,NA,0.0909090909090909,0.155683992879203,0.000956603715052714,NA,NA,0.000956603715052714,0.00163820674558734
"GKBH",2018,69,2018-06-26,NA,NA,NA,16,11,NA,NA,NA,2,NA,11,1,5,78.5398163397448,3,1,11,0,2,9,37.5,26.1,0.02457552,78.5398163397448,NA,NA,NA,NA,NA,NA,3,4,0.0381971863420549,0.0127323954473516,0.0509295817894065,0.0254647908947033,0.0381971863420549,0.272727272727273,0.0909090909090909,0.363636363636364,2,0.272727272727273,0.00347247148564135,0.00115749049521378,0.00462996198085514,0.0254647908947033,0.00347247148564135
"GKPW",2018,134,2018-07-01,NA,NA,NA,0,0,NA,NA,NA,1,NA,11,1,5.7,102.070345315132,1,0,11,0,1,10,18.8,25.92,0.0219934133579563,102.070345315132,NA,NA,NA,NA,NA,NA,1,1,0.00979716485638014,0,0.00979716485638014,0.00979716485638014,0.00979716485638014,0.0909090909090909,0,0.0909090909090909,1,0.0909090909090909,0.000890651350580013,0,0.000890651350580013,0.00979716485638014,0.000890651350580013
"GKPW",2023,504,2023-07-11,"HL VM",0,0,0,0,0,0,1,1,NA,1,1,NA,NA,1,NA,1,0,0,1,32.3,NA,NA,102.070345315132,11,11,5,NA,NA,0.712523921671231,1.71252392167123,NA,0.00979716485638014,NA,NA,0.00979716485638014,0.0167778791811077,0.0909090909090909,NA,NA,0.0909090909090909,0.155683992879203,0.000890651350580013,NA,NA,0.000890651350580013,0.00152526174373706
"GLQX",2018,198,2018-07-03,NA,NA,1,1,0,NA,NA,NA,1,"Lots of cow damage",11,1,5.4,91.6088417786784,1,0,11,0,1,10,25.4,27.61,0.0282606652949246,91.6088417786784,NA,NA,NA,NA,NA,NA,1,1,0.0109159768924482,0,0.0109159768924482,0.0109159768924482,0.0109159768924482,0.0909090909090909,0,0.0909090909090909,1,0.0909090909090909,0.000992361535677113,0,0.000992361535677113,0.0109159768924482,0.000992361535677113
"GLQX",2023,198,2023-07-17,"MB, VM",0,0,2,0,0,0,1,3,"lots of trees are flaky",1,1,NA,NA,3,NA,1,0,0,1,26.8,NA,NA,91.6088417786784,11,11,5,NA,NA,0.712523921671231,3.71252392167123,NA,0.0327479306773447,NA,NA,0.0327479306773447,0.0405258253416245,0.272727272727273,NA,NA,0.272727272727273,0.337502174697385,0.00297708460703134,NA,NA,0.00297708460703134,0.00368416594014768
"GOPXK",2018,334,2018-07-17,NA,NA,NA,14,4,NA,NA,NA,0,NA,11,1,3.8,45.3645979178366,0,1,11,0,0,11,31,15.8636363636364,0.0243779085872576,45.3645979178366,NA,NA,NA,NA,NA,NA,0,1,0,0.0220436209268553,0.0220436209268553,0,0,0,0.0909090909090909,0.0909090909090909,0,0,0,0.00200396553880503,0.00200396553880503,0,0
"GOPXK",2020,334,2020-07-29,"Gavin + Courtenay + Aidan",0,0,13,3,8,1,3,0,"all trees in stand have small black knobby cankers",11,1,3.7,43.0084034276443,0,1,11,0,0,11,32.1,16.2909090909091,0.0270785975164354,43.0084034276443,11,11,2,1,0,0.290747794353651,0,1,0,0.0232512699915114,0.0232512699915114,0,0,0,0.0909090909090909,0.0909090909090909,0,0,0,0.00211375181741012,0.00211375181741012,0,0
"GOPXK",2023,334,2023-07-18,"EC, MB",0,0,10,1,6,3,1,1,"all trees in stand have small black knobby cankers, including smaller dbh trees (~younger)",1,1,NA,NA,1,NA,1,0,0,1,34,NA,NA,45.3645979178366,11,11,3,NA,NA,0.433227018227027,1.43322701822703,NA,0.0220436209268553,NA,NA,0.0220436209268553,0.0315935130919237,0.0909090909090909,NA,NA,0.0909090909090909,0.130293365293366,0.00200396553880503,NA,NA,0.00200396553880503,0.00287213755381125
"GPDI",2018,140,2018-07-01,NA,NA,NA,0,0,NA,NA,NA,3,NA,11,1,4.7,69.3977817177985,3,1,11,0,3,8,24.7,26.475,0.0259097329108194,69.3977817177985,NA,NA,NA,NA,NA,NA,3,4,0.0432290474672418,0.0144096824890806,0.0576387299563224,0.0432290474672418,0.0432290474672418,0.272727272727273,0.0909090909090909,0.363636363636364,3,0.272727272727273,0.00392991340611289,0.00130997113537096,0.00523988454148386,0.0432290474672418,0.00392991340611289
"GPDI",2023,554,2023-07-14,"MB HL",1,0,2,0,0,0,6,5,"orange striping, some flaky bark",1,1,NA,NA,5,NA,1,0,0,1,25,NA,NA,69.3977817177985,11,11,5,NA,NA,0.712523921671231,5.71252392167123,NA,0.072048412445403,NA,NA,0.072048412445403,0.08231565592256,0.454545454545455,NA,NA,0.454545454545455,0.519320356515566,0.00654985567685482,NA,NA,0.00654985567685482,0.00748324144750546
"GPLWN",2018,436,2018-07-25,NA,0,0,7,6,NA,NA,NA,2,NA,11,1,6.8,145.267244301992,2,0,11,0,2,9,27.3,18.6,0.00865402249134948,145.267244301992,NA,NA,NA,NA,NA,NA,2,2,0.0137677286411674,0,0.0137677286411674,0.0137677286411674,0.0137677286411674,0.181818181818182,0,0.181818181818182,2,0.181818181818182,0.00125161169465158,0,0.00125161169465158,0.0137677286411674,0.00125161169465158
"GPLWN",2020,436,2020-07-27,"Gavin + Aidan",0,0,21,8,2,0,10,2,"na",11,1,6.1,116.898662640076,2,0,11,0,2,9,27.4,17.55,0.0111027949475947,116.898662640076,11,11,2,1,0,0.290747794353651,2,2,0.0171088355917114,0,0.0171088355917114,0.0171088355917114,0.0171088355917114,0.181818181818182,0,0.181818181818182,2,0.181818181818182,0.00155534869015558,0,0.00155534869015558,0.0171088355917114,0.00155534869015558
"GPLWN",2023,436,2023-07-05,"EC, VM, MB",0,0,15,10,3,1,12,1,NA,1,1,NA,NA,1,NA,1,0,0,1,29,NA,NA,145.267244301992,11,11,3,NA,NA,0.433227018227027,1.43322701822703,NA,0.00688386432058371,NA,NA,0.00688386432058371,0.00986614033406961,0.0909090909090909,NA,NA,0.0909090909090909,0.130293365293366,0.000625805847325792,NA,NA,0.000625805847325792,0.000896921848551783
"GPOI",2018,176,2018-07-02,NA,NA,NA,5,2,NA,NA,NA,2,NA,11,1,6,113.097335529233,2,2,11,0,2,9,12.1,18.5333333333333,0.0111923333333333,113.097335529233,NA,NA,NA,NA,NA,NA,2,4,0.0176838825657662,0.0176838825657662,0.0353677651315323,0.0176838825657662,0.0176838825657662,0.181818181818182,0.181818181818182,0.363636363636364,2,0.181818181818182,0.00160762568779692,0.00160762568779692,0.00321525137559385,0.0176838825657662,0.00160762568779692
"GPOI",2023,176,2023-07-17,"MB, VM",0,0,8,2,0,0,1,1,"lots of flaking bark, borderling unhealthy",1,1,NA,NA,1,NA,1,0,0,1,13.2,NA,NA,113.097335529233,11,11,5,NA,NA,0.712523921671231,1.71252392167123,NA,0.00884194128288308,NA,NA,0.00884194128288308,0.0151420359609497,0.0909090909090909,NA,NA,0.0909090909090909,0.155683992879203,0.000803812843898461,NA,NA,0.000803812843898461,0.0013765487237227
"GPQAO",2018,447,2018-07-25,NA,0,0,0,0,NA,NA,NA,1,NA,7,1,6.5,132.732289614169,1,0,7,0,1,6,29.9,29.5,0.0153210414201183,132.732289614169,NA,NA,NA,NA,NA,NA,1,1,0.00753396180316664,0,0.00753396180316664,0.00753396180316664,0.00753396180316664,0.142857142857143,0,0.142857142857143,1,0.142857142857143,0.00107628025759523,0,0.00107628025759523,0.00753396180316664,0.00107628025759523
"GPQAO",2020,447,2020-07-27,"Gavin + Aidan",0,1,0,0,0,0,2,1,NA,7,1,6.4,128.679635091038,1,1,7,0,1,6,30.9,29.9,0.016083349609375,128.679635091038,7,7,2,1,0,0.185021323679596,1,2,0.00777123745565895,0.00777123745565895,0.0155424749113179,0.00777123745565895,0.00777123745565895,0.142857142857143,0.142857142857143,0.285714285714286,1,0.142857142857143,0.00111017677937985,0.00111017677937985,0.0022203535587597,0.00777123745565895,0.00111017677937985
"GPQAO",2023,447,2023-07-05,"EC, VM, MB",0,1,1,0,0,0,2,1,"conifer encroachment",7,1,6.4,128.679635091038,1,0,7,0,1,6,32,30.65,0.0167248779296875,128.679635091038,7,7,3,1,0,0.275689920689926,1,1,0.00777123745565895,0,0.00777123745565895,0.00777123745565895,0.00777123745565895,0.142857142857143,0,0.142857142857143,1,0.142857142857143,0.00111017677937985,0,0.00111017677937985,0.00777123745565895,0.00111017677937985
"GQCI",2018,178,2018-07-02,NA,NA,NA,4,5,NA,NA,NA,0,NA,11,1,3.6,40.7150407905237,0,3,11,0,0,11,14.4,23.8818181818182,0.0589385030864197,40.7150407905237,NA,NA,NA,NA,NA,NA,0,3,0,0.0736828440240256,0.0736828440240256,0,0,0,0.272727272727273,0.272727272727273,0,0,0,0.00669844036582051,0.00669844036582051,0,0
"GQCI",2023,178,2023-07-17,"MB, VM",0,0,0,5,0,1,0,0,"some trees fungal stripes; another tree has orange fungus?",1,1,NA,NA,0,NA,1,0,0,1,15.1,NA,NA,40.7150407905237,11,11,5,NA,NA,0.712523921671231,0.712523921671231,NA,0,NA,NA,0,0.0175002629946295,0,NA,NA,0,0.0647749019701119,0,NA,NA,0,0.00159093299951177
"GRFO",2018,153,2018-07-02,NA,NA,NA,5,1,NA,NA,NA,0,NA,7,1,2.6,21.237166338267,0,0,7,0,0,7,27.3,28.8857142857143,0.0891792899408284,21.237166338267,NA,NA,NA,NA,NA,NA,0,0,0,0,0,0,0,0,0,0,0,0,0,0,0,0,0
"GRFO",2023,153,2023-07-17,"MB, VM",0,0,7,1,0,1,0,0,NA,1,1,NA,NA,0,NA,1,0,0,1,29.7,NA,NA,21.237166338267,7,7,5,NA,NA,0.453424313790784,0.453424313790784,NA,0,NA,NA,0,0.0213505091295426,0,NA,NA,0,0.0412203921627985,0,NA,NA,0,0.00194095537541296
"GRJXK",2018,404,2018-07-23,NA,1,0,1,6,NA,NA,NA,0,"POSSIBLY DAMAGED SPARSE CANOPY",11,1,3,28.2743338823081,0,1,11,0,0,11,18,14.4727272727273,0.0292751111111111,28.2743338823081,NA,NA,NA,NA,NA,NA,0,1,0,0.0353677651315323,0.0353677651315323,0,0,0,0.0909090909090909,0.0909090909090909,0,0,0,0.00321525137559385,0.00321525137559385,0,0
"GRJXK",2020,404,2020-07-06,"Nicole, Gavin, Roxy, Gabriel, Courtenay",1,0,0,6,NA,NA,1,0,"POSSIBLY DAMAGED SPARSE CANOPY*",11,1,2.6,21.237166338267,0,5,11,0,0,11,17.9,14.9769230769231,0.0484164201183432,21.237166338267,11,11,2,1,0,0.290747794353651,0,5,0,0.235436306348958,0.235436306348958,0,0,0,0.454545454545455,0.454545454545455,0,0,0,0.021403300577178,0.021403300577178,0,0
"GSNY",2018,40,2018-06-25,NA,NA,NA,0,0,NA,NA,NA,0,NA,11,1,6.1,116.898662640076,0,2,11,0,0,11,8.2,22.8090909090909,0.016797661918839,116.898662640076,NA,NA,NA,NA,NA,NA,0,2,0,0.0171088355917114,0.0171088355917114,0,0,0,0.181818181818182,0.181818181818182,0,0,0,0.00155534869015558,0.00155534869015558,0,0
"GTWE",2018,122,2018-06-29,NA,NA,NA,14,2,NA,NA,NA,1,NA,11,1,6.5,132.732289614169,2,1,10,1,1,9,6.4,23.6666666666667,0.0159784615384615,132.732289614169,NA,NA,NA,NA,NA,NA,2,3,0.0150679236063333,0.00753396180316664,0.0226018854094999,0.00753396180316664,0.0150679236063333,0.181818181818182,0.0909090909090909,0.272727272727273,1,0.181818181818182,0.00136981123693939,0.000684905618469695,0.00205471685540908,0.00753396180316664,0.00136981123693939
"GTWE",2023,122,2023-07-11,"HL VM",0,0,2,5,0,1,2,0,NA,1,1,NA,NA,0,NA,1,0,0,1,7.9,NA,NA,132.732289614169,10,11,5,NA,NA,0.647749019701119,0.647749019701119,NA,0,NA,NA,0,0.00488011637246687,0,NA,NA,0,0.0588862745182836,0,NA,NA,0,0.000443646942951534
"GTZK",2018,111,2018-06-28,NA,NA,NA,7,0,NA,NA,NA,1,NA,11,1,5.7,102.070345315132,1,1,11,0,1,10,23.3,19.73,0.0141232686980609,102.070345315132,NA,NA,NA,NA,NA,NA,1,2,0.00979716485638014,0.00979716485638014,0.0195943297127603,0.00979716485638014,0.00979716485638014,0.0909090909090909,0.0909090909090909,0.181818181818182,1,0.0909090909090909,0.000890651350580013,0.000890651350580013,0.00178130270116003,0.00979716485638014,0.000890651350580013
"GTZK",2023,111,2023-07-14,"MB, HL",0,0,6,3,0,3,1,1,"none",1,1,NA,NA,1,NA,1,0,0,1,24.8,NA,NA,102.070345315132,11,11,5,NA,NA,0.712523921671231,1.71252392167123,NA,0.00979716485638014,NA,NA,0.00979716485638014,0.0167778791811077,0.0909090909090909,NA,NA,0.0909090909090909,0.155683992879203,0.000890651350580013,NA,NA,0.000890651350580013,0.00152526174373706
"GUWH",2018,30,2018-06-23,NA,NA,NA,7,4,NA,NA,NA,3,NA,11,1,3.8,45.3645979178366,4,0,11,0,3,8,5.5,10.5,0.00722001385041551,45.3645979178366,NA,NA,NA,NA,NA,NA,4,4,0.0881744837074212,0,0.0881744837074212,0.0661308627805659,0.0881744837074212,0.363636363636364,0,0.363636363636364,3,0.363636363636364,0.00801586215522011,0,0.00801586215522011,0.0661308627805659,0.00801586215522011
"GWUJ",2018,83,2018-06-27,NA,NA,NA,6,6,NA,NA,NA,3,NA,10,1,9.7,295.592452776264,3,0,10,0,3,7,31.2,29.0285714285714,0.00686168562015092,295.592452776264,NA,NA,NA,NA,NA,NA,3,3,0.0101491089228544,0,0.0101491089228544,0.0101491089228544,0.0101491089228544,0.3,0,0.3,3,0.3,0.00101491089228544,0,0.00101491089228544,0.0101491089228544,0.00101491089228544
"GWUJ",2023,83,2023-07-11,"HL VM",0,0,3,4,1,1,3,0,NA,1,1,NA,NA,0,NA,1,0,0,1,32.1,NA,NA,295.592452776264,10,10,5,NA,NA,0.647749019701119,0.647749019701119,NA,0,NA,NA,0,0.00219135845187294,0,NA,NA,0,0.0588862745182836,0,NA,NA,0,0.000199214404715722
"GZBI",2018,70,2018-06-26,NA,NA,NA,25,0,NA,NA,NA,0,"Very nice site - flat, pretty",11,1,6.6,136.847775990371,0,0,11,0,0,11,25.1,31.0363636363636,0.0252328282828283,136.847775990371,NA,NA,NA,NA,NA,NA,0,0,0,0,0,0,0,0,0,0,0,0,0,0,0,0,0
"HBJI",2018,27,2018-06-23,NA,NA,NA,0,0,NA,NA,NA,0,NA,11,1,6.6,136.847775990371,0,0,11,0,0,11,24.5,20.5727272727273,0.0134008494031221,136.847775990371,NA,NA,NA,NA,NA,NA,0,0,0,0,0,0,0,0,0,0,0,0,0,0,0,0,0
"HBJI",2023,27,2023-06-28,"EC CP",0,0,5,1,0,0,1,2,"steep on face",1,1,NA,NA,2,NA,1,0,0,1,26.2,NA,NA,136.847775990371,11,11,5,NA,NA,0.712523921671231,2.71252392167123,NA,0.014614778979972,NA,NA,0.014614778979972,0.019821468796556,0.181818181818182,NA,NA,0.181818181818182,0.246593083788294,0.00132861627090655,NA,NA,0.00132861627090655,0.00180195170877782
"HBPCJ",2018,300,2018-07-13,NA,NA,NA,1,0,NA,NA,NA,4,NA,11,1,2.9,26.4207942166902,4,2,11,0,4,7,21.2,18.8285714285714,0.0338525564803805,26.4207942166902,NA,NA,NA,NA,NA,NA,4,6,0.151395903060067,0.0756979515300334,0.2270938545901,0.151395903060067,0.151395903060067,0.363636363636364,0.181818181818182,0.545454545454545,4,0.363636363636364,0.0137632639145515,0.00688163195727577,0.0206448958718273,0.151395903060067,0.0137632639145515
"HBPCJ",2020,300,2020-08-25,"Ben and Courtenay",0,1,0,0,1,0,3,2,NA,11,1,2.7,22.9022104446696,4,2,9,2,2,7,21.4,19.5333333333333,0.05239670781893,22.9022104446696,11,9,2,0.818181818181818,0.0954431533378902,0.290747794353651,4,6,0.174655630279172,0.0873278151395859,0.261983445418758,0.0873278151395859,0.174655630279172,0.363636363636364,0.181818181818182,0.545454545454545,2,0.363636363636364,0.0158777845708338,0.0079388922854169,0.0238166768562507,0.0873278151395859,0.0158777845708338
"HBPCJ",2023,300,2023-08-20,"BB, CR",0,1,1,0,0,0,3,5,"tag a bit chewed but okay",11,1,2.7,22.9022104446696,6,0,8,3,3,5,21.9,21.7,0.0493589849108368,22.9022104446696,9,8,3,0.888888888888889,0.0385002633295049,0.354458469458476,6,6,0.261983445418758,0,0.261983445418758,0.218319537848965,0.261983445418758,0.545454545454545,0,0.545454545454545,5,0.545454545454545,0.0238166768562507,0,0.0238166768562507,0.218319537848965,0.0238166768562507
"HBTN",2018,200,2018-07-03,NA,NA,1,0,0,NA,NA,NA,2,"Lots of cow damage",10,1,6.3,124.689812420979,2,0,10,0,2,8,12.1,22.9875,0.012527059712774,124.689812420979,NA,NA,NA,NA,NA,NA,2,2,0.0160398027807403,0,0.0160398027807403,0.0160398027807403,0.0160398027807403,0.2,0,0.2,2,0.2,0.00160398027807403,0,0.00160398027807403,0.0160398027807403,0.00160398027807403
"HBTN",2023,200,2023-07-17,"MB, VM",0,0,0,0,0,0,0,3,"lots of fungal stripes on trees",1,1,NA,NA,3,NA,1,0,0,1,12.6,NA,NA,124.689812420979,10,10,5,NA,NA,0.647749019701119,3.64774901970112,NA,0.0240597041711104,NA,NA,0.0240597041711104,0.0292545874348223,0.272727272727273,NA,NA,0.272727272727273,0.331613547245556,0.00218724583373731,NA,NA,0.00218724583373731,0.00265950794862021
"HDAZ",2018,144,2018-07-02,NA,NA,NA,0,1,NA,NA,NA,0,NA,11,1,7.92,197.060797426135,0,0,11,0,0,11,23.1,20.0209090909091,0.00782613524767881,197.060797426135,NA,NA,NA,NA,NA,NA,0,0,0,0,0,0,0,0,0,0,0,0,0,0,0,0,0
"HDAZ",2023,144,2023-07-17,"MB, VM",0,0,1,0,0,0,1,0,NA,1,1,NA,NA,0,NA,1,0,0,1,24,NA,NA,197.060797426135,11,11,5,NA,NA,0.712523921671231,0.712523921671231,NA,0,NA,NA,0,0.0036157568170722,0,NA,NA,0,0.0647749019701119,0,NA,NA,0,0.000328705165188382
"HDWZP",2018,416,2018-07-24,NA,0,0,10,0,NA,NA,NA,1,"very rocky on top of ridge - very nice view",6,1,5.3,88.2473376393373,1,0,6,0,1,5,19.7,12.76,0.003237522249911,88.2473376393373,NA,NA,NA,NA,NA,NA,1,1,0.0113317866209965,0,0.0113317866209965,0.0113317866209965,0.0113317866209965,0.166666666666667,0,0.166666666666667,1,0.166666666666667,0.00188863110349941,0,0.00188863110349941,0.0113317866209965,0.00188863110349941
"HDWZP",2020,506,2020-07-31,"Aidan + Courtenay",0,0,9,0,0,0,0,0,"Site very windy. Tag and reflector flew off tree. Did not find tag. Wrapped flagging around nail",6,1,5.1,81.7128249198705,1,0,6,0,0,6,19.7,13.36,0.00374317570165321,81.7128249198705,6,6,2,1,0,0.158589706011083,1,1,0.012237981014371,0,0.012237981014371,0,0.012237981014371,0.166666666666667,0,0.166666666666667,0,0.166666666666667,0.00203966350239517,0,0.00203966350239517,0,0.00203966350239517
"HDWZP",2023,506,2023-07-19,"EC, MB",0,0,10,0,2,0,0,3,"windy! tag made it",1,1,NA,NA,3,NA,1,0,0,1,20.5,NA,NA,88.2473376393373,6,6,3,NA,NA,0.236305646305651,3.23630564630565,NA,0.0339953598629894,NA,NA,0.0339953598629894,0.0366731250242617,0.272727272727273,NA,NA,0.272727272727273,0.294209604209605,0.00309048726027176,NA,NA,0.00309048726027176,0.00333392045675106
"HGCF",2018,36,2018-06-25,NA,NA,NA,4,1,NA,NA,NA,1,NA,11,1,4.2,55.4176944093239,1,0,11,0,1,10,32.3,26.23,0.0401033446712018,55.4176944093239,NA,NA,NA,NA,NA,NA,1,1,0.0180447781283328,0,0.0180447781283328,0.0180447781283328,0.0180447781283328,0.0909090909090909,0,0.0909090909090909,1,0.0909090909090909,0.00164043437530298,0,0.00164043437530298,0.0180447781283328,0.00164043437530298
"HIRTE",2018,306,2018-07-14,NA,1,1,3,11,NA,NA,NA,2,"Many dead trees",11,1,5.1,81.7128249198705,2,0,11,0,2,9,7.2,6.62222222222222,0.00155778546712803,81.7128249198705,NA,NA,NA,NA,NA,NA,2,2,0.0244759620287421,0,0.0244759620287421,0.0244759620287421,0.0244759620287421,0.181818181818182,0,0.181818181818182,2,0.181818181818182,0.00222508745715837,0,0.00222508745715837,0.0244759620287421,0.00222508745715837
"HIRTE",2020,306,2020-07-13,"Gavin, Courtenay, Aidan",1,1,5,7,4,1,2,2,"Many dead trees",11,1,4,50.2654824574367,2,1,11,0,2,9,7.2,6.54166666666667,0.0033516875,50.2654824574367,11,11,2,1,0,0.290747794353651,2,3,0.0397887357729738,0.0198943678864869,0.0596831036594608,0.0397887357729738,0.0397887357729738,0.181818181818182,0.0909090909090909,0.272727272727273,2,0.181818181818182,0.00361715779754308,0.00180857889877154,0.00542573669631461,0.0397887357729738,0.00361715779754308
"HIRTE",2023,306,2023-07-13,"EC MB",1,1,10,6,1,2,4,1,"hot open site",1,1,NA,NA,1,NA,1,0,0,1,7.9,NA,NA,81.7128249198705,11,11,3,NA,NA,0.433227018227027,1.43322701822703,NA,0.012237981014371,NA,NA,0.012237981014371,0.017539805038346,0.0909090909090909,NA,NA,0.0909090909090909,0.130293365293366,0.00111254372857919,NA,NA,0.00111254372857919,0.00159452773075872
"HIXNG",2018,413,2018-07-24,NA,0,0,0,0,NA,NA,NA,0,NA,11,1,3.9,47.7836242611007,0,1,11,0,0,11,17.8,19.2909090909091,0.0293092702169625,47.7836242611007,NA,NA,NA,NA,NA,NA,0,1,0,0.0209276716754629,0.0209276716754629,0,0,0,0.0909090909090909,0.0909090909090909,0,0,0,0.00190251560686026,0.00190251560686026,0,0
"HIXNG",2020,413,2020-07-31,"Aidan + Courtenay",1,0,1,0,0,0,2,0,NA,11,1,3.6,40.7150407905237,0,7,11,0,0,11,18.2,17.7384615384615,0.0362546296296296,40.7150407905237,11,11,2,1,0,0.290747794353651,0,7,0,0.17192663605606,0.17192663605606,0,0,0,0.636363636363636,0.636363636363636,0,0,0,0.0156296941869145,0.0156296941869145,0,0
"HIXNG",2023,540,2023-07-19,"EC, BW",1,0,1,0,0,0,0,3,"lots of pathogen standing dead",1,1,NA,NA,3,NA,1,0,0,1,18.8,NA,NA,47.7836242611007,11,11,3,NA,NA,0.433227018227027,3.43322701822703,NA,0.0627830150263887,NA,NA,0.0627830150263887,0.0718494478247837,0.272727272727273,NA,NA,0.272727272727273,0.312111547111548,0.00570754682058079,NA,NA,0.00570754682058079,0.00653176798407125
"HJHN",2018,222,2018-07-06,NA,NA,NA,0,0,NA,NA,NA,1,NA,11,1,4.6,66.47610054996,1,0,11,0,1,10,26.1,21.25,0.0218494801512287,66.47610054996,NA,NA,NA,NA,NA,NA,1,1,0.0150430002922396,0,0.0150430002922396,0.0150430002922396,0.0150430002922396,0.0909090909090909,0,0.0909090909090909,1,0.0909090909090909,0.00136754548111269,0,0.00136754548111269,0.0150430002922396,0.00136754548111269
"HJHN",2023,222,2023-07-10,"HL, VM",0,0,0,0,0,0,5,0,NA,1,1,NA,NA,0,NA,1,0,0,1,26.7,NA,NA,66.47610054996,11,11,5,NA,NA,0.712523921671231,0.712523921671231,NA,0,NA,NA,0,0.0107184975619281,0,NA,NA,0,0.0647749019701119,0,NA,NA,0,0.000974408869266188
"HKIOP",2018,323,2018-07-16,NA,NA,NA,12,1,NA,NA,NA,0,"DESCENDING FROM SITE VERY STEEP BEST TO TAKE GULLY TO TALUS/CLIFFS",8,1,3.7,43.0084034276443,0,0,8,0,0,8,14.8,10.1375,0.00664492330168006,43.0084034276443,NA,NA,NA,NA,NA,NA,0,0,0,0,0,0,0,0,0,0,0,0,0,0,0,0,0
"HKIOP",2020,323,2020-07-17,"Gavin, Courtenay, Aidan",0,0,10,4,9,2,5,0,NA,8,1,3.7,43.0084034276443,0,1,8,0,0,8,14.8,10.325,0.00681986851716581,43.0084034276443,8,8,2,1,0,0.21145294134811,0,1,0,0.0232512699915114,0.0232512699915114,0,0,0,0.125,0.125,0,0,0,0.00290640874893892,0.00290640874893892,0,0
"HKIOP",2023,538,2023-07-17,"HL, EC",0,0,13,10,1,2,2,0,"found old nail, tag, and flashing",1,1,NA,NA,0,NA,1,0,0,1,15.9,NA,NA,43.0084034276443,8,8,3,NA,NA,0.315074195074201,0.315074195074201,NA,0,NA,NA,0,0.00732587517702838,0,NA,NA,0,0.0286431086431092,0,NA,NA,0,0.000665988652457125
"HKXB",2018,255,2018-07-10,NA,NA,NA,5,0,NA,NA,NA,0,NA,11,1,4.2,55.4176944093239,1,0,11,0,0,11,19.9,17.21,0.0190129818594104,55.4176944093239,NA,NA,NA,NA,NA,NA,1,1,0.0180447781283328,0,0.0180447781283328,0,0.0180447781283328,0.0909090909090909,0,0.0909090909090909,0,0.0909090909090909,0.00164043437530298,0,0.00164043437530298,0,0.00164043437530298
"HKXB",2023,255,2023-07-12,"EC AB MW",0,0,12,0,1,0,4,0,NA,1,1,NA,NA,0,NA,1,0,0,1,20.9,NA,NA,55.4176944093239,11,11,5,NA,NA,0.712523921671231,0.712523921671231,NA,0,NA,NA,0,0.012857336077687,0,NA,NA,0,0.0647749019701119,0,NA,NA,0,0.00116884873433518
"HLERZ",2018,426,2018-07-23,NA,0,0,4,0,NA,NA,NA,1,NA,11,1,5.5,95.0331777710912,2,1,11,0,1,10,18.5,20.4222222222222,0.0129203305785124,95.0331777710912,NA,NA,NA,NA,NA,NA,2,3,0.0210452817311597,0.0105226408655799,0.0315679225967396,0.0105226408655799,0.0210452817311597,0.181818181818182,0.0909090909090909,0.272727272727273,1,0.181818181818182,0.00191320743010543,0.000956603715052714,0.00286981114515814,0.0105226408655799,0.00191320743010543
"HLERZ",2020,426,2020-07-23,"Gavin + Courtenay",0,0,12,1,3,0,1,1,NA,11,1,5.3,88.2473376393373,2,2,11,0,1,10,18.2,21.21,0.0167611605553578,88.2473376393373,11,11,2,1,0,0.290747794353651,2,4,0.0226635732419929,0.0226635732419929,0.0453271464839859,0.0113317866209965,0.0226635732419929,0.181818181818182,0.181818181818182,0.363636363636364,1,0.181818181818182,0.00206032484018118,0.00206032484018118,0.00412064968036235,0.0113317866209965,0.00206032484018118
"HLERZ",2023,426,2023-08-13,"BB, CR",0,0,13,2,1,0,2,1,"slippery",1,1,NA,NA,1,NA,1,0,0,1,18.7,NA,NA,95.0331777710912,11,11,3,NA,NA,0.433227018227027,1.43322701822703,NA,0.0105226408655799,NA,NA,0.0105226408655799,0.0150813331916489,0.0909090909090909,NA,NA,0.0909090909090909,0.130293365293366,0.000956603715052714,NA,NA,0.000956603715052714,0.0013710302901499
"HNWA",2018,50,2018-06-25,NA,NA,NA,5,4,NA,NA,NA,0,NA,11,1,6.1,116.898662640076,0,0,11,0,0,11,8,12.6454545454545,0.00610902983069068,116.898662640076,NA,NA,NA,NA,NA,NA,0,0,0,0,0,0,0,0,0,0,0,0,0,0,0,0,0
"HOEC",2018,3,2018-06-22,NA,NA,NA,1,0,NA,NA,NA,0,NA,11,1,3.3,34.2119439975928,0,0,11,0,0,11,30.4,24.0181818181818,0.0594736455463728,34.2119439975928,NA,NA,NA,NA,NA,NA,0,0,0,0,0,0,0,0,0,0,0,0,0,0,0,0,0
"HOEC",2023,3,2023-06-28,"EC CP",0,0,2,0,0,0,1,0,NA,1,1,NA,NA,0,NA,1,0,0,1,30.5,NA,NA,34.2119439975928,11,11,5,NA,NA,0.712523921671231,0.712523921671231,NA,0,NA,NA,0,0.0208267592663359,0,NA,NA,0,0.0647749019701119,0,NA,NA,0,0.00189334175148508
"HQVA",2018,72,2018-06-27,NA,NA,NA,23,27,NA,NA,NA,0,NA,11,1,6,113.097335529233,0,0,11,0,0,11,33.5,20.7636363636364,0.0182368333333333,113.097335529233,NA,NA,NA,NA,NA,NA,0,0,0,0,0,0,0,0,0,0,0,0,0,0,0,0,0
"HQVA",2023,72,2023-07-11,"HL VM",0,0,13,26,5,1,4,0,NA,1,1,NA,NA,0,NA,1,0,0,1,34.6,NA,NA,113.097335529233,11,11,5,NA,NA,0.712523921671231,0.712523921671231,NA,0,NA,NA,0,0.00630009467806661,0,NA,NA,0,0.0647749019701119,0,NA,NA,0,0.000572735879824237
"HSYDC",2018,448,2018-07-25,NA,0,0,0,0,NA,NA,NA,0,NA,11,1,6.6,136.847775990371,0,1,11,0,0,11,15.4,22.1818181818182,0.014449173553719,136.847775990371,NA,NA,NA,NA,NA,NA,0,1,0,0.00730738948998601,0.00730738948998601,0,0,0,0.0909090909090909,0.0909090909090909,0,0,0,0.000664308135453274,0.000664308135453274,0,0
"HSYDC",2020,448,2020-07-28,"Gavin + Nicole",0,0,0,0,0,0,5,0,"heavy trampling at site (Bear?) (logs moved, etc)",10,1,6.7,141.026094219646,0,1,10,0,0,10,15.5,22.47,0.0129644687012698,141.026094219646,11,11,2,1,0,0.290747794353651,0,1,0,0.00709088630393831,0.00709088630393831,0,0,0,0.1,0.1,0,0,0,0.000709088630393831,0.000709088630393831,0,0
"HSYDC",2023,448,2023-07-05,"EC, VM, MB",0,0,1,0,0,0,4,0,NA,1,1,NA,NA,0,NA,1,0,0,1,15.8,NA,NA,136.847775990371,10,10,3,NA,NA,0.393842743842752,0.393842743842752,NA,0,NA,NA,0,0.00287796232706378,0,NA,NA,0,0.0358038858038865,0,NA,NA,0,0.00026163293882398
"HTPR",2018,65,2018-06-26,NA,NA,NA,11,3,NA,NA,NA,7,"This site is very unpleasant. Lots of dead trees--windfall gap?",11,1,5,78.5398163397448,7,0,11,0,7,4,26.4,20.575,0.007547,78.5398163397448,NA,NA,NA,NA,NA,NA,7,7,0.0891267681314614,0,0.0891267681314614,0.0891267681314614,0.0891267681314614,0.636363636363636,0,0.636363636363636,7,0.636363636363636,0.00810243346649649,0,0.00810243346649649,0.0891267681314614,0.00810243346649649
"HUDTN",2018,491,2018-07-27,NA,0,1,1,0,NA,NA,NA,1,NA,11,1,3,28.2743338823081,1,0,11,0,1,10,21.4,25.34,0.0758815555555556,28.2743338823081,NA,NA,NA,NA,NA,NA,1,1,0.0353677651315323,0,0.0353677651315323,0.0353677651315323,0.0353677651315323,0.0909090909090909,0,0.0909090909090909,1,0.0909090909090909,0.00321525137559385,0,0.00321525137559385,0.0353677651315323,0.00321525137559385
"HUDTN",2020,491,2020-07-21,"Gavin, Courtenay",0,1,0,0,0,0,6,1,"Mt CB Ski area. Small stand, some lodgepole pines nearby, damaged",11,1,3.1,30.1907054009979,1,0,11,0,1,10,21.5,25.3727272727273,0.0779595213319459,30.1907054009979,11,11,2,1,0,0.290747794353651,1,1,0.0331227769181884,0,0.0331227769181884,0.0331227769181884,0.0331227769181884,0.0909090909090909,0,0.0909090909090909,1,0.0909090909090909,0.00301116153801713,0,0.00301116153801713,0.0331227769181884,0.00301116153801713
"HUDTN",2023,541,2023-08-10,"BB, CR",0,1,0,0,0,0,4,1,"found reflector on the ground. tagged downhill side. measured distances with tape",11,1,3.1,30.1907054009979,1,0,11,0,1,10,21.5,26.02,0.0746555671175858,30.1907054009979,11,11,3,1,0,0.433227018227027,1,1,0.0331227769181884,0,0.0331227769181884,0.0331227769181884,0.0331227769181884,0.0909090909090909,0,0.0909090909090909,1,0.0909090909090909,0.00301116153801713,0,0.00301116153801713,0.0331227769181884,0.00301116153801713
"HVDLX",2018,343,2018-07-18,NA,0,0,3,1,NA,NA,NA,0,NA,11,1,4.4,60.8212337734984,0,0,11,0,0,11,24.7,20.5,0.0262466425619835,60.8212337734984,NA,NA,NA,NA,NA,NA,0,0,0,0,0,0,0,0,0,0,0,0,0,0,0,0,0
"HVDLX",2020,343,2020-07-31,"Ben + Gavin",0,0,3,2,2,1,1,0,"leaf hoppers",11,1,4.6,66.47610054996,0,1,11,0,0,11,26.3,21.3636363636364,0.0261035916824197,66.47610054996,11,11,2,1,0,0.290747794353651,0,1,0,0.0150430002922396,0.0150430002922396,0,0,0,0.0909090909090909,0.0909090909090909,0,0,0,0.00136754548111269,0.00136754548111269,0,0
"HVDLX",2023,343,2023-07-28,"HL, VM",0,0,10,1,0,1,1,0,NA,1,1,NA,NA,0,NA,1,0,0,1,26.8,NA,NA,60.8212337734984,11,11,3,NA,NA,0.433227018227027,0.433227018227027,NA,0,NA,NA,0,0.00712295675948285,0,NA,NA,0,0.0393842743842752,0,NA,NA,0,0.00064754152358935
"HWIB",2018,179,2018-07-02,NA,NA,NA,6,6,NA,NA,NA,2,NA,11,1,4.6,66.47610054996,2,0,11,0,2,9,11.1,16.7333333333333,0.0144122873345936,66.47610054996,NA,NA,NA,NA,NA,NA,2,2,0.0300860005844793,0,0.0300860005844793,0.0300860005844793,0.0300860005844793,0.181818181818182,0,0.181818181818182,2,0.181818181818182,0.00273509096222539,0,0.00273509096222539,0.0300860005844793,0.00273509096222539
"HWIB",2023,179,2023-07-17,"MB, VM",1,0,1,7,1,3,0,3,"some trees have fungal stripes and two trees dead with flaky bark",1,1,NA,NA,3,NA,1,0,0,1,11.9,NA,NA,66.47610054996,11,11,5,NA,NA,0.712523921671231,3.71252392167123,NA,0.0451290008767189,NA,NA,0.0451290008767189,0.055847498438647,0.272727272727273,NA,NA,0.272727272727273,0.337502174697385,0.00410263644333808,NA,NA,0.00410263644333808,0.00507704531260427
"HWJR",2018,168,2018-07-02,NA,NA,NA,4,2,NA,NA,NA,0,NA,11,1,7.5,176.714586764426,0,0,11,0,0,11,35.4,27.7363636363636,0.0158551288888889,176.714586764426,NA,NA,NA,NA,NA,NA,0,0,0,0,0,0,0,0,0,0,0,0,0,0,0,0,0
"HWJR",2023,168,2023-07-18,"HL, VM",0,0,0,3,3,0,2,0,NA,1,1,NA,NA,0,NA,1,0,0,1,36,NA,NA,176.714586764426,11,11,5,NA,NA,0.712523921671231,0.712523921671231,NA,0,NA,NA,0,0.00403206059396263,0,NA,NA,0,0.0647749019701119,0,NA,NA,0,0.000366550963087512
"HXQLU",2018,453,2018-07-24,NA,0,0,3,2,NA,NA,NA,2,NA,9,1,3.7,43.0084034276443,2,0,9,0,2,7,16.3,15.7714285714286,0.0146517165814463,43.0084034276443,NA,NA,NA,NA,NA,NA,2,2,0.0465025399830227,0,0.0465025399830227,0.0465025399830227,0.0465025399830227,0.222222222222222,0,0.222222222222222,2,0.222222222222222,0.00516694888700253,0,0.00516694888700253,0.0465025399830227,0.00516694888700253
"HXQLU",2020,453,2020-08-12,"Gavin and Erin",0,0,2,3,0,0,1,3,"Non-presence of cows assumed based on area",11,1,3.8,45.3645979178366,3,0,11,0,3,8,16.6,15,0.0147436288088643,45.3645979178366,9,9,2,1,0,0.237884559016624,3,3,0.0661308627805659,0,0.0661308627805659,0.0661308627805659,0.0661308627805659,0.272727272727273,0,0.272727272727273,3,0.272727272727273,0.00601189661641508,0,0.00601189661641508,0.0661308627805659,0.00601189661641508
"HXQLU",2023,453,2023-06-29,"EC CP",0,1,4,3,0,1,1,2,"cows: open clearing",11,1,3.8,45.3645979178366,3,0,11,0,2,9,17.2,15.275,0.0152168975069252,45.3645979178366,11,11,3,1,0,0.433227018227027,3,3,0.0661308627805659,0,0.0661308627805659,0.0440872418537106,0.0661308627805659,0.272727272727273,0,0.272727272727273,2,0.272727272727273,0.00601189661641508,0,0.00601189661641508,0.0440872418537106,0.00601189661641508
"HYCJ",2018,41,2018-06-25,NA,NA,NA,4,0,NA,NA,NA,0,"Site in Rocky Streambed",11,1,3.5,38.484510006475,0,0,11,0,0,11,23.6,21.3454545454545,0.050801306122449,38.484510006475,NA,NA,NA,NA,NA,NA,0,0,0,0,0,0,0,0,0,0,0,0,0,0,0,0,0
"HYSMR",2018,346,2018-07-18,NA,0,0,0,0,NA,NA,NA,3,NA,5,1,2,12.5663706143592,3,0,5,0,3,2,23.3,23.95,0.02870125,12.5663706143592,NA,NA,NA,NA,NA,NA,3,3,0.238732414637843,0,0.238732414637843,0.238732414637843,0.238732414637843,0.6,0,0.6,3,0.6,0.0477464829275686,0,0.0477464829275686,0.238732414637843,0.0477464829275686
"HYSMR",2020,346,2020-07-31,"Ben + Gavin",0,0,0,0,0,0,0,3,NA,5,1,2.1,13.854423602331,3,0,5,0,3,2,24.1,24.3,0.0267814058956916,13.854423602331,5,5,2,1,0,0.132158088342569,3,3,0.216537337539994,0,0.216537337539994,0.216537337539994,0.216537337539994,0.6,0,0.6,3,0.6,0.0433074675079987,0,0.0433074675079987,0.216537337539994,0.0433074675079987
"HYSMR",2023,346,2023-07-28,"HL, VM",0,0,0,0,0,0,0,2,NA,1,1,NA,NA,2,NA,1,0,0,1,24.6,NA,NA,12.5663706143592,5,5,3,NA,NA,0.196921371921376,2.19692137192138,NA,0.159154943091895,NA,NA,0.159154943091895,0.174825447962758,0.181818181818182,NA,NA,0.181818181818182,0.199720124720125,0.0144686311901723,NA,NA,0.0144686311901723,0.0158932225420689
"HYXUD",2018,433,2018-07-23,NA,0,0,0,0,NA,NA,NA,0,NA,11,1,7,153.9380400259,0,0,11,0,0,11,26.1,15.0181818181818,0.00554755102040816,153.9380400259,NA,NA,NA,NA,NA,NA,0,0,0,0,0,0,0,0,0,0,0,0,0,0,0,0,0
"HYXUD",2020,433,2020-07-06,"Nicole, Gavin, Roxy, Gabriel, Courtenay",0,0,2,0,NA,NA,0,0,NA,11,1,7.2,162.860163162095,0,0,11,0,0,11,26.5,16.1818181818182,0.0063301311728395,162.860163162095,11,11,2,1,0,0.290747794353651,0,0,0,0,0,0,0,0,0,0,0,0,0,0,0,0,0
"HYXUD",2023,433,2023-08-13,"BB, CR",0,0,14,0,1,0,0,0,"on northside (national forest) of fence; lots of leafhoppers",11,1,7.2,162.860163162095,0,1,11,0,0,11,27.5,16.9363636363636,0.00686668595679012,162.860163162095,11,11,3,1,0,0.433227018227027,0,1,0,0.00614023700200213,0.00614023700200213,0,0,0,0.0909090909090909,0.0909090909090909,0,0,0,0.000558203363818376,0.000558203363818376,0,0
"IALXT",2018,376,2018-07-20,NA,NA,1,10,0,NA,NA,NA,0,NA,11,1,4.4,60.8212337734984,0,2,11,0,0,11,19.6,17.5181818181818,0.0195815599173554,60.8212337734984,NA,NA,NA,NA,NA,NA,0,2,0,0.032883252704937,0.032883252704937,0,0,0,0.181818181818182,0.181818181818182,0,0,0,0.00298938660953973,0.00298938660953973,0,0
"IALXT",2020,503,2020-07-10,"Gavin, Courtenay, Aidan",0,1,10,0,NA,NA,3,0,NA,11,1,4.4,60.8212337734984,0,2,11,0,0,11,19.3,17.2,0.0206684917355372,60.8212337734984,11,11,2,1,0,0.290747794353651,0,2,0,0.032883252704937,0.032883252704937,0,0,0,0.181818181818182,0.181818181818182,0,0,0,0.00298938660953973,0.00298938660953973,0,0
"IAPK",2018,2,2018-06-22,NA,NA,NA,0,0,NA,NA,NA,2,"Changed photo names to match available files and sequence",11,1,4.62,67.055410235282,2,0,11,0,2,9,21.2,24.9444444444444,0.0270847154288713,67.055410235282,NA,NA,NA,NA,NA,NA,2,2,0.0298260795509633,0,0.0298260795509633,0.0298260795509633,0.0298260795509633,0.181818181818182,0,0.181818181818182,2,0.181818181818182,0.0027114617773603,0,0.0027114617773603,0.0298260795509633,0.0027114617773603
"IAPK",2023,527,2023-06-28,"EC CP",0,0,2,0,0,0,0,2,NA,1,1,NA,NA,2,NA,1,0,0,1,21.5,NA,NA,67.055410235282,11,11,5,NA,NA,0.712523921671231,2.71252392167123,NA,0.0298260795509633,NA,NA,0.0298260795509633,0.0404519771358286,0.181818181818182,NA,NA,0.181818181818182,0.246593083788294,0.0027114617773603,NA,NA,0.0027114617773603,0.00367745246689351
"IDYAX",2018,425,2018-07-23,NA,0,0,4,1,NA,NA,NA,0,NA,11,1,10.7,359.680942909495,0,2,11,0,0,11,21.9,18.7636363636364,0.00435052843043061,359.680942909495,NA,NA,NA,NA,NA,NA,0,2,0,0.00556048364370322,0.00556048364370322,0,0,0,0.181818181818182,0.181818181818182,0,0,0,0.000505498513063929,0.000505498513063929,0,0
"IDYAX",2020,425,2020-07-23,"Gavin + Courtenay",0,0,6,1,2,0,0,1,"renailed in nail, was short",11,1,10.6,352.989350557349,2,2,10,1,1,9,24.1,19.63,0.00441823602705589,352.989350557349,11,10,2,0.909090909090909,0.0465361826677765,0.290747794353651,2,4,0.00566589331049823,0.00566589331049823,0.0113317866209965,0.00283294665524912,0.00566589331049823,0.181818181818182,0.181818181818182,0.363636363636364,1,0.181818181818182,0.000515081210045294,0.000515081210045294,0.00103016242009059,0.00283294665524912,0.000515081210045294
"IDYAX",2023,425,2023-08-13,"BB, CR",0,0,6,1,2,0,0,0,NA,11,1,8.5,226.980069221863,2,3,10,1,1,9,24.5,18.1636363636364,0.00707316262975779,226.980069221863,10,10,3,1,0,0.393842743842752,2,5,0.00881134633034715,0.0132170194955207,0.0220283658258679,0,0.00881134633034715,0.181818181818182,0.272727272727273,0.454545454545455,0,0.181818181818182,0.000801031484577013,0.00120154722686552,0.00200257871144253,0,0.000801031484577013
"IGKFX",2018,438,2018-07-25,NA,0,0,6,0,NA,NA,NA,1,NA,10,1,7.4,172.033613710577,1,1,10,0,1,9,24.1,29.0444444444444,0.0141902848794741,172.033613710577,NA,NA,NA,NA,NA,NA,1,2,0.00581281749787784,0.00581281749787784,0.0116256349957557,0.00581281749787784,0.00581281749787784,0.1,0.1,0.2,1,0.1,0.000581281749787784,0.000581281749787784,0.00116256349957557,0.00581281749787784,0.000581281749787784
"IGKFX",2020,438,2020-07-27,"Gavin + Aidan",0,1,6,1,0,0,5,0,NA,10,1,7.4,172.033613710577,1,2,9,1,0,9,24.5,29.7,0.0146642987582177,172.033613710577,10,9,2,0.9,0.0513148776306671,0.264316176685138,1,3,0.00581281749787784,0.0116256349957557,0.0174384524936335,0,0.00581281749787784,0.1,0.2,0.3,0,0.1,0.000581281749787784,0.00116256349957557,0.00174384524936335,0,0.000581281749787784
"IGKFX",2023,438,2023-07-05,"EC, M, MB",0,0,19,1,0,0,5,1,"sooty bark",1,1,NA,NA,1,NA,1,0,0,1,24.9,NA,NA,172.033613710577,9,10,3,NA,NA,0.354458469458476,1.35445846945848,NA,0.00581281749787784,NA,NA,0.00581281749787784,0.00787321989141707,0.0909090909090909,NA,NA,0.0909090909090909,0.123132588132589,0.000528437954352531,NA,NA,0.000528437954352531,0.000715747262856098
"IHMK",2018,159,2018-07-02,NA,NA,NA,0,0,NA,NA,NA,0,NA,11,1,5.7,102.070345315132,0,0,11,0,0,11,29.7,26.4090909090909,0.0253469682979378,102.070345315132,NA,NA,NA,NA,NA,NA,0,0,0,0,0,0,0,0,0,0,0,0,0,0,0,0,0
"IHMK",2023,159,2023-07-18,"HL, VM",0,0,2,1,0,0,1,1,NA,1,1,NA,NA,1,NA,1,0,1,0,NA,NA,NA,102.070345315132,11,11,5,NA,NA,0.712523921671231,1.71252392167123,NA,0.00979716485638014,NA,NA,0.00979716485638014,0.0167778791811077,0.0909090909090909,NA,NA,0.0909090909090909,0.155683992879203,0.000890651350580013,NA,NA,0.000890651350580013,0.00152526174373706
"IHMZ",2018,257,2018-07-10,NA,NA,NA,6,0,NA,NA,NA,0,NA,11,1,4,50.2654824574367,1,0,11,0,0,11,37.9,25.05,0.0474695625,50.2654824574367,NA,NA,NA,NA,NA,NA,1,1,0.0198943678864869,0,0.0198943678864869,0,0.0198943678864869,0.0909090909090909,0,0.0909090909090909,0,0.0909090909090909,0.00180857889877154,0,0.00180857889877154,0,0.00180857889877154
"IHMZ",2023,257,2023-07-25,"HL, VM",0,0,9,0,2,0,4,3,NA,1,1,NA,NA,3,NA,0,1,0,0,NA,NA,NA,50.2654824574367,11,10,5,NA,NA,0.712523921671231,3.71252392167123,NA,0.0596831036594608,NA,NA,0.0596831036594608,0.0738583166851106,0.272727272727273,NA,NA,0.272727272727273,0.337502174697385,0.00542573669631461,NA,NA,0.00542573669631461,0.00671439242591915
"INWEG",2018,423,2018-07-23,NA,0,0,0,8,NA,NA,NA,0,NA,11,1,5,78.5398163397448,0,1,11,0,0,11,18.8,18.2363636363636,0.0191224,78.5398163397448,NA,NA,NA,NA,NA,NA,0,1,0,0.0127323954473516,0.0127323954473516,0,0,0,0.0909090909090909,0.0909090909090909,0,0,0,0.00115749049521378,0.00115749049521378,0,0
"INWEG",2020,423,2020-07-23,"CR+GJB",0,0,0,7,5,2,2,0,NA,11,1,4.1,52.8101725068444,0,2,11,0,0,11,19.1,14.2529411764706,0.0275774538964902,52.8101725068444,11,11,2,1,0,0.290747794353651,0,2,0,0.0378714915150257,0.0378714915150257,0,0,0,0.181818181818182,0.181818181818182,0,0,0,0.00344286286500233,0.00344286286500233,0,0
"IOAQ",2018,51,2018-06-25,NA,NA,NA,1,0,NA,NA,NA,1,NA,11,1,6.4,128.679635091038,1,0,11,0,1,10,33.5,24.78,0.016844970703125,128.679635091038,NA,NA,NA,NA,NA,NA,1,1,0.00777123745565895,0,0.00777123745565895,0.00777123745565895,0.00777123745565895,0.0909090909090909,0,0.0909090909090909,1,0.0909090909090909,0.000706476132332632,0,0.000706476132332632,0.00777123745565895,0.000706476132332632
"IOREZ",2018,335,2018-07-17,NA,NA,NA,1,0,NA,NA,NA,1,NA,11,1,3.9,47.7836242611007,1,1,11,0,1,10,23.5,16.64,0.0206404996712689,47.7836242611007,NA,NA,NA,NA,NA,NA,1,2,0.0209276716754629,0.0209276716754629,0.0418553433509258,0.0209276716754629,0.0209276716754629,0.0909090909090909,0.0909090909090909,0.181818181818182,1,0.0909090909090909,0.00190251560686026,0.00190251560686026,0.00380503121372053,0.0209276716754629,0.00190251560686026
"IOREZ",2020,335,2020-07-29,"Gavin + Courtenay + Aidan",0,0,1,1,0,0,1,1,NA,11,1,4,50.2654824574367,1,3,11,0,1,10,23.7,16.91,0.0202424375,50.2654824574367,11,11,2,1,0,0.290747794353651,1,4,0.0198943678864869,0.0596831036594608,0.0795774715459477,0.0198943678864869,0.0198943678864869,0.0909090909090909,0.272727272727273,0.363636363636364,1,0.0909090909090909,0.00180857889877154,0.00542573669631461,0.00723431559508615,0.0198943678864869,0.00180857889877154
"IOREZ",2023,335,2023-07-18,"EC, MB",0,0,0,1,1,0,1,2,"lots of bare earth",1,1,NA,NA,2,NA,1,0,0,1,24.3,NA,NA,47.7836242611007,11,11,3,NA,NA,0.433227018227027,2.43322701822703,NA,0.0418553433509258,NA,NA,0.0418553433509258,0.0509217761493208,0.181818181818182,NA,NA,0.181818181818182,0.221202456202457,0.00380503121372053,NA,NA,0.00380503121372053,0.00462925237721098
"IPNW",2018,273,2018-07-10,NA,NA,NA,12,2,NA,NA,NA,0,NA,11,1,4.7,69.3977817177985,0,0,11,0,0,11,26.4,16.0545454545455,0.0168740606609325,69.3977817177985,NA,NA,NA,NA,NA,NA,0,0,0,0,0,0,0,0,0,0,0,0,0,0,0,0,0
"IPNW",2023,273,2023-07-12,"EC AB MW",0,0,27,5,3,0,1,1,NA,1,1,NA,NA,1,NA,1,0,0,1,27.2,NA,NA,69.3977817177985,11,11,5,NA,NA,0.712523921671231,1.71252392167123,NA,0.0144096824890806,NA,NA,0.0144096824890806,0.0246769259662376,0.0909090909090909,NA,NA,0.0909090909090909,0.155683992879203,0.00130997113537096,NA,NA,0.00130997113537096,0.0022433569060216
"IRPK",2018,220,2018-07-06,NA,NA,NA,0,0,NA,NA,NA,1,NA,11,1,6.3,124.689812420979,2,0,11,0,1,10,24,20.6777777777778,0.0102365079365079,124.689812420979,NA,NA,NA,NA,NA,NA,2,2,0.0160398027807403,0,0.0160398027807403,0.00801990139037014,0.0160398027807403,0.181818181818182,0,0.181818181818182,1,0.181818181818182,0.00145816388915821,0,0.00145816388915821,0.00801990139037014,0.00145816388915821
"IRPK",2023,220,2023-07-10,"HL, VM",0,0,1,0,0,0,6,1,NA,1,1,NA,NA,1,NA,1,0,0,1,25.2,NA,NA,124.689812420979,11,11,5,NA,NA,0.712523921671231,1.71252392167123,NA,0.00801990139037014,NA,NA,0.00801990139037014,0.0137342729804532,0.0909090909090909,NA,NA,0.0909090909090909,0.155683992879203,0.000729081944579103,NA,NA,0.000729081944579103,0.00124857027095029
"ITRF",2018,146,2018-07-02,NA,NA,NA,4,0,NA,NA,NA,0,NA,11,1,14.4,651.44065264838,0,0,11,0,0,11,10.5,15.0181818181818,0.00160038580246914,651.44065264838,NA,NA,NA,NA,NA,NA,0,0,0,0,0,0,0,0,0,0,0,0,0,0,0,0,0
"ITRF",2023,146,2023-07-18,"HL, VM",0,0,0,0,0,0,1,1,NA,1,1,NA,NA,1,NA,1,0,0,1,11.6,NA,NA,651.44065264838,11,11,5,NA,NA,0.712523921671231,1.71252392167123,NA,0.00153505925050053,NA,NA,0.00153505925050053,0.00262882568766488,0.0909090909090909,NA,NA,0.0909090909090909,0.155683992879203,0.000139550840954594,NA,NA,0.000139550840954594,0.00023898415342408
"ITYM",2018,114,2018-06-28,NA,NA,NA,2,0,NA,NA,NA,2,NA,11,1,4.8,72.3822947387088,2,0,11,0,2,9,29.5,28.7111111111111,0.0336762152777778,72.3822947387088,NA,NA,NA,NA,NA,NA,2,2,0.0276310665090096,0,0.0276310665090096,0.0276310665090096,0.0276310665090096,0.181818181818182,0,0.181818181818182,2,0.181818181818182,0.00251191513718269,0,0.00251191513718269,0.0276310665090096,0.00251191513718269
"ITYM",2023,114,2023-07-14,"MB, HL",1,0,3,0,0,1,3,1,"borderline unhealthy",1,1,NA,NA,1,NA,1,0,0,1,30.6,NA,NA,72.3822947387088,11,11,5,NA,NA,0.712523921671231,1.71252392167123,NA,0.0138155332545048,NA,NA,0.0138155332545048,0.0236594311889839,0.0909090909090909,NA,NA,0.0909090909090909,0.155683992879203,0.00125595756859135,NA,NA,0.00125595756859135,0.00215085738081672
"IUAK",2018,29,2018-06-23,NA,NA,NA,8,6,NA,NA,NA,0,NA,11,1,6,113.097335529233,0,1,10,0,0,11,10,12.7090909090909,0.00587688888888889,113.097335529233,NA,NA,NA,NA,NA,NA,0,1,0,0.00884194128288308,0.00884194128288308,0,0,0,0.0909090909090909,0.0909090909090909,0,0,0,0.000803812843898461,0.000803812843898461,0,0
"IUAK",2023,29,2023-06-28,"EC CP",0,0,1,7,0,0,2,2,"lots of bear sign",1,1,NA,NA,2,NA,1,0,0,1,11.6,NA,NA,113.097335529233,10,10,5,NA,NA,0.647749019701119,2.64774901970112,NA,0.0176838825657662,NA,NA,0.0176838825657662,0.0234112413640085,0.181818181818182,NA,NA,0.181818181818182,0.240704456336465,0.00160762568779692,NA,NA,0.00160762568779692,0.00212829466945532
"IVEZ",2018,18,2018-06-23,NA,NA,NA,2,0,NA,NA,NA,0,NA,11,1,7.3,167.4154725098,0,1,11,0,0,11,29.6,24.7727272727273,0.0129743103771815,167.4154725098,NA,NA,NA,NA,NA,NA,0,1,0,0.00597316356133966,0.00597316356133966,0,0,0,0.0909090909090909,0.0909090909090909,0,0,0,0.000543014869212697,0.000543014869212697,0,0
"IVEZ",2023,18,2023-06-28,"EC CP",0,1,9,0,0,0,2,1,"steeper slope",1,1,NA,NA,1,NA,1,0,0,1,30.8,NA,NA,167.4154725098,11,11,5,NA,NA,0.712523921671231,1.71252392167123,NA,0.00597316356133966,NA,NA,0.00597316356133966,0.0102291854868491,0.0909090909090909,NA,NA,0.0909090909090909,0.155683992879203,0.000543014869212697,NA,NA,0.000543014869212697,0.000929925953349918
"IWZCV",2018,291,2018-07-12,NA,NA,NA,22,3,NA,NA,NA,1,"Very small leaves",10,1,3.6,40.7150407905237,1,0,10,0,1,9,11.8,9.8,0.00691882716049383,40.7150407905237,NA,NA,NA,NA,NA,NA,1,1,0.0245609480080085,0,0.0245609480080085,0.0245609480080085,0.0245609480080085,0.1,0,0.1,1,0.1,0.00245609480080085,0,0.00245609480080085,0.0245609480080085,0.00245609480080085
"IWZCV",2020,291,2020-07-07,"Roxy, Gabriel, Nicole",0,0,15,7,NA,NA,3,0,"small leaves",10,1,3.6,40.7150407905237,1,1,10,0,0,10,12,9.86666666666667,0.0069912037037037,40.7150407905237,10,10,2,1,0,0.264316176685138,1,2,0.0245609480080085,0.0245609480080085,0.0491218960160171,0,0.0245609480080085,0.1,0.1,0.2,0,0.1,0.00245609480080085,0.00245609480080085,0.00491218960160171,0,0.00245609480080085
"IWZCV",2023,532,2023-07-02,"EC, VM, HL",0,1,23,2,6,2,3,1,"old tag gound; very open and wind exposed on bluff. Lots of regen",10,1,3.6,40.7150407905237,1,1,10,0,0,10,12.5,10.1222222222222,0.0073866512345679,40.7150407905237,10,10,3,1,0,0.393842743842752,1,2,0.0245609480080085,0.0245609480080085,0.0491218960160171,0.0245609480080085,0.0245609480080085,0.1,0.1,0.2,1,0.1,0.00245609480080085,0.00245609480080085,0.00491218960160171,0.0245609480080085,0.00245609480080085
"JANM",2018,201,2018-07-03,NA,NA,1,7,0,NA,NA,NA,3,"Lots of cow damage",11,1,3.6,40.7150407905237,3,0,11,0,3,8,25.4,18.4375,0.0237246141975309,40.7150407905237,NA,NA,NA,NA,NA,NA,3,3,0.0736828440240256,0,0.0736828440240256,0.0736828440240256,0.0736828440240256,0.272727272727273,0,0.272727272727273,3,0.272727272727273,0.00669844036582051,0,0.00669844036582051,0.0736828440240256,0.00669844036582051
"JANM",2023,201,2023-07-17,"MB, VM",0,0,6,0,2,0,0,4,NA,1,1,NA,NA,4,NA,1,0,0,1,27.1,NA,NA,40.7150407905237,11,11,5,NA,NA,0.712523921671231,4.71252392167123,NA,0.0982437920320341,NA,NA,0.0982437920320341,0.115744055026664,0.363636363636364,NA,NA,0.363636363636364,0.428411265606476,0.00893125382109401,NA,NA,0.00893125382109401,0.0105221868206058
"JBAY",2018,124,2018-06-29,NA,NA,NA,2,0,NA,NA,NA,1,NA,11,1,8.6,232.352192659501,1,0,11,0,1,10,33.7,31.6,0.0141175500270416,232.352192659501,NA,NA,NA,NA,NA,NA,1,1,0.00430381133293389,0,0.00430381133293389,0.00430381133293389,0.00430381133293389,0.0909090909090909,0,0.0909090909090909,1,0.0909090909090909,0.000391255575721263,0,0.000391255575721263,0.00430381133293389,0.000391255575721263
"JBAY",2023,124,2023-07-11,"VM HL",0,0,1,0,0,0,0,1,NA,1,1,NA,NA,1,NA,1,0,0,1,34.1,NA,NA,232.352192659501,11,11,5,NA,NA,0.712523921671231,1.71252392167123,NA,0.00430381133293389,NA,NA,0.00430381133293389,0.00737037986200904,0.0909090909090909,NA,NA,0.0909090909090909,0.155683992879203,0.000391255575721263,NA,NA,0.000391255575721263,0.000670034532909913
"JCSAT",2018,353,2018-07-18,NA,NA,NA,15,0,NA,NA,NA,2,NA,10,1,2.9,26.4207942166902,2,4,10,0,2,8,13,11.5125,0.0128633769322235,26.4207942166902,NA,NA,NA,NA,NA,NA,2,6,0.0756979515300334,0.151395903060067,0.2270938545901,0.0756979515300334,0.0756979515300334,0.2,0.4,0.6,2,0.2,0.00756979515300335,0.0151395903060067,0.02270938545901,0.0756979515300334,0.00756979515300335
"JCSAT",2020,353,2020-08-03,"Gavin and Aidan",1,0,7,0,14,0,1,2,NA,10,1,2.7,22.9022104446696,2,5,10,0,2,8,13,11.825,0.0156688614540466,22.9022104446696,10,10,2,1,0,0.264316176685138,2,7,0.0873278151395859,0.218319537848965,0.305647352988551,0.0873278151395859,0.0873278151395859,0.2,0.5,0.7,2,0.2,0.00873278151395859,0.0218319537848965,0.0305647352988551,0.0873278151395859,0.00873278151395859
"JCSAT",2023,353,2023-08-18,"BB, EH, KP",0,0,16,0,1,0,3,2,NA,10,1,2.7,22.9022104446696,3,3,10,0,3,7,13.9,12.3,0.0148621399176955,22.9022104446696,10,10,3,1,0,0.393842743842752,3,6,0.130991722709379,0.130991722709379,0.261983445418758,0.0873278151395859,0.130991722709379,0.3,0.3,0.6,2,0.3,0.0130991722709379,0.0130991722709379,0.0261983445418758,0.0873278151395859,0.0130991722709379
"JGRD",2018,95,2018-06-28,NA,NA,NA,1,0,NA,NA,NA,0,NA,11,1,5.1,81.7128249198705,1,0,11,0,0,11,34.3,24.56,0.0246150711264898,81.7128249198705,NA,NA,NA,NA,NA,NA,1,1,0.012237981014371,0,0.012237981014371,0,0.012237981014371,0.0909090909090909,0,0.0909090909090909,0,0.0909090909090909,0.00111254372857919,0,0.00111254372857919,0,0.00111254372857919
"JGRD",2023,95,2023-07-14,"MB HL",0,0,0,0,0,0,7,1,"none",1,1,NA,NA,1,NA,1,0,0,1,36.4,NA,NA,81.7128249198705,11,11,5,NA,NA,0.712523921671231,1.71252392167123,NA,0.012237981014371,NA,NA,0.012237981014371,0.0209578352400688,0.0909090909090909,NA,NA,0.0909090909090909,0.155683992879203,0.00111254372857919,NA,NA,0.00111254372857919,0.00190525774909716
"JIEQU",2018,375,2018-07-20,NA,0,0,22,0,NA,NA,NA,2,"very mature site. lots of big dark trees",11,1,5.9,109.358840271461,2,0,11,0,2,9,32.2,31.2111111111111,0.0255198793450158,109.358840271461,NA,NA,NA,NA,NA,NA,2,2,0.0182884163277099,0,0.0182884163277099,0.0182884163277099,0.0182884163277099,0.181818181818182,0,0.181818181818182,2,0.181818181818182,0.00166258330251908,0,0.00166258330251908,0.0182884163277099,0.00166258330251908
"JIEQU",2020,375,2020-07-10,"Gavin, Courtenay, Aiden",1,1,20,0,NA,NA,5,1,"very mature site, lots of mature trees",11,1,6.1,116.898662640076,3,2,9,2,1,8,32.7,30.96,0.0261336737436173,116.898662640076,11,9,2,0.818181818181818,0.0954431533378902,0.290747794353651,3,5,0.0256632533875671,0.0171088355917114,0.0427720889792785,0.0085544177958557,0.0256632533875671,0.272727272727273,0.181818181818182,0.454545454545455,1,0.272727272727273,0.00233302303523337,0.00155534869015558,0.00388837172538896,0.0085544177958557,0.00233302303523337
"JIPRX",2018,469,2018-07-26,NA,0,0,8,0,NA,NA,NA,0,NA,11,1,8.5,226.980069221863,0,2,11,0,0,11,28,17.4545454545455,0.00633879584775087,226.980069221863,NA,NA,NA,NA,NA,NA,0,2,0,0.00881134633034715,0.00881134633034715,0,0,0,0.181818181818182,0.181818181818182,0,0,0,0.000801031484577013,0.000801031484577013,0,0
"JIPRX",2020,469,2020-07-22,"Gavin + Ben",0,1,5,0,4,0,4,0,NA,11,1,7,153.9380400259,0,8,11,0,0,11,28,18.4833333333333,0.0109298367346939,153.9380400259,11,11,2,1,0,0.290747794353651,0,8,0,0.0519689610095985,0.0519689610095985,0,0,0,0.727272727272727,0.727272727272727,0,0,0,0.00472445100087259,0.00472445100087259,0,0
"JIPRX",2023,469,2023-07-11,"EC MB",1,1,14,0,1,0,0,0,"most trees have large wounds close to girdling",1,1,NA,NA,0,NA,1,0,0,1,29,NA,NA,226.980069221863,11,11,3,NA,NA,0.433227018227027,0.433227018227027,NA,0,NA,NA,0,0.00190865664863097,0,NA,NA,0,0.0393842743842752,0,NA,NA,0,0.000173514240784634
"JNLXY",2018,394,2018-07-21,NA,0,0,5,0,NA,NA,NA,0,NA,11,1,6.5,132.732289614169,2,0,11,0,0,11,33.8,29.8,0.0197981065088757,132.732289614169,NA,NA,NA,NA,NA,NA,2,2,0.0150679236063333,0,0.0150679236063333,0,0.0150679236063333,0.181818181818182,0,0.181818181818182,0,0.181818181818182,0.00136981123693939,0,0.00136981123693939,0,0.00136981123693939
"JNLXY",2020,394,2020-07-22,"Gavin + Ben",0,0,0,0,1,0,3,0,NA,11,1,6.4,128.679635091038,2,0,11,0,0,11,34.5,30.1,0.0208242431640625,128.679635091038,11,11,2,1,0,0.290747794353651,2,2,0.0155424749113179,0,0.0155424749113179,0,0.0155424749113179,0.181818181818182,0,0.181818181818182,0,0.181818181818182,0.00141295226466526,0,0.00141295226466526,0,0.00141295226466526
"JNLXY",2023,394,2023-07-07,"EC, MB",0,0,22,0,2,0,2,3,"very open understory",1,1,NA,NA,3,NA,1,0,0,1,35.2,NA,NA,132.732289614169,11,11,3,NA,NA,0.433227018227027,3.43322701822703,NA,0.0226018854094999,NA,NA,0.0226018854094999,0.0258658012169221,0.272727272727273,NA,NA,0.272727272727273,0.312111547111548,0.00205471685540908,NA,NA,0.00205471685540908,0.00235143647426565
"JOGHL",2018,399,2018-07-21,NA,1,0,2,0,NA,NA,NA,5,NA,10,1,4.7,69.3977817177985,5,2,10,0,5,5,25.5,13.72,0.00520162969669534,69.3977817177985,NA,NA,NA,NA,NA,NA,5,7,0.072048412445403,0.0288193649781612,0.100867777423564,0.072048412445403,0.072048412445403,0.5,0.2,0.7,5,0.5,0.0072048412445403,0.00288193649781612,0.0100867777423564,0.072048412445403,0.0072048412445403
"JOGHL",2020,399,2020-07-22,"Gavin + Ben",1,1,1,0,2,0,9,6,NA,11,1,5.1,81.7128249198705,6,3,11,0,6,5,25.3,14.14,0.00458635140330642,81.7128249198705,10,10,2,1,0,0.264316176685138,6,9,0.0734278860862262,0.0367139430431131,0.110141829129339,0.0734278860862262,0.0734278860862262,0.545454545454545,0.272727272727273,0.818181818181818,6,0.545454545454545,0.00667526237147511,0.00333763118573756,0.0100128935572127,0.0734278860862262,0.00667526237147511
"JOGHL",2023,399,2023-07-07,"EC, MB",1,1,1,0,0,0,12,5,"lots of down dead",1,1,NA,NA,5,NA,1,0,1,0,NA,NA,NA,69.3977817177985,11,11,3,NA,NA,0.433227018227027,5.43322701822703,NA,0.072048412445403,NA,NA,0.072048412445403,0.0782910762237456,0.454545454545455,NA,NA,0.454545454545455,0.49392972892973,0.00654985567685482,NA,NA,0.00654985567685482,0.00711737056579506
"JOVV",2018,264,2018-07-10,NA,NA,NA,1,0,NA,NA,NA,0,NA,11,1,6.6,136.847775990371,0,2,11,0,0,11,32.9,27.8,0.0212300275482094,136.847775990371,NA,NA,NA,NA,NA,NA,0,2,0,0.014614778979972,0.014614778979972,0,0,0,0.181818181818182,0.181818181818182,0,0,0,0.00132861627090655,0.00132861627090655,0,0
"JOVV",2023,264,2023-07-06,"VM, MB",0,0,0,0,0,0,8,1,NA,1,1,NA,NA,1,NA,1,0,0,1,34.1,NA,NA,136.847775990371,11,11,5,NA,NA,0.712523921671231,1.71252392167123,NA,0.00730738948998601,NA,NA,0.00730738948998601,0.01251407930657,0.0909090909090909,NA,NA,0.0909090909090909,0.155683992879203,0.000664308135453274,NA,NA,0.000664308135453274,0.00113764357332454
"JQFYC",2018,368,2018-07-19,NA,NA,NA,1,0,NA,NA,NA,1,NA,11,1,6,113.097335529233,1,0,11,0,1,10,28.1,24.61,0.0171279166666667,113.097335529233,NA,NA,NA,NA,NA,NA,1,1,0.00884194128288308,0,0.00884194128288308,0.00884194128288308,0.00884194128288308,0.0909090909090909,0,0.0909090909090909,1,0.0909090909090909,0.000803812843898461,0,0.000803812843898461,0.00884194128288308,0.000803812843898461
"JQFYC",2020,368,2020-08-07,"Gavin and Aidan",0,0,0,0,0,0,1,0,NA,11,1,6,113.097335529233,1,0,11,0,0,11,28.4,24.93,0.0175314166666667,113.097335529233,11,11,2,1,0,0.290747794353651,1,1,0.00884194128288308,0,0.00884194128288308,0,0.00884194128288308,0.0909090909090909,0,0.0909090909090909,0,0.0909090909090909,0.000803812843898461,0,0.000803812843898461,0,0.000803812843898461
"JQFYC",2023,368,2023-07-19,"MB, VM",0,0,0,0,0,0,1,0,NA,1,1,NA,NA,0,NA,1,0,0,1,29,NA,NA,113.097335529233,11,11,3,NA,NA,0.433227018227027,0.433227018227027,NA,0,NA,NA,0,0.00383056785732189,0,NA,NA,0,0.0393842743842752,0,NA,NA,0,0.000348233441574717
"JSAXZ",2018,320,2018-07-16,NA,0,0,9,1,NA,NA,NA,0,NA,11,1,6,113.097335529233,1,1,11,0,0,11,29,20.63,0.0147186944444444,113.097335529233,NA,NA,NA,NA,NA,NA,1,2,0.00884194128288308,0.00884194128288308,0.0176838825657662,0,0.00884194128288308,0.0909090909090909,0.0909090909090909,0.181818181818182,0,0.0909090909090909,0.000803812843898461,0.000803812843898461,0.00160762568779692,0,0.000803812843898461
"JSAXZ",2020,320,2020-07-15,"Gavin,  Aidan",0,0,8,2,1,0,1,0,NA,11,1,6,113.097335529233,1,2,11,0,0,11,29.1,20.96,0.0151451111111111,113.097335529233,11,11,2,1,0,0.290747794353651,1,3,0.00884194128288308,0.0176838825657662,0.0265258238486492,0,0.00884194128288308,0.0909090909090909,0.181818181818182,0.272727272727273,0,0.0909090909090909,0.000803812843898461,0.00160762568779692,0.00241143853169538,0,0.000803812843898461
"JSAXZ",2023,320,2023-08-19,"BB, CR",0,0,4,3,3,0,0,1,"reflector torn nail ok",11,1,5,78.5398163397448,2,2,11,0,1,10,29.6,20.3,0.02175776,78.5398163397448,11,11,3,1,0,0.433227018227027,2,4,0.0254647908947033,0.0254647908947033,0.0509295817894065,0.0127323954473516,0.0254647908947033,0.181818181818182,0.181818181818182,0.363636363636364,1,0.181818181818182,0.00231498099042757,0.00231498099042757,0.00462996198085514,0.0127323954473516,0.00231498099042757
"JSIA",2018,224,2018-07-06,NA,NA,NA,3,0,NA,NA,NA,0,NA,11,1,6.9,149.57122623741,0,0,11,0,0,11,29.4,27.4545454545455,0.0178164671287545,149.57122623741,NA,NA,NA,NA,NA,NA,0,0,0,0,0,0,0,0,0,0,0,0,0,0,0,0,0
"JSIA",2023,224,2023-07-10,"HL, VM",0,0,0,0,0,0,3,0,NA,1,1,NA,NA,0,NA,1,0,0,1,30.3,NA,NA,149.57122623741,11,11,5,NA,NA,0.712523921671231,0.712523921671231,NA,0,NA,NA,0,0.00476377669419025,0,NA,NA,0,0.0647749019701119,0,NA,NA,0,0.00043307060856275
"JTTN",2018,262,2018-07-10,NA,NA,NA,0,0,NA,NA,NA,1,NA,11,1,5.7,102.070345315132,1,0,11,0,1,10,29.5,22.45,0.016544567559249,102.070345315132,NA,NA,NA,NA,NA,NA,1,1,0.00979716485638014,0,0.00979716485638014,0.00979716485638014,0.00979716485638014,0.0909090909090909,0,0.0909090909090909,1,0.0909090909090909,0.000890651350580013,0,0.000890651350580013,0.00979716485638014,0.000890651350580013
"JTTN",2023,262,2023-07-06,"VM, MB",0,0,7,0,2,0,0,1,NA,1,1,NA,NA,1,NA,1,0,0,1,30,NA,NA,102.070345315132,11,11,5,NA,NA,0.712523921671231,1.71252392167123,NA,0.00979716485638014,NA,NA,0.00979716485638014,0.0167778791811077,0.0909090909090909,NA,NA,0.0909090909090909,0.155683992879203,0.000890651350580013,NA,NA,0.000890651350580013,0.00152526174373706
"JXHO",2018,218,2018-07-06,NA,NA,NA,0,0,NA,NA,NA,1,NA,11,1,5.7,102.070345315132,2,0,11,0,1,10,23.4,25.0777777777778,0.0175888273314866,102.070345315132,NA,NA,NA,NA,NA,NA,2,2,0.0195943297127603,0,0.0195943297127603,0.00979716485638014,0.0195943297127603,0.181818181818182,0,0.181818181818182,1,0.181818181818182,0.00178130270116003,0,0.00178130270116003,0.00979716485638014,0.00178130270116003
"JXHO",2023,218,2023-07-10,"HL, VM",0,0,0,0,0,0,2,1,NA,1,1,NA,NA,1,NA,1,0,0,1,24.2,NA,NA,102.070345315132,11,11,5,NA,NA,0.712523921671231,1.71252392167123,NA,0.00979716485638014,NA,NA,0.00979716485638014,0.0167778791811077,0.0909090909090909,NA,NA,0.0909090909090909,0.155683992879203,0.000890651350580013,NA,NA,0.000890651350580013,0.00152526174373706
"JYWI",2018,1,2018-06-22,NA,NA,NA,5,0,NA,NA,NA,1,NA,11,1,6.64,138.511563459713,1,0,11,0,1,10,6,10.675,0.00278914415190884,138.511563459713,NA,NA,NA,NA,NA,NA,1,1,0.00721961383600193,0,0.00721961383600193,0.00721961383600193,0.00721961383600193,0.0909090909090909,0,0.0909090909090909,1,0.0909090909090909,0.00065632853054563,0,0.00065632853054563,0.00721961383600193,0.00065632853054563
"JYWI",2023,529,2023-06-28,"EC CP",0,1,7,0,1,0,0,2,"right at stone edge. Found a 12.5 dbh tree tagged #1 directly below tree #12 (ASMP)... 38.95023, -106.96511 no",1,1,NA,NA,2,NA,1,0,0,1,7.8,NA,NA,138.511563459713,11,11,5,NA,NA,0.712523921671231,2.71252392167123,NA,0.0144392276720039,NA,NA,0.0144392276720039,0.0195833752353838,0.181818181818182,NA,NA,0.181818181818182,0.246593083788294,0.00131265706109126,NA,NA,0.00131265706109126,0.00178030683958035
"KGSTM",2018,367,2018-07-19,NA,NA,NA,0,0,NA,NA,NA,2,NA,10,1,4.1,52.8101725068444,2,3,10,0,2,8,23.7,20.3375,0.0232264723378941,52.8101725068444,NA,NA,NA,NA,NA,NA,2,5,0.0378714915150257,0.0568072372725385,0.0946787287875642,0.0378714915150257,0.0378714915150257,0.2,0.3,0.5,2,0.2,0.00378714915150257,0.00568072372725385,0.00946787287875642,0.0378714915150257,0.00378714915150257
"KGSTM",2020,367,2020-08-07,"Gavin and Aidan",0,0,0,0,0,0,3,2,NA,10,1,4.4,60.8212337734984,2,3,10,0,2,8,23.9,20.275,0.0199873966942149,60.8212337734984,10,10,2,1,0,0.264316176685138,2,5,0.032883252704937,0.0493248790574056,0.0822081317623426,0.032883252704937,0.032883252704937,0.2,0.3,0.5,2,0.2,0.00328832527049371,0.00493248790574056,0.00822081317623426,0.032883252704937,0.00328832527049371
"KGSTM",2023,367,2023-07-19,"MB, VM",0,0,0,0,0,0,2,1,NA,1,1,NA,NA,1,NA,1,0,0,1,25.2,NA,NA,52.8101725068444,10,10,3,NA,NA,0.393842743842752,1.39384274384275,NA,0.0189357457575128,NA,NA,0.0189357457575128,0.0263934518233604,0.0909090909090909,NA,NA,0.0909090909090909,0.126712976712977,0.00172143143250117,NA,NA,0.00172143143250117,0.00239940471121458
"KGWC",2018,103,2018-06-28,NA,0,0,0,0,NA,NA,NA,4,"very soggy",10,1,4.3,58.0880481648753,4,0,10,0,4,6,23.1,25.2166666666667,0.0211707409410492,58.0880481648753,NA,NA,NA,NA,NA,NA,4,4,0.0688609813269423,0,0.0688609813269423,0.0688609813269423,0.0688609813269423,0.4,0,0.4,4,0.4,0.00688609813269423,0,0.00688609813269423,0.0688609813269423,0.00688609813269423
"KGWC",2023,103,2023-07-11,"HL VM",0,0,0,0,0,0,2,3,NA,1,1,NA,NA,3,NA,1,0,0,1,23.1,NA,NA,58.0880481648753,10,10,5,NA,NA,0.647749019701119,3.64774901970112,NA,0.0516457359952067,NA,NA,0.0516457359952067,0.0627968942827527,0.272727272727273,NA,NA,0.272727272727273,0.331613547245556,0.00469506690865516,NA,NA,0.00469506690865516,0.00570880857115934
"KHMSF",2018,311,2018-07-14,NA,NA,NA,5,5,NA,NA,NA,0,"Site very steep and weedy and dry, 0/5 stars",11,1,2.3,16.61902513749,0,1,10,0,0,11,21,12.7545454545455,0.0436493383742911,16.61902513749,NA,NA,NA,NA,NA,NA,0,1,0,0.0601720011689586,0.0601720011689586,0,0,0,0.0909090909090909,0.0909090909090909,0,0,0,0.00547018192445078,0.00547018192445078,0,0
"KHMSF",2020,311,2020-07-13,"Gavin, Courtenay, Aiden",0,0,5,5,5,0,5,0,"Bees nest to north end of plot, site very steep and weedy and dry, 0/5 stars (confirmed in 2020)",11,1,2.3,16.61902513749,0,2,11,0,0,11,21.2,12.8090909090909,0.0438209829867675,16.61902513749,10,10,2,1,0,0.264316176685138,0,2,0,0.120344002337917,0.120344002337917,0,0,0,0.181818181818182,0.181818181818182,0,0,0,0.0109403638489016,0.0109403638489016,0,0
"KHMSF",2023,311,2023-07-13,"EC MB",0,0,8,7,0,1,7,0,"mosquitos",1,1,NA,NA,0,NA,1,0,0,1,21.4,NA,NA,16.61902513749,11,11,3,NA,NA,0.433227018227027,0.433227018227027,NA,0,NA,NA,0,0.0260681366471811,0,NA,NA,0,0.0393842743842752,0,NA,NA,0,0.00236983060428919
"KIFX",2018,173,2018-07-02,NA,NA,NA,7,2,NA,NA,NA,0,NA,11,1,13.5,572.55526111674,0,3,11,0,0,11,36.5,27.2090909090909,0.0053798463648834,572.55526111674,NA,NA,NA,NA,NA,NA,0,3,0,0.00523966890837516,0.00523966890837516,0,0,0,0.272727272727273,0.272727272727273,0,0,0,0.000476333537125014,0.000476333537125014,0,0
"KJORG",2018,434,2018-07-23,NA,0,0,12,0,NA,NA,NA,1,NA,11,1,4.7,69.3977817177985,1,0,11,0,1,10,25.7,21.52,0.0239014938886374,69.3977817177985,NA,NA,NA,NA,NA,NA,1,1,0.0144096824890806,0,0.0144096824890806,0.0144096824890806,0.0144096824890806,0.0909090909090909,0,0.0909090909090909,1,0.0909090909090909,0.00130997113537096,0,0.00130997113537096,0.0144096824890806,0.00130997113537096
"KJORG",2020,434,2020-07-06,"Nicole, Roxy, Gavin, Gabriel, Courtenay",0,0,21,0,NA,NA,1,1,NA,11,1,4.4,60.8212337734984,1,0,11,0,1,10,26.1,22.1272727272727,0.0313260330578512,60.8212337734984,11,11,2,1,0,0.290747794353651,1,1,0.0164416263524685,0,0.0164416263524685,0.0164416263524685,0.0164416263524685,0.0909090909090909,0,0.0909090909090909,1,0.0909090909090909,0.00149469330476987,0,0.00149469330476987,0.0164416263524685,0.00149469330476987
"KJORG",2023,434,2023-08-13,"BB, CR",0,0,25,0,2,0,1,0,"on deer trail",11,1,4.4,60.8212337734984,1,0,10,1,0,10,26.9,22.5454545454545,0.0323947314049587,60.8212337734984,11,10,3,0.909090909090909,0.0312706872849103,0.433227018227027,1,1,0.0164416263524685,0,0.0164416263524685,0,0.0164416263524685,0.0909090909090909,0,0.0909090909090909,0,0.0909090909090909,0.00149469330476987,0,0.00149469330476987,0,0.00149469330476987
"KJZR",2018,82,2018-06-27,NA,NA,NA,12,5,NA,NA,NA,0,NA,10,1,6.6,136.847775990371,0,0,10,0,0,10,6.6,19.55,0.0148457988980716,136.847775990371,NA,NA,NA,NA,NA,NA,0,0,0,0,0,0,0,0,0,0,0,0,0,0,0,0,0
"KJZR",2023,82,2023-07-11,"HL VM",0,0,4,5,0,1,6,1,NA,1,1,NA,NA,1,NA,1,0,0,1,9.2,NA,NA,136.847775990371,10,10,5,NA,NA,0.647749019701119,1.64774901970112,NA,0.00730738948998601,NA,NA,0.00730738948998601,0.0120407438686987,0.0909090909090909,NA,NA,0.0909090909090909,0.149795365427374,0.000664308135453274,NA,NA,0.000664308135453274,0.00109461307897261
"KLLJ",2018,248,2018-07-08,NA,0,0,17,0,NA,NA,NA,0,NA,10,1,6.5,132.732289614169,0,0,10,0,0,10,22.4,21.94,0.0128883313609467,132.732289614169,NA,NA,NA,NA,NA,NA,0,0,0,0,0,0,0,0,0,0,0,0,0,0,0,0,0
"KLLJ",2023,248,2023-07-10,"HL, VM",0,0,19,0,0,0,3,1,NA,1,1,NA,NA,1,NA,1,0,0,1,24.6,NA,NA,132.732289614169,10,10,5,NA,NA,0.647749019701119,1.64774901970112,NA,0.00753396180316664,NA,NA,0.00753396180316664,0.0124140781756335,0.0909090909090909,NA,NA,0.0909090909090909,0.149795365427374,0.000684905618469695,NA,NA,0.000684905618469695,0.00112855256142123
"KLNJA",2018,397,2018-07-21,NA,NA,1,11,1,NA,NA,NA,0,NA,11,1,2,12.5663706143592,1,1,11,0,0,11,19,11.85,0.03835025,12.5663706143592,NA,NA,NA,NA,NA,NA,1,2,0.0795774715459477,0.0795774715459477,0.159154943091895,0,0.0795774715459477,0.0909090909090909,0.0909090909090909,0.181818181818182,0,0.0909090909090909,0.00723431559508615,0.00723431559508615,0.0144686311901723,0,0.00723431559508615
"KLNJA",2020,397,2020-07-22,"Gavin + Ben",0,1,11,1,2,2,5,0,NA,11,1,1.9,11.3411494794592,1,1,11,0,0,11,19,11.81,0.042118836565097,11.3411494794592,11,11,2,1,0,0.290747794353651,1,2,0.0881744837074212,0.0881744837074212,0.176348967414842,0,0.0881744837074212,0.0909090909090909,0.0909090909090909,0.181818181818182,0,0.0909090909090909,0.00801586215522011,0.00801586215522011,0.0160317243104402,0,0.00801586215522011
"KLNJA",2023,397,2023-07-07,"EC, MB",0,1,16,2,2,1,3,1,"lovely. 3/5 stars (eye bug)",1,1,NA,NA,1,NA,1,0,0,1,19.3,NA,NA,12.5663706143592,11,11,3,NA,NA,0.433227018227027,1.43322701822703,NA,0.0795774715459477,NA,NA,0.0795774715459477,0.114052582261845,0.0909090909090909,NA,NA,0.0909090909090909,0.130293365293366,0.00723431559508615,NA,NA,0.00723431559508615,0.0103684165692586
"KLVF",2018,101,2018-06-28,NA,NA,NA,1,0,NA,NA,NA,2,"Very wet",11,1,2.7,22.9022104446696,2,0,11,0,2,9,16.5,20.9333333333333,0.078158573388203,22.9022104446696,NA,NA,NA,NA,NA,NA,2,2,0.0873278151395859,0,0.0873278151395859,0.0873278151395859,0.0873278151395859,0.181818181818182,0,0.181818181818182,2,0.181818181818182,0.0079388922854169,0,0.0079388922854169,0.0873278151395859,0.0079388922854169
"KLVF",2023,101,2023-07-11,"HL VM",0,0,1,0,0,0,3,2,NA,1,1,NA,NA,2,NA,1,0,0,1,17.3,NA,NA,22.9022104446696,11,11,5,NA,NA,0.712523921671231,2.71252392167123,NA,0.0873278151395859,NA,NA,0.0873278151395859,0.118439393796705,0.181818181818182,NA,NA,0.181818181818182,0.246593083788294,0.0079388922854169,NA,NA,0.0079388922854169,0.0107672176178823
"KLYD",2018,247,2018-07-08,NA,0,0,0,0,NA,NA,NA,0,NA,11,1,6.6,136.847775990371,0,1,11,0,0,11,38.2,26.3909090909091,0.0195699035812672,136.847775990371,NA,NA,NA,NA,NA,NA,0,1,0,0.00730738948998601,0.00730738948998601,0,0,0,0.0909090909090909,0.0909090909090909,0,0,0,0.000664308135453274,0.000664308135453274,0,0
"KLYD",2023,247,2023-07-12,"EC MW AB",0,0,1,0,0,0,3,1,NA,1,1,NA,NA,1,NA,1,0,0,1,39.1,NA,NA,136.847775990371,11,11,5,NA,NA,0.712523921671231,1.71252392167123,NA,0.00730738948998601,NA,NA,0.00730738948998601,0.01251407930657,0.0909090909090909,NA,NA,0.0909090909090909,0.155683992879203,0.000664308135453274,NA,NA,0.000664308135453274,0.00113764357332454
"KLZG",2018,141,2018-07-02,NA,NA,NA,4,1,NA,NA,NA,0,NA,11,1,7.15,160.606070433144,1,1,11,0,0,11,26,17.77,0.00687847816519145,160.606070433144,NA,NA,NA,NA,NA,NA,1,2,0.00622641471336086,0.00622641471336086,0.0124528294267217,0,0.00622641471336086,0.0909090909090909,0.0909090909090909,0.181818181818182,0,0.0909090909090909,0.000566037701214624,0.000566037701214624,0.00113207540242925,0,0.000566037701214624
"KLZG",2020,141,2020-08-17,"Ben and Courtenay",0,0,2,0,0,0,0,0,NA,11,1,7,153.9380400259,2,0,11,0,0,11,25,18.7111111111111,0.00691759183673469,153.9380400259,11,11,2,1,0,0.290747794353651,2,2,0.0129922402523996,0,0.0129922402523996,0,0.0129922402523996,0.181818181818182,0,0.181818181818182,0,0.181818181818182,0.00118111275021815,0,0.00118111275021815,0,0.00118111275021815
"KLZG",2023,141,2023-07-18,"HL, VM",0,0,11,0,0,0,0,2,NA,1,1,NA,NA,2,NA,1,0,0,1,25.7,NA,NA,160.606070433144,11,11,3,NA,NA,0.433227018227027,2.43322701822703,NA,0.0124528294267217,NA,NA,0.0124528294267217,0.0151502805072359,0.181818181818182,NA,NA,0.181818181818182,0.221202456202457,0.00113207540242925,NA,NA,0.00113207540242925,0.00137729822793054
"KNCV",2018,106,2018-06-28,NA,NA,NA,16,3,NA,NA,NA,1,NA,11,1,5.4,91.6088417786784,2,2,11,0,1,10,35.2,30.7111111111111,0.0296685871056241,91.6088417786784,NA,NA,NA,NA,NA,NA,2,4,0.0218319537848965,0.0218319537848965,0.043663907569793,0.0109159768924482,0.0218319537848965,0.181818181818182,0.181818181818182,0.363636363636364,1,0.181818181818182,0.00198472307135423,0.00198472307135423,0.00396944614270845,0.0109159768924482,0.00198472307135423
"KNCV",2023,106,2023-07-11,"HL VM",0,0,16,8,1,1,5,1,NA,1,1,NA,NA,1,NA,1,0,0,1,35.8,NA,NA,91.6088417786784,11,11,5,NA,NA,0.712523921671231,1.71252392167123,NA,0.0109159768924482,NA,NA,0.0109159768924482,0.018693871556728,0.0909090909090909,NA,NA,0.0909090909090909,0.155683992879203,0.000992361535677113,NA,NA,0.000992361535677113,0.00169944286879345
"KNTIE",2018,282,2018-07-12,NA,NA,NA,1,3,NA,NA,NA,0,NA,11,1,5.3,88.2473376393373,0,0,11,0,0,11,11.1,17.8818181818182,0.0178590601637593,88.2473376393373,NA,NA,NA,NA,NA,NA,0,0,0,0,0,0,0,0,0,0,0,0,0,0,0,0,0
"KNTIE",2020,282,2020-07-27,"Ben + Courtenay",0,0,1,3,1,0,2,0,NA,11,1,5.5,95.0331777710912,0,1,11,0,0,11,11.6,18.2,0.0169010247933884,95.0331777710912,11,11,2,1,0,0.290747794353651,0,1,0,0.0105226408655799,0.0105226408655799,0,0,0,0.0909090909090909,0.0909090909090909,0,0,0,0.000956603715052714,0.000956603715052714,0,0
"KNTIE",2023,282,2023-06-26,"EC CP",0,0,1,3,0,0,1,0,"rub",1,1,NA,NA,0,NA,1,0,0,1,12.2,NA,NA,88.2473376393373,11,11,3,NA,NA,0.433227018227027,0.433227018227027,NA,0,NA,NA,0,0.00490923612899921,0,NA,NA,0,0.0393842743842752,0,NA,NA,0,0.000446294193545383
"KQTMD",2018,324,2018-07-16,NA,NA,NA,0,0,NA,NA,NA,0,NA,7,1,4.5,63.6172512351933,0,0,7,0,0,7,13.8,20.3428571428571,0.0150328888888889,63.6172512351933,NA,NA,NA,NA,NA,NA,0,0,0,0,0,0,0,0,0,0,0,0,0,0,0,0,0
"KQTMD",2020,324,2020-07-17,"Gavin, Courtenay, Aidan",0,0,0,0,0,0,5,0,"cryptic focal tree partially occluded by fir",7,1,4.5,63.6172512351933,0,1,7,0,0,7,14.1,20.5,0.0152495308641975,63.6172512351933,7,7,2,1,0,0.185021323679596,0,1,0,0.0157190067251255,0.0157190067251255,0,0,0,0.142857142857143,0.142857142857143,0,0,0,0.00224557238930364,0.00224557238930364,0,0
"KTDS",2018,132,2018-06-29,NA,0,0,1,1,NA,NA,NA,0,NA,11,1,6.6,136.847775990371,0,1,11,0,0,11,23.9,26.2363636363636,0.0195112029384757,136.847775990371,NA,NA,NA,NA,NA,NA,0,1,0,0.00730738948998601,0.00730738948998601,0,0,0,0.0909090909090909,0.0909090909090909,0,0,0,0.000664308135453274,0.000664308135453274,0,0
"KTDS",2023,132,2023-07-11,"HL VM",0,0,0,1,0,0,4,0,NA,1,1,NA,NA,0,NA,1,0,0,1,24.4,NA,NA,136.847775990371,11,11,5,NA,NA,0.712523921671231,0.712523921671231,NA,0,NA,NA,0,0.00520668981658397,0,NA,NA,0,0.0647749019701119,0,NA,NA,0,0.00047333543787127
"KVEI",2018,64,2018-06-26,NA,NA,NA,4,0,NA,NA,NA,2,NA,11,1,3.8,45.3645979178366,2,0,11,0,2,9,32.1,25.2333333333333,0.041039404432133,45.3645979178366,NA,NA,NA,NA,NA,NA,2,2,0.0440872418537106,0,0.0440872418537106,0.0440872418537106,0.0440872418537106,0.181818181818182,0,0.181818181818182,2,0.181818181818182,0.00400793107761006,0,0.00400793107761006,0.0440872418537106,0.00400793107761006
"KXAYQ",2018,383,2018-07-20,NA,0,1,5,0,NA,NA,NA,0,NA,11,1,7.2,162.860163162095,0,0,11,0,0,11,23.4,26.7545454545455,0.0154339699074074,162.860163162095,NA,NA,NA,NA,NA,NA,0,0,0,0,0,0,0,0,0,0,0,0,0,0,0,0,0
"KXAYQ",2020,383,2020-08-25,"Ben and Courtenay",0,1,8,0,0,0,6,0,NA,11,1,7.2,162.860163162095,0,1,11,0,0,11,23.6,27.1454545454545,0.0158737654320988,162.860163162095,11,11,2,1,0,0.290747794353651,0,1,0,0.00614023700200213,0.00614023700200213,0,0,0,0.0909090909090909,0.0909090909090909,0,0,0,0.000558203363818376,0.000558203363818376,0,0
"KZXQJ",2018,478,2018-07-26,NA,0,0,1,1,NA,NA,NA,4,NA,11,1,4.6,66.47610054996,4,0,11,0,4,7,24.8,23.2428571428571,0.0216025047258979,66.47610054996,NA,NA,NA,NA,NA,NA,4,4,0.0601720011689586,0,0.0601720011689586,0.0601720011689586,0.0601720011689586,0.363636363636364,0,0.363636363636364,4,0.363636363636364,0.00547018192445078,0,0.00547018192445078,0.0601720011689586,0.00547018192445078
"KZXQJ",2020,478,2020-07-22,"Gavin + Ben",0,0,1,1,0,0,3,4,NA,11,1,4.8,72.3822947387088,4,1,11,0,4,7,25.3,23.7,0.0205185329861111,72.3822947387088,11,11,2,1,0,0.290747794353651,4,5,0.0552621330180192,0.0138155332545048,0.069077666272524,0.0552621330180192,0.0552621330180192,0.363636363636364,0.0909090909090909,0.454545454545455,4,0.363636363636364,0.00502383027436538,0.00125595756859135,0.00627978784295673,0.0552621330180192,0.00502383027436538
"KZXQJ",2023,478,2023-07-11,"EC MB",1,0,4,1,0,0,0,0,"hammer lost at last site",1,1,NA,NA,0,NA,1,0,0,1,26.4,NA,NA,66.47610054996,11,11,3,NA,NA,0.433227018227027,0.433227018227027,NA,0,NA,NA,0,0.00651703416179527,0,NA,NA,0,0.0393842743842752,0,NA,NA,0,0.000592457651072297
"LCMG",2018,217,2018-07-06,NA,NA,NA,0,0,NA,NA,NA,0,NA,11,1,5.2,84.948665353068,0,0,11,0,0,11,27.8,26.9545454545455,0.0322402736686391,84.948665353068,NA,NA,NA,NA,NA,NA,0,0,0,0,0,0,0,0,0,0,0,0,0,0,0,0,0
"LCMG",2023,217,2023-07-10,"HL, VM",0,0,0,0,0,0,0,0,NA,1,1,NA,NA,0,NA,1,0,0,1,28.4,NA,NA,84.948665353068,11,11,5,NA,NA,0.712523921671231,0.712523921671231,NA,0,NA,NA,0,0.00838770001517743,0,NA,NA,0,0.0647749019701119,0,NA,NA,0,0.000762518183197948
"LEVO",2018,42,2018-06-25,NA,NA,NA,1,0,NA,NA,NA,1,NA,11,1,5,78.5398163397448,1,0,11,0,1,10,34.1,26.59,0.0305986,78.5398163397448,NA,NA,NA,NA,NA,NA,1,1,0.0127323954473516,0,0.0127323954473516,0.0127323954473516,0.0127323954473516,0.0909090909090909,0,0.0909090909090909,1,0.0909090909090909,0.00115749049521378,0,0.00115749049521378,0.0127323954473516,0.00115749049521378
"LGOK",2018,110,2018-06-28,NA,NA,NA,2,0,NA,NA,NA,0,NA,11,1,5.5,95.0331777710912,0,0,11,0,0,11,33.2,19.5636363636364,0.0160386115702479,95.0331777710912,NA,NA,NA,NA,NA,NA,0,0,0,0,0,0,0,0,0,0,0,0,0,0,0,0,0
"LGOK",2023,110,2023-07-14,"MB HL",1,0,0,0,1,0,0,2,"borderline, some orange striping",1,1,NA,NA,2,NA,1,0,0,1,33.3,NA,NA,95.0331777710912,11,11,5,NA,NA,0.712523921671231,2.71252392167123,NA,0.0210452817311597,NA,NA,0.0210452817311597,0.0285429150670406,0.181818181818182,NA,NA,0.181818181818182,0.246593083788294,0.00191320743010543,NA,NA,0.00191320743010543,0.00259481046064006
"LGUH",2018,148,2018-07-02,NA,NA,NA,4,3,NA,NA,NA,2,NA,11,1,5.2,84.948665353068,2,2,11,0,2,9,20.1,17.9444444444444,0.0122492233727811,84.948665353068,NA,NA,NA,NA,NA,NA,2,4,0.0235436306348958,0.0235436306348958,0.0470872612697915,0.0235436306348958,0.0235436306348958,0.181818181818182,0.181818181818182,0.363636363636364,2,0.181818181818182,0.0021403300577178,0.0021403300577178,0.00428066011543559,0.0235436306348958,0.0021403300577178
"LGUH",2023,148,2023-07-18,"HL, VM",0,0,2,2,0,0,0,2,NA,1,1,NA,NA,2,NA,1,0,0,1,20.9,NA,NA,84.948665353068,11,11,5,NA,NA,0.712523921671231,2.71252392167123,NA,0.0235436306348958,NA,NA,0.0235436306348958,0.0319313306500732,0.181818181818182,NA,NA,0.181818181818182,0.246593083788294,0.0021403300577178,NA,NA,0.0021403300577178,0.00290284824091574
"LHZH",2018,225,2018-07-06,NA,NA,NA,1,1,NA,NA,NA,1,NA,10,1,7.2,162.860163162095,1,0,10,0,1,9,9.8,16.9777777777778,0.00632843364197531,162.860163162095,NA,NA,NA,NA,NA,NA,1,1,0.00614023700200213,0,0.00614023700200213,0.00614023700200213,0.00614023700200213,0.1,0,0.1,1,0.1,0.000614023700200213,0,0.000614023700200213,0.00614023700200213,0.000614023700200213
"LHZH",2023,225,2023-07-10,"HL, VM",0,0,4,0,0,0,4,0,NA,1,1,NA,NA,0,NA,1,0,0,1,10.8,NA,NA,162.860163162095,10,10,5,NA,NA,0.647749019701119,0.647749019701119,NA,0,NA,NA,0,0.00397733249877942,0,NA,NA,0,0.0588862745182836,0,NA,NA,0,0.00036157568170722
"LIAHQ",2018,382,2018-07-20,NA,NA,1,4,0,NA,NA,NA,1,NA,11,1,4.4,60.8212337734984,1,0,11,0,1,10,22,13.01,0.0107580061983471,60.8212337734984,NA,NA,NA,NA,NA,NA,1,1,0.0164416263524685,0,0.0164416263524685,0.0164416263524685,0.0164416263524685,0.0909090909090909,0,0.0909090909090909,1,0.0909090909090909,0.00149469330476987,0,0.00149469330476987,0.0164416263524685,0.00149469330476987
"LIAHQ",2020,382,2020-08-25,"Ben and Courtenay",0,0,1,0,0,0,13,1,NA,11,1,4,50.2654824574367,1,2,11,0,1,10,22,12.9272727272727,0.013939375,50.2654824574367,11,11,2,1,0,0.290747794353651,1,3,0.0198943678864869,0.0397887357729738,0.0596831036594608,0.0198943678864869,0.0198943678864869,0.0909090909090909,0.181818181818182,0.272727272727273,1,0.0909090909090909,0.00180857889877154,0.00361715779754308,0.00542573669631461,0.0198943678864869,0.00180857889877154
"LLTM",2018,256,2018-07-10,NA,NA,NA,0,0,NA,NA,NA,2,NA,11,1,4.2,55.4176944093239,4,0,11,0,2,9,26.2,16.8857142857143,0.0125007936507936,55.4176944093239,NA,NA,NA,NA,NA,NA,4,4,0.0721791125133312,0,0.0721791125133312,0.0360895562566656,0.0721791125133312,0.363636363636364,0,0.363636363636364,2,0.363636363636364,0.00656173750121193,0,0.00656173750121193,0.0360895562566656,0.00656173750121193
"LLTM",2023,256,2023-07-12,"EC AB MW",1,0,3,0,0,1,4,5,NA,1,1,NA,NA,5,NA,1,0,0,1,27.1,NA,NA,55.4176944093239,11,11,5,NA,NA,0.712523921671231,5.71252392167123,NA,0.090223890641664,NA,NA,0.090223890641664,0.103081226719351,0.454545454545455,NA,NA,0.454545454545455,0.519320356515566,0.00820217187651491,NA,NA,0.00820217187651491,0.00937102061085009
"LNCL",2018,214,2018-07-06,NA,NA,NA,0,0,NA,NA,NA,0,NA,10,1,4.4,60.8212337734984,0,0,10,0,0,10,24.8,22.58,0.0274023760330578,60.8212337734984,NA,NA,NA,NA,NA,NA,0,0,0,0,0,0,0,0,0,0,0,0,0,0,0,0,0
"LNCL",2023,214,2023-07-10,"HL, VM",0,0,0,0,0,0,2,0,NA,1,1,NA,NA,0,NA,1,0,0,1,24.8,NA,NA,60.8212337734984,10,10,5,NA,NA,0.647749019701119,0.647749019701119,NA,0,NA,NA,0,0.0106500473521036,0,NA,NA,0,0.0588862745182836,0,NA,NA,0,0.000968186122918507
"LNEUS",2018,462,2018-07-25,NA,0,0,11,5,NA,NA,NA,0,NA,11,1,3.7,43.0084034276443,0,0,11,0,0,11,6.7,7.19090909090909,0.00465953250547845,43.0084034276443,NA,NA,NA,NA,NA,NA,0,0,0,0,0,0,0,0,0,0,0,0,0,0,0,0,0
"LNEUS",2020,462,2020-07-28,"Gavin + Nicole",0,0,6,11,3,2,6,0,"lots of metal junk from upper gully. Real Holler!",11,1,3.3,34.2119439975928,0,0,11,0,0,11,10.4,7.32307692307692,0.00735353535353536,34.2119439975928,11,11,2,1,0,0.290747794353651,0,0,0,0,0,0,0,0,0,0,0,0,0,0,0,0,0
"LNEUS",2023,462,2023-07-25,"HL, VM",0,0,2,13,0,1,6,1,"metal junk still here",1,1,NA,NA,1,NA,1,0,0,1,11,NA,NA,43.0084034276443,11,11,3,NA,NA,0.433227018227027,1.43322701822703,NA,0.0232512699915114,NA,NA,0.0232512699915114,0.0333243483599254,0.0909090909090909,NA,NA,0.0909090909090909,0.130293365293366,0.00211375181741012,NA,NA,0.00211375181741012,0.00302948621453867
"LQDNH",2018,294,2018-07-13,NA,1,0,17,2,NA,NA,NA,1,"Site in clearing. Possibly unhealthy.",11,1,11.6,422.732707467043,5,4,11,0,1,10,24.1,24.05,0.00259169887039239,422.732707467043,NA,NA,NA,NA,NA,NA,5,9,0.0118278049265677,0.00946224394125418,0.0212900488678219,0.00236556098531355,0.0118278049265677,0.454545454545455,0.363636363636364,0.818181818181818,1,0.454545454545455,0.00107525499332434,0.000860203994659471,0.00193545898798381,0.00236556098531355,0.00107525499332434
"LQDNH",2020,294,2020-07-06,"Nicole, Roxy, Gabriel",1,0,10,1,NA,NA,3,1,"clearing. Possibly",11,1,11.8,437.435361085843,5,4,11,0,1,10,25.4,24.4666666666667,0.00259238724504453,437.435361085843,11,11,2,1,0,0.290747794353651,5,9,0.0114302602048187,0.00914420816385495,0.0205744683686736,0.00228605204096374,0.0114302602048187,0.454545454545455,0.363636363636364,0.818181818181818,1,0.454545454545455,0.00103911456407443,0.00083129165125954,0.00187040621533397,0.00228605204096374,0.00103911456407443
"LQDNH",2023,294,2023-07-02,"EC, VM, HL",1,1,7,6,2,1,5,4,"open clearing",11,1,11.8,437.435361085843,5,4,8,3,0,8,25.4,25.9,0.00437935219764435,437.435361085843,11,8,3,0.727272727272727,0.100703193922606,0.433227018227027,5,9,0.0114302602048187,0.00914420816385495,0.0205744683686736,0.00914420816385495,0.0114302602048187,0.454545454545455,0.363636363636364,0.818181818181818,4,0.454545454545455,0.00103911456407443,0.00083129165125954,0.00187040621533397,0.00914420816385495,0.00103911456407443
"LRPJC",2018,451,2018-07-24,NA,1,0,1,1,NA,NA,NA,1,NA,11,1,6.6,136.847775990371,1,4,11,0,1,10,29.1,25.04,0.0170573461891644,136.847775990371,NA,NA,NA,NA,NA,NA,1,5,0.00730738948998601,0.0292295579599441,0.0365369474499301,0.00730738948998601,0.00730738948998601,0.0909090909090909,0.363636363636364,0.454545454545455,1,0.0909090909090909,0.000664308135453274,0.0026572325418131,0.00332154067726637,0.00730738948998601,0.000664308135453274
"LRPJC",2020,451,2020-08-13,"Gavin and Erin",1,1,1,2,0,0,3,3,"BEES! Lots of hyssop",11,1,5.9,109.358840271461,3,7,11,0,3,8,29.7,24.18,0.0212577420281528,109.358840271461,11,11,2,1,0,0.290747794353651,3,10,0.0274326244915648,0.0640094571469846,0.0914420816385495,0.0274326244915648,0.0274326244915648,0.272727272727273,0.636363636363636,0.909090909090909,3,0.272727272727273,0.00249387495377862,0.00581904155881678,0.00831291651259541,0.0274326244915648,0.00249387495377862
"LRPJC",2023,451,2023-06-29,"EC CP",1,1,0,1,0,0,4,3,NA,11,1,5.9,109.358840271461,4,3,10,1,3,7,NA,20.5555555555556,0.0146694053432922,109.358840271461,11,10,3,0.909090909090909,0.0312706872849103,0.433227018227027,4,7,0.0365768326554198,0.0274326244915648,0.0640094571469846,0.0274326244915648,0.0365768326554198,0.363636363636364,0.272727272727273,0.636363636363636,3,0.363636363636364,0.00332516660503816,0.00249387495377862,0.00581904155881678,0.0274326244915648,0.00332516660503816
"LXOGB",2018,494,2018-07-27,NA,0,0,4,0,NA,NA,NA,1,NA,11,1,3.8,45.3645979178366,1,0,11,0,1,10,22.9,18.82,0.0333475069252077,45.3645979178366,NA,NA,NA,NA,NA,NA,1,1,0.0220436209268553,0,0.0220436209268553,0.0220436209268553,0.0220436209268553,0.0909090909090909,0,0.0909090909090909,1,0.0909090909090909,0.00200396553880503,0,0.00200396553880503,0.0220436209268553,0.00200396553880503
"LXOGB",2020,494,2020-07-14,"Gavin, Courtenay, Aiden",0,0,10,0,0,0,4,1,NA,11,1,3.5,38.484510006475,1,1,11,0,1,10,23.3,18.0833333333333,0.044070693877551,38.484510006475,11,11,2,1,0,0.290747794353651,1,2,0.0259844805047992,0.0259844805047992,0.0519689610095985,0.0259844805047992,0.0259844805047992,0.0909090909090909,0.0909090909090909,0.181818181818182,1,0.0909090909090909,0.00236222550043629,0.00236222550043629,0.00472445100087259,0.0259844805047992,0.00236222550043629
"LXOGB",2023,494,2023-08-10,"CR, BB",0,0,3,0,0,0,3,0,"no bear unlike last time! distances measured by tape",11,1,3.5,38.484510006475,3,0,10,1,2,8,23.5,16.8666666666667,0.036496,38.484510006475,11,10,3,0.909090909090909,0.0312706872849103,0.433227018227027,3,3,0.0779534415143977,0,0.0779534415143977,0,0.0779534415143977,0.272727272727273,0,0.272727272727273,0,0.272727272727273,0.00708667650130888,0,0.00708667650130888,0,0.00708667650130888
"MCBRM01",2018,490,2018-07-27,NA,0,0,0,0,NA,NA,NA,2,"Mt Crested Butte river meanders - past fenceline 50m",11,1,4.6,66.47610054996,2,0,11,0,2,9,24.5,22.6555555555556,0.0223659262759924,66.47610054996,NA,NA,NA,NA,NA,NA,2,2,0.0300860005844793,0,0.0300860005844793,0.0300860005844793,0.0300860005844793,0.181818181818182,0,0.181818181818182,2,0.181818181818182,0.00273509096222539,0,0.00273509096222539,0.0300860005844793,0.00273509096222539
"MCBRM01",2020,490,2020-07-21,"Gavin, Courtenay",0,1,0,0,0,0,15,2,"Mt CB river meanders past fenceline 50m",11,1,4.4,60.8212337734984,2,1,11,0,2,9,24.8,22.9333333333333,0.0250230371900826,60.8212337734984,11,11,2,1,0,0.290747794353651,2,3,0.032883252704937,0.0164416263524685,0.0493248790574056,0.032883252704937,0.032883252704937,0.181818181818182,0.0909090909090909,0.272727272727273,2,0.181818181818182,0.00298938660953973,0.00149469330476987,0.0044840799143096,0.032883252704937,0.00298938660953973
"MCBRM01",2023,490,2023-06-27,"EC CP",1,1,4,0,0,0,16,4,"Access notes: take maintenance road down to river-level, until diractly below site, then walk up. Lots of standing dead",1,1,NA,NA,4,NA,1,0,0,1,25.6,NA,NA,66.47610054996,11,11,3,NA,NA,0.433227018227027,4.43322701822703,NA,0.0601720011689586,NA,NA,0.0601720011689586,0.0666890353307538,0.363636363636364,NA,NA,0.363636363636364,0.403020638020639,0.00547018192445078,NA,NA,0.00547018192445078,0.00606263957552307
"MCBSA01",2018,492,2018-07-27,NA,1,1,8,0,NA,NA,NA,1,"Mt Crested Butte ski area. small stand, some lodgepole nearby. damaged.",11,1,3.3,34.2119439975928,1,6,11,0,1,10,17.6,12.06,0.0150191000918274,34.2119439975928,NA,NA,NA,NA,NA,NA,1,7,0.0292295579599441,0.175377347759664,0.204606905719608,0.0292295579599441,0.0292295579599441,0.0909090909090909,0.545454545454545,0.636363636363636,1,0.0909090909090909,0.0026572325418131,0.0159433952508786,0.0186006277926917,0.0292295579599441,0.0026572325418131
"MCBSA01",2020,492,2020-07-21,"Gavin, Courtenay",1,1,11,0,2,0,6,0,"Mt CB Ski area. Small stand, some lodgepole pines nearby, damaged",11,1,3.3,34.2119439975928,1,10,11,0,0,11,17.8,12.65,0.0161738292011019,34.2119439975928,11,11,2,1,0,0.290747794353651,1,11,0.0292295579599441,0.292295579599441,0.321525137559385,0,0.0292295579599441,0.0909090909090909,0.909090909090909,1,0,0.0909090909090909,0.0026572325418131,0.026572325418131,0.0292295579599441,0,0.0026572325418131
"MCBSA01",2023,492,2023-08-10,"BB, CR",1,1,3,0,2,1,4,1,"Mt CB ski area. Small stand, some lodgepole pines nearby, damaged. Distances by tape",11,1,3.3,34.2119439975928,3,8,11,0,2,9,17.9,13.75,0.0190843893480257,34.2119439975928,11,11,3,1,0,0.433227018227027,3,11,0.0876886738798322,0.233836463679552,0.321525137559385,0.0292295579599441,0.0876886738798322,0.272727272727273,0.727272727272727,1,1,0.272727272727273,0.00797169762543929,0.0212578603345048,0.0292295579599441,0.0292295579599441,0.00797169762543929
"MCTH",2018,128,2018-06-29,NA,0,0,4,4,NA,NA,NA,0,NA,11,1,7.3,167.4154725098,0,1,11,0,0,11,34.9,29.1909090909091,0.0190732032276224,167.4154725098,NA,NA,NA,NA,NA,NA,0,1,0,0.00597316356133966,0.00597316356133966,0,0,0,0.0909090909090909,0.0909090909090909,0,0,0,0.000543014869212697,0.000543014869212697,0,0
"MCTH",2023,128,2023-07-14,"MB, HL",1,0,3,2,1,1,9,2,"lots of splits, a little drippy",1,1,NA,NA,2,NA,0,1,0,0,NA,NA,NA,167.4154725098,11,10,5,NA,NA,0.712523921671231,2.71252392167123,NA,0.0119463271226793,NA,NA,0.0119463271226793,0.0162023490481888,0.181818181818182,NA,NA,0.181818181818182,0.246593083788294,0.00108602973842539,NA,NA,0.00108602973842539,0.00147294082256261
"MEMNL01",2018,341,2018-07-17,NA,1,0,19,5,NA,NA,NA,5,"Damaged stand",11,1,7.3,167.4154725098,5,1,11,0,5,6,20.2,19.5,0.00440195158566335,167.4154725098,NA,NA,NA,NA,NA,NA,5,6,0.0298658178066983,0.00597316356133966,0.035838981368038,0.0298658178066983,0.0298658178066983,0.454545454545455,0.0909090909090909,0.545454545454545,5,0.454545454545455,0.00271507434606348,0.000543014869212697,0.00325808921527618,0.0298658178066983,0.00271507434606348
"MEMNL01",2020,341,2020-08-17,"Ben and Courtenay",1,0,11,5,8,1,6,4,"Wasp nest on ground, damaged stand*",11,1,6.6,136.847775990371,4,5,11,0,4,7,20.4,20.3142857142857,0.00681409550045914,136.847775990371,11,11,2,1,0,0.290747794353651,4,9,0.0292295579599441,0.0365369474499301,0.0657665054098741,0.0292295579599441,0.0292295579599441,0.363636363636364,0.454545454545455,0.818181818181818,4,0.363636363636364,0.0026572325418131,0.00332154067726637,0.00597877321907947,0.0292295579599441,0.0026572325418131
"MEMNL01",2023,341,2023-07-18,"EC, MB",1,0,16,4,3,2,6,3,"herbivory on all saplings",1,1,NA,NA,3,NA,1,0,0,1,20.8,NA,NA,167.4154725098,11,11,3,NA,NA,0.433227018227027,3.43322701822703,NA,0.017919490684019,NA,NA,0.017919490684019,0.0205072265230805,0.272727272727273,NA,NA,0.272727272727273,0.312111547111548,0.00162904460763809,NA,NA,0.00162904460763809,0.00186429332028005
"MEMRS01",2018,330,2018-07-17,NA,NA,NA,15,0,NA,NA,NA,1,NA,11,1,4.4,60.8212337734984,1,0,11,0,1,10,11.2,14.56,0.0124300619834711,60.8212337734984,NA,NA,NA,NA,NA,NA,1,1,0.0164416263524685,0,0.0164416263524685,0.0164416263524685,0.0164416263524685,0.0909090909090909,0,0.0909090909090909,1,0.0909090909090909,0.00149469330476987,0,0.00149469330476987,0.0164416263524685,0.00149469330476987
"MEMRS01",2020,330,2020-07-29,"Gavin + Courtenay + Aidan",0,0,14,1,6,0,0,1,"Renailed in tag. Added a new hole. Lots of leaf hoppers. Most seedlings look like they're dying.",11,1,4.2,55.4176944093239,1,0,11,0,1,10,11.6,14.84,0.0141098639455782,55.4176944093239,11,11,2,1,0,0.290747794353651,1,1,0.0180447781283328,0,0.0180447781283328,0.0180447781283328,0.0180447781283328,0.0909090909090909,0,0.0909090909090909,1,0.0909090909090909,0.00164043437530298,0,0.00164043437530298,0.0180447781283328,0.00164043437530298
"MEMRS01",2023,330,2023-07-18,"EC, MB",0,0,21,3,12,0,0,1,"some small conifgers. many dead seedlings but also resprouts",11,1,4.2,55.4176944093239,1,0,11,0,1,10,12.3,15.45,0.0151327097505669,55.4176944093239,11,11,3,1,0,0.433227018227027,1,1,0.0180447781283328,0,0.0180447781283328,0.0180447781283328,0.0180447781283328,0.0909090909090909,0,0.0909090909090909,1,0.0909090909090909,0.00164043437530298,0,0.00164043437530298,0.0180447781283328,0.00164043437530298
"MGGT",2018,237,2018-07-08,NA,0,0,0,0,NA,NA,NA,1,NA,11,1,5.2,84.948665353068,1,0,11,0,1,10,25.6,26.54,0.0262460798816568,84.948665353068,NA,NA,NA,NA,NA,NA,1,1,0.0117718153174479,0,0.0117718153174479,0.0117718153174479,0.0117718153174479,0.0909090909090909,0,0.0909090909090909,1,0.0909090909090909,0.0010701650288589,0,0.0010701650288589,0.0117718153174479,0.0010701650288589
"MGGT",2023,237,2023-07-12,"EC AB MW",0,0,2,0,0,0,4,2,NA,1,1,NA,NA,2,NA,1,0,0,1,25,NA,NA,84.948665353068,11,11,5,NA,NA,0.712523921671231,2.71252392167123,NA,0.0235436306348958,NA,NA,0.0235436306348958,0.0319313306500732,0.181818181818182,NA,NA,0.181818181818182,0.246593083788294,0.0021403300577178,NA,NA,0.0021403300577178,0.00290284824091574
"MGWO",2018,20,2018-06-23,NA,NA,NA,6,1,NA,NA,NA,2,NA,11,1,7,153.9380400259,2,0,11,0,2,9,26.4,17.7,0.0072180612244898,153.9380400259,NA,NA,NA,NA,NA,NA,2,2,0.0129922402523996,0,0.0129922402523996,0.0129922402523996,0.0129922402523996,0.181818181818182,0,0.181818181818182,2,0.181818181818182,0.00118111275021815,0,0.00118111275021815,0.0129922402523996,0.00118111275021815
"MGWO",2023,20,2023-06-28,"EC CP",0,0,3,2,0,0,2,3,"sunny clearing - dense understory and recently fallen trees",1,1,NA,NA,3,NA,1,0,0,1,27.6,NA,NA,153.9380400259,11,11,5,NA,NA,0.712523921671231,3.71252392167123,NA,0.0194883603785994,NA,NA,0.0194883603785994,0.0241170013665667,0.272727272727273,NA,NA,0.272727272727273,0.337502174697385,0.00177166912532722,NA,NA,0.00177166912532722,0.00219245466968788
"MINE",2018,274,2018-07-11,NA,NA,NA,13,0,NA,NA,NA,2,NA,11,1,5.6,98.5203456165759,2,0,11,0,2,9,16.2,16.3555555555556,0.00854604591836735,98.5203456165759,NA,NA,NA,NA,NA,NA,2,2,0.0203003753943744,0,0.0203003753943744,0.0203003753943744,0.0203003753943744,0.181818181818182,0,0.181818181818182,2,0.181818181818182,0.00184548867221586,0,0.00184548867221586,0.0203003753943744,0.00184548867221586
"MINE",2023,274,2023-07-12,"EC AB MW",0,1,30,0,3,0,5,2,"right off path",1,1,NA,NA,2,NA,1,0,0,1,16.7,NA,NA,98.5203456165759,11,11,5,NA,NA,0.712523921671231,2.71252392167123,NA,0.0203003753943744,NA,NA,0.0203003753943744,0.0275326269380733,0.181818181818182,NA,NA,0.181818181818182,0.246593083788294,0.00184548867221586,NA,NA,0.00184548867221586,0.00250296608527939
"MJNG",2018,181,2018-07-03,NA,NA,NA,3,2,NA,NA,NA,0,NA,11,1,7.7,186.265028431339,0,1,11,0,0,11,43.5,21.7545454545455,0.0105648338674313,186.265028431339,NA,NA,NA,NA,NA,NA,0,1,0,0.0053686943191734,0.0053686943191734,0,0,0,0.0909090909090909,0.0909090909090909,0,0,0,0.000488063119924854,0.000488063119924854,0,0
"MJNG",2023,181,2023-07-17,"MB, VM",0,0,1,3,2,1,3,0,NA,1,1,NA,NA,0,NA,1,0,0,1,43.5,NA,NA,186.265028431339,11,11,5,NA,NA,0.712523921671231,0.712523921671231,NA,0,NA,NA,0,0.00382532313055149,0,NA,NA,0,0.0647749019701119,0,NA,NA,0,0.000347756648231954
"MJOL",2018,45,2018-06-25,NA,NA,NA,11,1,NA,NA,NA,1,NA,11,1,8.2,211.240690027378,1,2,11,0,1,10,15.8,14.76,0.00389449732302201,211.240690027378,NA,NA,NA,NA,NA,NA,1,3,0.00473393643937821,0.00946787287875642,0.0142018093181346,0.00473393643937821,0.00473393643937821,0.0909090909090909,0.181818181818182,0.272727272727273,1,0.0909090909090909,0.000430357858125292,0.000860715716250583,0.00129107357437587,0.00473393643937821,0.000430357858125292
"MKBID",2018,385,2018-07-20,NA,1,1,0,0,NA,NA,NA,4,NA,11,1,7.3,167.4154725098,4,1,11,0,4,7,13.5,11.2428571428571,0.00186363295177332,167.4154725098,NA,NA,NA,NA,NA,NA,4,5,0.0238926542453587,0.00597316356133966,0.0298658178066983,0.0238926542453587,0.0238926542453587,0.363636363636364,0.0909090909090909,0.454545454545455,4,0.363636363636364,0.00217205947685079,0.000543014869212697,0.00271507434606348,0.0238926542453587,0.00217205947685079
"MKBID",2020,385,2020-07-10,"Gavin, Courtenay, Aiden",1,1,0,0,NA,NA,11,2,NA,11,1,5.8,105.683176866761,3,4,10,1,2,8,14.1,10.8333333333333,0.00361376337693222,105.683176866761,11,10,2,0.909090909090909,0.0465361826677765,0.290747794353651,3,7,0.0283867318237625,0.0378489757650167,0.0662357075887793,0.0189244878825084,0.0283867318237625,0.272727272727273,0.363636363636364,0.636363636363636,2,0.272727272727273,0.00258061198397841,0.00344081597863788,0.0060214279626163,0.0189244878825084,0.00258061198397841
"MKBID",2023,521,2023-08-20,"BB, CR",1,1,0,0,0,0,4,1,"many paper wasp nests on approach from downslope",11,1,5.8,105.683176866761,5,3,8,3,2,6,14.3,11.7444444444444,0.00412719976218787,105.683176866761,10,8,3,0.8,0.0716812169510166,0.393842743842752,5,8,0.0473112197062709,0.0283867318237625,0.0756979515300334,0.00946224394125418,0.0473112197062709,0.454545454545455,0.272727272727273,0.727272727272727,1,0.454545454545455,0.00430101997329735,0.00258061198397841,0.00688163195727577,0.00946224394125418,0.00430101997329735
"MKTPA",2018,336,2018-07-17,NA,NA,NA,8,3,NA,NA,NA,0,NA,11,1,3.7,43.0084034276443,0,0,11,0,0,11,14.1,11.1636363636364,0.0117590942293645,43.0084034276443,NA,NA,NA,NA,NA,NA,0,0,0,0,0,0,0,0,0,0,0,0,0,0,0,0,0
"MKTPA",2020,336,2020-07-29,"Gavin + Courtenay + Aidan",0,0,6,1,4,1,4,1,"all saplings within 3m = unhealthy. Maybe due to talus soils",11,1,2.9,26.4207942166902,1,1,11,0,1,10,14.6,11.6833333333333,0.0221569560047562,26.4207942166902,11,11,2,1,0,0.290747794353651,1,2,0.0378489757650167,0.0378489757650167,0.0756979515300334,0.0378489757650167,0.0378489757650167,0.0909090909090909,0.0909090909090909,0.181818181818182,1,0.0909090909090909,0.00344081597863788,0.00344081597863788,0.00688163195727577,0.0378489757650167,0.00344081597863788
"MKTPA",2023,336,2023-07-18,"EC, MB",0,0,11,0,5,1,5,2,NA,1,1,NA,NA,2,NA,1,0,0,1,15.3,NA,NA,43.0084034276443,11,11,3,NA,NA,0.433227018227027,2.43322701822703,NA,0.0465025399830227,NA,NA,0.0465025399830227,0.0565756183514367,0.181818181818182,NA,NA,0.181818181818182,0.221202456202457,0.00422750363482025,NA,NA,0.00422750363482025,0.00514323803194879
"MNAQJ",2018,322,2018-07-16,NA,NA,0,40,2,NA,NA,NA,1,"very steep long approach",11,1,2.4,18.0955736846772,1,1,11,0,1,10,12.3,11.62,0.0249225694444444,18.0955736846772,NA,NA,NA,NA,NA,NA,1,2,0.0552621330180192,0.0552621330180192,0.110524266036038,0.0552621330180192,0.0552621330180192,0.0909090909090909,0.0909090909090909,0.181818181818182,1,0.0909090909090909,0.00502383027436538,0.00502383027436538,0.0100476605487308,0.0552621330180192,0.00502383027436538
"MNAQJ",2020,322,2020-07-17,"Gavin, Courtenay, Aiden",0,1,6,3,1,0,6,1,"VERY STEEP APPROACH",11,1,2.3,16.61902513749,1,0,11,0,1,10,12.6,11.8916666666667,0.0343370510396975,16.61902513749,11,11,2,1,0,0.290747794353651,1,1,0.0601720011689586,0,0.0601720011689586,0.0601720011689586,0.0601720011689586,0.0909090909090909,0,0.0909090909090909,1,0.0909090909090909,0.00547018192445078,0,0.00547018192445078,0.0601720011689586,0.00547018192445078
"MPSY",2018,137,2018-07-01,NA,NA,NA,1,0,NA,NA,NA,4,NA,11,1,5.5,95.0331777710912,5,0,11,0,4,7,33,25.0666666666667,0.0135338842975207,95.0331777710912,NA,NA,NA,NA,NA,NA,5,5,0.0526132043278993,0,0.0526132043278993,0.0420905634623194,0.0526132043278993,0.454545454545455,0,0.454545454545455,4,0.454545454545455,0.00478301857526357,0,0.00478301857526357,0.0420905634623194,0.00478301857526357
"MPSY",2023,552,2023-07-14,"MB HL",0,0,13,1,0,0,3,7,"a bunch of dead trees but no evidence of fungal infection",1,1,NA,NA,7,NA,1,0,0,1,33.4,NA,NA,95.0331777710912,11,11,5,NA,NA,0.712523921671231,7.71252392167123,NA,0.073658486059059,NA,NA,0.073658486059059,0.0811561193949399,0.636363636363636,NA,NA,0.636363636363636,0.701138538333748,0.006696226005369,NA,NA,0.006696226005369,0.00737782903590363
"MRDK",2018,205,2018-07-03,NA,NA,NA,9,4,NA,NA,NA,0,NA,11,1,7.6,181.458391671346,0,0,11,0,0,11,15.5,15.2636363636364,0.00570559210526316,181.458391671346,NA,NA,NA,NA,NA,NA,0,0,0,0,0,0,0,0,0,0,0,0,0,0,0,0,0
"MRDK",2023,205,2023-07-17,"MB, VM",0,0,5,7,1,0,2,1,NA,1,1,NA,NA,1,NA,1,0,0,1,17.3,NA,NA,181.458391671346,11,11,5,NA,NA,0.712523921671231,1.71252392167123,NA,0.00551090523171383,NA,NA,0.00551090523171383,0.00943755703937307,0.0909090909090909,NA,NA,0.0909090909090909,0.155683992879203,0.000500991384701257,NA,NA,0.000500991384701257,0.000857959730852097
"MRIND",2018,465,2018-07-26,NA,0,0,8,4,NA,NA,NA,2,NA,11,1,3.7,43.0084034276443,2,1,11,0,2,9,16.8,19.7444444444444,0.0278655222790358,43.0084034276443,NA,NA,NA,NA,NA,NA,2,3,0.0465025399830227,0.0232512699915114,0.0697538099745341,0.0465025399830227,0.0465025399830227,0.181818181818182,0.0909090909090909,0.272727272727273,2,0.181818181818182,0.00422750363482025,0.00211375181741012,0.00634125545223037,0.0465025399830227,0.00422750363482025
"MRIND",2020,465,2020-07-30,"Gavin + Courtenay",0,0,6,6,0,0,7,0,"Dark grey fungus present on all larger trees. Took a photo (#114306475) of what might be cytospora",11,1,3.8,45.3645979178366,1,1,11,0,0,11,17.1,18.53,0.0273036703601108,45.3645979178366,11,11,2,1,0,0.290747794353651,1,2,0.0220436209268553,0.0220436209268553,0.0440872418537106,0,0.0220436209268553,0.0909090909090909,0.0909090909090909,0.181818181818182,0,0.0909090909090909,0.00200396553880503,0.00200396553880503,0.00400793107761006,0,0.00200396553880503
"MRIND",2023,465,2023-07-24,"HL, BW",0,0,1,6,0,0,4,2,"wildlife trail to 466",1,1,NA,NA,2,NA,1,0,0,1,17.5,NA,NA,43.0084034276443,11,11,3,NA,NA,0.433227018227027,2.43322701822703,NA,0.0465025399830227,NA,NA,0.0465025399830227,0.0565756183514367,0.181818181818182,NA,NA,0.181818181818182,0.221202456202457,0.00422750363482025,NA,NA,0.00422750363482025,0.00514323803194879
"MTAFH",2018,471,2018-07-26,NA,0,0,3,2,NA,NA,NA,0,NA,11,1,3,28.2743338823081,0,2,11,0,0,11,36,15.6727272727273,0.0446493333333333,28.2743338823081,NA,NA,NA,NA,NA,NA,0,2,0,0.0707355302630646,0.0707355302630646,0,0,0,0.181818181818182,0.181818181818182,0,0,0,0.00643050275118769,0.00643050275118769,0,0
"MTAFH",2020,471,2020-07-22,"Aidan, Courtenay",0,0,6,3,0,2,3,0,"Renailed in nail, was too short. Multiple bear dumps around focal tree.",11,1,2.8,24.630086404144,0,2,11,0,0,11,34.2,14.5384615384615,0.0521897959183674,24.630086404144,11,11,2,1,0,0.290747794353651,0,2,0,0.0812015015774976,0.0812015015774976,0,0,0,0.181818181818182,0.181818181818182,0,0,0,0.00738195468886342,0.00738195468886342,0,0
"MTAFH",2023,471,2023-07-11,"EC MB",0,1,10,1,1,1,2,0,"no fresh bear sign",11,1,2.8,24.630086404144,0,2,11,0,0,11,35.7,14.5857142857143,0.0567214285714286,24.630086404144,11,11,3,1,0,0.433227018227027,0,2,0,0.0812015015774976,0.0812015015774976,0,0,0,0.181818181818182,0.181818181818182,0,0,0,0.00738195468886342,0.00738195468886342,0,0
"MTSH",2018,183,2018-07-03,NA,NA,NA,2,5,NA,NA,NA,0,NA,11,1,4.1,52.8101725068444,0,1,11,0,0,11,31.2,19.8545454545455,0.0335237358715051,52.8101725068444,NA,NA,NA,NA,NA,NA,0,1,0,0.0189357457575128,0.0189357457575128,0,0,0,0.0909090909090909,0.0909090909090909,0,0,0,0.00172143143250117,0.00172143143250117,0,0
"MTSH",2023,557,2023-07-17,"MB, VM",0,0,0,3,0,0,6,0,NA,1,1,NA,NA,0,NA,1,0,0,1,30.5,NA,NA,52.8101725068444,11,11,5,NA,NA,0.712523921671231,0.712523921671231,NA,0,NA,NA,0,0.0134921718269124,0,NA,NA,0,0.0647749019701119,0,NA,NA,0,0.00122656107517386
"MVARN",2018,287,2018-07-12,NA,NA,NA,0,3,NA,NA,NA,0,NA,10,1,7,153.9380400259,0,0,10,0,0,10,28.1,21.02,0.0113614693877551,153.9380400259,NA,NA,NA,NA,NA,NA,0,0,0,0,0,0,0,0,0,0,0,0,0,0,0,0,0
"MVARN",2020,287,2020-07-05,"Gavin, Nicole, Courtenay, Roxy, Gabriel",0,0,0,3,NA,NA,6,0,NA,10,1,7.1,158.367685667461,0,0,10,0,0,10,28.1,21.12,0.0111308073794882,158.367685667461,10,10,2,1,0,0.264316176685138,0,0,0,0,0,0,0,0,0,0,0,0,0,0,0,0,0
"MVARN",2023,287,2023-07-02,"EC, VM, HL",0,0,3,1,0,0,4,0,"giant bull moose!! laying right on site when we walked by in the morning",1,1,NA,NA,0,NA,1,0,0,1,29.5,NA,NA,153.9380400259,10,10,3,NA,NA,0.393842743842752,0.393842743842752,NA,0,NA,NA,0,0.00255844977483466,0,NA,NA,0,0.0358038858038865,0,NA,NA,0,0.000232586343166787
"MWDV",2018,208,2018-07-03,NA,NA,NA,2,0,NA,NA,NA,0,NA,11,1,6.9,149.57122623741,0,0,11,0,0,11,46.3,15.4272727272727,0.00823648393194707,149.57122623741,NA,NA,NA,NA,NA,NA,0,0,0,0,0,0,0,0,0,0,0,0,0,0,0,0,0
"MWDV",2023,208,2023-07-17,"MB, VM",0,0,2,0,0,0,1,0,NA,1,1,NA,NA,0,NA,1,0,0,1,47.9,NA,NA,149.57122623741,11,11,5,NA,NA,0.712523921671231,0.712523921671231,NA,0,NA,NA,0,0.00476377669419025,0,NA,NA,0,0.0647749019701119,0,NA,NA,0,0.00043307060856275
"NCIF",2018,267,2018-07-10,NA,NA,NA,0,0,NA,NA,NA,2,NA,11,1,4.8,72.3822947387088,2,1,11,0,2,9,29.6,24.9777777777778,0.0259018229166667,72.3822947387088,NA,NA,NA,NA,NA,NA,2,3,0.0276310665090096,0.0138155332545048,0.0414465997635144,0.0276310665090096,0.0276310665090096,0.181818181818182,0.0909090909090909,0.272727272727273,2,0.181818181818182,0.00251191513718269,0.00125595756859135,0.00376787270577404,0.0276310665090096,0.00251191513718269
"NCIF",2023,267,2023-07-06,"VM, MB",0,0,3,0,2,0,15,3,"borderline unhealthy",1,1,NA,NA,3,NA,1,0,0,1,30.2,NA,NA,72.3822947387088,11,11,5,NA,NA,0.712523921671231,3.71252392167123,NA,0.0414465997635144,NA,NA,0.0414465997635144,0.0512904976979935,0.272727272727273,NA,NA,0.272727272727273,0.337502174697385,0.00376787270577404,NA,NA,0.00376787270577404,0.00466277251799941
"NCKW",2018,166,2018-07-02,NA,NA,NA,2,3,NA,NA,NA,0,NA,11,1,8.4,221.670777637296,0,1,11,0,0,11,23.7,22.8909090909091,0.00976210317460318,221.670777637296,NA,NA,NA,NA,NA,NA,0,1,0,0.0045111945320832,0.0045111945320832,0,0,0,0.0909090909090909,0.0909090909090909,0,0,0,0.000410108593825746,0.000410108593825746,0,0
"NCKW",2023,166,2023-07-18,"HL, VM",0,0,4,5,0,0,1,1,NA,1,1,NA,NA,1,NA,1,0,0,1,25.2,NA,NA,221.670777637296,11,11,5,NA,NA,0.712523921671231,1.71252392167123,NA,0.0045111945320832,NA,NA,0.0045111945320832,0.00772552855150494,0.0909090909090909,NA,NA,0.0909090909090909,0.155683992879203,0.000410108593825746,NA,NA,0.000410108593825746,0.00070232077740954
"NCUB",2018,116,2018-06-29,NA,NA,NA,11,4,NA,NA,NA,1,NA,11,1,5.1,81.7128249198705,1,0,11,0,1,10,19.4,16.56,0.0153147251057286,81.7128249198705,NA,NA,NA,NA,NA,NA,1,1,0.012237981014371,0,0.012237981014371,0.012237981014371,0.012237981014371,0.0909090909090909,0,0.0909090909090909,1,0.0909090909090909,0.00111254372857919,0,0.00111254372857919,0.012237981014371,0.00111254372857919
"NDFU",2018,9,2018-06-22,NA,NA,NA,1,0,NA,NA,NA,0,NA,11,1,7.33,168.794317525461,0,1,11,0,0,11,45.8,28.9909090909091,0.0178860352622146,168.794317525461,NA,NA,NA,NA,NA,NA,0,1,0,0.00592437005380327,0.00592437005380327,0,0,0,0.0909090909090909,0.0909090909090909,0,0,0,0.000538579095800297,0.000538579095800297,0,0
"NDFU",2023,528,2023-06-28,"EC CP",0,1,14,0,2,0,7,0,"lots of new down dead in area",1,1,NA,NA,0,NA,1,0,0,1,47.6,NA,NA,168.794317525461,11,11,5,NA,NA,0.712523921671231,0.712523921671231,NA,0,NA,NA,0,0.00422125538416751,0,NA,NA,0,0.0647749019701119,0,NA,NA,0,0.000383750489469774
"NGFS",2018,185,2018-07-03,NA,NA,NA,14,5,NA,NA,NA,2,NA,11,1,5.4,91.6088417786784,2,0,11,0,2,9,23.1,19.8666666666667,0.0167023319615912,91.6088417786784,NA,NA,NA,NA,NA,NA,2,2,0.0218319537848965,0,0.0218319537848965,0.0218319537848965,0.0218319537848965,0.181818181818182,0,0.181818181818182,2,0.181818181818182,0.00198472307135423,0,0.00198472307135423,0.0218319537848965,0.00198472307135423
"NGFS",2023,185,2023-07-18,"HL, VM",0,0,9,12,0,1,1,0,NA,1,1,NA,NA,0,NA,1,0,0,1,24.7,NA,NA,91.6088417786784,11,11,5,NA,NA,0.712523921671231,0.712523921671231,NA,0,NA,NA,0,0.00777789466427976,0,NA,NA,0,0.0647749019701119,0,NA,NA,0,0.000707081333116342
"NGTWF",2018,325,2018-07-16,NA,1,0,23,4,NA,NA,NA,3,"Unhealthy stand",11,1,4.3,58.0880481648753,3,1,11,0,3,8,14.2,13.6125,0.0084770686857761,58.0880481648753,NA,NA,NA,NA,NA,NA,3,4,0.0516457359952067,0.0172152453317356,0.0688609813269423,0.0516457359952067,0.0516457359952067,0.272727272727273,0.0909090909090909,0.363636363636364,3,0.272727272727273,0.00469506690865516,0.00156502230288505,0.00626008921154021,0.0516457359952067,0.00469506690865516
"NGTWF",2020,325,2020-07-17,"Gavin, Courtenay, Aidan",1,0,16,1,22,0,9,2,"unhealthy stand",11,1,4.1,52.8101725068444,4,1,9,2,2,7,14.5,14.5375,0.0107178465199286,52.8101725068444,11,9,2,0.818181818181818,0.0954431533378902,0.290747794353651,4,5,0.0757429830300513,0.0189357457575128,0.0946787287875642,0.0378714915150257,0.0757429830300513,0.363636363636364,0.0909090909090909,0.454545454545455,2,0.363636363636364,0.00688572573000467,0.00172143143250117,0.00860715716250583,0.0378714915150257,0.00688572573000467
"NGTWF",2023,325,2023-07-17,"EC, HL",1,0,33,9,4,2,7,2,"canopy trees highly infected by lots of regen",11,1,4.1,52.8101725068444,4,1,8,3,1,7,16.6,15.35,0.0118916121356336,52.8101725068444,9,8,3,0.888888888888889,0.0385002633295049,0.354458469458476,4,5,0.0757429830300513,0.0189357457575128,0.0946787287875642,0.0378714915150257,0.0757429830300513,0.363636363636364,0.0909090909090909,0.454545454545455,2,0.363636363636364,0.00688572573000467,0.00172143143250117,0.00860715716250583,0.0378714915150257,0.00688572573000467
"NIBED",2018,379,2018-07-20,NA,1,0,0,0,NA,NA,NA,0,NA,11,1,4.5,63.6172512351933,1,2,11,0,0,11,28.8,18.5,0.0217881481481482,63.6172512351933,NA,NA,NA,NA,NA,NA,1,3,0.0157190067251255,0.0314380134502509,0.0471570201753764,0,0.0157190067251255,0.0909090909090909,0.181818181818182,0.272727272727273,0,0.0909090909090909,0.00142900061137504,0.00285800122275009,0.00428700183412513,0,0.00142900061137504
"NIBED",2020,379,2020-07-10,"Gavin, Courtenay, Aiden",1,1,0,0,NA,NA,1,0,NA,11,1,4.8,72.3822947387088,2,2,10,1,0,10,29.1,16.55,0.0191096354166667,72.3822947387088,11,10,2,0.909090909090909,0.0465361826677765,0.290747794353651,2,4,0.0276310665090096,0.0276310665090096,0.0552621330180192,0,0.0276310665090096,0.181818181818182,0.181818181818182,0.363636363636364,0,0.181818181818182,0.00251191513718269,0.00251191513718269,0.00502383027436538,0,0.00251191513718269
"NISHT",2018,284,2018-07-12,NA,1,0,3,18,NA,NA,NA,3,"Very damaged stand",11,1,3.9,47.7836242611007,3,0,11,0,3,8,7.8,10.6125,0.0126230769230769,47.7836242611007,NA,NA,NA,NA,NA,NA,3,3,0.0627830150263887,0,0.0627830150263887,0.0627830150263887,0.0627830150263887,0.272727272727273,0,0.272727272727273,3,0.272727272727273,0.00570754682058079,0,0.00570754682058079,0.0627830150263887,0.00570754682058079
"NISHT",2020,284,2020-07-27,"Ben + Courtenay",0,0,3,20,0,2,14,3,NA,11,1,3.4,36.316811075498,3,0,11,0,3,8,8.7,9.66363636363636,0.0180315743944637,36.316811075498,11,11,2,1,0,0.290747794353651,3,3,0.0826063718470045,0,0.0826063718470045,0.0826063718470045,0.0826063718470045,0.272727272727273,0,0.272727272727273,3,0.272727272727273,0.0075096701679095,0,0.0075096701679095,0.0826063718470045,0.0075096701679095
"NISHT",2023,284,2023-06-26,"EC CP",0,0,2,7,0,3,13,2,"lots of stems, 5 - 10 cm dbh",1,1,NA,NA,2,NA,1,0,0,1,10.3,NA,NA,47.7836242611007,11,11,3,NA,NA,0.433227018227027,2.43322701822703,NA,0.0418553433509258,NA,NA,0.0418553433509258,0.0509217761493208,0.181818181818182,NA,NA,0.181818181818182,0.221202456202457,0.00380503121372053,NA,NA,0.00380503121372053,0.00462925237721098
"NIZOD",2018,340,2018-07-17,NA,NA,NA,1,0,NA,NA,NA,0,NA,11,1,4,50.2654824574367,0,1,11,0,0,11,32.7,20.8090909090909,0.0357183125,50.2654824574367,NA,NA,NA,NA,NA,NA,0,1,0,0.0198943678864869,0.0198943678864869,0,0,0,0.0909090909090909,0.0909090909090909,0,0,0,0.00180857889877154,0.00180857889877154,0,0
"NIZOD",2020,340,2020-08-17,"Ben and Courtenay",0,0,1,0,0,0,1,0,NA,11,1,4,50.2654824574367,0,1,10,0,0,10,33.5,22.3,0.0331835625,50.2654824574367,11,11,2,1,0,0.290747794353651,0,1,0,0.0198943678864869,0.0198943678864869,0,0,0,0.0909090909090909,0.0909090909090909,0,0,0,0.00180857889877154,0.00180857889877154,0,0
"NIZOD",2023,340,2023-07-18,"EC, MB",0,0,2,1,0,0,1,1,NA,1,1,NA,NA,1,NA,1,0,0,1,34,NA,NA,50.2654824574367,10,10,3,NA,NA,0.393842743842752,1.39384274384275,NA,0.0198943678864869,NA,NA,0.0198943678864869,0.027729620321918,0.0909090909090909,NA,NA,0.0909090909090909,0.126712976712977,0.00180857889877154,NA,NA,0.00180857889877154,0.00252087457471982
"NJLM",2018,98,2018-06-28,NA,NA,NA,0,1,NA,NA,NA,3,NA,11,1,7.2,162.860163162095,3,0,11,0,3,8,21.5,23.0875,0.0106681134259259,162.860163162095,NA,NA,NA,NA,NA,NA,3,3,0.0184207110060064,0,0.0184207110060064,0.0184207110060064,0.0184207110060064,0.272727272727273,0,0.272727272727273,3,0.272727272727273,0.00167461009145513,0,0.00167461009145513,0.0184207110060064,0.00167461009145513
"NJLM",2023,98,2023-07-11,"HL VM",0,0,0,0,0,0,3,1,NA,1,1,NA,NA,1,NA,1,0,0,1,23.2,NA,NA,162.860163162095,11,11,5,NA,NA,0.712523921671231,1.71252392167123,NA,0.00614023700200213,NA,NA,0.00614023700200213,0.0105153027506595,0.0909090909090909,NA,NA,0.0909090909090909,0.155683992879203,0.000558203363818376,NA,NA,0.000558203363818376,0.000955936613696318
"NJQHM",2018,377,2018-07-20,NA,0,1,36,0,NA,NA,NA,2,NA,11,1,3.3,34.2119439975928,2,0,11,0,2,9,19,17.4333333333333,0.025589072543618,34.2119439975928,NA,NA,NA,NA,NA,NA,2,2,0.0584591159198881,0,0.0584591159198881,0.0584591159198881,0.0584591159198881,0.181818181818182,0,0.181818181818182,2,0.181818181818182,0.00531446508362619,0,0.00531446508362619,0.0584591159198881,0.00531446508362619
"NJQHM",2020,377,2020-07-10,"Gavin, Courtenay, Aiden",0,0,38,0,NA,NA,41,2,NA,11,1,3.5,38.484510006475,2,1,11,0,2,9,19.9,17.7888888888889,0.0237432653061225,38.484510006475,11,11,2,1,0,0.290747794353651,2,3,0.0519689610095985,0.0259844805047992,0.0779534415143977,0.0519689610095985,0.0519689610095985,0.181818181818182,0.0909090909090909,0.272727272727273,2,0.181818181818182,0.00472445100087259,0.00236222550043629,0.00708667650130888,0.0519689610095985,0.00472445100087259
"NLDIZ",2018,400,2018-07-21,NA,0,0,1,0,NA,NA,NA,0,NA,11,1,7.2,162.860163162095,2,2,11,0,0,11,23.9,17.9777777777778,0.0065630787037037,162.860163162095,NA,NA,NA,NA,NA,NA,2,4,0.0122804740040043,0.0122804740040043,0.0245609480080085,0,0.0122804740040043,0.181818181818182,0.181818181818182,0.363636363636364,0,0.181818181818182,0.00111640672763675,0.00111640672763675,0.0022328134552735,0,0.00111640672763675
"NLDIZ",2020,400,2020-07-22,"Gavin + Ben",0,1,0,0,1,0,9,0,NA,11,1,7.8,191.134497044403,2,3,11,0,0,11,24.5,19.6333333333333,0.00643216633793557,191.134497044403,11,11,2,1,0,0.290747794353651,2,5,0.0104638358377314,0.0156957537565972,0.0261595895943286,0,0.0104638358377314,0.181818181818182,0.272727272727273,0.454545454545455,0,0.181818181818182,0.000951257803430132,0.0014268867051452,0.00237814450857533,0,0.000951257803430132
"NLDIZ",2023,400,2023-07-07,"EC, MB",0,1,0,0,0,0,4,2,"near creek",1,1,NA,NA,2,NA,1,0,0,1,25.1,NA,NA,162.860163162095,11,11,3,NA,NA,0.433227018227027,2.43322701822703,NA,0.0122804740040043,NA,NA,0.0122804740040043,0.0149405905715889,0.181818181818182,NA,NA,0.181818181818182,0.221202456202457,0.00111640672763675,NA,NA,0.00111640672763675,0.00135823550650808
"NOLR",2018,277,2018-07-11,NA,NA,NA,3,0,NA,NA,NA,1,"New Orleans loves rum",11,1,3.1,30.1907054009979,1,0,11,0,1,10,10.1,19.88,0.0443712799167534,30.1907054009979,NA,NA,NA,NA,NA,NA,1,1,0.0331227769181884,0,0.0331227769181884,0.0331227769181884,0.0331227769181884,0.0909090909090909,0,0.0909090909090909,1,0.0909090909090909,0.00301116153801713,0,0.00301116153801713,0.0331227769181884,0.00301116153801713
"NOLR",2023,277,2023-07-06,"VM, MB",0,0,13,0,2,0,0,2,NA,1,1,NA,NA,2,NA,1,0,0,1,10.2,NA,NA,30.1907054009979,11,11,5,NA,NA,0.712523921671231,2.71252392167123,NA,0.0662455538363768,NA,NA,0.0662455538363768,0.0898463247427658,0.181818181818182,NA,NA,0.181818181818182,0.246593083788294,0.00602232307603426,NA,NA,0.00602232307603426,0.0081678477038878
"NOWZ",2018,87,2018-06-27,NA,NA,NA,7,0,NA,NA,NA,1,NA,11,1,7.6,181.458391671346,1,0,11,0,1,10,37.1,28.02,0.0152127770083103,181.458391671346,NA,NA,NA,NA,NA,NA,1,1,0.00551090523171383,0,0.00551090523171383,0.00551090523171383,0.00551090523171383,0.0909090909090909,0,0.0909090909090909,1,0.0909090909090909,0.000500991384701257,0,0.000500991384701257,0.00551090523171383,0.000500991384701257
"NOWZ",2023,87,2023-07-11,"HL VM",0,0,24,1,1,0,2,0,NA,1,1,NA,NA,0,NA,1,0,0,1,37.8,NA,NA,181.458391671346,11,11,5,NA,NA,0.712523921671231,0.712523921671231,NA,0,NA,NA,0,0.00392665180765924,0,NA,NA,0,0.0647749019701119,0,NA,NA,0,0.00035696834615084
"NQCO",2018,227,2018-07-06,NA,NA,NA,0,0,NA,NA,NA,1,"Site a little high on grid (east)",11,1,7.8,191.134497044403,1,0,11,0,1,10,38.2,26.53,0.0127294049967127,191.134497044403,NA,NA,NA,NA,NA,NA,1,1,0.00523191791886572,0,0.00523191791886572,0.00523191791886572,0.00523191791886572,0.0909090909090909,0,0.0909090909090909,1,0.0909090909090909,0.000475628901715066,0,0.000475628901715066,0.00523191791886572,0.000475628901715066
"NQCO",2023,227,2023-07-10,"HL, VM",0,0,0,0,0,0,0,2,NA,1,1,NA,NA,2,NA,1,0,0,1,38.6,NA,NA,191.134497044403,11,11,5,NA,NA,0.712523921671231,2.71252392167123,NA,0.0104638358377314,NA,NA,0.0104638358377314,0.0141917025111436,0.181818181818182,NA,NA,0.181818181818182,0.246593083788294,0.000951257803430132,NA,NA,0.000951257803430132,0.00129015477374033
"NTPH",2018,6,2018-06-22,NA,NA,NA,12,1,NA,NA,NA,2,NA,11,1,4.66,68.2215694282945,2,0,11,0,2,9,27.4,24.5222222222222,0.0251290777137173,68.2215694282945,NA,NA,NA,NA,NA,NA,2,2,0.0293162414286311,0,0.0293162414286311,0.0293162414286311,0.0293162414286311,0.181818181818182,0,0.181818181818182,2,0.181818181818182,0.00266511285714828,0,0.00266511285714828,0.0293162414286311,0.00266511285714828
"NTPH",2020,9,2020-08-25,"Ben and Courtenay",0,1,30,2,2,0,7,1,"Note tag number is wrong--6 vs 9?",11,1,4.5,63.6172512351933,2,0,10,1,1,9,27.8,24.35,0.0295573827160494,63.6172512351933,11,10,2,0.909090909090909,0.0465361826677765,0.290747794353651,2,2,0.0314380134502509,0,0.0314380134502509,0.0157190067251255,0.0314380134502509,0.181818181818182,0,0.181818181818182,1,0.181818181818182,0.00285800122275009,0,0.00285800122275009,0.0157190067251255,0.00285800122275009
"NTPH",2023,9,2023-06-28,"EC CP",1,0,27,6,4,2,9,1,"looks like a 9? lots of infection and recently downed tree. But loks of regen!",1,1,NA,NA,1,NA,1,0,0,1,28.2,NA,NA,68.2215694282945,10,11,3,NA,NA,0.393842743842752,1.39384274384275,NA,0.0146581207143155,NA,NA,0.0146581207143155,0.0204311151960199,0.0909090909090909,NA,NA,0.0909090909090909,0.126712976712977,0.00133255642857414,NA,NA,0.00133255642857414,0.00185737410872908
"NVYPC",2018,350,2018-07-18,NA,NA,NA,3,0,NA,NA,NA,0,NA,10,1,7.1,158.367685667461,0,1,10,0,0,10,35.3,31.98,0.0214244792699861,158.367685667461,NA,NA,NA,NA,NA,NA,0,1,0,0.00631441948390777,0.00631441948390777,0,0,0,0.1,0.1,0,0,0,0.000631441948390777,0.000631441948390777,0,0
"NVYPC",2020,350,2020-08-03,"Gavin and Aidan",0,0,0,0,0,0,4,0,NA,10,1,7.2,162.860163162095,0,1,10,0,0,10,36.3,32.33,0.021306037808642,162.860163162095,10,10,2,1,0,0.264316176685138,0,1,0,0.00614023700200213,0.00614023700200213,0,0,0,0.1,0.1,0,0,0,0.000614023700200213,0.000614023700200213,0,0
"NVYPC",2023,350,2023-08-18,"BB, KP, EH",0,0,2,0,0,0,2,0,NA,10,1,7.2,162.860163162095,0,1,10,0,0,10,37.6,33.31,0.0226133680555556,162.860163162095,10,10,3,1,0,0.393842743842752,0,1,0,0.00614023700200213,0.00614023700200213,0,0,0,0.1,0.1,0,0,0,0.000614023700200213,0.000614023700200213,0,0
"NVZC",2018,100,2018-06-28,NA,NA,NA,39,10,NA,NA,NA,3,NA,11,1,4.5,63.6172512351933,3,0,11,0,3,8,26,16.3125,0.0138533827160494,63.6172512351933,NA,NA,NA,NA,NA,NA,3,3,0.0471570201753764,0,0.0471570201753764,0.0471570201753764,0.0471570201753764,0.272727272727273,0,0.272727272727273,3,0.272727272727273,0.00428700183412513,0,0.00428700183412513,0.0471570201753764,0.00428700183412513
"NWDK",2018,230,2018-07-06,NA,NA,NA,1,0,NA,NA,NA,1,NA,10,1,4.4,60.8212337734984,2,0,10,0,1,9,24.5,27.025,0.0304631198347107,60.8212337734984,NA,NA,NA,NA,NA,NA,2,2,0.032883252704937,0,0.032883252704937,0.0164416263524685,0.032883252704937,0.2,0,0.2,1,0.2,0.00328832527049371,0,0.00328832527049371,0.0164416263524685,0.00328832527049371
"NWDK",2023,230,2023-07-10,"HL, VM",0,0,0,0,0,0,1,3,NA,1,1,NA,NA,3,NA,1,0,0,1,25,NA,NA,60.8212337734984,10,10,5,NA,NA,0.647749019701119,3.64774901970112,NA,0.0493248790574056,NA,NA,0.0493248790574056,0.0599749264095091,0.272727272727273,NA,NA,0.272727272727273,0.331613547245556,0.0044840799143096,NA,NA,0.0044840799143096,0.0054522660372281
"NYHR",2018,48,2018-06-25,NA,NA,NA,9,0,NA,NA,NA,0,NA,11,1,4.6,66.47610054996,1,0,11,0,0,11,27.6,20.78,0.0219528355387524,66.47610054996,NA,NA,NA,NA,NA,NA,1,1,0.0150430002922396,0,0.0150430002922396,0,0.0150430002922396,0.0909090909090909,0,0.0909090909090909,0,0.0909090909090909,0.00136754548111269,0,0.00136754548111269,0,0.00136754548111269
"NYXEO",2018,463,2018-07-25,NA,0,0,0,0,NA,NA,NA,3,NA,11,1,5.4,91.6088417786784,3,0,9,0,3,6,29.9,24.2833333333333,0.0125832304526749,91.6088417786784,NA,NA,NA,NA,NA,NA,3,3,0.0327479306773447,0,0.0327479306773447,0.0327479306773447,0.0327479306773447,0.272727272727273,0,0.272727272727273,3,0.272727272727273,0.00297708460703134,0,0.00297708460703134,0.0327479306773447,0.00297708460703134
"NYXEO",2020,463,2020-07-28,"Gavin + Nicole",0,0,0,0,1,1,0,3,"no noticeable pathogen/fungus. Measurements (esp Dist) seem a little off. 6/24/23 some fields blank and inferred as 0s",11,1,5.7,102.070345315132,3,1,11,0,3,8,21.1,23.7,0.0141905817174515,102.070345315132,9,9,2,1,0,0.237884559016624,3,4,0.0293914945691404,0.00979716485638014,0.0391886594255206,0.0293914945691404,0.0293914945691404,0.272727272727273,0.0909090909090909,0.363636363636364,3,0.272727272727273,0.00267195405174004,0.000890651350580013,0.00356260540232005,0.0293914945691404,0.00267195405174004
"NYXEO",2023,463,2023-07-25,"HL, VM",0,0,0,0,0,0,0,3,NA,1,1,NA,NA,3,NA,1,0,0,1,22.3,NA,NA,91.6088417786784,11,11,3,NA,NA,0.433227018227027,3.43322701822703,NA,0.0327479306773447,NA,NA,0.0327479306773447,0.0374770267974952,0.272727272727273,NA,NA,0.272727272727273,0.312111547111548,0.00297708460703134,NA,NA,0.00297708460703134,0.00340700243613593
"NZXV",2018,59,2018-06-26,NA,NA,NA,3,1,NA,NA,NA,0,NA,11,1,3.9,47.7836242611007,0,0,11,0,0,11,25.8,24.4727272727273,0.0445262327416174,47.7836242611007,NA,NA,NA,NA,NA,NA,0,0,0,0,0,0,0,0,0,0,0,0,0,0,0,0,0
"OCLZ",2018,152,2018-07-02,NA,NA,NA,1,1,NA,NA,NA,0,"Moved west due to stream in the way",9,1,2.6,21.237166338267,0,0,9,0,0,9,29.4,23.1666666666667,0.0762676035502959,21.237166338267,NA,NA,NA,NA,NA,NA,0,0,0,0,0,0,0,0,0,0,0,0,0,0,0,0,0
"OCLZ",2023,152,2023-07-17,"MB, VM",0,0,0,1,0,1,2,0,NA,1,1,NA,NA,0,NA,1,0,0,1,29.2,NA,NA,21.237166338267,9,9,5,NA,NA,0.582974117731007,0.582974117731007,NA,0,NA,NA,0,0.0274506545951261,0,NA,NA,0,0.0529976470664552,0,NA,NA,0,0.00249551405410238
"OELX",2018,175,2018-07-02,NA,NA,NA,2,6,NA,NA,NA,2,NA,11,1,4.2,55.4176944093239,2,1,11,0,2,9,32.7,20.9222222222222,0.0275850907029478,55.4176944093239,NA,NA,NA,NA,NA,NA,2,3,0.0360895562566656,0.0180447781283328,0.0541343343849984,0.0360895562566656,0.0360895562566656,0.181818181818182,0.0909090909090909,0.272727272727273,2,0.181818181818182,0.00328086875060596,0.00164043437530298,0.00492130312590895,0.0360895562566656,0.00328086875060596
"OELX",2023,175,2023-07-18,"HL, VM",0,0,2,9,0,0,1,3,NA,1,1,NA,NA,3,NA,1,0,0,1,33.1,NA,NA,55.4176944093239,11,11,5,NA,NA,0.712523921671231,3.71252392167123,NA,0.0541343343849984,NA,NA,0.0541343343849984,0.0669916704626854,0.272727272727273,NA,NA,0.272727272727273,0.337502174697385,0.00492130312590895,NA,NA,0.00492130312590895,0.00609015186024413
"OFCNI",2018,410,2018-07-23,NA,0,1,11,0,NA,NA,NA,1,NA,11,1,5.7,102.070345315132,1,0,11,0,1,10,21.8,22.44,0.0158529393659588,102.070345315132,NA,NA,NA,NA,NA,NA,1,1,0.00979716485638014,0,0.00979716485638014,0.00979716485638014,0.00979716485638014,0.0909090909090909,0,0.0909090909090909,1,0.0909090909090909,0.000890651350580013,0,0.000890651350580013,0.00979716485638014,0.000890651350580013
"OFCNI",2020,410,2020-07-20,"Gavin, Aidan",0,1,1,0,6,0,0,1,NA,11,1,5.7,102.070345315132,1,0,11,0,1,10,22,22.68,0.0162143428747307,102.070345315132,11,11,2,1,0,0.290747794353651,1,1,0.00979716485638014,0,0.00979716485638014,0.00979716485638014,0.00979716485638014,0.0909090909090909,0,0.0909090909090909,1,0.0909090909090909,0.000890651350580013,0,0.000890651350580013,0.00979716485638014,0.000890651350580013
"OFCNI",2023,410,2023-07-17,"EC, HL",0,1,15,0,2,0,0,2,"grouse",1,1,NA,NA,2,NA,1,0,0,1,22.9,NA,NA,102.070345315132,11,11,3,NA,NA,0.433227018227027,2.43322701822703,NA,0.0195943297127603,NA,NA,0.0195943297127603,0.0238387262305685,0.181818181818182,NA,NA,0.181818181818182,0.221202456202457,0.00178130270116003,NA,NA,0.00178130270116003,0.00216715693005168
"OFMLA",2018,414,2018-07-24,NA,0,0,20,3,NA,NA,NA,1,NA,11,1,2.7,22.9022104446696,1,3,11,0,1,10,24.5,15.46,0.0416702331961591,22.9022104446696,NA,NA,NA,NA,NA,NA,1,4,0.043663907569793,0.130991722709379,0.174655630279172,0.043663907569793,0.043663907569793,0.0909090909090909,0.272727272727273,0.363636363636364,1,0.0909090909090909,0.00396944614270845,0.0119083384281254,0.0158777845708338,0.043663907569793,0.00396944614270845
"OFMLA",2020,414,2020-07-31,"Aidan + Courtenay",0,0,36,3,3,1,1,1,"big flux of very small seedlings",11,1,2.4,18.0955736846772,1,3,11,0,1,10,24.5,14.8,0.0543326388888889,18.0955736846772,11,11,2,1,0,0.290747794353651,1,4,0.0552621330180192,0.165786399054058,0.221048532072077,0.0552621330180192,0.0552621330180192,0.0909090909090909,0.272727272727273,0.363636363636364,1,0.0909090909090909,0.00502383027436538,0.0150714908230961,0.0200953210974615,0.0552621330180192,0.00502383027436538
"OFMLA",2023,414,2023-07-19,"EC, BW",0,0,48,6,4,4,1,1,"many seedlings survived! many seedlings smaller than small.",1,1,NA,NA,1,NA,1,0,0,1,25.6,NA,NA,22.9022104446696,11,11,3,NA,NA,0.433227018227027,1.43322701822703,NA,0.043663907569793,NA,NA,0.043663907569793,0.0625802920503949,0.0909090909090909,NA,NA,0.0909090909090909,0.130293365293366,0.00396944614270845,NA,NA,0.00396944614270845,0.00568911745912681
"OFSKE",2018,427,2018-07-23,NA,0,0,7,2,NA,NA,NA,0,NA,11,1,2.7,22.9022104446696,0,0,11,0,0,11,16.9,11.7545454545455,0.0228662551440329,22.9022104446696,NA,NA,NA,NA,NA,NA,0,0,0,0,0,0,0,0,0,0,0,0,0,0,0,0,0
"OFSKE",2020,427,2020-07-23,"Gavin + Courtenay",0,0,3,4,4,6,6,0,NA,11,1,2.9,26.4207942166902,0,0,11,0,0,11,17.5,11.75,0.0215008323424495,26.4207942166902,11,11,2,1,0,0.290747794353651,0,0,0,0,0,0,0,0,0,0,0,0,0,0,0,0,0
"OFSKE",2023,427,2023-08-13,"BB, CR",0,0,9,4,1,5,4,0,NA,11,1,2.9,26.4207942166902,0,0,11,0,0,11,17.7,11.9166666666667,0.0220178359096314,26.4207942166902,11,11,3,1,0,0.433227018227027,0,0,0,0,0,0,0,0,0,0,0,0,0,0,0,0,0
"OGJZR",2018,396,2018-07-21,NA,0,1,5,0,NA,NA,NA,1,NA,11,1,5,78.5398163397448,1,2,11,0,1,10,27.5,19.31,0.01764796,78.5398163397448,NA,NA,NA,NA,NA,NA,1,3,0.0127323954473516,0.0254647908947033,0.0381971863420549,0.0127323954473516,0.0127323954473516,0.0909090909090909,0.181818181818182,0.272727272727273,1,0.0909090909090909,0.00115749049521378,0.00231498099042757,0.00347247148564135,0.0127323954473516,0.00115749049521378
"OGJZR",2020,396,2020-08-04,"Gavin and Nicole",0,1,1,0,6,0,6,1,"Nice Creek",11,1,4.9,75.4296396126909,1,3,11,0,1,10,28.2,18.67,0.0180189504373178,75.4296396126909,11,11,2,1,0,0.290747794353651,1,4,0.0132573880126527,0.039772164037958,0.0530295520506107,0.0132573880126527,0.0132573880126527,0.0909090909090909,0.272727272727273,0.363636363636364,1,0.0909090909090909,0.00120521709205933,0.003615651276178,0.00482086836823733,0.0132573880126527,0.00120521709205933
"OGJZR",2023,396,2023-07-07,"EC, MB",0,1,4,0,2,0,5,1,"very nice spot! lots of elk/moose rub",11,1,4.9,75.4296396126909,2,2,10,1,1,9,29.1,19.28,0.019074468971262,75.4296396126909,11,10,3,0.909090909090909,0.0312706872849103,0.433227018227027,2,4,0.0265147760253053,0.0265147760253053,0.0530295520506107,0.0132573880126527,0.0265147760253053,0.181818181818182,0.181818181818182,0.363636363636364,1,0.181818181818182,0.00241043418411867,0.00241043418411867,0.00482086836823733,0.0132573880126527,0.00241043418411867
"OJKJ",2018,265,2018-07-10,NA,NA,NA,0,0,NA,NA,NA,1,NA,10,1,3.9,47.7836242611007,2,0,10,0,1,9,24.7,24.7125,0.0341404996712689,47.7836242611007,NA,NA,NA,NA,NA,NA,2,2,0.0418553433509258,0,0.0418553433509258,0.0209276716754629,0.0418553433509258,0.2,0,0.2,1,0.2,0.00418553433509258,0,0.00418553433509258,0.0209276716754629,0.00418553433509258
"OJKJ",2023,265,2023-07-06,"MB, VM",0,0,1,0,2,0,2,1,"borderline unhealthy, some trees with flaky bark",1,1,NA,NA,1,NA,1,0,0,1,24.9,NA,NA,47.7836242611007,10,10,5,NA,NA,0.647749019701119,1.64774901970112,NA,0.0209276716754629,NA,NA,0.0209276716754629,0.0344835504878709,0.0909090909090909,NA,NA,0.0909090909090909,0.149795365427374,0.00190251560686026,NA,NA,0.00190251560686026,0.00313486822617008
"OQGJ",2018,49,2018-06-25,NA,NA,NA,10,2,NA,NA,NA,0,NA,11,1,6.5,132.732289614169,0,0,11,0,0,11,24.9,17.1636363636364,0.00959786982248521,132.732289614169,NA,NA,NA,NA,NA,NA,0,0,0,0,0,0,0,0,0,0,0,0,0,0,0,0,0
"ORCR",2018,269,2018-07-10,NA,NA,NA,0,0,NA,NA,NA,2,NA,11,1,6.6,136.847775990371,2,1,11,0,2,9,31.4,28.1,0.0174235307621671,136.847775990371,NA,NA,NA,NA,NA,NA,2,3,0.014614778979972,0.00730738948998601,0.021922168469958,0.014614778979972,0.014614778979972,0.181818181818182,0.0909090909090909,0.272727272727273,2,0.181818181818182,0.00132861627090655,0.000664308135453274,0.00199292440635982,0.014614778979972,0.00132861627090655
"ORCR",2023,269,2023-07-06,"VM, MB",0,0,3,0,0,0,2,2,"none",1,1,NA,NA,2,NA,1,0,0,1,32.2,NA,NA,136.847775990371,11,11,5,NA,NA,0.712523921671231,2.71252392167123,NA,0.014614778979972,NA,NA,0.014614778979972,0.019821468796556,0.181818181818182,NA,NA,0.181818181818182,0.246593083788294,0.00132861627090655,NA,NA,0.00132861627090655,0.00180195170877782
"ORYUD",2018,321,2018-07-16,NA,NA,1,4,3,NA,NA,NA,1,NA,11,1,5.1,81.7128249198705,1,1,11,0,1,10,26.7,20.23,0.0165962706651288,81.7128249198705,NA,NA,NA,NA,NA,NA,1,2,0.012237981014371,0.012237981014371,0.0244759620287421,0.012237981014371,0.012237981014371,0.0909090909090909,0.0909090909090909,0.181818181818182,1,0.0909090909090909,0.00111254372857919,0.00111254372857919,0.00222508745715837,0.012237981014371,0.00111254372857919
"ORYUD",2020,321,2020-07-17,"CR, Aidan, Gavin",0,1,6,3,1,0,6,0,NA,11,1,4.9,75.4296396126909,1,1,10,1,0,10,27.4,20.9230769230769,0.0253843398583923,75.4296396126909,11,10,2,0.909090909090909,0.0465361826677765,0.290747794353651,1,2,0.0132573880126527,0.0132573880126527,0.0265147760253053,0,0.0132573880126527,0.0909090909090909,0.0909090909090909,0.181818181818182,0,0.0909090909090909,0.00120521709205933,0.00120521709205933,0.00241043418411867,0,0.00120521709205933
"OUZLF",2018,318,2018-07-16,NA,0,0,25,22,NA,NA,NA,3,"Confirm not on private property",11,1,4.1,52.8101725068444,4,0,11,0,3,8,22.6,19.8571428571429,0.0171189767995241,52.8101725068444,NA,NA,NA,NA,NA,NA,4,4,0.0757429830300513,0,0.0757429830300513,0.0568072372725385,0.0757429830300513,0.363636363636364,0,0.363636363636364,3,0.363636363636364,0.00688572573000467,0,0.00688572573000467,0.0568072372725385,0.00688572573000467
"OUZLF",2020,318,2020-07-15,"Gavin,  Aidan",0,0,7,15,6,4,9,1,"not on private land",11,1,3.5,38.484510006475,3,0,10,1,1,9,23,18.3125,0.0245435918367347,38.484510006475,11,10,2,0.909090909090909,0.0465361826677765,0.290747794353651,3,3,0.0779534415143977,0,0.0779534415143977,0.0259844805047992,0.0779534415143977,0.272727272727273,0,0.272727272727273,1,0.272727272727273,0.00708667650130888,0,0.00708667650130888,0.0259844805047992,0.00708667650130888
"OUZLF",2023,318,2023-08-19,"BB, CR",0,0,28,14,3,7,10,0,"next to large paper wasp nest 10m to N; not on private land",11,1,3.4,36.316811075498,3,1,8,3,0,8,23.5,18.63,0.0328865916955017,36.316811075498,10,8,3,0.8,0.0716812169510166,0.393842743842752,3,4,0.0826063718470045,0.0275354572823348,0.110141829129339,0,0.0826063718470045,0.272727272727273,0.0909090909090909,0.363636363636364,0,0.272727272727273,0.0075096701679095,0.00250322338930317,0.0100128935572127,0,0.0075096701679095
"OVSI",2018,46,2018-06-25,NA,NA,NA,1,1,NA,NA,NA,1,NA,11,1,5.2,84.948665353068,1,2,11,0,1,10,15.9,16.06,0.0119601331360947,84.948665353068,NA,NA,NA,NA,NA,NA,1,3,0.0117718153174479,0.0235436306348958,0.0353154459523436,0.0117718153174479,0.0117718153174479,0.0909090909090909,0.181818181818182,0.272727272727273,1,0.0909090909090909,0.0010701650288589,0.0021403300577178,0.00321049508657669,0.0117718153174479,0.0010701650288589
"OXLK",2018,164,2018-07-02,NA,NA,NA,0,1,NA,NA,NA,2,NA,11,1,8.7,237.787147950211,2,0,11,0,2,9,35.2,20.4,0.00639503236887304,237.787147950211,NA,NA,NA,NA,NA,NA,2,2,0.00841088350333705,0,0.00841088350333705,0.00841088350333705,0.00841088350333705,0.181818181818182,0,0.181818181818182,2,0.181818181818182,0.000764625773030641,0,0.000764625773030641,0.00841088350333705,0.000764625773030641
"OXLK",2023,164,2023-07-17,"VM, MB",0,0,0,1,0,0,0,3,"bodderline unhealthy, lots of fungi",1,1,NA,NA,3,NA,1,0,0,1,36.4,NA,NA,237.787147950211,11,11,5,NA,NA,0.712523921671231,3.71252392167123,NA,0.0126163252550056,NA,NA,0.0126163252550056,0.0156128031042644,0.272727272727273,NA,NA,0.272727272727273,0.337502174697385,0.00114693865954596,NA,NA,0.00114693865954596,0.00141934573675131
"PAEU",2018,130,2018-06-29,NA,NA,NA,0,0,NA,NA,NA,2,NA,11,1,6.1,116.898662640076,2,3,11,0,2,9,22.2,24.2444444444444,0.0146097285675894,116.898662640076,NA,NA,NA,NA,NA,NA,2,5,0.0171088355917114,0.0256632533875671,0.0427720889792785,0.0171088355917114,0.0171088355917114,0.181818181818182,0.272727272727273,0.454545454545455,2,0.181818181818182,0.00155534869015558,0.00233302303523337,0.00388837172538896,0.0171088355917114,0.00155534869015558
"PAEU",2023,130,2023-07-11,"HL VM",0,0,0,0,0,0,1,1,NA,1,1,NA,NA,1,NA,1,0,0,1,22.4,NA,NA,116.898662640076,11,11,5,NA,NA,0.712523921671231,1.71252392167123,NA,0.0085544177958557,NA,NA,0.0085544177958557,0.014649645111373,0.0909090909090909,NA,NA,0.0909090909090909,0.155683992879203,0.000777674345077791,NA,NA,0.000777674345077791,0.00133178591921573
"PDEJ",2018,147,2018-07-02,NA,NA,NA,0,0,NA,NA,NA,0,NA,11,1,6.4,128.679635091038,2,0,11,0,0,11,23.1,24.0777777777778,0.0130726806640625,128.679635091038,NA,NA,NA,NA,NA,NA,2,2,0.0155424749113179,0,0.0155424749113179,0,0.0155424749113179,0.181818181818182,0,0.181818181818182,0,0.181818181818182,0.00141295226466526,0,0.00141295226466526,0,0.00141295226466526
"PDEJ",2023,147,2023-07-18,"HL, VM",0,0,0,0,0,0,1,0,NA,1,1,NA,NA,0,NA,1,0,0,1,24.4,NA,NA,128.679635091038,11,11,5,NA,NA,0.712523921671231,0.712523921671231,NA,0,NA,NA,0,0.00553719258814448,0,NA,NA,0,0.0647749019701119,0,NA,NA,0,0.000503381144376771
"PEIZA",2018,460,2018-07-24,NA,0,0,3,2,NA,NA,NA,1,NA,9,1,4.8,72.3822947387088,1,1,9,0,1,8,37,19.925,0.0172895833333333,72.3822947387088,NA,NA,NA,NA,NA,NA,1,2,0.0138155332545048,0.0138155332545048,0.0276310665090096,0.0138155332545048,0.0138155332545048,0.111111111111111,0.111111111111111,0.222222222222222,1,0.111111111111111,0.00153505925050053,0.00153505925050053,0.00307011850100107,0.0138155332545048,0.00153505925050053
"PEIZA",2020,460,2020-08-13,"Gavin and Erin",0,0,13,3,1,2,0,0,"Leaf hoppers",9,1,5,78.5398163397448,1,2,9,0,0,9,39.5,20.625,0.01725472,78.5398163397448,9,9,2,1,0,0.237884559016624,1,3,0.0127323954473516,0.0254647908947033,0.0381971863420549,0,0.0127323954473516,0.111111111111111,0.222222222222222,0.333333333333333,0,0.111111111111111,0.00141471060526129,0.00282942121052258,0.00424413181578388,0,0.00141471060526129
"PEUNX",2018,389,2018-07-21,NA,0,0,0,0,NA,NA,NA,2,NA,11,1,6.7,141.026094219646,2,1,11,0,2,9,18,18.1444444444444,0.0071989975495656,141.026094219646,NA,NA,NA,NA,NA,NA,2,3,0.0141817726078766,0.00709088630393831,0.0212726589118149,0.0141817726078766,0.0141817726078766,0.181818181818182,0.0909090909090909,0.272727272727273,2,0.181818181818182,0.00128925205526151,0.000644626027630755,0.00193387808289227,0.0141817726078766,0.00128925205526151
"PEUNX",2020,389,2020-07-22,"Aidan, Courtenay",0,0,0,0,0,0,2,0,NA,11,1,7.4,172.033613710577,2,1,9,2,0,9,18.3,18.4727272727273,0.00743929875821767,172.033613710577,11,9,2,0.818181818181818,0.0954431533378902,0.290747794353651,2,3,0.0116256349957557,0.00581281749787784,0.0174384524936335,0,0.0116256349957557,0.181818181818182,0.0909090909090909,0.272727272727273,0,0.181818181818182,0.00105687590870506,0.000528437954352531,0.00158531386305759,0,0.00105687590870506
"PEUNX",2023,389,2023-07-11,"EC MB",0,1,1,0,0,0,0,0,"open & lovely",1,1,NA,NA,0,NA,1,0,0,1,19.3,NA,NA,141.026094219646,9,11,3,NA,NA,0.354458469458476,0.354458469458476,NA,0,NA,NA,0,0.00251342470639805,0,NA,NA,0,0.0322234972234979,0,NA,NA,0,0.000228493155127095
"PFMU",2018,115,2018-06-28,NA,NA,NA,0,0,NA,NA,NA,0,NA,11,1,7.3,167.4154725098,0,1,11,0,0,11,57,31.9454545454545,0.0230994182773503,167.4154725098,NA,NA,NA,NA,NA,NA,0,1,0,0.00597316356133966,0.00597316356133966,0,0,0,0.0909090909090909,0.0909090909090909,0,0,0,0.000543014869212697,0.000543014869212697,0,0
"PFMU",2023,115,2023-07-11,"HL VM",0,0,2,0,0,6,1,1,NA,1,1,NA,NA,1,NA,1,0,0,1,57.9,NA,NA,167.4154725098,11,11,5,NA,NA,0.712523921671231,1.71252392167123,NA,0.00597316356133966,NA,NA,0.00597316356133966,0.0102291854868491,0.0909090909090909,NA,NA,0.0909090909090909,0.155683992879203,0.000543014869212697,NA,NA,0.000543014869212697,0.000929925953349918
"PGWE",2018,63,2018-06-26,NA,NA,NA,9,2,NA,NA,NA,1,NA,11,1,8.3,216.424317905801,1,0,11,0,1,10,33,19.07,0.0069191900130643,216.424317905801,NA,NA,NA,NA,NA,NA,1,1,0.00462055285504123,0,0.00462055285504123,0.00462055285504123,0.00462055285504123,0.0909090909090909,0,0.0909090909090909,1,0.0909090909090909,0.000420050259549203,0,0.000420050259549203,0.00462055285504123,0.000420050259549203
"PGYU",2018,192,2018-07-03,NA,NA,NA,11,4,NA,NA,NA,2,NA,11,1,4.6,66.47610054996,2,0,11,0,2,9,5.2,21.2666666666667,0.0241971644612476,66.47610054996,NA,NA,NA,NA,NA,NA,2,2,0.0300860005844793,0,0.0300860005844793,0.0300860005844793,0.0300860005844793,0.181818181818182,0,0.181818181818182,2,0.181818181818182,0.00273509096222539,0,0.00273509096222539,0.0300860005844793,0.00273509096222539
"PGYU",2023,192,2023-07-18,"HL, VM",0,0,5,10,2,1,0,1,NA,1,1,NA,NA,1,NA,1,0,0,1,6,NA,NA,66.47610054996,11,11,5,NA,NA,0.712523921671231,1.71252392167123,NA,0.0150430002922396,NA,NA,0.0150430002922396,0.0257614978541677,0.0909090909090909,NA,NA,0.0909090909090909,0.155683992879203,0.00136754548111269,NA,NA,0.00136754548111269,0.00234195435037888
"PHAK",2018,276,2018-07-11,NA,NA,NA,0,0,NA,NA,NA,0,NA,11,1,4.5,63.6172512351933,0,3,11,0,0,11,22.7,21.5636363636364,0.0256611358024691,63.6172512351933,NA,NA,NA,NA,NA,NA,0,3,0,0.0471570201753764,0.0471570201753764,0,0,0,0.272727272727273,0.272727272727273,0,0,0,0.00428700183412513,0.00428700183412513,0,0
"PHAK",2020,276,2020-08-18,"Courtenay and Erin",0,0,0,0,1,0,5,0,NA,11,1,4.4,60.8212337734984,0,3,11,0,0,11,23.1,21.8090909090909,0.027502944214876,60.8212337734984,11,11,2,1,0,0.290747794353651,0,3,0,0.0493248790574056,0.0493248790574056,0,0,0,0.272727272727273,0.272727272727273,0,0,0,0.0044840799143096,0.0044840799143096,0,0
"PHAK",2023,276,2023-07-06,"VM, MB",0,0,0,0,0,0,6,1,"none",1,1,NA,NA,1,NA,1,0,0,1,23.6,NA,NA,63.6172512351933,11,11,3,NA,NA,0.433227018227027,1.43322701822703,NA,0.0157190067251255,NA,NA,0.0157190067251255,0.0225289051381422,0.0909090909090909,NA,NA,0.0909090909090909,0.130293365293366,0.00142900061137504,NA,NA,0.00142900061137504,0.00204808228528565
"PHBY",2018,143,2018-07-02,NA,NA,NA,1,0,NA,NA,NA,0,NA,11,1,9.66,293.159603425324,0,0,11,0,0,11,33.3,21.8636363636364,0.00664018663546074,293.159603425324,NA,NA,NA,NA,NA,NA,0,0,0,0,0,0,0,0,0,0,0,0,0,0,0,0,0
"PHBY",2023,143,2023-07-17,"VM, MB",0,0,2,1,1,0,0,1,NA,1,1,NA,NA,1,NA,1,0,0,1,36.2,NA,NA,293.159603425324,11,11,5,NA,NA,0.712523921671231,1.71252392167123,NA,0.0034111111773786,NA,NA,0.0034111111773786,0.00584160949074097,0.0909090909090909,NA,NA,0.0909090909090909,0.155683992879203,0.000310101016125327,NA,NA,0.000310101016125327,0.000531055408249179
"PHRAZ01",2018,483,2018-07-27,NA,0,0,7,3,NA,NA,NA,0,"Pittsburg high raining area Z",11,1,3.5,38.484510006475,0,1,11,0,0,11,19.5,19.1909090909091,0.0377524081632653,38.484510006475,NA,NA,NA,NA,NA,NA,0,1,0,0.0259844805047992,0.0259844805047992,0,0,0,0.0909090909090909,0.0909090909090909,0,0,0,0.00236222550043629,0.00236222550043629,0,0
"PHRAZ01",2020,483,2020-08-18,"Courtenay and Erin",0,0,10,3,4,2,2,0,NA,11,1,3.6,40.7150407905237,0,1,11,0,0,11,20.3,18.6384615384615,0.0397073302469136,40.7150407905237,11,11,2,1,0,0.290747794353651,0,1,0,0.0245609480080085,0.0245609480080085,0,0,0,0.0909090909090909,0.0909090909090909,0,0,0,0.0022328134552735,0.0022328134552735,0,0
"PHRAZ01",2023,483,2023-07-03,"EC, VM",0,0,13,3,3,0,4,3,"at clearing edge - great lunch spot!",1,1,NA,NA,3,NA,1,0,0,1,21,NA,NA,38.484510006475,11,11,3,NA,NA,0.433227018227027,3.43322701822703,NA,0.0779534415143977,NA,NA,0.0779534415143977,0.0892106205236702,0.272727272727273,NA,NA,0.272727272727273,0.312111547111548,0.00708667650130888,NA,NA,0.00708667650130888,0.00811005641124275
"PIQW",2018,109,2018-06-28,NA,NA,NA,1,0,NA,NA,NA,4,NA,11,1,4.6,66.47610054996,4,1,11,0,4,7,18.8,23.9428571428571,0.0192936672967864,66.47610054996,NA,NA,NA,NA,NA,NA,4,5,0.0601720011689586,0.0150430002922396,0.0752150014611982,0.0601720011689586,0.0601720011689586,0.363636363636364,0.0909090909090909,0.454545454545455,4,0.363636363636364,0.00547018192445078,0.00136754548111269,0.00683772740556347,0.0601720011689586,0.00547018192445078
"PIQW",2023,537,2023-07-14,"MB HL",1,0,3,1,0,0,4,4,"orange striping, lots of dead, one tree with flaky bark",1,1,NA,NA,4,NA,1,0,0,1,19,NA,NA,66.47610054996,11,11,5,NA,NA,0.712523921671231,4.71252392167123,NA,0.0601720011689586,NA,NA,0.0601720011689586,0.0708904987308866,0.363636363636364,NA,NA,0.363636363636364,0.428411265606476,0.00547018192445078,NA,NA,0.00547018192445078,0.00644459079371696
"PJFV",2018,33,2018-06-25,NA,NA,NA,2,5,NA,NA,NA,1,NA,11,1,5.1,81.7128249198705,1,1,11,0,1,10,15.2,19.84,0.0174202998846597,81.7128249198705,NA,NA,NA,NA,NA,NA,1,2,0.012237981014371,0.012237981014371,0.0244759620287421,0.012237981014371,0.012237981014371,0.0909090909090909,0.0909090909090909,0.181818181818182,1,0.0909090909090909,0.00111254372857919,0.00111254372857919,0.00222508745715837,0.012237981014371,0.00111254372857919
"PLDO",2018,270,2018-07-10,NA,NA,NA,0,0,NA,NA,NA,0,NA,11,1,6,113.097335529233,0,0,11,0,0,11,24.8,24.0090909090909,0.0181219722222222,113.097335529233,NA,NA,NA,NA,NA,NA,0,0,0,0,0,0,0,0,0,0,0,0,0,0,0,0,0
"PLDO",2023,270,2023-07-06,"VM, MB",0,0,1,0,0,0,4,1,NA,1,1,NA,NA,1,NA,1,0,0,1,25.3,NA,NA,113.097335529233,11,11,5,NA,NA,0.712523921671231,1.71252392167123,NA,0.00884194128288308,NA,NA,0.00884194128288308,0.0151420359609497,0.0909090909090909,NA,NA,0.0909090909090909,0.155683992879203,0.000803812843898461,NA,NA,0.000803812843898461,0.0013765487237227
"PMJV",2018,92,2018-06-28,NA,NA,NA,7,1,NA,NA,NA,2,NA,11,1,6,113.097335529233,2,0,11,0,2,9,7.4,22.0555555555556,0.0140708055555556,113.097335529233,NA,NA,NA,NA,NA,NA,2,2,0.0176838825657662,0,0.0176838825657662,0.0176838825657662,0.0176838825657662,0.181818181818182,0,0.181818181818182,2,0.181818181818182,0.00160762568779692,0,0.00160762568779692,0.0176838825657662,0.00160762568779692
"PMOQ",2018,162,2018-07-02,NA,NA,NA,2,17,NA,NA,NA,0,NA,11,1,7.6,181.458391671346,1,2,11,0,0,11,12.7,23.57,0.0113796225761773,181.458391671346,NA,NA,NA,NA,NA,NA,1,3,0.00551090523171383,0.0110218104634277,0.0165327156951415,0,0.00551090523171383,0.0909090909090909,0.181818181818182,0.272727272727273,0,0.0909090909090909,0.000500991384701257,0.00100198276940251,0.00150297415410377,0,0.000500991384701257
"PMOQ",2023,162,2023-07-17,"VM, MB",0,0,1,9,0,1,0,1,NA,1,1,NA,NA,1,NA,1,0,0,1,14,NA,NA,181.458391671346,11,11,5,NA,NA,0.712523921671231,1.71252392167123,NA,0.00551090523171383,NA,NA,0.00551090523171383,0.00943755703937307,0.0909090909090909,NA,NA,0.0909090909090909,0.155683992879203,0.000500991384701257,NA,NA,0.000500991384701257,0.000857959730852097
"PMRFH",2018,289,2018-07-12,NA,NA,NA,0,0,NA,NA,NA,2,NA,11,1,6.3,124.689812420979,2,1,11,0,2,9,22,17.2666666666667,0.00727266313932981,124.689812420979,NA,NA,NA,NA,NA,NA,2,3,0.0160398027807403,0.00801990139037014,0.0240597041711104,0.0160398027807403,0.0160398027807403,0.181818181818182,0.0909090909090909,0.272727272727273,2,0.181818181818182,0.00145816388915821,0.000729081944579103,0.00218724583373731,0.0160398027807403,0.00145816388915821
"PMRFH",2020,289,2020-07-05,"Courtenay, Roxy, Nicole, Gavin, Gabriel",0,1,0,0,NA,NA,5,4,NA,11,1,6.8,145.267244301992,4,1,11,0,4,7,22.6,16.9625,0.00536477076124568,145.267244301992,11,11,2,1,0,0.290747794353651,4,5,0.0275354572823348,0.00688386432058371,0.0344193216029186,0.0275354572823348,0.0275354572823348,0.363636363636364,0.0909090909090909,0.454545454545455,4,0.363636363636364,0.00250322338930317,0.000625805847325792,0.00312902923662896,0.0275354572823348,0.00250322338930317
"PMRFH",2023,289,2023-07-02,"EC, VM, HL",1,1,0,0,2,0,4,4,"very open, lots of standing dead",1,1,NA,NA,4,NA,1,0,0,1,23.5,NA,NA,124.689812420979,11,11,3,NA,NA,0.433227018227027,4.43322701822703,NA,0.0320796055614805,NA,NA,0.0320796055614805,0.0355540435273054,0.363636363636364,NA,NA,0.363636363636364,0.403020638020639,0.00291632777831641,NA,NA,0.00291632777831641,0.00323218577520958
"PMSAQ",2018,329,2018-07-17,NA,NA,NA,7,0,NA,NA,NA,0,NA,11,1,4.3,58.0880481648753,0,0,11,0,0,11,11.5,11.9272727272727,0.00924553812871823,58.0880481648753,NA,NA,NA,NA,NA,NA,0,0,0,0,0,0,0,0,0,0,0,0,0,0,0,0,0
"PMSAQ",2020,329,2020-07-29,"Gavin + Courtenay + Aidan",0,0,8,0,0,0,0,0,"Some leaf blight in area - dark spots.",11,1,4.2,55.4176944093239,0,1,11,0,0,11,12.2,12.3181818181818,0.0103040249433107,55.4176944093239,11,11,2,1,0,0.290747794353651,0,1,0,0.0180447781283328,0.0180447781283328,0,0,0,0.0909090909090909,0.0909090909090909,0,0,0,0.00164043437530298,0.00164043437530298,0,0
"PMSAQ",2023,329,2023-07-18,"EC, MB",0,1,7,2,2,0,1,1,"very open / hot",1,1,NA,NA,1,NA,1,0,0,1,12.8,NA,NA,58.0880481648753,11,11,3,NA,NA,0.433227018227027,1.43322701822703,NA,0.0172152453317356,NA,NA,0.0172152453317356,0.0246733547348501,0.0909090909090909,NA,NA,0.0909090909090909,0.130293365293366,0.00156502230288505,NA,NA,0.00156502230288505,0.00224303224862274
"PMSYA",2018,319,2018-07-16,NA,NA,1,0,2,NA,NA,NA,0,NA,11,1,6.6,136.847775990371,0,1,11,0,0,11,26.9,21.6090909090909,0.0135161386593205,136.847775990371,NA,NA,NA,NA,NA,NA,0,1,0,0.00730738948998601,0.00730738948998601,0,0,0,0.0909090909090909,0.0909090909090909,0,0,0,0.000664308135453274,0.000664308135453274,0,0
"PMSYA",2020,319,2020-07-15,"Gavin,  Aidan",0,0,2,1,0,2,11,0,"new fall though site",11,1,6.2,120.762821603992,0,6,11,0,0,11,27.3,21.7272727272727,0.015457232049948,120.762821603992,11,11,2,1,0,0.290747794353651,0,6,0,0.0496841653772826,0.0496841653772826,0,0,0,0.545454545454545,0.545454545454545,0,0,0,0.00451674230702569,0.00451674230702569,0,0
"PMSYA",2023,520,2023-08-19,"BB, CR",0,0,4,1,0,1,8,0,NA,11,1,6.1,116.898662640076,2,4,10,1,1,9,28,24.01,0.0166509271701156,116.898662640076,11,10,3,0.909090909090909,0.0312706872849103,0.433227018227027,2,6,0.0171088355917114,0.0342176711834228,0.0513265067751342,0,0.0171088355917114,0.181818181818182,0.363636363636364,0.545454545454545,0,0.181818181818182,0.00155534869015558,0.00311069738031117,0.00466604607046675,0,0.00155534869015558
"PMVS",2018,154,2018-07-02,NA,NA,NA,0,0,NA,NA,NA,0,NA,11,1,8.3,216.424317905801,0,1,11,0,0,11,5.9,23.5909090909091,0.0111389025983452,216.424317905801,NA,NA,NA,NA,NA,NA,0,1,0,0.00462055285504123,0.00462055285504123,0,0,0,0.0909090909090909,0.0909090909090909,0,0,0,0.000420050259549203,0.000420050259549203,0,0
"PMVS",2023,154,2023-07-17,"VM, MB",0,0,0,1,0,0,0,2,"some fungal striping on trees",1,1,NA,NA,2,NA,1,0,0,1,7.8,NA,NA,216.424317905801,11,11,5,NA,NA,0.712523921671231,2.71252392167123,NA,0.00924110571008247,NA,NA,0.00924110571008247,0.0125333601506457,0.181818181818182,NA,NA,0.181818181818182,0.246593083788294,0.000840100519098406,NA,NA,0.000840100519098406,0.00113939637733142
"POZDQ",2018,326,2018-07-16,NA,NA,NA,5,2,NA,NA,NA,1,NA,11,1,8.7,237.787147950211,1,1,11,0,1,10,9.9,10.71,0.00180807240058132,237.787147950211,NA,NA,NA,NA,NA,NA,1,2,0.00420544175166853,0.00420544175166853,0.00841088350333705,0.00420544175166853,0.00420544175166853,0.0909090909090909,0.0909090909090909,0.181818181818182,1,0.0909090909090909,0.000382312886515321,0.000382312886515321,0.000764625773030641,0.00420544175166853,0.000382312886515321
"POZDQ",2020,326,2020-07-17,"Gavin, Courtenay, Aidan",1,0,5,4,2,0,3,1,"YELLOW JACKET NEST AT 338 DEGREES, ~1M FROM FOCAL",11,1,8.8,243.284935093994,3,0,9,2,1,8,10.3,14.81,0.00343288997933884,243.284935093994,11,9,2,0.818181818181818,0.0954431533378902,0.290747794353651,3,3,0.0123312197643514,0,0.0123312197643514,0.00411040658811713,0.0123312197643514,0.272727272727273,0,0.272727272727273,1,0.272727272727273,0.0011210199785774,0,0.0011210199785774,0.00411040658811713,0.0011210199785774
"POZDQ",2023,326,2023-07-17,"EC, HL",1,0,11,4,2,0,4,2,"no sign of yellow jackets",1,1,NA,NA,2,NA,1,0,1,0,NA,NA,NA,237.787147950211,9,11,3,NA,NA,0.354458469458476,2.35445846945848,NA,0.00841088350333705,NA,NA,0.00841088350333705,0.00990153795003025,0.181818181818182,NA,NA,0.181818181818182,0.21404167904168,0.000764625773030641,NA,NA,0.000764625773030641,0.000900139813639114
"PQFKD",2018,443,2018-07-25,NA,0,0,8,0,NA,NA,NA,0,NA,11,1,5.1,81.7128249198705,2,2,11,0,0,11,18.4,26.3444444444444,0.024700461361015,81.7128249198705,NA,NA,NA,NA,NA,NA,2,4,0.0244759620287421,0.0244759620287421,0.0489519240574842,0,0.0244759620287421,0.181818181818182,0.181818181818182,0.363636363636364,0,0.181818181818182,0.00222508745715837,0.00222508745715837,0.00445017491431674,0,0.00222508745715837
"PQFKD",2020,443,2020-07-27,"Gavin + Aidan",0,1,11,0,3,NA,8,0,NA,11,1,5.1,81.7128249198705,3,2,10,1,0,10,18.6,26.975,0.0229580161476355,81.7128249198705,11,10,2,0.909090909090909,0.0465361826677765,0.290747794353651,3,5,0.0367139430431131,0.0244759620287421,0.0611899050718552,0,0.0367139430431131,0.272727272727273,0.181818181818182,0.454545454545455,0,0.272727272727273,0.00333763118573756,0.00222508745715837,0.00556271864289593,0,0.00333763118573756
"PQFKD",2023,443,2023-07-05,"EC, VM, MB",0,1,21,1,4,0,9,2,"na",1,1,NA,NA,2,NA,1,0,0,1,18.7,NA,NA,81.7128249198705,10,11,3,NA,NA,0.393842743842752,2.39384274384275,NA,0.0244759620287421,NA,NA,0.0244759620287421,0.0292958020505375,0.181818181818182,NA,NA,0.181818181818182,0.217622067622068,0.00222508745715837,NA,NA,0.00222508745715837,0.00266325473186704
"PQFKJ",2018,429,2018-07-23,NA,0,0,1,0,NA,NA,NA,1,NA,11,1,5,78.5398163397448,1,0,11,0,1,10,20.6,19.91,0.01699588,78.5398163397448,NA,NA,NA,NA,NA,NA,1,1,0.0127323954473516,0,0.0127323954473516,0.0127323954473516,0.0127323954473516,0.0909090909090909,0,0.0909090909090909,1,0.0909090909090909,0.00115749049521378,0,0.00115749049521378,0.0127323954473516,0.00115749049521378
"PQFKJ",2020,429,2020-07-20,"Gavin, Aidan",0,0,0,1,0,0,7,0,NA,11,1,5.2,84.948665353068,1,1,10,1,0,10,20.7,20.0545454545455,0.0173883875739645,84.948665353068,11,10,2,0.909090909090909,0.0465361826677765,0.290747794353651,1,2,0.0117718153174479,0.0117718153174479,0.0235436306348958,0,0.0117718153174479,0.0909090909090909,0.0909090909090909,0.181818181818182,0,0.0909090909090909,0.0010701650288589,0.0010701650288589,0.0021403300577178,0,0.0010701650288589
"PQFKJ",2023,429,2023-08-13,"BB, CR",0,0,0,1,0,0,2,0,"none",1,1,NA,NA,0,NA,1,0,0,1,21.1,NA,NA,78.5398163397448,10,11,3,NA,NA,0.393842743842752,0.393842743842752,NA,0,NA,NA,0,0.00501456155867592,0,NA,NA,0,0.0358038858038865,0,NA,NA,0,0.000455869232606902
"PSASR01",2018,480,2018-07-27,NA,0,0,11,0,NA,NA,NA,1,"Pittsburg slope alone stand replacement",7,1,2.8,24.630086404144,1,0,7,0,1,6,12,9.28333333333333,0.0071422193877551,24.630086404144,NA,NA,NA,NA,NA,NA,1,1,0.0406007507887488,0,0.0406007507887488,0.0406007507887488,0.0406007507887488,0.142857142857143,0,0.142857142857143,1,0.142857142857143,0.00580010725553555,0,0.00580010725553555,0.0406007507887488,0.00580010725553555
"PSASR01",2020,480,2020-08-18,"Courtenay and Erin",0,0,14,1,6,0,2,1,"Double check original dist",7,1,2.9,26.4207942166902,1,2,7,0,1,6,12,9.25,0.00673876337693222,26.4207942166902,7,7,2,1,0,0.185021323679596,1,3,0.0378489757650167,0.0756979515300334,0.11354692729505,0.0378489757650167,0.0378489757650167,0.142857142857143,0.285714285714286,0.428571428571429,1,0.142857142857143,0.00540699653785953,0.0108139930757191,0.0162209896135786,0.0378489757650167,0.00540699653785953
"PSASR01",2023,480,2023-07-03,"EC, VM",0,0,29,6,8,1,3,3,"steep but open 3/5 stars",1,1,NA,NA,3,NA,1,0,0,1,12.9,NA,NA,24.630086404144,7,7,3,NA,NA,0.275689920689926,3.27568992068993,NA,0.121802252366246,NA,NA,0.121802252366246,0.132995470131148,0.272727272727273,NA,NA,0.272727272727273,0.297789992789993,0.0110729320332951,NA,NA,0.0110729320332951,0.0120904972846498
"PUGH",2018,189,2018-07-03,NA,NA,NA,2,4,NA,NA,NA,0,NA,11,1,5.3,88.2473376393373,0,1,11,0,0,11,11.7,20.8545454545455,0.0201064435742257,88.2473376393373,NA,NA,NA,NA,NA,NA,0,1,0,0.0113317866209965,0.0113317866209965,0,0,0,0.0909090909090909,0.0909090909090909,0,0,0,0.00103016242009059,0.00103016242009059,0,0
"PUGH",2023,189,2023-07-18,"HL, VM",0,0,1,5,0,1,1,0,NA,1,1,NA,NA,0,NA,1,0,0,1,12.5,NA,NA,88.2473376393373,11,11,5,NA,NA,0.712523921671231,0.712523921671231,NA,0,NA,NA,0,0.00807416904273399,0,NA,NA,0,0.0647749019701119,0,NA,NA,0,0.000734015367521272
"PWGSM",2018,373,2018-07-19,NA,NA,NA,43,30,NA,NA,NA,0,NA,11,1,5.95,111.220233918713,0,1,11,0,0,11,22.2,8.10909090909091,0.00270608007909046,111.220233918713,NA,NA,NA,NA,NA,NA,0,1,0,0.00899116972484403,0.00899116972484403,0,0,0,0.0909090909090909,0.0909090909090909,0,0,0,0.000817379065894912,0.000817379065894912,0,0
"PWGSM",2020,373,2020-08-17,"Ben and Courtenay",0,0,52,36,7,5,2,0,"No flowers on tree. Some on ground. IMG 2030",11,1,3.4,36.316811075498,0,5,11,0,0,11,23.4,7.92142857142857,0.0101893598615917,36.316811075498,11,11,2,1,0,0.290747794353651,0,5,0,0.137677286411674,0.137677286411674,0,0,0,0.454545454545455,0.454545454545455,0,0,0,0.0125161169465158,0.0125161169465158,0,0
"PWGSM",2023,373,2023-07-19,"MB, VM",0,0,15,39,3,15,0,0,"very dense willow, aspen not fully accurate count. very few large trees nearby",1,1,NA,NA,0,NA,1,0,0,1,23.5,NA,NA,111.220233918713,11,11,3,NA,NA,0.433227018227027,0.433227018227027,NA,0,NA,NA,0,0.00389521765026729,0,NA,NA,0,0.0393842743842752,0,NA,NA,0,0.000354110695478845
"PYIAW",2018,293,2018-07-13,NA,NA,NA,0,0,NA,NA,NA,3,NA,11,1,4.1,52.8101725068444,3,1,11,0,3,8,26.6,19.8875,0.0197086853063653,52.8101725068444,NA,NA,NA,NA,NA,NA,3,4,0.0568072372725385,0.0189357457575128,0.0757429830300513,0.0568072372725385,0.0568072372725385,0.272727272727273,0.0909090909090909,0.363636363636364,3,0.272727272727273,0.0051642942975035,0.00172143143250117,0.00688572573000467,0.0568072372725385,0.0051642942975035
"PYIAW",2020,293,2020-07-07,"Nicole, Gabriel, Roxy",0,0,0,0,NA,NA,2,3,NA,11,1,4.2,55.4176944093239,3,0,11,0,3,8,26.2,20.15,0.0192335600907029,55.4176944093239,11,11,2,1,0,0.290747794353651,3,3,0.0541343343849984,0,0.0541343343849984,0.0541343343849984,0.0541343343849984,0.272727272727273,0,0.272727272727273,3,0.272727272727273,0.00492130312590895,0,0.00492130312590895,0.0541343343849984,0.00492130312590895
"PYIAW",2023,293,2023-08-17,"BB, CR",0,0,0,0,0,0,2,0,"some blueberries in fruit - no witch today",11,1,4.2,55.4176944093239,3,3,11,0,3,8,27.1,20.2,0.0194797052154195,55.4176944093239,11,11,3,1,0,0.433227018227027,3,6,0.0541343343849984,0.0541343343849984,0.108268668769997,0,0.0541343343849984,0.272727272727273,0.272727272727273,0.545454545454545,0,0.272727272727273,0.00492130312590895,0.00492130312590895,0.00984260625181789,0,0.00492130312590895
"PYQB",2018,39,2018-06-25,NA,NA,NA,3,1,NA,NA,NA,0,NA,11,1,7.1,158.367685667461,0,0,11,0,0,11,6.5,21.6,0.0128322555048601,158.367685667461,NA,NA,NA,NA,NA,NA,0,0,0,0,0,0,0,0,0,0,0,0,0,0,0,0,0
"QANL",2018,163,2018-07-02,NA,NA,NA,7,13,NA,NA,NA,1,NA,11,1,4.3,58.0880481648753,1,0,11,0,1,10,27.9,13.19,0.0132254732287723,58.0880481648753,NA,NA,NA,NA,NA,NA,1,1,0.0172152453317356,0,0.0172152453317356,0.0172152453317356,0.0172152453317356,0.0909090909090909,0,0.0909090909090909,1,0.0909090909090909,0.00156502230288505,0,0.00156502230288505,0.0172152453317356,0.00156502230288505
"QANL",2023,163,2023-07-17,"VM, MB",0,0,13,7,0,1,1,2,NA,1,1,NA,NA,2,NA,1,0,0,1,30.2,NA,NA,58.0880481648753,11,11,5,NA,NA,0.712523921671231,2.71252392167123,NA,0.0344304906634711,NA,NA,0.0344304906634711,0.0466967647797717,0.181818181818182,NA,NA,0.181818181818182,0.246593083788294,0.0031300446057701,NA,NA,0.0031300446057701,0.0042451604345247
"QAOMG",2018,312,2018-07-14,NA,NA,NA,1,0,NA,NA,NA,1,NA,11,1,9.6,289.529178954835,2,0,11,0,1,10,22,23.9111111111111,0.00619303385416667,289.529178954835,NA,NA,NA,NA,NA,NA,2,2,0.0069077666272524,0,0.0069077666272524,0.0034538833136262,0.0069077666272524,0.181818181818182,0,0.181818181818182,1,0.181818181818182,0.000627978784295673,0,0.000627978784295673,0.0034538833136262,0.000627978784295673
"QAOMG",2020,312,2020-07-15,"Gavin,  Aidan",0,0,1,0,0,0,3,0,NA,11,1,9.1,260.155287643771,2,0,11,0,0,11,22.2,22.2,0.00698159642555247,260.155287643771,11,11,2,1,0,0.290747794353651,2,2,0.00768771612568025,0,0.00768771612568025,0,0.00768771612568025,0.181818181818182,0,0.181818181818182,0,0.181818181818182,0.00069888328415275,0,0.00069888328415275,0,0.00069888328415275
"QAOMG",2023,312,2023-08-19,"BB, CR",0,0,0,1,0,0,3,1,"nice but steep",11,1,6.7,141.026094219646,2,1,10,1,0,11,23.4,18.2076923076923,NA,141.026094219646,11,10,3,0.909090909090909,0.0312706872849103,0.433227018227027,2,3,0.0141817726078766,0.00709088630393831,0.0212726589118149,0.00709088630393831,0.0141817726078766,0.181818181818182,0.0909090909090909,0.272727272727273,1,0.181818181818182,0.00128925205526151,0.000644626027630755,0.00193387808289227,0.00709088630393831,0.00128925205526151
"QCJZY",2018,439,2018-07-25,NA,0,0,8,0,NA,NA,NA,0,NA,11,1,9.5,283.528736986479,0,0,11,0,0,11,21.7,19.3181818181818,0.00481113573407202,283.528736986479,NA,NA,NA,NA,NA,NA,0,0,0,0,0,0,0,0,0,0,0,0,0,0,0,0,0
"QCJZY",2020,439,2020-07-27,"Gavin + Aidan",0,1,3,0,0,0,2,0,"leaf hoppers noted at site",11,1,7.8,191.134497044403,0,2,11,0,0,11,22.2,18.475,0.0074431130834977,191.134497044403,11,11,2,1,0,0.290747794353651,0,2,0,0.0104638358377314,0.0104638358377314,0,0,0,0.181818181818182,0.181818181818182,0,0,0,0.000951257803430132,0.000951257803430132,0,0
"QCJZY",2023,439,2023-07-06,"VM, EC, MB",0,0,1,0,0,0,2,0,"possible ephemeral stream",1,1,NA,NA,0,NA,1,0,0,1,23.3,NA,NA,283.528736986479,11,11,3,NA,NA,0.433227018227027,0.433227018227027,NA,0,NA,NA,0,0.00152798274641095,0,NA,NA,0,0.0393842743842752,0,NA,NA,0,0.000138907522400995
"QEUOW",2018,305,2018-07-14,NA,NA,NA,5,6,NA,NA,NA,0,NA,9,1,4,50.2654824574367,0,1,9,0,0,9,26.5,17.5111111111111,0.020113375,50.2654824574367,NA,NA,NA,NA,NA,NA,0,1,0,0.0198943678864869,0.0198943678864869,0,0,0,0.111111111111111,0.111111111111111,0,0,0,0.00221048532072077,0.00221048532072077,0,0
"QEUOW",2020,305,2020-07-13,"Gavin, Courtenay, Aiden",0,0,3,3,5,0,6,0,NA,9,1,3.7,43.0084034276443,0,1,9,0,0,9,26.5,17.5111111111111,0.0234768444119795,43.0084034276443,9,9,2,1,0,0.237884559016624,0,1,0,0.0232512699915114,0.0232512699915114,0,0,0,0.111111111111111,0.111111111111111,0,0,0,0.00258347444350126,0.00258347444350126,0,0
"QEUOW",2023,305,2023-07-13,"EC MB",0,0,5,4,0,0,8,1,NA,1,1,NA,NA,1,NA,1,0,0,1,27.1,NA,NA,50.2654824574367,9,9,3,NA,NA,0.354458469458476,1.35445846945848,NA,0.0198943678864869,NA,NA,0.0198943678864869,0.0269460950783749,0.0909090909090909,NA,NA,0.0909090909090909,0.123132588132589,0.00180857889877154,NA,NA,0.00180857889877154,0.00244964500712499
"QGVH",2018,53,2018-06-25,NA,NA,NA,2,1,NA,NA,NA,0,NA,11,1,5.4,91.6088417786784,0,0,11,0,0,11,25.2,22.1454545454545,0.0190057613168724,91.6088417786784,NA,NA,NA,NA,NA,NA,0,0,0,0,0,0,0,0,0,0,0,0,0,0,0,0,0
"QJLKF",2018,408,2018-07-23,NA,0,0,2,0,NA,NA,NA,0,NA,11,1,4.5,63.6172512351933,0,0,11,0,0,11,15.9,14.1363636363636,0.0115937283950617,63.6172512351933,NA,NA,NA,NA,NA,NA,0,0,0,0,0,0,0,0,0,0,0,0,0,0,0,0,0
"QJLKF",2020,408,2020-07-20,"Gavin, Aidan",0,0,0,0,1,0,9,0,NA,11,1,4.2,55.4176944093239,0,3,11,0,0,11,16.2,14.3454545454545,0.0136998866213152,55.4176944093239,11,11,2,1,0,0.290747794353651,0,3,0,0.0541343343849984,0.0541343343849984,0,0,0,0.272727272727273,0.272727272727273,0,0,0,0.00492130312590895,0.00492130312590895,0,0
"QJLKF",2023,408,2023-07-17,"EC, HL",0,0,2,0,2,0,6,2,"bugs. And baby conifers (n=3). I think DBHs were switched in 2020 for trees 7 and 8. 208 degrees is smaller dead, 206 is larger living.",11,1,4.2,55.4176944093239,1,2,11,0,0,11,17.6,15.71,0.014749716553288,55.4176944093239,11,11,3,1,0,0.433227018227027,1,3,0.0180447781283328,0.0360895562566656,0.0541343343849984,0.0360895562566656,0.0180447781283328,0.0909090909090909,0.181818181818182,0.272727272727273,2,0.0909090909090909,0.00164043437530298,0.00328086875060596,0.00492130312590895,0.0360895562566656,0.00164043437530298
"QJMO",2018,117,2018-06-29,NA,NA,NA,0,0,NA,NA,NA,1,NA,11,1,6,113.097335529233,1,2,11,0,1,10,35.7,26.16,0.0232785,113.097335529233,NA,NA,NA,NA,NA,NA,1,3,0.00884194128288308,0.0176838825657662,0.0265258238486492,0.00884194128288308,0.00884194128288308,0.0909090909090909,0.181818181818182,0.272727272727273,1,0.0909090909090909,0.000803812843898461,0.00160762568779692,0.00241143853169538,0.00884194128288308,0.000803812843898461
"QJMO",2023,117,2023-07-11,"HL VM",0,0,2,0,0,0,2,1,NA,1,1,NA,NA,1,NA,1,0,0,1,36.8,NA,NA,113.097335529233,11,11,5,NA,NA,0.712523921671231,1.71252392167123,NA,0.00884194128288308,NA,NA,0.00884194128288308,0.0151420359609497,0.0909090909090909,NA,NA,0.0909090909090909,0.155683992879203,0.000803812843898461,NA,NA,0.000803812843898461,0.0013765487237227
"QPNX",2018,266,2018-07-10,NA,NA,NA,0,0,NA,NA,NA,3,NA,10,1,2.9,26.4207942166902,3,0,10,0,3,7,26.1,23.9857142857143,0.0492417360285375,26.4207942166902,NA,NA,NA,NA,NA,NA,3,3,0.11354692729505,0,0.11354692729505,0.11354692729505,0.11354692729505,0.3,0,0.3,3,0.3,0.011354692729505,0,0.011354692729505,0.11354692729505,0.011354692729505
"QPNX",2023,266,2023-07-06,"MB, VM",0,0,0,0,0,0,4,2,"borderline unhealthy",1,1,NA,NA,2,NA,1,0,0,1,27.2,NA,NA,26.4207942166902,10,10,5,NA,NA,0.647749019701119,2.64774901970112,NA,0.0756979515300334,NA,NA,0.0756979515300334,0.100214588478514,0.181818181818182,NA,NA,0.181818181818182,0.240704456336465,0.00688163195727577,NA,NA,0.00688163195727577,0.0091104171344104
"QREOK",2018,337,2018-07-17,NA,NA,NA,1,1,NA,NA,NA,1,NA,11,1,3.3,34.2119439975928,1,0,11,0,1,10,26.2,23.66,0.0548892561983471,34.2119439975928,NA,NA,NA,NA,NA,NA,1,1,0.0292295579599441,0,0.0292295579599441,0.0292295579599441,0.0292295579599441,0.0909090909090909,0,0.0909090909090909,1,0.0909090909090909,0.0026572325418131,0,0.0026572325418131,0.0292295579599441,0.0026572325418131
"QREOK",2020,337,2020-08-17,"Ben and Courtenay",0,0,3,1,0,1,1,0,NA,11,1,3.3,34.2119439975928,1,0,10,1,0,10,26.6,23.91,0.0560744719926538,34.2119439975928,11,10,2,0.909090909090909,0.0465361826677765,0.290747794353651,1,1,0.0292295579599441,0,0.0292295579599441,0,0.0292295579599441,0.0909090909090909,0,0.0909090909090909,0,0.0909090909090909,0.0026572325418131,0,0.0026572325418131,0,0.0026572325418131
"QREOK",2023,337,2023-07-18,"EC, MB",0,1,1,1,0,2,1,2,NA,1,1,NA,NA,2,NA,1,0,0,1,27.1,NA,NA,34.2119439975928,10,11,3,NA,NA,0.393842743842752,2.39384274384275,NA,0.0584591159198881,NA,NA,0.0584591159198881,0.0699709652281432,0.181818181818182,NA,NA,0.181818181818182,0.217622067622068,0.00531446508362619,NA,NA,0.00531446508362619,0.00636099683892211
"QTUU",2018,219,2018-07-06,NA,NA,NA,0,0,NA,NA,NA,0,NA,11,1,5.6,98.5203456165759,0,0,11,0,0,11,25.9,21.8,0.0174938775510204,98.5203456165759,NA,NA,NA,NA,NA,NA,0,0,0,0,0,0,0,0,0,0,0,0,0,0,0,0,0
"QTUU",2023,219,2023-07-10,"HL, VM",0,0,0,0,1,0,1,0,NA,1,1,NA,NA,0,NA,1,0,0,1,26.8,NA,NA,98.5203456165759,11,11,5,NA,NA,0.712523921671231,0.712523921671231,NA,0,NA,NA,0,0.00723225154369891,0,NA,NA,0,0.0647749019701119,0,NA,NA,0,0.000657477413063537
"QUFSK",2018,418,2018-07-24,NA,0,0,15,8,NA,NA,NA,0,NA,11,1,6.4,128.679635091038,0,0,11,0,0,11,29,14.0363636363636,0.006627783203125,128.679635091038,NA,NA,NA,NA,NA,NA,0,0,0,0,0,0,0,0,0,0,0,0,0,0,0,0,0
"QUFSK",2020,418,2020-07-31,"Aidan + Courtenay",0,0,16,9,0,0,2,0,NA,11,1,6.3,124.689812420979,0,0,11,0,0,11,29.1,13.725,0.00721489040060469,124.689812420979,11,11,2,1,0,0.290747794353651,0,0,0,0,0,0,0,0,0,0,0,0,0,0,0,0,0
"QUFSK",2023,418,2023-07-19,"EC, BW",0,0,16,19,2,0,2,0,"core from 2020 looks great. Lots of bear sign",11,1,4.3,58.0880481648753,0,0,11,0,0,11,30.3,12.64,0.01744672796106,58.0880481648753,11,11,3,1,0,0.433227018227027,0,0,0,0,0,0,0,0,0,0,0,0,0,0,0,0,0
"QVPD",2018,17,2018-06-23,NA,NA,NA,1,0,NA,NA,NA,0,NA,11,1,6.9,149.57122623741,2,0,11,0,0,11,31.8,26.2111111111111,0.0132933207309389,149.57122623741,NA,NA,NA,NA,NA,NA,2,2,0.0133715558153241,0,0.0133715558153241,0,0.0133715558153241,0.181818181818182,0,0.181818181818182,0,0.181818181818182,0.00121559598321128,0,0.00121559598321128,0,0.00121559598321128
"QVPD",2023,17,2023-06-28,"EC CP",0,0,6,1,1,0,1,3,"elk rubs",1,1,NA,NA,3,NA,1,0,0,1,32.9,NA,NA,149.57122623741,11,11,5,NA,NA,0.712523921671231,3.71252392167123,NA,0.0200573337229862,NA,NA,0.0200573337229862,0.0248211104171764,0.272727272727273,NA,NA,0.272727272727273,0.337502174697385,0.00182339397481693,NA,NA,0.00182339397481693,0.00225646458337968
"QWRKZ",2018,317,2018-07-16,NA,NA,NA,30,8,NA,NA,NA,1,"Very steep approach",11,1,5.3,88.2473376393373,1,0,11,0,1,10,12.5,14.48,0.00768579565681737,88.2473376393373,NA,NA,NA,NA,NA,NA,1,1,0.0113317866209965,0,0.0113317866209965,0.0113317866209965,0.0113317866209965,0.0909090909090909,0,0.0909090909090909,1,0.0909090909090909,0.00103016242009059,0,0.00103016242009059,0.0113317866209965,0.00103016242009059
"QWRKZ",2020,317,2020-07-15,"Gavin,  Aidan",0,0,28,9,19,1,1,1,NA,11,1,5.3,88.2473376393373,1,0,11,0,1,10,12.9,14.74,0.00796112495550018,88.2473376393373,11,11,2,1,0,0.290747794353651,1,1,0.0113317866209965,0,0.0113317866209965,0.0113317866209965,0.0113317866209965,0.0909090909090909,0,0.0909090909090909,1,0.0909090909090909,0.00103016242009059,0,0.00103016242009059,0.0113317866209965,0.00103016242009059
"QWRKZ",2023,317,2023-08-19,"BB, CR",0,0,30,7,11,6,2,0,"steep",11,1,5.3,88.2473376393373,1,0,10,1,0,10,13.2,15.3272727272727,0.00945161979352083,88.2473376393373,11,10,3,0.909090909090909,0.0312706872849103,0.433227018227027,1,1,0.0113317866209965,0,0.0113317866209965,0,0.0113317866209965,0.0909090909090909,0,0.0909090909090909,0,0.0909090909090909,0.00103016242009059,0,0.00103016242009059,0,0.00103016242009059
"QWXMI",2018,304,2018-07-14,NA,NA,NA,0,0,NA,NA,NA,3,NA,11,1,5.5,95.0331777710912,3,0,11,0,3,8,40.3,25.5125,0.020247173553719,95.0331777710912,NA,NA,NA,NA,NA,NA,3,3,0.0315679225967396,0,0.0315679225967396,0.0315679225967396,0.0315679225967396,0.272727272727273,0,0.272727272727273,3,0.272727272727273,0.00286981114515814,0,0.00286981114515814,0.0315679225967396,0.00286981114515814
"QWXMI",2020,304,2020-07-13,"Gavin, Courtenay",0,0,0,0,1,0,8,2,NA,11,1,5.2,84.948665353068,3,0,10,1,2,8,40.5,25.7888888888889,0.0254247411242604,84.948665353068,11,10,2,0.909090909090909,0.0465361826677765,0.290747794353651,3,3,0.0353154459523436,0,0.0353154459523436,0.0235436306348958,0.0353154459523436,0.272727272727273,0,0.272727272727273,2,0.272727272727273,0.00321049508657669,0,0.00321049508657669,0.0235436306348958,0.00321049508657669
"QWXMI",2023,304,2023-07-13,"EC MB",0,0,2,0,0,0,5,2,"very open",1,1,NA,NA,2,NA,1,0,0,1,42,NA,NA,95.0331777710912,10,11,3,NA,NA,0.393842743842752,2.39384274384275,NA,0.0210452817311597,NA,NA,0.0210452817311597,0.0251895474821316,0.181818181818182,NA,NA,0.181818181818182,0.217622067622068,0.00191320743010543,NA,NA,0.00191320743010543,0.00228995886201196
"QZUBY",2018,411,2018-07-23,NA,0,0,5,2,NA,NA,NA,0,NA,11,1,5.4,91.6088417786784,0,2,11,0,0,11,13,14.0363636363636,0.0075156378600823,91.6088417786784,NA,NA,NA,NA,NA,NA,0,2,0,0.0218319537848965,0.0218319537848965,0,0,0,0.181818181818182,0.181818181818182,0,0,0,0.00198472307135423,0.00198472307135423,0,0
"QZUBY",2020,411,2020-07-20,"Gavin, Aidan",1,0,4,3,2,1,10,0,"Grubs in many treessm seems to coincide with dried rot, bimodal leaf size",11,1,5.1,81.7128249198705,0,6,11,0,0,11,13.3,14.3545454545455,0.00881403306420608,81.7128249198705,11,11,2,1,0,0.290747794353651,0,6,0,0.0734278860862262,0.0734278860862262,0,0,0,0.545454545454545,0.545454545454545,0,0,0,0.00667526237147511,0.00667526237147511,0,0
"QZUBY",2023,411,2023-07-17,"EC, HL",1,0,0,5,1,4,6,0,NA,1,1,NA,NA,0,NA,1,0,0,1,13.6,NA,NA,91.6088417786784,11,11,3,NA,NA,0.433227018227027,0.433227018227027,NA,0,NA,NA,0,0.00472909612015048,0,NA,NA,0,0.0393842743842752,0,NA,NA,0,0.000429917829104589
"RBEH",2018,226,2018-07-06,NA,NA,NA,0,0,NA,NA,NA,0,NA,10,1,6.2,120.762821603992,1,0,10,0,0,10,29.5,29.9888888888889,0.0213676638917794,120.762821603992,NA,NA,NA,NA,NA,NA,1,1,0.0082806942295471,0,0.0082806942295471,0,0.0082806942295471,0.1,0,0.1,0,0.1,0.00082806942295471,0,0.00082806942295471,0,0.00082806942295471
"RBEH",2023,226,2023-07-10,"HL, VM",0,0,0,0,0,0,2,1,NA,1,1,NA,NA,1,NA,1,0,0,1,20.5,NA,NA,120.762821603992,10,10,5,NA,NA,0.647749019701119,1.64774901970112,NA,0.0082806942295471,NA,NA,0.0082806942295471,0.013644505799181,0.0909090909090909,NA,NA,0.0909090909090909,0.149795365427374,0.000752790384504282,NA,NA,0.000752790384504282,0.00124040961810736
"RBGXO",2018,292,2018-07-12,NA,NA,NA,11,10,NA,NA,NA,3,NA,10,1,5.1,81.7128249198705,3,0,10,0,3,7,16.1,17.9571428571429,0.00891853133410227,81.7128249198705,NA,NA,NA,NA,NA,NA,3,3,0.0367139430431131,0,0.0367139430431131,0.0367139430431131,0.0367139430431131,0.3,0,0.3,3,0.3,0.00367139430431131,0,0.00367139430431131,0.0367139430431131,0.00367139430431131
"RBGXO",2020,292,2020-07-07,"Roxy, Nicole, Gabriel",0,0,11,8,NA,NA,11,3,NA,10,1,5,78.5398163397448,3,1,10,0,3,7,16.1,18.2714285714286,0.00960804,78.5398163397448,10,10,2,1,0,0.264316176685138,3,4,0.0381971863420549,0.0127323954473516,0.0509295817894065,0.0381971863420549,0.0381971863420549,0.3,0.1,0.4,3,0.3,0.00381971863420549,0.00127323954473516,0.00509295817894065,0.0381971863420549,0.00381971863420549
"RBGXO",2023,292,2023-08-17,"BB, CR",0,0,5,11,3,2,8,1,NA,11,1,5,78.5398163397448,3,2,11,0,3,8,16.2,16.8125,0.00986564,78.5398163397448,10,10,3,1,0,0.393842743842752,3,5,0.0381971863420549,0.0254647908947033,0.0636619772367581,0.0127323954473516,0.0381971863420549,0.272727272727273,0.181818181818182,0.454545454545455,1,0.272727272727273,0.00347247148564135,0.00231498099042757,0.00578745247606892,0.0127323954473516,0.00347247148564135
"RBOZM",2018,444,2018-07-25,NA,0,0,11,0,NA,NA,NA,1,NA,11,1,7.8,191.134497044403,2,1,10,1,1,9,16.8,20.1666666666667,0.00784005588428665,191.134497044403,NA,NA,NA,NA,NA,NA,2,3,0.0104638358377314,0.00523191791886572,0.0156957537565972,0.00523191791886572,0.0104638358377314,0.181818181818182,0.0909090909090909,0.272727272727273,1,0.181818181818182,0.000951257803430132,0.000475628901715066,0.0014268867051452,0.00523191791886572,0.000951257803430132
"RBOZM",2020,444,2020-07-27,"Gavin + Aidan",0,0,13,3,2,0,6,3,"next to CO Rd 12 (?) can drive up",11,1,7.9,196.066797510539,3,0,11,0,3,8,17.2,21.8375,0.00768833520269187,196.066797510539,10,11,2,1,0,0.264316176685138,3,3,0.0153009078441175,0,0.0153009078441175,0.0153009078441175,0.0153009078441175,0.272727272727273,0,0.272727272727273,3,0.272727272727273,0.0013909916221925,0,0.0013909916221925,0.0153009078441175,0.0013909916221925
"RBOZM",2023,444,2023-07-05,"EC, VM, MB",0,0,12,6,2,0,8,3,NA,1,1,NA,NA,3,NA,1,0,0,1,17.9,NA,NA,191.134497044403,11,11,3,NA,NA,0.433227018227027,3.43322701822703,NA,0.0156957537565972,NA,NA,0.0156957537565972,0.0179623619561959,0.272727272727273,NA,NA,0.272727272727273,0.312111547111548,0.0014268867051452,NA,NA,0.0014268867051452,0.00163294199601781
"REBO",2018,150,2018-07-02,NA,NA,NA,0,0,NA,NA,NA,1,NA,11,1,8.7,237.787147950211,1,0,11,0,1,10,25.6,21.04,0.00743807636411679,237.787147950211,NA,NA,NA,NA,NA,NA,1,1,0.00420544175166853,0,0.00420544175166853,0.00420544175166853,0.00420544175166853,0.0909090909090909,0,0.0909090909090909,1,0.0909090909090909,0.000382312886515321,0,0.000382312886515321,0.00420544175166853,0.000382312886515321
"REBO",2023,150,2023-07-18,"HL, VM",0,0,1,0,0,0,0,1,NA,1,1,NA,NA,1,NA,1,0,0,1,27.5,NA,NA,237.787147950211,11,11,5,NA,NA,0.712523921671231,1.71252392167123,NA,0.00420544175166853,NA,NA,0.00420544175166853,0.00720191960092732,0.0909090909090909,NA,NA,0.0909090909090909,0.155683992879203,0.000382312886515321,NA,NA,0.000382312886515321,0.000654719963720665
"REVKF",2018,338,2018-07-17,NA,NA,NA,0,0,NA,NA,NA,0,NA,8,1,3,28.2743338823081,0,0,8,0,0,8,38,24.0375,0.0610234444444444,28.2743338823081,NA,NA,NA,NA,NA,NA,0,0,0,0,0,0,0,0,0,0,0,0,0,0,0,0,0
"REVKF",2020,338,2020-08-17,"Ben and Courtenay",0,0,0,0,0,0,8,0,NA,8,1,3,28.2743338823081,0,2,8,0,0,8,38.6,24.375,0.0626864444444444,28.2743338823081,8,8,2,1,0,0.21145294134811,0,2,0,0.0707355302630646,0.0707355302630646,0,0,0,0.25,0.25,0,0,0,0.00884194128288308,0.00884194128288308,0,0
"REVKF",2023,338,2023-07-18,"EC, MB",0,0,0,0,0,0,6,2,"mixed conifer",1,1,NA,NA,2,NA,1,0,0,1,39,NA,NA,28.2743338823081,8,8,3,NA,NA,0.315074195074201,2.3150741950742,NA,0.0707355302630646,NA,NA,0.0707355302630646,0.0818790003934555,0.181818181818182,NA,NA,0.181818181818182,0.210461290461291,0.00643050275118769,NA,NA,0.00643050275118769,0.00744354549031414
"RFPU",2018,169,2018-07-02,NA,NA,NA,3,1,NA,NA,NA,1,NA,11,1,6.9,149.57122623741,1,0,11,0,1,10,21.7,24.78,0.0134116362108801,149.57122623741,NA,NA,NA,NA,NA,NA,1,1,0.00668577790766206,0,0.00668577790766206,0.00668577790766206,0.00668577790766206,0.0909090909090909,0,0.0909090909090909,1,0.0909090909090909,0.000607797991605642,0,0.000607797991605642,0.00668577790766206,0.000607797991605642
"RFPU",2023,169,2023-07-18,"HL, VM",0,0,1,2,0,0,2,0,NA,1,1,NA,NA,0,NA,1,0,0,1,22.7,NA,NA,149.57122623741,11,11,5,NA,NA,0.712523921671231,0.712523921671231,NA,0,NA,NA,0,0.00476377669419025,0,NA,NA,0,0.0647749019701119,0,NA,NA,0,0.00043307060856275
"RGBOB01",2018,498,2018-08-08,NA,1,0,6,0,NA,NA,NA,4,"Rustlers Gulch Base of Bellview - very damaged site",11,1,9.4,277.591126871194,6,4,11,0,4,7,34.34,22.968,0.00379387234042553,277.591126871194,NA,NA,NA,NA,NA,NA,6,10,0.0216145237336209,0.0144096824890806,0.0360242062227015,0.0144096824890806,0.0216145237336209,0.545454545454545,0.363636363636364,0.909090909090909,4,0.545454545454545,0.00196495670305645,0.00130997113537096,0.00327492783842741,0.0144096824890806,0.00196495670305645
"RGBOB01",2020,498,2020-08-14,"Ben and Erin",1,0,10,0,1,0,3,4,"gulch base of Bellview",11,1,8.9,248.845554090848,6,7,11,0,4,7,35.2,23.74,0.00446798384042419,248.845554090848,11,11,2,1,0,0.290747794353651,6,13,0.0241113409557221,0.0281298977816757,0.0522412387373978,0.0160742273038147,0.0241113409557221,0.545454545454545,0.636363636363636,1.18181818181818,4,0.545454545454545,0.00219194008688382,0.00255726343469779,0.00474920352158162,0.0160742273038147,0.00219194008688382
"RGBOB01",2023,498,2023-06-26,"EC CP",1,0,7,0,0,0,3,1,"very little regen, lots of standing dead nearby",1,1,NA,NA,1,NA,1,0,0,1,34.9,NA,NA,277.591126871194,11,11,3,NA,NA,0.433227018227027,1.43322701822703,NA,0.00360242062227015,NA,NA,0.00360242062227015,0.0051630865668558,0.0909090909090909,NA,NA,0.0909090909090909,0.130293365293366,0.000327492783842741,NA,NA,0.000327492783842741,0.0004693715060778
"RIJS",2018,213,2018-07-06,NA,NA,NA,0,0,NA,NA,NA,0,NA,11,1,7,153.9380400259,1,0,11,0,0,11,23.9,22.06,0.0100272653061224,153.9380400259,NA,NA,NA,NA,NA,NA,1,1,0.00649612012619981,0,0.00649612012619981,0,0.00649612012619981,0.0909090909090909,0,0.0909090909090909,0,0.0909090909090909,0.000590556375109074,0,0.000590556375109074,0,0.000590556375109074
"RIJS",2023,213,2023-07-25,"HL, VM",0,0,0,0,0,0,1,1,NA,1,1,NA,NA,1,NA,1,0,0,1,24.3,NA,NA,153.9380400259,11,11,5,NA,NA,0.712523921671231,1.71252392167123,NA,0.00649612012619981,NA,NA,0.00649612012619981,0.0111247611141671,0.0909090909090909,NA,NA,0.0909090909090909,0.155683992879203,0.000590556375109074,NA,NA,0.000590556375109074,0.00101134191946974
"RIYH",2018,245,2018-07-08,NA,0,0,30,0,NA,NA,NA,2,NA,9,1,5.1,81.7128249198705,4,0,9,0,2,7,34.3,28.78,0.0160865436370627,81.7128249198705,NA,NA,NA,NA,NA,NA,4,4,0.0489519240574842,0,0.0489519240574842,0.0244759620287421,0.0489519240574842,0.444444444444444,0,0.444444444444444,2,0.444444444444444,0.00543910267305379,0,0.00543910267305379,0.0244759620287421,0.00543910267305379
"RIYH",2023,245,2023-07-12,"EC AB MW",0,0,62,0,7,0,4,3,"lots of regen",1,1,NA,NA,3,NA,1,0,0,1,35.8,NA,NA,81.7128249198705,9,9,5,NA,NA,0.582974117731007,3.58297411773101,NA,0.0367139430431131,NA,NA,0.0367139430431131,0.0438483692277749,0.272727272727273,NA,NA,0.272727272727273,0.325724919793728,0.00333763118573756,NA,NA,0.00333763118573756,0.00398621538434317
"RJHT",2018,22,2018-06-23,NA,NA,NA,6,2,NA,NA,NA,0,"Very open",11,1,14.3,642.424281732577,0,0,11,0,0,11,5.8,18.6272727272727,0.00198818035111741,642.424281732577,NA,NA,NA,NA,NA,NA,0,0,0,0,0,0,0,0,0,0,0,0,0,0,0,0,0
"RJHT",2023,22,2023-06-28,"EC CP",0,0,0,2,0,0,0,0,"still very open",1,1,NA,NA,0,NA,1,0,0,1,7.9,NA,NA,642.424281732577,11,11,5,NA,NA,0.712523921671231,0.712523921671231,NA,0,NA,NA,0,0.00110911735737883,0,NA,NA,0,0.0647749019701119,0,NA,NA,0,0.000100828850670803
"RJVEF",2018,298,2018-07-13,NA,0,1,0,0,NA,NA,NA,0,"Site in large gully, lots of cow damage",11,1,5.4,91.6088417786784,0,0,11,0,0,11,23.1,26.9818181818182,0.0340577503429355,91.6088417786784,NA,NA,NA,NA,NA,NA,0,0,0,0,0,0,0,0,0,0,0,0,0,0,0,0,0
"RJVEF",2020,298,2020-08-11,"Gavin and Erin",0,1,1,0,0,0,0,0,"Yellow jacket nest 1.9 m, 115 deg, gully, lots of cow",11,1,5,78.5398163397448,0,1,11,0,0,11,23.3,25.4833333333333,0.03986816,78.5398163397448,11,11,2,1,0,0.290747794353651,0,1,0,0.0127323954473516,0.0127323954473516,0,0,0,0.0909090909090909,0.0909090909090909,0,0,0,0.00115749049521378,0.00115749049521378,0,0
"RJVEF",2023,298,2023-08-17,"BB, CR",0,1,2,0,0,0,1,0,"larger gully 50m NE of site. Take care if approaching from above",11,1,5,78.5398163397448,0,1,11,0,0,11,24.4,26.075,0.04163252,78.5398163397448,11,11,3,1,0,0.433227018227027,0,1,0,0.0127323954473516,0.0127323954473516,0,0,0,0.0909090909090909,0.0909090909090909,0,0,0,0.00115749049521378,0.00115749049521378,0,0
"RKOW",2018,158,2018-07-02,NA,NA,NA,8,1,NA,NA,NA,0,NA,11,1,7.3,167.4154725098,0,0,11,0,0,11,24.6,20.5363636363636,0.00947980859448302,167.4154725098,NA,NA,NA,NA,NA,NA,0,0,0,0,0,0,0,0,0,0,0,0,0,0,0,0,0
"RKOW",2023,158,2023-07-18,"HL, VM",0,0,0,7,0,0,2,0,NA,1,1,NA,NA,0,NA,1,0,0,1,25.4,NA,NA,167.4154725098,11,11,5,NA,NA,0.712523921671231,0.712523921671231,NA,0,NA,NA,0,0.00425602192550944,0,NA,NA,0,0.0647749019701119,0,NA,NA,0,0.000386911084137221
"RLPJZ",2018,450,2018-07-25,NA,0,0,1,2,NA,NA,NA,1,NA,11,1,4.5,63.6172512351933,1,1,11,0,1,10,19.5,15.76,0.0149625679012346,63.6172512351933,NA,NA,NA,NA,NA,NA,1,2,0.0157190067251255,0.0157190067251255,0.0314380134502509,0.0157190067251255,0.0157190067251255,0.0909090909090909,0.0909090909090909,0.181818181818182,1,0.0909090909090909,0.00142900061137504,0.00142900061137504,0.00285800122275009,0.0157190067251255,0.00142900061137504
"RLPJZ",2020,450,2020-07-28,"Gavin + Nicole",0,0,1,2,0,1,3,0,NA,11,1,4.7,69.3977817177985,1,2,11,0,0,11,19.6,17.15,0.0153407424173834,69.3977817177985,11,11,2,1,0,0.290747794353651,1,3,0.0144096824890806,0.0288193649781612,0.0432290474672418,0,0.0144096824890806,0.0909090909090909,0.181818181818182,0.272727272727273,0,0.0909090909090909,0.00130997113537096,0.00261994227074193,0.00392991340611289,0,0.00130997113537096
"RLPJZ",2023,450,2023-07-25,"HL, VM",0,0,0,2,0,0,2,2,NA,1,1,NA,NA,2,NA,1,0,0,1,20.2,NA,NA,63.6172512351933,11,11,3,NA,NA,0.433227018227027,2.43322701822703,NA,0.0314380134502509,NA,NA,0.0314380134502509,0.0382479118632676,0.181818181818182,NA,NA,0.181818181818182,0.221202456202457,0.00285800122275009,NA,NA,0.00285800122275009,0.00347708289666069
"RNBV",2018,38,2018-06-25,NA,NA,NA,3,0,NA,NA,NA,1,NA,11,1,5.3,88.2473376393373,1,1,11,0,1,10,8.8,21.05,0.0188477394090424,88.2473376393373,NA,NA,NA,NA,NA,NA,1,2,0.0113317866209965,0.0113317866209965,0.0226635732419929,0.0113317866209965,0.0113317866209965,0.0909090909090909,0.0909090909090909,0.181818181818182,1,0.0909090909090909,0.00103016242009059,0.00103016242009059,0.00206032484018118,0.0113317866209965,0.00103016242009059
"RNUV",2018,10,2018-06-22,NA,NA,NA,3,0,NA,NA,NA,4,NA,11,1,9.04,256.735978199604,4,0,11,0,4,7,7.5,23.5714285714286,0.00524502701856058,256.735978199604,NA,NA,NA,NA,NA,NA,4,4,0.0155802082281204,0,0.0155802082281204,0.0155802082281204,0.0155802082281204,0.363636363636364,0,0.363636363636364,4,0.363636363636364,0.00141638256619276,0,0.00141638256619276,0.0155802082281204,0.00141638256619276
"RNUV",2023,10,2023-06-28,"EC CP",1,1,13,0,1,0,3,3,"very open w/ lots of small regen. Old dying trees",1,1,NA,NA,3,NA,1,0,0,1,7.7,NA,NA,256.735978199604,11,11,5,NA,NA,0.712523921671231,3.71252392167123,NA,0.0116851561710903,NA,NA,0.0116851561710903,0.014460473937879,0.272727272727273,NA,NA,0.272727272727273,0.337502174697385,0.00106228692464457,NA,NA,0.00106228692464457,0.00131458853980718
"ROCQ",2018,139,2018-07-01,NA,NA,NA,0,0,NA,NA,NA,1,NA,11,1,3.7,43.0084034276443,1,1,11,0,1,10,21.8,24.29,0.0448760409057706,43.0084034276443,NA,NA,NA,NA,NA,NA,1,2,0.0232512699915114,0.0232512699915114,0.0465025399830227,0.0232512699915114,0.0232512699915114,0.0909090909090909,0.0909090909090909,0.181818181818182,1,0.0909090909090909,0.00211375181741012,0.00211375181741012,0.00422750363482025,0.0232512699915114,0.00211375181741012
"ROCQ",2023,139,2023-07-14,"MB HL",1,0,0,0,0,0,5,4,"orange striping, flaky bark",1,1,NA,NA,4,NA,1,0,0,1,22.5,NA,NA,43.0084034276443,11,11,5,NA,NA,0.712523921671231,4.71252392167123,NA,0.0930050799660455,NA,NA,0.0930050799660455,0.109572166044234,0.363636363636364,NA,NA,0.363636363636364,0.428411265606476,0.0084550072696405,NA,NA,0.0084550072696405,0.00996110600402125
"ROUBC",2018,446,2018-07-25,NA,0,0,0,0,NA,NA,NA,0,NA,11,1,6.7,141.026094219646,0,0,11,0,0,11,35.6,32.3181818181818,0.0259083314769436,141.026094219646,NA,NA,NA,NA,NA,NA,0,0,0,0,0,0,0,0,0,0,0,0,0,0,0,0,0
"ROUBC",2020,446,2020-07-27,"Gavin + Aidan",0,0,0,0,0,0,4,0,"lots of yellow jackets, leaf hoppers",11,1,6.2,120.762821603992,0,0,11,0,0,11,35.4,31.8636363636364,0.0293298387096774,120.762821603992,11,11,2,1,0,0.290747794353651,0,0,0,0,0,0,0,0,0,0,0,0,0,0,0,0,0
"ROUBC",2023,446,2023-07-05,"VM, EC, MB",0,0,2,0,0,0,4,0,NA,1,1,NA,NA,0,NA,1,0,0,1,37.5,NA,NA,141.026094219646,11,11,3,NA,NA,0.433227018227027,0.433227018227027,NA,0,NA,NA,0,0.00307196353004206,0,NA,NA,0,0.0393842743842752,0,NA,NA,0,0.000279269411822005
"RRVT",2018,242,2018-07-08,NA,0,0,0,0,NA,NA,NA,1,NA,11,1,6,113.097335529233,1,1,11,0,1,10,24.4,18.69,0.0103529166666667,113.097335529233,NA,NA,NA,NA,NA,NA,1,2,0.00884194128288308,0.00884194128288308,0.0176838825657662,0.00884194128288308,0.00884194128288308,0.0909090909090909,0.0909090909090909,0.181818181818182,1,0.0909090909090909,0.000803812843898461,0.000803812843898461,0.00160762568779692,0.00884194128288308,0.000803812843898461
"RRVT",2023,242,2023-07-10,"HL, VM",0,0,0,0,0,0,0,1,NA,1,1,NA,NA,1,NA,1,0,0,1,25.6,NA,NA,113.097335529233,11,11,5,NA,NA,0.712523921671231,1.71252392167123,NA,0.00884194128288308,NA,NA,0.00884194128288308,0.0151420359609497,0.0909090909090909,NA,NA,0.0909090909090909,0.155683992879203,0.000803812843898461,NA,NA,0.000803812843898461,0.0013765487237227
"RSQQ",2018,258,2018-07-10,NA,NA,NA,3,0,NA,NA,NA,4,NA,11,1,3.6,40.7150407905237,4,0,11,0,4,7,14.2,16.1142857142857,0.0159958333333333,40.7150407905237,NA,NA,NA,NA,NA,NA,4,4,0.0982437920320341,0,0.0982437920320341,0.0982437920320341,0.0982437920320341,0.363636363636364,0,0.363636363636364,4,0.363636363636364,0.00893125382109401,0,0.00893125382109401,0.0982437920320341,0.00893125382109401
"RSQQ",2023,258,2023-07-12,"EC AB MW",0,0,8,0,1,0,4,3,NA,1,1,NA,NA,3,NA,1,0,0,1,14.5,NA,NA,40.7150407905237,11,11,5,NA,NA,0.712523921671231,3.71252392167123,NA,0.0736828440240256,NA,NA,0.0736828440240256,0.0911831070186551,0.272727272727273,NA,NA,0.272727272727273,0.337502174697385,0.00669844036582051,NA,NA,0.00669844036582051,0.00828937336533228
"RSQXD",2018,371,2018-07-19,NA,0,0,3,0,NA,NA,NA,1,NA,11,1,4.3,58.0880481648753,1,0,11,0,1,10,26.5,21.8,0.026846511627907,58.0880481648753,NA,NA,NA,NA,NA,NA,1,1,0.0172152453317356,0,0.0172152453317356,0.0172152453317356,0.0172152453317356,0.0909090909090909,0,0.0909090909090909,1,0.0909090909090909,0.00156502230288505,0,0.00156502230288505,0.0172152453317356,0.00156502230288505
"RSQXD",2020,371,2020-08-03,"Gavin and Aidan",0,0,1,0,0,0,3,1,"2018 tree #9 same as #2. Replaced in 2020.",11,1,4.4,60.8212337734984,1,3,11,0,1,10,26.7,22.18,0.0265936983471074,60.8212337734984,11,11,2,1,0,0.290747794353651,1,4,0.0164416263524685,0.0493248790574056,0.0657665054098741,0.0164416263524685,0.0164416263524685,0.0909090909090909,0.272727272727273,0.363636363636364,1,0.0909090909090909,0.00149469330476987,0.0044840799143096,0.00597877321907946,0.0164416263524685,0.00149469330476987
"RSQXD",2023,371,2023-07-19,"MB, VM",0,0,0,0,0,0,3,2,"borderline unhealthy, flaking bark, lots of fungal pathogens",1,1,NA,NA,2,NA,1,0,0,1,28.2,NA,NA,58.0880481648753,11,11,3,NA,NA,0.433227018227027,2.43322701822703,NA,0.0344304906634711,NA,NA,0.0344304906634711,0.0418886000665857,0.181818181818182,NA,NA,0.181818181818182,0.221202456202457,0.0031300446057701,NA,NA,0.0031300446057701,0.00380805455150779
"RTNIO",2018,285,2018-07-12,NA,1,0,5,8,NA,NA,NA,3,"Very damaged, recruits may be different genotypes",11,1,9.3,271.716348608981,5,4,11,0,3,8,16.3,13.25,0.00155041045207538,271.716348608981,NA,NA,NA,NA,NA,NA,5,9,0.0184015427323269,0.0147212341858615,0.0331227769181884,0.0110409256393961,0.0184015427323269,0.454545454545455,0.363636363636364,0.818181818181818,3,0.454545454545455,0.00167286752112063,0.0013382940168965,0.00301116153801713,0.0110409256393961,0.00167286752112063
"RTNIO",2020,285,2020-07-27,"Ben + Courtenay",1,0,4,7,0,3,7,2,NA,11,1,8.9,248.845554090848,4,4,11,0,2,9,16.2,11.4857142857143,0.00163370786516854,248.845554090848,11,11,2,1,0,0.290747794353651,4,8,0.0160742273038147,0.0160742273038147,0.0321484546076294,0.00803711365190735,0.0160742273038147,0.363636363636364,0.363636363636364,0.727272727272727,2,0.363636363636364,0.00146129339125588,0.00146129339125588,0.00292258678251176,0.00803711365190735,0.00146129339125588
"RTNIO",2023,285,2023-06-26,"EC CP",0,0,2,3,0,2,8,2,"good regen; many stems 5-10 dbh",1,1,NA,NA,2,NA,1,0,0,1,16.7,NA,NA,271.716348608981,11,11,3,NA,NA,0.433227018227027,2.43322701822703,NA,0.00736061709293076,NA,NA,0.00736061709293076,0.0089550261906714,0.181818181818182,NA,NA,0.181818181818182,0.221202456202457,0.000669147008448251,NA,NA,0.000669147008448251,0.000814093290061036
"RVHAN",2018,352,2018-07-18,NA,0,0,4,0,NA,NA,NA,0,NA,11,1,4.7,69.3977817177985,0,0,11,0,0,11,43.3,28.2090909090909,0.0434540063377094,69.3977817177985,NA,NA,NA,NA,NA,NA,0,0,0,0,0,0,0,0,0,0,0,0,0,0,0,0,0
"RVHAN",2020,352,2020-08-03,"Gavin and Aidan",0,0,6,0,3,0,1,0,NA,11,1,5,78.5398163397448,0,1,11,0,0,11,43.3,28.4545454545455,0.0389152,78.5398163397448,11,11,2,1,0,0.290747794353651,0,1,0,0.0127323954473516,0.0127323954473516,0,0,0,0.0909090909090909,0.0909090909090909,0,0,0,0.00115749049521378,0.00115749049521378,0,0
"RVHAN",2023,519,2023-08-18,"BB, EH, KP",0,0,6,0,0,0,1,0,NA,11,1,5,78.5398163397448,0,2,11,0,0,11,44.6,29.1272727272727,0.04091168,78.5398163397448,11,11,3,1,0,0.433227018227027,0,2,0,0.0254647908947033,0.0254647908947033,0,0,0,0.181818181818182,0.181818181818182,0,0,0,0.00231498099042757,0.00231498099042757,0,0
"RVLO",2018,85,2018-06-27,NA,NA,NA,7,4,NA,NA,NA,1,NA,11,1,5.3,88.2473376393373,1,1,11,0,1,10,11.5,15.11,0.0108878248487006,88.2473376393373,NA,NA,NA,NA,NA,NA,1,2,0.0113317866209965,0.0113317866209965,0.0226635732419929,0.0113317866209965,0.0113317866209965,0.0909090909090909,0.0909090909090909,0.181818181818182,1,0.0909090909090909,0.00103016242009059,0.00103016242009059,0.00206032484018118,0.0113317866209965,0.00103016242009059
"RXVF",2018,127,2018-06-29,NA,NA,NA,7,3,NA,NA,NA,2,NA,11,1,5.5,95.0331777710912,2,0,11,0,2,9,34.9,28.6222222222222,0.0271248925619835,95.0331777710912,NA,NA,NA,NA,NA,NA,2,2,0.0210452817311597,0,0.0210452817311597,0.0210452817311597,0.0210452817311597,0.181818181818182,0,0.181818181818182,2,0.181818181818182,0.00191320743010543,0,0.00191320743010543,0.0210452817311597,0.00191320743010543
"RXVF",2023,127,2023-07-14,"MB HL",0,0,5,5,0,0,5,3,"none",1,1,NA,NA,3,NA,1,0,0,1,35.7,NA,NA,95.0331777710912,11,11,5,NA,NA,0.712523921671231,3.71252392167123,NA,0.0315679225967396,NA,NA,0.0315679225967396,0.0390655559326205,0.272727272727273,NA,NA,0.272727272727273,0.337502174697385,0.00286981114515814,NA,NA,0.00286981114515814,0.00355141417569277
"SACVG",2018,457,2018-07-24,NA,0,0,15,4,NA,NA,NA,0,NA,11,1,3.6,40.7150407905237,0,2,11,0,0,11,18.3,18.1545454545455,0.0309877314814815,40.7150407905237,NA,NA,NA,NA,NA,NA,0,2,0,0.0491218960160171,0.0491218960160171,0,0,0,0.181818181818182,0.181818181818182,0,0,0,0.00446562691054701,0.00446562691054701,0,0
"SACVG",2020,457,2020-08-12,"Gavin and Erin",0,0,2,18,1,0,3,0,"Re-nailed tag. Leaf hoppers.",11,1,3.3,34.2119439975928,0,2,11,0,0,11,18.8,17.1083333333333,0.037116712580349,34.2119439975928,11,11,2,1,0,0.290747794353651,0,2,0,0.0584591159198881,0.0584591159198881,0,0,0,0.181818181818182,0.181818181818182,0,0,0,0.00531446508362619,0.00531446508362619,0,0
"SAVZC",2018,440,2018-07-24,NA,0,0,14,1,NA,NA,NA,2,"spoke to property owner Jeff on W side of access point at right turn on road. allowed us to go through backyard to access forest.",11,1,4.5,63.6172512351933,2,0,11,0,2,9,11.6,10.0555555555556,0.00497762962962963,63.6172512351933,NA,NA,NA,NA,NA,NA,2,2,0.0314380134502509,0,0.0314380134502509,0.0314380134502509,0.0314380134502509,0.181818181818182,0,0.181818181818182,2,0.181818181818182,0.00285800122275009,0,0.00285800122275009,0.0314380134502509,0.00285800122275009
"SAVZC",2020,440,2020-07-09,"Gavin, Courtenay",0,0,11,2,NA,NA,2,1,"spoke to property owner Jeff on W sideof access point at right turn on road. Allowed us to go through backyard to access",11,1,3.7,43.0084034276443,2,2,10,1,1,9,12,9.36363636363636,0.00804879474068663,43.0084034276443,11,10,2,0.909090909090909,0.0465361826677765,0.290747794353651,2,4,0.0465025399830227,0.0465025399830227,0.0930050799660455,0.0232512699915114,0.0465025399830227,0.181818181818182,0.181818181818182,0.363636363636364,1,0.181818181818182,0.00422750363482025,0.00422750363482025,0.0084550072696405,0.0232512699915114,0.00422750363482025
"SBLHG",2018,307,2018-07-14,NA,1,1,7,10,NA,NA,NA,0,"Very damaged open site; low understory; lollipop canopies",9,1,3.4,36.316811075498,2,1,9,0,0,9,24.7,18.0428571428571,0.0235628892733564,36.316811075498,NA,NA,NA,NA,NA,NA,2,3,0.0550709145646697,0.0275354572823348,0.0826063718470045,0,0.0550709145646697,0.222222222222222,0.111111111111111,0.333333333333333,0,0.222222222222222,0.00611899050718552,0.00305949525359276,0.00917848576077828,0,0.00611899050718552
"SBLHG",2020,307,2020-07-13,"Gavin, Courtenay, Aiden",1,1,5,10,2,3,9,0,"damaged open site",11,1,3.3,34.2119439975928,2,1,11,0,0,11,25.4,15.5,0.0262303948576676,34.2119439975928,9,9,2,1,0,0.237884559016624,2,3,0.0584591159198881,0.0292295579599441,0.0876886738798322,0,0.0584591159198881,0.181818181818182,0.0909090909090909,0.272727272727273,0,0.181818181818182,0.00531446508362619,0.0026572325418131,0.00797169762543929,0,0.00531446508362619
"SBLHG",2023,307,2023-07-13,"EC MB",1,1,7,8,3,1,9,1,"lots of down dead; very open",1,1,NA,NA,1,NA,1,0,0,1,25.8,NA,NA,36.316811075498,11,11,3,NA,NA,0.433227018227027,1.43322701822703,NA,0.0275354572823348,NA,NA,0.0275354572823348,0.0394645613362784,0.0909090909090909,NA,NA,0.0909090909090909,0.130293365293366,0.00250322338930317,NA,NA,0.00250322338930317,0.00358768739420713
"SBUFN",2018,482,2018-07-27,NA,0,0,18,9,NA,NA,NA,0,NA,11,1,5.1,81.7128249198705,0,0,11,0,0,11,17.5,13.5181818181818,0.0108262591311034,81.7128249198705,NA,NA,NA,NA,NA,NA,0,0,0,0,0,0,0,0,0,0,0,0,0,0,0,0,0
"SBUFN",2020,482,2020-08-16,"Courtenay and Erin",0,0,48,15,3,1,2,0,"Focal tree dead. Put tag lower down on the trunk. Lots of downed trees in the area.",11,1,5.4,91.6088417786784,2,5,9,2,0,9,NA,12.6363636363636,0.00858511659807956,91.6088417786784,11,9,2,0.818181818181818,0.0954431533378902,0.290747794353651,2,7,0.0218319537848965,0.0545798844622412,0.0764118382471377,0,0.0218319537848965,0.181818181818182,0.454545454545455,0.636363636363636,0,0.181818181818182,0.00198472307135423,0.00496180767838556,0.00694653074973979,0,0.00198472307135423
"SBUFN",2023,482,2023-07-03,"EC, VM",0,0,17,11,2,5,2,2,"lots of regen! Big ant next",1,1,NA,NA,2,NA,0,1,0,0,NA,NA,NA,81.7128249198705,9,10,3,NA,NA,0.354458469458476,2.35445846945848,NA,0.0244759620287421,NA,NA,0.0244759620287421,0.0288138180483579,0.181818181818182,NA,NA,0.181818181818182,0.21404167904168,0.00222508745715837,NA,NA,0.00222508745715837,0.00261943800439618
"SCGN",2018,73,2018-06-27,NA,NA,NA,10,2,NA,NA,NA,1,NA,11,1,6.6,136.847775990371,1,0,11,0,1,10,35,22.05,0.0133713269054178,136.847775990371,NA,NA,NA,NA,NA,NA,1,1,0.00730738948998601,0,0.00730738948998601,0.00730738948998601,0.00730738948998601,0.0909090909090909,0,0.0909090909090909,1,0.0909090909090909,0.000664308135453274,0,0.000664308135453274,0.00730738948998601,0.000664308135453274
"SDIP",2018,235,2018-07-08,NA,0,0,2,0,NA,NA,NA,1,NA,11,1,5.2,84.948665353068,1,1,11,0,1,10,22.6,21.81,0.0184879068047337,84.948665353068,NA,NA,NA,NA,NA,NA,1,2,0.0117718153174479,0.0117718153174479,0.0235436306348958,0.0117718153174479,0.0117718153174479,0.0909090909090909,0.0909090909090909,0.181818181818182,1,0.0909090909090909,0.0010701650288589,0.0010701650288589,0.0021403300577178,0.0117718153174479,0.0010701650288589
"SDIP",2023,235,2023-07-10,"HL, VM",0,0,0,0,0,0,1,0,NA,1,1,NA,NA,0,NA,1,0,0,1,22.8,NA,NA,84.948665353068,11,11,5,NA,NA,0.712523921671231,0.712523921671231,NA,0,NA,NA,0,0.00838770001517743,0,NA,NA,0,0.0647749019701119,0,NA,NA,0,0.000762518183197948
"SGBTF01",2018,310,2018-07-14,NA,1,0,3,1,NA,NA,NA,2,"All on talus",9,1,5.7,102.070345315132,2,1,9,0,2,7,19.4,11.6714285714286,0.00422754693751924,102.070345315132,NA,NA,NA,NA,NA,NA,2,3,0.0195943297127603,0.00979716485638014,0.0293914945691404,0.0195943297127603,0.0195943297127603,0.222222222222222,0.111111111111111,0.333333333333333,2,0.222222222222222,0.00217714774586225,0.00108857387293113,0.00326572161879338,0.0195943297127603,0.00217714774586225
"SGBTF01",2020,310,2020-07-13,"Gavin, Courtenay, Aiden",1,0,5,3,4,0,5,3,"all on talus",11,1,5.8,105.683176866761,3,1,11,0,3,8,19.6,9.1625,0.0024865338882283,105.683176866761,9,9,2,1,0,0.237884559016624,3,4,0.0283867318237625,0.00946224394125418,0.0378489757650167,0.0283867318237625,0.0283867318237625,0.272727272727273,0.0909090909090909,0.363636363636364,3,0.272727272727273,0.00258061198397841,0.000860203994659471,0.00344081597863788,0.0283867318237625,0.00258061198397841
"SGBTF01",2023,310,2023-07-13,"EC MB",1,0,3,4,1,0,3,4,"lovely! Talus. There is a large fir unmeasured?",11,1,5.5,95.0331777710912,3,2,11,0,3,8,20.1,9.5375,0.0029617520661157,95.0331777710912,11,11,3,1,0,0.433227018227027,3,5,0.0315679225967396,0.0210452817311597,0.0526132043278993,0.0420905634623194,0.0315679225967396,0.272727272727273,0.181818181818182,0.454545454545455,4,0.272727272727273,0.00286981114515814,0.00191320743010543,0.00478301857526357,0.0420905634623194,0.00286981114515814
"SGDV",2018,209,2018-07-03,NA,NA,NA,2,0,NA,NA,NA,0,NA,10,1,3.4,36.316811075498,0,1,9,0,0,10,25.1,25.13,0.0611758650519031,36.316811075498,NA,NA,NA,NA,NA,NA,0,1,0,0.0275354572823348,0.0275354572823348,0,0,0,0.1,0.1,0,0,0,0.00275354572823348,0.00275354572823348,0,0
"SGDV",2023,209,2023-07-17,"VM, MB",0,0,1,0,1,0,4,3,NA,1,1,NA,NA,3,NA,1,0,0,1,29,NA,NA,36.316811075498,9,9,5,NA,NA,0.582974117731007,3.58297411773101,NA,0.0826063718470045,NA,NA,0.0826063718470045,0.0986588307624935,0.272727272727273,NA,NA,0.272727272727273,0.325724919793728,0.0075096701679095,NA,NA,0.0075096701679095,0.00896898461477214
"SGYC",2018,186,2018-07-03,NA,NA,NA,2,1,NA,NA,NA,0,NA,11,1,9.8,301.718558450764,0,0,11,0,0,11,40.3,28.5727272727273,0.01163845272803,301.718558450764,NA,NA,NA,NA,NA,NA,0,0,0,0,0,0,0,0,0,0,0,0,0,0,0,0,0
"SGYC",2023,186,2023-07-18,"HL, VM",0,0,8,0,0,0,3,0,NA,1,1,NA,NA,0,NA,1,0,0,1,41.5,NA,NA,301.718558450764,11,11,5,NA,NA,0.712523921671231,0.712523921671231,NA,0,NA,NA,0,0.00236155152447311,0,NA,NA,0,0.0647749019701119,0,NA,NA,0,0.000214686502224828
"SIZB",2018,37,2018-06-25,NA,NA,NA,0,0,NA,NA,NA,0,NA,11,1,4.3,58.0880481648753,0,0,11,0,0,11,32.2,29.1727272727273,0.0527907517577069,58.0880481648753,NA,NA,NA,NA,NA,NA,0,0,0,0,0,0,0,0,0,0,0,0,0,0,0,0,0
"SJCTK",2018,369,2018-07-19,NA,NA,NA,0,0,NA,NA,NA,1,NA,11,1,4.7,69.3977817177985,2,1,11,0,1,10,26.8,22.4777777777778,0.022194975101856,69.3977817177985,NA,NA,NA,NA,NA,NA,2,3,0.0288193649781612,0.0144096824890806,0.0432290474672418,0.0144096824890806,0.0288193649781612,0.181818181818182,0.0909090909090909,0.272727272727273,1,0.181818181818182,0.00261994227074193,0.00130997113537096,0.00392991340611289,0.0144096824890806,0.00261994227074193
"SJCTK",2020,369,2020-08-07,"Gavin and Aidan",0,0,0,0,0,0,0,1,NA,11,1,5.2,84.948665353068,2,1,11,0,1,10,26.5,23.1888888888889,0.0190257766272189,84.948665353068,11,11,2,1,0,0.290747794353651,2,3,0.0235436306348958,0.0117718153174479,0.0353154459523436,0.0117718153174479,0.0235436306348958,0.181818181818182,0.0909090909090909,0.272727272727273,1,0.181818181818182,0.0021403300577178,0.0010701650288589,0.00321049508657669,0.0117718153174479,0.0021403300577178
"SJCTK",2023,369,2023-07-19,"MB, VM",0,0,0,0,0,0,0,1,"some trees have bubbles?",1,1,NA,NA,1,NA,1,0,0,1,27.5,NA,NA,69.3977817177985,11,11,3,NA,NA,0.433227018227027,1.43322701822703,NA,0.0144096824890806,NA,NA,0.0144096824890806,0.0206523462674232,0.0909090909090909,NA,NA,0.0909090909090909,0.130293365293366,0.00130997113537096,NA,NA,0.00130997113537096,0.0018774860243112
"SJTZA",2018,380,2018-07-20,NA,NA,1,1,0,NA,NA,NA,1,"Big cow wallow",11,1,4.8,72.3822947387088,1,1,11,0,1,10,33,27.27,0.0330274739583333,72.3822947387088,NA,NA,NA,NA,NA,NA,1,2,0.0138155332545048,0.0138155332545048,0.0276310665090096,0.0138155332545048,0.0138155332545048,0.0909090909090909,0.0909090909090909,0.181818181818182,1,0.0909090909090909,0.00125595756859135,0.00125595756859135,0.00251191513718269,0.0138155332545048,0.00125595756859135
"SJTZA",2020,380,2020-07-10,"Gavin, Courtenay, Aiden",0,1,4,0,NA,NA,0,0,"Big Cow Wallow",11,1,4.9,75.4296396126909,1,1,10,1,0,10,33.1,27.2545454545455,0.0347778425655977,75.4296396126909,11,10,2,0.909090909090909,0.0465361826677765,0.290747794353651,1,2,0.0132573880126527,0.0132573880126527,0.0265147760253053,0,0.0132573880126527,0.0909090909090909,0.0909090909090909,0.181818181818182,0,0.0909090909090909,0.00120521709205933,0.00120521709205933,0.00241043418411867,0,0.00120521709205933
"SLXGA",2018,476,2018-07-26,NA,0,0,0,0,NA,NA,NA,0,NA,11,1,6.6,136.847775990371,0,0,11,0,0,11,28.8,21.6545454545455,0.0146775941230487,136.847775990371,NA,NA,NA,NA,NA,NA,0,0,0,0,0,0,0,0,0,0,0,0,0,0,0,0,0
"SLXGA",2020,476,2020-07-22,"Gavin + Ben",0,0,0,0,0,0,0,0,NA,11,1,6.8,145.267244301992,0,0,11,0,0,11,26.3,21.8909090909091,0.0140021193771626,145.267244301992,11,11,2,1,0,0.290747794353651,0,0,0,0,0,0,0,0,0,0,0,0,0,0,0,0,0
"SLXGA",2023,476,2023-07-24,"HL, BW",0,0,0,0,0,0,0,0,"dendro site splitting lengthwise, slight discoloration around split",1,1,NA,NA,0,NA,1,0,0,1,26.5,NA,NA,136.847775990371,11,11,3,NA,NA,0.433227018227027,0.433227018227027,NA,0,NA,NA,0,0.00316575855977015,0,NA,NA,0,0.0393842743842752,0,NA,NA,0,0.000287796232706378
"SMPAT",2018,344,2018-07-18,NA,NA,NA,0,0,NA,NA,NA,0,NA,11,1,3.8,45.3645979178366,0,0,11,0,0,11,22.2,9.73636363636364,0.00862236842105263,45.3645979178366,NA,NA,NA,NA,NA,NA,0,0,0,0,0,0,0,0,0,0,0,0,0,0,0,0,0
"SMPAT",2020,344,2020-07-31,"BB and Gavin",0,1,0,0,1,1,0,0,"many downed; fresh canopy leaves",11,1,4.1,52.8101725068444,0,2,11,0,0,11,22.4,10,0.00776085663295657,52.8101725068444,11,11,2,1,0,0.290747794353651,0,2,0,0.0378714915150257,0.0378714915150257,0,0,0,0.181818181818182,0.181818181818182,0,0,0,0.00344286286500233,0.00344286286500233,0,0
"SMPAT",2023,344,2023-07-28,"HL, VM",0,0,0,0,1,0,0,0,NA,1,1,NA,NA,0,NA,1,0,0,1,23.6,NA,NA,45.3645979178366,11,11,3,NA,NA,0.433227018227027,0.433227018227027,NA,0,NA,NA,0,0.00954989216506841,0,NA,NA,0,0.0393842743842752,0,NA,NA,0,0.00086817201500622
"SNOUM",2018,458,2018-07-24,NA,0,0,0,0,NA,NA,NA,1,NA,11,1,3.8,45.3645979178366,1,2,11,0,1,10,22.6,18.52,0.0277005540166205,45.3645979178366,NA,NA,NA,NA,NA,NA,1,3,0.0220436209268553,0.0440872418537106,0.0661308627805659,0.0220436209268553,0.0220436209268553,0.0909090909090909,0.181818181818182,0.272727272727273,1,0.0909090909090909,0.00200396553880503,0.00400793107761006,0.00601189661641508,0.0220436209268553,0.00200396553880503
"SNOUM",2020,458,2020-08-12,"Gavin and Erin",0,1,0,0,0,0,1,1,"leafhoppers",11,1,3.8,45.3645979178366,1,2,11,0,1,10,23,18.69,0.0281567174515235,45.3645979178366,11,11,2,1,0,0.290747794353651,1,3,0.0220436209268553,0.0440872418537106,0.0661308627805659,0.0220436209268553,0.0220436209268553,0.0909090909090909,0.181818181818182,0.272727272727273,1,0.0909090909090909,0.00200396553880503,0.00400793107761006,0.00601189661641508,0.0220436209268553,0.00200396553880503
"SNOUM",2023,458,2023-06-29,"EC, CP",0,1,3,0,1,0,1,1,NA,11,1,3.8,45.3645979178366,1,2,11,0,1,10,23.4,19.59,0.0305025623268698,45.3645979178366,11,11,3,1,0,0.433227018227027,1,3,0.0220436209268553,0.0440872418537106,0.0661308627805659,0.0220436209268553,0.0220436209268553,0.0909090909090909,0.181818181818182,0.272727272727273,1,0.0909090909090909,0.00200396553880503,0.00400793107761006,0.00601189661641508,0.0220436209268553,0.00200396553880503
"SQFKW",2018,303,2018-07-14,NA,NA,NA,2,0,NA,NA,NA,0,NA,11,1,5.7,102.070345315132,1,1,11,0,0,11,28.4,21.52,0.0157275469375192,102.070345315132,NA,NA,NA,NA,NA,NA,1,2,0.00979716485638014,0.00979716485638014,0.0195943297127603,0,0.00979716485638014,0.0909090909090909,0.0909090909090909,0.181818181818182,0,0.0909090909090909,0.000890651350580013,0.000890651350580013,0.00178130270116003,0,0.000890651350580013
"SQFKW",2020,303,2020-07-13,"Gavin, Courtenay, Aiden",0,1,0,0,0,0,6,1,NA,11,1,5.2,84.948665353068,2,0,11,0,1,10,28.6,18.1666666666667,0.0179448964497041,84.948665353068,11,11,2,1,0,0.290747794353651,2,2,0.0235436306348958,0,0.0235436306348958,0.0117718153174479,0.0235436306348958,0.181818181818182,0,0.181818181818182,1,0.181818181818182,0.0021403300577178,0,0.0021403300577178,0.0117718153174479,0.0021403300577178
"SQFKW",2023,303,2023-07-13,"EC MB",1,0,6,1,0,0,5,3,NA,1,1,NA,NA,3,NA,0,1,0,0,NA,NA,NA,102.070345315132,11,10,3,NA,NA,0.433227018227027,3.43322701822703,NA,0.0293914945691404,NA,NA,0.0293914945691404,0.0336358910869486,0.272727272727273,NA,NA,0.272727272727273,0.312111547111548,0.00267195405174004,NA,NA,0.00267195405174004,0.00305780828063169
"STYW",2018,142,2018-07-02,NA,NA,NA,6,2,NA,NA,NA,0,NA,11,1,6.85,147.411381288067,0,0,11,0,0,11,25.4,23.3181818181818,0.0136789173637381,147.411381288067,NA,NA,NA,NA,NA,NA,0,0,0,0,0,0,0,0,0,0,0,0,0,0,0,0,0
"STYW",2023,142,2023-07-18,"HL, VM",0,0,0,6,0,0,2,0,NA,1,1,NA,NA,0,NA,1,0,0,1,25.6,NA,NA,147.411381288067,11,11,5,NA,NA,0.712523921671231,0.712523921671231,NA,0,NA,NA,0,0.00483357469040221,0,NA,NA,0,0.0647749019701119,0,NA,NA,0,0.000439415880945656
"SWJFH",2018,484,2018-07-27,NA,0,0,12,10,NA,NA,NA,1,NA,11,1,6.4,128.679635091038,1,0,11,0,1,10,17.8,12.57,0.0048382080078125,128.679635091038,NA,NA,NA,NA,NA,NA,1,1,0.00777123745565895,0,0.00777123745565895,0.00777123745565895,0.00777123745565895,0.0909090909090909,0,0.0909090909090909,1,0.0909090909090909,0.000706476132332632,0,0.000706476132332632,0.00777123745565895,0.000706476132332632
"SWJFH",2020,484,2020-08-16,"Courtenay and Erin",0,0,11,10,3,3,2,1,NA,11,1,6.2,120.762821603992,1,2,11,0,1,10,18.3,14.31,0.0062832726326743,120.762821603992,11,11,2,1,0,0.290747794353651,1,3,0.0082806942295471,0.0165613884590942,0.0248420826886413,0.0082806942295471,0.0082806942295471,0.0909090909090909,0.181818181818182,0.272727272727273,1,0.0909090909090909,0.000752790384504282,0.00150558076900856,0.00225837115351285,0.0082806942295471,0.000752790384504282
"SWJFH",2023,484,2023-07-03,"EC, VM",0,0,3,5,3,0,1,2,"lots of regen!",1,1,NA,NA,2,NA,1,0,0,1,19.3,NA,NA,128.679635091038,11,11,3,NA,NA,0.433227018227027,2.43322701822703,NA,0.0155424749113179,NA,NA,0.0155424749113179,0.0189091849421672,0.181818181818182,NA,NA,0.181818181818182,0.221202456202457,0.00141295226466526,NA,NA,0.00141295226466526,0.00171901681292429
"SWVK",2018,5,2018-06-22,NA,NA,NA,1,0,NA,NA,NA,3,NA,11,1,5.5,95.0331777710912,3,0,11,0,3,8,32,28.05,0.0217145785123967,95.0331777710912,NA,NA,NA,NA,NA,NA,3,3,0.0315679225967396,0,0.0315679225967396,0.0315679225967396,0.0315679225967396,0.272727272727273,0,0.272727272727273,3,0.272727272727273,0.00286981114515814,0,0.00286981114515814,0.0315679225967396,0.00286981114515814
"SWVK",2023,5,2023-06-28,"EC CP",1,0,1,1,0,0,6,2,"deep understory in whole grid",1,1,NA,NA,2,NA,1,0,0,1,33.4,NA,NA,95.0331777710912,11,11,5,NA,NA,0.712523921671231,2.71252392167123,NA,0.0210452817311597,NA,NA,0.0210452817311597,0.0285429150670406,0.181818181818182,NA,NA,0.181818181818182,0.246593083788294,0.00191320743010543,NA,NA,0.00191320743010543,0.00259481046064006
"SYCQ",2018,194,2018-07-03,NA,NA,NA,5,1,NA,NA,NA,1,NA,11,1,3.8,45.3645979178366,1,1,11,0,1,10,32.7,23.69,0.0414111495844875,45.3645979178366,NA,NA,NA,NA,NA,NA,1,2,0.0220436209268553,0.0220436209268553,0.0440872418537106,0.0220436209268553,0.0220436209268553,0.0909090909090909,0.0909090909090909,0.181818181818182,1,0.0909090909090909,0.00200396553880503,0.00200396553880503,0.00400793107761006,0.0220436209268553,0.00200396553880503
"SYCQ",2023,194,2023-07-17,"VM, MB",0,0,4,5,1,0,3,1,"some flaky bark",1,1,NA,NA,1,NA,1,0,0,1,35.2,NA,NA,45.3645979178366,11,11,5,NA,NA,0.712523921671231,1.71252392167123,NA,0.0220436209268553,NA,NA,0.0220436209268553,0.0377502281574923,0.0909090909090909,NA,NA,0.0909090909090909,0.155683992879203,0.00200396553880503,NA,NA,0.00200396553880503,0.00343183892340839
"SYID",2018,47,2018-06-25,NA,NA,NA,2,0,NA,NA,NA,2,NA,11,1,4.1,52.8101725068444,2,0,11,0,2,9,14.2,14.5555555555556,0.0146359309934563,52.8101725068444,NA,NA,NA,NA,NA,NA,2,2,0.0378714915150257,0,0.0378714915150257,0.0378714915150257,0.0378714915150257,0.181818181818182,0,0.181818181818182,2,0.181818181818182,0.00344286286500233,0,0.00344286286500233,0.0378714915150257,0.00344286286500233
"SZEE",2018,250,2018-07-08,NA,0,0,2,0,NA,NA,NA,1,NA,11,1,4.2,55.4176944093239,2,0,11,0,1,10,24.7,24.9111111111111,0.0320329931972789,55.4176944093239,NA,NA,NA,NA,NA,NA,2,2,0.0360895562566656,0,0.0360895562566656,0.0180447781283328,0.0360895562566656,0.181818181818182,0,0.181818181818182,1,0.181818181818182,0.00328086875060596,0,0.00328086875060596,0.0180447781283328,0.00328086875060596
"SZEE",2023,250,2023-07-10,"HL, VM",0,0,2,0,8,0,3,1,NA,1,1,NA,NA,1,NA,1,0,0,1,26.3,NA,NA,55.4176944093239,11,11,5,NA,NA,0.712523921671231,1.71252392167123,NA,0.0180447781283328,NA,NA,0.0180447781283328,0.0309021142060198,0.0909090909090909,NA,NA,0.0909090909090909,0.155683992879203,0.00164043437530298,NA,NA,0.00164043437530298,0.00280928310963816
"TAWMO",2018,299,2018-07-13,NA,NA,NA,1,0,NA,NA,NA,2,NA,11,1,4.3,58.0880481648753,4,1,11,0,2,9,27.5,25.9,0.028088534342888,58.0880481648753,NA,NA,NA,NA,NA,NA,4,5,0.0688609813269423,0.0172152453317356,0.0860762266586779,0.0344304906634711,0.0688609813269423,0.363636363636364,0.0909090909090909,0.454545454545455,2,0.363636363636364,0.00626008921154021,0.00156502230288505,0.00782511151442526,0.0344304906634711,0.00626008921154021
"TAWMO",2020,299,2020-08-11,"Gavin and Erin",0,1,4,0,0,0,6,1,NA,11,1,4.4,60.8212337734984,4,4,10,1,1,9,27.7,26.2714285714286,0.0275347623966942,60.8212337734984,11,10,2,0.909090909090909,0.0465361826677765,0.290747794353651,4,8,0.0657665054098741,0.0657665054098741,0.131533010819748,0.0164416263524685,0.0657665054098741,0.363636363636364,0.363636363636364,0.727272727272727,1,0.363636363636364,0.00597877321907946,0.00597877321907946,0.0119575464381589,0.0164416263524685,0.00597877321907946
"TAWMO",2023,299,2023-08-17,"BB, CR",0,1,3,0,1,0,7,2,NA,11,1,4.4,60.8212337734984,4,2,10,1,1,9,28.3,27.0375,0.0329142045454545,60.8212337734984,10,10,3,1,0,0.393842743842752,4,6,0.0657665054098741,0.032883252704937,0.0986497581148112,0.032883252704937,0.0657665054098741,0.363636363636364,0.181818181818182,0.545454545454545,2,0.363636363636364,0.00597877321907946,0.00298938660953973,0.00896815982861919,0.032883252704937,0.00597877321907946
"TCRUF",2018,362,2018-07-19,NA,NA,NA,3,0,NA,NA,NA,0,"In a snowbed patch? very low surface vegetation",11,1,3.6,40.7150407905237,0,1,11,0,0,11,23.5,17.8636363636364,0.0323510030864197,40.7150407905237,NA,NA,NA,NA,NA,NA,0,1,0,0.0245609480080085,0.0245609480080085,0,0,0,0.0909090909090909,0.0909090909090909,0,0,0,0.0022328134552735,0.0022328134552735,0,0
"TCRUF",2020,362,2020-08-03,"Gavin and Aidan",0,0,0,0,0,0,2,0,NA,11,1,3.7,43.0084034276443,0,0,11,0,0,11,23.8,17.84,0.0279850986121256,43.0084034276443,11,11,2,1,0,0.290747794353651,0,0,0,0,0,0,0,0,0,0,0,0,0,0,0,0,0
"TCRUF",2023,362,2023-08-18,"BB, EH, KP",0,0,0,0,0,0,3,1,NA,11,1,3.7,43.0084034276443,0,2,11,0,0,11,24.9,18.4272727272727,0.0319672023374726,43.0084034276443,11,11,3,1,0,0.433227018227027,0,2,0,0.0465025399830227,0.0465025399830227,0.0232512699915114,0,0,0.181818181818182,0.181818181818182,1,0,0,0.00422750363482025,0.00422750363482025,0.0232512699915114,0
"TDMF",2018,94,2018-06-28,NA,NA,NA,14,5,NA,NA,NA,0,NA,11,1,7.1,158.367685667461,1,0,11,0,0,11,8.3,21.28,0.0100717317992462,158.367685667461,NA,NA,NA,NA,NA,NA,1,1,0.00631441948390777,0,0.00631441948390777,0,0.00631441948390777,0.0909090909090909,0,0.0909090909090909,0,0.0909090909090909,0.000574038134900706,0,0.000574038134900706,0,0.000574038134900706
"TDMF",2023,94,2023-07-14,"MB HL",0,0,20,8,2,3,1,1,"none",1,1,NA,NA,1,NA,1,0,0,1,9.5,NA,NA,158.367685667461,11,11,5,NA,NA,0.712523921671231,1.71252392167123,NA,0.00631441948390777,NA,NA,0.00631441948390777,0.010813594417659,0.0909090909090909,NA,NA,0.0909090909090909,0.155683992879203,0.000574038134900706,NA,NA,0.000574038134900706,0.000983054037968997
"TEWA",2018,249,2018-07-08,NA,0,0,0,0,NA,NA,NA,1,NA,11,1,6,113.097335529233,1,0,11,0,1,10,21.9,27.52,0.0212301111111111,113.097335529233,NA,NA,NA,NA,NA,NA,1,1,0.00884194128288308,0,0.00884194128288308,0.00884194128288308,0.00884194128288308,0.0909090909090909,0,0.0909090909090909,1,0.0909090909090909,0.000803812843898461,0,0.000803812843898461,0.00884194128288308,0.000803812843898461
"TEWA",2023,249,2023-07-10,"HL, VM",0,0,0,0,0,0,2,1,NA,1,1,NA,NA,1,NA,1,0,0,1,23.1,NA,NA,113.097335529233,11,11,5,NA,NA,0.712523921671231,1.71252392167123,NA,0.00884194128288308,NA,NA,0.00884194128288308,0.0151420359609497,0.0909090909090909,NA,NA,0.0909090909090909,0.155683992879203,0.000803812843898461,NA,NA,0.000803812843898461,0.0013765487237227
"TFBM",2018,193,2018-07-03,NA,NA,NA,3,1,NA,NA,NA,1,NA,11,1,7.3,167.4154725098,1,2,11,0,1,10,23.8,21.9,0.0108193094389191,167.4154725098,NA,NA,NA,NA,NA,NA,1,3,0.00597316356133966,0.0119463271226793,0.017919490684019,0.00597316356133966,0.00597316356133966,0.0909090909090909,0.181818181818182,0.272727272727273,1,0.0909090909090909,0.000543014869212697,0.00108602973842539,0.00162904460763809,0.00597316356133966,0.000543014869212697
"TFBM",2023,193,2023-07-18,"HL, VM",0,0,1,2,0,0,2,2,NA,1,1,NA,NA,2,NA,0,1,0,0,NA,NA,NA,167.4154725098,11,10,5,NA,NA,0.712523921671231,2.71252392167123,NA,0.0119463271226793,NA,NA,0.0119463271226793,0.0162023490481888,0.181818181818182,NA,NA,0.181818181818182,0.246593083788294,0.00108602973842539,NA,NA,0.00108602973842539,0.00147294082256261
"TFOM",2018,11,2018-06-22,NA,NA,NA,7,0,NA,NA,NA,1,NA,11,1,7.2,162.860163162095,1,2,11,0,1,10,27.9,20.93,0.00925109953703704,162.860163162095,NA,NA,NA,NA,NA,NA,1,3,0.00614023700200213,0.0122804740040043,0.0184207110060064,0.00614023700200213,0.00614023700200213,0.0909090909090909,0.181818181818182,0.272727272727273,1,0.0909090909090909,0.000558203363818376,0.00111640672763675,0.00167461009145513,0.00614023700200213,0.000558203363818376
"TFOM",2023,11,2023-06-28,"EC CP",0,1,11,0,2,0,2,0,NA,1,1,NA,NA,0,NA,1,0,0,1,28.5,NA,NA,162.860163162095,11,11,5,NA,NA,0.712523921671231,0.712523921671231,NA,0,NA,NA,0,0.00437506574865736,0,NA,NA,0,0.0647749019701119,0,NA,NA,0,0.000397733249877942
"THWY",2018,151,2018-07-02,NA,NA,NA,1,2,NA,NA,NA,0,NA,11,1,8.5,226.980069221863,0,0,11,0,0,11,9.1,19.4727272727273,0.00744919031141869,226.980069221863,NA,NA,NA,NA,NA,NA,0,0,0,0,0,0,0,0,0,0,0,0,0,0,0,0,0
"THWY",2023,151,2023-07-17,"VM, MB",0,0,0,2,0,0,0,1,NA,1,1,NA,NA,1,NA,1,0,0,1,8.5,NA,NA,226.980069221863,11,11,5,NA,NA,0.712523921671231,1.71252392167123,NA,0.00440567316517357,NA,NA,0.00440567316517357,0.00754482068642475,0.0909090909090909,NA,NA,0.0909090909090909,0.155683992879203,0.000400515742288507,NA,NA,0.000400515742288507,0.000685892789674978
"TIRS",2018,107,2018-06-28,NA,NA,NA,9,1,NA,NA,NA,1,NA,11,1,4.2,55.4176944093239,1,0,11,0,1,10,26.9,25.26,0.0388006802721088,55.4176944093239,NA,NA,NA,NA,NA,NA,1,1,0.0180447781283328,0,0.0180447781283328,0.0180447781283328,0.0180447781283328,0.0909090909090909,0,0.0909090909090909,1,0.0909090909090909,0.00164043437530298,0,0.00164043437530298,0.0180447781283328,0.00164043437530298
"TIRS",2023,536,2023-07-14,"MB HL",0,0,15,0,4,2,4,2,"none",1,1,NA,NA,2,NA,1,0,0,1,28,NA,NA,55.4176944093239,11,11,5,NA,NA,0.712523921671231,2.71252392167123,NA,0.0360895562566656,NA,NA,0.0360895562566656,0.0489468923343526,0.181818181818182,NA,NA,0.181818181818182,0.246593083788294,0.00328086875060596,NA,NA,0.00328086875060596,0.00444971748494114
"TLNE",2018,81,2018-06-27,NA,NA,NA,13,13,NA,NA,NA,1,NA,11,1,6.5,132.732289614169,1,1,11,0,1,10,31.7,19.9,0.0120760710059172,132.732289614169,NA,NA,NA,NA,NA,NA,1,2,0.00753396180316664,0.00753396180316664,0.0150679236063333,0.00753396180316664,0.00753396180316664,0.0909090909090909,0.0909090909090909,0.181818181818182,1,0.0909090909090909,0.000684905618469695,0.000684905618469695,0.00136981123693939,0.00753396180316664,0.000684905618469695
"TLZOU",2018,493,2018-07-27,NA,1,0,4,1,NA,NA,NA,3,"took trail to site from Hunter Hill Road in Crested Butte",11,1,2.6,21.237166338267,4,1,11,0,3,8,25.8,20.2285714285714,0.0434195266272189,21.237166338267,NA,NA,NA,NA,NA,NA,4,5,0.188349045079166,0.0470872612697915,0.235436306348958,0.141261783809375,0.188349045079166,0.363636363636364,0.0909090909090909,0.454545454545455,3,0.363636363636364,0.0171226404617424,0.00428066011543559,0.021403300577178,0.141261783809375,0.0171226404617424
"TLZOU",2020,493,2020-07-14,"Gavin, Courtenay, Aiden",1,0,2,1,2,0,5,3,"Site from hunter hill, approach from pulloff on overlook DR",11,1,2.7,22.9022104446696,4,2,11,0,3,8,25.8,20.2428571428571,0.0402777777777778,22.9022104446696,11,11,2,1,0,0.290747794353651,4,6,0.174655630279172,0.0873278151395859,0.261983445418758,0.130991722709379,0.174655630279172,0.363636363636364,0.181818181818182,0.545454545454545,3,0.363636363636364,0.0158777845708338,0.0079388922854169,0.0238166768562507,0.130991722709379,0.0158777845708338
"TLZOU",2023,493,2023-08-10,"CR, BB",0,0,7,1,0,1,10,2,"site from hunter hill, approach from pull off. Distances measured by tape",11,1,2.7,22.9022104446696,6,1,6,5,0,6,26,16.3666666666667,0.0408777777777778,22.9022104446696,11,6,3,0.545454545454545,0.18295130318547,0.433227018227027,6,7,0.261983445418758,0.043663907569793,0.305647352988551,0.0873278151395859,0.261983445418758,0.545454545454545,0.0909090909090909,0.636363636363636,2,0.545454545454545,0.0238166768562507,0.00396944614270845,0.0277861229989592,0.0873278151395859,0.0238166768562507
"TMHA",2018,167,2018-07-02,NA,NA,NA,11,0,NA,NA,NA,1,NA,11,1,10.1,320.473866592695,1,0,11,0,1,10,28.8,26.91,0.00769276541515538,320.473866592695,NA,NA,NA,NA,NA,NA,1,1,0.00312037923913137,0,0.00312037923913137,0.00312037923913137,0.00312037923913137,0.0909090909090909,0,0.0909090909090909,1,0.0909090909090909,0.000283670839921033,0,0.000283670839921033,0.00312037923913137,0.000283670839921033
"TMHA",2023,167,2023-07-18,"HL, VM",0,0,4,8,0,1,0,0,NA,1,1,NA,NA,0,NA,1,0,0,1,30.5,NA,NA,320.473866592695,11,11,5,NA,NA,0.712523921671231,0.712523921671231,NA,0,NA,NA,0,0.00222334485256737,0,NA,NA,0,0.0647749019701119,0,NA,NA,0,0.000202122259324307
"TNCZA01",2018,455,2018-07-24,NA,1,0,14,6,NA,NA,NA,1,"Teocalli near creek zombie area",11,1,4.9,75.4296396126909,1,0,11,0,1,10,23,14.57,0.0120715951686797,75.4296396126909,NA,NA,NA,NA,NA,NA,1,1,0.0132573880126527,0,0.0132573880126527,0.0132573880126527,0.0132573880126527,0.0909090909090909,0,0.0909090909090909,1,0.0909090909090909,0.00120521709205933,0,0.00120521709205933,0.0132573880126527,0.00120521709205933
"TNCZA01",2020,455,2020-08-13,"Gavin and Erin",0,1,3,15,0,0,14,1,NA,11,1,4.4,60.8212337734984,1,2,11,0,1,10,23.7,13.0818181818182,0.0140002582644628,60.8212337734984,11,11,2,1,0,0.290747794353651,1,3,0.0164416263524685,0.032883252704937,0.0493248790574056,0.0164416263524685,0.0164416263524685,0.0909090909090909,0.181818181818182,0.272727272727273,1,0.0909090909090909,0.00149469330476987,0.00298938660953973,0.0044840799143096,0.0164416263524685,0.00149469330476987
"TNVQO",2018,286,2018-07-12,NA,NA,NA,2,0,NA,NA,NA,0,"Maybe diploids?",11,1,8.5,226.980069221863,0,5,11,0,0,11,18.7,16.0545454545455,0.00436932871972318,226.980069221863,NA,NA,NA,NA,NA,NA,0,5,0,0.0220283658258679,0.0220283658258679,0,0,0,0.454545454545455,0.454545454545455,0,0,0,0.00200257871144253,0.00200257871144253,0,0
"TNVQO",2020,286,2020-07-05,"Courtenay, Nicole, Roxy, Gavin, Gabriel",0,1,3,0,NA,NA,0,0,"Maybe diploids",11,1,8.8,243.284935093994,0,8,11,0,0,11,18.3,16.1545454545455,0.00412000258264463,243.284935093994,11,11,2,1,0,0.290747794353651,0,8,0,0.032883252704937,0.032883252704937,0,0,0,0.727272727272727,0.727272727272727,0,0,0,0.00298938660953973,0.00298938660953973,0,0
"TNVQO",2023,518,2023-08-17,"BB, CR",0,1,4,0,0,0,0,0,"maybe diploids",11,1,8.8,243.284935093994,0,9,11,0,0,11,19.3,16.8181818181818,0.00445297004132231,243.284935093994,11,11,3,1,0,0.433227018227027,0,9,0,0.0369936592930542,0.0369936592930542,0,0,0,0.818181818181818,0.818181818181818,0,0,0,0.0033630599357322,0.0033630599357322,0,0
"TNVT",2018,259,2018-07-10,NA,NA,NA,1,0,NA,NA,NA,0,NA,11,1,4,50.2654824574367,1,0,11,0,0,11,14.2,18.37,0.0253718125,50.2654824574367,NA,NA,NA,NA,NA,NA,1,1,0.0198943678864869,0,0.0198943678864869,0,0.0198943678864869,0.0909090909090909,0,0.0909090909090909,0,0.0909090909090909,0.00180857889877154,0,0.00180857889877154,0,0.00180857889877154
"TNVT",2023,259,2023-07-12,"EC AB MW",0,0,3,0,0,0,2,1,NA,1,1,NA,NA,1,NA,1,0,0,1,14.7,NA,NA,50.2654824574367,11,11,5,NA,NA,0.712523921671231,1.71252392167123,NA,0.0198943678864869,NA,NA,0.0198943678864869,0.0340695809121368,0.0909090909090909,NA,NA,0.0909090909090909,0.155683992879203,0.00180857889877154,NA,NA,0.00180857889877154,0.00309723462837607
"TQEX",2018,138,2018-07-01,NA,NA,NA,0,0,NA,NA,NA,4,NA,11,1,3.9,47.7836242611007,4,0,11,0,4,7,27.8,26.4,0.0326760026298488,47.7836242611007,NA,NA,NA,NA,NA,NA,4,4,0.0837106867018516,0,0.0837106867018516,0.0837106867018516,0.0837106867018516,0.363636363636364,0,0.363636363636364,4,0.363636363636364,0.00761006242744105,0,0.00761006242744105,0.0837106867018516,0.00761006242744105
"TQEX",2023,555,2023-07-14,"MB HL",1,0,0,0,0,0,4,4,"borderline unhealthy, orange striping, some flaky bark",1,1,NA,NA,4,NA,1,0,0,1,28.2,NA,NA,47.7836242611007,11,11,5,NA,NA,0.712523921671231,4.71252392167123,NA,0.0837106867018516,NA,NA,0.0837106867018516,0.0986221533955004,0.363636363636364,NA,NA,0.363636363636364,0.428411265606476,0.00761006242744105,NA,NA,0.00761006242744105,0.00896565030868185
"TQFC",2018,96,2018-06-28,NA,NA,NA,0,0,NA,NA,NA,1,NA,11,1,10.1,320.473866592695,2,0,11,0,1,10,40.1,24.6777777777778,0.0074547103225174,320.473866592695,NA,NA,NA,NA,NA,NA,2,2,0.00624075847826273,0,0.00624075847826273,0.00312037923913137,0.00624075847826273,0.181818181818182,0,0.181818181818182,1,0.181818181818182,0.000567341679842067,0,0.000567341679842067,0.00312037923913137,0.000567341679842067
"TQFC",2023,96,2023-07-11,"HL VM",0,0,1,0,0,0,3,0,NA,1,1,NA,NA,0,NA,1,0,0,1,42.4,NA,NA,320.473866592695,11,11,5,NA,NA,0.712523921671231,0.712523921671231,NA,0,NA,NA,0,0.00222334485256737,0,NA,NA,0,0.0647749019701119,0,NA,NA,0,0.000202122259324307
"TVNQ",2018,54,2018-06-26,NA,NA,NA,5,1,NA,NA,NA,1,NA,11,1,6.6,136.847775990371,1,0,11,0,1,10,27,23.97,0.0151417584940312,136.847775990371,NA,NA,NA,NA,NA,NA,1,1,0.00730738948998601,0,0.00730738948998601,0.00730738948998601,0.00730738948998601,0.0909090909090909,0,0.0909090909090909,1,0.0909090909090909,0.000664308135453274,0,0.000664308135453274,0.00730738948998601,0.000664308135453274
"TVPBW",2018,392,2018-07-21,NA,1,0,13,4,NA,NA,NA,2,"possibly damaged",11,1,9,254.469004940773,3,2,11,0,2,9,32.8,28.0625,0.00930379012345679,254.469004940773,NA,NA,NA,NA,NA,NA,3,5,0.0117892550438441,0.00785950336256273,0.0196487584064068,0.00785950336256273,0.0117892550438441,0.272727272727273,0.181818181818182,0.454545454545455,2,0.272727272727273,0.00107175045853128,0.000714500305687521,0.0017862507642188,0.00785950336256273,0.00107175045853128
"TVPBW",2020,392,2020-07-22,"Gavin + Ben",0,0,9,7,0,1,0,2,"Possibly damaged",11,1,8.4,221.670777637296,2,3,11,0,2,9,33.1,24.97,0.0121717545351474,221.670777637296,11,11,2,1,0,0.290747794353651,2,5,0.0090223890641664,0.0135335835962496,0.022555972660416,0.0090223890641664,0.0090223890641664,0.181818181818182,0.272727272727273,0.454545454545455,2,0.181818181818182,0.000820217187651491,0.00123032578147724,0.00205054296912873,0.0090223890641664,0.000820217187651491
"TVPBW",2023,392,2023-07-07,"EC, MB",0,0,16,11,2,2,1,3,"steep",1,1,NA,NA,3,NA,0,1,0,0,NA,NA,NA,254.469004940773,11,10,3,NA,NA,0.433227018227027,3.43322701822703,NA,0.0117892550438441,NA,NA,0.0117892550438441,0.0134917296470983,0.272727272727273,NA,NA,0.272727272727273,0.312111547111548,0.00107175045853128,NA,NA,0.00107175045853128,0.00122652087700893
"TVWFM",2018,332,2018-07-17,NA,NA,NA,16,23,NA,NA,NA,0,NA,11,1,5.8,105.683176866761,0,2,11,0,0,11,9.5,11.0454545454545,0.00464343043995244,105.683176866761,NA,NA,NA,NA,NA,NA,0,2,0,0.0189244878825084,0.0189244878825084,0,0,0,0.181818181818182,0.181818181818182,0,0,0,0.00172040798931894,0.00172040798931894,0,0
"TVWFM",2020,332,2020-07-29,"Gavin + Courtenay + Aidan",0,0,9,28,3,1,4,0,"leaf hoppers",11,1,4.9,75.4296396126909,0,3,11,0,0,11,10.1,10.9538461538462,0.00749287796751353,75.4296396126909,11,11,2,1,0,0.290747794353651,0,3,0,0.039772164037958,0.039772164037958,0,0,0,0.272727272727273,0.272727272727273,0,0,0,0.003615651276178,0.003615651276178,0,0
"TVWFM",2023,332,2023-07-18,"EC, MB",0,0,7,20,0,1,0,0,"leaf hoppers! many",1,1,NA,NA,0,NA,1,0,0,1,11,NA,NA,105.683176866761,11,11,3,NA,NA,0.433227018227027,0.433227018227027,NA,0,NA,NA,0,0.0040992997284063,0,NA,NA,0,0.0393842743842752,0,NA,NA,0,0.0003726636116733
"TYHBE",2018,472,2018-07-26,NA,0,0,0,0,NA,NA,NA,5,NA,11,1,3.9,47.7836242611007,5,2,11,0,5,6,18.3,15.8666666666667,0.0103477975016437,47.7836242611007,NA,NA,NA,NA,NA,NA,5,7,0.104638358377314,0.0418553433509258,0.14649370172824,0.104638358377314,0.104638358377314,0.454545454545455,0.181818181818182,0.636363636363636,5,0.454545454545455,0.00951257803430132,0.00380503121372053,0.0133176092480218,0.104638358377314,0.00951257803430132
"TYHBE",2020,472,2020-07-22,"Aidan, Courtenay",1,0,6,0,0,0,3,2,NA,11,1,4.2,55.4176944093239,5,3,11,0,2,9,18.6,16.7857142857143,0.0115731859410431,55.4176944093239,11,11,2,1,0,0.290747794353651,5,8,0.090223890641664,0.0541343343849984,0.144358225026662,0.0360895562566656,0.090223890641664,0.454545454545455,0.272727272727273,0.727272727272727,2,0.454545454545455,0.00820217187651491,0.00492130312590895,0.0131234750024239,0.0360895562566656,0.00820217187651491
"TYHBE",2023,551,2023-07-11,"EC MB",0,1,6,2,0,0,5,2,"old nail found, no tag. Hot/dry/open/few signs of pathogens",1,1,NA,NA,2,NA,1,0,0,1,18.8,NA,NA,47.7836242611007,11,11,3,NA,NA,0.433227018227027,2.43322701822703,NA,0.0418553433509258,NA,NA,0.0418553433509258,0.0509217761493208,0.181818181818182,NA,NA,0.181818181818182,0.221202456202457,0.00380503121372053,NA,NA,0.00380503121372053,0.00462925237721098
"TZVLB",2018,348,2018-07-18,NA,NA,NA,13,2,NA,NA,NA,0,NA,5,1,5.7,102.070345315132,0,0,5,0,0,5,13.2,12.2,0.00236435826408126,102.070345315132,NA,NA,NA,NA,NA,NA,0,0,0,0,0,0,0,0,0,0,0,0,0,0,0,0,0
"TZVLB",2020,348,2020-07-31,"Ben + Gavin",0,1,4,2,4,0,5,0,NA,5,1,5.5,95.0331777710912,0,1,5,0,0,5,14.7,12.82,0.00280353719008264,95.0331777710912,5,5,2,1,0,0.132158088342569,0,1,0,0.0105226408655799,0.0105226408655799,0,0,0,0.2,0.2,0,0,0,0.00210452817311597,0.00210452817311597,0,0
"TZVLB",2023,348,2023-07-28,"HL, VM",0,0,5,4,2,0,3,1,NA,1,1,NA,NA,1,NA,1,0,0,1,14.5,NA,NA,102.070345315132,5,5,3,NA,NA,0.196921371921376,1.19692137192138,NA,0.00979716485638014,NA,NA,0.00979716485638014,0.0117264360008384,0.0909090909090909,NA,NA,0.0909090909090909,0.108811033811034,0.000890651350580013,NA,NA,0.000890651350580013,0.00106603963643985
"UABX",2018,71,2018-06-27,NA,NA,NA,13,14,NA,NA,NA,0,NA,11,1,8.3,216.424317905801,0,0,11,0,0,11,20.4,15.8727272727273,0.00450477572942372,216.424317905801,NA,NA,NA,NA,NA,NA,0,0,0,0,0,0,0,0,0,0,0,0,0,0,0,0,0
"UABX",2023,71,2023-07-11,"HL VM",0,0,21,15,0,0,1,0,NA,1,1,NA,NA,0,NA,1,0,0,1,22,NA,NA,216.424317905801,11,11,5,NA,NA,0.712523921671231,0.712523921671231,NA,0,NA,NA,0,0.00329225444056318,0,NA,NA,0,0.0647749019701119,0,NA,NA,0,0.000299295858233017
"UAOX",2018,199,2018-07-03,NA,NA,1,1,8,NA,NA,NA,0,"Lots of cow evidence",11,1,7.9,196.066797510539,0,0,11,0,0,11,8.7,18.1818181818182,0.00753279923089248,196.066797510539,NA,NA,NA,NA,NA,NA,0,0,0,0,0,0,0,0,0,0,0,0,0,0,0,0,0
"UAOX",2023,199,2023-07-17,"VM, MB",0,0,0,3,0,3,0,0,"lots of fungal stripes",1,1,NA,NA,0,NA,1,0,0,1,10.4,NA,NA,196.066797510539,11,11,5,NA,NA,0.712523921671231,0.712523921671231,NA,0,NA,NA,0,0.00363408762074023,0,NA,NA,0,0.0647749019701119,0,NA,NA,0,0.000330371601885476
"UEVW",2018,43,2018-06-25,NA,NA,NA,2,0,NA,NA,NA,0,NA,11,1,4.2,55.4176944093239,0,0,11,0,0,11,23.2,25.2727272727273,0.0402708616780045,55.4176944093239,NA,NA,NA,NA,NA,NA,0,0,0,0,0,0,0,0,0,0,0,0,0,0,0,0,0
"UEWA",2018,8,2018-06-22,NA,NA,NA,0,0,NA,NA,NA,4,NA,11,1,3.5,38.484510006475,4,0,11,0,4,7,29,25.1714285714286,0.0366452244897959,38.484510006475,NA,NA,NA,NA,NA,NA,4,4,0.103937922019197,0,0.103937922019197,0.103937922019197,0.103937922019197,0.363636363636364,0,0.363636363636364,4,0.363636363636364,0.00944890200174518,0,0.00944890200174518,0.103937922019197,0.00944890200174518
"UEWA",2023,8,2023-06-28,"EC CP",0,0,2,0,1,0,10,1,"lots of fresh down dead",1,1,NA,NA,1,NA,1,0,0,1,29.9,NA,NA,38.484510006475,11,11,5,NA,NA,0.712523921671231,1.71252392167123,NA,0.0259844805047992,NA,NA,0.0259844805047992,0.0444990444566685,0.0909090909090909,NA,NA,0.0909090909090909,0.155683992879203,0.00236222550043629,NA,NA,0.00236222550043629,0.00404536767787895
"UGLU",2018,272,2018-07-11,NA,NA,NA,8,0,NA,NA,NA,0,NA,11,1,4.3,58.0880481648753,0,2,11,0,0,11,21.3,12.5090909090909,0.0111048134126555,58.0880481648753,NA,NA,NA,NA,NA,NA,0,2,0,0.0344304906634711,0.0344304906634711,0,0,0,0.181818181818182,0.181818181818182,0,0,0,0.0031300446057701,0.0031300446057701,0,0
"UGLU",2023,272,2023-07-25,"HL, VM",0,0,6,0,0,0,0,0,NA,1,1,NA,NA,0,NA,1,0,0,1,22.4,NA,NA,58.0880481648753,11,11,5,NA,NA,0.712523921671231,0.712523921671231,NA,0,NA,NA,0,0.0122662741163006,0,NA,NA,0,0.0647749019701119,0,NA,NA,0,0.0011151158287546
"UIHD",2018,118,2018-06-29,NA,NA,NA,5,0,NA,NA,NA,0,NA,11,1,4.7,69.3977817177985,0,0,11,0,0,11,10.5,15.0545454545455,0.0164612041647804,69.3977817177985,NA,NA,NA,NA,NA,NA,0,0,0,0,0,0,0,0,0,0,0,0,0,0,0,0,0
"UIHD",2023,118,2023-07-11,"HL VM",0,0,12,1,0,0,1,0,NA,1,1,NA,NA,0,NA,1,0,0,1,12,NA,NA,69.3977817177985,11,11,5,NA,NA,0.712523921671231,0.712523921671231,NA,0,NA,NA,0,0.010267243477157,0,NA,NA,0,0.0647749019701119,0,NA,NA,0,0.000933385770650635
"UKFU",2018,246,2018-07-08,NA,0,0,0,0,NA,NA,NA,0,NA,11,1,4.7,69.3977817177985,0,0,11,0,0,11,21.9,25.6545454545455,0.035083657763694,69.3977817177985,NA,NA,NA,NA,NA,NA,0,0,0,0,0,0,0,0,0,0,0,0,0,0,0,0,0
"UKFU",2023,246,2023-07-12,"EC AB MW",0,0,3,0,0,0,2,0,"flowering orchids!! spotted coralroot",1,1,NA,NA,0,NA,1,0,0,1,22.8,NA,NA,69.3977817177985,11,11,5,NA,NA,0.712523921671231,0.712523921671231,NA,0,NA,NA,0,0.010267243477157,0,NA,NA,0,0.0647749019701119,0,NA,NA,0,0.000933385770650635
"UOSP",2018,191,2018-07-03,NA,NA,NA,0,2,NA,NA,NA,0,NA,11,1,4.7,69.3977817177985,0,0,11,0,0,11,17.1,22.4818181818182,0.0322403349932096,69.3977817177985,NA,NA,NA,NA,NA,NA,0,0,0,0,0,0,0,0,0,0,0,0,0,0,0,0,0
"UOSP",2023,191,2023-07-18,"HL, VM",0,0,0,1,0,1,4,1,NA,1,1,NA,NA,1,NA,1,0,0,1,17.8,NA,NA,69.3977817177985,11,11,5,NA,NA,0.712523921671231,1.71252392167123,NA,0.0144096824890806,NA,NA,0.0144096824890806,0.0246769259662376,0.0909090909090909,NA,NA,0.0909090909090909,0.155683992879203,0.00130997113537096,NA,NA,0.00130997113537096,0.0022433569060216
"UQRVS",2018,359,2018-07-19,NA,NA,NA,3,0,NA,NA,NA,1,NA,11,1,8.3,216.424317905801,1,2,11,0,1,10,30,16.67,0.00516024096385542,216.424317905801,NA,NA,NA,NA,NA,NA,1,3,0.00462055285504123,0.00924110571008247,0.0138616585651237,0.00462055285504123,0.00462055285504123,0.0909090909090909,0.181818181818182,0.272727272727273,1,0.0909090909090909,0.000420050259549203,0.000840100519098406,0.00126015077864761,0.00462055285504123,0.000420050259549203
"UQRVS",2020,359,2020-08-03,"Gavin + Aidan",0,0,0,0,6,0,0,2,"na",11,1,8.2,211.240690027378,2,2,11,0,2,9,30.6,18.4111111111111,0.0055458506841166,211.240690027378,11,11,2,1,0,0.290747794353651,2,4,0.00946787287875642,0.00946787287875642,0.0189357457575128,0.00946787287875642,0.00946787287875642,0.181818181818182,0.181818181818182,0.363636363636364,2,0.181818181818182,0.000860715716250583,0.000860715716250583,0.00172143143250117,0.00946787287875642,0.000860715716250583
"UQRVS",2023,359,2023-08-18,"BB, EH, KP",0,0,1,0,4,0,0,0,NA,11,1,7.8,191.134497044403,3,2,9,2,1,8,32.7,19.95,0.00774206114398422,191.134497044403,11,9,3,0.818181818181818,0.064701594779344,0.433227018227027,3,5,0.0156957537565972,0.0104638358377314,0.0261595895943286,0,0.0156957537565972,0.272727272727273,0.181818181818182,0.454545454545455,0,0.272727272727273,0.0014268867051452,0.000951257803430132,0.00237814450857533,0,0.0014268867051452
"URIQ",2018,15,2018-06-22,NA,NA,NA,0,0,NA,NA,NA,0,NA,11,1,3.7,43.0084034276443,0,2,11,0,0,11,23,25.9363636363636,0.0553704163623082,43.0084034276443,NA,NA,NA,NA,NA,NA,0,2,0,0.0465025399830227,0.0465025399830227,0,0,0,0.181818181818182,0.181818181818182,0,0,0,0.00422750363482025,0.00422750363482025,0,0
"URIQ",2023,15,2023-06-28,"EC CP",0,1,0,0,6,0,0,1,"lots of eld rubs",1,1,NA,NA,1,NA,1,0,0,1,23.5,NA,NA,43.0084034276443,11,11,5,NA,NA,0.712523921671231,1.71252392167123,NA,0.0232512699915114,NA,NA,0.0232512699915114,0.0398183560696997,0.0909090909090909,NA,NA,0.0909090909090909,0.155683992879203,0.00211375181741012,NA,NA,0.00211375181741012,0.00361985055179088
"URVL",2018,75,2018-06-27,NA,NA,NA,2,0,NA,NA,NA,0,"Another research site nearby - check",11,1,4,50.2654824574367,0,0,11,0,0,11,38.5,21.1363636363636,0.0371953125,50.2654824574367,NA,NA,NA,NA,NA,NA,0,0,0,0,0,0,0,0,0,0,0,0,0,0,0,0,0
"URVL",2023,75,2023-07-14,"MB HL",0,0,1,2,0,0,6,1,NA,1,1,NA,NA,1,NA,1,0,0,1,38.7,NA,NA,50.2654824574367,11,11,5,NA,NA,0.712523921671231,1.71252392167123,NA,0.0198943678864869,NA,NA,0.0198943678864869,0.0340695809121368,0.0909090909090909,NA,NA,0.0909090909090909,0.155683992879203,0.00180857889877154,NA,NA,0.00180857889877154,0.00309723462837607
"USKNZ",2018,475,2018-07-26,NA,0,0,2,3,NA,NA,NA,0,NA,11,1,7.7,186.265028431339,0,0,11,0,0,11,25.2,11.8090909090909,0.0037575813796593,186.265028431339,NA,NA,NA,NA,NA,NA,0,0,0,0,0,0,0,0,0,0,0,0,0,0,0,0,0
"USKNZ",2020,475,2020-07-22,"Aidan, Courtenay",0,0,3,2,1,0,1,0,NA,11,1,7.8,191.134497044403,0,0,11,0,0,11,25.4,11.2461538461538,0.00389385272846811,191.134497044403,11,11,2,1,0,0.290747794353651,0,0,0,0,0,0,0,0,0,0,0,0,0,0,0,0,0
"USKNZ",2023,475,2023-07-24,"HL, BW",0,0,1,4,2,1,0,0,"dendro site looks ok, lengthwise split but all clean",1,1,NA,NA,0,NA,1,0,0,1,26.2,NA,NA,186.265028431339,11,11,3,NA,NA,0.433227018227027,0.433227018227027,NA,0,NA,NA,0,0.00232586343166787,0,NA,NA,0,0.0393842743842752,0,NA,NA,0,0.000211442130151624
"UTDPY",2018,452,2018-07-24,NA,1,0,11,3,NA,NA,NA,4,"strongly damaged stand no colonization",11,1,3.6,40.7150407905237,5,0,11,0,4,7,18.4,10.3666666666667,0.00643719135802469,40.7150407905237,NA,NA,NA,NA,NA,NA,5,5,0.122804740040043,0,0.122804740040043,0.0982437920320341,0.122804740040043,0.454545454545455,0,0.454545454545455,4,0.454545454545455,0.0111640672763675,0,0.0111640672763675,0.0982437920320341,0.0111640672763675
"UTDPY",2020,452,2020-08-13,"Gavin and Erin",1,0,7,7,1,1,8,4,"Leafhoppers",11,1,3.4,36.316811075498,6,0,10,1,4,6,19.2,11.1833333333333,0.00808347750865052,36.316811075498,11,10,2,0.909090909090909,0.0465361826677765,0.290747794353651,6,6,0.165212743694009,0,0.165212743694009,0.110141829129339,0.165212743694009,0.545454545454545,0,0.545454545454545,4,0.545454545454545,0.015019340335819,0,0.015019340335819,0.110141829129339,0.015019340335819
"UTDPY",2023,452,2023-06-29,"EC, CP",1,1,23,3,4,1,9,5,NA,11,1,3.4,36.316811075498,6,0,11,0,5,6,19.5,11.9444444444444,0.0134118512110727,36.316811075498,10,11,3,1,0,0.393842743842752,6,6,0.165212743694009,0,0.165212743694009,0.137677286411674,0.165212743694009,0.545454545454545,0,0.545454545454545,5,0.545454545454545,0.015019340335819,0,0.015019340335819,0.137677286411674,0.015019340335819
"UTEW",2018,161,2018-07-02,NA,NA,NA,7,3,NA,NA,NA,0,NA,11,1,8.8,243.284935093994,0,0,11,0,0,11,7.6,18.4454545454545,0.00705306043388429,243.284935093994,NA,NA,NA,NA,NA,NA,0,0,0,0,0,0,0,0,0,0,0,0,0,0,0,0,0
"UTEW",2023,161,2023-07-17,"VM, MB",0,0,7,4,1,0,0,2,"some trees have fungal striping",1,1,NA,NA,2,NA,1,0,0,1,8.8,NA,NA,243.284935093994,11,11,5,NA,NA,0.712523921671231,2.71252392167123,NA,0.00822081317623426,NA,NA,0.00822081317623426,0.0111495761980627,0.181818181818182,NA,NA,0.181818181818182,0.246593083788294,0.000747346652384933,NA,NA,0.000747346652384933,0.00101359783618752
"UUME",2018,254,2018-07-10,NA,NA,NA,1,0,NA,NA,NA,1,NA,11,1,6,113.097335529233,2,0,11,0,1,10,17.8,13.1555555555556,0.00499622222222222,113.097335529233,NA,NA,NA,NA,NA,NA,2,2,0.0176838825657662,0,0.0176838825657662,0.00884194128288308,0.0176838825657662,0.181818181818182,0,0.181818181818182,1,0.181818181818182,0.00160762568779692,0,0.00160762568779692,0.00884194128288308,0.00160762568779692
"UUME",2023,254,2023-07-12,"EC AB MW",0,0,0,0,0,0,2,2,"between trail switchbacks",1,1,NA,NA,2,NA,1,0,0,1,19.3,NA,NA,113.097335529233,11,11,5,NA,NA,0.712523921671231,2.71252392167123,NA,0.0176838825657662,NA,NA,0.0176838825657662,0.0239839772438328,0.181818181818182,NA,NA,0.181818181818182,0.246593083788294,0.00160762568779692,NA,NA,0.00160762568779692,0.00218036156762116
"UZBM",2018,66,2018-06-26,NA,NA,NA,1,1,NA,NA,NA,1,NA,11,1,5.8,105.683176866761,1,2,11,0,1,10,23.5,20.32,0.0133865041617122,105.683176866761,NA,NA,NA,NA,NA,NA,1,3,0.00946224394125418,0.0189244878825084,0.0283867318237625,0.00946224394125418,0.00946224394125418,0.0909090909090909,0.181818181818182,0.272727272727273,1,0.0909090909090909,0.000860203994659471,0.00172040798931894,0.00258061198397841,0.00946224394125418,0.000860203994659471
"UZBM",2020,66,2020-08-25,"Ben and Courtenay",0,0,1,0,0,0,12,1,NA,11,1,5.8,105.683176866761,1,2,11,0,1,10,23.4,20.88,0.013978953626635,105.683176866761,11,11,2,1,0,0.290747794353651,1,3,0.00946224394125418,0.0189244878825084,0.0283867318237625,0.00946224394125418,0.00946224394125418,0.0909090909090909,0.181818181818182,0.272727272727273,1,0.0909090909090909,0.000860203994659471,0.00172040798931894,0.00258061198397841,0.00946224394125418,0.000860203994659471
"VASW",2018,136,2018-07-01,NA,NA,NA,1,0,NA,NA,NA,2,NA,11,1,5.1,81.7128249198705,2,0,11,0,2,9,26.8,23.1555555555556,0.0205237985390235,81.7128249198705,NA,NA,NA,NA,NA,NA,2,2,0.0244759620287421,0,0.0244759620287421,0.0244759620287421,0.0244759620287421,0.181818181818182,0,0.181818181818182,2,0.181818181818182,0.00222508745715837,0,0.00222508745715837,0.0244759620287421,0.00222508745715837
"VASW",2023,136,2023-07-11,"HL VM",0,0,1,0,0,0,1,1,NA,1,1,NA,NA,1,NA,1,0,0,1,27.5,NA,NA,81.7128249198705,11,11,5,NA,NA,0.712523921671231,1.71252392167123,NA,0.012237981014371,NA,NA,0.012237981014371,0.0209578352400688,0.0909090909090909,NA,NA,0.0909090909090909,0.155683992879203,0.00111254372857919,NA,NA,0.00111254372857919,0.00190525774909716
"VBEZ",2018,190,2018-07-03,NA,NA,NA,1,0,NA,NA,NA,0,NA,11,1,9.5,283.528736986479,0,0,11,0,0,11,29.3,23.7545454545455,0.007813108033241,283.528736986479,NA,NA,NA,NA,NA,NA,0,0,0,0,0,0,0,0,0,0,0,0,0,0,0,0,0
"VBEZ",2023,190,2023-07-18,"HL, VM",0,0,6,0,0,1,0,1,NA,1,1,NA,NA,1,NA,1,0,0,1,31.1,NA,NA,283.528736986479,11,11,5,NA,NA,0.712523921671231,1.71252392167123,NA,0.00352697934829685,NA,NA,0.00352697934829685,0.00604003650519877,0.0909090909090909,NA,NA,0.0909090909090909,0.155683992879203,0.000320634486208805,NA,NA,0.000320634486208805,0.000549094227745342
"VBHJU",2018,435,2018-07-25,NA,0,0,3,0,NA,NA,NA,0,NA,2,1,4.1,52.8101725068444,0,1,2,0,0,2,17.5,14.55,0.00262230814991077,52.8101725068444,NA,NA,NA,NA,NA,NA,0,1,0,0.0189357457575128,0.0189357457575128,0,0,0,0.5,0.5,0,0,0,0.00946787287875642,0.00946787287875642,0,0
"VBHJU",2020,435,2020-07-27,"Gavin + Aidan",1,1,7,0,0,0,1,0,NA,2,1,5,78.5398163397448,0,1,2,0,0,2,15.6,13.6,0.00151168,78.5398163397448,2,2,2,1,0,0.0528632353370275,0,1,0,0.0127323954473516,0.0127323954473516,0,0,0,0.5,0.5,0,0,0,0.00636619772367581,0.00636619772367581,0,0
"VBHJU",2023,435,2023-07-05,"EC, VM, MB",1,1,8,0,1,0,1,0,"oozing wounds, evidence or borers, bark flaking off, lots of dead branches",2,1,5,78.5398163397448,0,1,2,0,0,2,16.2,14.8,0.001768,78.5398163397448,2,2,3,1,0,0.0787685487685503,0,1,0,0.0127323954473516,0.0127323954473516,0,0,0,0.5,0.5,0,0,0,0.00636619772367581,0.00636619772367581,0,0
"VCPBD",2018,297,2018-07-13,NA,NA,NA,0,0,NA,NA,NA,0,NA,11,1,4,50.2654824574367,1,3,11,0,0,11,18.9,17.95,0.0203645625,50.2654824574367,NA,NA,NA,NA,NA,NA,1,4,0.0198943678864869,0.0596831036594608,0.0795774715459477,0,0.0198943678864869,0.0909090909090909,0.272727272727273,0.363636363636364,0,0.0909090909090909,0.00180857889877154,0.00542573669631461,0.00723431559508615,0,0.00180857889877154
"VCPBD",2020,297,2020-08-11,"Gavin and Erin",0,0,0,0,0,0,3,0,"Leafhoppers!",11,1,4.1,52.8101725068444,1,5,11,0,0,11,19,17.8363636363636,0.0211851279000595,52.8101725068444,11,11,2,1,0,0.290747794353651,1,6,0.0189357457575128,0.0946787287875642,0.113614474545077,0,0.0189357457575128,0.0909090909090909,0.454545454545455,0.545454545454545,0,0.0909090909090909,0.00172143143250117,0.00860715716250583,0.010328588595007,0,0.00172143143250117
"VCPBD",2023,297,2023-08-17,"BB, CR",0,0,1,0,0,0,3,1,NA,11,1,4.1,52.8101725068444,1,3,11,0,0,11,19.6,18.0545454545455,0.021723259964307,52.8101725068444,11,11,3,1,0,0.433227018227027,1,4,0.0189357457575128,0.0568072372725385,0.0757429830300513,0.0189357457575128,0.0189357457575128,0.0909090909090909,0.272727272727273,0.363636363636364,1,0.0909090909090909,0.00172143143250117,0.0051642942975035,0.00688572573000467,0.0189357457575128,0.00172143143250117
"VGYN",2018,90,2018-06-27,NA,NA,NA,3,0,NA,NA,NA,2,NA,11,1,5.3,88.2473376393373,2,1,11,0,2,9,31.5,24.1111111111111,0.0205552153791385,88.2473376393373,NA,NA,NA,NA,NA,NA,2,3,0.0226635732419929,0.0113317866209965,0.0339953598629894,0.0226635732419929,0.0226635732419929,0.181818181818182,0.0909090909090909,0.272727272727273,2,0.181818181818182,0.00206032484018118,0.00103016242009059,0.00309048726027176,0.0226635732419929,0.00206032484018118
"VGYN",2023,90,2023-07-14,"MB, HL",0,0,21,0,2,0,2,1,"none",1,1,NA,NA,1,NA,1,0,0,1,32.1,NA,NA,88.2473376393373,11,11,5,NA,NA,0.712523921671231,1.71252392167123,NA,0.0113317866209965,NA,NA,0.0113317866209965,0.0194059556637305,0.0909090909090909,NA,NA,0.0909090909090909,0.155683992879203,0.00103016242009059,NA,NA,0.00103016242009059,0.00176417778761186
"VHZF",2018,16,2018-06-23,NA,NA,NA,7,6,NA,NA,NA,0,NA,11,1,9.9,307.907495978336,0,0,11,0,0,11,30.8,28.8272727272727,0.00943931231506989,307.907495978336,NA,NA,NA,NA,NA,NA,0,0,0,0,0,0,0,0,0,0,0,0,0,0,0,0,0
"VHZF",2023,16,2023-06-28,"EC CP",0,0,13,6,2,0,3,0,"lots of regen!",1,1,NA,NA,0,NA,1,0,0,1,32.3,NA,NA,307.907495978336,11,11,5,NA,NA,0.712523921671231,0.712523921671231,NA,0,NA,NA,0,0.00231408436292621,0,NA,NA,0,0.0647749019701119,0,NA,NA,0,0.000210371305720565
"VIXK",2018,243,2018-07-08,NA,0,0,1,0,NA,NA,NA,0,NA,11,1,5.8,105.683176866761,0,0,11,0,0,11,28.8,24.1545454545455,0.0193463436385256,105.683176866761,NA,NA,NA,NA,NA,NA,0,0,0,0,0,0,0,0,0,0,0,0,0,0,0,0,0
"VIXK",2023,243,2023-07-10,"HL, VM",0,0,0,0,0,0,4,1,NA,1,1,NA,NA,1,NA,1,0,0,1,30.3,NA,NA,105.683176866761,11,11,5,NA,NA,0.712523921671231,1.71252392167123,NA,0.00946224394125418,NA,NA,0.00946224394125418,0.0162043191020865,0.0909090909090909,NA,NA,0.0909090909090909,0.155683992879203,0.000860203994659471,NA,NA,0.000860203994659471,0.0014731199183715
"VNMA",2018,123,2018-06-29,NA,NA,NA,0,0,NA,NA,NA,3,NA,11,1,5.2,84.948665353068,3,0,11,0,3,8,29.2,29.4,0.0259252958579882,84.948665353068,NA,NA,NA,NA,NA,NA,3,3,0.0353154459523436,0,0.0353154459523436,0.0353154459523436,0.0353154459523436,0.272727272727273,0,0.272727272727273,3,0.272727272727273,0.00321049508657669,0,0.00321049508657669,0.0353154459523436,0.00321049508657669
"VNMA",2023,123,2023-07-11,"HL VM",0,0,0,0,0,0,0,3,NA,1,1,NA,NA,3,NA,1,0,0,1,30.4,NA,NA,84.948665353068,11,11,5,NA,NA,0.712523921671231,3.71252392167123,NA,0.0353154459523436,NA,NA,0.0353154459523436,0.0437031459675211,0.272727272727273,NA,NA,0.272727272727273,0.337502174697385,0.00321049508657669,NA,NA,0.00321049508657669,0.00397301326977464
"VOVY",2018,238,2018-07-08,NA,0,0,0,0,NA,NA,NA,1,NA,11,1,5.3,88.2473376393373,1,1,11,0,1,10,24.2,26.01,0.0255911356354575,88.2473376393373,NA,NA,NA,NA,NA,NA,1,2,0.0113317866209965,0.0113317866209965,0.0226635732419929,0.0113317866209965,0.0113317866209965,0.0909090909090909,0.0909090909090909,0.181818181818182,1,0.0909090909090909,0.00103016242009059,0.00103016242009059,0.00206032484018118,0.0113317866209965,0.00103016242009059
"VOVY",2023,238,2023-07-12,"EC AB MW",0,0,1,0,0,0,9,3,NA,1,1,NA,NA,3,NA,1,0,0,1,24.2,NA,NA,88.2473376393373,11,11,5,NA,NA,0.712523921671231,3.71252392167123,NA,0.0339953598629894,NA,NA,0.0339953598629894,0.0420695289057234,0.272727272727273,NA,NA,0.272727272727273,0.337502174697385,0.00309048726027176,NA,NA,0.00309048726027176,0.00382450262779304
"VPBI",2018,44,2018-06-25,NA,NA,NA,3,0,NA,NA,NA,0,NA,11,1,5.8,105.683176866761,0,0,11,0,0,11,26.6,21.5545454545455,0.0157064506539834,105.683176866761,NA,NA,NA,NA,NA,NA,0,0,0,0,0,0,0,0,0,0,0,0,0,0,0,0,0
"VRHL",2018,204,2018-07-03,NA,0,1,7,7,NA,NA,NA,0,NA,11,1,8.3,216.424317905801,0,1,11,0,0,11,14.5,12.9454545454545,0.0034277253592684,216.424317905801,NA,NA,NA,NA,NA,NA,0,1,0,0.00462055285504123,0.00462055285504123,0,0,0,0.0909090909090909,0.0909090909090909,0,0,0,0.000420050259549203,0.000420050259549203,0,0
"VRHL",2023,204,2023-07-17,"VM, MB",0,0,7,10,0,4,0,2,"some flaky bark",1,1,NA,NA,2,NA,1,0,0,1,17.7,NA,NA,216.424317905801,11,11,5,NA,NA,0.712523921671231,2.71252392167123,NA,0.00924110571008247,NA,NA,0.00924110571008247,0.0125333601506457,0.181818181818182,NA,NA,0.181818181818182,0.246593083788294,0.000840100519098406,NA,NA,0.000840100519098406,0.00113939637733142
"VRTK",2018,77,2018-06-27,NA,NA,NA,1,0,NA,NA,NA,0,NA,11,1,6.7,141.026094219646,0,0,11,0,0,11,12.9,27.3727272727273,0.0196350412118512,141.026094219646,NA,NA,NA,NA,NA,NA,0,0,0,0,0,0,0,0,0,0,0,0,0,0,0,0,0
"VRTK",2023,77,2023-07-14,"MB, HL",0,0,4,0,0,0,5,0,NA,1,1,NA,NA,0,NA,1,0,0,1,13.6,NA,NA,141.026094219646,11,11,5,NA,NA,0.712523921671231,0.712523921671231,NA,0,NA,NA,0,0.00505242611740695,0,NA,NA,0,0.0647749019701119,0,NA,NA,0,0.000459311465218813
"VUDA",2018,121,2018-06-29,NA,NA,NA,6,0,NA,NA,NA,1,NA,11,1,9.4,277.591126871194,1,1,11,0,1,10,8.2,18.52,0.00490597555454957,277.591126871194,NA,NA,NA,NA,NA,NA,1,2,0.00360242062227015,0.00360242062227015,0.0072048412445403,0.00360242062227015,0.00360242062227015,0.0909090909090909,0.0909090909090909,0.181818181818182,1,0.0909090909090909,0.000327492783842741,0.000327492783842741,0.000654985567685482,0.00360242062227015,0.000327492783842741
"VUDA",2023,121,2023-07-11,"HL VM",0,0,5,3,1,0,2,0,"X",1,1,NA,NA,0,NA,1,0,0,1,9.9,NA,NA,277.591126871194,11,11,5,NA,NA,0.712523921671231,0.712523921671231,NA,0,NA,NA,0,0.00256681086928925,0,NA,NA,0,0.0647749019701119,0,NA,NA,0,0.000233346442662659
"WBVQI",2018,500,2018-08-08,NA,0,1,3,2,NA,NA,NA,1,NA,11,1,3.2,32.1699087727595,1,2,11,0,1,10,16.8,17.59,0.04262294921875,32.1699087727595,NA,NA,NA,NA,NA,NA,1,3,0.0310849498226358,0.0621698996452716,0.0932548494679074,0.0310849498226358,0.0310849498226358,0.0909090909090909,0.181818181818182,0.272727272727273,1,0.0909090909090909,0.00282590452933053,0.00565180905866106,0.00847771358799158,0.0310849498226358,0.00282590452933053
"WBVQI",2020,500,2020-07-14,"Gavin, Courtenay, Aiden",1,1,5,1,1,0,4,1,"pink flower vines strangling recruits",11,1,3.3,34.2119439975928,1,2,11,0,1,10,17.2,17.58,0.0395127640036731,34.2119439975928,11,11,2,1,0,0.290747794353651,1,3,0.0292295579599441,0.0584591159198881,0.0876886738798322,0.0292295579599441,0.0292295579599441,0.0909090909090909,0.181818181818182,0.272727272727273,1,0.0909090909090909,0.0026572325418131,0.00531446508362619,0.00797169762543929,0.0292295579599441,0.0026572325418131
"WBVQI",2023,500,2023-06-27,"EC CP",0,0,3,2,1,5,2,0,"No evidence of vines, good canopies. Steep! Thick understory < hard to see dead down",1,1,NA,NA,0,NA,1,0,0,1,18.1,NA,NA,32.1699087727595,11,11,3,NA,NA,0.433227018227027,0.433227018227027,NA,0,NA,NA,0,0.0134668401233973,0,NA,NA,0,0.0393842743842752,0,NA,NA,0,0.00122425819303611
"WCPJH",2018,405,2018-07-23,NA,0,0,44,3,NA,NA,NA,0,"Some igneous outcrops of rocks",11,1,5.9,109.358840271461,0,4,11,0,0,11,17.9,18.5090909090909,0.0109205975294456,109.358840271461,NA,NA,NA,NA,NA,NA,0,4,0,0.0365768326554198,0.0365768326554198,0,0,0,0.363636363636364,0.363636363636364,0,0,0,0.00332516660503816,0.00332516660503816,0,0
"WCPJH",2020,405,2020-07-20,"Gavin, Aidan",1,0,23,9,21,0,5,0,"Igneous outcrops of rock, seed traps wrecked by bear action, saw no rocks (2020)",11,1,5.7,102.070345315132,0,5,11,0,0,11,18.2,18.0818181818182,0.0112519236688212,102.070345315132,11,11,2,1,0,0.290747794353651,0,5,0,0.0489858242819007,0.0489858242819007,0,0,0,0.454545454545455,0.454545454545455,0,0,0,0.00445325675290006,0.00445325675290006,0,0
"WDZG",2018,177,2018-07-02,NA,NA,NA,10,4,NA,NA,NA,1,NA,10,1,5.5,95.0331777710912,1,1,10,0,1,9,27,18.6444444444444,0.0139102809917355,95.0331777710912,NA,NA,NA,NA,NA,NA,1,2,0.0105226408655799,0.0105226408655799,0.0210452817311597,0.0105226408655799,0.0105226408655799,0.1,0.1,0.2,1,0.1,0.00105226408655799,0.00105226408655799,0.00210452817311597,0.0105226408655799,0.00105226408655799
"WDZG",2023,177,2023-07-17,"VM, MB",0,0,4,7,0,0,3,0,"unhappy, sooty bark, oozing, orange fungi, flaky bark",1,1,NA,NA,0,NA,1,0,0,1,29.5,NA,NA,95.0331777710912,10,10,5,NA,NA,0.647749019701119,0.647749019701119,NA,0,NA,NA,0,0.00681603030534629,0,NA,NA,0,0.0588862745182836,0,NA,NA,0,0.000619639118667844
"WJMU",2018,232,2018-07-08,NA,0,0,1,0,NA,NA,NA,2,NA,11,1,5.1,81.7128249198705,2,0,11,0,2,9,32,28.3333333333333,0.0284959630911188,81.7128249198705,NA,NA,NA,NA,NA,NA,2,2,0.0244759620287421,0,0.0244759620287421,0.0244759620287421,0.0244759620287421,0.181818181818182,0,0.181818181818182,2,0.181818181818182,0.00222508745715837,0,0.00222508745715837,0.0244759620287421,0.00222508745715837
"WJMU",2023,232,2023-07-12,"EC AB MW",0,0,15,0,1,1,6,1,NA,1,1,NA,NA,1,NA,1,0,0,1,32.6,NA,NA,81.7128249198705,11,11,5,NA,NA,0.712523921671231,1.71252392167123,NA,0.012237981014371,NA,NA,0.012237981014371,0.0209578352400688,0.0909090909090909,NA,NA,0.0909090909090909,0.155683992879203,0.00111254372857919,NA,NA,0.00111254372857919,0.00190525774909716
"WNBPS",2018,456,2018-07-24,NA,0,0,8,16,NA,NA,NA,1,NA,11,1,4.6,66.47610054996,1,0,11,0,1,10,18.1,10.5,0.00592485822306238,66.47610054996,NA,NA,NA,NA,NA,NA,1,1,0.0150430002922396,0,0.0150430002922396,0.0150430002922396,0.0150430002922396,0.0909090909090909,0,0.0909090909090909,1,0.0909090909090909,0.00136754548111269,0,0.00136754548111269,0.0150430002922396,0.00136754548111269
"WNBPS",2020,456,2020-08-12,"Gavin and Erin",0,1,3,21,0,3,5,1,"Re-nailed tag",11,1,2.7,22.9022104446696,1,1,11,0,1,10,18.5,9.19333333333333,0.0207491083676269,22.9022104446696,11,11,2,1,0,0.290747794353651,1,2,0.043663907569793,0.043663907569793,0.0873278151395859,0.043663907569793,0.043663907569793,0.0909090909090909,0.0909090909090909,0.181818181818182,1,0.0909090909090909,0.00396944614270845,0.00396944614270845,0.0079388922854169,0.043663907569793,0.00396944614270845
"WNBPS",2023,456,2023-06-29,"EC, CP",0,1,8,4,0,2,5,2,NA,11,1,1.9,11.3411494794592,0,0,11,0,0,11,19.3,8.83684210526316,0.0495642659279778,11.3411494794592,11,11,3,1,0,0.433227018227027,0,0,0,0,0,0.176348967414842,0,0,0,0,2,0,0,0,0,0.176348967414842,0
"WPRLZ",2018,406,2018-07-23,NA,0,0,12,1,NA,NA,NA,0,NA,11,1,4.4,60.8212337734984,0,2,11,0,0,11,19.1,12.0727272727273,0.00991611570247934,60.8212337734984,NA,NA,NA,NA,NA,NA,0,2,0,0.032883252704937,0.032883252704937,0,0,0,0.181818181818182,0.181818181818182,0,0,0,0.00298938660953973,0.00298938660953973,0,0
"WPRLZ",2020,406,2020-07-20,"Gavin, Aiden",0,0,5,5,1,4,0,0,"missing flashing, replaced and renailed",11,1,4.3,58.0880481648753,0,4,11,0,0,11,19.5,12.3,0.0107218496484586,58.0880481648753,11,11,2,1,0,0.290747794353651,0,4,0,0.0688609813269423,0.0688609813269423,0,0,0,0.363636363636364,0.363636363636364,0,0,0,0.00626008921154021,0.00626008921154021,0,0
"WPRLZ",2023,406,2023-07-17,"EC, HL",0,0,5,8,0,1,1,0,"lots of animal sign",11,1,4.3,58.0880481648753,1,4,10,1,0,10,20.1,14.5,0.0144654948620876,58.0880481648753,11,10,3,0.909090909090909,0.0312706872849103,0.433227018227027,1,5,0.0172152453317356,0.0688609813269423,0.0860762266586779,0,0.0172152453317356,0.0909090909090909,0.363636363636364,0.454545454545455,0,0.0909090909090909,0.00156502230288505,0.00626008921154021,0.00782511151442526,0,0.00156502230288505
"WSAG",2018,180,2018-07-02,NA,NA,NA,3,4,NA,NA,NA,1,NA,11,1,4.8,72.3822947387088,1,2,11,0,1,10,8.7,23.08,0.0333172743055556,72.3822947387088,NA,NA,NA,NA,NA,NA,1,3,0.0138155332545048,0.0276310665090096,0.0414465997635144,0.0138155332545048,0.0138155332545048,0.0909090909090909,0.181818181818182,0.272727272727273,1,0.0909090909090909,0.00125595756859135,0.00251191513718269,0.00376787270577404,0.0138155332545048,0.00125595756859135
"WSAG",2023,180,2023-07-17,"VM, MB",0,0,4,5,3,2,1,3,"some trees have flaky bark",1,1,NA,NA,3,NA,1,0,0,1,10.3,NA,NA,72.3822947387088,11,11,5,NA,NA,0.712523921671231,3.71252392167123,NA,0.0414465997635144,NA,NA,0.0414465997635144,0.0512904976979935,0.272727272727273,NA,NA,0.272727272727273,0.337502174697385,0.00376787270577404,NA,NA,0.00376787270577404,0.00466277251799941
"WSPFD01",2018,486,2018-07-27,NA,0,1,13,15,NA,NA,NA,0,"West slope Pittsburg flat despair",11,1,3.1,30.1907054009979,0,0,11,0,0,11,12.9,10.4363636363636,0.0132890738813736,30.1907054009979,NA,NA,NA,NA,NA,NA,0,0,0,0,0,0,0,0,0,0,0,0,0,0,0,0,0
"WSPFD01",2020,486,2020-08-18,"Courtenay and Erin",0,1,8,14,7,2,0,0,"Stand has lots of j-shaped trees; Many trees have measurements to the base in the notes",11,1,3.1,30.1907054009979,0,1,11,0,0,11,15.2,11.4384615384615,0.0193921956295525,30.1907054009979,11,11,2,1,0,0.290747794353651,0,1,0,0.0331227769181884,0.0331227769181884,0,0,0,0.0909090909090909,0.0909090909090909,0,0,0,0.00301116153801713,0.00301116153801713,0,0
"WSPFD01",2023,486,2023-07-03,"EC, VM",0,1,16,4,5,3,0,0,"tag on upslope side very unhealthy-looking site",11,1,2.9,26.4207942166902,0,1,11,0,0,11,16.2,11.06875,0.0266602853745541,26.4207942166902,11,11,3,1,0,0.433227018227027,0,1,0,0.0378489757650167,0.0378489757650167,0,0,0,0.0909090909090909,0.0909090909090909,0,0,0,0.00344081597863788,0.00344081597863788,0,0
"WURX",2018,25,2018-06-23,NA,NA,NA,2,0,NA,NA,NA,0,NA,11,1,8.4,221.670777637296,0,2,11,0,0,11,19.5,13.8090909090909,0.00377079081632653,221.670777637296,NA,NA,NA,NA,NA,NA,0,2,0,0.0090223890641664,0.0090223890641664,0,0,0,0.181818181818182,0.181818181818182,0,0,0,0.000820217187651491,0.000820217187651491,0,0
"WURX",2023,25,2023-06-28,"EC CP",0,0,0,2,0,1,1,2,"right below rock field",1,1,NA,NA,2,NA,1,0,0,1,21.2,NA,NA,221.670777637296,11,11,5,NA,NA,0.712523921671231,2.71252392167123,NA,0.0090223890641664,NA,NA,0.0090223890641664,0.0122367230835881,0.181818181818182,NA,NA,0.181818181818182,0.246593083788294,0.000820217187651491,NA,NA,0.000820217187651491,0.00111242937123529
"WUTH",2018,80,2018-06-27,NA,NA,NA,12,8,NA,NA,NA,0,NA,11,1,5,78.5398163397448,0,2,11,0,0,11,13.8,17.4909090909091,0.01732504,78.5398163397448,NA,NA,NA,NA,NA,NA,0,2,0,0.0254647908947033,0.0254647908947033,0,0,0,0.181818181818182,0.181818181818182,0,0,0,0.00231498099042757,0.00231498099042757,0,0
"WUTH",2023,80,2023-07-11,"HL VM",0,0,22,9,0,0,2,0,NA,1,1,NA,NA,0,NA,1,0,0,1,14.3,NA,NA,78.5398163397448,11,11,5,NA,NA,0.712523921671231,0.712523921671231,NA,0,NA,NA,0,0.00907213633641591,0,NA,NA,0,0.0647749019701119,0,NA,NA,0,0.000824739666946901
"WYQSZ",2018,422,2018-07-23,NA,0,0,0,0,NA,NA,NA,0,NA,11,1,3.8,45.3645979178366,0,0,11,0,0,11,32,21.4,0.0404103878116343,45.3645979178366,NA,NA,NA,NA,NA,NA,0,0,0,0,0,0,0,0,0,0,0,0,0,0,0,0,0
"WYQSZ",2020,422,2020-07-23,"Gavin, Courtenay",1,0,10,0,0,0,1,1,"Moved tag to upslope side since it was visible from the trail",11,1,4.4,60.8212337734984,1,2,11,0,1,10,32.5,23.6090909090909,0.0349148243801653,60.8212337734984,11,11,2,1,0,0.290747794353651,1,3,0.0164416263524685,0.032883252704937,0.0493248790574056,0.0164416263524685,0.0164416263524685,0.0909090909090909,0.181818181818182,0.272727272727273,1,0.0909090909090909,0.00149469330476987,0.00298938660953973,0.0044840799143096,0.0164416263524685,0.00149469330476987
"WZNO",2018,23,2018-06-23,NA,NA,NA,2,2,NA,NA,NA,0,NA,11,1,3.6,40.7150407905237,0,0,11,0,0,11,20.3,18.7363636363636,0.0303863425925926,40.7150407905237,NA,NA,NA,NA,NA,NA,0,0,0,0,0,0,0,0,0,0,0,0,0,0,0,0,0
"WZNO",2023,23,2023-06-28,"EC CP",0,0,5,1,4,0,5,1,"Steep, many fresh down dead",1,1,NA,NA,1,NA,1,0,0,1,21,NA,NA,40.7150407905237,11,11,5,NA,NA,0.712523921671231,1.71252392167123,NA,0.0245609480080085,NA,NA,0.0245609480080085,0.042061211002638,0.0909090909090909,NA,NA,0.0909090909090909,0.155683992879203,0.0022328134552735,NA,NA,0.0022328134552735,0.00382374645478527
"WZXQ",2018,145,2018-07-02,NA,NA,NA,3,0,NA,NA,NA,0,"Site on edge of ravine",10,1,6.32,125.482750406745,0,0,10,0,0,10,12.5,18.705,0.0101505480391764,125.482750406745,NA,NA,NA,NA,NA,NA,0,0,0,0,0,0,0,0,0,0,0,0,0,0,0,0,0
"WZXQ",2023,145,2023-07-17,"VM, MB",0,0,7,2,0,0,0,2,NA,1,1,NA,NA,2,NA,1,0,0,1,13.3,NA,NA,125.482750406745,10,10,5,NA,NA,0.647749019701119,2.64774901970112,NA,0.0159384456709557,NA,NA,0.0159384456709557,0.0211005019504163,0.181818181818182,NA,NA,0.181818181818182,0.240704456336465,0.00144894960645052,NA,NA,0.00144894960645052,0.00191822745003784
"XACC",2018,216,2018-07-06,NA,NA,NA,1,0,NA,NA,NA,0,NA,8,1,4.8,72.3822947387088,0,0,8,0,0,8,33.2,29.625,0.0308752604166667,72.3822947387088,NA,NA,NA,NA,NA,NA,0,0,0,0,0,0,0,0,0,0,0,0,0,0,0,0,0
"XACC",2023,216,2023-07-10,"HL, VM",0,0,0,0,0,0,5,0,NA,1,1,NA,NA,0,NA,1,0,0,1,34,NA,NA,72.3822947387088,8,8,5,NA,NA,0.518199215760895,0.518199215760895,NA,0,NA,NA,0,0.00715919849780296,0,NA,NA,0,0.0471090196146269,0,NA,NA,0,0.000650836227072996
"XAMES",2018,349,2018-07-18,NA,0,0,18,1,NA,NA,NA,0,NA,7,1,5.1,81.7128249198705,1,0,7,0,0,7,18.1,11.6,0.00348389081122645,81.7128249198705,NA,NA,NA,NA,NA,NA,1,1,0.012237981014371,0,0.012237981014371,0,0.012237981014371,0.142857142857143,0,0.142857142857143,0,0.142857142857143,0.00174828300205301,0,0.00174828300205301,0,0.00174828300205301
"XAMES",2020,349,2020-07-31,"Ben + Gavin",0,0,19,4,1,0,1,0,NA,7,1,4.8,72.3822947387088,1,0,7,0,0,7,19.8,13.8833333333333,0.00571401909722222,72.3822947387088,7,7,2,1,0,0.185021323679596,1,1,0.0138155332545048,0,0.0138155332545048,0,0.0138155332545048,0.142857142857143,0,0.142857142857143,0,0.142857142857143,0.0019736476077864,0,0.0019736476077864,0,0.0019736476077864
"XAMES",2023,349,2023-07-28,"HL, VM",0,0,11,5,2,0,1,1,NA,1,1,NA,NA,1,NA,1,0,0,1,22.3,NA,NA,81.7128249198705,7,7,3,NA,NA,0.275689920689926,1.27568992068993,NA,0.012237981014371,NA,NA,0.012237981014371,0.0156118690296278,0.0909090909090909,NA,NA,0.0909090909090909,0.115971810971811,0.00111254372857919,NA,NA,0.00111254372857919,0.00141926082087526
"XDYE",2018,56,2018-06-26,NA,NA,NA,5,0,NA,NA,NA,0,NA,11,1,5.2,84.948665353068,0,0,11,0,0,11,7.6,15.3727272727273,0.0147095784023669,84.948665353068,NA,NA,NA,NA,NA,NA,0,0,0,0,0,0,0,0,0,0,0,0,0,0,0,0,0
"XDZVI",2018,357,2018-07-19,NA,NA,NA,1,5,NA,NA,NA,0,NA,11,1,5,78.5398163397448,0,1,11,0,0,11,26.5,17.0636363636364,0.0143206,78.5398163397448,NA,NA,NA,NA,NA,NA,0,1,0,0.0127323954473516,0.0127323954473516,0,0,0,0.0909090909090909,0.0909090909090909,0,0,0,0.00115749049521378,0.00115749049521378,0,0
"XDZVI",2020,357,2020-08-03,"Gavin and Aidan",0,0,1,3,5,2,1,0,NA,11,1,5,78.5398163397448,1,1,10,1,0,10,26.4,17.1090909090909,0.01438904,78.5398163397448,11,10,2,0.909090909090909,0.0465361826677765,0.290747794353651,1,2,0.0127323954473516,0.0127323954473516,0.0254647908947033,0,0.0127323954473516,0.0909090909090909,0.0909090909090909,0.181818181818182,0,0.0909090909090909,0.00115749049521378,0.00115749049521378,0.00231498099042757,0,0.00115749049521378
"XDZVI",2023,357,2023-07-28,"HL, VM",0,0,1,4,1,0,2,1,NA,1,1,NA,NA,1,NA,1,0,0,1,27.8,NA,NA,78.5398163397448,10,11,3,NA,NA,0.393842743842752,1.39384274384275,NA,0.0127323954473516,NA,NA,0.0127323954473516,0.0177469570060276,0.0909090909090909,NA,NA,0.0909090909090909,0.126712976712977,0.00115749049521378,NA,NA,0.00115749049521378,0.00161335972782069
"XEHUD",2018,481,2018-07-27,NA,0,0,20,16,NA,NA,NA,0,NA,11,1,5.5,95.0331777710912,0,0,11,0,0,11,10.2,9.03636363636364,0.00370552066115702,95.0331777710912,NA,NA,NA,NA,NA,NA,0,0,0,0,0,0,0,0,0,0,0,0,0,0,0,0,0
"XEHUD",2020,481,2020-08-16,"Courtenay and Erin",0,0,28,25,1,8,3,0,NA,11,1,5.5,95.0331777710912,0,5,11,0,0,11,18.4,9.02307692307692,0.00472247933884297,95.0331777710912,11,11,2,1,0,0.290747794353651,0,5,0,0.0526132043278993,0.0526132043278993,0,0,0,0.454545454545455,0.454545454545455,0,0,0,0.00478301857526357,0.00478301857526357,0,0
"XEHUD",2023,481,2023-07-03,"EC, VM",0,0,34,26,3,5,2,0,"steep! lots of regen, young stand",1,1,NA,NA,0,NA,1,0,0,1,20,NA,NA,95.0331777710912,11,11,3,NA,NA,0.433227018227027,0.433227018227027,NA,0,NA,NA,0,0.00455869232606902,0,NA,NA,0,0.0393842743842752,0,NA,NA,0,0.000414426575097184
"XFZOW",2018,420,2018-07-24,NA,0,0,8,15,NA,NA,NA,0,NA,11,1,3.2,32.1699087727595,0,0,11,0,0,11,18.6,10.6363636363636,0.0150666015625,32.1699087727595,NA,NA,NA,NA,NA,NA,0,0,0,0,0,0,0,0,0,0,0,0,0,0,0,0,0
"XFZOW",2020,420,2020-07-31,"Aidan + Courtenay",0,0,5,26,1,2,3,0,"nail coming out. renailed in.",11,1,2.9,26.4207942166902,0,0,11,0,0,11,18.8,11.7166666666667,0.0246359096313912,26.4207942166902,11,11,2,1,0,0.290747794353651,0,0,0,0,0,0,0,0,0,0,0,0,0,0,0,0,0
"XFZOW",2023,420,2023-07-19,"EC, BW",0,0,7,19,1,3,3,0,NA,1,1,NA,NA,0,NA,1,0,0,1,19.5,NA,NA,32.1699087727595,11,11,3,NA,NA,0.433227018227027,0.433227018227027,NA,0,NA,NA,0,0.0134668401233973,0,NA,NA,0,0.0393842743842752,0,NA,NA,0,0.00122425819303611
"XJOM",2018,172,2018-07-02,NA,NA,NA,1,0,NA,NA,NA,0,NA,11,1,6.9,149.57122623741,0,0,11,0,0,11,29.7,23.5,0.0144615626969124,149.57122623741,NA,NA,NA,NA,NA,NA,0,0,0,0,0,0,0,0,0,0,0,0,0,0,0,0,0
"XJOM",2023,172,2023-07-18,"HL, VM",0,0,0,1,0,0,1,0,NA,1,1,NA,NA,0,NA,1,0,0,1,31.1,NA,NA,149.57122623741,11,11,5,NA,NA,0.712523921671231,0.712523921671231,NA,0,NA,NA,0,0.00476377669419025,0,NA,NA,0,0.0647749019701119,0,NA,NA,0,0.00043307060856275
"XKIT",2018,171,2018-07-02,NA,NA,NA,2,1,NA,NA,NA,0,NA,11,1,5.6,98.5203456165759,1,0,11,0,0,11,20.5,21.37,0.0159723533163265,98.5203456165759,NA,NA,NA,NA,NA,NA,1,1,0.0101501876971872,0,0.0101501876971872,0,0.0101501876971872,0.0909090909090909,0,0.0909090909090909,0,0.0909090909090909,0.000922744336107928,0,0.000922744336107928,0,0.000922744336107928
"XKIT",2023,171,2023-07-18,"HL, VM",0,0,1,2,0,0,1,2,NA,1,1,NA,NA,2,NA,1,0,0,1,21.8,NA,NA,98.5203456165759,11,11,5,NA,NA,0.712523921671231,2.71252392167123,NA,0.0203003753943744,NA,NA,0.0203003753943744,0.0275326269380733,0.181818181818182,NA,NA,0.181818181818182,0.246593083788294,0.00184548867221586,NA,NA,0.00184548867221586,0.00250296608527939
"XKMU",2018,19,2018-06-23,NA,NA,NA,2,0,NA,NA,NA,0,NA,11,1,7.3,167.4154725098,2,1,11,0,0,11,32.7,28.2333333333333,0.0137678926627885,167.4154725098,NA,NA,NA,NA,NA,NA,2,3,0.0119463271226793,0.00597316356133966,0.017919490684019,0,0.0119463271226793,0.181818181818182,0.0909090909090909,0.272727272727273,0,0.181818181818182,0.00108602973842539,0.000543014869212697,0.00162904460763809,0,0.00108602973842539
"XKMU",2023,19,2023-06-28,"EC CP",1,1,3,1,2,0,7,3,"Standing dead w/ fungal infection",1,1,NA,NA,3,NA,1,0,0,1,33.2,NA,NA,167.4154725098,11,11,5,NA,NA,0.712523921671231,3.71252392167123,NA,0.017919490684019,NA,NA,0.017919490684019,0.0221755126095284,0.272727272727273,NA,NA,0.272727272727273,0.337502174697385,0.00162904460763809,NA,NA,0.00162904460763809,0.00201595569177531
"XKPJS",2018,403,2018-07-23,NA,NA,0,0,0,NA,NA,NA,0,NA,11,1,7.3,167.4154725098,0,0,11,0,0,11,24.1,25.2090909090909,0.0157091199099268,167.4154725098,NA,NA,NA,NA,NA,NA,0,0,0,0,0,0,0,0,0,0,0,0,0,0,0,0,0
"XKPJS",2020,403,2020-07-06,"Nicole, Roxy, Gavin, Gabriel, Courtenay",0,0,0,0,NA,NA,0,0,NA,11,1,5.6,98.5203456165759,0,2,11,0,0,11,24.8,23.1230769230769,0.0282855229591837,98.5203456165759,11,11,2,1,0,0.290747794353651,0,2,0,0.0203003753943744,0.0203003753943744,0,0,0,0.181818181818182,0.181818181818182,0,0,0,0.00184548867221586,0.00184548867221586,0,0
"XKPJS",2023,403,2023-06-27,"EC CP",0,0,0,0,0,0,0,0,"little regen. nice rock",1,1,NA,NA,0,NA,0,0,0,0,NA,NA,NA,167.4154725098,11,11,3,NA,NA,0.433227018227027,0.433227018227027,NA,0,NA,NA,0,0.00258773583906151,0,NA,NA,0,0.0393842743842752,0,NA,NA,0,0.000235248712641956
"XLFD",2018,170,2018-07-02,NA,NA,NA,0,0,NA,NA,NA,0,NA,11,1,8.8,243.284935093994,0,0,11,0,0,11,34.2,27.0636363636364,0.0111081998966942,243.284935093994,NA,NA,NA,NA,NA,NA,0,0,0,0,0,0,0,0,0,0,0,0,0,0,0,0,0
"XLFD",2023,170,2023-07-18,"HL, VM",0,0,2,0,0,0,0,1,NA,1,1,NA,NA,1,NA,1,0,0,1,35,NA,NA,243.284935093994,11,11,5,NA,NA,0.712523921671231,1.71252392167123,NA,0.00411040658811713,NA,NA,0.00411040658811713,0.00703916960994562,0.0909090909090909,NA,NA,0.0909090909090909,0.155683992879203,0.000373673326192466,NA,NA,0.000373673326192466,0.000639924509995056
"XMIC",2018,86,2018-06-27,NA,NA,NA,5,4,NA,NA,NA,2,NA,11,1,2.5,19.6349540849362,2,1,11,0,2,9,23.1,24.8222222222222,0.09620672,19.6349540849362,NA,NA,NA,NA,NA,NA,2,3,0.101859163578813,0.0509295817894065,0.15278874536822,0.101859163578813,0.101859163578813,0.181818181818182,0.0909090909090909,0.272727272727273,2,0.181818181818182,0.00925992396171027,0.00462996198085514,0.0138898859425654,0.101859163578813,0.00925992396171027
"XMIC",2023,86,2023-07-11,"HL VM",0,0,5,4,0,1,4,2,NA,1,1,NA,NA,2,NA,1,0,0,1,23.9,NA,NA,19.6349540849362,11,11,5,NA,NA,0.712523921671231,2.71252392167123,NA,0.101859163578813,NA,NA,0.101859163578813,0.138147708924477,0.181818181818182,NA,NA,0.181818181818182,0.246593083788294,0.00925992396171027,NA,NA,0.00925992396171027,0.0125588826294979
"XQWME",2018,415,2018-07-24,NA,0,0,9,3,NA,NA,NA,1,"pygmy forest",11,1,14.7,678.866756514218,1,2,11,0,1,10,18.1,16,0.00129358137812948,678.866756514218,NA,NA,NA,NA,NA,NA,1,3,0.00147304311251696,0.00294608622503393,0.00441912933755089,0.00147304311251696,0.00147304311251696,0.0909090909090909,0.181818181818182,0.272727272727273,1,0.0909090909090909,0.000133913010228815,0.00026782602045763,0.000401739030686445,0.00147304311251696,0.000133913010228815
"XQWME",2020,415,2020-07-31,"Aidan + Courtenay",0,0,9,3,3,0,1,0,"3m small tree count from base",11,1,13.4,564.104376878583,1,3,10,1,0,10,18.2,15.4818181818182,0.00166260302962798,564.104376878583,11,10,2,0.909090909090909,0.0465361826677765,0.290747794353651,1,4,0.00177272157598458,0.00531816472795373,0.00709088630393831,0,0.00177272157598458,0.0909090909090909,0.272727272727273,0.363636363636364,0,0.0909090909090909,0.000161156506907689,0.000483469520723066,0.000644626027630755,0,0.000161156506907689
"XQWME",2023,539,2023-07-19,"EC, BW",0,0,10,7,0,2,0,0,"added rope and tape to secure new tag. windy site",1,1,NA,NA,0,NA,1,0,0,1,20.1,NA,NA,678.866756514218,10,11,3,NA,NA,0.393842743842752,0.393842743842752,NA,0,NA,NA,0,0.000580147341232348,0,NA,NA,0,0.0358038858038865,0,NA,NA,0,5.27406673847589e-05
"XTGPN",2018,295,2018-07-13,NA,NA,NA,27,15,NA,NA,NA,2,NA,11,1,4.9,75.4296396126909,3,3,11,0,2,9,22,18.75,0.012878550603915,75.4296396126909,NA,NA,NA,NA,NA,NA,3,6,0.039772164037958,0.039772164037958,0.079544328075916,0.0265147760253053,0.039772164037958,0.272727272727273,0.272727272727273,0.545454545454545,2,0.272727272727273,0.003615651276178,0.003615651276178,0.007231302552356,0.0265147760253053,0.003615651276178
"XTGPN",2020,295,2020-07-07,"Roxy, Nicole, Gabe",1,0,25,18,NA,NA,7,2,NA,11,1,4.9,75.4296396126909,4,1,11,0,2,9,22.7,18.9571428571429,0.0114840899625156,75.4296396126909,11,11,2,1,0,0.290747794353651,4,5,0.0530295520506107,0.0132573880126527,0.0662869400632634,0.0265147760253053,0.0530295520506107,0.363636363636364,0.0909090909090909,0.454545454545455,2,0.363636363636364,0.00482086836823733,0.00120521709205933,0.00602608546029667,0.0265147760253053,0.00482086836823733
"XTGPN",2023,295,2023-08-17,"BB, CR",0,0,38,6,7,5,12,1,NA,11,1,3.1,30.1907054009979,3,1,11,0,2,9,23.3,12.5428571428571,0.0331344432882414,30.1907054009979,11,11,3,1,0,0.433227018227027,3,4,0.0993683307545652,0.0331227769181884,0.132491107672754,0.0331227769181884,0.0993683307545652,0.272727272727273,0.0909090909090909,0.363636363636364,1,0.272727272727273,0.00903348461405138,0.00301116153801713,0.0120446461520685,0.0331227769181884,0.00903348461405138
"XTIA",2018,126,2018-06-29,NA,NA,NA,5,0,NA,NA,NA,0,NA,9,1,5.8,105.683176866761,0,1,9,0,0,9,32.5,23.2444444444444,0.0172885255648038,105.683176866761,NA,NA,NA,NA,NA,NA,0,1,0,0.00946224394125418,0.00946224394125418,0,0,0,0.111111111111111,0.111111111111111,0,0,0,0.00105136043791713,0.00105136043791713,0,0
"XTIA",2023,126,2023-07-14,"MB HL",0,0,6,1,2,0,6,2,"borderline unhealthy, one down tree with possible sooty bark",1,1,NA,NA,2,NA,1,0,0,1,33.5,NA,NA,105.683176866761,9,9,5,NA,NA,0.582974117731007,2.58297411773101,NA,0.0189244878825084,NA,NA,0.0189244878825084,0.0244407311959166,0.181818181818182,NA,NA,0.181818181818182,0.234815828884637,0.00172040798931894,NA,NA,0.00172040798931894,0.00222188465417424
"XUYFP",2018,355,2018-07-19,NA,0,0,24,4,NA,NA,NA,1,NA,11,1,7.1,158.367685667461,1,0,11,0,1,10,34.1,22.61,0.0108946835945249,158.367685667461,NA,NA,NA,NA,NA,NA,1,1,0.00631441948390777,0,0.00631441948390777,0.00631441948390777,0.00631441948390777,0.0909090909090909,0,0.0909090909090909,1,0.0909090909090909,0.000574038134900706,0,0.000574038134900706,0.00631441948390777,0.000574038134900706
"XUYFP",2020,355,2020-08-03,"Gavin and Aidan",0,0,19,7,7,2,3,0,NA,11,1,5.4,91.6088417786784,1,0,10,1,0,10,34,19.8083333333333,0.0191736968449931,91.6088417786784,11,10,2,0.909090909090909,0.0465361826677765,0.290747794353651,1,1,0.0109159768924482,0,0.0109159768924482,0,0.0109159768924482,0.0909090909090909,0,0.0909090909090909,0,0.0909090909090909,0.000992361535677113,0,0.000992361535677113,0,0.000992361535677113
"XUYFP",2023,355,2023-07-28,"HL, VM",0,0,14,8,1,0,4,0,NA,1,1,NA,NA,0,NA,1,0,0,1,34.6,NA,NA,158.367685667461,10,11,3,NA,NA,0.393842743842752,0.393842743842752,NA,0,NA,NA,0,0.00248688829531637,0,NA,NA,0,0.0358038858038865,0,NA,NA,0,0.00022608075411967
"YABY",2018,239,2018-07-08,NA,0,0,0,0,NA,NA,NA,0,NA,11,1,5.1,81.7128249198705,0,0,11,0,0,11,28.6,18.3909090909091,0.0172966935793925,81.7128249198705,NA,NA,NA,NA,NA,NA,0,0,0,0,0,0,0,0,0,0,0,0,0,0,0,0,0
"YABY",2023,239,2023-07-12,"EC AB MW",0,1,0,0,0,0,1,1,"catkins!",1,1,NA,NA,1,NA,1,0,0,1,29.1,NA,NA,81.7128249198705,11,11,5,NA,NA,0.712523921671231,1.71252392167123,NA,0.012237981014371,NA,NA,0.012237981014371,0.0209578352400688,0.0909090909090909,NA,NA,0.0909090909090909,0.155683992879203,0.00111254372857919,NA,NA,0.00111254372857919,0.00190525774909716
"YAJIU",2018,428,2018-07-23,NA,0,0,9,0,NA,NA,NA,1,NA,11,1,9.5,283.528736986479,1,4,11,0,1,10,9,13.13,0.00207812742382272,283.528736986479,NA,NA,NA,NA,NA,NA,1,5,0.00352697934829685,0.0141079173931874,0.0176348967414842,0.00352697934829685,0.00352697934829685,0.0909090909090909,0.363636363636364,0.454545454545455,1,0.0909090909090909,0.000320634486208805,0.00128253794483522,0.00160317243104402,0.00352697934829685,0.000320634486208805
"YAJIU",2020,428,2020-07-20,"Gavin, Aidan",1,0,3,3,8,0,1,1,NA,11,1,9,254.469004940773,1,4,11,0,1,10,9,13.5833333333333,0.00310511111111111,254.469004940773,11,11,2,1,0,0.290747794353651,1,5,0.00392975168128137,0.0157190067251255,0.0196487584064068,0.00392975168128137,0.00392975168128137,0.0909090909090909,0.363636363636364,0.454545454545455,1,0.0909090909090909,0.000357250152843761,0.00142900061137504,0.0017862507642188,0.00392975168128137,0.000357250152843761
"YAJIU",2023,542,2023-08-13,"BB, CR",1,0,2,2,5,0,1,0,"old tag found but hole too big to reuse. Found 2020 pencil",11,1,8.7,237.787147950211,1,5,10,1,0,10,10.4,13.4692307692308,0.00358254723213106,237.787147950211,11,10,3,0.909090909090909,0.0312706872849103,0.433227018227027,1,6,0.00420544175166853,0.0210272087583426,0.0252326505100112,0,0.00420544175166853,0.0909090909090909,0.454545454545455,0.545454545454545,0,0.0909090909090909,0.000382312886515321,0.0019115644325766,0.00229387731909192,0,0.000382312886515321
"YAOXG",2018,358,2018-07-19,NA,NA,NA,6,5,NA,NA,NA,0,NA,11,1,6.8,145.267244301992,0,0,11,0,0,11,18,19.5909090909091,0.012532071799308,145.267244301992,NA,NA,NA,NA,NA,NA,0,0,0,0,0,0,0,0,0,0,0,0,0,0,0,0,0
"YAOXG",2020,358,2020-08-03,"Gavin and Aidan",0,0,7,8,2,0,4,0,NA,11,1,6.5,132.732289614169,0,4,11,0,0,11,18.1,20.0909090909091,0.0143400236686391,132.732289614169,11,11,2,1,0,0.290747794353651,0,4,0,0.0301358472126666,0.0301358472126666,0,0,0,0.363636363636364,0.363636363636364,0,0,0,0.00273962247387878,0.00273962247387878,0,0
"YAOXG",2023,358,2023-07-28,"HL, VM",0,0,3,8,0,0,4,0,NA,1,1,NA,NA,0,NA,1,0,0,1,19,NA,NA,145.267244301992,11,11,3,NA,NA,0.433227018227027,0.433227018227027,NA,0,NA,NA,0,0.0029822760134859,0,NA,NA,0,0.0393842743842752,0,NA,NA,0,0.000271116001225991
"YGUPJ",2018,467,2018-07-26,NA,0,0,0,0,NA,NA,NA,2,NA,11,1,4.9,75.4296396126909,2,0,11,0,2,9,30.3,20.5888888888889,0.0183264056643065,75.4296396126909,NA,NA,NA,NA,NA,NA,2,2,0.0265147760253053,0,0.0265147760253053,0.0265147760253053,0.0265147760253053,0.181818181818182,0,0.181818181818182,2,0.181818181818182,0.00241043418411867,0,0.00241043418411867,0.0265147760253053,0.00241043418411867
"YGUPJ",2020,467,2020-07-30,"Gavin + Courtenay",0,0,0,0,0,0,2,1,"all trees had leafhoppers",11,1,4.8,72.3822947387088,2,0,11,0,1,10,31.1,20.9222222222222,0.0196373697916667,72.3822947387088,11,11,2,1,0,0.290747794353651,2,2,0.0276310665090096,0,0.0276310665090096,0.0138155332545048,0.0276310665090096,0.181818181818182,0,0.181818181818182,1,0.181818181818182,0.00251191513718269,0,0.00251191513718269,0.0138155332545048,0.00251191513718269
"YGVZ",2018,278,2018-07-11,NA,NA,NA,2,0,NA,NA,NA,0,NA,11,1,3.6,40.7150407905237,0,3,11,0,0,11,29.2,24.5454545454545,0.0547648148148148,40.7150407905237,NA,NA,NA,NA,NA,NA,0,3,0,0.0736828440240256,0.0736828440240256,0,0,0,0.272727272727273,0.272727272727273,0,0,0,0.00669844036582051,0.00669844036582051,0,0
"YHGO",2018,7,2018-06-22,NA,NA,NA,2,0,NA,NA,NA,4,NA,11,1,6.1,116.898662640076,4,0,11,0,4,7,28.7,29.5,0.0166978500403117,116.898662640076,NA,NA,NA,NA,NA,NA,4,4,0.0342176711834228,0,0.0342176711834228,0.0342176711834228,0.0342176711834228,0.363636363636364,0,0.363636363636364,4,0.363636363636364,0.00311069738031117,0,0.00311069738031117,0.0342176711834228,0.00311069738031117
"YHGO",2023,7,2023-06-28,"EC CP",1,0,16,1,1,0,5,5,"lots of down dead",1,1,NA,NA,5,NA,1,0,0,1,29.9,NA,NA,116.898662640076,11,11,5,NA,NA,0.712523921671231,5.71252392167123,NA,0.0427720889792785,NA,NA,0.0427720889792785,0.0488673162947958,0.454545454545455,NA,NA,0.454545454545455,0.519320356515566,0.00388837172538896,NA,NA,0.00388837172538896,0.00444248329952689
"YIBK",2018,55,2018-06-26,NA,NA,NA,10,4,NA,NA,NA,0,NA,11,1,5.6,98.5203456165759,0,0,11,0,0,11,8.6,17.6090909090909,0.0136431441326531,98.5203456165759,NA,NA,NA,NA,NA,NA,0,0,0,0,0,0,0,0,0,0,0,0,0,0,0,0,0
"YISKQ",2018,407,2018-07-23,NA,0,0,12,0,NA,NA,NA,3,NA,11,1,3.3,34.2119439975928,3,0,11,0,3,8,15.1,13.8125,0.0144761248852158,34.2119439975928,NA,NA,NA,NA,NA,NA,3,3,0.0876886738798322,0,0.0876886738798322,0.0876886738798322,0.0876886738798322,0.272727272727273,0,0.272727272727273,3,0.272727272727273,0.00797169762543929,0,0.00797169762543929,0.0876886738798322,0.00797169762543929
"YISKQ",2020,407,2020-07-20,"Gavin and Aidan",0,0,10,1,4,0,12,1,NA,11,1,3,28.2743338823081,3,0,9,2,1,8,15.5,14.25,0.0233638888888889,28.2743338823081,11,9,2,0.818181818181818,0.0954431533378902,0.290747794353651,3,3,0.106103295394597,0,0.106103295394597,0.0353677651315323,0.106103295394597,0.272727272727273,0,0.272727272727273,1,0.272727272727273,0.00964575412678153,0,0.00964575412678153,0.0353677651315323,0.00964575412678153
"YISKQ",2023,407,2023-07-17,"EC, HL",0,0,12,2,5,0,12,1,"very open, low understory",1,1,NA,NA,1,NA,1,0,0,1,16,NA,NA,34.2119439975928,9,11,3,NA,NA,0.354458469458476,1.35445846945848,NA,0.0292295579599441,NA,NA,0.0292295579599441,0.0395902223373737,0.0909090909090909,NA,NA,0.0909090909090909,0.123132588132589,0.0026572325418131,NA,NA,0.0026572325418131,0.00359911112157942
"YMTS",2018,21,2018-06-23,NA,NA,NA,3,0,NA,NA,NA,0,NA,11,1,5.2,84.948665353068,0,0,11,0,0,11,30.2,24.9363636363636,0.0280215606508876,84.948665353068,NA,NA,NA,NA,NA,NA,0,0,0,0,0,0,0,0,0,0,0,0,0,0,0,0,0
"YMTS",2023,21,2023-06-28,"EC CP",0,0,2,4,0,0,14,0,"open",1,1,NA,NA,0,NA,1,0,0,1,31.3,NA,NA,84.948665353068,11,11,5,NA,NA,0.712523921671231,0.712523921671231,NA,0,NA,NA,0,0.00838770001517743,0,NA,NA,0,0.0647749019701119,0,NA,NA,0,0.000762518183197948
"YOAQZ",2018,370,2018-07-20,NA,1,1,45,4,NA,NA,NA,3,NA,11,1,3.7,43.0084034276443,4,0,11,0,3,8,16.5,14.4571428571429,0.013454200146092,43.0084034276443,NA,NA,NA,NA,NA,NA,4,4,0.0930050799660455,0,0.0930050799660455,0.0697538099745341,0.0930050799660455,0.363636363636364,0,0.363636363636364,3,0.363636363636364,0.0084550072696405,0,0.0084550072696405,0.0697538099745341,0.0084550072696405
"YOAQZ",2020,370,2020-07-10,"Gavin, Courtenay, Aiden",1,1,25,11,NA,NA,10,2,NA,11,1,4.1,52.8101725068444,4,4,11,0,2,9,17.5,14.8428571428571,0.011433254015467,52.8101725068444,11,11,2,1,0,0.290747794353651,4,8,0.0757429830300513,0.0757429830300513,0.151485966060103,0.0378714915150257,0.0757429830300513,0.363636363636364,0.363636363636364,0.727272727272727,2,0.363636363636364,0.00688572573000467,0.00688572573000467,0.0137714514600093,0.0378714915150257,0.00688572573000467
"YQTZ",2018,155,2018-07-02,NA,NA,NA,0,1,NA,NA,NA,0,NA,11,1,5.5,95.0331777710912,1,2,11,0,0,11,27.6,19.78,0.014112132231405,95.0331777710912,NA,NA,NA,NA,NA,NA,1,3,0.0105226408655799,0.0210452817311597,0.0315679225967396,0,0.0105226408655799,0.0909090909090909,0.181818181818182,0.272727272727273,0,0.0909090909090909,0.000956603715052714,0.00191320743010543,0.00286981114515814,0,0.000956603715052714
"YQTZ",2023,155,2023-07-17,"VM, MB",0,0,2,0,1,1,0,1,"borderline unhealthy with trees having sooty bark",1,1,NA,NA,1,NA,1,0,0,1,29.3,NA,NA,95.0331777710912,11,11,5,NA,NA,0.712523921671231,1.71252392167123,NA,0.0105226408655799,NA,NA,0.0105226408655799,0.0180202742014608,0.0909090909090909,NA,NA,0.0909090909090909,0.155683992879203,0.000956603715052714,NA,NA,0.000956603715052714,0.00163820674558734
"YRLG",2018,197,2018-07-03,NA,NA,1,11,2,NA,NA,NA,0,"Lots of cow damage",11,1,10.7,359.680942909495,0,1,11,0,0,11,8.1,18.4454545454545,0.0042245348938772,359.680942909495,NA,NA,NA,NA,NA,NA,0,1,0,0.00278024182185161,0.00278024182185161,0,0,0,0.0909090909090909,0.0909090909090909,0,0,0,0.000252749256531964,0.000252749256531964,0,0
"YRLG",2023,197,2023-07-17,"VM, MB",0,0,1,7,3,3,0,1,NA,1,1,NA,NA,1,NA,1,0,0,1,9.4,NA,NA,359.680942909495,11,11,5,NA,NA,0.712523921671231,1.71252392167123,NA,0.00278024182185161,NA,NA,0.00278024182185161,0.00476123062795169,0.0909090909090909,NA,NA,0.0909090909090909,0.155683992879203,0.000252749256531964,NA,NA,0.000252749256531964,0.000432839147995608
"YRQZ",2018,184,2018-07-03,NA,NA,NA,12,2,NA,NA,NA,0,NA,11,1,6,113.097335529233,0,0,11,0,0,11,23.2,20.5636363636364,0.0148327777777778,113.097335529233,NA,NA,NA,NA,NA,NA,0,0,0,0,0,0,0,0,0,0,0,0,0,0,0,0,0
"YRQZ",2023,184,2023-07-17,"VM, MB",1,0,8,7,1,0,2,1,NA,1,1,NA,NA,1,NA,1,0,0,1,24.5,NA,NA,113.097335529233,11,11,5,NA,NA,0.712523921671231,1.71252392167123,NA,0.00884194128288308,NA,NA,0.00884194128288308,0.0151420359609497,0.0909090909090909,NA,NA,0.0909090909090909,0.155683992879203,0.000803812843898461,NA,NA,0.000803812843898461,0.0013765487237227
"YWDO",2018,120,2018-06-29,NA,NA,NA,3,0,NA,NA,NA,3,NA,11,1,6.5,132.732289614169,3,0,11,0,3,8,18.1,18.6375,0.00765360946745562,132.732289614169,NA,NA,NA,NA,NA,NA,3,3,0.0226018854094999,0,0.0226018854094999,0.0226018854094999,0.0226018854094999,0.272727272727273,0,0.272727272727273,3,0.272727272727273,0.00205471685540908,0,0.00205471685540908,0.0226018854094999,0.00205471685540908
"YWVO",2018,14,2018-06-22,NA,NA,NA,4,0,NA,NA,NA,1,NA,11,1,9.66,293.159603425324,1,0,11,0,1,10,8.7,15.38,0.00295343972497632,293.159603425324,NA,NA,NA,NA,NA,NA,1,1,0.0034111111773786,0,0.0034111111773786,0.0034111111773786,0.0034111111773786,0.0909090909090909,0,0.0909090909090909,1,0.0909090909090909,0.000310101016125327,0,0.000310101016125327,0.0034111111773786,0.000310101016125327
"YWVO",2023,14,2023-06-28,"EC CP",0,1,6,0,0,0,0,1,NA,1,1,NA,NA,1,NA,1,0,0,1,9.9,NA,NA,293.159603425324,11,11,5,NA,NA,0.712523921671231,1.71252392167123,NA,0.0034111111773786,NA,NA,0.0034111111773786,0.00584160949074097,0.0909090909090909,NA,NA,0.0909090909090909,0.155683992879203,0.000310101016125327,NA,NA,0.000310101016125327,0.000531055408249179
"ZBVTF",2018,395,2018-07-21,NA,NA,1,22,2,NA,NA,NA,0,NA,11,1,3.6,40.7150407905237,0,0,11,0,0,11,24.7,14.9727272727273,0.0227125771604938,40.7150407905237,NA,NA,NA,NA,NA,NA,0,0,0,0,0,0,0,0,0,0,0,0,0,0,0,0,0
"ZBVTF",2020,395,2020-08-04,"Gavin and Nicole",0,1,15,2,12,1,3,0,"Most trees have healed black canker",11,1,4.1,52.8101725068444,0,1,11,0,0,11,24.9,15.5454545454545,0.0185694229625223,52.8101725068444,11,11,2,1,0,0.290747794353651,0,1,0,0.0189357457575128,0.0189357457575128,0,0,0,0.0909090909090909,0.0909090909090909,0,0,0,0.00172143143250117,0.00172143143250117,0,0
"ZBVTF",2023,535,2023-07-07,"EC, MB",0,1,22,1,5,0,0,0,"nail in tree, old tag not found. long walk 5 stars",1,1,NA,NA,0,NA,1,0,0,1,25.8,NA,NA,40.7150407905237,11,11,3,NA,NA,0.433227018227027,0.433227018227027,NA,0,NA,NA,0,0.0106404662703386,0,NA,NA,0,0.0393842743842752,0,NA,NA,0,0.000967315115485325
"ZFMG",2018,223,2018-07-06,NA,NA,NA,0,0,NA,NA,NA,1,NA,11,1,3.9,47.7836242611007,2,0,11,0,1,10,17.5,18.0222222222222,0.0196649572649573,47.7836242611007,NA,NA,NA,NA,NA,NA,2,2,0.0418553433509258,0,0.0418553433509258,0.0209276716754629,0.0418553433509258,0.181818181818182,0,0.181818181818182,1,0.181818181818182,0.00380503121372053,0,0.00380503121372053,0.0209276716754629,0.00380503121372053
"ZFMG",2023,223,2023-07-10,"HL, VM",0,0,0,0,0,0,6,1,NA,1,1,NA,NA,1,NA,1,0,0,1,18.6,NA,NA,47.7836242611007,11,11,5,NA,NA,0.712523921671231,1.71252392167123,NA,0.0209276716754629,NA,NA,0.0209276716754629,0.0358391383691117,0.0909090909090909,NA,NA,0.0909090909090909,0.155683992879203,0.00190251560686026,NA,NA,0.00190251560686026,0.00325810348810106
"ZGWEI",2018,390,2018-07-21,NA,1,0,4,0,NA,NA,NA,1,"Very wet site. In streambed on bench above cliff. Damaged site maybe.",11,1,4.2,55.4176944093239,1,0,11,0,1,10,28.7,18.86,0.0274692743764172,55.4176944093239,NA,NA,NA,NA,NA,NA,1,1,0.0180447781283328,0,0.0180447781283328,0.0180447781283328,0.0180447781283328,0.0909090909090909,0,0.0909090909090909,1,0.0909090909090909,0.00164043437530298,0,0.00164043437530298,0.0180447781283328,0.00164043437530298
"ZGWEI",2020,390,2020-07-22,"Gavin + Ben",0,1,4,0,2,2,1,1,"In streambed",11,1,4.2,55.4176944093239,1,0,11,0,1,10,28,19.17,0.0281762471655329,55.4176944093239,11,11,2,1,0,0.290747794353651,1,1,0.0180447781283328,0,0.0180447781283328,0.0180447781283328,0.0180447781283328,0.0909090909090909,0,0.0909090909090909,1,0.0909090909090909,0.00164043437530298,0,0.00164043437530298,0.0180447781283328,0.00164043437530298
"ZGWEI",2023,390,2023-07-11,"EC MB",0,1,3,0,3,0,0,1,"animal home, evident bed",1,1,NA,NA,1,NA,1,0,0,1,29.2,NA,NA,55.4176944093239,11,11,3,NA,NA,0.433227018227027,1.43322701822703,NA,0.0180447781283328,NA,NA,0.0180447781283328,0.0258622635514387,0.0909090909090909,NA,NA,0.0909090909090909,0.130293365293366,0.00164043437530298,NA,NA,0.00164043437530298,0.00235111486831261
"ZHQF",2018,4,2018-06-22,NA,NA,NA,1,0,NA,NA,NA,1,NA,11,1,6,113.097335529233,1,0,11,0,1,10,22.3,21.1,0.0133625,113.097335529233,NA,NA,NA,NA,NA,NA,1,1,0.00884194128288308,0,0.00884194128288308,0.00884194128288308,0.00884194128288308,0.0909090909090909,0,0.0909090909090909,1,0.0909090909090909,0.000803812843898461,0,0.000803812843898461,0.00884194128288308,0.000803812843898461
"ZHQF",2023,4,2023-06-28,"EC CP",0,0,1,1,0,0,0,1,"elk rubs",1,1,NA,NA,1,NA,1,0,0,1,23.3,NA,NA,113.097335529233,11,11,5,NA,NA,0.712523921671231,1.71252392167123,NA,0.00884194128288308,NA,NA,0.00884194128288308,0.0151420359609497,0.0909090909090909,NA,NA,0.0909090909090909,0.155683992879203,0.000803812843898461,NA,NA,0.000803812843898461,0.0013765487237227
"ZIJVQ",2018,384,2018-07-20,NA,0,1,10,2,NA,NA,NA,1,NA,11,1,3.2,32.1699087727595,1,1,11,0,1,10,20.2,11.39,0.01462958984375,32.1699087727595,NA,NA,NA,NA,NA,NA,1,2,0.0310849498226358,0.0310849498226358,0.0621698996452716,0.0310849498226358,0.0310849498226358,0.0909090909090909,0.0909090909090909,0.181818181818182,1,0.0909090909090909,0.00282590452933053,0.00282590452933053,0.00565180905866106,0.0310849498226358,0.00282590452933053
"ZIJVQ",2020,384,2020-08-25,"Ben and Courtenay",0,1,8,3,2,3,0,1,NA,11,1,3.2,32.1699087727595,1,1,11,0,1,10,20,11.55,0.01494072265625,32.1699087727595,11,11,2,1,0,0.290747794353651,1,2,0.0310849498226358,0.0310849498226358,0.0621698996452716,0.0310849498226358,0.0310849498226358,0.0909090909090909,0.0909090909090909,0.181818181818182,1,0.0909090909090909,0.00282590452933053,0.00282590452933053,0.00565180905866106,0.0310849498226358,0.00282590452933053
"ZINLH",2018,386,2018-07-20,NA,NA,1,3,0,NA,NA,NA,0,NA,11,1,4.8,72.3822947387088,0,1,11,0,0,11,24,24.0909090909091,0.0289645833333333,72.3822947387088,NA,NA,NA,NA,NA,NA,0,1,0,0.0138155332545048,0.0138155332545048,0,0,0,0.0909090909090909,0.0909090909090909,0,0,0,0.00125595756859135,0.00125595756859135,0,0
"ZINLH",2020,386,2020-08-11,"Gavin and Erin",0,1,1,0,2,0,3,0,"sooty bark present in area; leafhoppers",11,1,4.5,63.6172512351933,0,2,11,0,0,11,24.3,24.4846153846154,0.0401083950617284,63.6172512351933,11,11,2,1,0,0.290747794353651,0,2,0,0.0314380134502509,0.0314380134502509,0,0,0,0.181818181818182,0.181818181818182,0,0,0,0.00285800122275009,0.00285800122275009,0,0
"ZINLH",2023,386,2023-08-20,"BB, CR",0,1,4,0,1,0,4,0,"sooty bark present in area; leafhoppers",11,1,4.5,63.6172512351933,0,2,11,0,0,11,24.8,25.0307692307692,0.0418682469135802,63.6172512351933,11,11,3,1,0,0.433227018227027,0,2,0,0.0314380134502509,0.0314380134502509,0,0,0,0.181818181818182,0.181818181818182,0,0,0,0.00285800122275009,0.00285800122275009,0,0
"ZJQRW",2018,402,2018-07-23,NA,0,0,1,2,NA,NA,NA,1,NA,11,1,3.3,34.2119439975928,1,1,11,0,1,10,22.6,25.25,0.0608449035812672,34.2119439975928,NA,NA,NA,NA,NA,NA,1,2,0.0292295579599441,0.0292295579599441,0.0584591159198881,0.0292295579599441,0.0292295579599441,0.0909090909090909,0.0909090909090909,0.181818181818182,1,0.0909090909090909,0.0026572325418131,0.0026572325418131,0.00531446508362619,0.0292295579599441,0.0026572325418131
"ZJQRW",2020,402,2020-07-06,"Courtenay, Gabriel, Gavin, Roxy, Nicole",0,0,0,2,NA,NA,5,1,NA,11,1,3.2,32.1699087727595,1,1,11,0,1,10,22.8,25.1818181818182,0.07084375,32.1699087727595,11,11,2,1,0,0.290747794353651,1,2,0.0310849498226358,0.0310849498226358,0.0621698996452716,0.0310849498226358,0.0310849498226358,0.0909090909090909,0.0909090909090909,0.181818181818182,1,0.0909090909090909,0.00282590452933053,0.00282590452933053,0.00565180905866106,0.0310849498226358,0.00282590452933053
"ZJQRW",2023,402,2023-06-27,"EC CP",0,0,4,0,0,0,5,0,NA,1,1,NA,NA,0,NA,1,0,0,1,23.2,NA,NA,34.2119439975928,11,11,3,NA,NA,0.433227018227027,0.433227018227027,NA,0,NA,NA,0,0.0126630342390806,0,NA,NA,0,0.0393842743842752,0,NA,NA,0,0.00115118493082551
"ZJYP",2018,32,2018-06-25,NA,NA,NA,7,3,NA,NA,NA,3,NA,11,1,5.2,84.948665353068,3,0,11,0,3,8,28.9,21.8625,0.0150479659763314,84.948665353068,NA,NA,NA,NA,NA,NA,3,3,0.0353154459523436,0,0.0353154459523436,0.0353154459523436,0.0353154459523436,0.272727272727273,0,0.272727272727273,3,0.272727272727273,0.00321049508657669,0,0.00321049508657669,0.0353154459523436,0.00321049508657669
"ZLQMG",2018,441,2018-07-24,NA,0,0,2,7,NA,NA,NA,0,NA,11,1,3.8,45.3645979178366,0,1,11,0,0,11,15.3,11.7636363636364,0.0121782548476454,45.3645979178366,NA,NA,NA,NA,NA,NA,0,1,0,0.0220436209268553,0.0220436209268553,0,0,0,0.0909090909090909,0.0909090909090909,0,0,0,0.00200396553880503,0.00200396553880503,0,0
"ZLQMG",2020,441,2020-08-07,"Gavin and Aidan",0,0,3,5,1,0,1,0,"g downslope",11,1,3.1,30.1907054009979,0,4,11,0,0,11,16.4,11.825,0.0213982310093652,30.1907054009979,11,11,2,1,0,0.290747794353651,0,4,0,0.132491107672754,0.132491107672754,0,0,0,0.363636363636364,0.363636363636364,0,0,0,0.0120446461520685,0.0120446461520685,0,0
"ZLQMG",2023,441,2023-07-19,"VM, MB",0,0,0,4,1,1,1,0,NA,1,1,NA,NA,0,NA,1,0,0,1,18.3,NA,NA,45.3645979178366,11,11,3,NA,NA,0.433227018227027,0.433227018227027,NA,0,NA,NA,0,0.00954989216506841,0,NA,NA,0,0.0393842743842752,0,NA,NA,0,0.00086817201500622
"ZMCLX",2018,313,2018-07-14,NA,NA,1,19,0,NA,NA,NA,0,NA,11,1,5.4,91.6088417786784,2,1,11,0,0,11,32,26.9777777777778,0.0228332647462277,91.6088417786784,NA,NA,NA,NA,NA,NA,2,3,0.0218319537848965,0.0109159768924482,0.0327479306773447,0,0.0218319537848965,0.181818181818182,0.0909090909090909,0.272727272727273,0,0.181818181818182,0.00198472307135423,0.000992361535677113,0.00297708460703134,0,0.00198472307135423
"ZMCLX",2020,313,2020-07-15,"Gavin,  Aidan",0,1,12,0,8,0,5,1,NA,11,1,5.5,95.0331777710912,3,0,11,0,1,10,32.4,26.7625,0.0192719669421488,95.0331777710912,11,11,2,1,0,0.290747794353651,3,3,0.0315679225967396,0,0.0315679225967396,0.0105226408655799,0.0315679225967396,0.272727272727273,0,0.272727272727273,1,0.272727272727273,0.00286981114515814,0,0.00286981114515814,0.0105226408655799,0.00286981114515814
"ZMCLX",2023,313,2023-08-19,"BB, CR",0,1,17,2,4,0,4,0,NA,11,1,5.5,95.0331777710912,3,0,11,0,1,10,33,27.25,0.0199939173553719,95.0331777710912,11,11,3,1,0,0.433227018227027,3,3,0.0315679225967396,0,0.0315679225967396,0,0.0315679225967396,0.272727272727273,0,0.272727272727273,0,0.272727272727273,0.00286981114515814,0,0.00286981114515814,0,0.00286981114515814
"ZMKM",2018,271,2018-07-10,NA,NA,NA,19,2,NA,NA,NA,0,NA,11,1,6.5,132.732289614169,1,0,10,1,0,10,33.5,23.95,0.0169968047337278,132.732289614169,NA,NA,NA,NA,NA,NA,1,1,0.00753396180316664,0,0.00753396180316664,0,0.00753396180316664,0.0909090909090909,0,0.0909090909090909,0,0.0909090909090909,0.000684905618469695,0,0.000684905618469695,0,0.000684905618469695
"ZMKM",2023,271,2023-07-06,"VM, MB",0,0,17,21,3,2,6,0,"old man bark!",1,1,NA,NA,0,NA,1,0,0,1,34.6,NA,NA,132.732289614169,10,11,5,NA,NA,0.647749019701119,0.647749019701119,NA,0,NA,NA,0,0.00488011637246687,0,NA,NA,0,0.0588862745182836,0,NA,NA,0,0.000443646942951534
"ZRSPK",2018,342,2018-07-17,NA,0,0,19,1,NA,NA,NA,1,NA,11,1,5.8,105.683176866761,1,3,9,0,1,10,28.5,17.77,0.0112938466111772,105.683176866761,NA,NA,NA,NA,NA,NA,1,4,0.00946224394125418,0.0283867318237625,0.0378489757650167,0.00946224394125418,0.00946224394125418,0.0909090909090909,0.272727272727273,0.363636363636364,1,0.0909090909090909,0.000860203994659471,0.00258061198397841,0.00344081597863788,0.00946224394125418,0.000860203994659471
"ZRSPK",2020,342,2020-08-17,"Ben and Courtenay",0,0,20,2,1,1,2,1,NA,11,1,5.3,88.2473376393373,2,3,10,1,1,9,29.2,16.69,0.0126041651833393,88.2473376393373,9,8,2,0.888888888888889,0.0571881277763632,0.237884559016624,2,5,0.0226635732419929,0.0339953598629894,0.0566589331049823,0.0113317866209965,0.0226635732419929,0.181818181818182,0.272727272727273,0.454545454545455,1,0.181818181818182,0.00206032484018118,0.00309048726027176,0.00515081210045294,0.0113317866209965,0.00206032484018118
"ZRSPK",2023,342,2023-07-18,"EC, MB",0,0,36,8,4,1,2,3,"lots of herbivory on seedlings and saplings",1,1,NA,NA,3,NA,1,0,0,1,30.1,NA,NA,105.683176866761,10,11,3,NA,NA,0.393842743842752,3.39384274384275,NA,0.0283867318237625,NA,NA,0.0283867318237625,0.0321133679404955,0.272727272727273,NA,NA,0.272727272727273,0.308531158531159,0.00258061198397841,NA,NA,0.00258061198397841,0.0029193970854996
"ZTMR",2018,91,2018-06-28,NA,NA,NA,2,0,NA,NA,NA,0,NA,11,1,4.9,75.4296396126909,0,0,11,0,0,11,7.8,22.6545454545455,0.0273086214077468,75.4296396126909,NA,NA,NA,NA,NA,NA,0,0,0,0,0,0,0,0,0,0,0,0,0,0,0,0,0
"ZTMR",2023,NA,2023-07-14,"MB HL",0,0,4,1,1,1,4,1,"orange stained; one tree with flaky bark; EC 2/13/24: UNCLEAR IF 2023 SURVEY TEAM FOUND THE RIGHT TREE. They added a new tag but did not record the new tag number. Next survey team: please check carefully against 2018 full survey data to determine if they did find the right focal tree. If so, record 2023 tag number. If not, please remove 2023 tag from incorrect focal tree and re-tag correct focal tree.",1,1,NA,NA,1,NA,1,0,0,1,8.2,NA,NA,75.4296396126909,11,11,5,NA,NA,0.712523921671231,1.71252392167123,NA,0.0132573880126527,NA,NA,0.0132573880126527,0.0227035941105451,0.0909090909090909,NA,NA,0.0909090909090909,0.155683992879203,0.00120521709205933,NA,NA,0.00120521709205933,0.00206396310095865
"ZWKH",2018,26,2018-06-23,NA,NA,NA,10,0,NA,NA,NA,1,NA,11,1,7.1,158.367685667461,1,0,11,0,1,10,25.9,25.59,0.0136260464193612,158.367685667461,NA,NA,NA,NA,NA,NA,1,1,0.00631441948390777,0,0.00631441948390777,0.00631441948390777,0.00631441948390777,0.0909090909090909,0,0.0909090909090909,1,0.0909090909090909,0.000574038134900706,0,0.000574038134900706,0.00631441948390777,0.000574038134900706
"ZWKH",2023,26,2023-06-28,"EC CP",0,0,12,4,4,1,3,2,"steep",1,1,NA,NA,2,NA,1,0,0,1,27.5,NA,NA,158.367685667461,11,11,5,NA,NA,0.712523921671231,2.71252392167123,NA,0.0126288389678155,NA,NA,0.0126288389678155,0.0171280139015667,0.181818181818182,NA,NA,0.181818181818182,0.246593083788294,0.00114807626980141,NA,NA,0.00114807626980141,0.0015570921728697
"ZWRP",2018,231,2018-07-08,NA,0,0,0,0,NA,NA,NA,1,NA,10,1,4,50.2654824574367,1,0,10,0,1,9,25.9,25.4888888888889,0.037754625,50.2654824574367,NA,NA,NA,NA,NA,NA,1,1,0.0198943678864869,0,0.0198943678864869,0.0198943678864869,0.0198943678864869,0.1,0,0.1,1,0.1,0.00198943678864869,0,0.00198943678864869,0.0198943678864869,0.00198943678864869
"ZWRP",2023,505,2023-07-10,"HL, VM",0,0,0,0,0,0,2,0,NA,1,1,NA,NA,0,NA,1,0,0,1,26.1,NA,NA,50.2654824574367,10,10,5,NA,NA,0.647749019701119,0.647749019701119,NA,0,NA,NA,0,0.0128865572960453,0,NA,NA,0,0.0588862745182836,0,NA,NA,0,0.00117150520873139
"ZXAOC",2018,464,2018-07-26,NA,0,0,2,1,NA,NA,NA,0,NA,11,1,8.7,237.787147950211,0,1,11,0,0,11,29.4,15.5181818181818,0.00468359096313912,237.787147950211,NA,NA,NA,NA,NA,NA,0,1,0,0.00420544175166853,0.00420544175166853,0,0,0,0.0909090909090909,0.0909090909090909,0,0,0,0.000382312886515321,0.000382312886515321,0,0
"ZXAOC",2020,464,2020-07-30,"Gavin + Courtenay",0,0,2,0,0,0,7,0,"has lots of leafhoppers",11,1,8.8,243.284935093994,0,4,11,0,0,11,29.8,15.1583333333333,0.00486605113636364,243.284935093994,11,11,2,1,0,0.290747794353651,0,4,0,0.0164416263524685,0.0164416263524685,0,0,0,0.363636363636364,0.363636363636364,0,0,0,0.00149469330476987,0.00149469330476987,0,0
"ZXAOC",2023,464,2023-07-24,"HL, BW",0,0,1,1,0,0,3,0,"very few seedlings (if any)",1,1,NA,NA,0,NA,1,0,0,1,30.8,NA,NA,237.787147950211,11,11,3,NA,NA,0.433227018227027,0.433227018227027,NA,0,NA,NA,0,0.0018219109904028,0,NA,NA,0,0.0393842743842752,0,NA,NA,0,0.0001656282718548
"ZXLQ",2018,58,2018-06-26,NA,NA,NA,0,0,NA,NA,NA,0,NA,11,1,5.9,109.358840271461,0,0,11,0,0,11,21.4,26.0727272727273,0.0218058603849469,109.358840271461,NA,NA,NA,NA,NA,NA,0,0,0,0,0,0,0,0,0,0,0,0,0,0,0,0,0
"ZXNOG",2018,360,2018-07-19,NA,NA,NA,0,0,NA,NA,NA,1,NA,9,1,4.3,58.0880481648753,1,0,9,0,1,8,26.1,15.8625,0.0116157382368848,58.0880481648753,NA,NA,NA,NA,NA,NA,1,1,0.0172152453317356,0,0.0172152453317356,0.0172152453317356,0.0172152453317356,0.111111111111111,0,0.111111111111111,1,0.111111111111111,0.00191280503685951,0,0.00191280503685951,0.0172152453317356,0.00191280503685951
"ZXNOG",2020,360,2020-08-03,"Aidan and Gavin",0,0,0,0,0,0,4,1,NA,11,1,4.1,52.8101725068444,1,3,11,0,1,10,26.2,15.46,0.0151396787626413,52.8101725068444,9,9,2,1,0,0.237884559016624,1,4,0.0189357457575128,0.0568072372725385,0.0757429830300513,0.0189357457575128,0.0189357457575128,0.0909090909090909,0.272727272727273,0.363636363636364,1,0.0909090909090909,0.00172143143250117,0.0051642942975035,0.00688572573000467,0.0189357457575128,0.00172143143250117
"ZXNOG",2023,360,2023-08-18,"BB, EH,KP",0,0,0,0,0,0,0,1,NA,11,1,4.3,58.0880481648753,2,1,10,0,2,8,27.1,15.5375,0.0116691725256896,58.0880481648753,11,11,3,1,0,0.433227018227027,2,3,0.0344304906634711,0.0172152453317356,0.0516457359952067,0.0172152453317356,0.0344304906634711,0.181818181818182,0.0909090909090909,0.272727272727273,1,0.181818181818182,0.0031300446057701,0.00156502230288505,0.00469506690865516,0.0172152453317356,0.0031300446057701
"ZXSH",2018,93,2018-06-28,NA,NA,NA,0,0,NA,NA,NA,2,NA,11,1,4.9,75.4296396126909,2,0,11,0,2,9,32.4,20.0888888888889,0.0178349021241149,75.4296396126909,NA,NA,NA,NA,NA,NA,2,2,0.0265147760253053,0,0.0265147760253053,0.0265147760253053,0.0265147760253053,0.181818181818182,0,0.181818181818182,2,0.181818181818182,0.00241043418411867,0,0.00241043418411867,0.0265147760253053,0.00241043418411867
"ZXSH",2023,93,2023-07-14,"MB HL",1,0,0,0,0,0,2,2,"none",1,1,NA,NA,2,NA,1,0,0,1,34.1,NA,NA,75.4296396126909,11,11,5,NA,NA,0.712523921671231,2.71252392167123,NA,0.0265147760253053,NA,NA,0.0265147760253053,0.0359609821231978,0.181818181818182,NA,NA,0.181818181818182,0.246593083788294,0.00241043418411867,NA,NA,0.00241043418411867,0.00326918019301798
